[2026-04-23 14:50:57] INFO: AuthService: Attempting login to http://localhost:3000/api/auth/login for user sysadmin
[2026-04-23 14:51:01] ERROR: AuthService: Network error during login: No connection could be made because the target machine actively refused it. (localhost:3000)
Exception Type: HttpRequestException
Exception Message: No connection could be made because the target machine actively refused it. (localhost:3000)
Stack Trace:    at System.Net.Http.HttpConnectionPool.ConnectToTcpHostAsync(String host, Int32 port, HttpRequestMessage initialRequest, Boolean async, CancellationToken cancellationToken)
   at System.Net.Http.HttpConnectionPool.ConnectAsync(HttpRequestMessage request, Boolean async, CancellationToken cancellationToken)
   at System.Net.Http.HttpConnectionPool.CreateHttp11ConnectionAsync(HttpRequestMessage request, Boolean async, CancellationToken cancellationToken)
   at System.Net.Http.HttpConnectionPool.AddHttp11ConnectionAsync(QueueItem queueItem)
   at System.Threading.Tasks.TaskCompletionSourceWithCancellation`1.WaitWithCancellationAsync(CancellationToken cancellationToken)
   at System.Net.Http.HttpConnectionPool.SendWithVersionDetectionAndRetryAsync(HttpRequestMessage request, Boolean async, Boolean doRequestAuth, CancellationToken cancellationToken)
   at System.Net.Http.RedirectHandler.SendAsync(HttpRequestMessage request, Boolean async, CancellationToken cancellationToken)
   at System.Net.Http.HttpClient.<SendAsync>g__Core|83_0(HttpRequestMessage request, HttpCompletionOption completionOption, CancellationTokenSource cts, Boolean disposeCts, CancellationTokenSource pendingRequestsCts, CancellationToken originalCancellationToken)
   at Wms.Desktop.Services.AuthService.LoginAsync(WmsSettings settings, String userCode, String password) in D:\Development Project\Printechs WMS\Wms.Desktop\Services\AuthService.cs:line 65
Inner Exception: No connection could be made because the target machine actively refused it.
--------------------------------------------------------------------------------
[2026-04-23 14:51:19] INFO: AuthService: Attempting login to http://localhost:3000/api/auth/login for user sysadmin
[2026-04-23 14:51:21] INFO: AuthService: Login response status: OK
[2026-04-23 14:51:21] INFO: AuthService: Login successful for user sysadmin
[2026-04-23 14:51:27] INFO: ASN ASN-0001 Carton CNWH12858: Assigned=Assigned, Actual=Assigned, ReceivedQty=0
[2026-04-23 14:51:27] INFO: ASN ASN-0001 Carton CNWH12854: Assigned=Assigned, Actual=Assigned, ReceivedQty=0
[2026-04-23 14:51:27] INFO: ASN ASN-0001 Carton CNWH15390: Assigned=Assigned, Actual=Assigned, ReceivedQty=0
[2026-04-23 14:51:27] INFO: ASN ASN-0001 Carton CNWH42441: Assigned=Assigned, Actual=Assigned, ReceivedQty=0
[2026-04-23 14:51:27] INFO: ASN ASN-0001 Carton CNWH64571: Assigned=Assigned, Actual=Assigned, ReceivedQty=0
[2026-04-23 14:51:27] INFO: ASN ASN-0001 Carton CNWH64521: Assigned=Assigned, Actual=Assigned, ReceivedQty=0
[2026-04-23 14:51:27] INFO: ASN ASN-0001 Carton CNWH63561: Assigned=Assigned, Actual=Assigned, ReceivedQty=0
[2026-04-23 14:51:27] INFO: ASN ASN-0001 Carton CNWH63609: Assigned=Assigned, Actual=Assigned, ReceivedQty=0
[2026-04-23 14:51:27] INFO: ASN WMS-ASN-EXT-00004 Carton CNWH63179: Assigned=Received, Actual=Received, ReceivedQty=10
[2026-04-23 14:51:27] INFO: ASN WMS-ASN-EXT-00004 Carton CNWH63180: Assigned=Received, Actual=Received, ReceivedQty=10
[2026-04-23 14:51:27] INFO: ASN WMS-ASN-EXT-00004 Carton CNWH63196: Assigned=Received, Actual=Received, ReceivedQty=10
[2026-04-23 14:51:27] INFO: ASN WMS-ASN-EXT-00004 Carton CNWH63197: Assigned=Received, Actual=Received, ReceivedQty=10
[2026-04-23 14:51:27] INFO: ASN WMS-ASN-EXT-00004 Carton CNWH63198: Assigned=Received, Actual=Received, ReceivedQty=10
[2026-04-23 14:51:27] INFO: ASN WMS-ASN-EXT-00004 Carton CNWH63199: Assigned=Received, Actual=Received, ReceivedQty=10
[2026-04-23 14:51:27] INFO: ASN WMS-ASN-EXT-00004 Carton CNWH63200: Assigned=Received, Actual=Received, ReceivedQty=10
[2026-04-23 14:51:27] INFO: ASN WMS-ASN-EXT-00004 Carton CNWH63266: Assigned=Received, Actual=Received, ReceivedQty=10
[2026-04-23 14:51:27] INFO: ASN WMS-ASN-EXT-00004 Carton CNWH63268: Assigned=Received, Actual=Received, ReceivedQty=10
[2026-04-23 14:51:27] INFO: ASN WMS-ASN-EXT-00004 Carton CNWH63269: Assigned=Received, Actual=Received, ReceivedQty=10
[2026-04-23 14:51:27] INFO: ASN WMS-ASN-EXT-00004 Carton CNWH63270: Assigned=Received, Actual=Received, ReceivedQty=10
[2026-04-23 14:51:27] INFO: ASN WMS-ASN-EXT-00004 Carton CNWH63271: Assigned=Received, Actual=Received, ReceivedQty=10
[2026-04-23 14:51:27] INFO: ASN WMS-ASN-EXT-00004 Carton CNWH63272: Assigned=Received, Actual=Received, ReceivedQty=10
[2026-04-23 14:51:27] INFO: ASN WMS-ASN-EXT-00004 Carton CNWH63275: Assigned=Received, Actual=Received, ReceivedQty=10
[2026-04-23 14:51:27] INFO: ASN WMS-ASN-EXT-00004 Carton CNWH63277: Assigned=Received, Actual=Received, ReceivedQty=10
[2026-04-23 14:51:27] INFO: ASN WMS-ASN-EXT-00004 Carton CNWH63280: Assigned=Received, Actual=Received, ReceivedQty=10
[2026-04-23 14:51:27] INFO: ASN WMS-ASN-EXT-00004 Carton CNWH63282: Assigned=Received, Actual=Received, ReceivedQty=10
[2026-04-23 14:51:27] INFO: ASN WMS-ASN-EXT-00004 Carton CNWH63283: Assigned=Received, Actual=Received, ReceivedQty=10
[2026-04-23 14:51:27] INFO: ASN WMS-ASN-EXT-00004 Carton CNWH63284: Assigned=Received, Actual=Received, ReceivedQty=10
[2026-04-23 14:51:27] INFO: ASN WMS-ASN-EXT-00004 Carton CNWH63285: Assigned=Received, Actual=Received, ReceivedQty=10
[2026-04-23 14:51:27] INFO: ASN WMS-ASN-EXT-00004 Carton CNWH63286: Assigned=Received, Actual=Received, ReceivedQty=10
[2026-04-23 14:51:27] INFO: ASN WMS-ASN-EXT-00004 Carton CNWH63287: Assigned=Received, Actual=Received, ReceivedQty=10
[2026-04-23 14:51:27] INFO: ASN WMS-ASN-EXT-00004 Carton CNWH63288: Assigned=Received, Actual=Received, ReceivedQty=10
[2026-04-23 14:51:27] INFO: ASN WMS-ASN-EXT-00004 Carton CNWH63289: Assigned=Received, Actual=Received, ReceivedQty=10
[2026-04-23 14:51:27] INFO: ASN WMS-ASN-EXT-00004 Carton CNWH63441: Assigned=Received, Actual=Received, ReceivedQty=10
[2026-04-23 14:51:27] INFO: ASN WMS-ASN-EXT-00004 Carton CNWH63442: Assigned=Received, Actual=Received, ReceivedQty=10
[2026-04-23 14:51:27] INFO: ASN WMS-ASN-EXT-00004 Carton CNWH63444: Assigned=Received, Actual=Received, ReceivedQty=10
[2026-04-23 14:51:27] INFO: ASN WMS-ASN-EXT-00004 Carton CNWH63446: Assigned=Received, Actual=Received, ReceivedQty=10
[2026-04-23 14:51:27] INFO: ASN WMS-ASN-EXT-00004 Carton CNWH63448: Assigned=Received, Actual=Received, ReceivedQty=10
[2026-04-23 14:51:27] INFO: ASN WMS-ASN-EXT-00004 Carton CNWH65363: Assigned=Received, Actual=Received, ReceivedQty=10
[2026-04-23 14:51:27] INFO: ASN WMS-ASN-EXT-00004 Carton CNWH63179: Assigned=Received, Actual=Received, ReceivedQty=10
[2026-04-23 14:51:27] INFO: ASN WMS-ASN-EXT-00004 Carton CNWH63180: Assigned=Received, Actual=Received, ReceivedQty=10
[2026-04-23 14:51:27] INFO: ASN WMS-ASN-EXT-00004 Carton CNWH63196: Assigned=Received, Actual=Received, ReceivedQty=10
[2026-04-23 14:51:27] INFO: ASN WMS-ASN-EXT-00004 Carton CNWH63197: Assigned=Received, Actual=Received, ReceivedQty=10
[2026-04-23 14:51:27] INFO: ASN WMS-ASN-EXT-00004 Carton CNWH63198: Assigned=Received, Actual=Received, ReceivedQty=10
[2026-04-23 14:51:27] INFO: ASN WMS-ASN-EXT-00004 Carton CNWH63199: Assigned=Received, Actual=Received, ReceivedQty=10
[2026-04-23 14:51:27] INFO: ASN WMS-ASN-EXT-00004 Carton CNWH63200: Assigned=Received, Actual=Received, ReceivedQty=10
[2026-04-23 14:51:27] INFO: ASN WMS-ASN-EXT-00004 Carton CNWH63266: Assigned=Received, Actual=Received, ReceivedQty=10
[2026-04-23 14:51:27] INFO: ASN WMS-ASN-EXT-00004 Carton CNWH63268: Assigned=Received, Actual=Received, ReceivedQty=10
[2026-04-23 14:51:27] INFO: ASN WMS-ASN-EXT-00004 Carton CNWH63269: Assigned=Received, Actual=Received, ReceivedQty=10
[2026-04-23 14:51:27] INFO: ASN WMS-ASN-EXT-00004 Carton CNWH63270: Assigned=Received, Actual=Received, ReceivedQty=10
[2026-04-23 14:51:27] INFO: ASN WMS-ASN-EXT-00004 Carton CNWH63271: Assigned=Received, Actual=Received, ReceivedQty=10
[2026-04-23 14:51:27] INFO: ASN WMS-ASN-EXT-00004 Carton CNWH63272: Assigned=Received, Actual=Received, ReceivedQty=10
[2026-04-23 14:51:27] INFO: ASN WMS-ASN-EXT-00004 Carton CNWH63275: Assigned=Received, Actual=Received, ReceivedQty=10
[2026-04-23 14:51:27] INFO: ASN WMS-ASN-EXT-00004 Carton CNWH63277: Assigned=Received, Actual=Received, ReceivedQty=10
[2026-04-23 14:51:27] INFO: ASN WMS-ASN-EXT-00004 Carton CNWH63280: Assigned=Received, Actual=Received, ReceivedQty=10
[2026-04-23 14:51:27] INFO: ASN WMS-ASN-EXT-00004 Carton CNWH63282: Assigned=Received, Actual=Received, ReceivedQty=10
[2026-04-23 14:51:27] INFO: ASN WMS-ASN-EXT-00004 Carton CNWH63283: Assigned=Received, Actual=Received, ReceivedQty=10
[2026-04-23 14:51:27] INFO: ASN WMS-ASN-EXT-00004 Carton CNWH63284: Assigned=Received, Actual=Received, ReceivedQty=10
[2026-04-23 14:51:27] INFO: ASN WMS-ASN-EXT-00004 Carton CNWH63285: Assigned=Received, Actual=Received, ReceivedQty=10
[2026-04-23 14:51:27] INFO: ASN WMS-ASN-EXT-00004 Carton CNWH63286: Assigned=Received, Actual=Received, ReceivedQty=10
[2026-04-23 14:51:27] INFO: ASN WMS-ASN-EXT-00004 Carton CNWH63287: Assigned=Received, Actual=Received, ReceivedQty=10
[2026-04-23 14:51:27] INFO: ASN WMS-ASN-EXT-00004 Carton CNWH63288: Assigned=Received, Actual=Received, ReceivedQty=10
[2026-04-23 14:51:27] INFO: ASN WMS-ASN-EXT-00004 Carton CNWH63289: Assigned=Received, Actual=Received, ReceivedQty=10
[2026-04-23 14:51:27] INFO: ASN WMS-ASN-EXT-00004 Carton CNWH63441: Assigned=Received, Actual=Received, ReceivedQty=10
[2026-04-23 14:51:27] INFO: ASN WMS-ASN-EXT-00004 Carton CNWH63442: Assigned=Received, Actual=Received, ReceivedQty=10
[2026-04-23 14:51:27] INFO: ASN WMS-ASN-EXT-00004 Carton CNWH65363: Assigned=Received, Actual=Received, ReceivedQty=10
[2026-04-23 14:51:27] INFO: ASN WMS-ASN-EXT-00004 Carton CNWH63502: Assigned=Received, Actual=Received, ReceivedQty=10
[2026-04-23 14:51:27] INFO: ASN WMS-ASN-EXT-00004 Carton CNWH63502: Assigned=Received, Actual=Received, ReceivedQty=10
[2026-04-23 14:51:27] INFO: ASN WMS-ASN-EXT-00004 Carton CNWH64607: Assigned=Received, Actual=Received, ReceivedQty=10
[2026-04-23 14:51:29] INFO: ASN ASN-0001 Carton CNWH12858: Assigned=Assigned, Actual=Assigned, ReceivedQty=0
[2026-04-23 14:51:29] INFO: ASN ASN-0001 Carton CNWH12854: Assigned=Assigned, Actual=Assigned, ReceivedQty=0
[2026-04-23 14:51:29] INFO: ASN ASN-0001 Carton CNWH15390: Assigned=Assigned, Actual=Assigned, ReceivedQty=0
[2026-04-23 14:51:29] INFO: ASN ASN-0001 Carton CNWH42441: Assigned=Assigned, Actual=Assigned, ReceivedQty=0
[2026-04-23 14:51:29] INFO: ASN ASN-0001 Carton CNWH64571: Assigned=Assigned, Actual=Assigned, ReceivedQty=0
[2026-04-23 14:51:29] INFO: ASN ASN-0001 Carton CNWH64521: Assigned=Assigned, Actual=Assigned, ReceivedQty=0
[2026-04-23 14:51:29] INFO: ASN ASN-0001 Carton CNWH63561: Assigned=Assigned, Actual=Assigned, ReceivedQty=0
[2026-04-23 14:51:29] INFO: ASN ASN-0001 Carton CNWH63609: Assigned=Assigned, Actual=Assigned, ReceivedQty=0
[2026-04-23 14:51:29] INFO: ASN WMS-ASN-EXT-00004 Carton CNWH63179: Assigned=Received, Actual=Received, ReceivedQty=10
[2026-04-23 14:51:29] INFO: ASN WMS-ASN-EXT-00004 Carton CNWH63180: Assigned=Received, Actual=Received, ReceivedQty=10
[2026-04-23 14:51:29] INFO: ASN WMS-ASN-EXT-00004 Carton CNWH63196: Assigned=Received, Actual=Received, ReceivedQty=10
[2026-04-23 14:51:29] INFO: ASN WMS-ASN-EXT-00004 Carton CNWH63197: Assigned=Received, Actual=Received, ReceivedQty=10
[2026-04-23 14:51:29] INFO: ASN WMS-ASN-EXT-00004 Carton CNWH63198: Assigned=Received, Actual=Received, ReceivedQty=10
[2026-04-23 14:51:29] INFO: ASN WMS-ASN-EXT-00004 Carton CNWH63199: Assigned=Received, Actual=Received, ReceivedQty=10
[2026-04-23 14:51:29] INFO: ASN WMS-ASN-EXT-00004 Carton CNWH63200: Assigned=Received, Actual=Received, ReceivedQty=10
[2026-04-23 14:51:29] INFO: ASN WMS-ASN-EXT-00004 Carton CNWH63266: Assigned=Received, Actual=Received, ReceivedQty=10
[2026-04-23 14:51:29] INFO: ASN WMS-ASN-EXT-00004 Carton CNWH63268: Assigned=Received, Actual=Received, ReceivedQty=10
[2026-04-23 14:51:29] INFO: ASN WMS-ASN-EXT-00004 Carton CNWH63269: Assigned=Received, Actual=Received, ReceivedQty=10
[2026-04-23 14:51:29] INFO: ASN WMS-ASN-EXT-00004 Carton CNWH63270: Assigned=Received, Actual=Received, ReceivedQty=10
[2026-04-23 14:51:29] INFO: ASN WMS-ASN-EXT-00004 Carton CNWH63271: Assigned=Received, Actual=Received, ReceivedQty=10
[2026-04-23 14:51:29] INFO: ASN WMS-ASN-EXT-00004 Carton CNWH63272: Assigned=Received, Actual=Received, ReceivedQty=10
[2026-04-23 14:51:29] INFO: ASN WMS-ASN-EXT-00004 Carton CNWH63275: Assigned=Received, Actual=Received, ReceivedQty=10
[2026-04-23 14:51:29] INFO: ASN WMS-ASN-EXT-00004 Carton CNWH63277: Assigned=Received, Actual=Received, ReceivedQty=10
[2026-04-23 14:51:29] INFO: ASN WMS-ASN-EXT-00004 Carton CNWH63280: Assigned=Received, Actual=Received, ReceivedQty=10
[2026-04-23 14:51:29] INFO: ASN WMS-ASN-EXT-00004 Carton CNWH63282: Assigned=Received, Actual=Received, ReceivedQty=10
[2026-04-23 14:51:29] INFO: ASN WMS-ASN-EXT-00004 Carton CNWH63283: Assigned=Received, Actual=Received, ReceivedQty=10
[2026-04-23 14:51:29] INFO: ASN WMS-ASN-EXT-00004 Carton CNWH63284: Assigned=Received, Actual=Received, ReceivedQty=10
[2026-04-23 14:51:29] INFO: ASN WMS-ASN-EXT-00004 Carton CNWH63285: Assigned=Received, Actual=Received, ReceivedQty=10
[2026-04-23 14:51:29] INFO: ASN WMS-ASN-EXT-00004 Carton CNWH63286: Assigned=Received, Actual=Received, ReceivedQty=10
[2026-04-23 14:51:29] INFO: ASN WMS-ASN-EXT-00004 Carton CNWH63287: Assigned=Received, Actual=Received, ReceivedQty=10
[2026-04-23 14:51:29] INFO: ASN WMS-ASN-EXT-00004 Carton CNWH63288: Assigned=Received, Actual=Received, ReceivedQty=10
[2026-04-23 14:51:29] INFO: ASN WMS-ASN-EXT-00004 Carton CNWH63289: Assigned=Received, Actual=Received, ReceivedQty=10
[2026-04-23 14:51:29] INFO: ASN WMS-ASN-EXT-00004 Carton CNWH63441: Assigned=Received, Actual=Received, ReceivedQty=10
[2026-04-23 14:51:29] INFO: ASN WMS-ASN-EXT-00004 Carton CNWH63442: Assigned=Received, Actual=Received, ReceivedQty=10
[2026-04-23 14:51:29] INFO: ASN WMS-ASN-EXT-00004 Carton CNWH63444: Assigned=Received, Actual=Received, ReceivedQty=10
[2026-04-23 14:51:29] INFO: ASN WMS-ASN-EXT-00004 Carton CNWH63446: Assigned=Received, Actual=Received, ReceivedQty=10
[2026-04-23 14:51:29] INFO: ASN WMS-ASN-EXT-00004 Carton CNWH63448: Assigned=Received, Actual=Received, ReceivedQty=10
[2026-04-23 14:51:29] INFO: ASN WMS-ASN-EXT-00004 Carton CNWH65363: Assigned=Received, Actual=Received, ReceivedQty=10
[2026-04-23 14:51:29] INFO: ASN WMS-ASN-EXT-00004 Carton CNWH63179: Assigned=Received, Actual=Received, ReceivedQty=10
[2026-04-23 14:51:29] INFO: ASN WMS-ASN-EXT-00004 Carton CNWH63180: Assigned=Received, Actual=Received, ReceivedQty=10
[2026-04-23 14:51:29] INFO: ASN WMS-ASN-EXT-00004 Carton CNWH63196: Assigned=Received, Actual=Received, ReceivedQty=10
[2026-04-23 14:51:29] INFO: ASN WMS-ASN-EXT-00004 Carton CNWH63197: Assigned=Received, Actual=Received, ReceivedQty=10
[2026-04-23 14:51:29] INFO: ASN WMS-ASN-EXT-00004 Carton CNWH63198: Assigned=Received, Actual=Received, ReceivedQty=10
[2026-04-23 14:51:29] INFO: ASN WMS-ASN-EXT-00004 Carton CNWH63199: Assigned=Received, Actual=Received, ReceivedQty=10
[2026-04-23 14:51:29] INFO: ASN WMS-ASN-EXT-00004 Carton CNWH63200: Assigned=Received, Actual=Received, ReceivedQty=10
[2026-04-23 14:51:29] INFO: ASN WMS-ASN-EXT-00004 Carton CNWH63266: Assigned=Received, Actual=Received, ReceivedQty=10
[2026-04-23 14:51:29] INFO: ASN WMS-ASN-EXT-00004 Carton CNWH63268: Assigned=Received, Actual=Received, ReceivedQty=10
[2026-04-23 14:51:29] INFO: ASN WMS-ASN-EXT-00004 Carton CNWH63269: Assigned=Received, Actual=Received, ReceivedQty=10
[2026-04-23 14:51:29] INFO: ASN WMS-ASN-EXT-00004 Carton CNWH63270: Assigned=Received, Actual=Received, ReceivedQty=10
[2026-04-23 14:51:29] INFO: ASN WMS-ASN-EXT-00004 Carton CNWH63271: Assigned=Received, Actual=Received, ReceivedQty=10
[2026-04-23 14:51:29] INFO: ASN WMS-ASN-EXT-00004 Carton CNWH63272: Assigned=Received, Actual=Received, ReceivedQty=10
[2026-04-23 14:51:29] INFO: ASN WMS-ASN-EXT-00004 Carton CNWH63275: Assigned=Received, Actual=Received, ReceivedQty=10
[2026-04-23 14:51:29] INFO: ASN WMS-ASN-EXT-00004 Carton CNWH63277: Assigned=Received, Actual=Received, ReceivedQty=10
[2026-04-23 14:51:29] INFO: ASN WMS-ASN-EXT-00004 Carton CNWH63280: Assigned=Received, Actual=Received, ReceivedQty=10
[2026-04-23 14:51:29] INFO: ASN WMS-ASN-EXT-00004 Carton CNWH63282: Assigned=Received, Actual=Received, ReceivedQty=10
[2026-04-23 14:51:29] INFO: ASN WMS-ASN-EXT-00004 Carton CNWH63283: Assigned=Received, Actual=Received, ReceivedQty=10
[2026-04-23 14:51:29] INFO: ASN WMS-ASN-EXT-00004 Carton CNWH63284: Assigned=Received, Actual=Received, ReceivedQty=10
[2026-04-23 14:51:29] INFO: ASN WMS-ASN-EXT-00004 Carton CNWH63285: Assigned=Received, Actual=Received, ReceivedQty=10
[2026-04-23 14:51:29] INFO: ASN WMS-ASN-EXT-00004 Carton CNWH63286: Assigned=Received, Actual=Received, ReceivedQty=10
[2026-04-23 14:51:29] INFO: ASN WMS-ASN-EXT-00004 Carton CNWH63287: Assigned=Received, Actual=Received, ReceivedQty=10
[2026-04-23 14:51:29] INFO: ASN WMS-ASN-EXT-00004 Carton CNWH63288: Assigned=Received, Actual=Received, ReceivedQty=10
[2026-04-23 14:51:29] INFO: ASN WMS-ASN-EXT-00004 Carton CNWH63289: Assigned=Received, Actual=Received, ReceivedQty=10
[2026-04-23 14:51:29] INFO: ASN WMS-ASN-EXT-00004 Carton CNWH63441: Assigned=Received, Actual=Received, ReceivedQty=10
[2026-04-23 14:51:29] INFO: ASN WMS-ASN-EXT-00004 Carton CNWH63442: Assigned=Received, Actual=Received, ReceivedQty=10
[2026-04-23 14:51:29] INFO: ASN WMS-ASN-EXT-00004 Carton CNWH65363: Assigned=Received, Actual=Received, ReceivedQty=10
[2026-04-23 14:51:29] INFO: ASN WMS-ASN-EXT-00004 Carton CNWH63502: Assigned=Received, Actual=Received, ReceivedQty=10
[2026-04-23 14:51:29] INFO: ASN WMS-ASN-EXT-00004 Carton CNWH63502: Assigned=Received, Actual=Received, ReceivedQty=10
[2026-04-23 14:51:29] INFO: ASN WMS-ASN-EXT-00004 Carton CNWH64607: Assigned=Received, Actual=Received, ReceivedQty=10
[2026-04-23 14:51:29] INFO: ASN ASN-0001 Carton CNWH12858: Assigned=Assigned, Actual=Assigned, ReceivedQty=0
[2026-04-23 14:51:29] INFO: ASN ASN-0001 Carton CNWH12854: Assigned=Assigned, Actual=Assigned, ReceivedQty=0
[2026-04-23 14:51:29] INFO: ASN ASN-0001 Carton CNWH15390: Assigned=Assigned, Actual=Assigned, ReceivedQty=0
[2026-04-23 14:51:29] INFO: ASN ASN-0001 Carton CNWH42441: Assigned=Assigned, Actual=Assigned, ReceivedQty=0
[2026-04-23 14:51:29] INFO: ASN ASN-0001 Carton CNWH64571: Assigned=Assigned, Actual=Assigned, ReceivedQty=0
[2026-04-23 14:51:29] INFO: ASN ASN-0001 Carton CNWH64521: Assigned=Assigned, Actual=Assigned, ReceivedQty=0
[2026-04-23 14:51:29] INFO: ASN ASN-0001 Carton CNWH63561: Assigned=Assigned, Actual=Assigned, ReceivedQty=0
[2026-04-23 14:51:29] INFO: ASN ASN-0001 Carton CNWH63609: Assigned=Assigned, Actual=Assigned, ReceivedQty=0
[2026-04-23 14:51:29] INFO: ASN WMS-ASN-EXT-00004 Carton CNWH63179: Assigned=Received, Actual=Received, ReceivedQty=10
[2026-04-23 14:51:29] INFO: ASN WMS-ASN-EXT-00004 Carton CNWH63180: Assigned=Received, Actual=Received, ReceivedQty=10
[2026-04-23 14:51:29] INFO: ASN WMS-ASN-EXT-00004 Carton CNWH63196: Assigned=Received, Actual=Received, ReceivedQty=10
[2026-04-23 14:51:29] INFO: ASN WMS-ASN-EXT-00004 Carton CNWH63197: Assigned=Received, Actual=Received, ReceivedQty=10
[2026-04-23 14:51:29] INFO: ASN WMS-ASN-EXT-00004 Carton CNWH63198: Assigned=Received, Actual=Received, ReceivedQty=10
[2026-04-23 14:51:29] INFO: ASN WMS-ASN-EXT-00004 Carton CNWH63199: Assigned=Received, Actual=Received, ReceivedQty=10
[2026-04-23 14:51:29] INFO: ASN WMS-ASN-EXT-00004 Carton CNWH63200: Assigned=Received, Actual=Received, ReceivedQty=10
[2026-04-23 14:51:29] INFO: ASN WMS-ASN-EXT-00004 Carton CNWH63266: Assigned=Received, Actual=Received, ReceivedQty=10
[2026-04-23 14:51:29] INFO: ASN WMS-ASN-EXT-00004 Carton CNWH63268: Assigned=Received, Actual=Received, ReceivedQty=10
[2026-04-23 14:51:29] INFO: ASN WMS-ASN-EXT-00004 Carton CNWH63269: Assigned=Received, Actual=Received, ReceivedQty=10
[2026-04-23 14:51:29] INFO: ASN WMS-ASN-EXT-00004 Carton CNWH63270: Assigned=Received, Actual=Received, ReceivedQty=10
[2026-04-23 14:51:29] INFO: ASN WMS-ASN-EXT-00004 Carton CNWH63271: Assigned=Received, Actual=Received, ReceivedQty=10
[2026-04-23 14:51:29] INFO: ASN WMS-ASN-EXT-00004 Carton CNWH63272: Assigned=Received, Actual=Received, ReceivedQty=10
[2026-04-23 14:51:29] INFO: ASN WMS-ASN-EXT-00004 Carton CNWH63275: Assigned=Received, Actual=Received, ReceivedQty=10
[2026-04-23 14:51:29] INFO: ASN WMS-ASN-EXT-00004 Carton CNWH63277: Assigned=Received, Actual=Received, ReceivedQty=10
[2026-04-23 14:51:29] INFO: ASN WMS-ASN-EXT-00004 Carton CNWH63280: Assigned=Received, Actual=Received, ReceivedQty=10
[2026-04-23 14:51:29] INFO: ASN WMS-ASN-EXT-00004 Carton CNWH63282: Assigned=Received, Actual=Received, ReceivedQty=10
[2026-04-23 14:51:29] INFO: ASN WMS-ASN-EXT-00004 Carton CNWH63283: Assigned=Received, Actual=Received, ReceivedQty=10
[2026-04-23 14:51:29] INFO: ASN WMS-ASN-EXT-00004 Carton CNWH63284: Assigned=Received, Actual=Received, ReceivedQty=10
[2026-04-23 14:51:29] INFO: ASN WMS-ASN-EXT-00004 Carton CNWH63285: Assigned=Received, Actual=Received, ReceivedQty=10
[2026-04-23 14:51:29] INFO: ASN WMS-ASN-EXT-00004 Carton CNWH63286: Assigned=Received, Actual=Received, ReceivedQty=10
[2026-04-23 14:51:29] INFO: ASN WMS-ASN-EXT-00004 Carton CNWH63287: Assigned=Received, Actual=Received, ReceivedQty=10
[2026-04-23 14:51:29] INFO: ASN WMS-ASN-EXT-00004 Carton CNWH63288: Assigned=Received, Actual=Received, ReceivedQty=10
[2026-04-23 14:51:29] INFO: ASN WMS-ASN-EXT-00004 Carton CNWH63289: Assigned=Received, Actual=Received, ReceivedQty=10
[2026-04-23 14:51:29] INFO: ASN WMS-ASN-EXT-00004 Carton CNWH63441: Assigned=Received, Actual=Received, ReceivedQty=10
[2026-04-23 14:51:29] INFO: ASN WMS-ASN-EXT-00004 Carton CNWH63442: Assigned=Received, Actual=Received, ReceivedQty=10
[2026-04-23 14:51:29] INFO: ASN WMS-ASN-EXT-00004 Carton CNWH63444: Assigned=Received, Actual=Received, ReceivedQty=10
[2026-04-23 14:51:29] INFO: ASN WMS-ASN-EXT-00004 Carton CNWH63446: Assigned=Received, Actual=Received, ReceivedQty=10
[2026-04-23 14:51:29] INFO: ASN WMS-ASN-EXT-00004 Carton CNWH63448: Assigned=Received, Actual=Received, ReceivedQty=10
[2026-04-23 14:51:29] INFO: ASN WMS-ASN-EXT-00004 Carton CNWH65363: Assigned=Received, Actual=Received, ReceivedQty=10
[2026-04-23 14:51:29] INFO: ASN WMS-ASN-EXT-00004 Carton CNWH63179: Assigned=Received, Actual=Received, ReceivedQty=10
[2026-04-23 14:51:29] INFO: ASN WMS-ASN-EXT-00004 Carton CNWH63180: Assigned=Received, Actual=Received, ReceivedQty=10
[2026-04-23 14:51:29] INFO: ASN WMS-ASN-EXT-00004 Carton CNWH63196: Assigned=Received, Actual=Received, ReceivedQty=10
[2026-04-23 14:51:29] INFO: ASN WMS-ASN-EXT-00004 Carton CNWH63197: Assigned=Received, Actual=Received, ReceivedQty=10
[2026-04-23 14:51:29] INFO: ASN WMS-ASN-EXT-00004 Carton CNWH63198: Assigned=Received, Actual=Received, ReceivedQty=10
[2026-04-23 14:51:29] INFO: ASN WMS-ASN-EXT-00004 Carton CNWH63199: Assigned=Received, Actual=Received, ReceivedQty=10
[2026-04-23 14:51:29] INFO: ASN WMS-ASN-EXT-00004 Carton CNWH63200: Assigned=Received, Actual=Received, ReceivedQty=10
[2026-04-23 14:51:29] INFO: ASN WMS-ASN-EXT-00004 Carton CNWH63266: Assigned=Received, Actual=Received, ReceivedQty=10
[2026-04-23 14:51:29] INFO: ASN WMS-ASN-EXT-00004 Carton CNWH63268: Assigned=Received, Actual=Received, ReceivedQty=10
[2026-04-23 14:51:29] INFO: ASN WMS-ASN-EXT-00004 Carton CNWH63269: Assigned=Received, Actual=Received, ReceivedQty=10
[2026-04-23 14:51:29] INFO: ASN WMS-ASN-EXT-00004 Carton CNWH63270: Assigned=Received, Actual=Received, ReceivedQty=10
[2026-04-23 14:51:29] INFO: ASN WMS-ASN-EXT-00004 Carton CNWH63271: Assigned=Received, Actual=Received, ReceivedQty=10
[2026-04-23 14:51:29] INFO: ASN WMS-ASN-EXT-00004 Carton CNWH63272: Assigned=Received, Actual=Received, ReceivedQty=10
[2026-04-23 14:51:29] INFO: ASN WMS-ASN-EXT-00004 Carton CNWH63275: Assigned=Received, Actual=Received, ReceivedQty=10
[2026-04-23 14:51:29] INFO: ASN WMS-ASN-EXT-00004 Carton CNWH63277: Assigned=Received, Actual=Received, ReceivedQty=10
[2026-04-23 14:51:29] INFO: ASN WMS-ASN-EXT-00004 Carton CNWH63280: Assigned=Received, Actual=Received, ReceivedQty=10
[2026-04-23 14:51:29] INFO: ASN WMS-ASN-EXT-00004 Carton CNWH63282: Assigned=Received, Actual=Received, ReceivedQty=10
[2026-04-23 14:51:29] INFO: ASN WMS-ASN-EXT-00004 Carton CNWH63283: Assigned=Received, Actual=Received, ReceivedQty=10
[2026-04-23 14:51:29] INFO: ASN WMS-ASN-EXT-00004 Carton CNWH63284: Assigned=Received, Actual=Received, ReceivedQty=10
[2026-04-23 14:51:29] INFO: ASN WMS-ASN-EXT-00004 Carton CNWH63285: Assigned=Received, Actual=Received, ReceivedQty=10
[2026-04-23 14:51:29] INFO: ASN WMS-ASN-EXT-00004 Carton CNWH63286: Assigned=Received, Actual=Received, ReceivedQty=10
[2026-04-23 14:51:29] INFO: ASN WMS-ASN-EXT-00004 Carton CNWH63287: Assigned=Received, Actual=Received, ReceivedQty=10
[2026-04-23 14:51:29] INFO: ASN WMS-ASN-EXT-00004 Carton CNWH63288: Assigned=Received, Actual=Received, ReceivedQty=10
[2026-04-23 14:51:29] INFO: ASN WMS-ASN-EXT-00004 Carton CNWH63289: Assigned=Received, Actual=Received, ReceivedQty=10
[2026-04-23 14:51:29] INFO: ASN WMS-ASN-EXT-00004 Carton CNWH63441: Assigned=Received, Actual=Received, ReceivedQty=10
[2026-04-23 14:51:29] INFO: ASN WMS-ASN-EXT-00004 Carton CNWH63442: Assigned=Received, Actual=Received, ReceivedQty=10
[2026-04-23 14:51:29] INFO: ASN WMS-ASN-EXT-00004 Carton CNWH65363: Assigned=Received, Actual=Received, ReceivedQty=10
[2026-04-23 14:51:29] INFO: ASN WMS-ASN-EXT-00004 Carton CNWH63502: Assigned=Received, Actual=Received, ReceivedQty=10
[2026-04-23 14:51:29] INFO: ASN WMS-ASN-EXT-00004 Carton CNWH63502: Assigned=Received, Actual=Received, ReceivedQty=10
[2026-04-23 14:51:29] INFO: ASN WMS-ASN-EXT-00004 Carton CNWH64607: Assigned=Received, Actual=Received, ReceivedQty=10
[2026-04-23 14:51:30] INFO: ErpNextWmsSyncApiService: Fetched 4 item code(s) from ERPNext for ASN WMS-ASN-EXT-00004 (use as filter for PR/received qty).
[2026-04-23 14:51:30] INFO: ErpNextWmsSyncApiService: Pushing ASN received qty for WMS-ASN-EXT-00004, 60 line(s) (one per WMS detail row). Summary: [324249:10(ctn:CNWH63179), 324249:10(ctn:CNWH63180), 324249:10(ctn:CNWH63196), 324249:10(ctn:CNWH63197), 324249:10(ctn:CNWH63198), 324249:10(ctn:CNWH63199), 324249:10(ctn:CNWH63200), 324249:10(ctn:CNWH63266), 324249:10(ctn:CNWH63268), 324249:10(ctn:CNWH63269), 324249:10(ctn:CNWH63270), 324249:10(ctn:CNWH63271), 324249:10(ctn:CNWH63272), 324249:10(ctn:CNWH63275), 324249:10(ctn:CNWH63277), 324249:10(ctn:CNWH63280), 324249:10(ctn:CNWH63282), 324249:10(ctn:CNWH63283), 324249:10(ctn:CNWH63284), 324249:10(ctn:CNWH63285), 324249:10(ctn:CNWH63286), 324249:10(ctn:CNWH63287), 324249:10(ctn:CNWH63288), 324249:10(ctn:CNWH63289), 324249:10(ctn:CNWH63441), 324249:10(ctn:CNWH63442), 324249:10(ctn:CNWH63444), 324249:10(ctn:CNWH63446), 324249:10(ctn:CNWH63448), 324249:10(ctn:CNWH65363), 324250:10(ctn:CNWH63179), 324250:10(ctn:CNWH63180), 324250:10(ctn:CNWH63196), 324250:10(ctn:CNWH63197), 324250:10(ctn:CNWH63198), 324250:10(ctn:CNWH63199), 324250:10(ctn:CNWH63200), 324250:10(ctn:CNWH63266), 324250:10(ctn:CNWH63268), 324250:10(ctn:CNWH63269), 324250:10(ctn:CNWH63270), 324250:10(ctn:CNWH63271), 324250:10(ctn:CNWH63272), 324250:10(ctn:CNWH63275), 324250:10(ctn:CNWH63277), 324250:10(ctn:CNWH63280), 324250:10(ctn:CNWH63282), 324250:10(ctn:CNWH63283), 324250:10(ctn:CNWH63284), 324250:10(ctn:CNWH63285), 324250:10(ctn:CNWH63286), 324250:10(ctn:CNWH63287), 324250:10(ctn:CNWH63288), 324250:10(ctn:CNWH63289), 324250:10(ctn:CNWH63441), 324250:10(ctn:CNWH63442), 324250:10(ctn:CNWH65363), 324251:10(ctn:CNWH63502), 324252:10(ctn:CNWH63502), 324252:10(ctn:CNWH64607)], to http://printechsdammam.dyndns.org:88/api/method/printechs_wms.api.asn_receiving.update_asn_received_qty
[2026-04-23 14:51:31] INFO: ErpNextWmsSyncApiService: ASN received qty updated successfully.
[2026-04-23 14:51:31] INFO: ErpNextWmsSyncApiService: Fetched 4 item code(s) from ERPNext for ASN WMS-ASN-EXT-00004 (use as filter for PR/received qty).
[2026-04-23 14:51:31] INFO: ErpNextWmsSyncApiService: Creating Purchase Receipt for ASN WMS-ASN-EXT-00004, warehouse Main Warehouse - MAATC, 60 line(s). Item codes: [324249:10, 324249:10, 324249:10, 324249:10, 324249:10, 324249:10, 324249:10, 324249:10, 324249:10, 324249:10, 324249:10, 324249:10, 324249:10, 324249:10, 324249:10, 324249:10, 324249:10, 324249:10, 324249:10, 324249:10, 324249:10, 324249:10, 324249:10, 324249:10, 324249:10, 324249:10, 324249:10, 324249:10, 324249:10, 324249:10, 324250:10, 324250:10, 324250:10, 324250:10, 324250:10, 324250:10, 324250:10, 324250:10, 324250:10, 324250:10, 324250:10, 324250:10, 324250:10, 324250:10, 324250:10, 324250:10, 324250:10, 324250:10, 324250:10, 324250:10, 324250:10, 324250:10, 324250:10, 324250:10, 324250:10, 324250:10, 324250:10, 324251:10, 324252:10, 324252:10]
[2026-04-23 14:51:31] INFO: ErpNextWmsSyncApiService: Create Purchase Receipt succeeded. Purchase Receipt: MAT-PRE-2026-00006
[2026-04-23 14:51:31] INFO: AsnDataService: SetAsnPurchaseReceiptNo saved MAT-PRE-2026-00006 for ASN WMS-ASN-EXT-00004.
[2026-04-23 14:51:31] INFO: ASN ASN-0001 Carton CNWH12858: Assigned=Assigned, Actual=Assigned, ReceivedQty=0
[2026-04-23 14:51:31] INFO: ASN ASN-0001 Carton CNWH12854: Assigned=Assigned, Actual=Assigned, ReceivedQty=0
[2026-04-23 14:51:31] INFO: ASN ASN-0001 Carton CNWH15390: Assigned=Assigned, Actual=Assigned, ReceivedQty=0
[2026-04-23 14:51:31] INFO: ASN ASN-0001 Carton CNWH42441: Assigned=Assigned, Actual=Assigned, ReceivedQty=0
[2026-04-23 14:51:31] INFO: ASN ASN-0001 Carton CNWH64571: Assigned=Assigned, Actual=Assigned, ReceivedQty=0
[2026-04-23 14:51:31] INFO: ASN ASN-0001 Carton CNWH64521: Assigned=Assigned, Actual=Assigned, ReceivedQty=0
[2026-04-23 14:51:31] INFO: ASN ASN-0001 Carton CNWH63561: Assigned=Assigned, Actual=Assigned, ReceivedQty=0
[2026-04-23 14:51:31] INFO: ASN ASN-0001 Carton CNWH63609: Assigned=Assigned, Actual=Assigned, ReceivedQty=0
[2026-04-23 14:51:31] INFO: ASN WMS-ASN-EXT-00004 Carton CNWH63179: Assigned=Received, Actual=Received, ReceivedQty=10
[2026-04-23 14:51:31] INFO: ASN WMS-ASN-EXT-00004 Carton CNWH63180: Assigned=Received, Actual=Received, ReceivedQty=10
[2026-04-23 14:51:31] INFO: ASN WMS-ASN-EXT-00004 Carton CNWH63196: Assigned=Received, Actual=Received, ReceivedQty=10
[2026-04-23 14:51:31] INFO: ASN WMS-ASN-EXT-00004 Carton CNWH63197: Assigned=Received, Actual=Received, ReceivedQty=10
[2026-04-23 14:51:31] INFO: ASN WMS-ASN-EXT-00004 Carton CNWH63198: Assigned=Received, Actual=Received, ReceivedQty=10
[2026-04-23 14:51:31] INFO: ASN WMS-ASN-EXT-00004 Carton CNWH63199: Assigned=Received, Actual=Received, ReceivedQty=10
[2026-04-23 14:51:31] INFO: ASN WMS-ASN-EXT-00004 Carton CNWH63200: Assigned=Received, Actual=Received, ReceivedQty=10
[2026-04-23 14:51:31] INFO: ASN WMS-ASN-EXT-00004 Carton CNWH63266: Assigned=Received, Actual=Received, ReceivedQty=10
[2026-04-23 14:51:31] INFO: ASN WMS-ASN-EXT-00004 Carton CNWH63268: Assigned=Received, Actual=Received, ReceivedQty=10
[2026-04-23 14:51:31] INFO: ASN WMS-ASN-EXT-00004 Carton CNWH63269: Assigned=Received, Actual=Received, ReceivedQty=10
[2026-04-23 14:51:31] INFO: ASN WMS-ASN-EXT-00004 Carton CNWH63270: Assigned=Received, Actual=Received, ReceivedQty=10
[2026-04-23 14:51:31] INFO: ASN WMS-ASN-EXT-00004 Carton CNWH63271: Assigned=Received, Actual=Received, ReceivedQty=10
[2026-04-23 14:51:31] INFO: ASN WMS-ASN-EXT-00004 Carton CNWH63272: Assigned=Received, Actual=Received, ReceivedQty=10
[2026-04-23 14:51:31] INFO: ASN WMS-ASN-EXT-00004 Carton CNWH63275: Assigned=Received, Actual=Received, ReceivedQty=10
[2026-04-23 14:51:31] INFO: ASN WMS-ASN-EXT-00004 Carton CNWH63277: Assigned=Received, Actual=Received, ReceivedQty=10
[2026-04-23 14:51:31] INFO: ASN WMS-ASN-EXT-00004 Carton CNWH63280: Assigned=Received, Actual=Received, ReceivedQty=10
[2026-04-23 14:51:31] INFO: ASN WMS-ASN-EXT-00004 Carton CNWH63282: Assigned=Received, Actual=Received, ReceivedQty=10
[2026-04-23 14:51:31] INFO: ASN WMS-ASN-EXT-00004 Carton CNWH63283: Assigned=Received, Actual=Received, ReceivedQty=10
[2026-04-23 14:51:31] INFO: ASN WMS-ASN-EXT-00004 Carton CNWH63284: Assigned=Received, Actual=Received, ReceivedQty=10
[2026-04-23 14:51:31] INFO: ASN WMS-ASN-EXT-00004 Carton CNWH63285: Assigned=Received, Actual=Received, ReceivedQty=10
[2026-04-23 14:51:31] INFO: ASN WMS-ASN-EXT-00004 Carton CNWH63286: Assigned=Received, Actual=Received, ReceivedQty=10
[2026-04-23 14:51:31] INFO: ASN WMS-ASN-EXT-00004 Carton CNWH63287: Assigned=Received, Actual=Received, ReceivedQty=10
[2026-04-23 14:51:31] INFO: ASN WMS-ASN-EXT-00004 Carton CNWH63288: Assigned=Received, Actual=Received, ReceivedQty=10
[2026-04-23 14:51:31] INFO: ASN WMS-ASN-EXT-00004 Carton CNWH63289: Assigned=Received, Actual=Received, ReceivedQty=10
[2026-04-23 14:51:31] INFO: ASN WMS-ASN-EXT-00004 Carton CNWH63441: Assigned=Received, Actual=Received, ReceivedQty=10
[2026-04-23 14:51:31] INFO: ASN WMS-ASN-EXT-00004 Carton CNWH63442: Assigned=Received, Actual=Received, ReceivedQty=10
[2026-04-23 14:51:31] INFO: ASN WMS-ASN-EXT-00004 Carton CNWH63444: Assigned=Received, Actual=Received, ReceivedQty=10
[2026-04-23 14:51:31] INFO: ASN WMS-ASN-EXT-00004 Carton CNWH63446: Assigned=Received, Actual=Received, ReceivedQty=10
[2026-04-23 14:51:31] INFO: ASN WMS-ASN-EXT-00004 Carton CNWH63448: Assigned=Received, Actual=Received, ReceivedQty=10
[2026-04-23 14:51:31] INFO: ASN WMS-ASN-EXT-00004 Carton CNWH65363: Assigned=Received, Actual=Received, ReceivedQty=10
[2026-04-23 14:51:31] INFO: ASN WMS-ASN-EXT-00004 Carton CNWH63179: Assigned=Received, Actual=Received, ReceivedQty=10
[2026-04-23 14:51:31] INFO: ASN WMS-ASN-EXT-00004 Carton CNWH63180: Assigned=Received, Actual=Received, ReceivedQty=10
[2026-04-23 14:51:31] INFO: ASN WMS-ASN-EXT-00004 Carton CNWH63196: Assigned=Received, Actual=Received, ReceivedQty=10
[2026-04-23 14:51:31] INFO: ASN WMS-ASN-EXT-00004 Carton CNWH63197: Assigned=Received, Actual=Received, ReceivedQty=10
[2026-04-23 14:51:31] INFO: ASN WMS-ASN-EXT-00004 Carton CNWH63198: Assigned=Received, Actual=Received, ReceivedQty=10
[2026-04-23 14:51:31] INFO: ASN WMS-ASN-EXT-00004 Carton CNWH63199: Assigned=Received, Actual=Received, ReceivedQty=10
[2026-04-23 14:51:31] INFO: ASN WMS-ASN-EXT-00004 Carton CNWH63200: Assigned=Received, Actual=Received, ReceivedQty=10
[2026-04-23 14:51:31] INFO: ASN WMS-ASN-EXT-00004 Carton CNWH63266: Assigned=Received, Actual=Received, ReceivedQty=10
[2026-04-23 14:51:31] INFO: ASN WMS-ASN-EXT-00004 Carton CNWH63268: Assigned=Received, Actual=Received, ReceivedQty=10
[2026-04-23 14:51:31] INFO: ASN WMS-ASN-EXT-00004 Carton CNWH63269: Assigned=Received, Actual=Received, ReceivedQty=10
[2026-04-23 14:51:31] INFO: ASN WMS-ASN-EXT-00004 Carton CNWH63270: Assigned=Received, Actual=Received, ReceivedQty=10
[2026-04-23 14:51:31] INFO: ASN WMS-ASN-EXT-00004 Carton CNWH63271: Assigned=Received, Actual=Received, ReceivedQty=10
[2026-04-23 14:51:31] INFO: ASN WMS-ASN-EXT-00004 Carton CNWH63272: Assigned=Received, Actual=Received, ReceivedQty=10
[2026-04-23 14:51:31] INFO: ASN WMS-ASN-EXT-00004 Carton CNWH63275: Assigned=Received, Actual=Received, ReceivedQty=10
[2026-04-23 14:51:31] INFO: ASN WMS-ASN-EXT-00004 Carton CNWH63277: Assigned=Received, Actual=Received, ReceivedQty=10
[2026-04-23 14:51:31] INFO: ASN WMS-ASN-EXT-00004 Carton CNWH63280: Assigned=Received, Actual=Received, ReceivedQty=10
[2026-04-23 14:51:31] INFO: ASN WMS-ASN-EXT-00004 Carton CNWH63282: Assigned=Received, Actual=Received, ReceivedQty=10
[2026-04-23 14:51:31] INFO: ASN WMS-ASN-EXT-00004 Carton CNWH63283: Assigned=Received, Actual=Received, ReceivedQty=10
[2026-04-23 14:51:31] INFO: ASN WMS-ASN-EXT-00004 Carton CNWH63284: Assigned=Received, Actual=Received, ReceivedQty=10
[2026-04-23 14:51:31] INFO: ASN WMS-ASN-EXT-00004 Carton CNWH63285: Assigned=Received, Actual=Received, ReceivedQty=10
[2026-04-23 14:51:31] INFO: ASN WMS-ASN-EXT-00004 Carton CNWH63286: Assigned=Received, Actual=Received, ReceivedQty=10
[2026-04-23 14:51:31] INFO: ASN WMS-ASN-EXT-00004 Carton CNWH63287: Assigned=Received, Actual=Received, ReceivedQty=10
[2026-04-23 14:51:31] INFO: ASN WMS-ASN-EXT-00004 Carton CNWH63288: Assigned=Received, Actual=Received, ReceivedQty=10
[2026-04-23 14:51:31] INFO: ASN WMS-ASN-EXT-00004 Carton CNWH63289: Assigned=Received, Actual=Received, ReceivedQty=10
[2026-04-23 14:51:31] INFO: ASN WMS-ASN-EXT-00004 Carton CNWH63441: Assigned=Received, Actual=Received, ReceivedQty=10
[2026-04-23 14:51:31] INFO: ASN WMS-ASN-EXT-00004 Carton CNWH63442: Assigned=Received, Actual=Received, ReceivedQty=10
[2026-04-23 14:51:31] INFO: ASN WMS-ASN-EXT-00004 Carton CNWH65363: Assigned=Received, Actual=Received, ReceivedQty=10
[2026-04-23 14:51:31] INFO: ASN WMS-ASN-EXT-00004 Carton CNWH63502: Assigned=Received, Actual=Received, ReceivedQty=10
[2026-04-23 14:51:31] INFO: ASN WMS-ASN-EXT-00004 Carton CNWH63502: Assigned=Received, Actual=Received, ReceivedQty=10
[2026-04-23 14:51:31] INFO: ASN WMS-ASN-EXT-00004 Carton CNWH64607: Assigned=Received, Actual=Received, ReceivedQty=10
[2026-04-23 14:51:32] INFO: ASN ASN-0001 Carton CNWH12858: Assigned=Assigned, Actual=Assigned, ReceivedQty=0
[2026-04-23 14:51:32] INFO: ASN ASN-0001 Carton CNWH12854: Assigned=Assigned, Actual=Assigned, ReceivedQty=0
[2026-04-23 14:51:32] INFO: ASN ASN-0001 Carton CNWH15390: Assigned=Assigned, Actual=Assigned, ReceivedQty=0
[2026-04-23 14:51:32] INFO: ASN ASN-0001 Carton CNWH42441: Assigned=Assigned, Actual=Assigned, ReceivedQty=0
[2026-04-23 14:51:32] INFO: ASN ASN-0001 Carton CNWH64571: Assigned=Assigned, Actual=Assigned, ReceivedQty=0
[2026-04-23 14:51:32] INFO: ASN ASN-0001 Carton CNWH64521: Assigned=Assigned, Actual=Assigned, ReceivedQty=0
[2026-04-23 14:51:32] INFO: ASN ASN-0001 Carton CNWH63561: Assigned=Assigned, Actual=Assigned, ReceivedQty=0
[2026-04-23 14:51:32] INFO: ASN ASN-0001 Carton CNWH63609: Assigned=Assigned, Actual=Assigned, ReceivedQty=0
[2026-04-23 14:51:32] INFO: ASN WMS-ASN-EXT-00004 Carton CNWH63179: Assigned=Received, Actual=Received, ReceivedQty=10
[2026-04-23 14:51:32] INFO: ASN WMS-ASN-EXT-00004 Carton CNWH63180: Assigned=Received, Actual=Received, ReceivedQty=10
[2026-04-23 14:51:32] INFO: ASN WMS-ASN-EXT-00004 Carton CNWH63196: Assigned=Received, Actual=Received, ReceivedQty=10
[2026-04-23 14:51:32] INFO: ASN WMS-ASN-EXT-00004 Carton CNWH63197: Assigned=Received, Actual=Received, ReceivedQty=10
[2026-04-23 14:51:32] INFO: ASN WMS-ASN-EXT-00004 Carton CNWH63198: Assigned=Received, Actual=Received, ReceivedQty=10
[2026-04-23 14:51:32] INFO: ASN WMS-ASN-EXT-00004 Carton CNWH63199: Assigned=Received, Actual=Received, ReceivedQty=10
[2026-04-23 14:51:32] INFO: ASN WMS-ASN-EXT-00004 Carton CNWH63200: Assigned=Received, Actual=Received, ReceivedQty=10
[2026-04-23 14:51:32] INFO: ASN WMS-ASN-EXT-00004 Carton CNWH63266: Assigned=Received, Actual=Received, ReceivedQty=10
[2026-04-23 14:51:32] INFO: ASN WMS-ASN-EXT-00004 Carton CNWH63268: Assigned=Received, Actual=Received, ReceivedQty=10
[2026-04-23 14:51:32] INFO: ASN WMS-ASN-EXT-00004 Carton CNWH63269: Assigned=Received, Actual=Received, ReceivedQty=10
[2026-04-23 14:51:32] INFO: ASN WMS-ASN-EXT-00004 Carton CNWH63270: Assigned=Received, Actual=Received, ReceivedQty=10
[2026-04-23 14:51:32] INFO: ASN WMS-ASN-EXT-00004 Carton CNWH63271: Assigned=Received, Actual=Received, ReceivedQty=10
[2026-04-23 14:51:32] INFO: ASN WMS-ASN-EXT-00004 Carton CNWH63272: Assigned=Received, Actual=Received, ReceivedQty=10
[2026-04-23 14:51:32] INFO: ASN WMS-ASN-EXT-00004 Carton CNWH63275: Assigned=Received, Actual=Received, ReceivedQty=10
[2026-04-23 14:51:32] INFO: ASN WMS-ASN-EXT-00004 Carton CNWH63277: Assigned=Received, Actual=Received, ReceivedQty=10
[2026-04-23 14:51:32] INFO: ASN WMS-ASN-EXT-00004 Carton CNWH63280: Assigned=Received, Actual=Received, ReceivedQty=10
[2026-04-23 14:51:32] INFO: ASN WMS-ASN-EXT-00004 Carton CNWH63282: Assigned=Received, Actual=Received, ReceivedQty=10
[2026-04-23 14:51:32] INFO: ASN WMS-ASN-EXT-00004 Carton CNWH63283: Assigned=Received, Actual=Received, ReceivedQty=10
[2026-04-23 14:51:32] INFO: ASN WMS-ASN-EXT-00004 Carton CNWH63284: Assigned=Received, Actual=Received, ReceivedQty=10
[2026-04-23 14:51:32] INFO: ASN WMS-ASN-EXT-00004 Carton CNWH63285: Assigned=Received, Actual=Received, ReceivedQty=10
[2026-04-23 14:51:32] INFO: ASN WMS-ASN-EXT-00004 Carton CNWH63286: Assigned=Received, Actual=Received, ReceivedQty=10
[2026-04-23 14:51:32] INFO: ASN WMS-ASN-EXT-00004 Carton CNWH63287: Assigned=Received, Actual=Received, ReceivedQty=10
[2026-04-23 14:51:32] INFO: ASN WMS-ASN-EXT-00004 Carton CNWH63288: Assigned=Received, Actual=Received, ReceivedQty=10
[2026-04-23 14:51:32] INFO: ASN WMS-ASN-EXT-00004 Carton CNWH63289: Assigned=Received, Actual=Received, ReceivedQty=10
[2026-04-23 14:51:32] INFO: ASN WMS-ASN-EXT-00004 Carton CNWH63441: Assigned=Received, Actual=Received, ReceivedQty=10
[2026-04-23 14:51:32] INFO: ASN WMS-ASN-EXT-00004 Carton CNWH63442: Assigned=Received, Actual=Received, ReceivedQty=10
[2026-04-23 14:51:32] INFO: ASN WMS-ASN-EXT-00004 Carton CNWH63444: Assigned=Received, Actual=Received, ReceivedQty=10
[2026-04-23 14:51:32] INFO: ASN WMS-ASN-EXT-00004 Carton CNWH63446: Assigned=Received, Actual=Received, ReceivedQty=10
[2026-04-23 14:51:32] INFO: ASN WMS-ASN-EXT-00004 Carton CNWH63448: Assigned=Received, Actual=Received, ReceivedQty=10
[2026-04-23 14:51:32] INFO: ASN WMS-ASN-EXT-00004 Carton CNWH65363: Assigned=Received, Actual=Received, ReceivedQty=10
[2026-04-23 14:51:32] INFO: ASN WMS-ASN-EXT-00004 Carton CNWH63179: Assigned=Received, Actual=Received, ReceivedQty=10
[2026-04-23 14:51:32] INFO: ASN WMS-ASN-EXT-00004 Carton CNWH63180: Assigned=Received, Actual=Received, ReceivedQty=10
[2026-04-23 14:51:32] INFO: ASN WMS-ASN-EXT-00004 Carton CNWH63196: Assigned=Received, Actual=Received, ReceivedQty=10
[2026-04-23 14:51:32] INFO: ASN WMS-ASN-EXT-00004 Carton CNWH63197: Assigned=Received, Actual=Received, ReceivedQty=10
[2026-04-23 14:51:32] INFO: ASN WMS-ASN-EXT-00004 Carton CNWH63198: Assigned=Received, Actual=Received, ReceivedQty=10
[2026-04-23 14:51:32] INFO: ASN WMS-ASN-EXT-00004 Carton CNWH63199: Assigned=Received, Actual=Received, ReceivedQty=10
[2026-04-23 14:51:32] INFO: ASN WMS-ASN-EXT-00004 Carton CNWH63200: Assigned=Received, Actual=Received, ReceivedQty=10
[2026-04-23 14:51:32] INFO: ASN WMS-ASN-EXT-00004 Carton CNWH63266: Assigned=Received, Actual=Received, ReceivedQty=10
[2026-04-23 14:51:32] INFO: ASN WMS-ASN-EXT-00004 Carton CNWH63268: Assigned=Received, Actual=Received, ReceivedQty=10
[2026-04-23 14:51:32] INFO: ASN WMS-ASN-EXT-00004 Carton CNWH63269: Assigned=Received, Actual=Received, ReceivedQty=10
[2026-04-23 14:51:32] INFO: ASN WMS-ASN-EXT-00004 Carton CNWH63270: Assigned=Received, Actual=Received, ReceivedQty=10
[2026-04-23 14:51:32] INFO: ASN WMS-ASN-EXT-00004 Carton CNWH63271: Assigned=Received, Actual=Received, ReceivedQty=10
[2026-04-23 14:51:32] INFO: ASN WMS-ASN-EXT-00004 Carton CNWH63272: Assigned=Received, Actual=Received, ReceivedQty=10
[2026-04-23 14:51:32] INFO: ASN WMS-ASN-EXT-00004 Carton CNWH63275: Assigned=Received, Actual=Received, ReceivedQty=10
[2026-04-23 14:51:32] INFO: ASN WMS-ASN-EXT-00004 Carton CNWH63277: Assigned=Received, Actual=Received, ReceivedQty=10
[2026-04-23 14:51:32] INFO: ASN WMS-ASN-EXT-00004 Carton CNWH63280: Assigned=Received, Actual=Received, ReceivedQty=10
[2026-04-23 14:51:32] INFO: ASN WMS-ASN-EXT-00004 Carton CNWH63282: Assigned=Received, Actual=Received, ReceivedQty=10
[2026-04-23 14:51:32] INFO: ASN WMS-ASN-EXT-00004 Carton CNWH63283: Assigned=Received, Actual=Received, ReceivedQty=10
[2026-04-23 14:51:32] INFO: ASN WMS-ASN-EXT-00004 Carton CNWH63284: Assigned=Received, Actual=Received, ReceivedQty=10
[2026-04-23 14:51:32] INFO: ASN WMS-ASN-EXT-00004 Carton CNWH63285: Assigned=Received, Actual=Received, ReceivedQty=10
[2026-04-23 14:51:32] INFO: ASN WMS-ASN-EXT-00004 Carton CNWH63286: Assigned=Received, Actual=Received, ReceivedQty=10
[2026-04-23 14:51:32] INFO: ASN WMS-ASN-EXT-00004 Carton CNWH63287: Assigned=Received, Actual=Received, ReceivedQty=10
[2026-04-23 14:51:32] INFO: ASN WMS-ASN-EXT-00004 Carton CNWH63288: Assigned=Received, Actual=Received, ReceivedQty=10
[2026-04-23 14:51:32] INFO: ASN WMS-ASN-EXT-00004 Carton CNWH63289: Assigned=Received, Actual=Received, ReceivedQty=10
[2026-04-23 14:51:32] INFO: ASN WMS-ASN-EXT-00004 Carton CNWH63441: Assigned=Received, Actual=Received, ReceivedQty=10
[2026-04-23 14:51:32] INFO: ASN WMS-ASN-EXT-00004 Carton CNWH63442: Assigned=Received, Actual=Received, ReceivedQty=10
[2026-04-23 14:51:32] INFO: ASN WMS-ASN-EXT-00004 Carton CNWH65363: Assigned=Received, Actual=Received, ReceivedQty=10
[2026-04-23 14:51:32] INFO: ASN WMS-ASN-EXT-00004 Carton CNWH63502: Assigned=Received, Actual=Received, ReceivedQty=10
[2026-04-23 14:51:32] INFO: ASN WMS-ASN-EXT-00004 Carton CNWH63502: Assigned=Received, Actual=Received, ReceivedQty=10
[2026-04-23 14:51:32] INFO: ASN WMS-ASN-EXT-00004 Carton CNWH64607: Assigned=Received, Actual=Received, ReceivedQty=10
[2026-04-23 15:00:48] INFO: ASN ASN-0001 Carton CNWH12858: Assigned=Assigned, Actual=Assigned, ReceivedQty=0
[2026-04-23 15:00:48] INFO: ASN ASN-0001 Carton CNWH12854: Assigned=Assigned, Actual=Assigned, ReceivedQty=0
[2026-04-23 15:00:48] INFO: ASN ASN-0001 Carton CNWH15390: Assigned=Assigned, Actual=Assigned, ReceivedQty=0
[2026-04-23 15:00:48] INFO: ASN ASN-0001 Carton CNWH42441: Assigned=Assigned, Actual=Assigned, ReceivedQty=0
[2026-04-23 15:00:48] INFO: ASN ASN-0001 Carton CNWH64571: Assigned=Assigned, Actual=Assigned, ReceivedQty=0
[2026-04-23 15:00:48] INFO: ASN ASN-0001 Carton CNWH64521: Assigned=Assigned, Actual=Assigned, ReceivedQty=0
[2026-04-23 15:00:48] INFO: ASN ASN-0001 Carton CNWH63561: Assigned=Assigned, Actual=Assigned, ReceivedQty=0
[2026-04-23 15:00:48] INFO: ASN ASN-0001 Carton CNWH63609: Assigned=Assigned, Actual=Assigned, ReceivedQty=0
[2026-04-23 15:00:48] INFO: ASN WMS-ASN-EXT-00004 Carton CNWH63179: Assigned=Received, Actual=Received, ReceivedQty=10
[2026-04-23 15:00:48] INFO: ASN WMS-ASN-EXT-00004 Carton CNWH63180: Assigned=Received, Actual=Received, ReceivedQty=10
[2026-04-23 15:00:48] INFO: ASN WMS-ASN-EXT-00004 Carton CNWH63196: Assigned=Received, Actual=Received, ReceivedQty=10
[2026-04-23 15:00:48] INFO: ASN WMS-ASN-EXT-00004 Carton CNWH63197: Assigned=Received, Actual=Received, ReceivedQty=10
[2026-04-23 15:00:48] INFO: ASN WMS-ASN-EXT-00004 Carton CNWH63198: Assigned=Received, Actual=Received, ReceivedQty=10
[2026-04-23 15:00:48] INFO: ASN WMS-ASN-EXT-00004 Carton CNWH63199: Assigned=Received, Actual=Received, ReceivedQty=10
[2026-04-23 15:00:48] INFO: ASN WMS-ASN-EXT-00004 Carton CNWH63200: Assigned=Received, Actual=Received, ReceivedQty=10
[2026-04-23 15:00:48] INFO: ASN WMS-ASN-EXT-00004 Carton CNWH63266: Assigned=Received, Actual=Received, ReceivedQty=10
[2026-04-23 15:00:48] INFO: ASN WMS-ASN-EXT-00004 Carton CNWH63268: Assigned=Received, Actual=Received, ReceivedQty=10
[2026-04-23 15:00:48] INFO: ASN WMS-ASN-EXT-00004 Carton CNWH63269: Assigned=Received, Actual=Received, ReceivedQty=10
[2026-04-23 15:00:48] INFO: ASN WMS-ASN-EXT-00004 Carton CNWH63270: Assigned=Received, Actual=Received, ReceivedQty=10
[2026-04-23 15:00:48] INFO: ASN WMS-ASN-EXT-00004 Carton CNWH63271: Assigned=Received, Actual=Received, ReceivedQty=10
[2026-04-23 15:00:48] INFO: ASN WMS-ASN-EXT-00004 Carton CNWH63272: Assigned=Received, Actual=Received, ReceivedQty=10
[2026-04-23 15:00:48] INFO: ASN WMS-ASN-EXT-00004 Carton CNWH63275: Assigned=Received, Actual=Received, ReceivedQty=10
[2026-04-23 15:00:48] INFO: ASN WMS-ASN-EXT-00004 Carton CNWH63277: Assigned=Received, Actual=Received, ReceivedQty=10
[2026-04-23 15:00:48] INFO: ASN WMS-ASN-EXT-00004 Carton CNWH63280: Assigned=Received, Actual=Received, ReceivedQty=10
[2026-04-23 15:00:48] INFO: ASN WMS-ASN-EXT-00004 Carton CNWH63282: Assigned=Received, Actual=Received, ReceivedQty=10
[2026-04-23 15:00:48] INFO: ASN WMS-ASN-EXT-00004 Carton CNWH63283: Assigned=Received, Actual=Received, ReceivedQty=10
[2026-04-23 15:00:48] INFO: ASN WMS-ASN-EXT-00004 Carton CNWH63284: Assigned=Received, Actual=Received, ReceivedQty=10
[2026-04-23 15:00:48] INFO: ASN WMS-ASN-EXT-00004 Carton CNWH63285: Assigned=Received, Actual=Received, ReceivedQty=10
[2026-04-23 15:00:48] INFO: ASN WMS-ASN-EXT-00004 Carton CNWH63286: Assigned=Received, Actual=Received, ReceivedQty=10
[2026-04-23 15:00:48] INFO: ASN WMS-ASN-EXT-00004 Carton CNWH63287: Assigned=Received, Actual=Received, ReceivedQty=10
[2026-04-23 15:00:48] INFO: ASN WMS-ASN-EXT-00004 Carton CNWH63288: Assigned=Received, Actual=Received, ReceivedQty=10
[2026-04-23 15:00:48] INFO: ASN WMS-ASN-EXT-00004 Carton CNWH63289: Assigned=Received, Actual=Received, ReceivedQty=10
[2026-04-23 15:00:48] INFO: ASN WMS-ASN-EXT-00004 Carton CNWH63441: Assigned=Received, Actual=Received, ReceivedQty=10
[2026-04-23 15:00:48] INFO: ASN WMS-ASN-EXT-00004 Carton CNWH63442: Assigned=Received, Actual=Received, ReceivedQty=10
[2026-04-23 15:00:48] INFO: ASN WMS-ASN-EXT-00004 Carton CNWH63444: Assigned=Received, Actual=Received, ReceivedQty=10
[2026-04-23 15:00:48] INFO: ASN WMS-ASN-EXT-00004 Carton CNWH63446: Assigned=Received, Actual=Received, ReceivedQty=10
[2026-04-23 15:00:48] INFO: ASN WMS-ASN-EXT-00004 Carton CNWH63448: Assigned=Received, Actual=Received, ReceivedQty=10
[2026-04-23 15:00:48] INFO: ASN WMS-ASN-EXT-00004 Carton CNWH65363: Assigned=Received, Actual=Received, ReceivedQty=10
[2026-04-23 15:00:48] INFO: ASN WMS-ASN-EXT-00004 Carton CNWH63179: Assigned=Received, Actual=Received, ReceivedQty=10
[2026-04-23 15:00:48] INFO: ASN WMS-ASN-EXT-00004 Carton CNWH63180: Assigned=Received, Actual=Received, ReceivedQty=10
[2026-04-23 15:00:48] INFO: ASN WMS-ASN-EXT-00004 Carton CNWH63196: Assigned=Received, Actual=Received, ReceivedQty=10
[2026-04-23 15:00:48] INFO: ASN WMS-ASN-EXT-00004 Carton CNWH63197: Assigned=Received, Actual=Received, ReceivedQty=10
[2026-04-23 15:00:48] INFO: ASN WMS-ASN-EXT-00004 Carton CNWH63198: Assigned=Received, Actual=Received, ReceivedQty=10
[2026-04-23 15:00:48] INFO: ASN WMS-ASN-EXT-00004 Carton CNWH63199: Assigned=Received, Actual=Received, ReceivedQty=10
[2026-04-23 15:00:48] INFO: ASN WMS-ASN-EXT-00004 Carton CNWH63200: Assigned=Received, Actual=Received, ReceivedQty=10
[2026-04-23 15:00:48] INFO: ASN WMS-ASN-EXT-00004 Carton CNWH63266: Assigned=Received, Actual=Received, ReceivedQty=10
[2026-04-23 15:00:48] INFO: ASN WMS-ASN-EXT-00004 Carton CNWH63268: Assigned=Received, Actual=Received, ReceivedQty=10
[2026-04-23 15:00:48] INFO: ASN WMS-ASN-EXT-00004 Carton CNWH63269: Assigned=Received, Actual=Received, ReceivedQty=10
[2026-04-23 15:00:48] INFO: ASN WMS-ASN-EXT-00004 Carton CNWH63270: Assigned=Received, Actual=Received, ReceivedQty=10
[2026-04-23 15:00:48] INFO: ASN WMS-ASN-EXT-00004 Carton CNWH63271: Assigned=Received, Actual=Received, ReceivedQty=10
[2026-04-23 15:00:48] INFO: ASN WMS-ASN-EXT-00004 Carton CNWH63272: Assigned=Received, Actual=Received, ReceivedQty=10
[2026-04-23 15:00:48] INFO: ASN WMS-ASN-EXT-00004 Carton CNWH63275: Assigned=Received, Actual=Received, ReceivedQty=10
[2026-04-23 15:00:48] INFO: ASN WMS-ASN-EXT-00004 Carton CNWH63277: Assigned=Received, Actual=Received, ReceivedQty=10
[2026-04-23 15:00:48] INFO: ASN WMS-ASN-EXT-00004 Carton CNWH63280: Assigned=Received, Actual=Received, ReceivedQty=10
[2026-04-23 15:00:48] INFO: ASN WMS-ASN-EXT-00004 Carton CNWH63282: Assigned=Received, Actual=Received, ReceivedQty=10
[2026-04-23 15:00:48] INFO: ASN WMS-ASN-EXT-00004 Carton CNWH63283: Assigned=Received, Actual=Received, ReceivedQty=10
[2026-04-23 15:00:48] INFO: ASN WMS-ASN-EXT-00004 Carton CNWH63284: Assigned=Received, Actual=Received, ReceivedQty=10
[2026-04-23 15:00:48] INFO: ASN WMS-ASN-EXT-00004 Carton CNWH63285: Assigned=Received, Actual=Received, ReceivedQty=10
[2026-04-23 15:00:48] INFO: ASN WMS-ASN-EXT-00004 Carton CNWH63286: Assigned=Received, Actual=Received, ReceivedQty=10
[2026-04-23 15:00:48] INFO: ASN WMS-ASN-EXT-00004 Carton CNWH63287: Assigned=Received, Actual=Received, ReceivedQty=10
[2026-04-23 15:00:48] INFO: ASN WMS-ASN-EXT-00004 Carton CNWH63288: Assigned=Received, Actual=Received, ReceivedQty=10
[2026-04-23 15:00:48] INFO: ASN WMS-ASN-EXT-00004 Carton CNWH63289: Assigned=Received, Actual=Received, ReceivedQty=10
[2026-04-23 15:00:48] INFO: ASN WMS-ASN-EXT-00004 Carton CNWH63441: Assigned=Received, Actual=Received, ReceivedQty=10
[2026-04-23 15:00:48] INFO: ASN WMS-ASN-EXT-00004 Carton CNWH63442: Assigned=Received, Actual=Received, ReceivedQty=10
[2026-04-23 15:00:48] INFO: ASN WMS-ASN-EXT-00004 Carton CNWH65363: Assigned=Received, Actual=Received, ReceivedQty=10
[2026-04-23 15:00:48] INFO: ASN WMS-ASN-EXT-00004 Carton CNWH63502: Assigned=Received, Actual=Received, ReceivedQty=10
[2026-04-23 15:00:48] INFO: ASN WMS-ASN-EXT-00004 Carton CNWH63502: Assigned=Received, Actual=Received, ReceivedQty=10
[2026-04-23 15:00:48] INFO: ASN WMS-ASN-EXT-00004 Carton CNWH64607: Assigned=Received, Actual=Received, ReceivedQty=10
[2026-04-23 15:00:51] INFO: ASN ASN-0001 Carton CNWH12858: Assigned=Assigned, Actual=Assigned, ReceivedQty=0
[2026-04-23 15:00:51] INFO: ASN ASN-0001 Carton CNWH12854: Assigned=Assigned, Actual=Assigned, ReceivedQty=0
[2026-04-23 15:00:51] INFO: ASN ASN-0001 Carton CNWH15390: Assigned=Assigned, Actual=Assigned, ReceivedQty=0
[2026-04-23 15:00:51] INFO: ASN ASN-0001 Carton CNWH42441: Assigned=Assigned, Actual=Assigned, ReceivedQty=0
[2026-04-23 15:00:51] INFO: ASN ASN-0001 Carton CNWH64571: Assigned=Assigned, Actual=Assigned, ReceivedQty=0
[2026-04-23 15:00:51] INFO: ASN ASN-0001 Carton CNWH64521: Assigned=Assigned, Actual=Assigned, ReceivedQty=0
[2026-04-23 15:00:51] INFO: ASN ASN-0001 Carton CNWH63561: Assigned=Assigned, Actual=Assigned, ReceivedQty=0
[2026-04-23 15:00:51] INFO: ASN ASN-0001 Carton CNWH63609: Assigned=Assigned, Actual=Assigned, ReceivedQty=0
[2026-04-23 15:00:51] INFO: ASN WMS-ASN-EXT-00004 Carton CNWH63179: Assigned=Received, Actual=Received, ReceivedQty=10
[2026-04-23 15:00:51] INFO: ASN WMS-ASN-EXT-00004 Carton CNWH63180: Assigned=Received, Actual=Received, ReceivedQty=10
[2026-04-23 15:00:51] INFO: ASN WMS-ASN-EXT-00004 Carton CNWH63196: Assigned=Received, Actual=Received, ReceivedQty=10
[2026-04-23 15:00:51] INFO: ASN WMS-ASN-EXT-00004 Carton CNWH63197: Assigned=Received, Actual=Received, ReceivedQty=10
[2026-04-23 15:00:51] INFO: ASN WMS-ASN-EXT-00004 Carton CNWH63198: Assigned=Received, Actual=Received, ReceivedQty=10
[2026-04-23 15:00:51] INFO: ASN WMS-ASN-EXT-00004 Carton CNWH63199: Assigned=Received, Actual=Received, ReceivedQty=10
[2026-04-23 15:00:51] INFO: ASN WMS-ASN-EXT-00004 Carton CNWH63200: Assigned=Received, Actual=Received, ReceivedQty=10
[2026-04-23 15:00:51] INFO: ASN WMS-ASN-EXT-00004 Carton CNWH63266: Assigned=Received, Actual=Received, ReceivedQty=10
[2026-04-23 15:00:51] INFO: ASN WMS-ASN-EXT-00004 Carton CNWH63268: Assigned=Received, Actual=Received, ReceivedQty=10
[2026-04-23 15:00:51] INFO: ASN WMS-ASN-EXT-00004 Carton CNWH63269: Assigned=Received, Actual=Received, ReceivedQty=10
[2026-04-23 15:00:51] INFO: ASN WMS-ASN-EXT-00004 Carton CNWH63270: Assigned=Received, Actual=Received, ReceivedQty=10
[2026-04-23 15:00:51] INFO: ASN WMS-ASN-EXT-00004 Carton CNWH63271: Assigned=Received, Actual=Received, ReceivedQty=10
[2026-04-23 15:00:51] INFO: ASN WMS-ASN-EXT-00004 Carton CNWH63272: Assigned=Received, Actual=Received, ReceivedQty=10
[2026-04-23 15:00:51] INFO: ASN WMS-ASN-EXT-00004 Carton CNWH63275: Assigned=Received, Actual=Received, ReceivedQty=10
[2026-04-23 15:00:51] INFO: ASN WMS-ASN-EXT-00004 Carton CNWH63277: Assigned=Received, Actual=Received, ReceivedQty=10
[2026-04-23 15:00:51] INFO: ASN WMS-ASN-EXT-00004 Carton CNWH63280: Assigned=Received, Actual=Received, ReceivedQty=10
[2026-04-23 15:00:51] INFO: ASN WMS-ASN-EXT-00004 Carton CNWH63282: Assigned=Received, Actual=Received, ReceivedQty=10
[2026-04-23 15:00:51] INFO: ASN WMS-ASN-EXT-00004 Carton CNWH63283: Assigned=Received, Actual=Received, ReceivedQty=10
[2026-04-23 15:00:51] INFO: ASN WMS-ASN-EXT-00004 Carton CNWH63284: Assigned=Received, Actual=Received, ReceivedQty=10
[2026-04-23 15:00:51] INFO: ASN WMS-ASN-EXT-00004 Carton CNWH63285: Assigned=Received, Actual=Received, ReceivedQty=10
[2026-04-23 15:00:51] INFO: ASN WMS-ASN-EXT-00004 Carton CNWH63286: Assigned=Received, Actual=Received, ReceivedQty=10
[2026-04-23 15:00:51] INFO: ASN WMS-ASN-EXT-00004 Carton CNWH63287: Assigned=Received, Actual=Received, ReceivedQty=10
[2026-04-23 15:00:51] INFO: ASN WMS-ASN-EXT-00004 Carton CNWH63288: Assigned=Received, Actual=Received, ReceivedQty=10
[2026-04-23 15:00:51] INFO: ASN WMS-ASN-EXT-00004 Carton CNWH63289: Assigned=Received, Actual=Received, ReceivedQty=10
[2026-04-23 15:00:51] INFO: ASN WMS-ASN-EXT-00004 Carton CNWH63441: Assigned=Received, Actual=Received, ReceivedQty=10
[2026-04-23 15:00:51] INFO: ASN WMS-ASN-EXT-00004 Carton CNWH63442: Assigned=Received, Actual=Received, ReceivedQty=10
[2026-04-23 15:00:51] INFO: ASN WMS-ASN-EXT-00004 Carton CNWH63444: Assigned=Received, Actual=Received, ReceivedQty=10
[2026-04-23 15:00:51] INFO: ASN WMS-ASN-EXT-00004 Carton CNWH63446: Assigned=Received, Actual=Received, ReceivedQty=10
[2026-04-23 15:00:51] INFO: ASN WMS-ASN-EXT-00004 Carton CNWH63448: Assigned=Received, Actual=Received, ReceivedQty=10
[2026-04-23 15:00:51] INFO: ASN WMS-ASN-EXT-00004 Carton CNWH65363: Assigned=Received, Actual=Received, ReceivedQty=10
[2026-04-23 15:00:51] INFO: ASN WMS-ASN-EXT-00004 Carton CNWH63179: Assigned=Received, Actual=Received, ReceivedQty=10
[2026-04-23 15:00:51] INFO: ASN WMS-ASN-EXT-00004 Carton CNWH63180: Assigned=Received, Actual=Received, ReceivedQty=10
[2026-04-23 15:00:51] INFO: ASN WMS-ASN-EXT-00004 Carton CNWH63196: Assigned=Received, Actual=Received, ReceivedQty=10
[2026-04-23 15:00:51] INFO: ASN WMS-ASN-EXT-00004 Carton CNWH63197: Assigned=Received, Actual=Received, ReceivedQty=10
[2026-04-23 15:00:51] INFO: ASN WMS-ASN-EXT-00004 Carton CNWH63198: Assigned=Received, Actual=Received, ReceivedQty=10
[2026-04-23 15:00:51] INFO: ASN WMS-ASN-EXT-00004 Carton CNWH63199: Assigned=Received, Actual=Received, ReceivedQty=10
[2026-04-23 15:00:51] INFO: ASN WMS-ASN-EXT-00004 Carton CNWH63200: Assigned=Received, Actual=Received, ReceivedQty=10
[2026-04-23 15:00:51] INFO: ASN WMS-ASN-EXT-00004 Carton CNWH63266: Assigned=Received, Actual=Received, ReceivedQty=10
[2026-04-23 15:00:51] INFO: ASN WMS-ASN-EXT-00004 Carton CNWH63268: Assigned=Received, Actual=Received, ReceivedQty=10
[2026-04-23 15:00:51] INFO: ASN WMS-ASN-EXT-00004 Carton CNWH63269: Assigned=Received, Actual=Received, ReceivedQty=10
[2026-04-23 15:00:51] INFO: ASN WMS-ASN-EXT-00004 Carton CNWH63270: Assigned=Received, Actual=Received, ReceivedQty=10
[2026-04-23 15:00:51] INFO: ASN WMS-ASN-EXT-00004 Carton CNWH63271: Assigned=Received, Actual=Received, ReceivedQty=10
[2026-04-23 15:00:51] INFO: ASN WMS-ASN-EXT-00004 Carton CNWH63272: Assigned=Received, Actual=Received, ReceivedQty=10
[2026-04-23 15:00:51] INFO: ASN WMS-ASN-EXT-00004 Carton CNWH63275: Assigned=Received, Actual=Received, ReceivedQty=10
[2026-04-23 15:00:51] INFO: ASN WMS-ASN-EXT-00004 Carton CNWH63277: Assigned=Received, Actual=Received, ReceivedQty=10
[2026-04-23 15:00:51] INFO: ASN WMS-ASN-EXT-00004 Carton CNWH63280: Assigned=Received, Actual=Received, ReceivedQty=10
[2026-04-23 15:00:51] INFO: ASN WMS-ASN-EXT-00004 Carton CNWH63282: Assigned=Received, Actual=Received, ReceivedQty=10
[2026-04-23 15:00:51] INFO: ASN WMS-ASN-EXT-00004 Carton CNWH63283: Assigned=Received, Actual=Received, ReceivedQty=10
[2026-04-23 15:00:51] INFO: ASN WMS-ASN-EXT-00004 Carton CNWH63284: Assigned=Received, Actual=Received, ReceivedQty=10
[2026-04-23 15:00:51] INFO: ASN WMS-ASN-EXT-00004 Carton CNWH63285: Assigned=Received, Actual=Received, ReceivedQty=10
[2026-04-23 15:00:51] INFO: ASN WMS-ASN-EXT-00004 Carton CNWH63286: Assigned=Received, Actual=Received, ReceivedQty=10
[2026-04-23 15:00:51] INFO: ASN WMS-ASN-EXT-00004 Carton CNWH63287: Assigned=Received, Actual=Received, ReceivedQty=10
[2026-04-23 15:00:51] INFO: ASN WMS-ASN-EXT-00004 Carton CNWH63288: Assigned=Received, Actual=Received, ReceivedQty=10
[2026-04-23 15:00:51] INFO: ASN WMS-ASN-EXT-00004 Carton CNWH63289: Assigned=Received, Actual=Received, ReceivedQty=10
[2026-04-23 15:00:51] INFO: ASN WMS-ASN-EXT-00004 Carton CNWH63441: Assigned=Received, Actual=Received, ReceivedQty=10
[2026-04-23 15:00:51] INFO: ASN WMS-ASN-EXT-00004 Carton CNWH63442: Assigned=Received, Actual=Received, ReceivedQty=10
[2026-04-23 15:00:51] INFO: ASN WMS-ASN-EXT-00004 Carton CNWH65363: Assigned=Received, Actual=Received, ReceivedQty=10
[2026-04-23 15:00:51] INFO: ASN WMS-ASN-EXT-00004 Carton CNWH63502: Assigned=Received, Actual=Received, ReceivedQty=10
[2026-04-23 15:00:51] INFO: ASN WMS-ASN-EXT-00004 Carton CNWH63502: Assigned=Received, Actual=Received, ReceivedQty=10
[2026-04-23 15:00:51] INFO: ASN WMS-ASN-EXT-00004 Carton CNWH64607: Assigned=Received, Actual=Received, ReceivedQty=10
[2026-04-23 15:00:51] INFO: ASN ASN-0001 Carton CNWH12858: Assigned=Assigned, Actual=Assigned, ReceivedQty=0
[2026-04-23 15:00:51] INFO: ASN ASN-0001 Carton CNWH12854: Assigned=Assigned, Actual=Assigned, ReceivedQty=0
[2026-04-23 15:00:51] INFO: ASN ASN-0001 Carton CNWH15390: Assigned=Assigned, Actual=Assigned, ReceivedQty=0
[2026-04-23 15:00:51] INFO: ASN ASN-0001 Carton CNWH42441: Assigned=Assigned, Actual=Assigned, ReceivedQty=0
[2026-04-23 15:00:51] INFO: ASN ASN-0001 Carton CNWH64571: Assigned=Assigned, Actual=Assigned, ReceivedQty=0
[2026-04-23 15:00:51] INFO: ASN ASN-0001 Carton CNWH64521: Assigned=Assigned, Actual=Assigned, ReceivedQty=0
[2026-04-23 15:00:51] INFO: ASN ASN-0001 Carton CNWH63561: Assigned=Assigned, Actual=Assigned, ReceivedQty=0
[2026-04-23 15:00:51] INFO: ASN ASN-0001 Carton CNWH63609: Assigned=Assigned, Actual=Assigned, ReceivedQty=0
[2026-04-23 15:00:51] INFO: ASN WMS-ASN-EXT-00004 Carton CNWH63179: Assigned=Received, Actual=Received, ReceivedQty=10
[2026-04-23 15:00:51] INFO: ASN WMS-ASN-EXT-00004 Carton CNWH63180: Assigned=Received, Actual=Received, ReceivedQty=10
[2026-04-23 15:00:51] INFO: ASN WMS-ASN-EXT-00004 Carton CNWH63196: Assigned=Received, Actual=Received, ReceivedQty=10
[2026-04-23 15:00:51] INFO: ASN WMS-ASN-EXT-00004 Carton CNWH63197: Assigned=Received, Actual=Received, ReceivedQty=10
[2026-04-23 15:00:51] INFO: ASN WMS-ASN-EXT-00004 Carton CNWH63198: Assigned=Received, Actual=Received, ReceivedQty=10
[2026-04-23 15:00:51] INFO: ASN WMS-ASN-EXT-00004 Carton CNWH63199: Assigned=Received, Actual=Received, ReceivedQty=10
[2026-04-23 15:00:51] INFO: ASN WMS-ASN-EXT-00004 Carton CNWH63200: Assigned=Received, Actual=Received, ReceivedQty=10
[2026-04-23 15:00:51] INFO: ASN WMS-ASN-EXT-00004 Carton CNWH63266: Assigned=Received, Actual=Received, ReceivedQty=10
[2026-04-23 15:00:51] INFO: ASN WMS-ASN-EXT-00004 Carton CNWH63268: Assigned=Received, Actual=Received, ReceivedQty=10
[2026-04-23 15:00:51] INFO: ASN WMS-ASN-EXT-00004 Carton CNWH63269: Assigned=Received, Actual=Received, ReceivedQty=10
[2026-04-23 15:00:51] INFO: ASN WMS-ASN-EXT-00004 Carton CNWH63270: Assigned=Received, Actual=Received, ReceivedQty=10
[2026-04-23 15:00:51] INFO: ASN WMS-ASN-EXT-00004 Carton CNWH63271: Assigned=Received, Actual=Received, ReceivedQty=10
[2026-04-23 15:00:51] INFO: ASN WMS-ASN-EXT-00004 Carton CNWH63272: Assigned=Received, Actual=Received, ReceivedQty=10
[2026-04-23 15:00:51] INFO: ASN WMS-ASN-EXT-00004 Carton CNWH63275: Assigned=Received, Actual=Received, ReceivedQty=10
[2026-04-23 15:00:51] INFO: ASN WMS-ASN-EXT-00004 Carton CNWH63277: Assigned=Received, Actual=Received, ReceivedQty=10
[2026-04-23 15:00:51] INFO: ASN WMS-ASN-EXT-00004 Carton CNWH63280: Assigned=Received, Actual=Received, ReceivedQty=10
[2026-04-23 15:00:51] INFO: ASN WMS-ASN-EXT-00004 Carton CNWH63282: Assigned=Received, Actual=Received, ReceivedQty=10
[2026-04-23 15:00:51] INFO: ASN WMS-ASN-EXT-00004 Carton CNWH63283: Assigned=Received, Actual=Received, ReceivedQty=10
[2026-04-23 15:00:51] INFO: ASN WMS-ASN-EXT-00004 Carton CNWH63284: Assigned=Received, Actual=Received, ReceivedQty=10
[2026-04-23 15:00:51] INFO: ASN WMS-ASN-EXT-00004 Carton CNWH63285: Assigned=Received, Actual=Received, ReceivedQty=10
[2026-04-23 15:00:51] INFO: ASN WMS-ASN-EXT-00004 Carton CNWH63286: Assigned=Received, Actual=Received, ReceivedQty=10
[2026-04-23 15:00:51] INFO: ASN WMS-ASN-EXT-00004 Carton CNWH63287: Assigned=Received, Actual=Received, ReceivedQty=10
[2026-04-23 15:00:51] INFO: ASN WMS-ASN-EXT-00004 Carton CNWH63288: Assigned=Received, Actual=Received, ReceivedQty=10
[2026-04-23 15:00:51] INFO: ASN WMS-ASN-EXT-00004 Carton CNWH63289: Assigned=Received, Actual=Received, ReceivedQty=10
[2026-04-23 15:00:51] INFO: ASN WMS-ASN-EXT-00004 Carton CNWH63441: Assigned=Received, Actual=Received, ReceivedQty=10
[2026-04-23 15:00:51] INFO: ASN WMS-ASN-EXT-00004 Carton CNWH63442: Assigned=Received, Actual=Received, ReceivedQty=10
[2026-04-23 15:00:51] INFO: ASN WMS-ASN-EXT-00004 Carton CNWH63444: Assigned=Received, Actual=Received, ReceivedQty=10
[2026-04-23 15:00:51] INFO: ASN WMS-ASN-EXT-00004 Carton CNWH63446: Assigned=Received, Actual=Received, ReceivedQty=10
[2026-04-23 15:00:51] INFO: ASN WMS-ASN-EXT-00004 Carton CNWH63448: Assigned=Received, Actual=Received, ReceivedQty=10
[2026-04-23 15:00:51] INFO: ASN WMS-ASN-EXT-00004 Carton CNWH65363: Assigned=Received, Actual=Received, ReceivedQty=10
[2026-04-23 15:00:51] INFO: ASN WMS-ASN-EXT-00004 Carton CNWH63179: Assigned=Received, Actual=Received, ReceivedQty=10
[2026-04-23 15:00:51] INFO: ASN WMS-ASN-EXT-00004 Carton CNWH63180: Assigned=Received, Actual=Received, ReceivedQty=10
[2026-04-23 15:00:51] INFO: ASN WMS-ASN-EXT-00004 Carton CNWH63196: Assigned=Received, Actual=Received, ReceivedQty=10
[2026-04-23 15:00:51] INFO: ASN WMS-ASN-EXT-00004 Carton CNWH63197: Assigned=Received, Actual=Received, ReceivedQty=10
[2026-04-23 15:00:51] INFO: ASN WMS-ASN-EXT-00004 Carton CNWH63198: Assigned=Received, Actual=Received, ReceivedQty=10
[2026-04-23 15:00:51] INFO: ASN WMS-ASN-EXT-00004 Carton CNWH63199: Assigned=Received, Actual=Received, ReceivedQty=10
[2026-04-23 15:00:51] INFO: ASN WMS-ASN-EXT-00004 Carton CNWH63200: Assigned=Received, Actual=Received, ReceivedQty=10
[2026-04-23 15:00:51] INFO: ASN WMS-ASN-EXT-00004 Carton CNWH63266: Assigned=Received, Actual=Received, ReceivedQty=10
[2026-04-23 15:00:51] INFO: ASN WMS-ASN-EXT-00004 Carton CNWH63268: Assigned=Received, Actual=Received, ReceivedQty=10
[2026-04-23 15:00:51] INFO: ASN WMS-ASN-EXT-00004 Carton CNWH63269: Assigned=Received, Actual=Received, ReceivedQty=10
[2026-04-23 15:00:51] INFO: ASN WMS-ASN-EXT-00004 Carton CNWH63270: Assigned=Received, Actual=Received, ReceivedQty=10
[2026-04-23 15:00:51] INFO: ASN WMS-ASN-EXT-00004 Carton CNWH63271: Assigned=Received, Actual=Received, ReceivedQty=10
[2026-04-23 15:00:51] INFO: ASN WMS-ASN-EXT-00004 Carton CNWH63272: Assigned=Received, Actual=Received, ReceivedQty=10
[2026-04-23 15:00:51] INFO: ASN WMS-ASN-EXT-00004 Carton CNWH63275: Assigned=Received, Actual=Received, ReceivedQty=10
[2026-04-23 15:00:51] INFO: ASN WMS-ASN-EXT-00004 Carton CNWH63277: Assigned=Received, Actual=Received, ReceivedQty=10
[2026-04-23 15:00:51] INFO: ASN WMS-ASN-EXT-00004 Carton CNWH63280: Assigned=Received, Actual=Received, ReceivedQty=10
[2026-04-23 15:00:51] INFO: ASN WMS-ASN-EXT-00004 Carton CNWH63282: Assigned=Received, Actual=Received, ReceivedQty=10
[2026-04-23 15:00:51] INFO: ASN WMS-ASN-EXT-00004 Carton CNWH63283: Assigned=Received, Actual=Received, ReceivedQty=10
[2026-04-23 15:00:51] INFO: ASN WMS-ASN-EXT-00004 Carton CNWH63284: Assigned=Received, Actual=Received, ReceivedQty=10
[2026-04-23 15:00:51] INFO: ASN WMS-ASN-EXT-00004 Carton CNWH63285: Assigned=Received, Actual=Received, ReceivedQty=10
[2026-04-23 15:00:51] INFO: ASN WMS-ASN-EXT-00004 Carton CNWH63286: Assigned=Received, Actual=Received, ReceivedQty=10
[2026-04-23 15:00:51] INFO: ASN WMS-ASN-EXT-00004 Carton CNWH63287: Assigned=Received, Actual=Received, ReceivedQty=10
[2026-04-23 15:00:51] INFO: ASN WMS-ASN-EXT-00004 Carton CNWH63288: Assigned=Received, Actual=Received, ReceivedQty=10
[2026-04-23 15:00:51] INFO: ASN WMS-ASN-EXT-00004 Carton CNWH63289: Assigned=Received, Actual=Received, ReceivedQty=10
[2026-04-23 15:00:51] INFO: ASN WMS-ASN-EXT-00004 Carton CNWH63441: Assigned=Received, Actual=Received, ReceivedQty=10
[2026-04-23 15:00:51] INFO: ASN WMS-ASN-EXT-00004 Carton CNWH63442: Assigned=Received, Actual=Received, ReceivedQty=10
[2026-04-23 15:00:51] INFO: ASN WMS-ASN-EXT-00004 Carton CNWH65363: Assigned=Received, Actual=Received, ReceivedQty=10
[2026-04-23 15:00:51] INFO: ASN WMS-ASN-EXT-00004 Carton CNWH63502: Assigned=Received, Actual=Received, ReceivedQty=10
[2026-04-23 15:00:51] INFO: ASN WMS-ASN-EXT-00004 Carton CNWH63502: Assigned=Received, Actual=Received, ReceivedQty=10
[2026-04-23 15:00:51] INFO: ASN WMS-ASN-EXT-00004 Carton CNWH64607: Assigned=Received, Actual=Received, ReceivedQty=10
[2026-04-23 15:00:52] INFO: ErpNextWmsSyncApiService: Fetched 4 item code(s) from ERPNext for ASN WMS-ASN-EXT-00004 (use as filter for PR/received qty).
[2026-04-23 15:00:52] INFO: ErpNextWmsSyncApiService: Pushing ASN received qty for WMS-ASN-EXT-00004, 60 line(s) (one per WMS detail row). Summary: [324249:10(ctn:CNWH63179), 324249:10(ctn:CNWH63180), 324249:10(ctn:CNWH63196), 324249:10(ctn:CNWH63197), 324249:10(ctn:CNWH63198), 324249:10(ctn:CNWH63199), 324249:10(ctn:CNWH63200), 324249:10(ctn:CNWH63266), 324249:10(ctn:CNWH63268), 324249:10(ctn:CNWH63269), 324249:10(ctn:CNWH63270), 324249:10(ctn:CNWH63271), 324249:10(ctn:CNWH63272), 324249:10(ctn:CNWH63275), 324249:10(ctn:CNWH63277), 324249:10(ctn:CNWH63280), 324249:10(ctn:CNWH63282), 324249:10(ctn:CNWH63283), 324249:10(ctn:CNWH63284), 324249:10(ctn:CNWH63285), 324249:10(ctn:CNWH63286), 324249:10(ctn:CNWH63287), 324249:10(ctn:CNWH63288), 324249:10(ctn:CNWH63289), 324249:10(ctn:CNWH63441), 324249:10(ctn:CNWH63442), 324249:10(ctn:CNWH63444), 324249:10(ctn:CNWH63446), 324249:10(ctn:CNWH63448), 324249:10(ctn:CNWH65363), 324250:10(ctn:CNWH63179), 324250:10(ctn:CNWH63180), 324250:10(ctn:CNWH63196), 324250:10(ctn:CNWH63197), 324250:10(ctn:CNWH63198), 324250:10(ctn:CNWH63199), 324250:10(ctn:CNWH63200), 324250:10(ctn:CNWH63266), 324250:10(ctn:CNWH63268), 324250:10(ctn:CNWH63269), 324250:10(ctn:CNWH63270), 324250:10(ctn:CNWH63271), 324250:10(ctn:CNWH63272), 324250:10(ctn:CNWH63275), 324250:10(ctn:CNWH63277), 324250:10(ctn:CNWH63280), 324250:10(ctn:CNWH63282), 324250:10(ctn:CNWH63283), 324250:10(ctn:CNWH63284), 324250:10(ctn:CNWH63285), 324250:10(ctn:CNWH63286), 324250:10(ctn:CNWH63287), 324250:10(ctn:CNWH63288), 324250:10(ctn:CNWH63289), 324250:10(ctn:CNWH63441), 324250:10(ctn:CNWH63442), 324250:10(ctn:CNWH65363), 324251:10(ctn:CNWH63502), 324252:10(ctn:CNWH63502), 324252:10(ctn:CNWH64607)], to http://printechsdammam.dyndns.org:88/api/method/printechs_wms.api.asn_receiving.update_asn_received_qty
[2026-04-23 15:00:53] INFO: ErpNextWmsSyncApiService: ASN received qty updated successfully.
[2026-04-23 15:00:53] INFO: ErpNextWmsSyncApiService: Fetched 4 item code(s) from ERPNext for ASN WMS-ASN-EXT-00004 (use as filter for PR/received qty).
[2026-04-23 15:00:53] INFO: ErpNextWmsSyncApiService: Creating Purchase Receipt for ASN WMS-ASN-EXT-00004, warehouse Main Warehouse - MAATC, 60 line(s). Item codes: [324249:10, 324249:10, 324249:10, 324249:10, 324249:10, 324249:10, 324249:10, 324249:10, 324249:10, 324249:10, 324249:10, 324249:10, 324249:10, 324249:10, 324249:10, 324249:10, 324249:10, 324249:10, 324249:10, 324249:10, 324249:10, 324249:10, 324249:10, 324249:10, 324249:10, 324249:10, 324249:10, 324249:10, 324249:10, 324249:10, 324250:10, 324250:10, 324250:10, 324250:10, 324250:10, 324250:10, 324250:10, 324250:10, 324250:10, 324250:10, 324250:10, 324250:10, 324250:10, 324250:10, 324250:10, 324250:10, 324250:10, 324250:10, 324250:10, 324250:10, 324250:10, 324250:10, 324250:10, 324250:10, 324250:10, 324250:10, 324250:10, 324251:10, 324252:10, 324252:10]
[2026-04-23 15:00:53] INFO: ErpNextWmsSyncApiService: Create Purchase Receipt succeeded. Purchase Receipt: MAT-PRE-2026-00006
[2026-04-23 15:00:53] INFO: AsnDataService: SetAsnPurchaseReceiptNo saved MAT-PRE-2026-00006 for ASN WMS-ASN-EXT-00004.
[2026-04-23 15:00:53] INFO: ASN ASN-0001 Carton CNWH12858: Assigned=Assigned, Actual=Assigned, ReceivedQty=0
[2026-04-23 15:00:53] INFO: ASN ASN-0001 Carton CNWH12854: Assigned=Assigned, Actual=Assigned, ReceivedQty=0
[2026-04-23 15:00:53] INFO: ASN ASN-0001 Carton CNWH15390: Assigned=Assigned, Actual=Assigned, ReceivedQty=0
[2026-04-23 15:00:53] INFO: ASN ASN-0001 Carton CNWH42441: Assigned=Assigned, Actual=Assigned, ReceivedQty=0
[2026-04-23 15:00:53] INFO: ASN ASN-0001 Carton CNWH64571: Assigned=Assigned, Actual=Assigned, ReceivedQty=0
[2026-04-23 15:00:53] INFO: ASN ASN-0001 Carton CNWH64521: Assigned=Assigned, Actual=Assigned, ReceivedQty=0
[2026-04-23 15:00:53] INFO: ASN ASN-0001 Carton CNWH63561: Assigned=Assigned, Actual=Assigned, ReceivedQty=0
[2026-04-23 15:00:53] INFO: ASN ASN-0001 Carton CNWH63609: Assigned=Assigned, Actual=Assigned, ReceivedQty=0
[2026-04-23 15:00:53] INFO: ASN WMS-ASN-EXT-00004 Carton CNWH63179: Assigned=Received, Actual=Received, ReceivedQty=10
[2026-04-23 15:00:53] INFO: ASN WMS-ASN-EXT-00004 Carton CNWH63180: Assigned=Received, Actual=Received, ReceivedQty=10
[2026-04-23 15:00:53] INFO: ASN WMS-ASN-EXT-00004 Carton CNWH63196: Assigned=Received, Actual=Received, ReceivedQty=10
[2026-04-23 15:00:53] INFO: ASN WMS-ASN-EXT-00004 Carton CNWH63197: Assigned=Received, Actual=Received, ReceivedQty=10
[2026-04-23 15:00:53] INFO: ASN WMS-ASN-EXT-00004 Carton CNWH63198: Assigned=Received, Actual=Received, ReceivedQty=10
[2026-04-23 15:00:53] INFO: ASN WMS-ASN-EXT-00004 Carton CNWH63199: Assigned=Received, Actual=Received, ReceivedQty=10
[2026-04-23 15:00:53] INFO: ASN WMS-ASN-EXT-00004 Carton CNWH63200: Assigned=Received, Actual=Received, ReceivedQty=10
[2026-04-23 15:00:53] INFO: ASN WMS-ASN-EXT-00004 Carton CNWH63266: Assigned=Received, Actual=Received, ReceivedQty=10
[2026-04-23 15:00:53] INFO: ASN WMS-ASN-EXT-00004 Carton CNWH63268: Assigned=Received, Actual=Received, ReceivedQty=10
[2026-04-23 15:00:53] INFO: ASN WMS-ASN-EXT-00004 Carton CNWH63269: Assigned=Received, Actual=Received, ReceivedQty=10
[2026-04-23 15:00:53] INFO: ASN WMS-ASN-EXT-00004 Carton CNWH63270: Assigned=Received, Actual=Received, ReceivedQty=10
[2026-04-23 15:00:53] INFO: ASN WMS-ASN-EXT-00004 Carton CNWH63271: Assigned=Received, Actual=Received, ReceivedQty=10
[2026-04-23 15:00:53] INFO: ASN WMS-ASN-EXT-00004 Carton CNWH63272: Assigned=Received, Actual=Received, ReceivedQty=10
[2026-04-23 15:00:53] INFO: ASN WMS-ASN-EXT-00004 Carton CNWH63275: Assigned=Received, Actual=Received, ReceivedQty=10
[2026-04-23 15:00:53] INFO: ASN WMS-ASN-EXT-00004 Carton CNWH63277: Assigned=Received, Actual=Received, ReceivedQty=10
[2026-04-23 15:00:53] INFO: ASN WMS-ASN-EXT-00004 Carton CNWH63280: Assigned=Received, Actual=Received, ReceivedQty=10
[2026-04-23 15:00:53] INFO: ASN WMS-ASN-EXT-00004 Carton CNWH63282: Assigned=Received, Actual=Received, ReceivedQty=10
[2026-04-23 15:00:53] INFO: ASN WMS-ASN-EXT-00004 Carton CNWH63283: Assigned=Received, Actual=Received, ReceivedQty=10
[2026-04-23 15:00:53] INFO: ASN WMS-ASN-EXT-00004 Carton CNWH63284: Assigned=Received, Actual=Received, ReceivedQty=10
[2026-04-23 15:00:53] INFO: ASN WMS-ASN-EXT-00004 Carton CNWH63285: Assigned=Received, Actual=Received, ReceivedQty=10
[2026-04-23 15:00:53] INFO: ASN WMS-ASN-EXT-00004 Carton CNWH63286: Assigned=Received, Actual=Received, ReceivedQty=10
[2026-04-23 15:00:53] INFO: ASN WMS-ASN-EXT-00004 Carton CNWH63287: Assigned=Received, Actual=Received, ReceivedQty=10
[2026-04-23 15:00:53] INFO: ASN WMS-ASN-EXT-00004 Carton CNWH63288: Assigned=Received, Actual=Received, ReceivedQty=10
[2026-04-23 15:00:53] INFO: ASN WMS-ASN-EXT-00004 Carton CNWH63289: Assigned=Received, Actual=Received, ReceivedQty=10
[2026-04-23 15:00:53] INFO: ASN WMS-ASN-EXT-00004 Carton CNWH63441: Assigned=Received, Actual=Received, ReceivedQty=10
[2026-04-23 15:00:53] INFO: ASN WMS-ASN-EXT-00004 Carton CNWH63442: Assigned=Received, Actual=Received, ReceivedQty=10
[2026-04-23 15:00:53] INFO: ASN WMS-ASN-EXT-00004 Carton CNWH63444: Assigned=Received, Actual=Received, ReceivedQty=10
[2026-04-23 15:00:53] INFO: ASN WMS-ASN-EXT-00004 Carton CNWH63446: Assigned=Received, Actual=Received, ReceivedQty=10
[2026-04-23 15:00:53] INFO: ASN WMS-ASN-EXT-00004 Carton CNWH63448: Assigned=Received, Actual=Received, ReceivedQty=10
[2026-04-23 15:00:53] INFO: ASN WMS-ASN-EXT-00004 Carton CNWH65363: Assigned=Received, Actual=Received, ReceivedQty=10
[2026-04-23 15:00:53] INFO: ASN WMS-ASN-EXT-00004 Carton CNWH63179: Assigned=Received, Actual=Received, ReceivedQty=10
[2026-04-23 15:00:53] INFO: ASN WMS-ASN-EXT-00004 Carton CNWH63180: Assigned=Received, Actual=Received, ReceivedQty=10
[2026-04-23 15:00:53] INFO: ASN WMS-ASN-EXT-00004 Carton CNWH63196: Assigned=Received, Actual=Received, ReceivedQty=10
[2026-04-23 15:00:53] INFO: ASN WMS-ASN-EXT-00004 Carton CNWH63197: Assigned=Received, Actual=Received, ReceivedQty=10
[2026-04-23 15:00:53] INFO: ASN WMS-ASN-EXT-00004 Carton CNWH63198: Assigned=Received, Actual=Received, ReceivedQty=10
[2026-04-23 15:00:53] INFO: ASN WMS-ASN-EXT-00004 Carton CNWH63199: Assigned=Received, Actual=Received, ReceivedQty=10
[2026-04-23 15:00:53] INFO: ASN WMS-ASN-EXT-00004 Carton CNWH63200: Assigned=Received, Actual=Received, ReceivedQty=10
[2026-04-23 15:00:53] INFO: ASN WMS-ASN-EXT-00004 Carton CNWH63266: Assigned=Received, Actual=Received, ReceivedQty=10
[2026-04-23 15:00:53] INFO: ASN WMS-ASN-EXT-00004 Carton CNWH63268: Assigned=Received, Actual=Received, ReceivedQty=10
[2026-04-23 15:00:53] INFO: ASN WMS-ASN-EXT-00004 Carton CNWH63269: Assigned=Received, Actual=Received, ReceivedQty=10
[2026-04-23 15:00:53] INFO: ASN WMS-ASN-EXT-00004 Carton CNWH63270: Assigned=Received, Actual=Received, ReceivedQty=10
[2026-04-23 15:00:53] INFO: ASN WMS-ASN-EXT-00004 Carton CNWH63271: Assigned=Received, Actual=Received, ReceivedQty=10
[2026-04-23 15:00:53] INFO: ASN WMS-ASN-EXT-00004 Carton CNWH63272: Assigned=Received, Actual=Received, ReceivedQty=10
[2026-04-23 15:00:53] INFO: ASN WMS-ASN-EXT-00004 Carton CNWH63275: Assigned=Received, Actual=Received, ReceivedQty=10
[2026-04-23 15:00:53] INFO: ASN WMS-ASN-EXT-00004 Carton CNWH63277: Assigned=Received, Actual=Received, ReceivedQty=10
[2026-04-23 15:00:53] INFO: ASN WMS-ASN-EXT-00004 Carton CNWH63280: Assigned=Received, Actual=Received, ReceivedQty=10
[2026-04-23 15:00:53] INFO: ASN WMS-ASN-EXT-00004 Carton CNWH63282: Assigned=Received, Actual=Received, ReceivedQty=10
[2026-04-23 15:00:53] INFO: ASN WMS-ASN-EXT-00004 Carton CNWH63283: Assigned=Received, Actual=Received, ReceivedQty=10
[2026-04-23 15:00:53] INFO: ASN WMS-ASN-EXT-00004 Carton CNWH63284: Assigned=Received, Actual=Received, ReceivedQty=10
[2026-04-23 15:00:53] INFO: ASN WMS-ASN-EXT-00004 Carton CNWH63285: Assigned=Received, Actual=Received, ReceivedQty=10
[2026-04-23 15:00:53] INFO: ASN WMS-ASN-EXT-00004 Carton CNWH63286: Assigned=Received, Actual=Received, ReceivedQty=10
[2026-04-23 15:00:53] INFO: ASN WMS-ASN-EXT-00004 Carton CNWH63287: Assigned=Received, Actual=Received, ReceivedQty=10
[2026-04-23 15:00:53] INFO: ASN WMS-ASN-EXT-00004 Carton CNWH63288: Assigned=Received, Actual=Received, ReceivedQty=10
[2026-04-23 15:00:53] INFO: ASN WMS-ASN-EXT-00004 Carton CNWH63289: Assigned=Received, Actual=Received, ReceivedQty=10
[2026-04-23 15:00:53] INFO: ASN WMS-ASN-EXT-00004 Carton CNWH63441: Assigned=Received, Actual=Received, ReceivedQty=10
[2026-04-23 15:00:53] INFO: ASN WMS-ASN-EXT-00004 Carton CNWH63442: Assigned=Received, Actual=Received, ReceivedQty=10
[2026-04-23 15:00:53] INFO: ASN WMS-ASN-EXT-00004 Carton CNWH65363: Assigned=Received, Actual=Received, ReceivedQty=10
[2026-04-23 15:00:53] INFO: ASN WMS-ASN-EXT-00004 Carton CNWH63502: Assigned=Received, Actual=Received, ReceivedQty=10
[2026-04-23 15:00:53] INFO: ASN WMS-ASN-EXT-00004 Carton CNWH63502: Assigned=Received, Actual=Received, ReceivedQty=10
[2026-04-23 15:00:53] INFO: ASN WMS-ASN-EXT-00004 Carton CNWH64607: Assigned=Received, Actual=Received, ReceivedQty=10
[2026-04-23 15:00:54] INFO: ASN ASN-0001 Carton CNWH12858: Assigned=Assigned, Actual=Assigned, ReceivedQty=0
[2026-04-23 15:00:54] INFO: ASN ASN-0001 Carton CNWH12854: Assigned=Assigned, Actual=Assigned, ReceivedQty=0
[2026-04-23 15:00:54] INFO: ASN ASN-0001 Carton CNWH15390: Assigned=Assigned, Actual=Assigned, ReceivedQty=0
[2026-04-23 15:00:54] INFO: ASN ASN-0001 Carton CNWH42441: Assigned=Assigned, Actual=Assigned, ReceivedQty=0
[2026-04-23 15:00:54] INFO: ASN ASN-0001 Carton CNWH64571: Assigned=Assigned, Actual=Assigned, ReceivedQty=0
[2026-04-23 15:00:54] INFO: ASN ASN-0001 Carton CNWH64521: Assigned=Assigned, Actual=Assigned, ReceivedQty=0
[2026-04-23 15:00:54] INFO: ASN ASN-0001 Carton CNWH63561: Assigned=Assigned, Actual=Assigned, ReceivedQty=0
[2026-04-23 15:00:54] INFO: ASN ASN-0001 Carton CNWH63609: Assigned=Assigned, Actual=Assigned, ReceivedQty=0
[2026-04-23 15:00:54] INFO: ASN WMS-ASN-EXT-00004 Carton CNWH63179: Assigned=Received, Actual=Received, ReceivedQty=10
[2026-04-23 15:00:54] INFO: ASN WMS-ASN-EXT-00004 Carton CNWH63180: Assigned=Received, Actual=Received, ReceivedQty=10
[2026-04-23 15:00:54] INFO: ASN WMS-ASN-EXT-00004 Carton CNWH63196: Assigned=Received, Actual=Received, ReceivedQty=10
[2026-04-23 15:00:54] INFO: ASN WMS-ASN-EXT-00004 Carton CNWH63197: Assigned=Received, Actual=Received, ReceivedQty=10
[2026-04-23 15:00:54] INFO: ASN WMS-ASN-EXT-00004 Carton CNWH63198: Assigned=Received, Actual=Received, ReceivedQty=10
[2026-04-23 15:00:54] INFO: ASN WMS-ASN-EXT-00004 Carton CNWH63199: Assigned=Received, Actual=Received, ReceivedQty=10
[2026-04-23 15:00:54] INFO: ASN WMS-ASN-EXT-00004 Carton CNWH63200: Assigned=Received, Actual=Received, ReceivedQty=10
[2026-04-23 15:00:54] INFO: ASN WMS-ASN-EXT-00004 Carton CNWH63266: Assigned=Received, Actual=Received, ReceivedQty=10
[2026-04-23 15:00:54] INFO: ASN WMS-ASN-EXT-00004 Carton CNWH63268: Assigned=Received, Actual=Received, ReceivedQty=10
[2026-04-23 15:00:54] INFO: ASN WMS-ASN-EXT-00004 Carton CNWH63269: Assigned=Received, Actual=Received, ReceivedQty=10
[2026-04-23 15:00:54] INFO: ASN WMS-ASN-EXT-00004 Carton CNWH63270: Assigned=Received, Actual=Received, ReceivedQty=10
[2026-04-23 15:00:54] INFO: ASN WMS-ASN-EXT-00004 Carton CNWH63271: Assigned=Received, Actual=Received, ReceivedQty=10
[2026-04-23 15:00:54] INFO: ASN WMS-ASN-EXT-00004 Carton CNWH63272: Assigned=Received, Actual=Received, ReceivedQty=10
[2026-04-23 15:00:54] INFO: ASN WMS-ASN-EXT-00004 Carton CNWH63275: Assigned=Received, Actual=Received, ReceivedQty=10
[2026-04-23 15:00:54] INFO: ASN WMS-ASN-EXT-00004 Carton CNWH63277: Assigned=Received, Actual=Received, ReceivedQty=10
[2026-04-23 15:00:54] INFO: ASN WMS-ASN-EXT-00004 Carton CNWH63280: Assigned=Received, Actual=Received, ReceivedQty=10
[2026-04-23 15:00:54] INFO: ASN WMS-ASN-EXT-00004 Carton CNWH63282: Assigned=Received, Actual=Received, ReceivedQty=10
[2026-04-23 15:00:54] INFO: ASN WMS-ASN-EXT-00004 Carton CNWH63283: Assigned=Received, Actual=Received, ReceivedQty=10
[2026-04-23 15:00:54] INFO: ASN WMS-ASN-EXT-00004 Carton CNWH63284: Assigned=Received, Actual=Received, ReceivedQty=10
[2026-04-23 15:00:54] INFO: ASN WMS-ASN-EXT-00004 Carton CNWH63285: Assigned=Received, Actual=Received, ReceivedQty=10
[2026-04-23 15:00:54] INFO: ASN WMS-ASN-EXT-00004 Carton CNWH63286: Assigned=Received, Actual=Received, ReceivedQty=10
[2026-04-23 15:00:54] INFO: ASN WMS-ASN-EXT-00004 Carton CNWH63287: Assigned=Received, Actual=Received, ReceivedQty=10
[2026-04-23 15:00:54] INFO: ASN WMS-ASN-EXT-00004 Carton CNWH63288: Assigned=Received, Actual=Received, ReceivedQty=10
[2026-04-23 15:00:54] INFO: ASN WMS-ASN-EXT-00004 Carton CNWH63289: Assigned=Received, Actual=Received, ReceivedQty=10
[2026-04-23 15:00:54] INFO: ASN WMS-ASN-EXT-00004 Carton CNWH63441: Assigned=Received, Actual=Received, ReceivedQty=10
[2026-04-23 15:00:54] INFO: ASN WMS-ASN-EXT-00004 Carton CNWH63442: Assigned=Received, Actual=Received, ReceivedQty=10
[2026-04-23 15:00:54] INFO: ASN WMS-ASN-EXT-00004 Carton CNWH63444: Assigned=Received, Actual=Received, ReceivedQty=10
[2026-04-23 15:00:54] INFO: ASN WMS-ASN-EXT-00004 Carton CNWH63446: Assigned=Received, Actual=Received, ReceivedQty=10
[2026-04-23 15:00:54] INFO: ASN WMS-ASN-EXT-00004 Carton CNWH63448: Assigned=Received, Actual=Received, ReceivedQty=10
[2026-04-23 15:00:54] INFO: ASN WMS-ASN-EXT-00004 Carton CNWH65363: Assigned=Received, Actual=Received, ReceivedQty=10
[2026-04-23 15:00:54] INFO: ASN WMS-ASN-EXT-00004 Carton CNWH63179: Assigned=Received, Actual=Received, ReceivedQty=10
[2026-04-23 15:00:54] INFO: ASN WMS-ASN-EXT-00004 Carton CNWH63180: Assigned=Received, Actual=Received, ReceivedQty=10
[2026-04-23 15:00:54] INFO: ASN WMS-ASN-EXT-00004 Carton CNWH63196: Assigned=Received, Actual=Received, ReceivedQty=10
[2026-04-23 15:00:54] INFO: ASN WMS-ASN-EXT-00004 Carton CNWH63197: Assigned=Received, Actual=Received, ReceivedQty=10
[2026-04-23 15:00:54] INFO: ASN WMS-ASN-EXT-00004 Carton CNWH63198: Assigned=Received, Actual=Received, ReceivedQty=10
[2026-04-23 15:00:54] INFO: ASN WMS-ASN-EXT-00004 Carton CNWH63199: Assigned=Received, Actual=Received, ReceivedQty=10
[2026-04-23 15:00:54] INFO: ASN WMS-ASN-EXT-00004 Carton CNWH63200: Assigned=Received, Actual=Received, ReceivedQty=10
[2026-04-23 15:00:54] INFO: ASN WMS-ASN-EXT-00004 Carton CNWH63266: Assigned=Received, Actual=Received, ReceivedQty=10
[2026-04-23 15:00:54] INFO: ASN WMS-ASN-EXT-00004 Carton CNWH63268: Assigned=Received, Actual=Received, ReceivedQty=10
[2026-04-23 15:00:54] INFO: ASN WMS-ASN-EXT-00004 Carton CNWH63269: Assigned=Received, Actual=Received, ReceivedQty=10
[2026-04-23 15:00:54] INFO: ASN WMS-ASN-EXT-00004 Carton CNWH63270: Assigned=Received, Actual=Received, ReceivedQty=10
[2026-04-23 15:00:54] INFO: ASN WMS-ASN-EXT-00004 Carton CNWH63271: Assigned=Received, Actual=Received, ReceivedQty=10
[2026-04-23 15:00:54] INFO: ASN WMS-ASN-EXT-00004 Carton CNWH63272: Assigned=Received, Actual=Received, ReceivedQty=10
[2026-04-23 15:00:54] INFO: ASN WMS-ASN-EXT-00004 Carton CNWH63275: Assigned=Received, Actual=Received, ReceivedQty=10
[2026-04-23 15:00:54] INFO: ASN WMS-ASN-EXT-00004 Carton CNWH63277: Assigned=Received, Actual=Received, ReceivedQty=10
[2026-04-23 15:00:54] INFO: ASN WMS-ASN-EXT-00004 Carton CNWH63280: Assigned=Received, Actual=Received, ReceivedQty=10
[2026-04-23 15:00:54] INFO: ASN WMS-ASN-EXT-00004 Carton CNWH63282: Assigned=Received, Actual=Received, ReceivedQty=10
[2026-04-23 15:00:54] INFO: ASN WMS-ASN-EXT-00004 Carton CNWH63283: Assigned=Received, Actual=Received, ReceivedQty=10
[2026-04-23 15:00:54] INFO: ASN WMS-ASN-EXT-00004 Carton CNWH63284: Assigned=Received, Actual=Received, ReceivedQty=10
[2026-04-23 15:00:54] INFO: ASN WMS-ASN-EXT-00004 Carton CNWH63285: Assigned=Received, Actual=Received, ReceivedQty=10
[2026-04-23 15:00:54] INFO: ASN WMS-ASN-EXT-00004 Carton CNWH63286: Assigned=Received, Actual=Received, ReceivedQty=10
[2026-04-23 15:00:54] INFO: ASN WMS-ASN-EXT-00004 Carton CNWH63287: Assigned=Received, Actual=Received, ReceivedQty=10
[2026-04-23 15:00:54] INFO: ASN WMS-ASN-EXT-00004 Carton CNWH63288: Assigned=Received, Actual=Received, ReceivedQty=10
[2026-04-23 15:00:54] INFO: ASN WMS-ASN-EXT-00004 Carton CNWH63289: Assigned=Received, Actual=Received, ReceivedQty=10
[2026-04-23 15:00:54] INFO: ASN WMS-ASN-EXT-00004 Carton CNWH63441: Assigned=Received, Actual=Received, ReceivedQty=10
[2026-04-23 15:00:54] INFO: ASN WMS-ASN-EXT-00004 Carton CNWH63442: Assigned=Received, Actual=Received, ReceivedQty=10
[2026-04-23 15:00:54] INFO: ASN WMS-ASN-EXT-00004 Carton CNWH65363: Assigned=Received, Actual=Received, ReceivedQty=10
[2026-04-23 15:00:54] INFO: ASN WMS-ASN-EXT-00004 Carton CNWH63502: Assigned=Received, Actual=Received, ReceivedQty=10
[2026-04-23 15:00:54] INFO: ASN WMS-ASN-EXT-00004 Carton CNWH63502: Assigned=Received, Actual=Received, ReceivedQty=10
[2026-04-23 15:00:54] INFO: ASN WMS-ASN-EXT-00004 Carton CNWH64607: Assigned=Received, Actual=Received, ReceivedQty=10
[2026-04-23 15:02:44] INFO: ASN ASN-0001 Carton CNWH12858: Assigned=Assigned, Actual=Assigned, ReceivedQty=0
[2026-04-23 15:02:44] INFO: ASN ASN-0001 Carton CNWH12854: Assigned=Assigned, Actual=Assigned, ReceivedQty=0
[2026-04-23 15:02:44] INFO: ASN ASN-0001 Carton CNWH15390: Assigned=Assigned, Actual=Assigned, ReceivedQty=0
[2026-04-23 15:02:44] INFO: ASN ASN-0001 Carton CNWH42441: Assigned=Assigned, Actual=Assigned, ReceivedQty=0
[2026-04-23 15:02:44] INFO: ASN ASN-0001 Carton CNWH64571: Assigned=Assigned, Actual=Assigned, ReceivedQty=0
[2026-04-23 15:02:44] INFO: ASN ASN-0001 Carton CNWH64521: Assigned=Assigned, Actual=Assigned, ReceivedQty=0
[2026-04-23 15:02:44] INFO: ASN ASN-0001 Carton CNWH63561: Assigned=Assigned, Actual=Assigned, ReceivedQty=0
[2026-04-23 15:02:44] INFO: ASN ASN-0001 Carton CNWH63609: Assigned=Assigned, Actual=Assigned, ReceivedQty=0
[2026-04-23 15:02:44] INFO: ASN WMS-ASN-EXT-00004 Carton CNWH63179: Assigned=Received, Actual=Received, ReceivedQty=10
[2026-04-23 15:02:44] INFO: ASN WMS-ASN-EXT-00004 Carton CNWH63180: Assigned=Received, Actual=Received, ReceivedQty=10
[2026-04-23 15:02:44] INFO: ASN WMS-ASN-EXT-00004 Carton CNWH63196: Assigned=Received, Actual=Received, ReceivedQty=10
[2026-04-23 15:02:44] INFO: ASN WMS-ASN-EXT-00004 Carton CNWH63197: Assigned=Received, Actual=Received, ReceivedQty=10
[2026-04-23 15:02:44] INFO: ASN WMS-ASN-EXT-00004 Carton CNWH63198: Assigned=Received, Actual=Received, ReceivedQty=10
[2026-04-23 15:02:44] INFO: ASN WMS-ASN-EXT-00004 Carton CNWH63199: Assigned=Received, Actual=Received, ReceivedQty=10
[2026-04-23 15:02:44] INFO: ASN WMS-ASN-EXT-00004 Carton CNWH63200: Assigned=Received, Actual=Received, ReceivedQty=10
[2026-04-23 15:02:44] INFO: ASN WMS-ASN-EXT-00004 Carton CNWH63266: Assigned=Received, Actual=Received, ReceivedQty=10
[2026-04-23 15:02:44] INFO: ASN WMS-ASN-EXT-00004 Carton CNWH63268: Assigned=Received, Actual=Received, ReceivedQty=10
[2026-04-23 15:02:44] INFO: ASN WMS-ASN-EXT-00004 Carton CNWH63269: Assigned=Received, Actual=Received, ReceivedQty=10
[2026-04-23 15:02:44] INFO: ASN WMS-ASN-EXT-00004 Carton CNWH63270: Assigned=Received, Actual=Received, ReceivedQty=10
[2026-04-23 15:02:44] INFO: ASN WMS-ASN-EXT-00004 Carton CNWH63271: Assigned=Received, Actual=Received, ReceivedQty=10
[2026-04-23 15:02:44] INFO: ASN WMS-ASN-EXT-00004 Carton CNWH63272: Assigned=Received, Actual=Received, ReceivedQty=10
[2026-04-23 15:02:44] INFO: ASN WMS-ASN-EXT-00004 Carton CNWH63275: Assigned=Received, Actual=Received, ReceivedQty=10
[2026-04-23 15:02:44] INFO: ASN WMS-ASN-EXT-00004 Carton CNWH63277: Assigned=Received, Actual=Received, ReceivedQty=10
[2026-04-23 15:02:44] INFO: ASN WMS-ASN-EXT-00004 Carton CNWH63280: Assigned=Received, Actual=Received, ReceivedQty=10
[2026-04-23 15:02:44] INFO: ASN WMS-ASN-EXT-00004 Carton CNWH63282: Assigned=Received, Actual=Received, ReceivedQty=10
[2026-04-23 15:02:44] INFO: ASN WMS-ASN-EXT-00004 Carton CNWH63283: Assigned=Received, Actual=Received, ReceivedQty=10
[2026-04-23 15:02:44] INFO: ASN WMS-ASN-EXT-00004 Carton CNWH63284: Assigned=Received, Actual=Received, ReceivedQty=10
[2026-04-23 15:02:44] INFO: ASN WMS-ASN-EXT-00004 Carton CNWH63285: Assigned=Received, Actual=Received, ReceivedQty=10
[2026-04-23 15:02:44] INFO: ASN WMS-ASN-EXT-00004 Carton CNWH63286: Assigned=Received, Actual=Received, ReceivedQty=10
[2026-04-23 15:02:44] INFO: ASN WMS-ASN-EXT-00004 Carton CNWH63287: Assigned=Received, Actual=Received, ReceivedQty=10
[2026-04-23 15:02:44] INFO: ASN WMS-ASN-EXT-00004 Carton CNWH63288: Assigned=Received, Actual=Received, ReceivedQty=10
[2026-04-23 15:02:44] INFO: ASN WMS-ASN-EXT-00004 Carton CNWH63289: Assigned=Received, Actual=Received, ReceivedQty=10
[2026-04-23 15:02:44] INFO: ASN WMS-ASN-EXT-00004 Carton CNWH63441: Assigned=Received, Actual=Received, ReceivedQty=10
[2026-04-23 15:02:44] INFO: ASN WMS-ASN-EXT-00004 Carton CNWH63442: Assigned=Received, Actual=Received, ReceivedQty=10
[2026-04-23 15:02:44] INFO: ASN WMS-ASN-EXT-00004 Carton CNWH63444: Assigned=Received, Actual=Received, ReceivedQty=10
[2026-04-23 15:02:44] INFO: ASN WMS-ASN-EXT-00004 Carton CNWH63446: Assigned=Received, Actual=Received, ReceivedQty=10
[2026-04-23 15:02:44] INFO: ASN WMS-ASN-EXT-00004 Carton CNWH63448: Assigned=Received, Actual=Received, ReceivedQty=10
[2026-04-23 15:02:44] INFO: ASN WMS-ASN-EXT-00004 Carton CNWH65363: Assigned=Received, Actual=Received, ReceivedQty=10
[2026-04-23 15:02:44] INFO: ASN WMS-ASN-EXT-00004 Carton CNWH63179: Assigned=Received, Actual=Received, ReceivedQty=10
[2026-04-23 15:02:44] INFO: ASN WMS-ASN-EXT-00004 Carton CNWH63180: Assigned=Received, Actual=Received, ReceivedQty=10
[2026-04-23 15:02:44] INFO: ASN WMS-ASN-EXT-00004 Carton CNWH63196: Assigned=Received, Actual=Received, ReceivedQty=10
[2026-04-23 15:02:44] INFO: ASN WMS-ASN-EXT-00004 Carton CNWH63197: Assigned=Received, Actual=Received, ReceivedQty=10
[2026-04-23 15:02:44] INFO: ASN WMS-ASN-EXT-00004 Carton CNWH63198: Assigned=Received, Actual=Received, ReceivedQty=10
[2026-04-23 15:02:44] INFO: ASN WMS-ASN-EXT-00004 Carton CNWH63199: Assigned=Received, Actual=Received, ReceivedQty=10
[2026-04-23 15:02:44] INFO: ASN WMS-ASN-EXT-00004 Carton CNWH63200: Assigned=Received, Actual=Received, ReceivedQty=10
[2026-04-23 15:02:44] INFO: ASN WMS-ASN-EXT-00004 Carton CNWH63266: Assigned=Received, Actual=Received, ReceivedQty=10
[2026-04-23 15:02:44] INFO: ASN WMS-ASN-EXT-00004 Carton CNWH63268: Assigned=Received, Actual=Received, ReceivedQty=10
[2026-04-23 15:02:44] INFO: ASN WMS-ASN-EXT-00004 Carton CNWH63269: Assigned=Received, Actual=Received, ReceivedQty=10
[2026-04-23 15:02:44] INFO: ASN WMS-ASN-EXT-00004 Carton CNWH63270: Assigned=Received, Actual=Received, ReceivedQty=10
[2026-04-23 15:02:44] INFO: ASN WMS-ASN-EXT-00004 Carton CNWH63271: Assigned=Received, Actual=Received, ReceivedQty=10
[2026-04-23 15:02:44] INFO: ASN WMS-ASN-EXT-00004 Carton CNWH63272: Assigned=Received, Actual=Received, ReceivedQty=10
[2026-04-23 15:02:44] INFO: ASN WMS-ASN-EXT-00004 Carton CNWH63275: Assigned=Received, Actual=Received, ReceivedQty=10
[2026-04-23 15:02:44] INFO: ASN WMS-ASN-EXT-00004 Carton CNWH63277: Assigned=Received, Actual=Received, ReceivedQty=10
[2026-04-23 15:02:44] INFO: ASN WMS-ASN-EXT-00004 Carton CNWH63280: Assigned=Received, Actual=Received, ReceivedQty=10
[2026-04-23 15:02:44] INFO: ASN WMS-ASN-EXT-00004 Carton CNWH63282: Assigned=Received, Actual=Received, ReceivedQty=10
[2026-04-23 15:02:44] INFO: ASN WMS-ASN-EXT-00004 Carton CNWH63283: Assigned=Received, Actual=Received, ReceivedQty=10
[2026-04-23 15:02:44] INFO: ASN WMS-ASN-EXT-00004 Carton CNWH63284: Assigned=Received, Actual=Received, ReceivedQty=10
[2026-04-23 15:02:44] INFO: ASN WMS-ASN-EXT-00004 Carton CNWH63285: Assigned=Received, Actual=Received, ReceivedQty=10
[2026-04-23 15:02:44] INFO: ASN WMS-ASN-EXT-00004 Carton CNWH63286: Assigned=Received, Actual=Received, ReceivedQty=10
[2026-04-23 15:02:44] INFO: ASN WMS-ASN-EXT-00004 Carton CNWH63287: Assigned=Received, Actual=Received, ReceivedQty=10
[2026-04-23 15:02:44] INFO: ASN WMS-ASN-EXT-00004 Carton CNWH63288: Assigned=Received, Actual=Received, ReceivedQty=10
[2026-04-23 15:02:44] INFO: ASN WMS-ASN-EXT-00004 Carton CNWH63289: Assigned=Received, Actual=Received, ReceivedQty=10
[2026-04-23 15:02:44] INFO: ASN WMS-ASN-EXT-00004 Carton CNWH63441: Assigned=Received, Actual=Received, ReceivedQty=10
[2026-04-23 15:02:44] INFO: ASN WMS-ASN-EXT-00004 Carton CNWH63442: Assigned=Received, Actual=Received, ReceivedQty=10
[2026-04-23 15:02:44] INFO: ASN WMS-ASN-EXT-00004 Carton CNWH65363: Assigned=Received, Actual=Received, ReceivedQty=10
[2026-04-23 15:02:44] INFO: ASN WMS-ASN-EXT-00004 Carton CNWH63502: Assigned=Received, Actual=Received, ReceivedQty=10
[2026-04-23 15:02:44] INFO: ASN WMS-ASN-EXT-00004 Carton CNWH63502: Assigned=Received, Actual=Received, ReceivedQty=10
[2026-04-23 15:02:44] INFO: ASN WMS-ASN-EXT-00004 Carton CNWH64607: Assigned=Received, Actual=Received, ReceivedQty=10
[2026-04-23 15:03:02] INFO: ASN ASN-0001 Carton CNWH12858: Assigned=Assigned, Actual=Assigned, ReceivedQty=0
[2026-04-23 15:03:02] INFO: ASN ASN-0001 Carton CNWH12854: Assigned=Assigned, Actual=Assigned, ReceivedQty=0
[2026-04-23 15:03:02] INFO: ASN ASN-0001 Carton CNWH15390: Assigned=Assigned, Actual=Assigned, ReceivedQty=0
[2026-04-23 15:03:02] INFO: ASN ASN-0001 Carton CNWH42441: Assigned=Assigned, Actual=Assigned, ReceivedQty=0
[2026-04-23 15:03:02] INFO: ASN ASN-0001 Carton CNWH64571: Assigned=Assigned, Actual=Assigned, ReceivedQty=0
[2026-04-23 15:03:02] INFO: ASN ASN-0001 Carton CNWH64521: Assigned=Assigned, Actual=Assigned, ReceivedQty=0
[2026-04-23 15:03:02] INFO: ASN ASN-0001 Carton CNWH63561: Assigned=Assigned, Actual=Assigned, ReceivedQty=0
[2026-04-23 15:03:02] INFO: ASN ASN-0001 Carton CNWH63609: Assigned=Assigned, Actual=Assigned, ReceivedQty=0
[2026-04-23 15:03:02] INFO: ASN WMS-ASN-EXT-00004 Carton CNWH63179: Assigned=Received, Actual=Received, ReceivedQty=10
[2026-04-23 15:03:02] INFO: ASN WMS-ASN-EXT-00004 Carton CNWH63180: Assigned=Received, Actual=Received, ReceivedQty=10
[2026-04-23 15:03:02] INFO: ASN WMS-ASN-EXT-00004 Carton CNWH63196: Assigned=Received, Actual=Received, ReceivedQty=10
[2026-04-23 15:03:02] INFO: ASN WMS-ASN-EXT-00004 Carton CNWH63197: Assigned=Received, Actual=Received, ReceivedQty=10
[2026-04-23 15:03:02] INFO: ASN WMS-ASN-EXT-00004 Carton CNWH63198: Assigned=Received, Actual=Received, ReceivedQty=10
[2026-04-23 15:03:02] INFO: ASN WMS-ASN-EXT-00004 Carton CNWH63199: Assigned=Received, Actual=Received, ReceivedQty=10
[2026-04-23 15:03:02] INFO: ASN WMS-ASN-EXT-00004 Carton CNWH63200: Assigned=Received, Actual=Received, ReceivedQty=10
[2026-04-23 15:03:02] INFO: ASN WMS-ASN-EXT-00004 Carton CNWH63266: Assigned=Received, Actual=Received, ReceivedQty=10
[2026-04-23 15:03:02] INFO: ASN WMS-ASN-EXT-00004 Carton CNWH63268: Assigned=Received, Actual=Received, ReceivedQty=10
[2026-04-23 15:03:02] INFO: ASN WMS-ASN-EXT-00004 Carton CNWH63269: Assigned=Received, Actual=Received, ReceivedQty=10
[2026-04-23 15:03:02] INFO: ASN WMS-ASN-EXT-00004 Carton CNWH63270: Assigned=Received, Actual=Received, ReceivedQty=10
[2026-04-23 15:03:02] INFO: ASN WMS-ASN-EXT-00004 Carton CNWH63271: Assigned=Received, Actual=Received, ReceivedQty=10
[2026-04-23 15:03:02] INFO: ASN WMS-ASN-EXT-00004 Carton CNWH63272: Assigned=Received, Actual=Received, ReceivedQty=10
[2026-04-23 15:03:02] INFO: ASN WMS-ASN-EXT-00004 Carton CNWH63275: Assigned=Received, Actual=Received, ReceivedQty=10
[2026-04-23 15:03:02] INFO: ASN WMS-ASN-EXT-00004 Carton CNWH63277: Assigned=Received, Actual=Received, ReceivedQty=10
[2026-04-23 15:03:02] INFO: ASN WMS-ASN-EXT-00004 Carton CNWH63280: Assigned=Received, Actual=Received, ReceivedQty=10
[2026-04-23 15:03:02] INFO: ASN WMS-ASN-EXT-00004 Carton CNWH63282: Assigned=Received, Actual=Received, ReceivedQty=10
[2026-04-23 15:03:02] INFO: ASN WMS-ASN-EXT-00004 Carton CNWH63283: Assigned=Received, Actual=Received, ReceivedQty=10
[2026-04-23 15:03:02] INFO: ASN WMS-ASN-EXT-00004 Carton CNWH63284: Assigned=Received, Actual=Received, ReceivedQty=10
[2026-04-23 15:03:02] INFO: ASN WMS-ASN-EXT-00004 Carton CNWH63285: Assigned=Received, Actual=Received, ReceivedQty=10
[2026-04-23 15:03:02] INFO: ASN WMS-ASN-EXT-00004 Carton CNWH63286: Assigned=Received, Actual=Received, ReceivedQty=10
[2026-04-23 15:03:02] INFO: ASN WMS-ASN-EXT-00004 Carton CNWH63287: Assigned=Received, Actual=Received, ReceivedQty=10
[2026-04-23 15:03:02] INFO: ASN WMS-ASN-EXT-00004 Carton CNWH63288: Assigned=Received, Actual=Received, ReceivedQty=10
[2026-04-23 15:03:02] INFO: ASN WMS-ASN-EXT-00004 Carton CNWH63289: Assigned=Received, Actual=Received, ReceivedQty=10
[2026-04-23 15:03:02] INFO: ASN WMS-ASN-EXT-00004 Carton CNWH63441: Assigned=Received, Actual=Received, ReceivedQty=10
[2026-04-23 15:03:02] INFO: ASN WMS-ASN-EXT-00004 Carton CNWH63442: Assigned=Received, Actual=Received, ReceivedQty=10
[2026-04-23 15:03:02] INFO: ASN WMS-ASN-EXT-00004 Carton CNWH63444: Assigned=Received, Actual=Received, ReceivedQty=10
[2026-04-23 15:03:02] INFO: ASN WMS-ASN-EXT-00004 Carton CNWH63446: Assigned=Received, Actual=Received, ReceivedQty=10
[2026-04-23 15:03:02] INFO: ASN WMS-ASN-EXT-00004 Carton CNWH63448: Assigned=Received, Actual=Received, ReceivedQty=10
[2026-04-23 15:03:02] INFO: ASN WMS-ASN-EXT-00004 Carton CNWH65363: Assigned=Received, Actual=Received, ReceivedQty=10
[2026-04-23 15:03:02] INFO: ASN WMS-ASN-EXT-00004 Carton CNWH63179: Assigned=Received, Actual=Received, ReceivedQty=10
[2026-04-23 15:03:02] INFO: ASN WMS-ASN-EXT-00004 Carton CNWH63180: Assigned=Received, Actual=Received, ReceivedQty=10
[2026-04-23 15:03:02] INFO: ASN WMS-ASN-EXT-00004 Carton CNWH63196: Assigned=Received, Actual=Received, ReceivedQty=10
[2026-04-23 15:03:02] INFO: ASN WMS-ASN-EXT-00004 Carton CNWH63197: Assigned=Received, Actual=Received, ReceivedQty=10
[2026-04-23 15:03:02] INFO: ASN WMS-ASN-EXT-00004 Carton CNWH63198: Assigned=Received, Actual=Received, ReceivedQty=10
[2026-04-23 15:03:02] INFO: ASN WMS-ASN-EXT-00004 Carton CNWH63199: Assigned=Received, Actual=Received, ReceivedQty=10
[2026-04-23 15:03:02] INFO: ASN WMS-ASN-EXT-00004 Carton CNWH63200: Assigned=Received, Actual=Received, ReceivedQty=10
[2026-04-23 15:03:02] INFO: ASN WMS-ASN-EXT-00004 Carton CNWH63266: Assigned=Received, Actual=Received, ReceivedQty=10
[2026-04-23 15:03:02] INFO: ASN WMS-ASN-EXT-00004 Carton CNWH63268: Assigned=Received, Actual=Received, ReceivedQty=10
[2026-04-23 15:03:02] INFO: ASN WMS-ASN-EXT-00004 Carton CNWH63269: Assigned=Received, Actual=Received, ReceivedQty=10
[2026-04-23 15:03:02] INFO: ASN WMS-ASN-EXT-00004 Carton CNWH63270: Assigned=Received, Actual=Received, ReceivedQty=10
[2026-04-23 15:03:02] INFO: ASN WMS-ASN-EXT-00004 Carton CNWH63271: Assigned=Received, Actual=Received, ReceivedQty=10
[2026-04-23 15:03:02] INFO: ASN WMS-ASN-EXT-00004 Carton CNWH63272: Assigned=Received, Actual=Received, ReceivedQty=10
[2026-04-23 15:03:02] INFO: ASN WMS-ASN-EXT-00004 Carton CNWH63275: Assigned=Received, Actual=Received, ReceivedQty=10
[2026-04-23 15:03:02] INFO: ASN WMS-ASN-EXT-00004 Carton CNWH63277: Assigned=Received, Actual=Received, ReceivedQty=10
[2026-04-23 15:03:02] INFO: ASN WMS-ASN-EXT-00004 Carton CNWH63280: Assigned=Received, Actual=Received, ReceivedQty=10
[2026-04-23 15:03:02] INFO: ASN WMS-ASN-EXT-00004 Carton CNWH63282: Assigned=Received, Actual=Received, ReceivedQty=10
[2026-04-23 15:03:02] INFO: ASN WMS-ASN-EXT-00004 Carton CNWH63283: Assigned=Received, Actual=Received, ReceivedQty=10
[2026-04-23 15:03:02] INFO: ASN WMS-ASN-EXT-00004 Carton CNWH63284: Assigned=Received, Actual=Received, ReceivedQty=10
[2026-04-23 15:03:02] INFO: ASN WMS-ASN-EXT-00004 Carton CNWH63285: Assigned=Received, Actual=Received, ReceivedQty=10
[2026-04-23 15:03:02] INFO: ASN WMS-ASN-EXT-00004 Carton CNWH63286: Assigned=Received, Actual=Received, ReceivedQty=10
[2026-04-23 15:03:02] INFO: ASN WMS-ASN-EXT-00004 Carton CNWH63287: Assigned=Received, Actual=Received, ReceivedQty=10
[2026-04-23 15:03:02] INFO: ASN WMS-ASN-EXT-00004 Carton CNWH63288: Assigned=Received, Actual=Received, ReceivedQty=10
[2026-04-23 15:03:02] INFO: ASN WMS-ASN-EXT-00004 Carton CNWH63289: Assigned=Received, Actual=Received, ReceivedQty=10
[2026-04-23 15:03:02] INFO: ASN WMS-ASN-EXT-00004 Carton CNWH63441: Assigned=Received, Actual=Received, ReceivedQty=10
[2026-04-23 15:03:02] INFO: ASN WMS-ASN-EXT-00004 Carton CNWH63442: Assigned=Received, Actual=Received, ReceivedQty=10
[2026-04-23 15:03:02] INFO: ASN WMS-ASN-EXT-00004 Carton CNWH65363: Assigned=Received, Actual=Received, ReceivedQty=10
[2026-04-23 15:03:02] INFO: ASN WMS-ASN-EXT-00004 Carton CNWH63502: Assigned=Received, Actual=Received, ReceivedQty=10
[2026-04-23 15:03:02] INFO: ASN WMS-ASN-EXT-00004 Carton CNWH63502: Assigned=Received, Actual=Received, ReceivedQty=10
[2026-04-23 15:03:02] INFO: ASN WMS-ASN-EXT-00004 Carton CNWH64607: Assigned=Received, Actual=Received, ReceivedQty=10
[2026-04-23 15:05:58] INFO: ASN ASN-0001 Carton CNWH12858: Assigned=Assigned, Actual=Assigned, ReceivedQty=0
[2026-04-23 15:05:58] INFO: ASN ASN-0001 Carton CNWH12854: Assigned=Assigned, Actual=Assigned, ReceivedQty=0
[2026-04-23 15:05:58] INFO: ASN ASN-0001 Carton CNWH15390: Assigned=Assigned, Actual=Assigned, ReceivedQty=0
[2026-04-23 15:05:58] INFO: ASN ASN-0001 Carton CNWH42441: Assigned=Assigned, Actual=Assigned, ReceivedQty=0
[2026-04-23 15:05:58] INFO: ASN ASN-0001 Carton CNWH64571: Assigned=Assigned, Actual=Assigned, ReceivedQty=0
[2026-04-23 15:05:58] INFO: ASN ASN-0001 Carton CNWH64521: Assigned=Assigned, Actual=Assigned, ReceivedQty=0
[2026-04-23 15:05:58] INFO: ASN ASN-0001 Carton CNWH63561: Assigned=Assigned, Actual=Assigned, ReceivedQty=0
[2026-04-23 15:05:58] INFO: ASN ASN-0001 Carton CNWH63609: Assigned=Assigned, Actual=Assigned, ReceivedQty=0
[2026-04-23 15:05:58] INFO: ASN WMS-ASN-EXT-00004 Carton CNWH63179: Assigned=Received, Actual=Received, ReceivedQty=10
[2026-04-23 15:05:58] INFO: ASN WMS-ASN-EXT-00004 Carton CNWH63180: Assigned=Received, Actual=Received, ReceivedQty=10
[2026-04-23 15:05:58] INFO: ASN WMS-ASN-EXT-00004 Carton CNWH63196: Assigned=Received, Actual=Received, ReceivedQty=10
[2026-04-23 15:05:58] INFO: ASN WMS-ASN-EXT-00004 Carton CNWH63197: Assigned=Received, Actual=Received, ReceivedQty=10
[2026-04-23 15:05:58] INFO: ASN WMS-ASN-EXT-00004 Carton CNWH63198: Assigned=Received, Actual=Received, ReceivedQty=10
[2026-04-23 15:05:58] INFO: ASN WMS-ASN-EXT-00004 Carton CNWH63199: Assigned=Received, Actual=Received, ReceivedQty=10
[2026-04-23 15:05:58] INFO: ASN WMS-ASN-EXT-00004 Carton CNWH63200: Assigned=Received, Actual=Received, ReceivedQty=10
[2026-04-23 15:05:58] INFO: ASN WMS-ASN-EXT-00004 Carton CNWH63266: Assigned=Received, Actual=Received, ReceivedQty=10
[2026-04-23 15:05:58] INFO: ASN WMS-ASN-EXT-00004 Carton CNWH63268: Assigned=Received, Actual=Received, ReceivedQty=10
[2026-04-23 15:05:58] INFO: ASN WMS-ASN-EXT-00004 Carton CNWH63269: Assigned=Received, Actual=Received, ReceivedQty=10
[2026-04-23 15:05:58] INFO: ASN WMS-ASN-EXT-00004 Carton CNWH63270: Assigned=Received, Actual=Received, ReceivedQty=10
[2026-04-23 15:05:58] INFO: ASN WMS-ASN-EXT-00004 Carton CNWH63271: Assigned=Received, Actual=Received, ReceivedQty=10
[2026-04-23 15:05:58] INFO: ASN WMS-ASN-EXT-00004 Carton CNWH63272: Assigned=Received, Actual=Received, ReceivedQty=10
[2026-04-23 15:05:58] INFO: ASN WMS-ASN-EXT-00004 Carton CNWH63275: Assigned=Received, Actual=Received, ReceivedQty=10
[2026-04-23 15:05:58] INFO: ASN WMS-ASN-EXT-00004 Carton CNWH63277: Assigned=Received, Actual=Received, ReceivedQty=10
[2026-04-23 15:05:58] INFO: ASN WMS-ASN-EXT-00004 Carton CNWH63280: Assigned=Received, Actual=Received, ReceivedQty=10
[2026-04-23 15:05:58] INFO: ASN WMS-ASN-EXT-00004 Carton CNWH63282: Assigned=Received, Actual=Received, ReceivedQty=10
[2026-04-23 15:05:58] INFO: ASN WMS-ASN-EXT-00004 Carton CNWH63283: Assigned=Received, Actual=Received, ReceivedQty=10
[2026-04-23 15:05:58] INFO: ASN WMS-ASN-EXT-00004 Carton CNWH63284: Assigned=Received, Actual=Received, ReceivedQty=10
[2026-04-23 15:05:58] INFO: ASN WMS-ASN-EXT-00004 Carton CNWH63285: Assigned=Received, Actual=Received, ReceivedQty=10
[2026-04-23 15:05:58] INFO: ASN WMS-ASN-EXT-00004 Carton CNWH63286: Assigned=Received, Actual=Received, ReceivedQty=10
[2026-04-23 15:05:58] INFO: ASN WMS-ASN-EXT-00004 Carton CNWH63287: Assigned=Received, Actual=Received, ReceivedQty=10
[2026-04-23 15:05:58] INFO: ASN WMS-ASN-EXT-00004 Carton CNWH63288: Assigned=Received, Actual=Received, ReceivedQty=10
[2026-04-23 15:05:58] INFO: ASN WMS-ASN-EXT-00004 Carton CNWH63289: Assigned=Received, Actual=Received, ReceivedQty=10
[2026-04-23 15:05:58] INFO: ASN WMS-ASN-EXT-00004 Carton CNWH63441: Assigned=Received, Actual=Received, ReceivedQty=10
[2026-04-23 15:05:58] INFO: ASN WMS-ASN-EXT-00004 Carton CNWH63442: Assigned=Received, Actual=Received, ReceivedQty=10
[2026-04-23 15:05:58] INFO: ASN WMS-ASN-EXT-00004 Carton CNWH63444: Assigned=Received, Actual=Received, ReceivedQty=10
[2026-04-23 15:05:58] INFO: ASN WMS-ASN-EXT-00004 Carton CNWH63446: Assigned=Received, Actual=Received, ReceivedQty=10
[2026-04-23 15:05:58] INFO: ASN WMS-ASN-EXT-00004 Carton CNWH63448: Assigned=Received, Actual=Received, ReceivedQty=10
[2026-04-23 15:05:58] INFO: ASN WMS-ASN-EXT-00004 Carton CNWH65363: Assigned=Received, Actual=Received, ReceivedQty=10
[2026-04-23 15:05:58] INFO: ASN WMS-ASN-EXT-00004 Carton CNWH63179: Assigned=Received, Actual=Received, ReceivedQty=10
[2026-04-23 15:05:58] INFO: ASN WMS-ASN-EXT-00004 Carton CNWH63180: Assigned=Received, Actual=Received, ReceivedQty=10
[2026-04-23 15:05:58] INFO: ASN WMS-ASN-EXT-00004 Carton CNWH63196: Assigned=Received, Actual=Received, ReceivedQty=10
[2026-04-23 15:05:58] INFO: ASN WMS-ASN-EXT-00004 Carton CNWH63197: Assigned=Received, Actual=Received, ReceivedQty=10
[2026-04-23 15:05:58] INFO: ASN WMS-ASN-EXT-00004 Carton CNWH63198: Assigned=Received, Actual=Received, ReceivedQty=10
[2026-04-23 15:05:58] INFO: ASN WMS-ASN-EXT-00004 Carton CNWH63199: Assigned=Received, Actual=Received, ReceivedQty=10
[2026-04-23 15:05:58] INFO: ASN WMS-ASN-EXT-00004 Carton CNWH63200: Assigned=Received, Actual=Received, ReceivedQty=10
[2026-04-23 15:05:58] INFO: ASN WMS-ASN-EXT-00004 Carton CNWH63266: Assigned=Received, Actual=Received, ReceivedQty=10
[2026-04-23 15:05:58] INFO: ASN WMS-ASN-EXT-00004 Carton CNWH63268: Assigned=Received, Actual=Received, ReceivedQty=10
[2026-04-23 15:05:58] INFO: ASN WMS-ASN-EXT-00004 Carton CNWH63269: Assigned=Received, Actual=Received, ReceivedQty=10
[2026-04-23 15:05:58] INFO: ASN WMS-ASN-EXT-00004 Carton CNWH63270: Assigned=Received, Actual=Received, ReceivedQty=10
[2026-04-23 15:05:58] INFO: ASN WMS-ASN-EXT-00004 Carton CNWH63271: Assigned=Received, Actual=Received, ReceivedQty=10
[2026-04-23 15:05:58] INFO: ASN WMS-ASN-EXT-00004 Carton CNWH63272: Assigned=Received, Actual=Received, ReceivedQty=10
[2026-04-23 15:05:58] INFO: ASN WMS-ASN-EXT-00004 Carton CNWH63275: Assigned=Received, Actual=Received, ReceivedQty=10
[2026-04-23 15:05:58] INFO: ASN WMS-ASN-EXT-00004 Carton CNWH63277: Assigned=Received, Actual=Received, ReceivedQty=10
[2026-04-23 15:05:58] INFO: ASN WMS-ASN-EXT-00004 Carton CNWH63280: Assigned=Received, Actual=Received, ReceivedQty=10
[2026-04-23 15:05:58] INFO: ASN WMS-ASN-EXT-00004 Carton CNWH63282: Assigned=Received, Actual=Received, ReceivedQty=10
[2026-04-23 15:05:58] INFO: ASN WMS-ASN-EXT-00004 Carton CNWH63283: Assigned=Received, Actual=Received, ReceivedQty=10
[2026-04-23 15:05:58] INFO: ASN WMS-ASN-EXT-00004 Carton CNWH63284: Assigned=Received, Actual=Received, ReceivedQty=10
[2026-04-23 15:05:58] INFO: ASN WMS-ASN-EXT-00004 Carton CNWH63285: Assigned=Received, Actual=Received, ReceivedQty=10
[2026-04-23 15:05:58] INFO: ASN WMS-ASN-EXT-00004 Carton CNWH63286: Assigned=Received, Actual=Received, ReceivedQty=10
[2026-04-23 15:05:58] INFO: ASN WMS-ASN-EXT-00004 Carton CNWH63287: Assigned=Received, Actual=Received, ReceivedQty=10
[2026-04-23 15:05:58] INFO: ASN WMS-ASN-EXT-00004 Carton CNWH63288: Assigned=Received, Actual=Received, ReceivedQty=10
[2026-04-23 15:05:58] INFO: ASN WMS-ASN-EXT-00004 Carton CNWH63289: Assigned=Received, Actual=Received, ReceivedQty=10
[2026-04-23 15:05:58] INFO: ASN WMS-ASN-EXT-00004 Carton CNWH63441: Assigned=Received, Actual=Received, ReceivedQty=10
[2026-04-23 15:05:58] INFO: ASN WMS-ASN-EXT-00004 Carton CNWH63442: Assigned=Received, Actual=Received, ReceivedQty=10
[2026-04-23 15:05:58] INFO: ASN WMS-ASN-EXT-00004 Carton CNWH65363: Assigned=Received, Actual=Received, ReceivedQty=10
[2026-04-23 15:05:58] INFO: ASN WMS-ASN-EXT-00004 Carton CNWH63502: Assigned=Received, Actual=Received, ReceivedQty=10
[2026-04-23 15:05:58] INFO: ASN WMS-ASN-EXT-00004 Carton CNWH63502: Assigned=Received, Actual=Received, ReceivedQty=10
[2026-04-23 15:05:58] INFO: ASN WMS-ASN-EXT-00004 Carton CNWH64607: Assigned=Received, Actual=Received, ReceivedQty=10
[2026-04-23 15:05:59] INFO: ErpNextWmsSyncApiService: Fetched 4 item code(s) from ERPNext for ASN WMS-ASN-EXT-00004 (use as filter for PR/received qty).
[2026-04-23 15:05:59] INFO: ErpNextWmsSyncApiService: Pushing ASN received qty for WMS-ASN-EXT-00004, 60 line(s) (one per WMS detail row). Summary: [324249:10(ctn:CNWH63179), 324249:10(ctn:CNWH63180), 324249:10(ctn:CNWH63196), 324249:10(ctn:CNWH63197), 324249:10(ctn:CNWH63198), 324249:10(ctn:CNWH63199), 324249:10(ctn:CNWH63200), 324249:10(ctn:CNWH63266), 324249:10(ctn:CNWH63268), 324249:10(ctn:CNWH63269), 324249:10(ctn:CNWH63270), 324249:10(ctn:CNWH63271), 324249:10(ctn:CNWH63272), 324249:10(ctn:CNWH63275), 324249:10(ctn:CNWH63277), 324249:10(ctn:CNWH63280), 324249:10(ctn:CNWH63282), 324249:10(ctn:CNWH63283), 324249:10(ctn:CNWH63284), 324249:10(ctn:CNWH63285), 324249:10(ctn:CNWH63286), 324249:10(ctn:CNWH63287), 324249:10(ctn:CNWH63288), 324249:10(ctn:CNWH63289), 324249:10(ctn:CNWH63441), 324249:10(ctn:CNWH63442), 324249:10(ctn:CNWH63444), 324249:10(ctn:CNWH63446), 324249:10(ctn:CNWH63448), 324249:10(ctn:CNWH65363), 324250:10(ctn:CNWH63179), 324250:10(ctn:CNWH63180), 324250:10(ctn:CNWH63196), 324250:10(ctn:CNWH63197), 324250:10(ctn:CNWH63198), 324250:10(ctn:CNWH63199), 324250:10(ctn:CNWH63200), 324250:10(ctn:CNWH63266), 324250:10(ctn:CNWH63268), 324250:10(ctn:CNWH63269), 324250:10(ctn:CNWH63270), 324250:10(ctn:CNWH63271), 324250:10(ctn:CNWH63272), 324250:10(ctn:CNWH63275), 324250:10(ctn:CNWH63277), 324250:10(ctn:CNWH63280), 324250:10(ctn:CNWH63282), 324250:10(ctn:CNWH63283), 324250:10(ctn:CNWH63284), 324250:10(ctn:CNWH63285), 324250:10(ctn:CNWH63286), 324250:10(ctn:CNWH63287), 324250:10(ctn:CNWH63288), 324250:10(ctn:CNWH63289), 324250:10(ctn:CNWH63441), 324250:10(ctn:CNWH63442), 324250:10(ctn:CNWH65363), 324251:10(ctn:CNWH63502), 324252:10(ctn:CNWH63502), 324252:10(ctn:CNWH64607)], to http://printechsdammam.dyndns.org:88/api/method/printechs_wms.api.asn_receiving.update_asn_received_qty
[2026-04-23 15:06:00] INFO: ErpNextWmsSyncApiService: ASN received qty updated successfully.
[2026-04-23 15:06:00] INFO: ErpNextWmsSyncApiService: Fetched 4 item code(s) from ERPNext for ASN WMS-ASN-EXT-00004 (use as filter for PR/received qty).
[2026-04-23 15:06:00] INFO: ErpNextWmsSyncApiService: Creating Purchase Receipt for ASN WMS-ASN-EXT-00004, warehouse Main Warehouse - MAATC, 60 line(s). Item codes: [324249:10, 324249:10, 324249:10, 324249:10, 324249:10, 324249:10, 324249:10, 324249:10, 324249:10, 324249:10, 324249:10, 324249:10, 324249:10, 324249:10, 324249:10, 324249:10, 324249:10, 324249:10, 324249:10, 324249:10, 324249:10, 324249:10, 324249:10, 324249:10, 324249:10, 324249:10, 324249:10, 324249:10, 324249:10, 324249:10, 324250:10, 324250:10, 324250:10, 324250:10, 324250:10, 324250:10, 324250:10, 324250:10, 324250:10, 324250:10, 324250:10, 324250:10, 324250:10, 324250:10, 324250:10, 324250:10, 324250:10, 324250:10, 324250:10, 324250:10, 324250:10, 324250:10, 324250:10, 324250:10, 324250:10, 324250:10, 324250:10, 324251:10, 324252:10, 324252:10]
[2026-04-23 15:06:00] INFO: ErpNextWmsSyncApiService: Create Purchase Receipt succeeded. Purchase Receipt: MAT-PRE-2026-00006
[2026-04-23 15:06:00] INFO: AsnDataService: SetAsnPurchaseReceiptNo saved MAT-PRE-2026-00006 for ASN WMS-ASN-EXT-00004.
[2026-04-23 15:06:00] INFO: ASN ASN-0001 Carton CNWH12858: Assigned=Assigned, Actual=Assigned, ReceivedQty=0
[2026-04-23 15:06:00] INFO: ASN ASN-0001 Carton CNWH12854: Assigned=Assigned, Actual=Assigned, ReceivedQty=0
[2026-04-23 15:06:00] INFO: ASN ASN-0001 Carton CNWH15390: Assigned=Assigned, Actual=Assigned, ReceivedQty=0
[2026-04-23 15:06:00] INFO: ASN ASN-0001 Carton CNWH42441: Assigned=Assigned, Actual=Assigned, ReceivedQty=0
[2026-04-23 15:06:00] INFO: ASN ASN-0001 Carton CNWH64571: Assigned=Assigned, Actual=Assigned, ReceivedQty=0
[2026-04-23 15:06:00] INFO: ASN ASN-0001 Carton CNWH64521: Assigned=Assigned, Actual=Assigned, ReceivedQty=0
[2026-04-23 15:06:00] INFO: ASN ASN-0001 Carton CNWH63561: Assigned=Assigned, Actual=Assigned, ReceivedQty=0
[2026-04-23 15:06:00] INFO: ASN ASN-0001 Carton CNWH63609: Assigned=Assigned, Actual=Assigned, ReceivedQty=0
[2026-04-23 15:06:00] INFO: ASN WMS-ASN-EXT-00004 Carton CNWH63179: Assigned=Received, Actual=Received, ReceivedQty=10
[2026-04-23 15:06:00] INFO: ASN WMS-ASN-EXT-00004 Carton CNWH63180: Assigned=Received, Actual=Received, ReceivedQty=10
[2026-04-23 15:06:00] INFO: ASN WMS-ASN-EXT-00004 Carton CNWH63196: Assigned=Received, Actual=Received, ReceivedQty=10
[2026-04-23 15:06:00] INFO: ASN WMS-ASN-EXT-00004 Carton CNWH63197: Assigned=Received, Actual=Received, ReceivedQty=10
[2026-04-23 15:06:00] INFO: ASN WMS-ASN-EXT-00004 Carton CNWH63198: Assigned=Received, Actual=Received, ReceivedQty=10
[2026-04-23 15:06:00] INFO: ASN WMS-ASN-EXT-00004 Carton CNWH63199: Assigned=Received, Actual=Received, ReceivedQty=10
[2026-04-23 15:06:00] INFO: ASN WMS-ASN-EXT-00004 Carton CNWH63200: Assigned=Received, Actual=Received, ReceivedQty=10
[2026-04-23 15:06:00] INFO: ASN WMS-ASN-EXT-00004 Carton CNWH63266: Assigned=Received, Actual=Received, ReceivedQty=10
[2026-04-23 15:06:00] INFO: ASN WMS-ASN-EXT-00004 Carton CNWH63268: Assigned=Received, Actual=Received, ReceivedQty=10
[2026-04-23 15:06:00] INFO: ASN WMS-ASN-EXT-00004 Carton CNWH63269: Assigned=Received, Actual=Received, ReceivedQty=10
[2026-04-23 15:06:00] INFO: ASN WMS-ASN-EXT-00004 Carton CNWH63270: Assigned=Received, Actual=Received, ReceivedQty=10
[2026-04-23 15:06:00] INFO: ASN WMS-ASN-EXT-00004 Carton CNWH63271: Assigned=Received, Actual=Received, ReceivedQty=10
[2026-04-23 15:06:00] INFO: ASN WMS-ASN-EXT-00004 Carton CNWH63272: Assigned=Received, Actual=Received, ReceivedQty=10
[2026-04-23 15:06:00] INFO: ASN WMS-ASN-EXT-00004 Carton CNWH63275: Assigned=Received, Actual=Received, ReceivedQty=10
[2026-04-23 15:06:00] INFO: ASN WMS-ASN-EXT-00004 Carton CNWH63277: Assigned=Received, Actual=Received, ReceivedQty=10
[2026-04-23 15:06:00] INFO: ASN WMS-ASN-EXT-00004 Carton CNWH63280: Assigned=Received, Actual=Received, ReceivedQty=10
[2026-04-23 15:06:00] INFO: ASN WMS-ASN-EXT-00004 Carton CNWH63282: Assigned=Received, Actual=Received, ReceivedQty=10
[2026-04-23 15:06:00] INFO: ASN WMS-ASN-EXT-00004 Carton CNWH63283: Assigned=Received, Actual=Received, ReceivedQty=10
[2026-04-23 15:06:00] INFO: ASN WMS-ASN-EXT-00004 Carton CNWH63284: Assigned=Received, Actual=Received, ReceivedQty=10
[2026-04-23 15:06:00] INFO: ASN WMS-ASN-EXT-00004 Carton CNWH63285: Assigned=Received, Actual=Received, ReceivedQty=10
[2026-04-23 15:06:00] INFO: ASN WMS-ASN-EXT-00004 Carton CNWH63286: Assigned=Received, Actual=Received, ReceivedQty=10
[2026-04-23 15:06:00] INFO: ASN WMS-ASN-EXT-00004 Carton CNWH63287: Assigned=Received, Actual=Received, ReceivedQty=10
[2026-04-23 15:06:00] INFO: ASN WMS-ASN-EXT-00004 Carton CNWH63288: Assigned=Received, Actual=Received, ReceivedQty=10
[2026-04-23 15:06:00] INFO: ASN WMS-ASN-EXT-00004 Carton CNWH63289: Assigned=Received, Actual=Received, ReceivedQty=10
[2026-04-23 15:06:00] INFO: ASN WMS-ASN-EXT-00004 Carton CNWH63441: Assigned=Received, Actual=Received, ReceivedQty=10
[2026-04-23 15:06:00] INFO: ASN WMS-ASN-EXT-00004 Carton CNWH63442: Assigned=Received, Actual=Received, ReceivedQty=10
[2026-04-23 15:06:00] INFO: ASN WMS-ASN-EXT-00004 Carton CNWH63444: Assigned=Received, Actual=Received, ReceivedQty=10
[2026-04-23 15:06:00] INFO: ASN WMS-ASN-EXT-00004 Carton CNWH63446: Assigned=Received, Actual=Received, ReceivedQty=10
[2026-04-23 15:06:00] INFO: ASN WMS-ASN-EXT-00004 Carton CNWH63448: Assigned=Received, Actual=Received, ReceivedQty=10
[2026-04-23 15:06:00] INFO: ASN WMS-ASN-EXT-00004 Carton CNWH65363: Assigned=Received, Actual=Received, ReceivedQty=10
[2026-04-23 15:06:00] INFO: ASN WMS-ASN-EXT-00004 Carton CNWH63179: Assigned=Received, Actual=Received, ReceivedQty=10
[2026-04-23 15:06:00] INFO: ASN WMS-ASN-EXT-00004 Carton CNWH63180: Assigned=Received, Actual=Received, ReceivedQty=10
[2026-04-23 15:06:00] INFO: ASN WMS-ASN-EXT-00004 Carton CNWH63196: Assigned=Received, Actual=Received, ReceivedQty=10
[2026-04-23 15:06:00] INFO: ASN WMS-ASN-EXT-00004 Carton CNWH63197: Assigned=Received, Actual=Received, ReceivedQty=10
[2026-04-23 15:06:00] INFO: ASN WMS-ASN-EXT-00004 Carton CNWH63198: Assigned=Received, Actual=Received, ReceivedQty=10
[2026-04-23 15:06:00] INFO: ASN WMS-ASN-EXT-00004 Carton CNWH63199: Assigned=Received, Actual=Received, ReceivedQty=10
[2026-04-23 15:06:00] INFO: ASN WMS-ASN-EXT-00004 Carton CNWH63200: Assigned=Received, Actual=Received, ReceivedQty=10
[2026-04-23 15:06:00] INFO: ASN WMS-ASN-EXT-00004 Carton CNWH63266: Assigned=Received, Actual=Received, ReceivedQty=10
[2026-04-23 15:06:00] INFO: ASN WMS-ASN-EXT-00004 Carton CNWH63268: Assigned=Received, Actual=Received, ReceivedQty=10
[2026-04-23 15:06:00] INFO: ASN WMS-ASN-EXT-00004 Carton CNWH63269: Assigned=Received, Actual=Received, ReceivedQty=10
[2026-04-23 15:06:00] INFO: ASN WMS-ASN-EXT-00004 Carton CNWH63270: Assigned=Received, Actual=Received, ReceivedQty=10
[2026-04-23 15:06:00] INFO: ASN WMS-ASN-EXT-00004 Carton CNWH63271: Assigned=Received, Actual=Received, ReceivedQty=10
[2026-04-23 15:06:00] INFO: ASN WMS-ASN-EXT-00004 Carton CNWH63272: Assigned=Received, Actual=Received, ReceivedQty=10
[2026-04-23 15:06:00] INFO: ASN WMS-ASN-EXT-00004 Carton CNWH63275: Assigned=Received, Actual=Received, ReceivedQty=10
[2026-04-23 15:06:00] INFO: ASN WMS-ASN-EXT-00004 Carton CNWH63277: Assigned=Received, Actual=Received, ReceivedQty=10
[2026-04-23 15:06:00] INFO: ASN WMS-ASN-EXT-00004 Carton CNWH63280: Assigned=Received, Actual=Received, ReceivedQty=10
[2026-04-23 15:06:00] INFO: ASN WMS-ASN-EXT-00004 Carton CNWH63282: Assigned=Received, Actual=Received, ReceivedQty=10
[2026-04-23 15:06:00] INFO: ASN WMS-ASN-EXT-00004 Carton CNWH63283: Assigned=Received, Actual=Received, ReceivedQty=10
[2026-04-23 15:06:00] INFO: ASN WMS-ASN-EXT-00004 Carton CNWH63284: Assigned=Received, Actual=Received, ReceivedQty=10
[2026-04-23 15:06:00] INFO: ASN WMS-ASN-EXT-00004 Carton CNWH63285: Assigned=Received, Actual=Received, ReceivedQty=10
[2026-04-23 15:06:00] INFO: ASN WMS-ASN-EXT-00004 Carton CNWH63286: Assigned=Received, Actual=Received, ReceivedQty=10
[2026-04-23 15:06:00] INFO: ASN WMS-ASN-EXT-00004 Carton CNWH63287: Assigned=Received, Actual=Received, ReceivedQty=10
[2026-04-23 15:06:00] INFO: ASN WMS-ASN-EXT-00004 Carton CNWH63288: Assigned=Received, Actual=Received, ReceivedQty=10
[2026-04-23 15:06:00] INFO: ASN WMS-ASN-EXT-00004 Carton CNWH63289: Assigned=Received, Actual=Received, ReceivedQty=10
[2026-04-23 15:06:00] INFO: ASN WMS-ASN-EXT-00004 Carton CNWH63441: Assigned=Received, Actual=Received, ReceivedQty=10
[2026-04-23 15:06:00] INFO: ASN WMS-ASN-EXT-00004 Carton CNWH63442: Assigned=Received, Actual=Received, ReceivedQty=10
[2026-04-23 15:06:00] INFO: ASN WMS-ASN-EXT-00004 Carton CNWH65363: Assigned=Received, Actual=Received, ReceivedQty=10
[2026-04-23 15:06:00] INFO: ASN WMS-ASN-EXT-00004 Carton CNWH63502: Assigned=Received, Actual=Received, ReceivedQty=10
[2026-04-23 15:06:00] INFO: ASN WMS-ASN-EXT-00004 Carton CNWH63502: Assigned=Received, Actual=Received, ReceivedQty=10
[2026-04-23 15:06:00] INFO: ASN WMS-ASN-EXT-00004 Carton CNWH64607: Assigned=Received, Actual=Received, ReceivedQty=10
[2026-04-23 15:06:01] INFO: ASN ASN-0001 Carton CNWH12858: Assigned=Assigned, Actual=Assigned, ReceivedQty=0
[2026-04-23 15:06:01] INFO: ASN ASN-0001 Carton CNWH12854: Assigned=Assigned, Actual=Assigned, ReceivedQty=0
[2026-04-23 15:06:01] INFO: ASN ASN-0001 Carton CNWH15390: Assigned=Assigned, Actual=Assigned, ReceivedQty=0
[2026-04-23 15:06:01] INFO: ASN ASN-0001 Carton CNWH42441: Assigned=Assigned, Actual=Assigned, ReceivedQty=0
[2026-04-23 15:06:01] INFO: ASN ASN-0001 Carton CNWH64571: Assigned=Assigned, Actual=Assigned, ReceivedQty=0
[2026-04-23 15:06:01] INFO: ASN ASN-0001 Carton CNWH64521: Assigned=Assigned, Actual=Assigned, ReceivedQty=0
[2026-04-23 15:06:01] INFO: ASN ASN-0001 Carton CNWH63561: Assigned=Assigned, Actual=Assigned, ReceivedQty=0
[2026-04-23 15:06:01] INFO: ASN ASN-0001 Carton CNWH63609: Assigned=Assigned, Actual=Assigned, ReceivedQty=0
[2026-04-23 15:06:01] INFO: ASN WMS-ASN-EXT-00004 Carton CNWH63179: Assigned=Received, Actual=Received, ReceivedQty=10
[2026-04-23 15:06:01] INFO: ASN WMS-ASN-EXT-00004 Carton CNWH63180: Assigned=Received, Actual=Received, ReceivedQty=10
[2026-04-23 15:06:01] INFO: ASN WMS-ASN-EXT-00004 Carton CNWH63196: Assigned=Received, Actual=Received, ReceivedQty=10
[2026-04-23 15:06:01] INFO: ASN WMS-ASN-EXT-00004 Carton CNWH63197: Assigned=Received, Actual=Received, ReceivedQty=10
[2026-04-23 15:06:01] INFO: ASN WMS-ASN-EXT-00004 Carton CNWH63198: Assigned=Received, Actual=Received, ReceivedQty=10
[2026-04-23 15:06:01] INFO: ASN WMS-ASN-EXT-00004 Carton CNWH63199: Assigned=Received, Actual=Received, ReceivedQty=10
[2026-04-23 15:06:01] INFO: ASN WMS-ASN-EXT-00004 Carton CNWH63200: Assigned=Received, Actual=Received, ReceivedQty=10
[2026-04-23 15:06:01] INFO: ASN WMS-ASN-EXT-00004 Carton CNWH63266: Assigned=Received, Actual=Received, ReceivedQty=10
[2026-04-23 15:06:01] INFO: ASN WMS-ASN-EXT-00004 Carton CNWH63268: Assigned=Received, Actual=Received, ReceivedQty=10
[2026-04-23 15:06:01] INFO: ASN WMS-ASN-EXT-00004 Carton CNWH63269: Assigned=Received, Actual=Received, ReceivedQty=10
[2026-04-23 15:06:01] INFO: ASN WMS-ASN-EXT-00004 Carton CNWH63270: Assigned=Received, Actual=Received, ReceivedQty=10
[2026-04-23 15:06:01] INFO: ASN WMS-ASN-EXT-00004 Carton CNWH63271: Assigned=Received, Actual=Received, ReceivedQty=10
[2026-04-23 15:06:01] INFO: ASN WMS-ASN-EXT-00004 Carton CNWH63272: Assigned=Received, Actual=Received, ReceivedQty=10
[2026-04-23 15:06:01] INFO: ASN WMS-ASN-EXT-00004 Carton CNWH63275: Assigned=Received, Actual=Received, ReceivedQty=10
[2026-04-23 15:06:01] INFO: ASN WMS-ASN-EXT-00004 Carton CNWH63277: Assigned=Received, Actual=Received, ReceivedQty=10
[2026-04-23 15:06:01] INFO: ASN WMS-ASN-EXT-00004 Carton CNWH63280: Assigned=Received, Actual=Received, ReceivedQty=10
[2026-04-23 15:06:01] INFO: ASN WMS-ASN-EXT-00004 Carton CNWH63282: Assigned=Received, Actual=Received, ReceivedQty=10
[2026-04-23 15:06:01] INFO: ASN WMS-ASN-EXT-00004 Carton CNWH63283: Assigned=Received, Actual=Received, ReceivedQty=10
[2026-04-23 15:06:01] INFO: ASN WMS-ASN-EXT-00004 Carton CNWH63284: Assigned=Received, Actual=Received, ReceivedQty=10
[2026-04-23 15:06:01] INFO: ASN WMS-ASN-EXT-00004 Carton CNWH63285: Assigned=Received, Actual=Received, ReceivedQty=10
[2026-04-23 15:06:01] INFO: ASN WMS-ASN-EXT-00004 Carton CNWH63286: Assigned=Received, Actual=Received, ReceivedQty=10
[2026-04-23 15:06:01] INFO: ASN WMS-ASN-EXT-00004 Carton CNWH63287: Assigned=Received, Actual=Received, ReceivedQty=10
[2026-04-23 15:06:01] INFO: ASN WMS-ASN-EXT-00004 Carton CNWH63288: Assigned=Received, Actual=Received, ReceivedQty=10
[2026-04-23 15:06:01] INFO: ASN WMS-ASN-EXT-00004 Carton CNWH63289: Assigned=Received, Actual=Received, ReceivedQty=10
[2026-04-23 15:06:01] INFO: ASN WMS-ASN-EXT-00004 Carton CNWH63441: Assigned=Received, Actual=Received, ReceivedQty=10
[2026-04-23 15:06:01] INFO: ASN WMS-ASN-EXT-00004 Carton CNWH63442: Assigned=Received, Actual=Received, ReceivedQty=10
[2026-04-23 15:06:01] INFO: ASN WMS-ASN-EXT-00004 Carton CNWH63444: Assigned=Received, Actual=Received, ReceivedQty=10
[2026-04-23 15:06:01] INFO: ASN WMS-ASN-EXT-00004 Carton CNWH63446: Assigned=Received, Actual=Received, ReceivedQty=10
[2026-04-23 15:06:01] INFO: ASN WMS-ASN-EXT-00004 Carton CNWH63448: Assigned=Received, Actual=Received, ReceivedQty=10
[2026-04-23 15:06:01] INFO: ASN WMS-ASN-EXT-00004 Carton CNWH65363: Assigned=Received, Actual=Received, ReceivedQty=10
[2026-04-23 15:06:01] INFO: ASN WMS-ASN-EXT-00004 Carton CNWH63179: Assigned=Received, Actual=Received, ReceivedQty=10
[2026-04-23 15:06:01] INFO: ASN WMS-ASN-EXT-00004 Carton CNWH63180: Assigned=Received, Actual=Received, ReceivedQty=10
[2026-04-23 15:06:01] INFO: ASN WMS-ASN-EXT-00004 Carton CNWH63196: Assigned=Received, Actual=Received, ReceivedQty=10
[2026-04-23 15:06:01] INFO: ASN WMS-ASN-EXT-00004 Carton CNWH63197: Assigned=Received, Actual=Received, ReceivedQty=10
[2026-04-23 15:06:01] INFO: ASN WMS-ASN-EXT-00004 Carton CNWH63198: Assigned=Received, Actual=Received, ReceivedQty=10
[2026-04-23 15:06:01] INFO: ASN WMS-ASN-EXT-00004 Carton CNWH63199: Assigned=Received, Actual=Received, ReceivedQty=10
[2026-04-23 15:06:01] INFO: ASN WMS-ASN-EXT-00004 Carton CNWH63200: Assigned=Received, Actual=Received, ReceivedQty=10
[2026-04-23 15:06:01] INFO: ASN WMS-ASN-EXT-00004 Carton CNWH63266: Assigned=Received, Actual=Received, ReceivedQty=10
[2026-04-23 15:06:01] INFO: ASN WMS-ASN-EXT-00004 Carton CNWH63268: Assigned=Received, Actual=Received, ReceivedQty=10
[2026-04-23 15:06:01] INFO: ASN WMS-ASN-EXT-00004 Carton CNWH63269: Assigned=Received, Actual=Received, ReceivedQty=10
[2026-04-23 15:06:01] INFO: ASN WMS-ASN-EXT-00004 Carton CNWH63270: Assigned=Received, Actual=Received, ReceivedQty=10
[2026-04-23 15:06:01] INFO: ASN WMS-ASN-EXT-00004 Carton CNWH63271: Assigned=Received, Actual=Received, ReceivedQty=10
[2026-04-23 15:06:01] INFO: ASN WMS-ASN-EXT-00004 Carton CNWH63272: Assigned=Received, Actual=Received, ReceivedQty=10
[2026-04-23 15:06:01] INFO: ASN WMS-ASN-EXT-00004 Carton CNWH63275: Assigned=Received, Actual=Received, ReceivedQty=10
[2026-04-23 15:06:01] INFO: ASN WMS-ASN-EXT-00004 Carton CNWH63277: Assigned=Received, Actual=Received, ReceivedQty=10
[2026-04-23 15:06:01] INFO: ASN WMS-ASN-EXT-00004 Carton CNWH63280: Assigned=Received, Actual=Received, ReceivedQty=10
[2026-04-23 15:06:01] INFO: ASN WMS-ASN-EXT-00004 Carton CNWH63282: Assigned=Received, Actual=Received, ReceivedQty=10
[2026-04-23 15:06:01] INFO: ASN WMS-ASN-EXT-00004 Carton CNWH63283: Assigned=Received, Actual=Received, ReceivedQty=10
[2026-04-23 15:06:01] INFO: ASN WMS-ASN-EXT-00004 Carton CNWH63284: Assigned=Received, Actual=Received, ReceivedQty=10
[2026-04-23 15:06:01] INFO: ASN WMS-ASN-EXT-00004 Carton CNWH63285: Assigned=Received, Actual=Received, ReceivedQty=10
[2026-04-23 15:06:01] INFO: ASN WMS-ASN-EXT-00004 Carton CNWH63286: Assigned=Received, Actual=Received, ReceivedQty=10
[2026-04-23 15:06:01] INFO: ASN WMS-ASN-EXT-00004 Carton CNWH63287: Assigned=Received, Actual=Received, ReceivedQty=10
[2026-04-23 15:06:01] INFO: ASN WMS-ASN-EXT-00004 Carton CNWH63288: Assigned=Received, Actual=Received, ReceivedQty=10
[2026-04-23 15:06:01] INFO: ASN WMS-ASN-EXT-00004 Carton CNWH63289: Assigned=Received, Actual=Received, ReceivedQty=10
[2026-04-23 15:06:01] INFO: ASN WMS-ASN-EXT-00004 Carton CNWH63441: Assigned=Received, Actual=Received, ReceivedQty=10
[2026-04-23 15:06:01] INFO: ASN WMS-ASN-EXT-00004 Carton CNWH63442: Assigned=Received, Actual=Received, ReceivedQty=10
[2026-04-23 15:06:01] INFO: ASN WMS-ASN-EXT-00004 Carton CNWH65363: Assigned=Received, Actual=Received, ReceivedQty=10
[2026-04-23 15:06:01] INFO: ASN WMS-ASN-EXT-00004 Carton CNWH63502: Assigned=Received, Actual=Received, ReceivedQty=10
[2026-04-23 15:06:01] INFO: ASN WMS-ASN-EXT-00004 Carton CNWH63502: Assigned=Received, Actual=Received, ReceivedQty=10
[2026-04-23 15:06:01] INFO: ASN WMS-ASN-EXT-00004 Carton CNWH64607: Assigned=Received, Actual=Received, ReceivedQty=10
[2026-04-23 15:12:24] INFO: ASN ASN-0001 Carton CNWH12858: Assigned=Assigned, Actual=Assigned, ReceivedQty=0
[2026-04-23 15:12:24] INFO: ASN ASN-0001 Carton CNWH12854: Assigned=Assigned, Actual=Assigned, ReceivedQty=0
[2026-04-23 15:12:24] INFO: ASN ASN-0001 Carton CNWH15390: Assigned=Assigned, Actual=Assigned, ReceivedQty=0
[2026-04-23 15:12:24] INFO: ASN ASN-0001 Carton CNWH42441: Assigned=Assigned, Actual=Assigned, ReceivedQty=0
[2026-04-23 15:12:24] INFO: ASN ASN-0001 Carton CNWH64571: Assigned=Assigned, Actual=Assigned, ReceivedQty=0
[2026-04-23 15:12:24] INFO: ASN ASN-0001 Carton CNWH64521: Assigned=Assigned, Actual=Assigned, ReceivedQty=0
[2026-04-23 15:12:24] INFO: ASN ASN-0001 Carton CNWH63561: Assigned=Assigned, Actual=Assigned, ReceivedQty=0
[2026-04-23 15:12:24] INFO: ASN ASN-0001 Carton CNWH63609: Assigned=Assigned, Actual=Assigned, ReceivedQty=0
[2026-04-23 15:12:24] INFO: ASN WMS-ASN-EXT-00004 Carton CNWH63179: Assigned=Received, Actual=Received, ReceivedQty=10
[2026-04-23 15:12:24] INFO: ASN WMS-ASN-EXT-00004 Carton CNWH63180: Assigned=Received, Actual=Received, ReceivedQty=10
[2026-04-23 15:12:24] INFO: ASN WMS-ASN-EXT-00004 Carton CNWH63196: Assigned=Received, Actual=Received, ReceivedQty=10
[2026-04-23 15:12:24] INFO: ASN WMS-ASN-EXT-00004 Carton CNWH63197: Assigned=Received, Actual=Received, ReceivedQty=10
[2026-04-23 15:12:24] INFO: ASN WMS-ASN-EXT-00004 Carton CNWH63198: Assigned=Received, Actual=Received, ReceivedQty=10
[2026-04-23 15:12:24] INFO: ASN WMS-ASN-EXT-00004 Carton CNWH63199: Assigned=Received, Actual=Received, ReceivedQty=10
[2026-04-23 15:12:24] INFO: ASN WMS-ASN-EXT-00004 Carton CNWH63200: Assigned=Received, Actual=Received, ReceivedQty=10
[2026-04-23 15:12:24] INFO: ASN WMS-ASN-EXT-00004 Carton CNWH63266: Assigned=Received, Actual=Received, ReceivedQty=10
[2026-04-23 15:12:24] INFO: ASN WMS-ASN-EXT-00004 Carton CNWH63268: Assigned=Received, Actual=Received, ReceivedQty=10
[2026-04-23 15:12:24] INFO: ASN WMS-ASN-EXT-00004 Carton CNWH63269: Assigned=Received, Actual=Received, ReceivedQty=10
[2026-04-23 15:12:24] INFO: ASN WMS-ASN-EXT-00004 Carton CNWH63270: Assigned=Received, Actual=Received, ReceivedQty=10
[2026-04-23 15:12:24] INFO: ASN WMS-ASN-EXT-00004 Carton CNWH63271: Assigned=Received, Actual=Received, ReceivedQty=10
[2026-04-23 15:12:24] INFO: ASN WMS-ASN-EXT-00004 Carton CNWH63272: Assigned=Received, Actual=Received, ReceivedQty=10
[2026-04-23 15:12:24] INFO: ASN WMS-ASN-EXT-00004 Carton CNWH63275: Assigned=Received, Actual=Received, ReceivedQty=10
[2026-04-23 15:12:24] INFO: ASN WMS-ASN-EXT-00004 Carton CNWH63277: Assigned=Received, Actual=Received, ReceivedQty=10
[2026-04-23 15:12:24] INFO: ASN WMS-ASN-EXT-00004 Carton CNWH63280: Assigned=Received, Actual=Received, ReceivedQty=10
[2026-04-23 15:12:24] INFO: ASN WMS-ASN-EXT-00004 Carton CNWH63282: Assigned=Received, Actual=Received, ReceivedQty=10
[2026-04-23 15:12:24] INFO: ASN WMS-ASN-EXT-00004 Carton CNWH63283: Assigned=Received, Actual=Received, ReceivedQty=10
[2026-04-23 15:12:24] INFO: ASN WMS-ASN-EXT-00004 Carton CNWH63284: Assigned=Received, Actual=Received, ReceivedQty=10
[2026-04-23 15:12:24] INFO: ASN WMS-ASN-EXT-00004 Carton CNWH63285: Assigned=Received, Actual=Received, ReceivedQty=10
[2026-04-23 15:12:24] INFO: ASN WMS-ASN-EXT-00004 Carton CNWH63286: Assigned=Received, Actual=Received, ReceivedQty=10
[2026-04-23 15:12:24] INFO: ASN WMS-ASN-EXT-00004 Carton CNWH63287: Assigned=Received, Actual=Received, ReceivedQty=10
[2026-04-23 15:12:24] INFO: ASN WMS-ASN-EXT-00004 Carton CNWH63288: Assigned=Received, Actual=Received, ReceivedQty=10
[2026-04-23 15:12:24] INFO: ASN WMS-ASN-EXT-00004 Carton CNWH63289: Assigned=Received, Actual=Received, ReceivedQty=10
[2026-04-23 15:12:24] INFO: ASN WMS-ASN-EXT-00004 Carton CNWH63441: Assigned=Received, Actual=Received, ReceivedQty=10
[2026-04-23 15:12:24] INFO: ASN WMS-ASN-EXT-00004 Carton CNWH63442: Assigned=Received, Actual=Received, ReceivedQty=10
[2026-04-23 15:12:24] INFO: ASN WMS-ASN-EXT-00004 Carton CNWH63444: Assigned=Received, Actual=Received, ReceivedQty=10
[2026-04-23 15:12:24] INFO: ASN WMS-ASN-EXT-00004 Carton CNWH63446: Assigned=Received, Actual=Received, ReceivedQty=10
[2026-04-23 15:12:24] INFO: ASN WMS-ASN-EXT-00004 Carton CNWH63448: Assigned=Received, Actual=Received, ReceivedQty=10
[2026-04-23 15:12:24] INFO: ASN WMS-ASN-EXT-00004 Carton CNWH65363: Assigned=Received, Actual=Received, ReceivedQty=10
[2026-04-23 15:12:24] INFO: ASN WMS-ASN-EXT-00004 Carton CNWH63179: Assigned=Received, Actual=Received, ReceivedQty=10
[2026-04-23 15:12:24] INFO: ASN WMS-ASN-EXT-00004 Carton CNWH63180: Assigned=Received, Actual=Received, ReceivedQty=10
[2026-04-23 15:12:24] INFO: ASN WMS-ASN-EXT-00004 Carton CNWH63196: Assigned=Received, Actual=Received, ReceivedQty=10
[2026-04-23 15:12:24] INFO: ASN WMS-ASN-EXT-00004 Carton CNWH63197: Assigned=Received, Actual=Received, ReceivedQty=10
[2026-04-23 15:12:24] INFO: ASN WMS-ASN-EXT-00004 Carton CNWH63198: Assigned=Received, Actual=Received, ReceivedQty=10
[2026-04-23 15:12:24] INFO: ASN WMS-ASN-EXT-00004 Carton CNWH63199: Assigned=Received, Actual=Received, ReceivedQty=10
[2026-04-23 15:12:24] INFO: ASN WMS-ASN-EXT-00004 Carton CNWH63200: Assigned=Received, Actual=Received, ReceivedQty=10
[2026-04-23 15:12:24] INFO: ASN WMS-ASN-EXT-00004 Carton CNWH63266: Assigned=Received, Actual=Received, ReceivedQty=10
[2026-04-23 15:12:24] INFO: ASN WMS-ASN-EXT-00004 Carton CNWH63268: Assigned=Received, Actual=Received, ReceivedQty=10
[2026-04-23 15:12:24] INFO: ASN WMS-ASN-EXT-00004 Carton CNWH63269: Assigned=Received, Actual=Received, ReceivedQty=10
[2026-04-23 15:12:24] INFO: ASN WMS-ASN-EXT-00004 Carton CNWH63270: Assigned=Received, Actual=Received, ReceivedQty=10
[2026-04-23 15:12:24] INFO: ASN WMS-ASN-EXT-00004 Carton CNWH63271: Assigned=Received, Actual=Received, ReceivedQty=10
[2026-04-23 15:12:24] INFO: ASN WMS-ASN-EXT-00004 Carton CNWH63272: Assigned=Received, Actual=Received, ReceivedQty=10
[2026-04-23 15:12:24] INFO: ASN WMS-ASN-EXT-00004 Carton CNWH63275: Assigned=Received, Actual=Received, ReceivedQty=10
[2026-04-23 15:12:24] INFO: ASN WMS-ASN-EXT-00004 Carton CNWH63277: Assigned=Received, Actual=Received, ReceivedQty=10
[2026-04-23 15:12:24] INFO: ASN WMS-ASN-EXT-00004 Carton CNWH63280: Assigned=Received, Actual=Received, ReceivedQty=10
[2026-04-23 15:12:24] INFO: ASN WMS-ASN-EXT-00004 Carton CNWH63282: Assigned=Received, Actual=Received, ReceivedQty=10
[2026-04-23 15:12:24] INFO: ASN WMS-ASN-EXT-00004 Carton CNWH63283: Assigned=Received, Actual=Received, ReceivedQty=10
[2026-04-23 15:12:24] INFO: ASN WMS-ASN-EXT-00004 Carton CNWH63284: Assigned=Received, Actual=Received, ReceivedQty=10
[2026-04-23 15:12:24] INFO: ASN WMS-ASN-EXT-00004 Carton CNWH63285: Assigned=Received, Actual=Received, ReceivedQty=10
[2026-04-23 15:12:24] INFO: ASN WMS-ASN-EXT-00004 Carton CNWH63286: Assigned=Received, Actual=Received, ReceivedQty=10
[2026-04-23 15:12:24] INFO: ASN WMS-ASN-EXT-00004 Carton CNWH63287: Assigned=Received, Actual=Received, ReceivedQty=10
[2026-04-23 15:12:24] INFO: ASN WMS-ASN-EXT-00004 Carton CNWH63288: Assigned=Received, Actual=Received, ReceivedQty=10
[2026-04-23 15:12:24] INFO: ASN WMS-ASN-EXT-00004 Carton CNWH63289: Assigned=Received, Actual=Received, ReceivedQty=10
[2026-04-23 15:12:24] INFO: ASN WMS-ASN-EXT-00004 Carton CNWH63441: Assigned=Received, Actual=Received, ReceivedQty=10
[2026-04-23 15:12:24] INFO: ASN WMS-ASN-EXT-00004 Carton CNWH63442: Assigned=Received, Actual=Received, ReceivedQty=10
[2026-04-23 15:12:24] INFO: ASN WMS-ASN-EXT-00004 Carton CNWH65363: Assigned=Received, Actual=Received, ReceivedQty=10
[2026-04-23 15:12:24] INFO: ASN WMS-ASN-EXT-00004 Carton CNWH63502: Assigned=Received, Actual=Received, ReceivedQty=10
[2026-04-23 15:12:24] INFO: ASN WMS-ASN-EXT-00004 Carton CNWH63502: Assigned=Received, Actual=Received, ReceivedQty=10
[2026-04-23 15:12:24] INFO: ASN WMS-ASN-EXT-00004 Carton CNWH64607: Assigned=Received, Actual=Received, ReceivedQty=10
[2026-04-23 15:12:25] INFO: ErpNextWmsSyncApiService: Fetched 4 item code(s) from ERPNext for ASN WMS-ASN-EXT-00004 (use as filter for PR/received qty).
[2026-04-23 15:12:25] INFO: ErpNextWmsSyncApiService: Pushing ASN received qty for WMS-ASN-EXT-00004, 60 line(s) (one per WMS detail row). Summary: [324249:10(ctn:CNWH63179), 324249:10(ctn:CNWH63180), 324249:10(ctn:CNWH63196), 324249:10(ctn:CNWH63197), 324249:10(ctn:CNWH63198), 324249:10(ctn:CNWH63199), 324249:10(ctn:CNWH63200), 324249:10(ctn:CNWH63266), 324249:10(ctn:CNWH63268), 324249:10(ctn:CNWH63269), 324249:10(ctn:CNWH63270), 324249:10(ctn:CNWH63271), 324249:10(ctn:CNWH63272), 324249:10(ctn:CNWH63275), 324249:10(ctn:CNWH63277), 324249:10(ctn:CNWH63280), 324249:10(ctn:CNWH63282), 324249:10(ctn:CNWH63283), 324249:10(ctn:CNWH63284), 324249:10(ctn:CNWH63285), 324249:10(ctn:CNWH63286), 324249:10(ctn:CNWH63287), 324249:10(ctn:CNWH63288), 324249:10(ctn:CNWH63289), 324249:10(ctn:CNWH63441), 324249:10(ctn:CNWH63442), 324249:10(ctn:CNWH63444), 324249:10(ctn:CNWH63446), 324249:10(ctn:CNWH63448), 324249:10(ctn:CNWH65363), 324250:10(ctn:CNWH63179), 324250:10(ctn:CNWH63180), 324250:10(ctn:CNWH63196), 324250:10(ctn:CNWH63197), 324250:10(ctn:CNWH63198), 324250:10(ctn:CNWH63199), 324250:10(ctn:CNWH63200), 324250:10(ctn:CNWH63266), 324250:10(ctn:CNWH63268), 324250:10(ctn:CNWH63269), 324250:10(ctn:CNWH63270), 324250:10(ctn:CNWH63271), 324250:10(ctn:CNWH63272), 324250:10(ctn:CNWH63275), 324250:10(ctn:CNWH63277), 324250:10(ctn:CNWH63280), 324250:10(ctn:CNWH63282), 324250:10(ctn:CNWH63283), 324250:10(ctn:CNWH63284), 324250:10(ctn:CNWH63285), 324250:10(ctn:CNWH63286), 324250:10(ctn:CNWH63287), 324250:10(ctn:CNWH63288), 324250:10(ctn:CNWH63289), 324250:10(ctn:CNWH63441), 324250:10(ctn:CNWH63442), 324250:10(ctn:CNWH65363), 324251:10(ctn:CNWH63502), 324252:10(ctn:CNWH63502), 324252:10(ctn:CNWH64607)], to http://printechsdammam.dyndns.org:88/api/method/printechs_wms.api.asn_receiving.update_asn_received_qty
[2026-04-23 15:12:26] INFO: ErpNextWmsSyncApiService: ASN received qty updated successfully.
[2026-04-23 15:12:26] INFO: ErpNextWmsSyncApiService: Fetched 4 item code(s) from ERPNext for ASN WMS-ASN-EXT-00004 (use as filter for PR/received qty).
[2026-04-23 15:12:26] INFO: ErpNextWmsSyncApiService: Creating Purchase Receipt for ASN WMS-ASN-EXT-00004, warehouse Main Warehouse - MAATC, 60 line(s). Item codes: [324249:10, 324249:10, 324249:10, 324249:10, 324249:10, 324249:10, 324249:10, 324249:10, 324249:10, 324249:10, 324249:10, 324249:10, 324249:10, 324249:10, 324249:10, 324249:10, 324249:10, 324249:10, 324249:10, 324249:10, 324249:10, 324249:10, 324249:10, 324249:10, 324249:10, 324249:10, 324249:10, 324249:10, 324249:10, 324249:10, 324250:10, 324250:10, 324250:10, 324250:10, 324250:10, 324250:10, 324250:10, 324250:10, 324250:10, 324250:10, 324250:10, 324250:10, 324250:10, 324250:10, 324250:10, 324250:10, 324250:10, 324250:10, 324250:10, 324250:10, 324250:10, 324250:10, 324250:10, 324250:10, 324250:10, 324250:10, 324250:10, 324251:10, 324252:10, 324252:10]
[2026-04-23 15:12:26] INFO: ErpNextWmsSyncApiService: Create Purchase Receipt succeeded. Purchase Receipt: MAT-PRE-2026-00006
[2026-04-23 15:12:26] INFO: AsnDataService: SetAsnPurchaseReceiptNo saved MAT-PRE-2026-00006 for ASN WMS-ASN-EXT-00004.
[2026-04-23 15:12:26] INFO: ASN ASN-0001 Carton CNWH12858: Assigned=Assigned, Actual=Assigned, ReceivedQty=0
[2026-04-23 15:12:26] INFO: ASN ASN-0001 Carton CNWH12854: Assigned=Assigned, Actual=Assigned, ReceivedQty=0
[2026-04-23 15:12:26] INFO: ASN ASN-0001 Carton CNWH15390: Assigned=Assigned, Actual=Assigned, ReceivedQty=0
[2026-04-23 15:12:26] INFO: ASN ASN-0001 Carton CNWH42441: Assigned=Assigned, Actual=Assigned, ReceivedQty=0
[2026-04-23 15:12:26] INFO: ASN ASN-0001 Carton CNWH64571: Assigned=Assigned, Actual=Assigned, ReceivedQty=0
[2026-04-23 15:12:26] INFO: ASN ASN-0001 Carton CNWH64521: Assigned=Assigned, Actual=Assigned, ReceivedQty=0
[2026-04-23 15:12:26] INFO: ASN ASN-0001 Carton CNWH63561: Assigned=Assigned, Actual=Assigned, ReceivedQty=0
[2026-04-23 15:12:26] INFO: ASN ASN-0001 Carton CNWH63609: Assigned=Assigned, Actual=Assigned, ReceivedQty=0
[2026-04-23 15:12:26] INFO: ASN WMS-ASN-EXT-00004 Carton CNWH63179: Assigned=Received, Actual=Received, ReceivedQty=10
[2026-04-23 15:12:26] INFO: ASN WMS-ASN-EXT-00004 Carton CNWH63180: Assigned=Received, Actual=Received, ReceivedQty=10
[2026-04-23 15:12:26] INFO: ASN WMS-ASN-EXT-00004 Carton CNWH63196: Assigned=Received, Actual=Received, ReceivedQty=10
[2026-04-23 15:12:26] INFO: ASN WMS-ASN-EXT-00004 Carton CNWH63197: Assigned=Received, Actual=Received, ReceivedQty=10
[2026-04-23 15:12:26] INFO: ASN WMS-ASN-EXT-00004 Carton CNWH63198: Assigned=Received, Actual=Received, ReceivedQty=10
[2026-04-23 15:12:26] INFO: ASN WMS-ASN-EXT-00004 Carton CNWH63199: Assigned=Received, Actual=Received, ReceivedQty=10
[2026-04-23 15:12:26] INFO: ASN WMS-ASN-EXT-00004 Carton CNWH63200: Assigned=Received, Actual=Received, ReceivedQty=10
[2026-04-23 15:12:26] INFO: ASN WMS-ASN-EXT-00004 Carton CNWH63266: Assigned=Received, Actual=Received, ReceivedQty=10
[2026-04-23 15:12:26] INFO: ASN WMS-ASN-EXT-00004 Carton CNWH63268: Assigned=Received, Actual=Received, ReceivedQty=10
[2026-04-23 15:12:26] INFO: ASN WMS-ASN-EXT-00004 Carton CNWH63269: Assigned=Received, Actual=Received, ReceivedQty=10
[2026-04-23 15:12:26] INFO: ASN WMS-ASN-EXT-00004 Carton CNWH63270: Assigned=Received, Actual=Received, ReceivedQty=10
[2026-04-23 15:12:26] INFO: ASN WMS-ASN-EXT-00004 Carton CNWH63271: Assigned=Received, Actual=Received, ReceivedQty=10
[2026-04-23 15:12:26] INFO: ASN WMS-ASN-EXT-00004 Carton CNWH63272: Assigned=Received, Actual=Received, ReceivedQty=10
[2026-04-23 15:12:26] INFO: ASN WMS-ASN-EXT-00004 Carton CNWH63275: Assigned=Received, Actual=Received, ReceivedQty=10
[2026-04-23 15:12:26] INFO: ASN WMS-ASN-EXT-00004 Carton CNWH63277: Assigned=Received, Actual=Received, ReceivedQty=10
[2026-04-23 15:12:26] INFO: ASN WMS-ASN-EXT-00004 Carton CNWH63280: Assigned=Received, Actual=Received, ReceivedQty=10
[2026-04-23 15:12:26] INFO: ASN WMS-ASN-EXT-00004 Carton CNWH63282: Assigned=Received, Actual=Received, ReceivedQty=10
[2026-04-23 15:12:26] INFO: ASN WMS-ASN-EXT-00004 Carton CNWH63283: Assigned=Received, Actual=Received, ReceivedQty=10
[2026-04-23 15:12:26] INFO: ASN WMS-ASN-EXT-00004 Carton CNWH63284: Assigned=Received, Actual=Received, ReceivedQty=10
[2026-04-23 15:12:26] INFO: ASN WMS-ASN-EXT-00004 Carton CNWH63285: Assigned=Received, Actual=Received, ReceivedQty=10
[2026-04-23 15:12:26] INFO: ASN WMS-ASN-EXT-00004 Carton CNWH63286: Assigned=Received, Actual=Received, ReceivedQty=10
[2026-04-23 15:12:26] INFO: ASN WMS-ASN-EXT-00004 Carton CNWH63287: Assigned=Received, Actual=Received, ReceivedQty=10
[2026-04-23 15:12:26] INFO: ASN WMS-ASN-EXT-00004 Carton CNWH63288: Assigned=Received, Actual=Received, ReceivedQty=10
[2026-04-23 15:12:26] INFO: ASN WMS-ASN-EXT-00004 Carton CNWH63289: Assigned=Received, Actual=Received, ReceivedQty=10
[2026-04-23 15:12:26] INFO: ASN WMS-ASN-EXT-00004 Carton CNWH63441: Assigned=Received, Actual=Received, ReceivedQty=10
[2026-04-23 15:12:26] INFO: ASN WMS-ASN-EXT-00004 Carton CNWH63442: Assigned=Received, Actual=Received, ReceivedQty=10
[2026-04-23 15:12:26] INFO: ASN WMS-ASN-EXT-00004 Carton CNWH63444: Assigned=Received, Actual=Received, ReceivedQty=10
[2026-04-23 15:12:26] INFO: ASN WMS-ASN-EXT-00004 Carton CNWH63446: Assigned=Received, Actual=Received, ReceivedQty=10
[2026-04-23 15:12:26] INFO: ASN WMS-ASN-EXT-00004 Carton CNWH63448: Assigned=Received, Actual=Received, ReceivedQty=10
[2026-04-23 15:12:26] INFO: ASN WMS-ASN-EXT-00004 Carton CNWH65363: Assigned=Received, Actual=Received, ReceivedQty=10
[2026-04-23 15:12:26] INFO: ASN WMS-ASN-EXT-00004 Carton CNWH63179: Assigned=Received, Actual=Received, ReceivedQty=10
[2026-04-23 15:12:26] INFO: ASN WMS-ASN-EXT-00004 Carton CNWH63180: Assigned=Received, Actual=Received, ReceivedQty=10
[2026-04-23 15:12:26] INFO: ASN WMS-ASN-EXT-00004 Carton CNWH63196: Assigned=Received, Actual=Received, ReceivedQty=10
[2026-04-23 15:12:26] INFO: ASN WMS-ASN-EXT-00004 Carton CNWH63197: Assigned=Received, Actual=Received, ReceivedQty=10
[2026-04-23 15:12:26] INFO: ASN WMS-ASN-EXT-00004 Carton CNWH63198: Assigned=Received, Actual=Received, ReceivedQty=10
[2026-04-23 15:12:26] INFO: ASN WMS-ASN-EXT-00004 Carton CNWH63199: Assigned=Received, Actual=Received, ReceivedQty=10
[2026-04-23 15:12:26] INFO: ASN WMS-ASN-EXT-00004 Carton CNWH63200: Assigned=Received, Actual=Received, ReceivedQty=10
[2026-04-23 15:12:26] INFO: ASN WMS-ASN-EXT-00004 Carton CNWH63266: Assigned=Received, Actual=Received, ReceivedQty=10
[2026-04-23 15:12:26] INFO: ASN WMS-ASN-EXT-00004 Carton CNWH63268: Assigned=Received, Actual=Received, ReceivedQty=10
[2026-04-23 15:12:26] INFO: ASN WMS-ASN-EXT-00004 Carton CNWH63269: Assigned=Received, Actual=Received, ReceivedQty=10
[2026-04-23 15:12:26] INFO: ASN WMS-ASN-EXT-00004 Carton CNWH63270: Assigned=Received, Actual=Received, ReceivedQty=10
[2026-04-23 15:12:26] INFO: ASN WMS-ASN-EXT-00004 Carton CNWH63271: Assigned=Received, Actual=Received, ReceivedQty=10
[2026-04-23 15:12:26] INFO: ASN WMS-ASN-EXT-00004 Carton CNWH63272: Assigned=Received, Actual=Received, ReceivedQty=10
[2026-04-23 15:12:26] INFO: ASN WMS-ASN-EXT-00004 Carton CNWH63275: Assigned=Received, Actual=Received, ReceivedQty=10
[2026-04-23 15:12:26] INFO: ASN WMS-ASN-EXT-00004 Carton CNWH63277: Assigned=Received, Actual=Received, ReceivedQty=10
[2026-04-23 15:12:26] INFO: ASN WMS-ASN-EXT-00004 Carton CNWH63280: Assigned=Received, Actual=Received, ReceivedQty=10
[2026-04-23 15:12:26] INFO: ASN WMS-ASN-EXT-00004 Carton CNWH63282: Assigned=Received, Actual=Received, ReceivedQty=10
[2026-04-23 15:12:26] INFO: ASN WMS-ASN-EXT-00004 Carton CNWH63283: Assigned=Received, Actual=Received, ReceivedQty=10
[2026-04-23 15:12:26] INFO: ASN WMS-ASN-EXT-00004 Carton CNWH63284: Assigned=Received, Actual=Received, ReceivedQty=10
[2026-04-23 15:12:26] INFO: ASN WMS-ASN-EXT-00004 Carton CNWH63285: Assigned=Received, Actual=Received, ReceivedQty=10
[2026-04-23 15:12:26] INFO: ASN WMS-ASN-EXT-00004 Carton CNWH63286: Assigned=Received, Actual=Received, ReceivedQty=10
[2026-04-23 15:12:26] INFO: ASN WMS-ASN-EXT-00004 Carton CNWH63287: Assigned=Received, Actual=Received, ReceivedQty=10
[2026-04-23 15:12:26] INFO: ASN WMS-ASN-EXT-00004 Carton CNWH63288: Assigned=Received, Actual=Received, ReceivedQty=10
[2026-04-23 15:12:26] INFO: ASN WMS-ASN-EXT-00004 Carton CNWH63289: Assigned=Received, Actual=Received, ReceivedQty=10
[2026-04-23 15:12:26] INFO: ASN WMS-ASN-EXT-00004 Carton CNWH63441: Assigned=Received, Actual=Received, ReceivedQty=10
[2026-04-23 15:12:26] INFO: ASN WMS-ASN-EXT-00004 Carton CNWH63442: Assigned=Received, Actual=Received, ReceivedQty=10
[2026-04-23 15:12:26] INFO: ASN WMS-ASN-EXT-00004 Carton CNWH65363: Assigned=Received, Actual=Received, ReceivedQty=10
[2026-04-23 15:12:26] INFO: ASN WMS-ASN-EXT-00004 Carton CNWH63502: Assigned=Received, Actual=Received, ReceivedQty=10
[2026-04-23 15:12:26] INFO: ASN WMS-ASN-EXT-00004 Carton CNWH63502: Assigned=Received, Actual=Received, ReceivedQty=10
[2026-04-23 15:12:26] INFO: ASN WMS-ASN-EXT-00004 Carton CNWH64607: Assigned=Received, Actual=Received, ReceivedQty=10
[2026-04-23 15:12:27] INFO: ASN ASN-0001 Carton CNWH12858: Assigned=Assigned, Actual=Assigned, ReceivedQty=0
[2026-04-23 15:12:27] INFO: ASN ASN-0001 Carton CNWH12854: Assigned=Assigned, Actual=Assigned, ReceivedQty=0
[2026-04-23 15:12:27] INFO: ASN ASN-0001 Carton CNWH15390: Assigned=Assigned, Actual=Assigned, ReceivedQty=0
[2026-04-23 15:12:27] INFO: ASN ASN-0001 Carton CNWH42441: Assigned=Assigned, Actual=Assigned, ReceivedQty=0
[2026-04-23 15:12:27] INFO: ASN ASN-0001 Carton CNWH64571: Assigned=Assigned, Actual=Assigned, ReceivedQty=0
[2026-04-23 15:12:27] INFO: ASN ASN-0001 Carton CNWH64521: Assigned=Assigned, Actual=Assigned, ReceivedQty=0
[2026-04-23 15:12:27] INFO: ASN ASN-0001 Carton CNWH63561: Assigned=Assigned, Actual=Assigned, ReceivedQty=0
[2026-04-23 15:12:27] INFO: ASN ASN-0001 Carton CNWH63609: Assigned=Assigned, Actual=Assigned, ReceivedQty=0
[2026-04-23 15:12:27] INFO: ASN WMS-ASN-EXT-00004 Carton CNWH63179: Assigned=Received, Actual=Received, ReceivedQty=10
[2026-04-23 15:12:27] INFO: ASN WMS-ASN-EXT-00004 Carton CNWH63180: Assigned=Received, Actual=Received, ReceivedQty=10
[2026-04-23 15:12:27] INFO: ASN WMS-ASN-EXT-00004 Carton CNWH63196: Assigned=Received, Actual=Received, ReceivedQty=10
[2026-04-23 15:12:27] INFO: ASN WMS-ASN-EXT-00004 Carton CNWH63197: Assigned=Received, Actual=Received, ReceivedQty=10
[2026-04-23 15:12:27] INFO: ASN WMS-ASN-EXT-00004 Carton CNWH63198: Assigned=Received, Actual=Received, ReceivedQty=10
[2026-04-23 15:12:27] INFO: ASN WMS-ASN-EXT-00004 Carton CNWH63199: Assigned=Received, Actual=Received, ReceivedQty=10
[2026-04-23 15:12:27] INFO: ASN WMS-ASN-EXT-00004 Carton CNWH63200: Assigned=Received, Actual=Received, ReceivedQty=10
[2026-04-23 15:12:27] INFO: ASN WMS-ASN-EXT-00004 Carton CNWH63266: Assigned=Received, Actual=Received, ReceivedQty=10
[2026-04-23 15:12:27] INFO: ASN WMS-ASN-EXT-00004 Carton CNWH63268: Assigned=Received, Actual=Received, ReceivedQty=10
[2026-04-23 15:12:27] INFO: ASN WMS-ASN-EXT-00004 Carton CNWH63269: Assigned=Received, Actual=Received, ReceivedQty=10
[2026-04-23 15:12:27] INFO: ASN WMS-ASN-EXT-00004 Carton CNWH63270: Assigned=Received, Actual=Received, ReceivedQty=10
[2026-04-23 15:12:27] INFO: ASN WMS-ASN-EXT-00004 Carton CNWH63271: Assigned=Received, Actual=Received, ReceivedQty=10
[2026-04-23 15:12:27] INFO: ASN WMS-ASN-EXT-00004 Carton CNWH63272: Assigned=Received, Actual=Received, ReceivedQty=10
[2026-04-23 15:12:27] INFO: ASN WMS-ASN-EXT-00004 Carton CNWH63275: Assigned=Received, Actual=Received, ReceivedQty=10
[2026-04-23 15:12:27] INFO: ASN WMS-ASN-EXT-00004 Carton CNWH63277: Assigned=Received, Actual=Received, ReceivedQty=10
[2026-04-23 15:12:27] INFO: ASN WMS-ASN-EXT-00004 Carton CNWH63280: Assigned=Received, Actual=Received, ReceivedQty=10
[2026-04-23 15:12:27] INFO: ASN WMS-ASN-EXT-00004 Carton CNWH63282: Assigned=Received, Actual=Received, ReceivedQty=10
[2026-04-23 15:12:27] INFO: ASN WMS-ASN-EXT-00004 Carton CNWH63283: Assigned=Received, Actual=Received, ReceivedQty=10
[2026-04-23 15:12:27] INFO: ASN WMS-ASN-EXT-00004 Carton CNWH63284: Assigned=Received, Actual=Received, ReceivedQty=10
[2026-04-23 15:12:27] INFO: ASN WMS-ASN-EXT-00004 Carton CNWH63285: Assigned=Received, Actual=Received, ReceivedQty=10
[2026-04-23 15:12:27] INFO: ASN WMS-ASN-EXT-00004 Carton CNWH63286: Assigned=Received, Actual=Received, ReceivedQty=10
[2026-04-23 15:12:27] INFO: ASN WMS-ASN-EXT-00004 Carton CNWH63287: Assigned=Received, Actual=Received, ReceivedQty=10
[2026-04-23 15:12:27] INFO: ASN WMS-ASN-EXT-00004 Carton CNWH63288: Assigned=Received, Actual=Received, ReceivedQty=10
[2026-04-23 15:12:27] INFO: ASN WMS-ASN-EXT-00004 Carton CNWH63289: Assigned=Received, Actual=Received, ReceivedQty=10
[2026-04-23 15:12:27] INFO: ASN WMS-ASN-EXT-00004 Carton CNWH63441: Assigned=Received, Actual=Received, ReceivedQty=10
[2026-04-23 15:12:27] INFO: ASN WMS-ASN-EXT-00004 Carton CNWH63442: Assigned=Received, Actual=Received, ReceivedQty=10
[2026-04-23 15:12:27] INFO: ASN WMS-ASN-EXT-00004 Carton CNWH63444: Assigned=Received, Actual=Received, ReceivedQty=10
[2026-04-23 15:12:27] INFO: ASN WMS-ASN-EXT-00004 Carton CNWH63446: Assigned=Received, Actual=Received, ReceivedQty=10
[2026-04-23 15:12:27] INFO: ASN WMS-ASN-EXT-00004 Carton CNWH63448: Assigned=Received, Actual=Received, ReceivedQty=10
[2026-04-23 15:12:27] INFO: ASN WMS-ASN-EXT-00004 Carton CNWH65363: Assigned=Received, Actual=Received, ReceivedQty=10
[2026-04-23 15:12:27] INFO: ASN WMS-ASN-EXT-00004 Carton CNWH63179: Assigned=Received, Actual=Received, ReceivedQty=10
[2026-04-23 15:12:27] INFO: ASN WMS-ASN-EXT-00004 Carton CNWH63180: Assigned=Received, Actual=Received, ReceivedQty=10
[2026-04-23 15:12:27] INFO: ASN WMS-ASN-EXT-00004 Carton CNWH63196: Assigned=Received, Actual=Received, ReceivedQty=10
[2026-04-23 15:12:27] INFO: ASN WMS-ASN-EXT-00004 Carton CNWH63197: Assigned=Received, Actual=Received, ReceivedQty=10
[2026-04-23 15:12:27] INFO: ASN WMS-ASN-EXT-00004 Carton CNWH63198: Assigned=Received, Actual=Received, ReceivedQty=10
[2026-04-23 15:12:27] INFO: ASN WMS-ASN-EXT-00004 Carton CNWH63199: Assigned=Received, Actual=Received, ReceivedQty=10
[2026-04-23 15:12:27] INFO: ASN WMS-ASN-EXT-00004 Carton CNWH63200: Assigned=Received, Actual=Received, ReceivedQty=10
[2026-04-23 15:12:27] INFO: ASN WMS-ASN-EXT-00004 Carton CNWH63266: Assigned=Received, Actual=Received, ReceivedQty=10
[2026-04-23 15:12:27] INFO: ASN WMS-ASN-EXT-00004 Carton CNWH63268: Assigned=Received, Actual=Received, ReceivedQty=10
[2026-04-23 15:12:27] INFO: ASN WMS-ASN-EXT-00004 Carton CNWH63269: Assigned=Received, Actual=Received, ReceivedQty=10
[2026-04-23 15:12:27] INFO: ASN WMS-ASN-EXT-00004 Carton CNWH63270: Assigned=Received, Actual=Received, ReceivedQty=10
[2026-04-23 15:12:27] INFO: ASN WMS-ASN-EXT-00004 Carton CNWH63271: Assigned=Received, Actual=Received, ReceivedQty=10
[2026-04-23 15:12:27] INFO: ASN WMS-ASN-EXT-00004 Carton CNWH63272: Assigned=Received, Actual=Received, ReceivedQty=10
[2026-04-23 15:12:27] INFO: ASN WMS-ASN-EXT-00004 Carton CNWH63275: Assigned=Received, Actual=Received, ReceivedQty=10
[2026-04-23 15:12:27] INFO: ASN WMS-ASN-EXT-00004 Carton CNWH63277: Assigned=Received, Actual=Received, ReceivedQty=10
[2026-04-23 15:12:27] INFO: ASN WMS-ASN-EXT-00004 Carton CNWH63280: Assigned=Received, Actual=Received, ReceivedQty=10
[2026-04-23 15:12:27] INFO: ASN WMS-ASN-EXT-00004 Carton CNWH63282: Assigned=Received, Actual=Received, ReceivedQty=10
[2026-04-23 15:12:27] INFO: ASN WMS-ASN-EXT-00004 Carton CNWH63283: Assigned=Received, Actual=Received, ReceivedQty=10
[2026-04-23 15:12:27] INFO: ASN WMS-ASN-EXT-00004 Carton CNWH63284: Assigned=Received, Actual=Received, ReceivedQty=10
[2026-04-23 15:12:27] INFO: ASN WMS-ASN-EXT-00004 Carton CNWH63285: Assigned=Received, Actual=Received, ReceivedQty=10
[2026-04-23 15:12:27] INFO: ASN WMS-ASN-EXT-00004 Carton CNWH63286: Assigned=Received, Actual=Received, ReceivedQty=10
[2026-04-23 15:12:27] INFO: ASN WMS-ASN-EXT-00004 Carton CNWH63287: Assigned=Received, Actual=Received, ReceivedQty=10
[2026-04-23 15:12:27] INFO: ASN WMS-ASN-EXT-00004 Carton CNWH63288: Assigned=Received, Actual=Received, ReceivedQty=10
[2026-04-23 15:12:27] INFO: ASN WMS-ASN-EXT-00004 Carton CNWH63289: Assigned=Received, Actual=Received, ReceivedQty=10
[2026-04-23 15:12:27] INFO: ASN WMS-ASN-EXT-00004 Carton CNWH63441: Assigned=Received, Actual=Received, ReceivedQty=10
[2026-04-23 15:12:27] INFO: ASN WMS-ASN-EXT-00004 Carton CNWH63442: Assigned=Received, Actual=Received, ReceivedQty=10
[2026-04-23 15:12:27] INFO: ASN WMS-ASN-EXT-00004 Carton CNWH65363: Assigned=Received, Actual=Received, ReceivedQty=10
[2026-04-23 15:12:27] INFO: ASN WMS-ASN-EXT-00004 Carton CNWH63502: Assigned=Received, Actual=Received, ReceivedQty=10
[2026-04-23 15:12:27] INFO: ASN WMS-ASN-EXT-00004 Carton CNWH63502: Assigned=Received, Actual=Received, ReceivedQty=10
[2026-04-23 15:12:27] INFO: ASN WMS-ASN-EXT-00004 Carton CNWH64607: Assigned=Received, Actual=Received, ReceivedQty=10
[2026-04-23 15:14:17] INFO: ASN ASN-0001 Carton CNWH12858: Assigned=Assigned, Actual=Assigned, ReceivedQty=0
[2026-04-23 15:14:17] INFO: ASN ASN-0001 Carton CNWH12854: Assigned=Assigned, Actual=Assigned, ReceivedQty=0
[2026-04-23 15:14:17] INFO: ASN ASN-0001 Carton CNWH15390: Assigned=Assigned, Actual=Assigned, ReceivedQty=0
[2026-04-23 15:14:17] INFO: ASN ASN-0001 Carton CNWH42441: Assigned=Assigned, Actual=Assigned, ReceivedQty=0
[2026-04-23 15:14:17] INFO: ASN ASN-0001 Carton CNWH64571: Assigned=Assigned, Actual=Assigned, ReceivedQty=0
[2026-04-23 15:14:17] INFO: ASN ASN-0001 Carton CNWH64521: Assigned=Assigned, Actual=Assigned, ReceivedQty=0
[2026-04-23 15:14:17] INFO: ASN ASN-0001 Carton CNWH63561: Assigned=Assigned, Actual=Assigned, ReceivedQty=0
[2026-04-23 15:14:17] INFO: ASN ASN-0001 Carton CNWH63609: Assigned=Assigned, Actual=Assigned, ReceivedQty=0
[2026-04-23 15:14:17] INFO: ASN WMS-ASN-EXT-00004 Carton CNWH63179: Assigned=Received, Actual=Received, ReceivedQty=10
[2026-04-23 15:14:17] INFO: ASN WMS-ASN-EXT-00004 Carton CNWH63180: Assigned=Received, Actual=Received, ReceivedQty=10
[2026-04-23 15:14:17] INFO: ASN WMS-ASN-EXT-00004 Carton CNWH63196: Assigned=Received, Actual=Received, ReceivedQty=10
[2026-04-23 15:14:17] INFO: ASN WMS-ASN-EXT-00004 Carton CNWH63197: Assigned=Received, Actual=Received, ReceivedQty=10
[2026-04-23 15:14:17] INFO: ASN WMS-ASN-EXT-00004 Carton CNWH63198: Assigned=Received, Actual=Received, ReceivedQty=10
[2026-04-23 15:14:17] INFO: ASN WMS-ASN-EXT-00004 Carton CNWH63199: Assigned=Received, Actual=Received, ReceivedQty=10
[2026-04-23 15:14:17] INFO: ASN WMS-ASN-EXT-00004 Carton CNWH63200: Assigned=Received, Actual=Received, ReceivedQty=10
[2026-04-23 15:14:17] INFO: ASN WMS-ASN-EXT-00004 Carton CNWH63266: Assigned=Received, Actual=Received, ReceivedQty=10
[2026-04-23 15:14:17] INFO: ASN WMS-ASN-EXT-00004 Carton CNWH63268: Assigned=Received, Actual=Received, ReceivedQty=10
[2026-04-23 15:14:17] INFO: ASN WMS-ASN-EXT-00004 Carton CNWH63269: Assigned=Received, Actual=Received, ReceivedQty=10
[2026-04-23 15:14:17] INFO: ASN WMS-ASN-EXT-00004 Carton CNWH63270: Assigned=Received, Actual=Received, ReceivedQty=10
[2026-04-23 15:14:17] INFO: ASN WMS-ASN-EXT-00004 Carton CNWH63271: Assigned=Received, Actual=Received, ReceivedQty=10
[2026-04-23 15:14:17] INFO: ASN WMS-ASN-EXT-00004 Carton CNWH63272: Assigned=Received, Actual=Received, ReceivedQty=10
[2026-04-23 15:14:17] INFO: ASN WMS-ASN-EXT-00004 Carton CNWH63275: Assigned=Received, Actual=Received, ReceivedQty=10
[2026-04-23 15:14:17] INFO: ASN WMS-ASN-EXT-00004 Carton CNWH63277: Assigned=Received, Actual=Received, ReceivedQty=10
[2026-04-23 15:14:17] INFO: ASN WMS-ASN-EXT-00004 Carton CNWH63280: Assigned=Received, Actual=Received, ReceivedQty=10
[2026-04-23 15:14:17] INFO: ASN WMS-ASN-EXT-00004 Carton CNWH63282: Assigned=Received, Actual=Received, ReceivedQty=10
[2026-04-23 15:14:17] INFO: ASN WMS-ASN-EXT-00004 Carton CNWH63283: Assigned=Received, Actual=Received, ReceivedQty=10
[2026-04-23 15:14:17] INFO: ASN WMS-ASN-EXT-00004 Carton CNWH63284: Assigned=Received, Actual=Received, ReceivedQty=10
[2026-04-23 15:14:17] INFO: ASN WMS-ASN-EXT-00004 Carton CNWH63285: Assigned=Received, Actual=Received, ReceivedQty=10
[2026-04-23 15:14:17] INFO: ASN WMS-ASN-EXT-00004 Carton CNWH63286: Assigned=Received, Actual=Received, ReceivedQty=10
[2026-04-23 15:14:17] INFO: ASN WMS-ASN-EXT-00004 Carton CNWH63287: Assigned=Received, Actual=Received, ReceivedQty=10
[2026-04-23 15:14:17] INFO: ASN WMS-ASN-EXT-00004 Carton CNWH63288: Assigned=Received, Actual=Received, ReceivedQty=10
[2026-04-23 15:14:17] INFO: ASN WMS-ASN-EXT-00004 Carton CNWH63289: Assigned=Received, Actual=Received, ReceivedQty=10
[2026-04-23 15:14:17] INFO: ASN WMS-ASN-EXT-00004 Carton CNWH63441: Assigned=Received, Actual=Received, ReceivedQty=10
[2026-04-23 15:14:17] INFO: ASN WMS-ASN-EXT-00004 Carton CNWH63442: Assigned=Received, Actual=Received, ReceivedQty=10
[2026-04-23 15:14:17] INFO: ASN WMS-ASN-EXT-00004 Carton CNWH63444: Assigned=Received, Actual=Received, ReceivedQty=10
[2026-04-23 15:14:17] INFO: ASN WMS-ASN-EXT-00004 Carton CNWH63446: Assigned=Received, Actual=Received, ReceivedQty=10
[2026-04-23 15:14:17] INFO: ASN WMS-ASN-EXT-00004 Carton CNWH63448: Assigned=Received, Actual=Received, ReceivedQty=10
[2026-04-23 15:14:17] INFO: ASN WMS-ASN-EXT-00004 Carton CNWH65363: Assigned=Received, Actual=Received, ReceivedQty=10
[2026-04-23 15:14:17] INFO: ASN WMS-ASN-EXT-00004 Carton CNWH63179: Assigned=Received, Actual=Received, ReceivedQty=10
[2026-04-23 15:14:17] INFO: ASN WMS-ASN-EXT-00004 Carton CNWH63180: Assigned=Received, Actual=Received, ReceivedQty=10
[2026-04-23 15:14:17] INFO: ASN WMS-ASN-EXT-00004 Carton CNWH63196: Assigned=Received, Actual=Received, ReceivedQty=10
[2026-04-23 15:14:17] INFO: ASN WMS-ASN-EXT-00004 Carton CNWH63197: Assigned=Received, Actual=Received, ReceivedQty=10
[2026-04-23 15:14:17] INFO: ASN WMS-ASN-EXT-00004 Carton CNWH63198: Assigned=Received, Actual=Received, ReceivedQty=10
[2026-04-23 15:14:17] INFO: ASN WMS-ASN-EXT-00004 Carton CNWH63199: Assigned=Received, Actual=Received, ReceivedQty=10
[2026-04-23 15:14:17] INFO: ASN WMS-ASN-EXT-00004 Carton CNWH63200: Assigned=Received, Actual=Received, ReceivedQty=10
[2026-04-23 15:14:17] INFO: ASN WMS-ASN-EXT-00004 Carton CNWH63266: Assigned=Received, Actual=Received, ReceivedQty=10
[2026-04-23 15:14:17] INFO: ASN WMS-ASN-EXT-00004 Carton CNWH63268: Assigned=Received, Actual=Received, ReceivedQty=10
[2026-04-23 15:14:17] INFO: ASN WMS-ASN-EXT-00004 Carton CNWH63269: Assigned=Received, Actual=Received, ReceivedQty=10
[2026-04-23 15:14:17] INFO: ASN WMS-ASN-EXT-00004 Carton CNWH63270: Assigned=Received, Actual=Received, ReceivedQty=10
[2026-04-23 15:14:17] INFO: ASN WMS-ASN-EXT-00004 Carton CNWH63271: Assigned=Received, Actual=Received, ReceivedQty=10
[2026-04-23 15:14:17] INFO: ASN WMS-ASN-EXT-00004 Carton CNWH63272: Assigned=Received, Actual=Received, ReceivedQty=10
[2026-04-23 15:14:17] INFO: ASN WMS-ASN-EXT-00004 Carton CNWH63275: Assigned=Received, Actual=Received, ReceivedQty=10
[2026-04-23 15:14:17] INFO: ASN WMS-ASN-EXT-00004 Carton CNWH63277: Assigned=Received, Actual=Received, ReceivedQty=10
[2026-04-23 15:14:17] INFO: ASN WMS-ASN-EXT-00004 Carton CNWH63280: Assigned=Received, Actual=Received, ReceivedQty=10
[2026-04-23 15:14:17] INFO: ASN WMS-ASN-EXT-00004 Carton CNWH63282: Assigned=Received, Actual=Received, ReceivedQty=10
[2026-04-23 15:14:17] INFO: ASN WMS-ASN-EXT-00004 Carton CNWH63283: Assigned=Received, Actual=Received, ReceivedQty=10
[2026-04-23 15:14:17] INFO: ASN WMS-ASN-EXT-00004 Carton CNWH63284: Assigned=Received, Actual=Received, ReceivedQty=10
[2026-04-23 15:14:17] INFO: ASN WMS-ASN-EXT-00004 Carton CNWH63285: Assigned=Received, Actual=Received, ReceivedQty=10
[2026-04-23 15:14:17] INFO: ASN WMS-ASN-EXT-00004 Carton CNWH63286: Assigned=Received, Actual=Received, ReceivedQty=10
[2026-04-23 15:14:17] INFO: ASN WMS-ASN-EXT-00004 Carton CNWH63287: Assigned=Received, Actual=Received, ReceivedQty=10
[2026-04-23 15:14:17] INFO: ASN WMS-ASN-EXT-00004 Carton CNWH63288: Assigned=Received, Actual=Received, ReceivedQty=10
[2026-04-23 15:14:17] INFO: ASN WMS-ASN-EXT-00004 Carton CNWH63289: Assigned=Received, Actual=Received, ReceivedQty=10
[2026-04-23 15:14:17] INFO: ASN WMS-ASN-EXT-00004 Carton CNWH63441: Assigned=Received, Actual=Received, ReceivedQty=10
[2026-04-23 15:14:17] INFO: ASN WMS-ASN-EXT-00004 Carton CNWH63442: Assigned=Received, Actual=Received, ReceivedQty=10
[2026-04-23 15:14:17] INFO: ASN WMS-ASN-EXT-00004 Carton CNWH65363: Assigned=Received, Actual=Received, ReceivedQty=10
[2026-04-23 15:14:17] INFO: ASN WMS-ASN-EXT-00004 Carton CNWH63502: Assigned=Received, Actual=Received, ReceivedQty=10
[2026-04-23 15:14:17] INFO: ASN WMS-ASN-EXT-00004 Carton CNWH63502: Assigned=Received, Actual=Received, ReceivedQty=10
[2026-04-23 15:14:17] INFO: ASN WMS-ASN-EXT-00004 Carton CNWH64607: Assigned=Received, Actual=Received, ReceivedQty=10
[2026-04-23 15:14:42] INFO: ASN ASN-0001 Carton CNWH12858: Assigned=Assigned, Actual=Assigned, ReceivedQty=0
[2026-04-23 15:14:42] INFO: ASN ASN-0001 Carton CNWH12854: Assigned=Assigned, Actual=Assigned, ReceivedQty=0
[2026-04-23 15:14:42] INFO: ASN ASN-0001 Carton CNWH15390: Assigned=Assigned, Actual=Assigned, ReceivedQty=0
[2026-04-23 15:14:42] INFO: ASN ASN-0001 Carton CNWH42441: Assigned=Assigned, Actual=Assigned, ReceivedQty=0
[2026-04-23 15:14:42] INFO: ASN ASN-0001 Carton CNWH64571: Assigned=Assigned, Actual=Assigned, ReceivedQty=0
[2026-04-23 15:14:42] INFO: ASN ASN-0001 Carton CNWH64521: Assigned=Assigned, Actual=Assigned, ReceivedQty=0
[2026-04-23 15:14:42] INFO: ASN ASN-0001 Carton CNWH63561: Assigned=Assigned, Actual=Assigned, ReceivedQty=0
[2026-04-23 15:14:42] INFO: ASN ASN-0001 Carton CNWH63609: Assigned=Assigned, Actual=Assigned, ReceivedQty=0
[2026-04-23 15:14:42] INFO: ASN WMS-ASN-EXT-00004 Carton CNWH63179: Assigned=Received, Actual=Received, ReceivedQty=10
[2026-04-23 15:14:42] INFO: ASN WMS-ASN-EXT-00004 Carton CNWH63180: Assigned=Received, Actual=Received, ReceivedQty=10
[2026-04-23 15:14:42] INFO: ASN WMS-ASN-EXT-00004 Carton CNWH63196: Assigned=Received, Actual=Received, ReceivedQty=10
[2026-04-23 15:14:42] INFO: ASN WMS-ASN-EXT-00004 Carton CNWH63197: Assigned=Received, Actual=Received, ReceivedQty=10
[2026-04-23 15:14:42] INFO: ASN WMS-ASN-EXT-00004 Carton CNWH63198: Assigned=Received, Actual=Received, ReceivedQty=10
[2026-04-23 15:14:42] INFO: ASN WMS-ASN-EXT-00004 Carton CNWH63199: Assigned=Received, Actual=Received, ReceivedQty=10
[2026-04-23 15:14:42] INFO: ASN WMS-ASN-EXT-00004 Carton CNWH63200: Assigned=Received, Actual=Received, ReceivedQty=10
[2026-04-23 15:14:42] INFO: ASN WMS-ASN-EXT-00004 Carton CNWH63266: Assigned=Received, Actual=Received, ReceivedQty=10
[2026-04-23 15:14:42] INFO: ASN WMS-ASN-EXT-00004 Carton CNWH63268: Assigned=Received, Actual=Received, ReceivedQty=10
[2026-04-23 15:14:42] INFO: ASN WMS-ASN-EXT-00004 Carton CNWH63269: Assigned=Received, Actual=Received, ReceivedQty=10
[2026-04-23 15:14:42] INFO: ASN WMS-ASN-EXT-00004 Carton CNWH63270: Assigned=Received, Actual=Received, ReceivedQty=10
[2026-04-23 15:14:42] INFO: ASN WMS-ASN-EXT-00004 Carton CNWH63271: Assigned=Received, Actual=Received, ReceivedQty=10
[2026-04-23 15:14:42] INFO: ASN WMS-ASN-EXT-00004 Carton CNWH63272: Assigned=Received, Actual=Received, ReceivedQty=10
[2026-04-23 15:14:42] INFO: ASN WMS-ASN-EXT-00004 Carton CNWH63275: Assigned=Received, Actual=Received, ReceivedQty=10
[2026-04-23 15:14:42] INFO: ASN WMS-ASN-EXT-00004 Carton CNWH63277: Assigned=Received, Actual=Received, ReceivedQty=10
[2026-04-23 15:14:42] INFO: ASN WMS-ASN-EXT-00004 Carton CNWH63280: Assigned=Received, Actual=Received, ReceivedQty=10
[2026-04-23 15:14:42] INFO: ASN WMS-ASN-EXT-00004 Carton CNWH63282: Assigned=Received, Actual=Received, ReceivedQty=10
[2026-04-23 15:14:42] INFO: ASN WMS-ASN-EXT-00004 Carton CNWH63283: Assigned=Received, Actual=Received, ReceivedQty=10
[2026-04-23 15:14:42] INFO: ASN WMS-ASN-EXT-00004 Carton CNWH63284: Assigned=Received, Actual=Received, ReceivedQty=10
[2026-04-23 15:14:42] INFO: ASN WMS-ASN-EXT-00004 Carton CNWH63285: Assigned=Received, Actual=Received, ReceivedQty=10
[2026-04-23 15:14:42] INFO: ASN WMS-ASN-EXT-00004 Carton CNWH63286: Assigned=Received, Actual=Received, ReceivedQty=10
[2026-04-23 15:14:42] INFO: ASN WMS-ASN-EXT-00004 Carton CNWH63287: Assigned=Received, Actual=Received, ReceivedQty=10
[2026-04-23 15:14:42] INFO: ASN WMS-ASN-EXT-00004 Carton CNWH63288: Assigned=Received, Actual=Received, ReceivedQty=10
[2026-04-23 15:14:42] INFO: ASN WMS-ASN-EXT-00004 Carton CNWH63289: Assigned=Received, Actual=Received, ReceivedQty=10
[2026-04-23 15:14:42] INFO: ASN WMS-ASN-EXT-00004 Carton CNWH63441: Assigned=Received, Actual=Received, ReceivedQty=10
[2026-04-23 15:14:42] INFO: ASN WMS-ASN-EXT-00004 Carton CNWH63442: Assigned=Received, Actual=Received, ReceivedQty=10
[2026-04-23 15:14:42] INFO: ASN WMS-ASN-EXT-00004 Carton CNWH63444: Assigned=Received, Actual=Received, ReceivedQty=10
[2026-04-23 15:14:42] INFO: ASN WMS-ASN-EXT-00004 Carton CNWH63446: Assigned=Received, Actual=Received, ReceivedQty=10
[2026-04-23 15:14:42] INFO: ASN WMS-ASN-EXT-00004 Carton CNWH63448: Assigned=Received, Actual=Received, ReceivedQty=10
[2026-04-23 15:14:42] INFO: ASN WMS-ASN-EXT-00004 Carton CNWH65363: Assigned=Received, Actual=Received, ReceivedQty=10
[2026-04-23 15:14:42] INFO: ASN WMS-ASN-EXT-00004 Carton CNWH63179: Assigned=Received, Actual=Received, ReceivedQty=10
[2026-04-23 15:14:42] INFO: ASN WMS-ASN-EXT-00004 Carton CNWH63180: Assigned=Received, Actual=Received, ReceivedQty=10
[2026-04-23 15:14:42] INFO: ASN WMS-ASN-EXT-00004 Carton CNWH63196: Assigned=Received, Actual=Received, ReceivedQty=10
[2026-04-23 15:14:42] INFO: ASN WMS-ASN-EXT-00004 Carton CNWH63197: Assigned=Received, Actual=Received, ReceivedQty=10
[2026-04-23 15:14:42] INFO: ASN WMS-ASN-EXT-00004 Carton CNWH63198: Assigned=Received, Actual=Received, ReceivedQty=10
[2026-04-23 15:14:42] INFO: ASN WMS-ASN-EXT-00004 Carton CNWH63199: Assigned=Received, Actual=Received, ReceivedQty=10
[2026-04-23 15:14:42] INFO: ASN WMS-ASN-EXT-00004 Carton CNWH63200: Assigned=Received, Actual=Received, ReceivedQty=10
[2026-04-23 15:14:42] INFO: ASN WMS-ASN-EXT-00004 Carton CNWH63266: Assigned=Received, Actual=Received, ReceivedQty=10
[2026-04-23 15:14:42] INFO: ASN WMS-ASN-EXT-00004 Carton CNWH63268: Assigned=Received, Actual=Received, ReceivedQty=10
[2026-04-23 15:14:42] INFO: ASN WMS-ASN-EXT-00004 Carton CNWH63269: Assigned=Received, Actual=Received, ReceivedQty=10
[2026-04-23 15:14:42] INFO: ASN WMS-ASN-EXT-00004 Carton CNWH63270: Assigned=Received, Actual=Received, ReceivedQty=10
[2026-04-23 15:14:42] INFO: ASN WMS-ASN-EXT-00004 Carton CNWH63271: Assigned=Received, Actual=Received, ReceivedQty=10
[2026-04-23 15:14:42] INFO: ASN WMS-ASN-EXT-00004 Carton CNWH63272: Assigned=Received, Actual=Received, ReceivedQty=10
[2026-04-23 15:14:42] INFO: ASN WMS-ASN-EXT-00004 Carton CNWH63275: Assigned=Received, Actual=Received, ReceivedQty=10
[2026-04-23 15:14:42] INFO: ASN WMS-ASN-EXT-00004 Carton CNWH63277: Assigned=Received, Actual=Received, ReceivedQty=10
[2026-04-23 15:14:42] INFO: ASN WMS-ASN-EXT-00004 Carton CNWH63280: Assigned=Received, Actual=Received, ReceivedQty=10
[2026-04-23 15:14:42] INFO: ASN WMS-ASN-EXT-00004 Carton CNWH63282: Assigned=Received, Actual=Received, ReceivedQty=10
[2026-04-23 15:14:42] INFO: ASN WMS-ASN-EXT-00004 Carton CNWH63283: Assigned=Received, Actual=Received, ReceivedQty=10
[2026-04-23 15:14:42] INFO: ASN WMS-ASN-EXT-00004 Carton CNWH63284: Assigned=Received, Actual=Received, ReceivedQty=10
[2026-04-23 15:14:42] INFO: ASN WMS-ASN-EXT-00004 Carton CNWH63285: Assigned=Received, Actual=Received, ReceivedQty=10
[2026-04-23 15:14:42] INFO: ASN WMS-ASN-EXT-00004 Carton CNWH63286: Assigned=Received, Actual=Received, ReceivedQty=10
[2026-04-23 15:14:42] INFO: ASN WMS-ASN-EXT-00004 Carton CNWH63287: Assigned=Received, Actual=Received, ReceivedQty=10
[2026-04-23 15:14:42] INFO: ASN WMS-ASN-EXT-00004 Carton CNWH63288: Assigned=Received, Actual=Received, ReceivedQty=10
[2026-04-23 15:14:42] INFO: ASN WMS-ASN-EXT-00004 Carton CNWH63289: Assigned=Received, Actual=Received, ReceivedQty=10
[2026-04-23 15:14:42] INFO: ASN WMS-ASN-EXT-00004 Carton CNWH63441: Assigned=Received, Actual=Received, ReceivedQty=10
[2026-04-23 15:14:42] INFO: ASN WMS-ASN-EXT-00004 Carton CNWH63442: Assigned=Received, Actual=Received, ReceivedQty=10
[2026-04-23 15:14:42] INFO: ASN WMS-ASN-EXT-00004 Carton CNWH65363: Assigned=Received, Actual=Received, ReceivedQty=10
[2026-04-23 15:14:42] INFO: ASN WMS-ASN-EXT-00004 Carton CNWH63502: Assigned=Received, Actual=Received, ReceivedQty=10
[2026-04-23 15:14:42] INFO: ASN WMS-ASN-EXT-00004 Carton CNWH63502: Assigned=Received, Actual=Received, ReceivedQty=10
[2026-04-23 15:14:42] INFO: ASN WMS-ASN-EXT-00004 Carton CNWH64607: Assigned=Received, Actual=Received, ReceivedQty=10
[2026-04-23 15:22:55] INFO: AuthService: Attempting login to http://localhost:3000/api/auth/login for user sysadmin
[2026-04-23 15:22:57] INFO: AuthService: Login response status: Unauthorized
[2026-04-23 15:22:57] ERROR: AuthService: Login failed with status Unauthorized: {"ok":false,"success":false,"error":{"code":"AUTH_INVALID","message":"Invalid credentials - DEBUG: hash_match=false, plain_match=false, pwd_len=9","debug":{"password_received":"\"Print@123\" (length: 9)","password_hash_exists":true,"password_hash_length":64,"password_hash_preview":"8d969eef6ecad3c29a3a...","computed_hash":"ad3785145ab3b7ab3c90...","hash_match":false,"plain_text_match":false},"details":{"password_received":"\"Print@123\" (length: 9)","password_hash_exists":true,"password_hash_length":64,"password_hash_preview":"8d969eef6ecad3c29a3a...","computed_hash":"ad3785145ab3b7ab3c90...","hash_match":false,"plain_text_match":false}},"debug":{"password_received":"\"Print@123\" (length: 9)","password_hash_exists":true,"password_hash_length":64,"password_hash_preview":"8d969eef6ecad3c29a3a...","computed_hash":"ad3785145ab3b7ab3c90...","hash_match":false,"plain_text_match":false}}
--------------------------------------------------------------------------------
[2026-04-23 15:23:08] INFO: AuthService: Attempting login to http://localhost:3000/api/auth/login for user sysadmin
[2026-04-23 15:23:10] INFO: AuthService: Login response status: OK
[2026-04-23 15:23:10] INFO: AuthService: Login successful for user sysadmin
[2026-04-23 15:23:14] INFO: ASN ASN-0001 Carton CNWH12858: Assigned=Assigned, Actual=Assigned, ReceivedQty=0
[2026-04-23 15:23:14] INFO: ASN ASN-0001 Carton CNWH12854: Assigned=Assigned, Actual=Assigned, ReceivedQty=0
[2026-04-23 15:23:14] INFO: ASN ASN-0001 Carton CNWH15390: Assigned=Assigned, Actual=Assigned, ReceivedQty=0
[2026-04-23 15:23:14] INFO: ASN ASN-0001 Carton CNWH42441: Assigned=Assigned, Actual=Assigned, ReceivedQty=0
[2026-04-23 15:23:14] INFO: ASN ASN-0001 Carton CNWH64571: Assigned=Assigned, Actual=Assigned, ReceivedQty=0
[2026-04-23 15:23:14] INFO: ASN ASN-0001 Carton CNWH64521: Assigned=Assigned, Actual=Assigned, ReceivedQty=0
[2026-04-23 15:23:14] INFO: ASN ASN-0001 Carton CNWH63561: Assigned=Assigned, Actual=Assigned, ReceivedQty=0
[2026-04-23 15:23:14] INFO: ASN ASN-0001 Carton CNWH63609: Assigned=Assigned, Actual=Assigned, ReceivedQty=0
[2026-04-23 15:23:14] INFO: ASN WMS-ASN-EXT-00004 Carton CNWH63179: Assigned=Received, Actual=Received, ReceivedQty=10
[2026-04-23 15:23:14] INFO: ASN WMS-ASN-EXT-00004 Carton CNWH63180: Assigned=Received, Actual=Received, ReceivedQty=10
[2026-04-23 15:23:14] INFO: ASN WMS-ASN-EXT-00004 Carton CNWH63196: Assigned=Received, Actual=Received, ReceivedQty=10
[2026-04-23 15:23:14] INFO: ASN WMS-ASN-EXT-00004 Carton CNWH63197: Assigned=Received, Actual=Received, ReceivedQty=10
[2026-04-23 15:23:14] INFO: ASN WMS-ASN-EXT-00004 Carton CNWH63198: Assigned=Received, Actual=Received, ReceivedQty=10
[2026-04-23 15:23:14] INFO: ASN WMS-ASN-EXT-00004 Carton CNWH63199: Assigned=Received, Actual=Received, ReceivedQty=10
[2026-04-23 15:23:14] INFO: ASN WMS-ASN-EXT-00004 Carton CNWH63200: Assigned=Received, Actual=Received, ReceivedQty=10
[2026-04-23 15:23:14] INFO: ASN WMS-ASN-EXT-00004 Carton CNWH63266: Assigned=Received, Actual=Received, ReceivedQty=10
[2026-04-23 15:23:14] INFO: ASN WMS-ASN-EXT-00004 Carton CNWH63268: Assigned=Received, Actual=Received, ReceivedQty=10
[2026-04-23 15:23:14] INFO: ASN WMS-ASN-EXT-00004 Carton CNWH63269: Assigned=Received, Actual=Received, ReceivedQty=10
[2026-04-23 15:23:14] INFO: ASN WMS-ASN-EXT-00004 Carton CNWH63270: Assigned=Received, Actual=Received, ReceivedQty=10
[2026-04-23 15:23:14] INFO: ASN WMS-ASN-EXT-00004 Carton CNWH63271: Assigned=Received, Actual=Received, ReceivedQty=10
[2026-04-23 15:23:14] INFO: ASN WMS-ASN-EXT-00004 Carton CNWH63272: Assigned=Received, Actual=Received, ReceivedQty=10
[2026-04-23 15:23:14] INFO: ASN WMS-ASN-EXT-00004 Carton CNWH63275: Assigned=Received, Actual=Received, ReceivedQty=10
[2026-04-23 15:23:14] INFO: ASN WMS-ASN-EXT-00004 Carton CNWH63277: Assigned=Received, Actual=Received, ReceivedQty=10
[2026-04-23 15:23:14] INFO: ASN WMS-ASN-EXT-00004 Carton CNWH63280: Assigned=Received, Actual=Received, ReceivedQty=10
[2026-04-23 15:23:14] INFO: ASN WMS-ASN-EXT-00004 Carton CNWH63282: Assigned=Received, Actual=Received, ReceivedQty=10
[2026-04-23 15:23:14] INFO: ASN WMS-ASN-EXT-00004 Carton CNWH63283: Assigned=Received, Actual=Received, ReceivedQty=10
[2026-04-23 15:23:14] INFO: ASN WMS-ASN-EXT-00004 Carton CNWH63284: Assigned=Received, Actual=Received, ReceivedQty=10
[2026-04-23 15:23:14] INFO: ASN WMS-ASN-EXT-00004 Carton CNWH63285: Assigned=Received, Actual=Received, ReceivedQty=10
[2026-04-23 15:23:14] INFO: ASN WMS-ASN-EXT-00004 Carton CNWH63286: Assigned=Received, Actual=Received, ReceivedQty=10
[2026-04-23 15:23:14] INFO: ASN WMS-ASN-EXT-00004 Carton CNWH63287: Assigned=Received, Actual=Received, ReceivedQty=10
[2026-04-23 15:23:14] INFO: ASN WMS-ASN-EXT-00004 Carton CNWH63288: Assigned=Received, Actual=Received, ReceivedQty=10
[2026-04-23 15:23:14] INFO: ASN WMS-ASN-EXT-00004 Carton CNWH63289: Assigned=Received, Actual=Received, ReceivedQty=10
[2026-04-23 15:23:14] INFO: ASN WMS-ASN-EXT-00004 Carton CNWH63441: Assigned=Received, Actual=Received, ReceivedQty=10
[2026-04-23 15:23:14] INFO: ASN WMS-ASN-EXT-00004 Carton CNWH63442: Assigned=Received, Actual=Received, ReceivedQty=10
[2026-04-23 15:23:14] INFO: ASN WMS-ASN-EXT-00004 Carton CNWH63444: Assigned=Received, Actual=Received, ReceivedQty=10
[2026-04-23 15:23:14] INFO: ASN WMS-ASN-EXT-00004 Carton CNWH63446: Assigned=Received, Actual=Received, ReceivedQty=10
[2026-04-23 15:23:14] INFO: ASN WMS-ASN-EXT-00004 Carton CNWH63448: Assigned=Received, Actual=Received, ReceivedQty=10
[2026-04-23 15:23:14] INFO: ASN WMS-ASN-EXT-00004 Carton CNWH65363: Assigned=Received, Actual=Received, ReceivedQty=10
[2026-04-23 15:23:14] INFO: ASN WMS-ASN-EXT-00004 Carton CNWH63179: Assigned=Received, Actual=Received, ReceivedQty=10
[2026-04-23 15:23:14] INFO: ASN WMS-ASN-EXT-00004 Carton CNWH63180: Assigned=Received, Actual=Received, ReceivedQty=10
[2026-04-23 15:23:14] INFO: ASN WMS-ASN-EXT-00004 Carton CNWH63196: Assigned=Received, Actual=Received, ReceivedQty=10
[2026-04-23 15:23:14] INFO: ASN WMS-ASN-EXT-00004 Carton CNWH63197: Assigned=Received, Actual=Received, ReceivedQty=10
[2026-04-23 15:23:14] INFO: ASN WMS-ASN-EXT-00004 Carton CNWH63198: Assigned=Received, Actual=Received, ReceivedQty=10
[2026-04-23 15:23:14] INFO: ASN WMS-ASN-EXT-00004 Carton CNWH63199: Assigned=Received, Actual=Received, ReceivedQty=10
[2026-04-23 15:23:14] INFO: ASN WMS-ASN-EXT-00004 Carton CNWH63200: Assigned=Received, Actual=Received, ReceivedQty=10
[2026-04-23 15:23:14] INFO: ASN WMS-ASN-EXT-00004 Carton CNWH63266: Assigned=Received, Actual=Received, ReceivedQty=10
[2026-04-23 15:23:14] INFO: ASN WMS-ASN-EXT-00004 Carton CNWH63268: Assigned=Received, Actual=Received, ReceivedQty=10
[2026-04-23 15:23:14] INFO: ASN WMS-ASN-EXT-00004 Carton CNWH63269: Assigned=Received, Actual=Received, ReceivedQty=10
[2026-04-23 15:23:14] INFO: ASN WMS-ASN-EXT-00004 Carton CNWH63270: Assigned=Received, Actual=Received, ReceivedQty=10
[2026-04-23 15:23:14] INFO: ASN WMS-ASN-EXT-00004 Carton CNWH63271: Assigned=Received, Actual=Received, ReceivedQty=10
[2026-04-23 15:23:14] INFO: ASN WMS-ASN-EXT-00004 Carton CNWH63272: Assigned=Received, Actual=Received, ReceivedQty=10
[2026-04-23 15:23:14] INFO: ASN WMS-ASN-EXT-00004 Carton CNWH63275: Assigned=Received, Actual=Received, ReceivedQty=10
[2026-04-23 15:23:14] INFO: ASN WMS-ASN-EXT-00004 Carton CNWH63277: Assigned=Received, Actual=Received, ReceivedQty=10
[2026-04-23 15:23:14] INFO: ASN WMS-ASN-EXT-00004 Carton CNWH63280: Assigned=Received, Actual=Received, ReceivedQty=10
[2026-04-23 15:23:14] INFO: ASN WMS-ASN-EXT-00004 Carton CNWH63282: Assigned=Received, Actual=Received, ReceivedQty=10
[2026-04-23 15:23:14] INFO: ASN WMS-ASN-EXT-00004 Carton CNWH63283: Assigned=Received, Actual=Received, ReceivedQty=10
[2026-04-23 15:23:14] INFO: ASN WMS-ASN-EXT-00004 Carton CNWH63284: Assigned=Received, Actual=Received, ReceivedQty=10
[2026-04-23 15:23:14] INFO: ASN WMS-ASN-EXT-00004 Carton CNWH63285: Assigned=Received, Actual=Received, ReceivedQty=10
[2026-04-23 15:23:14] INFO: ASN WMS-ASN-EXT-00004 Carton CNWH63286: Assigned=Received, Actual=Received, ReceivedQty=10
[2026-04-23 15:23:14] INFO: ASN WMS-ASN-EXT-00004 Carton CNWH63287: Assigned=Received, Actual=Received, ReceivedQty=10
[2026-04-23 15:23:14] INFO: ASN WMS-ASN-EXT-00004 Carton CNWH63288: Assigned=Received, Actual=Received, ReceivedQty=10
[2026-04-23 15:23:14] INFO: ASN WMS-ASN-EXT-00004 Carton CNWH63289: Assigned=Received, Actual=Received, ReceivedQty=10
[2026-04-23 15:23:14] INFO: ASN WMS-ASN-EXT-00004 Carton CNWH63441: Assigned=Received, Actual=Received, ReceivedQty=10
[2026-04-23 15:23:14] INFO: ASN WMS-ASN-EXT-00004 Carton CNWH63442: Assigned=Received, Actual=Received, ReceivedQty=10
[2026-04-23 15:23:14] INFO: ASN WMS-ASN-EXT-00004 Carton CNWH65363: Assigned=Received, Actual=Received, ReceivedQty=10
[2026-04-23 15:23:14] INFO: ASN WMS-ASN-EXT-00004 Carton CNWH63502: Assigned=Received, Actual=Received, ReceivedQty=10
[2026-04-23 15:23:14] INFO: ASN WMS-ASN-EXT-00004 Carton CNWH63502: Assigned=Received, Actual=Received, ReceivedQty=10
[2026-04-23 15:23:14] INFO: ASN WMS-ASN-EXT-00004 Carton CNWH64607: Assigned=Received, Actual=Received, ReceivedQty=10
[2026-04-23 15:23:16] INFO: ASN ASN-0001 Carton CNWH12858: Assigned=Assigned, Actual=Assigned, ReceivedQty=0
[2026-04-23 15:23:16] INFO: ASN ASN-0001 Carton CNWH12854: Assigned=Assigned, Actual=Assigned, ReceivedQty=0
[2026-04-23 15:23:16] INFO: ASN ASN-0001 Carton CNWH15390: Assigned=Assigned, Actual=Assigned, ReceivedQty=0
[2026-04-23 15:23:16] INFO: ASN ASN-0001 Carton CNWH42441: Assigned=Assigned, Actual=Assigned, ReceivedQty=0
[2026-04-23 15:23:16] INFO: ASN ASN-0001 Carton CNWH64571: Assigned=Assigned, Actual=Assigned, ReceivedQty=0
[2026-04-23 15:23:16] INFO: ASN ASN-0001 Carton CNWH64521: Assigned=Assigned, Actual=Assigned, ReceivedQty=0
[2026-04-23 15:23:16] INFO: ASN ASN-0001 Carton CNWH63561: Assigned=Assigned, Actual=Assigned, ReceivedQty=0
[2026-04-23 15:23:16] INFO: ASN ASN-0001 Carton CNWH63609: Assigned=Assigned, Actual=Assigned, ReceivedQty=0
[2026-04-23 15:23:16] INFO: ASN WMS-ASN-EXT-00004 Carton CNWH63179: Assigned=Received, Actual=Received, ReceivedQty=10
[2026-04-23 15:23:16] INFO: ASN WMS-ASN-EXT-00004 Carton CNWH63180: Assigned=Received, Actual=Received, ReceivedQty=10
[2026-04-23 15:23:16] INFO: ASN WMS-ASN-EXT-00004 Carton CNWH63196: Assigned=Received, Actual=Received, ReceivedQty=10
[2026-04-23 15:23:16] INFO: ASN WMS-ASN-EXT-00004 Carton CNWH63197: Assigned=Received, Actual=Received, ReceivedQty=10
[2026-04-23 15:23:16] INFO: ASN WMS-ASN-EXT-00004 Carton CNWH63198: Assigned=Received, Actual=Received, ReceivedQty=10
[2026-04-23 15:23:16] INFO: ASN WMS-ASN-EXT-00004 Carton CNWH63199: Assigned=Received, Actual=Received, ReceivedQty=10
[2026-04-23 15:23:16] INFO: ASN WMS-ASN-EXT-00004 Carton CNWH63200: Assigned=Received, Actual=Received, ReceivedQty=10
[2026-04-23 15:23:16] INFO: ASN WMS-ASN-EXT-00004 Carton CNWH63266: Assigned=Received, Actual=Received, ReceivedQty=10
[2026-04-23 15:23:16] INFO: ASN WMS-ASN-EXT-00004 Carton CNWH63268: Assigned=Received, Actual=Received, ReceivedQty=10
[2026-04-23 15:23:16] INFO: ASN WMS-ASN-EXT-00004 Carton CNWH63269: Assigned=Received, Actual=Received, ReceivedQty=10
[2026-04-23 15:23:16] INFO: ASN WMS-ASN-EXT-00004 Carton CNWH63270: Assigned=Received, Actual=Received, ReceivedQty=10
[2026-04-23 15:23:16] INFO: ASN WMS-ASN-EXT-00004 Carton CNWH63271: Assigned=Received, Actual=Received, ReceivedQty=10
[2026-04-23 15:23:16] INFO: ASN WMS-ASN-EXT-00004 Carton CNWH63272: Assigned=Received, Actual=Received, ReceivedQty=10
[2026-04-23 15:23:16] INFO: ASN WMS-ASN-EXT-00004 Carton CNWH63275: Assigned=Received, Actual=Received, ReceivedQty=10
[2026-04-23 15:23:16] INFO: ASN WMS-ASN-EXT-00004 Carton CNWH63277: Assigned=Received, Actual=Received, ReceivedQty=10
[2026-04-23 15:23:16] INFO: ASN WMS-ASN-EXT-00004 Carton CNWH63280: Assigned=Received, Actual=Received, ReceivedQty=10
[2026-04-23 15:23:16] INFO: ASN WMS-ASN-EXT-00004 Carton CNWH63282: Assigned=Received, Actual=Received, ReceivedQty=10
[2026-04-23 15:23:16] INFO: ASN WMS-ASN-EXT-00004 Carton CNWH63283: Assigned=Received, Actual=Received, ReceivedQty=10
[2026-04-23 15:23:16] INFO: ASN WMS-ASN-EXT-00004 Carton CNWH63284: Assigned=Received, Actual=Received, ReceivedQty=10
[2026-04-23 15:23:16] INFO: ASN WMS-ASN-EXT-00004 Carton CNWH63285: Assigned=Received, Actual=Received, ReceivedQty=10
[2026-04-23 15:23:16] INFO: ASN WMS-ASN-EXT-00004 Carton CNWH63286: Assigned=Received, Actual=Received, ReceivedQty=10
[2026-04-23 15:23:16] INFO: ASN WMS-ASN-EXT-00004 Carton CNWH63287: Assigned=Received, Actual=Received, ReceivedQty=10
[2026-04-23 15:23:16] INFO: ASN WMS-ASN-EXT-00004 Carton CNWH63288: Assigned=Received, Actual=Received, ReceivedQty=10
[2026-04-23 15:23:16] INFO: ASN WMS-ASN-EXT-00004 Carton CNWH63289: Assigned=Received, Actual=Received, ReceivedQty=10
[2026-04-23 15:23:16] INFO: ASN WMS-ASN-EXT-00004 Carton CNWH63441: Assigned=Received, Actual=Received, ReceivedQty=10
[2026-04-23 15:23:16] INFO: ASN WMS-ASN-EXT-00004 Carton CNWH63442: Assigned=Received, Actual=Received, ReceivedQty=10
[2026-04-23 15:23:16] INFO: ASN WMS-ASN-EXT-00004 Carton CNWH63444: Assigned=Received, Actual=Received, ReceivedQty=10
[2026-04-23 15:23:16] INFO: ASN WMS-ASN-EXT-00004 Carton CNWH63446: Assigned=Received, Actual=Received, ReceivedQty=10
[2026-04-23 15:23:16] INFO: ASN WMS-ASN-EXT-00004 Carton CNWH63448: Assigned=Received, Actual=Received, ReceivedQty=10
[2026-04-23 15:23:16] INFO: ASN WMS-ASN-EXT-00004 Carton CNWH65363: Assigned=Received, Actual=Received, ReceivedQty=10
[2026-04-23 15:23:16] INFO: ASN WMS-ASN-EXT-00004 Carton CNWH63179: Assigned=Received, Actual=Received, ReceivedQty=10
[2026-04-23 15:23:16] INFO: ASN WMS-ASN-EXT-00004 Carton CNWH63180: Assigned=Received, Actual=Received, ReceivedQty=10
[2026-04-23 15:23:16] INFO: ASN WMS-ASN-EXT-00004 Carton CNWH63196: Assigned=Received, Actual=Received, ReceivedQty=10
[2026-04-23 15:23:16] INFO: ASN WMS-ASN-EXT-00004 Carton CNWH63197: Assigned=Received, Actual=Received, ReceivedQty=10
[2026-04-23 15:23:16] INFO: ASN WMS-ASN-EXT-00004 Carton CNWH63198: Assigned=Received, Actual=Received, ReceivedQty=10
[2026-04-23 15:23:16] INFO: ASN WMS-ASN-EXT-00004 Carton CNWH63199: Assigned=Received, Actual=Received, ReceivedQty=10
[2026-04-23 15:23:16] INFO: ASN WMS-ASN-EXT-00004 Carton CNWH63200: Assigned=Received, Actual=Received, ReceivedQty=10
[2026-04-23 15:23:16] INFO: ASN WMS-ASN-EXT-00004 Carton CNWH63266: Assigned=Received, Actual=Received, ReceivedQty=10
[2026-04-23 15:23:16] INFO: ASN WMS-ASN-EXT-00004 Carton CNWH63268: Assigned=Received, Actual=Received, ReceivedQty=10
[2026-04-23 15:23:16] INFO: ASN WMS-ASN-EXT-00004 Carton CNWH63269: Assigned=Received, Actual=Received, ReceivedQty=10
[2026-04-23 15:23:16] INFO: ASN WMS-ASN-EXT-00004 Carton CNWH63270: Assigned=Received, Actual=Received, ReceivedQty=10
[2026-04-23 15:23:16] INFO: ASN WMS-ASN-EXT-00004 Carton CNWH63271: Assigned=Received, Actual=Received, ReceivedQty=10
[2026-04-23 15:23:16] INFO: ASN WMS-ASN-EXT-00004 Carton CNWH63272: Assigned=Received, Actual=Received, ReceivedQty=10
[2026-04-23 15:23:16] INFO: ASN WMS-ASN-EXT-00004 Carton CNWH63275: Assigned=Received, Actual=Received, ReceivedQty=10
[2026-04-23 15:23:16] INFO: ASN WMS-ASN-EXT-00004 Carton CNWH63277: Assigned=Received, Actual=Received, ReceivedQty=10
[2026-04-23 15:23:16] INFO: ASN WMS-ASN-EXT-00004 Carton CNWH63280: Assigned=Received, Actual=Received, ReceivedQty=10
[2026-04-23 15:23:16] INFO: ASN WMS-ASN-EXT-00004 Carton CNWH63282: Assigned=Received, Actual=Received, ReceivedQty=10
[2026-04-23 15:23:16] INFO: ASN WMS-ASN-EXT-00004 Carton CNWH63283: Assigned=Received, Actual=Received, ReceivedQty=10
[2026-04-23 15:23:16] INFO: ASN WMS-ASN-EXT-00004 Carton CNWH63284: Assigned=Received, Actual=Received, ReceivedQty=10
[2026-04-23 15:23:16] INFO: ASN WMS-ASN-EXT-00004 Carton CNWH63285: Assigned=Received, Actual=Received, ReceivedQty=10
[2026-04-23 15:23:16] INFO: ASN WMS-ASN-EXT-00004 Carton CNWH63286: Assigned=Received, Actual=Received, ReceivedQty=10
[2026-04-23 15:23:16] INFO: ASN WMS-ASN-EXT-00004 Carton CNWH63287: Assigned=Received, Actual=Received, ReceivedQty=10
[2026-04-23 15:23:16] INFO: ASN WMS-ASN-EXT-00004 Carton CNWH63288: Assigned=Received, Actual=Received, ReceivedQty=10
[2026-04-23 15:23:16] INFO: ASN WMS-ASN-EXT-00004 Carton CNWH63289: Assigned=Received, Actual=Received, ReceivedQty=10
[2026-04-23 15:23:16] INFO: ASN WMS-ASN-EXT-00004 Carton CNWH63441: Assigned=Received, Actual=Received, ReceivedQty=10
[2026-04-23 15:23:16] INFO: ASN WMS-ASN-EXT-00004 Carton CNWH63442: Assigned=Received, Actual=Received, ReceivedQty=10
[2026-04-23 15:23:16] INFO: ASN WMS-ASN-EXT-00004 Carton CNWH65363: Assigned=Received, Actual=Received, ReceivedQty=10
[2026-04-23 15:23:16] INFO: ASN WMS-ASN-EXT-00004 Carton CNWH63502: Assigned=Received, Actual=Received, ReceivedQty=10
[2026-04-23 15:23:16] INFO: ASN WMS-ASN-EXT-00004 Carton CNWH63502: Assigned=Received, Actual=Received, ReceivedQty=10
[2026-04-23 15:23:16] INFO: ASN WMS-ASN-EXT-00004 Carton CNWH64607: Assigned=Received, Actual=Received, ReceivedQty=10
[2026-04-23 15:23:16] INFO: ASN ASN-0001 Carton CNWH12858: Assigned=Assigned, Actual=Assigned, ReceivedQty=0
[2026-04-23 15:23:16] INFO: ASN ASN-0001 Carton CNWH12854: Assigned=Assigned, Actual=Assigned, ReceivedQty=0
[2026-04-23 15:23:16] INFO: ASN ASN-0001 Carton CNWH15390: Assigned=Assigned, Actual=Assigned, ReceivedQty=0
[2026-04-23 15:23:16] INFO: ASN ASN-0001 Carton CNWH42441: Assigned=Assigned, Actual=Assigned, ReceivedQty=0
[2026-04-23 15:23:16] INFO: ASN ASN-0001 Carton CNWH64571: Assigned=Assigned, Actual=Assigned, ReceivedQty=0
[2026-04-23 15:23:16] INFO: ASN ASN-0001 Carton CNWH64521: Assigned=Assigned, Actual=Assigned, ReceivedQty=0
[2026-04-23 15:23:16] INFO: ASN ASN-0001 Carton CNWH63561: Assigned=Assigned, Actual=Assigned, ReceivedQty=0
[2026-04-23 15:23:16] INFO: ASN ASN-0001 Carton CNWH63609: Assigned=Assigned, Actual=Assigned, ReceivedQty=0
[2026-04-23 15:23:16] INFO: ASN WMS-ASN-EXT-00004 Carton CNWH63179: Assigned=Received, Actual=Received, ReceivedQty=10
[2026-04-23 15:23:16] INFO: ASN WMS-ASN-EXT-00004 Carton CNWH63180: Assigned=Received, Actual=Received, ReceivedQty=10
[2026-04-23 15:23:16] INFO: ASN WMS-ASN-EXT-00004 Carton CNWH63196: Assigned=Received, Actual=Received, ReceivedQty=10
[2026-04-23 15:23:16] INFO: ASN WMS-ASN-EXT-00004 Carton CNWH63197: Assigned=Received, Actual=Received, ReceivedQty=10
[2026-04-23 15:23:16] INFO: ASN WMS-ASN-EXT-00004 Carton CNWH63198: Assigned=Received, Actual=Received, ReceivedQty=10
[2026-04-23 15:23:16] INFO: ASN WMS-ASN-EXT-00004 Carton CNWH63199: Assigned=Received, Actual=Received, ReceivedQty=10
[2026-04-23 15:23:16] INFO: ASN WMS-ASN-EXT-00004 Carton CNWH63200: Assigned=Received, Actual=Received, ReceivedQty=10
[2026-04-23 15:23:16] INFO: ASN WMS-ASN-EXT-00004 Carton CNWH63266: Assigned=Received, Actual=Received, ReceivedQty=10
[2026-04-23 15:23:16] INFO: ASN WMS-ASN-EXT-00004 Carton CNWH63268: Assigned=Received, Actual=Received, ReceivedQty=10
[2026-04-23 15:23:16] INFO: ASN WMS-ASN-EXT-00004 Carton CNWH63269: Assigned=Received, Actual=Received, ReceivedQty=10
[2026-04-23 15:23:16] INFO: ASN WMS-ASN-EXT-00004 Carton CNWH63270: Assigned=Received, Actual=Received, ReceivedQty=10
[2026-04-23 15:23:16] INFO: ASN WMS-ASN-EXT-00004 Carton CNWH63271: Assigned=Received, Actual=Received, ReceivedQty=10
[2026-04-23 15:23:16] INFO: ASN WMS-ASN-EXT-00004 Carton CNWH63272: Assigned=Received, Actual=Received, ReceivedQty=10
[2026-04-23 15:23:16] INFO: ASN WMS-ASN-EXT-00004 Carton CNWH63275: Assigned=Received, Actual=Received, ReceivedQty=10
[2026-04-23 15:23:16] INFO: ASN WMS-ASN-EXT-00004 Carton CNWH63277: Assigned=Received, Actual=Received, ReceivedQty=10
[2026-04-23 15:23:16] INFO: ASN WMS-ASN-EXT-00004 Carton CNWH63280: Assigned=Received, Actual=Received, ReceivedQty=10
[2026-04-23 15:23:16] INFO: ASN WMS-ASN-EXT-00004 Carton CNWH63282: Assigned=Received, Actual=Received, ReceivedQty=10
[2026-04-23 15:23:16] INFO: ASN WMS-ASN-EXT-00004 Carton CNWH63283: Assigned=Received, Actual=Received, ReceivedQty=10
[2026-04-23 15:23:16] INFO: ASN WMS-ASN-EXT-00004 Carton CNWH63284: Assigned=Received, Actual=Received, ReceivedQty=10
[2026-04-23 15:23:16] INFO: ASN WMS-ASN-EXT-00004 Carton CNWH63285: Assigned=Received, Actual=Received, ReceivedQty=10
[2026-04-23 15:23:16] INFO: ASN WMS-ASN-EXT-00004 Carton CNWH63286: Assigned=Received, Actual=Received, ReceivedQty=10
[2026-04-23 15:23:16] INFO: ASN WMS-ASN-EXT-00004 Carton CNWH63287: Assigned=Received, Actual=Received, ReceivedQty=10
[2026-04-23 15:23:16] INFO: ASN WMS-ASN-EXT-00004 Carton CNWH63288: Assigned=Received, Actual=Received, ReceivedQty=10
[2026-04-23 15:23:16] INFO: ASN WMS-ASN-EXT-00004 Carton CNWH63289: Assigned=Received, Actual=Received, ReceivedQty=10
[2026-04-23 15:23:16] INFO: ASN WMS-ASN-EXT-00004 Carton CNWH63441: Assigned=Received, Actual=Received, ReceivedQty=10
[2026-04-23 15:23:16] INFO: ASN WMS-ASN-EXT-00004 Carton CNWH63442: Assigned=Received, Actual=Received, ReceivedQty=10
[2026-04-23 15:23:16] INFO: ASN WMS-ASN-EXT-00004 Carton CNWH63444: Assigned=Received, Actual=Received, ReceivedQty=10
[2026-04-23 15:23:16] INFO: ASN WMS-ASN-EXT-00004 Carton CNWH63446: Assigned=Received, Actual=Received, ReceivedQty=10
[2026-04-23 15:23:16] INFO: ASN WMS-ASN-EXT-00004 Carton CNWH63448: Assigned=Received, Actual=Received, ReceivedQty=10
[2026-04-23 15:23:16] INFO: ASN WMS-ASN-EXT-00004 Carton CNWH65363: Assigned=Received, Actual=Received, ReceivedQty=10
[2026-04-23 15:23:16] INFO: ASN WMS-ASN-EXT-00004 Carton CNWH63179: Assigned=Received, Actual=Received, ReceivedQty=10
[2026-04-23 15:23:16] INFO: ASN WMS-ASN-EXT-00004 Carton CNWH63180: Assigned=Received, Actual=Received, ReceivedQty=10
[2026-04-23 15:23:16] INFO: ASN WMS-ASN-EXT-00004 Carton CNWH63196: Assigned=Received, Actual=Received, ReceivedQty=10
[2026-04-23 15:23:16] INFO: ASN WMS-ASN-EXT-00004 Carton CNWH63197: Assigned=Received, Actual=Received, ReceivedQty=10
[2026-04-23 15:23:16] INFO: ASN WMS-ASN-EXT-00004 Carton CNWH63198: Assigned=Received, Actual=Received, ReceivedQty=10
[2026-04-23 15:23:16] INFO: ASN WMS-ASN-EXT-00004 Carton CNWH63199: Assigned=Received, Actual=Received, ReceivedQty=10
[2026-04-23 15:23:16] INFO: ASN WMS-ASN-EXT-00004 Carton CNWH63200: Assigned=Received, Actual=Received, ReceivedQty=10
[2026-04-23 15:23:16] INFO: ASN WMS-ASN-EXT-00004 Carton CNWH63266: Assigned=Received, Actual=Received, ReceivedQty=10
[2026-04-23 15:23:16] INFO: ASN WMS-ASN-EXT-00004 Carton CNWH63268: Assigned=Received, Actual=Received, ReceivedQty=10
[2026-04-23 15:23:16] INFO: ASN WMS-ASN-EXT-00004 Carton CNWH63269: Assigned=Received, Actual=Received, ReceivedQty=10
[2026-04-23 15:23:16] INFO: ASN WMS-ASN-EXT-00004 Carton CNWH63270: Assigned=Received, Actual=Received, ReceivedQty=10
[2026-04-23 15:23:16] INFO: ASN WMS-ASN-EXT-00004 Carton CNWH63271: Assigned=Received, Actual=Received, ReceivedQty=10
[2026-04-23 15:23:16] INFO: ASN WMS-ASN-EXT-00004 Carton CNWH63272: Assigned=Received, Actual=Received, ReceivedQty=10
[2026-04-23 15:23:16] INFO: ASN WMS-ASN-EXT-00004 Carton CNWH63275: Assigned=Received, Actual=Received, ReceivedQty=10
[2026-04-23 15:23:16] INFO: ASN WMS-ASN-EXT-00004 Carton CNWH63277: Assigned=Received, Actual=Received, ReceivedQty=10
[2026-04-23 15:23:16] INFO: ASN WMS-ASN-EXT-00004 Carton CNWH63280: Assigned=Received, Actual=Received, ReceivedQty=10
[2026-04-23 15:23:16] INFO: ASN WMS-ASN-EXT-00004 Carton CNWH63282: Assigned=Received, Actual=Received, ReceivedQty=10
[2026-04-23 15:23:16] INFO: ASN WMS-ASN-EXT-00004 Carton CNWH63283: Assigned=Received, Actual=Received, ReceivedQty=10
[2026-04-23 15:23:16] INFO: ASN WMS-ASN-EXT-00004 Carton CNWH63284: Assigned=Received, Actual=Received, ReceivedQty=10
[2026-04-23 15:23:16] INFO: ASN WMS-ASN-EXT-00004 Carton CNWH63285: Assigned=Received, Actual=Received, ReceivedQty=10
[2026-04-23 15:23:16] INFO: ASN WMS-ASN-EXT-00004 Carton CNWH63286: Assigned=Received, Actual=Received, ReceivedQty=10
[2026-04-23 15:23:16] INFO: ASN WMS-ASN-EXT-00004 Carton CNWH63287: Assigned=Received, Actual=Received, ReceivedQty=10
[2026-04-23 15:23:16] INFO: ASN WMS-ASN-EXT-00004 Carton CNWH63288: Assigned=Received, Actual=Received, ReceivedQty=10
[2026-04-23 15:23:16] INFO: ASN WMS-ASN-EXT-00004 Carton CNWH63289: Assigned=Received, Actual=Received, ReceivedQty=10
[2026-04-23 15:23:16] INFO: ASN WMS-ASN-EXT-00004 Carton CNWH63441: Assigned=Received, Actual=Received, ReceivedQty=10
[2026-04-23 15:23:16] INFO: ASN WMS-ASN-EXT-00004 Carton CNWH63442: Assigned=Received, Actual=Received, ReceivedQty=10
[2026-04-23 15:23:16] INFO: ASN WMS-ASN-EXT-00004 Carton CNWH65363: Assigned=Received, Actual=Received, ReceivedQty=10
[2026-04-23 15:23:16] INFO: ASN WMS-ASN-EXT-00004 Carton CNWH63502: Assigned=Received, Actual=Received, ReceivedQty=10
[2026-04-23 15:23:16] INFO: ASN WMS-ASN-EXT-00004 Carton CNWH63502: Assigned=Received, Actual=Received, ReceivedQty=10
[2026-04-23 15:23:16] INFO: ASN WMS-ASN-EXT-00004 Carton CNWH64607: Assigned=Received, Actual=Received, ReceivedQty=10
[2026-04-23 15:23:20] INFO: ErpNextWmsSyncApiService: Fetched 4 item code(s) from ERPNext for ASN WMS-ASN-EXT-00004 (use as filter for PR/received qty).
[2026-04-23 15:23:20] INFO: ErpNextWmsSyncApiService: Pushing ASN received qty for WMS-ASN-EXT-00004, 60 line(s) (one per WMS detail row). Summary: [324249:10(ctn:CNWH63179), 324249:10(ctn:CNWH63180), 324249:10(ctn:CNWH63196), 324249:10(ctn:CNWH63197), 324249:10(ctn:CNWH63198), 324249:10(ctn:CNWH63199), 324249:10(ctn:CNWH63200), 324249:10(ctn:CNWH63266), 324249:10(ctn:CNWH63268), 324249:10(ctn:CNWH63269), 324249:10(ctn:CNWH63270), 324249:10(ctn:CNWH63271), 324249:10(ctn:CNWH63272), 324249:10(ctn:CNWH63275), 324249:10(ctn:CNWH63277), 324249:10(ctn:CNWH63280), 324249:10(ctn:CNWH63282), 324249:10(ctn:CNWH63283), 324249:10(ctn:CNWH63284), 324249:10(ctn:CNWH63285), 324249:10(ctn:CNWH63286), 324249:10(ctn:CNWH63287), 324249:10(ctn:CNWH63288), 324249:10(ctn:CNWH63289), 324249:10(ctn:CNWH63441), 324249:10(ctn:CNWH63442), 324249:10(ctn:CNWH63444), 324249:10(ctn:CNWH63446), 324249:10(ctn:CNWH63448), 324249:10(ctn:CNWH65363), 324250:10(ctn:CNWH63179), 324250:10(ctn:CNWH63180), 324250:10(ctn:CNWH63196), 324250:10(ctn:CNWH63197), 324250:10(ctn:CNWH63198), 324250:10(ctn:CNWH63199), 324250:10(ctn:CNWH63200), 324250:10(ctn:CNWH63266), 324250:10(ctn:CNWH63268), 324250:10(ctn:CNWH63269), 324250:10(ctn:CNWH63270), 324250:10(ctn:CNWH63271), 324250:10(ctn:CNWH63272), 324250:10(ctn:CNWH63275), 324250:10(ctn:CNWH63277), 324250:10(ctn:CNWH63280), 324250:10(ctn:CNWH63282), 324250:10(ctn:CNWH63283), 324250:10(ctn:CNWH63284), 324250:10(ctn:CNWH63285), 324250:10(ctn:CNWH63286), 324250:10(ctn:CNWH63287), 324250:10(ctn:CNWH63288), 324250:10(ctn:CNWH63289), 324250:10(ctn:CNWH63441), 324250:10(ctn:CNWH63442), 324250:10(ctn:CNWH65363), 324251:10(ctn:CNWH63502), 324252:10(ctn:CNWH63502), 324252:10(ctn:CNWH64607)], to http://printechsdammam.dyndns.org:88/api/method/printechs_wms.api.asn_receiving.update_asn_received_qty
[2026-04-23 15:23:21] INFO: ErpNextWmsSyncApiService: ASN received qty updated successfully.
[2026-04-23 15:23:21] INFO: ErpNextWmsSyncApiService: update_asn_received_qty succeeded but response had no recognizable status field; UI will not switch to Generate Purchase Receipt until ERP returns status.
[2026-04-23 15:23:21] INFO: ASN ASN-0001 Carton CNWH12858: Assigned=Assigned, Actual=Assigned, ReceivedQty=0
[2026-04-23 15:23:21] INFO: ASN ASN-0001 Carton CNWH12854: Assigned=Assigned, Actual=Assigned, ReceivedQty=0
[2026-04-23 15:23:21] INFO: ASN ASN-0001 Carton CNWH15390: Assigned=Assigned, Actual=Assigned, ReceivedQty=0
[2026-04-23 15:23:21] INFO: ASN ASN-0001 Carton CNWH42441: Assigned=Assigned, Actual=Assigned, ReceivedQty=0
[2026-04-23 15:23:21] INFO: ASN ASN-0001 Carton CNWH64571: Assigned=Assigned, Actual=Assigned, ReceivedQty=0
[2026-04-23 15:23:21] INFO: ASN ASN-0001 Carton CNWH64521: Assigned=Assigned, Actual=Assigned, ReceivedQty=0
[2026-04-23 15:23:21] INFO: ASN ASN-0001 Carton CNWH63561: Assigned=Assigned, Actual=Assigned, ReceivedQty=0
[2026-04-23 15:23:21] INFO: ASN ASN-0001 Carton CNWH63609: Assigned=Assigned, Actual=Assigned, ReceivedQty=0
[2026-04-23 15:23:21] INFO: ASN WMS-ASN-EXT-00004 Carton CNWH63179: Assigned=Received, Actual=Received, ReceivedQty=10
[2026-04-23 15:23:21] INFO: ASN WMS-ASN-EXT-00004 Carton CNWH63180: Assigned=Received, Actual=Received, ReceivedQty=10
[2026-04-23 15:23:21] INFO: ASN WMS-ASN-EXT-00004 Carton CNWH63196: Assigned=Received, Actual=Received, ReceivedQty=10
[2026-04-23 15:23:21] INFO: ASN WMS-ASN-EXT-00004 Carton CNWH63197: Assigned=Received, Actual=Received, ReceivedQty=10
[2026-04-23 15:23:21] INFO: ASN WMS-ASN-EXT-00004 Carton CNWH63198: Assigned=Received, Actual=Received, ReceivedQty=10
[2026-04-23 15:23:21] INFO: ASN WMS-ASN-EXT-00004 Carton CNWH63199: Assigned=Received, Actual=Received, ReceivedQty=10
[2026-04-23 15:23:21] INFO: ASN WMS-ASN-EXT-00004 Carton CNWH63200: Assigned=Received, Actual=Received, ReceivedQty=10
[2026-04-23 15:23:21] INFO: ASN WMS-ASN-EXT-00004 Carton CNWH63266: Assigned=Received, Actual=Received, ReceivedQty=10
[2026-04-23 15:23:21] INFO: ASN WMS-ASN-EXT-00004 Carton CNWH63268: Assigned=Received, Actual=Received, ReceivedQty=10
[2026-04-23 15:23:21] INFO: ASN WMS-ASN-EXT-00004 Carton CNWH63269: Assigned=Received, Actual=Received, ReceivedQty=10
[2026-04-23 15:23:21] INFO: ASN WMS-ASN-EXT-00004 Carton CNWH63270: Assigned=Received, Actual=Received, ReceivedQty=10
[2026-04-23 15:23:21] INFO: ASN WMS-ASN-EXT-00004 Carton CNWH63271: Assigned=Received, Actual=Received, ReceivedQty=10
[2026-04-23 15:23:21] INFO: ASN WMS-ASN-EXT-00004 Carton CNWH63272: Assigned=Received, Actual=Received, ReceivedQty=10
[2026-04-23 15:23:21] INFO: ASN WMS-ASN-EXT-00004 Carton CNWH63275: Assigned=Received, Actual=Received, ReceivedQty=10
[2026-04-23 15:23:21] INFO: ASN WMS-ASN-EXT-00004 Carton CNWH63277: Assigned=Received, Actual=Received, ReceivedQty=10
[2026-04-23 15:23:21] INFO: ASN WMS-ASN-EXT-00004 Carton CNWH63280: Assigned=Received, Actual=Received, ReceivedQty=10
[2026-04-23 15:23:21] INFO: ASN WMS-ASN-EXT-00004 Carton CNWH63282: Assigned=Received, Actual=Received, ReceivedQty=10
[2026-04-23 15:23:21] INFO: ASN WMS-ASN-EXT-00004 Carton CNWH63283: Assigned=Received, Actual=Received, ReceivedQty=10
[2026-04-23 15:23:21] INFO: ASN WMS-ASN-EXT-00004 Carton CNWH63284: Assigned=Received, Actual=Received, ReceivedQty=10
[2026-04-23 15:23:21] INFO: ASN WMS-ASN-EXT-00004 Carton CNWH63285: Assigned=Received, Actual=Received, ReceivedQty=10
[2026-04-23 15:23:21] INFO: ASN WMS-ASN-EXT-00004 Carton CNWH63286: Assigned=Received, Actual=Received, ReceivedQty=10
[2026-04-23 15:23:21] INFO: ASN WMS-ASN-EXT-00004 Carton CNWH63287: Assigned=Received, Actual=Received, ReceivedQty=10
[2026-04-23 15:23:21] INFO: ASN WMS-ASN-EXT-00004 Carton CNWH63288: Assigned=Received, Actual=Received, ReceivedQty=10
[2026-04-23 15:23:21] INFO: ASN WMS-ASN-EXT-00004 Carton CNWH63289: Assigned=Received, Actual=Received, ReceivedQty=10
[2026-04-23 15:23:21] INFO: ASN WMS-ASN-EXT-00004 Carton CNWH63441: Assigned=Received, Actual=Received, ReceivedQty=10
[2026-04-23 15:23:21] INFO: ASN WMS-ASN-EXT-00004 Carton CNWH63442: Assigned=Received, Actual=Received, ReceivedQty=10
[2026-04-23 15:23:21] INFO: ASN WMS-ASN-EXT-00004 Carton CNWH63444: Assigned=Received, Actual=Received, ReceivedQty=10
[2026-04-23 15:23:21] INFO: ASN WMS-ASN-EXT-00004 Carton CNWH63446: Assigned=Received, Actual=Received, ReceivedQty=10
[2026-04-23 15:23:21] INFO: ASN WMS-ASN-EXT-00004 Carton CNWH63448: Assigned=Received, Actual=Received, ReceivedQty=10
[2026-04-23 15:23:21] INFO: ASN WMS-ASN-EXT-00004 Carton CNWH65363: Assigned=Received, Actual=Received, ReceivedQty=10
[2026-04-23 15:23:21] INFO: ASN WMS-ASN-EXT-00004 Carton CNWH63179: Assigned=Received, Actual=Received, ReceivedQty=10
[2026-04-23 15:23:21] INFO: ASN WMS-ASN-EXT-00004 Carton CNWH63180: Assigned=Received, Actual=Received, ReceivedQty=10
[2026-04-23 15:23:21] INFO: ASN WMS-ASN-EXT-00004 Carton CNWH63196: Assigned=Received, Actual=Received, ReceivedQty=10
[2026-04-23 15:23:21] INFO: ASN WMS-ASN-EXT-00004 Carton CNWH63197: Assigned=Received, Actual=Received, ReceivedQty=10
[2026-04-23 15:23:21] INFO: ASN WMS-ASN-EXT-00004 Carton CNWH63198: Assigned=Received, Actual=Received, ReceivedQty=10
[2026-04-23 15:23:21] INFO: ASN WMS-ASN-EXT-00004 Carton CNWH63199: Assigned=Received, Actual=Received, ReceivedQty=10
[2026-04-23 15:23:21] INFO: ASN WMS-ASN-EXT-00004 Carton CNWH63200: Assigned=Received, Actual=Received, ReceivedQty=10
[2026-04-23 15:23:21] INFO: ASN WMS-ASN-EXT-00004 Carton CNWH63266: Assigned=Received, Actual=Received, ReceivedQty=10
[2026-04-23 15:23:21] INFO: ASN WMS-ASN-EXT-00004 Carton CNWH63268: Assigned=Received, Actual=Received, ReceivedQty=10
[2026-04-23 15:23:21] INFO: ASN WMS-ASN-EXT-00004 Carton CNWH63269: Assigned=Received, Actual=Received, ReceivedQty=10
[2026-04-23 15:23:21] INFO: ASN WMS-ASN-EXT-00004 Carton CNWH63270: Assigned=Received, Actual=Received, ReceivedQty=10
[2026-04-23 15:23:21] INFO: ASN WMS-ASN-EXT-00004 Carton CNWH63271: Assigned=Received, Actual=Received, ReceivedQty=10
[2026-04-23 15:23:21] INFO: ASN WMS-ASN-EXT-00004 Carton CNWH63272: Assigned=Received, Actual=Received, ReceivedQty=10
[2026-04-23 15:23:21] INFO: ASN WMS-ASN-EXT-00004 Carton CNWH63275: Assigned=Received, Actual=Received, ReceivedQty=10
[2026-04-23 15:23:21] INFO: ASN WMS-ASN-EXT-00004 Carton CNWH63277: Assigned=Received, Actual=Received, ReceivedQty=10
[2026-04-23 15:23:21] INFO: ASN WMS-ASN-EXT-00004 Carton CNWH63280: Assigned=Received, Actual=Received, ReceivedQty=10
[2026-04-23 15:23:21] INFO: ASN WMS-ASN-EXT-00004 Carton CNWH63282: Assigned=Received, Actual=Received, ReceivedQty=10
[2026-04-23 15:23:21] INFO: ASN WMS-ASN-EXT-00004 Carton CNWH63283: Assigned=Received, Actual=Received, ReceivedQty=10
[2026-04-23 15:23:21] INFO: ASN WMS-ASN-EXT-00004 Carton CNWH63284: Assigned=Received, Actual=Received, ReceivedQty=10
[2026-04-23 15:23:21] INFO: ASN WMS-ASN-EXT-00004 Carton CNWH63285: Assigned=Received, Actual=Received, ReceivedQty=10
[2026-04-23 15:23:21] INFO: ASN WMS-ASN-EXT-00004 Carton CNWH63286: Assigned=Received, Actual=Received, ReceivedQty=10
[2026-04-23 15:23:21] INFO: ASN WMS-ASN-EXT-00004 Carton CNWH63287: Assigned=Received, Actual=Received, ReceivedQty=10
[2026-04-23 15:23:21] INFO: ASN WMS-ASN-EXT-00004 Carton CNWH63288: Assigned=Received, Actual=Received, ReceivedQty=10
[2026-04-23 15:23:21] INFO: ASN WMS-ASN-EXT-00004 Carton CNWH63289: Assigned=Received, Actual=Received, ReceivedQty=10
[2026-04-23 15:23:21] INFO: ASN WMS-ASN-EXT-00004 Carton CNWH63441: Assigned=Received, Actual=Received, ReceivedQty=10
[2026-04-23 15:23:21] INFO: ASN WMS-ASN-EXT-00004 Carton CNWH63442: Assigned=Received, Actual=Received, ReceivedQty=10
[2026-04-23 15:23:21] INFO: ASN WMS-ASN-EXT-00004 Carton CNWH65363: Assigned=Received, Actual=Received, ReceivedQty=10
[2026-04-23 15:23:21] INFO: ASN WMS-ASN-EXT-00004 Carton CNWH63502: Assigned=Received, Actual=Received, ReceivedQty=10
[2026-04-23 15:23:21] INFO: ASN WMS-ASN-EXT-00004 Carton CNWH63502: Assigned=Received, Actual=Received, ReceivedQty=10
[2026-04-23 15:23:21] INFO: ASN WMS-ASN-EXT-00004 Carton CNWH64607: Assigned=Received, Actual=Received, ReceivedQty=10
[2026-04-23 15:23:27] INFO: ASN ASN-0001 Carton CNWH12858: Assigned=Assigned, Actual=Assigned, ReceivedQty=0
[2026-04-23 15:23:27] INFO: ASN ASN-0001 Carton CNWH12854: Assigned=Assigned, Actual=Assigned, ReceivedQty=0
[2026-04-23 15:23:27] INFO: ASN ASN-0001 Carton CNWH15390: Assigned=Assigned, Actual=Assigned, ReceivedQty=0
[2026-04-23 15:23:27] INFO: ASN ASN-0001 Carton CNWH42441: Assigned=Assigned, Actual=Assigned, ReceivedQty=0
[2026-04-23 15:23:27] INFO: ASN ASN-0001 Carton CNWH64571: Assigned=Assigned, Actual=Assigned, ReceivedQty=0
[2026-04-23 15:23:27] INFO: ASN ASN-0001 Carton CNWH64521: Assigned=Assigned, Actual=Assigned, ReceivedQty=0
[2026-04-23 15:23:27] INFO: ASN ASN-0001 Carton CNWH63561: Assigned=Assigned, Actual=Assigned, ReceivedQty=0
[2026-04-23 15:23:27] INFO: ASN ASN-0001 Carton CNWH63609: Assigned=Assigned, Actual=Assigned, ReceivedQty=0
[2026-04-23 15:23:27] INFO: ASN WMS-ASN-EXT-00004 Carton CNWH63179: Assigned=Received, Actual=Received, ReceivedQty=10
[2026-04-23 15:23:27] INFO: ASN WMS-ASN-EXT-00004 Carton CNWH63180: Assigned=Received, Actual=Received, ReceivedQty=10
[2026-04-23 15:23:27] INFO: ASN WMS-ASN-EXT-00004 Carton CNWH63196: Assigned=Received, Actual=Received, ReceivedQty=10
[2026-04-23 15:23:27] INFO: ASN WMS-ASN-EXT-00004 Carton CNWH63197: Assigned=Received, Actual=Received, ReceivedQty=10
[2026-04-23 15:23:27] INFO: ASN WMS-ASN-EXT-00004 Carton CNWH63198: Assigned=Received, Actual=Received, ReceivedQty=10
[2026-04-23 15:23:27] INFO: ASN WMS-ASN-EXT-00004 Carton CNWH63199: Assigned=Received, Actual=Received, ReceivedQty=10
[2026-04-23 15:23:27] INFO: ASN WMS-ASN-EXT-00004 Carton CNWH63200: Assigned=Received, Actual=Received, ReceivedQty=10
[2026-04-23 15:23:27] INFO: ASN WMS-ASN-EXT-00004 Carton CNWH63266: Assigned=Received, Actual=Received, ReceivedQty=10
[2026-04-23 15:23:27] INFO: ASN WMS-ASN-EXT-00004 Carton CNWH63268: Assigned=Received, Actual=Received, ReceivedQty=10
[2026-04-23 15:23:27] INFO: ASN WMS-ASN-EXT-00004 Carton CNWH63269: Assigned=Received, Actual=Received, ReceivedQty=10
[2026-04-23 15:23:27] INFO: ASN WMS-ASN-EXT-00004 Carton CNWH63270: Assigned=Received, Actual=Received, ReceivedQty=10
[2026-04-23 15:23:27] INFO: ASN WMS-ASN-EXT-00004 Carton CNWH63271: Assigned=Received, Actual=Received, ReceivedQty=10
[2026-04-23 15:23:27] INFO: ASN WMS-ASN-EXT-00004 Carton CNWH63272: Assigned=Received, Actual=Received, ReceivedQty=10
[2026-04-23 15:23:27] INFO: ASN WMS-ASN-EXT-00004 Carton CNWH63275: Assigned=Received, Actual=Received, ReceivedQty=10
[2026-04-23 15:23:27] INFO: ASN WMS-ASN-EXT-00004 Carton CNWH63277: Assigned=Received, Actual=Received, ReceivedQty=10
[2026-04-23 15:23:27] INFO: ASN WMS-ASN-EXT-00004 Carton CNWH63280: Assigned=Received, Actual=Received, ReceivedQty=10
[2026-04-23 15:23:27] INFO: ASN WMS-ASN-EXT-00004 Carton CNWH63282: Assigned=Received, Actual=Received, ReceivedQty=10
[2026-04-23 15:23:27] INFO: ASN WMS-ASN-EXT-00004 Carton CNWH63283: Assigned=Received, Actual=Received, ReceivedQty=10
[2026-04-23 15:23:27] INFO: ASN WMS-ASN-EXT-00004 Carton CNWH63284: Assigned=Received, Actual=Received, ReceivedQty=10
[2026-04-23 15:23:27] INFO: ASN WMS-ASN-EXT-00004 Carton CNWH63285: Assigned=Received, Actual=Received, ReceivedQty=10
[2026-04-23 15:23:27] INFO: ASN WMS-ASN-EXT-00004 Carton CNWH63286: Assigned=Received, Actual=Received, ReceivedQty=10
[2026-04-23 15:23:27] INFO: ASN WMS-ASN-EXT-00004 Carton CNWH63287: Assigned=Received, Actual=Received, ReceivedQty=10
[2026-04-23 15:23:27] INFO: ASN WMS-ASN-EXT-00004 Carton CNWH63288: Assigned=Received, Actual=Received, ReceivedQty=10
[2026-04-23 15:23:27] INFO: ASN WMS-ASN-EXT-00004 Carton CNWH63289: Assigned=Received, Actual=Received, ReceivedQty=10
[2026-04-23 15:23:27] INFO: ASN WMS-ASN-EXT-00004 Carton CNWH63441: Assigned=Received, Actual=Received, ReceivedQty=10
[2026-04-23 15:23:27] INFO: ASN WMS-ASN-EXT-00004 Carton CNWH63442: Assigned=Received, Actual=Received, ReceivedQty=10
[2026-04-23 15:23:27] INFO: ASN WMS-ASN-EXT-00004 Carton CNWH63444: Assigned=Received, Actual=Received, ReceivedQty=10
[2026-04-23 15:23:27] INFO: ASN WMS-ASN-EXT-00004 Carton CNWH63446: Assigned=Received, Actual=Received, ReceivedQty=10
[2026-04-23 15:23:27] INFO: ASN WMS-ASN-EXT-00004 Carton CNWH63448: Assigned=Received, Actual=Received, ReceivedQty=10
[2026-04-23 15:23:27] INFO: ASN WMS-ASN-EXT-00004 Carton CNWH65363: Assigned=Received, Actual=Received, ReceivedQty=10
[2026-04-23 15:23:27] INFO: ASN WMS-ASN-EXT-00004 Carton CNWH63179: Assigned=Received, Actual=Received, ReceivedQty=10
[2026-04-23 15:23:27] INFO: ASN WMS-ASN-EXT-00004 Carton CNWH63180: Assigned=Received, Actual=Received, ReceivedQty=10
[2026-04-23 15:23:27] INFO: ASN WMS-ASN-EXT-00004 Carton CNWH63196: Assigned=Received, Actual=Received, ReceivedQty=10
[2026-04-23 15:23:27] INFO: ASN WMS-ASN-EXT-00004 Carton CNWH63197: Assigned=Received, Actual=Received, ReceivedQty=10
[2026-04-23 15:23:27] INFO: ASN WMS-ASN-EXT-00004 Carton CNWH63198: Assigned=Received, Actual=Received, ReceivedQty=10
[2026-04-23 15:23:27] INFO: ASN WMS-ASN-EXT-00004 Carton CNWH63199: Assigned=Received, Actual=Received, ReceivedQty=10
[2026-04-23 15:23:27] INFO: ASN WMS-ASN-EXT-00004 Carton CNWH63200: Assigned=Received, Actual=Received, ReceivedQty=10
[2026-04-23 15:23:27] INFO: ASN WMS-ASN-EXT-00004 Carton CNWH63266: Assigned=Received, Actual=Received, ReceivedQty=10
[2026-04-23 15:23:27] INFO: ASN WMS-ASN-EXT-00004 Carton CNWH63268: Assigned=Received, Actual=Received, ReceivedQty=10
[2026-04-23 15:23:27] INFO: ASN WMS-ASN-EXT-00004 Carton CNWH63269: Assigned=Received, Actual=Received, ReceivedQty=10
[2026-04-23 15:23:27] INFO: ASN WMS-ASN-EXT-00004 Carton CNWH63270: Assigned=Received, Actual=Received, ReceivedQty=10
[2026-04-23 15:23:27] INFO: ASN WMS-ASN-EXT-00004 Carton CNWH63271: Assigned=Received, Actual=Received, ReceivedQty=10
[2026-04-23 15:23:27] INFO: ASN WMS-ASN-EXT-00004 Carton CNWH63272: Assigned=Received, Actual=Received, ReceivedQty=10
[2026-04-23 15:23:27] INFO: ASN WMS-ASN-EXT-00004 Carton CNWH63275: Assigned=Received, Actual=Received, ReceivedQty=10
[2026-04-23 15:23:27] INFO: ASN WMS-ASN-EXT-00004 Carton CNWH63277: Assigned=Received, Actual=Received, ReceivedQty=10
[2026-04-23 15:23:27] INFO: ASN WMS-ASN-EXT-00004 Carton CNWH63280: Assigned=Received, Actual=Received, ReceivedQty=10
[2026-04-23 15:23:27] INFO: ASN WMS-ASN-EXT-00004 Carton CNWH63282: Assigned=Received, Actual=Received, ReceivedQty=10
[2026-04-23 15:23:27] INFO: ASN WMS-ASN-EXT-00004 Carton CNWH63283: Assigned=Received, Actual=Received, ReceivedQty=10
[2026-04-23 15:23:27] INFO: ASN WMS-ASN-EXT-00004 Carton CNWH63284: Assigned=Received, Actual=Received, ReceivedQty=10
[2026-04-23 15:23:27] INFO: ASN WMS-ASN-EXT-00004 Carton CNWH63285: Assigned=Received, Actual=Received, ReceivedQty=10
[2026-04-23 15:23:27] INFO: ASN WMS-ASN-EXT-00004 Carton CNWH63286: Assigned=Received, Actual=Received, ReceivedQty=10
[2026-04-23 15:23:27] INFO: ASN WMS-ASN-EXT-00004 Carton CNWH63287: Assigned=Received, Actual=Received, ReceivedQty=10
[2026-04-23 15:23:27] INFO: ASN WMS-ASN-EXT-00004 Carton CNWH63288: Assigned=Received, Actual=Received, ReceivedQty=10
[2026-04-23 15:23:27] INFO: ASN WMS-ASN-EXT-00004 Carton CNWH63289: Assigned=Received, Actual=Received, ReceivedQty=10
[2026-04-23 15:23:27] INFO: ASN WMS-ASN-EXT-00004 Carton CNWH63441: Assigned=Received, Actual=Received, ReceivedQty=10
[2026-04-23 15:23:27] INFO: ASN WMS-ASN-EXT-00004 Carton CNWH63442: Assigned=Received, Actual=Received, ReceivedQty=10
[2026-04-23 15:23:27] INFO: ASN WMS-ASN-EXT-00004 Carton CNWH65363: Assigned=Received, Actual=Received, ReceivedQty=10
[2026-04-23 15:23:27] INFO: ASN WMS-ASN-EXT-00004 Carton CNWH63502: Assigned=Received, Actual=Received, ReceivedQty=10
[2026-04-23 15:23:27] INFO: ASN WMS-ASN-EXT-00004 Carton CNWH63502: Assigned=Received, Actual=Received, ReceivedQty=10
[2026-04-23 15:23:27] INFO: ASN WMS-ASN-EXT-00004 Carton CNWH64607: Assigned=Received, Actual=Received, ReceivedQty=10
[2026-04-23 15:23:36] INFO: ErpNextWmsSyncApiService: Fetched 4 item code(s) from ERPNext for ASN WMS-ASN-EXT-00004 (use as filter for PR/received qty).
[2026-04-23 15:23:36] INFO: ErpNextWmsSyncApiService: Pushing ASN received qty for WMS-ASN-EXT-00004, 60 line(s) (one per WMS detail row). Summary: [324249:10(ctn:CNWH63179), 324249:10(ctn:CNWH63180), 324249:10(ctn:CNWH63196), 324249:10(ctn:CNWH63197), 324249:10(ctn:CNWH63198), 324249:10(ctn:CNWH63199), 324249:10(ctn:CNWH63200), 324249:10(ctn:CNWH63266), 324249:10(ctn:CNWH63268), 324249:10(ctn:CNWH63269), 324249:10(ctn:CNWH63270), 324249:10(ctn:CNWH63271), 324249:10(ctn:CNWH63272), 324249:10(ctn:CNWH63275), 324249:10(ctn:CNWH63277), 324249:10(ctn:CNWH63280), 324249:10(ctn:CNWH63282), 324249:10(ctn:CNWH63283), 324249:10(ctn:CNWH63284), 324249:10(ctn:CNWH63285), 324249:10(ctn:CNWH63286), 324249:10(ctn:CNWH63287), 324249:10(ctn:CNWH63288), 324249:10(ctn:CNWH63289), 324249:10(ctn:CNWH63441), 324249:10(ctn:CNWH63442), 324249:10(ctn:CNWH63444), 324249:10(ctn:CNWH63446), 324249:10(ctn:CNWH63448), 324249:10(ctn:CNWH65363), 324250:10(ctn:CNWH63179), 324250:10(ctn:CNWH63180), 324250:10(ctn:CNWH63196), 324250:10(ctn:CNWH63197), 324250:10(ctn:CNWH63198), 324250:10(ctn:CNWH63199), 324250:10(ctn:CNWH63200), 324250:10(ctn:CNWH63266), 324250:10(ctn:CNWH63268), 324250:10(ctn:CNWH63269), 324250:10(ctn:CNWH63270), 324250:10(ctn:CNWH63271), 324250:10(ctn:CNWH63272), 324250:10(ctn:CNWH63275), 324250:10(ctn:CNWH63277), 324250:10(ctn:CNWH63280), 324250:10(ctn:CNWH63282), 324250:10(ctn:CNWH63283), 324250:10(ctn:CNWH63284), 324250:10(ctn:CNWH63285), 324250:10(ctn:CNWH63286), 324250:10(ctn:CNWH63287), 324250:10(ctn:CNWH63288), 324250:10(ctn:CNWH63289), 324250:10(ctn:CNWH63441), 324250:10(ctn:CNWH63442), 324250:10(ctn:CNWH65363), 324251:10(ctn:CNWH63502), 324252:10(ctn:CNWH63502), 324252:10(ctn:CNWH64607)], to http://printechsdammam.dyndns.org:88/api/method/printechs_wms.api.asn_receiving.update_asn_received_qty
[2026-04-23 15:23:37] INFO: ErpNextWmsSyncApiService: ASN received qty updated successfully.
[2026-04-23 15:23:37] INFO: ErpNextWmsSyncApiService: update_asn_received_qty succeeded but response had no recognizable status field; UI will not switch to Generate Purchase Receipt until ERP returns status.
[2026-04-23 15:23:37] INFO: ASN ASN-0001 Carton CNWH12858: Assigned=Assigned, Actual=Assigned, ReceivedQty=0
[2026-04-23 15:23:37] INFO: ASN ASN-0001 Carton CNWH12854: Assigned=Assigned, Actual=Assigned, ReceivedQty=0
[2026-04-23 15:23:37] INFO: ASN ASN-0001 Carton CNWH15390: Assigned=Assigned, Actual=Assigned, ReceivedQty=0
[2026-04-23 15:23:37] INFO: ASN ASN-0001 Carton CNWH42441: Assigned=Assigned, Actual=Assigned, ReceivedQty=0
[2026-04-23 15:23:37] INFO: ASN ASN-0001 Carton CNWH64571: Assigned=Assigned, Actual=Assigned, ReceivedQty=0
[2026-04-23 15:23:37] INFO: ASN ASN-0001 Carton CNWH64521: Assigned=Assigned, Actual=Assigned, ReceivedQty=0
[2026-04-23 15:23:37] INFO: ASN ASN-0001 Carton CNWH63561: Assigned=Assigned, Actual=Assigned, ReceivedQty=0
[2026-04-23 15:23:37] INFO: ASN ASN-0001 Carton CNWH63609: Assigned=Assigned, Actual=Assigned, ReceivedQty=0
[2026-04-23 15:23:37] INFO: ASN WMS-ASN-EXT-00004 Carton CNWH63179: Assigned=Received, Actual=Received, ReceivedQty=10
[2026-04-23 15:23:37] INFO: ASN WMS-ASN-EXT-00004 Carton CNWH63180: Assigned=Received, Actual=Received, ReceivedQty=10
[2026-04-23 15:23:37] INFO: ASN WMS-ASN-EXT-00004 Carton CNWH63196: Assigned=Received, Actual=Received, ReceivedQty=10
[2026-04-23 15:23:37] INFO: ASN WMS-ASN-EXT-00004 Carton CNWH63197: Assigned=Received, Actual=Received, ReceivedQty=10
[2026-04-23 15:23:37] INFO: ASN WMS-ASN-EXT-00004 Carton CNWH63198: Assigned=Received, Actual=Received, ReceivedQty=10
[2026-04-23 15:23:37] INFO: ASN WMS-ASN-EXT-00004 Carton CNWH63199: Assigned=Received, Actual=Received, ReceivedQty=10
[2026-04-23 15:23:37] INFO: ASN WMS-ASN-EXT-00004 Carton CNWH63200: Assigned=Received, Actual=Received, ReceivedQty=10
[2026-04-23 15:23:37] INFO: ASN WMS-ASN-EXT-00004 Carton CNWH63266: Assigned=Received, Actual=Received, ReceivedQty=10
[2026-04-23 15:23:37] INFO: ASN WMS-ASN-EXT-00004 Carton CNWH63268: Assigned=Received, Actual=Received, ReceivedQty=10
[2026-04-23 15:23:37] INFO: ASN WMS-ASN-EXT-00004 Carton CNWH63269: Assigned=Received, Actual=Received, ReceivedQty=10
[2026-04-23 15:23:37] INFO: ASN WMS-ASN-EXT-00004 Carton CNWH63270: Assigned=Received, Actual=Received, ReceivedQty=10
[2026-04-23 15:23:37] INFO: ASN WMS-ASN-EXT-00004 Carton CNWH63271: Assigned=Received, Actual=Received, ReceivedQty=10
[2026-04-23 15:23:37] INFO: ASN WMS-ASN-EXT-00004 Carton CNWH63272: Assigned=Received, Actual=Received, ReceivedQty=10
[2026-04-23 15:23:37] INFO: ASN WMS-ASN-EXT-00004 Carton CNWH63275: Assigned=Received, Actual=Received, ReceivedQty=10
[2026-04-23 15:23:37] INFO: ASN WMS-ASN-EXT-00004 Carton CNWH63277: Assigned=Received, Actual=Received, ReceivedQty=10
[2026-04-23 15:23:37] INFO: ASN WMS-ASN-EXT-00004 Carton CNWH63280: Assigned=Received, Actual=Received, ReceivedQty=10
[2026-04-23 15:23:37] INFO: ASN WMS-ASN-EXT-00004 Carton CNWH63282: Assigned=Received, Actual=Received, ReceivedQty=10
[2026-04-23 15:23:37] INFO: ASN WMS-ASN-EXT-00004 Carton CNWH63283: Assigned=Received, Actual=Received, ReceivedQty=10
[2026-04-23 15:23:37] INFO: ASN WMS-ASN-EXT-00004 Carton CNWH63284: Assigned=Received, Actual=Received, ReceivedQty=10
[2026-04-23 15:23:37] INFO: ASN WMS-ASN-EXT-00004 Carton CNWH63285: Assigned=Received, Actual=Received, ReceivedQty=10
[2026-04-23 15:23:37] INFO: ASN WMS-ASN-EXT-00004 Carton CNWH63286: Assigned=Received, Actual=Received, ReceivedQty=10
[2026-04-23 15:23:37] INFO: ASN WMS-ASN-EXT-00004 Carton CNWH63287: Assigned=Received, Actual=Received, ReceivedQty=10
[2026-04-23 15:23:37] INFO: ASN WMS-ASN-EXT-00004 Carton CNWH63288: Assigned=Received, Actual=Received, ReceivedQty=10
[2026-04-23 15:23:37] INFO: ASN WMS-ASN-EXT-00004 Carton CNWH63289: Assigned=Received, Actual=Received, ReceivedQty=10
[2026-04-23 15:23:37] INFO: ASN WMS-ASN-EXT-00004 Carton CNWH63441: Assigned=Received, Actual=Received, ReceivedQty=10
[2026-04-23 15:23:37] INFO: ASN WMS-ASN-EXT-00004 Carton CNWH63442: Assigned=Received, Actual=Received, ReceivedQty=10
[2026-04-23 15:23:37] INFO: ASN WMS-ASN-EXT-00004 Carton CNWH63444: Assigned=Received, Actual=Received, ReceivedQty=10
[2026-04-23 15:23:37] INFO: ASN WMS-ASN-EXT-00004 Carton CNWH63446: Assigned=Received, Actual=Received, ReceivedQty=10
[2026-04-23 15:23:37] INFO: ASN WMS-ASN-EXT-00004 Carton CNWH63448: Assigned=Received, Actual=Received, ReceivedQty=10
[2026-04-23 15:23:37] INFO: ASN WMS-ASN-EXT-00004 Carton CNWH65363: Assigned=Received, Actual=Received, ReceivedQty=10
[2026-04-23 15:23:37] INFO: ASN WMS-ASN-EXT-00004 Carton CNWH63179: Assigned=Received, Actual=Received, ReceivedQty=10
[2026-04-23 15:23:37] INFO: ASN WMS-ASN-EXT-00004 Carton CNWH63180: Assigned=Received, Actual=Received, ReceivedQty=10
[2026-04-23 15:23:37] INFO: ASN WMS-ASN-EXT-00004 Carton CNWH63196: Assigned=Received, Actual=Received, ReceivedQty=10
[2026-04-23 15:23:37] INFO: ASN WMS-ASN-EXT-00004 Carton CNWH63197: Assigned=Received, Actual=Received, ReceivedQty=10
[2026-04-23 15:23:37] INFO: ASN WMS-ASN-EXT-00004 Carton CNWH63198: Assigned=Received, Actual=Received, ReceivedQty=10
[2026-04-23 15:23:37] INFO: ASN WMS-ASN-EXT-00004 Carton CNWH63199: Assigned=Received, Actual=Received, ReceivedQty=10
[2026-04-23 15:23:37] INFO: ASN WMS-ASN-EXT-00004 Carton CNWH63200: Assigned=Received, Actual=Received, ReceivedQty=10
[2026-04-23 15:23:37] INFO: ASN WMS-ASN-EXT-00004 Carton CNWH63266: Assigned=Received, Actual=Received, ReceivedQty=10
[2026-04-23 15:23:37] INFO: ASN WMS-ASN-EXT-00004 Carton CNWH63268: Assigned=Received, Actual=Received, ReceivedQty=10
[2026-04-23 15:23:37] INFO: ASN WMS-ASN-EXT-00004 Carton CNWH63269: Assigned=Received, Actual=Received, ReceivedQty=10
[2026-04-23 15:23:37] INFO: ASN WMS-ASN-EXT-00004 Carton CNWH63270: Assigned=Received, Actual=Received, ReceivedQty=10
[2026-04-23 15:23:37] INFO: ASN WMS-ASN-EXT-00004 Carton CNWH63271: Assigned=Received, Actual=Received, ReceivedQty=10
[2026-04-23 15:23:37] INFO: ASN WMS-ASN-EXT-00004 Carton CNWH63272: Assigned=Received, Actual=Received, ReceivedQty=10
[2026-04-23 15:23:37] INFO: ASN WMS-ASN-EXT-00004 Carton CNWH63275: Assigned=Received, Actual=Received, ReceivedQty=10
[2026-04-23 15:23:37] INFO: ASN WMS-ASN-EXT-00004 Carton CNWH63277: Assigned=Received, Actual=Received, ReceivedQty=10
[2026-04-23 15:23:37] INFO: ASN WMS-ASN-EXT-00004 Carton CNWH63280: Assigned=Received, Actual=Received, ReceivedQty=10
[2026-04-23 15:23:37] INFO: ASN WMS-ASN-EXT-00004 Carton CNWH63282: Assigned=Received, Actual=Received, ReceivedQty=10
[2026-04-23 15:23:37] INFO: ASN WMS-ASN-EXT-00004 Carton CNWH63283: Assigned=Received, Actual=Received, ReceivedQty=10
[2026-04-23 15:23:37] INFO: ASN WMS-ASN-EXT-00004 Carton CNWH63284: Assigned=Received, Actual=Received, ReceivedQty=10
[2026-04-23 15:23:37] INFO: ASN WMS-ASN-EXT-00004 Carton CNWH63285: Assigned=Received, Actual=Received, ReceivedQty=10
[2026-04-23 15:23:37] INFO: ASN WMS-ASN-EXT-00004 Carton CNWH63286: Assigned=Received, Actual=Received, ReceivedQty=10
[2026-04-23 15:23:37] INFO: ASN WMS-ASN-EXT-00004 Carton CNWH63287: Assigned=Received, Actual=Received, ReceivedQty=10
[2026-04-23 15:23:37] INFO: ASN WMS-ASN-EXT-00004 Carton CNWH63288: Assigned=Received, Actual=Received, ReceivedQty=10
[2026-04-23 15:23:37] INFO: ASN WMS-ASN-EXT-00004 Carton CNWH63289: Assigned=Received, Actual=Received, ReceivedQty=10
[2026-04-23 15:23:37] INFO: ASN WMS-ASN-EXT-00004 Carton CNWH63441: Assigned=Received, Actual=Received, ReceivedQty=10
[2026-04-23 15:23:37] INFO: ASN WMS-ASN-EXT-00004 Carton CNWH63442: Assigned=Received, Actual=Received, ReceivedQty=10
[2026-04-23 15:23:37] INFO: ASN WMS-ASN-EXT-00004 Carton CNWH65363: Assigned=Received, Actual=Received, ReceivedQty=10
[2026-04-23 15:23:37] INFO: ASN WMS-ASN-EXT-00004 Carton CNWH63502: Assigned=Received, Actual=Received, ReceivedQty=10
[2026-04-23 15:23:37] INFO: ASN WMS-ASN-EXT-00004 Carton CNWH63502: Assigned=Received, Actual=Received, ReceivedQty=10
[2026-04-23 15:23:37] INFO: ASN WMS-ASN-EXT-00004 Carton CNWH64607: Assigned=Received, Actual=Received, ReceivedQty=10
[2026-04-23 15:26:09] INFO: ASN ASN-0001 Carton CNWH12858: Assigned=Assigned, Actual=Assigned, ReceivedQty=0
[2026-04-23 15:26:09] INFO: ASN ASN-0001 Carton CNWH12854: Assigned=Assigned, Actual=Assigned, ReceivedQty=0
[2026-04-23 15:26:09] INFO: ASN ASN-0001 Carton CNWH15390: Assigned=Assigned, Actual=Assigned, ReceivedQty=0
[2026-04-23 15:26:09] INFO: ASN ASN-0001 Carton CNWH42441: Assigned=Assigned, Actual=Assigned, ReceivedQty=0
[2026-04-23 15:26:09] INFO: ASN ASN-0001 Carton CNWH64571: Assigned=Assigned, Actual=Assigned, ReceivedQty=0
[2026-04-23 15:26:09] INFO: ASN ASN-0001 Carton CNWH64521: Assigned=Assigned, Actual=Assigned, ReceivedQty=0
[2026-04-23 15:26:09] INFO: ASN ASN-0001 Carton CNWH63561: Assigned=Assigned, Actual=Assigned, ReceivedQty=0
[2026-04-23 15:26:09] INFO: ASN ASN-0001 Carton CNWH63609: Assigned=Assigned, Actual=Assigned, ReceivedQty=0
[2026-04-23 15:26:09] INFO: ASN WMS-ASN-EXT-00004 Carton CNWH63179: Assigned=Received, Actual=Received, ReceivedQty=10
[2026-04-23 15:26:09] INFO: ASN WMS-ASN-EXT-00004 Carton CNWH63180: Assigned=Received, Actual=Received, ReceivedQty=10
[2026-04-23 15:26:09] INFO: ASN WMS-ASN-EXT-00004 Carton CNWH63196: Assigned=Received, Actual=Received, ReceivedQty=10
[2026-04-23 15:26:09] INFO: ASN WMS-ASN-EXT-00004 Carton CNWH63197: Assigned=Received, Actual=Received, ReceivedQty=10
[2026-04-23 15:26:09] INFO: ASN WMS-ASN-EXT-00004 Carton CNWH63198: Assigned=Received, Actual=Received, ReceivedQty=10
[2026-04-23 15:26:09] INFO: ASN WMS-ASN-EXT-00004 Carton CNWH63199: Assigned=Received, Actual=Received, ReceivedQty=10
[2026-04-23 15:26:09] INFO: ASN WMS-ASN-EXT-00004 Carton CNWH63200: Assigned=Received, Actual=Received, ReceivedQty=10
[2026-04-23 15:26:09] INFO: ASN WMS-ASN-EXT-00004 Carton CNWH63266: Assigned=Received, Actual=Received, ReceivedQty=10
[2026-04-23 15:26:09] INFO: ASN WMS-ASN-EXT-00004 Carton CNWH63268: Assigned=Received, Actual=Received, ReceivedQty=10
[2026-04-23 15:26:09] INFO: ASN WMS-ASN-EXT-00004 Carton CNWH63269: Assigned=Received, Actual=Received, ReceivedQty=10
[2026-04-23 15:26:09] INFO: ASN WMS-ASN-EXT-00004 Carton CNWH63270: Assigned=Received, Actual=Received, ReceivedQty=10
[2026-04-23 15:26:09] INFO: ASN WMS-ASN-EXT-00004 Carton CNWH63271: Assigned=Received, Actual=Received, ReceivedQty=10
[2026-04-23 15:26:09] INFO: ASN WMS-ASN-EXT-00004 Carton CNWH63272: Assigned=Received, Actual=Received, ReceivedQty=10
[2026-04-23 15:26:09] INFO: ASN WMS-ASN-EXT-00004 Carton CNWH63275: Assigned=Received, Actual=Received, ReceivedQty=10
[2026-04-23 15:26:09] INFO: ASN WMS-ASN-EXT-00004 Carton CNWH63277: Assigned=Received, Actual=Received, ReceivedQty=10
[2026-04-23 15:26:09] INFO: ASN WMS-ASN-EXT-00004 Carton CNWH63280: Assigned=Received, Actual=Received, ReceivedQty=10
[2026-04-23 15:26:09] INFO: ASN WMS-ASN-EXT-00004 Carton CNWH63282: Assigned=Received, Actual=Received, ReceivedQty=10
[2026-04-23 15:26:09] INFO: ASN WMS-ASN-EXT-00004 Carton CNWH63283: Assigned=Received, Actual=Received, ReceivedQty=10
[2026-04-23 15:26:09] INFO: ASN WMS-ASN-EXT-00004 Carton CNWH63284: Assigned=Received, Actual=Received, ReceivedQty=10
[2026-04-23 15:26:09] INFO: ASN WMS-ASN-EXT-00004 Carton CNWH63285: Assigned=Received, Actual=Received, ReceivedQty=10
[2026-04-23 15:26:09] INFO: ASN WMS-ASN-EXT-00004 Carton CNWH63286: Assigned=Received, Actual=Received, ReceivedQty=10
[2026-04-23 15:26:09] INFO: ASN WMS-ASN-EXT-00004 Carton CNWH63287: Assigned=Received, Actual=Received, ReceivedQty=10
[2026-04-23 15:26:09] INFO: ASN WMS-ASN-EXT-00004 Carton CNWH63288: Assigned=Received, Actual=Received, ReceivedQty=10
[2026-04-23 15:26:09] INFO: ASN WMS-ASN-EXT-00004 Carton CNWH63289: Assigned=Received, Actual=Received, ReceivedQty=10
[2026-04-23 15:26:09] INFO: ASN WMS-ASN-EXT-00004 Carton CNWH63441: Assigned=Received, Actual=Received, ReceivedQty=10
[2026-04-23 15:26:09] INFO: ASN WMS-ASN-EXT-00004 Carton CNWH63442: Assigned=Received, Actual=Received, ReceivedQty=10
[2026-04-23 15:26:09] INFO: ASN WMS-ASN-EXT-00004 Carton CNWH63444: Assigned=Received, Actual=Received, ReceivedQty=10
[2026-04-23 15:26:09] INFO: ASN WMS-ASN-EXT-00004 Carton CNWH63446: Assigned=Received, Actual=Received, ReceivedQty=10
[2026-04-23 15:26:09] INFO: ASN WMS-ASN-EXT-00004 Carton CNWH63448: Assigned=Received, Actual=Received, ReceivedQty=10
[2026-04-23 15:26:09] INFO: ASN WMS-ASN-EXT-00004 Carton CNWH65363: Assigned=Received, Actual=Received, ReceivedQty=10
[2026-04-23 15:26:09] INFO: ASN WMS-ASN-EXT-00004 Carton CNWH63179: Assigned=Received, Actual=Received, ReceivedQty=10
[2026-04-23 15:26:09] INFO: ASN WMS-ASN-EXT-00004 Carton CNWH63180: Assigned=Received, Actual=Received, ReceivedQty=10
[2026-04-23 15:26:09] INFO: ASN WMS-ASN-EXT-00004 Carton CNWH63196: Assigned=Received, Actual=Received, ReceivedQty=10
[2026-04-23 15:26:09] INFO: ASN WMS-ASN-EXT-00004 Carton CNWH63197: Assigned=Received, Actual=Received, ReceivedQty=10
[2026-04-23 15:26:09] INFO: ASN WMS-ASN-EXT-00004 Carton CNWH63198: Assigned=Received, Actual=Received, ReceivedQty=10
[2026-04-23 15:26:09] INFO: ASN WMS-ASN-EXT-00004 Carton CNWH63199: Assigned=Received, Actual=Received, ReceivedQty=10
[2026-04-23 15:26:09] INFO: ASN WMS-ASN-EXT-00004 Carton CNWH63200: Assigned=Received, Actual=Received, ReceivedQty=10
[2026-04-23 15:26:09] INFO: ASN WMS-ASN-EXT-00004 Carton CNWH63266: Assigned=Received, Actual=Received, ReceivedQty=10
[2026-04-23 15:26:09] INFO: ASN WMS-ASN-EXT-00004 Carton CNWH63268: Assigned=Received, Actual=Received, ReceivedQty=10
[2026-04-23 15:26:09] INFO: ASN WMS-ASN-EXT-00004 Carton CNWH63269: Assigned=Received, Actual=Received, ReceivedQty=10
[2026-04-23 15:26:09] INFO: ASN WMS-ASN-EXT-00004 Carton CNWH63270: Assigned=Received, Actual=Received, ReceivedQty=10
[2026-04-23 15:26:09] INFO: ASN WMS-ASN-EXT-00004 Carton CNWH63271: Assigned=Received, Actual=Received, ReceivedQty=10
[2026-04-23 15:26:09] INFO: ASN WMS-ASN-EXT-00004 Carton CNWH63272: Assigned=Received, Actual=Received, ReceivedQty=10
[2026-04-23 15:26:09] INFO: ASN WMS-ASN-EXT-00004 Carton CNWH63275: Assigned=Received, Actual=Received, ReceivedQty=10
[2026-04-23 15:26:09] INFO: ASN WMS-ASN-EXT-00004 Carton CNWH63277: Assigned=Received, Actual=Received, ReceivedQty=10
[2026-04-23 15:26:09] INFO: ASN WMS-ASN-EXT-00004 Carton CNWH63280: Assigned=Received, Actual=Received, ReceivedQty=10
[2026-04-23 15:26:09] INFO: ASN WMS-ASN-EXT-00004 Carton CNWH63282: Assigned=Received, Actual=Received, ReceivedQty=10
[2026-04-23 15:26:09] INFO: ASN WMS-ASN-EXT-00004 Carton CNWH63283: Assigned=Received, Actual=Received, ReceivedQty=10
[2026-04-23 15:26:09] INFO: ASN WMS-ASN-EXT-00004 Carton CNWH63284: Assigned=Received, Actual=Received, ReceivedQty=10
[2026-04-23 15:26:09] INFO: ASN WMS-ASN-EXT-00004 Carton CNWH63285: Assigned=Received, Actual=Received, ReceivedQty=10
[2026-04-23 15:26:09] INFO: ASN WMS-ASN-EXT-00004 Carton CNWH63286: Assigned=Received, Actual=Received, ReceivedQty=10
[2026-04-23 15:26:09] INFO: ASN WMS-ASN-EXT-00004 Carton CNWH63287: Assigned=Received, Actual=Received, ReceivedQty=10
[2026-04-23 15:26:09] INFO: ASN WMS-ASN-EXT-00004 Carton CNWH63288: Assigned=Received, Actual=Received, ReceivedQty=10
[2026-04-23 15:26:09] INFO: ASN WMS-ASN-EXT-00004 Carton CNWH63289: Assigned=Received, Actual=Received, ReceivedQty=10
[2026-04-23 15:26:09] INFO: ASN WMS-ASN-EXT-00004 Carton CNWH63441: Assigned=Received, Actual=Received, ReceivedQty=10
[2026-04-23 15:26:09] INFO: ASN WMS-ASN-EXT-00004 Carton CNWH63442: Assigned=Received, Actual=Received, ReceivedQty=10
[2026-04-23 15:26:09] INFO: ASN WMS-ASN-EXT-00004 Carton CNWH65363: Assigned=Received, Actual=Received, ReceivedQty=10
[2026-04-23 15:26:09] INFO: ASN WMS-ASN-EXT-00004 Carton CNWH63502: Assigned=Received, Actual=Received, ReceivedQty=10
[2026-04-23 15:26:09] INFO: ASN WMS-ASN-EXT-00004 Carton CNWH63502: Assigned=Received, Actual=Received, ReceivedQty=10
[2026-04-23 15:26:09] INFO: ASN WMS-ASN-EXT-00004 Carton CNWH64607: Assigned=Received, Actual=Received, ReceivedQty=10
[2026-04-23 15:26:11] INFO: ASN ASN-0001 Carton CNWH12858: Assigned=Assigned, Actual=Assigned, ReceivedQty=0
[2026-04-23 15:26:11] INFO: ASN ASN-0001 Carton CNWH12854: Assigned=Assigned, Actual=Assigned, ReceivedQty=0
[2026-04-23 15:26:11] INFO: ASN ASN-0001 Carton CNWH15390: Assigned=Assigned, Actual=Assigned, ReceivedQty=0
[2026-04-23 15:26:11] INFO: ASN ASN-0001 Carton CNWH42441: Assigned=Assigned, Actual=Assigned, ReceivedQty=0
[2026-04-23 15:26:11] INFO: ASN ASN-0001 Carton CNWH64571: Assigned=Assigned, Actual=Assigned, ReceivedQty=0
[2026-04-23 15:26:11] INFO: ASN ASN-0001 Carton CNWH64521: Assigned=Assigned, Actual=Assigned, ReceivedQty=0
[2026-04-23 15:26:11] INFO: ASN ASN-0001 Carton CNWH63561: Assigned=Assigned, Actual=Assigned, ReceivedQty=0
[2026-04-23 15:26:11] INFO: ASN ASN-0001 Carton CNWH63609: Assigned=Assigned, Actual=Assigned, ReceivedQty=0
[2026-04-23 15:26:11] INFO: ASN WMS-ASN-EXT-00004 Carton CNWH63179: Assigned=Received, Actual=Received, ReceivedQty=10
[2026-04-23 15:26:11] INFO: ASN WMS-ASN-EXT-00004 Carton CNWH63180: Assigned=Received, Actual=Received, ReceivedQty=10
[2026-04-23 15:26:11] INFO: ASN WMS-ASN-EXT-00004 Carton CNWH63196: Assigned=Received, Actual=Received, ReceivedQty=10
[2026-04-23 15:26:11] INFO: ASN WMS-ASN-EXT-00004 Carton CNWH63197: Assigned=Received, Actual=Received, ReceivedQty=10
[2026-04-23 15:26:11] INFO: ASN WMS-ASN-EXT-00004 Carton CNWH63198: Assigned=Received, Actual=Received, ReceivedQty=10
[2026-04-23 15:26:11] INFO: ASN WMS-ASN-EXT-00004 Carton CNWH63199: Assigned=Received, Actual=Received, ReceivedQty=10
[2026-04-23 15:26:11] INFO: ASN WMS-ASN-EXT-00004 Carton CNWH63200: Assigned=Received, Actual=Received, ReceivedQty=10
[2026-04-23 15:26:11] INFO: ASN WMS-ASN-EXT-00004 Carton CNWH63266: Assigned=Received, Actual=Received, ReceivedQty=10
[2026-04-23 15:26:11] INFO: ASN WMS-ASN-EXT-00004 Carton CNWH63268: Assigned=Received, Actual=Received, ReceivedQty=10
[2026-04-23 15:26:11] INFO: ASN WMS-ASN-EXT-00004 Carton CNWH63269: Assigned=Received, Actual=Received, ReceivedQty=10
[2026-04-23 15:26:11] INFO: ASN WMS-ASN-EXT-00004 Carton CNWH63270: Assigned=Received, Actual=Received, ReceivedQty=10
[2026-04-23 15:26:11] INFO: ASN WMS-ASN-EXT-00004 Carton CNWH63271: Assigned=Received, Actual=Received, ReceivedQty=10
[2026-04-23 15:26:11] INFO: ASN WMS-ASN-EXT-00004 Carton CNWH63272: Assigned=Received, Actual=Received, ReceivedQty=10
[2026-04-23 15:26:11] INFO: ASN WMS-ASN-EXT-00004 Carton CNWH63275: Assigned=Received, Actual=Received, ReceivedQty=10
[2026-04-23 15:26:11] INFO: ASN WMS-ASN-EXT-00004 Carton CNWH63277: Assigned=Received, Actual=Received, ReceivedQty=10
[2026-04-23 15:26:11] INFO: ASN WMS-ASN-EXT-00004 Carton CNWH63280: Assigned=Received, Actual=Received, ReceivedQty=10
[2026-04-23 15:26:11] INFO: ASN WMS-ASN-EXT-00004 Carton CNWH63282: Assigned=Received, Actual=Received, ReceivedQty=10
[2026-04-23 15:26:11] INFO: ASN WMS-ASN-EXT-00004 Carton CNWH63283: Assigned=Received, Actual=Received, ReceivedQty=10
[2026-04-23 15:26:11] INFO: ASN WMS-ASN-EXT-00004 Carton CNWH63284: Assigned=Received, Actual=Received, ReceivedQty=10
[2026-04-23 15:26:11] INFO: ASN WMS-ASN-EXT-00004 Carton CNWH63285: Assigned=Received, Actual=Received, ReceivedQty=10
[2026-04-23 15:26:11] INFO: ASN WMS-ASN-EXT-00004 Carton CNWH63286: Assigned=Received, Actual=Received, ReceivedQty=10
[2026-04-23 15:26:11] INFO: ASN WMS-ASN-EXT-00004 Carton CNWH63287: Assigned=Received, Actual=Received, ReceivedQty=10
[2026-04-23 15:26:11] INFO: ASN WMS-ASN-EXT-00004 Carton CNWH63288: Assigned=Received, Actual=Received, ReceivedQty=10
[2026-04-23 15:26:11] INFO: ASN WMS-ASN-EXT-00004 Carton CNWH63289: Assigned=Received, Actual=Received, ReceivedQty=10
[2026-04-23 15:26:11] INFO: ASN WMS-ASN-EXT-00004 Carton CNWH63441: Assigned=Received, Actual=Received, ReceivedQty=10
[2026-04-23 15:26:11] INFO: ASN WMS-ASN-EXT-00004 Carton CNWH63442: Assigned=Received, Actual=Received, ReceivedQty=10
[2026-04-23 15:26:11] INFO: ASN WMS-ASN-EXT-00004 Carton CNWH63444: Assigned=Received, Actual=Received, ReceivedQty=10
[2026-04-23 15:26:11] INFO: ASN WMS-ASN-EXT-00004 Carton CNWH63446: Assigned=Received, Actual=Received, ReceivedQty=10
[2026-04-23 15:26:11] INFO: ASN WMS-ASN-EXT-00004 Carton CNWH63448: Assigned=Received, Actual=Received, ReceivedQty=10
[2026-04-23 15:26:11] INFO: ASN WMS-ASN-EXT-00004 Carton CNWH65363: Assigned=Received, Actual=Received, ReceivedQty=10
[2026-04-23 15:26:11] INFO: ASN WMS-ASN-EXT-00004 Carton CNWH63179: Assigned=Received, Actual=Received, ReceivedQty=10
[2026-04-23 15:26:11] INFO: ASN WMS-ASN-EXT-00004 Carton CNWH63180: Assigned=Received, Actual=Received, ReceivedQty=10
[2026-04-23 15:26:11] INFO: ASN WMS-ASN-EXT-00004 Carton CNWH63196: Assigned=Received, Actual=Received, ReceivedQty=10
[2026-04-23 15:26:11] INFO: ASN WMS-ASN-EXT-00004 Carton CNWH63197: Assigned=Received, Actual=Received, ReceivedQty=10
[2026-04-23 15:26:11] INFO: ASN WMS-ASN-EXT-00004 Carton CNWH63198: Assigned=Received, Actual=Received, ReceivedQty=10
[2026-04-23 15:26:11] INFO: ASN WMS-ASN-EXT-00004 Carton CNWH63199: Assigned=Received, Actual=Received, ReceivedQty=10
[2026-04-23 15:26:11] INFO: ASN WMS-ASN-EXT-00004 Carton CNWH63200: Assigned=Received, Actual=Received, ReceivedQty=10
[2026-04-23 15:26:11] INFO: ASN WMS-ASN-EXT-00004 Carton CNWH63266: Assigned=Received, Actual=Received, ReceivedQty=10
[2026-04-23 15:26:11] INFO: ASN WMS-ASN-EXT-00004 Carton CNWH63268: Assigned=Received, Actual=Received, ReceivedQty=10
[2026-04-23 15:26:11] INFO: ASN WMS-ASN-EXT-00004 Carton CNWH63269: Assigned=Received, Actual=Received, ReceivedQty=10
[2026-04-23 15:26:11] INFO: ASN WMS-ASN-EXT-00004 Carton CNWH63270: Assigned=Received, Actual=Received, ReceivedQty=10
[2026-04-23 15:26:11] INFO: ASN WMS-ASN-EXT-00004 Carton CNWH63271: Assigned=Received, Actual=Received, ReceivedQty=10
[2026-04-23 15:26:11] INFO: ASN WMS-ASN-EXT-00004 Carton CNWH63272: Assigned=Received, Actual=Received, ReceivedQty=10
[2026-04-23 15:26:11] INFO: ASN WMS-ASN-EXT-00004 Carton CNWH63275: Assigned=Received, Actual=Received, ReceivedQty=10
[2026-04-23 15:26:11] INFO: ASN WMS-ASN-EXT-00004 Carton CNWH63277: Assigned=Received, Actual=Received, ReceivedQty=10
[2026-04-23 15:26:11] INFO: ASN WMS-ASN-EXT-00004 Carton CNWH63280: Assigned=Received, Actual=Received, ReceivedQty=10
[2026-04-23 15:26:11] INFO: ASN WMS-ASN-EXT-00004 Carton CNWH63282: Assigned=Received, Actual=Received, ReceivedQty=10
[2026-04-23 15:26:11] INFO: ASN WMS-ASN-EXT-00004 Carton CNWH63283: Assigned=Received, Actual=Received, ReceivedQty=10
[2026-04-23 15:26:11] INFO: ASN WMS-ASN-EXT-00004 Carton CNWH63284: Assigned=Received, Actual=Received, ReceivedQty=10
[2026-04-23 15:26:11] INFO: ASN WMS-ASN-EXT-00004 Carton CNWH63285: Assigned=Received, Actual=Received, ReceivedQty=10
[2026-04-23 15:26:11] INFO: ASN WMS-ASN-EXT-00004 Carton CNWH63286: Assigned=Received, Actual=Received, ReceivedQty=10
[2026-04-23 15:26:11] INFO: ASN WMS-ASN-EXT-00004 Carton CNWH63287: Assigned=Received, Actual=Received, ReceivedQty=10
[2026-04-23 15:26:11] INFO: ASN WMS-ASN-EXT-00004 Carton CNWH63288: Assigned=Received, Actual=Received, ReceivedQty=10
[2026-04-23 15:26:11] INFO: ASN WMS-ASN-EXT-00004 Carton CNWH63289: Assigned=Received, Actual=Received, ReceivedQty=10
[2026-04-23 15:26:11] INFO: ASN WMS-ASN-EXT-00004 Carton CNWH63441: Assigned=Received, Actual=Received, ReceivedQty=10
[2026-04-23 15:26:11] INFO: ASN WMS-ASN-EXT-00004 Carton CNWH63442: Assigned=Received, Actual=Received, ReceivedQty=10
[2026-04-23 15:26:11] INFO: ASN WMS-ASN-EXT-00004 Carton CNWH65363: Assigned=Received, Actual=Received, ReceivedQty=10
[2026-04-23 15:26:11] INFO: ASN WMS-ASN-EXT-00004 Carton CNWH63502: Assigned=Received, Actual=Received, ReceivedQty=10
[2026-04-23 15:26:11] INFO: ASN WMS-ASN-EXT-00004 Carton CNWH63502: Assigned=Received, Actual=Received, ReceivedQty=10
[2026-04-23 15:26:11] INFO: ASN WMS-ASN-EXT-00004 Carton CNWH64607: Assigned=Received, Actual=Received, ReceivedQty=10
[2026-04-23 15:29:59] INFO: AuthService: Attempting login to http://localhost:3000/api/auth/login for user sysadmin
[2026-04-23 15:30:01] INFO: AuthService: Login response status: OK
[2026-04-23 15:30:01] INFO: AuthService: Login successful for user sysadmin
[2026-04-23 15:30:04] INFO: ASN ASN-0001 Carton CNWH12858: Assigned=Assigned, Actual=Assigned, ReceivedQty=0
[2026-04-23 15:30:04] INFO: ASN ASN-0001 Carton CNWH12854: Assigned=Assigned, Actual=Assigned, ReceivedQty=0
[2026-04-23 15:30:04] INFO: ASN ASN-0001 Carton CNWH15390: Assigned=Assigned, Actual=Assigned, ReceivedQty=0
[2026-04-23 15:30:04] INFO: ASN ASN-0001 Carton CNWH42441: Assigned=Assigned, Actual=Assigned, ReceivedQty=0
[2026-04-23 15:30:04] INFO: ASN ASN-0001 Carton CNWH64571: Assigned=Assigned, Actual=Assigned, ReceivedQty=0
[2026-04-23 15:30:04] INFO: ASN ASN-0001 Carton CNWH64521: Assigned=Assigned, Actual=Assigned, ReceivedQty=0
[2026-04-23 15:30:04] INFO: ASN ASN-0001 Carton CNWH63561: Assigned=Assigned, Actual=Assigned, ReceivedQty=0
[2026-04-23 15:30:04] INFO: ASN ASN-0001 Carton CNWH63609: Assigned=Assigned, Actual=Assigned, ReceivedQty=0
[2026-04-23 15:30:04] INFO: ASN WMS-ASN-EXT-00004 Carton CNWH63179: Assigned=Received, Actual=Received, ReceivedQty=10
[2026-04-23 15:30:04] INFO: ASN WMS-ASN-EXT-00004 Carton CNWH63180: Assigned=Received, Actual=Received, ReceivedQty=10
[2026-04-23 15:30:04] INFO: ASN WMS-ASN-EXT-00004 Carton CNWH63196: Assigned=Received, Actual=Received, ReceivedQty=10
[2026-04-23 15:30:04] INFO: ASN WMS-ASN-EXT-00004 Carton CNWH63197: Assigned=Received, Actual=Received, ReceivedQty=10
[2026-04-23 15:30:04] INFO: ASN WMS-ASN-EXT-00004 Carton CNWH63198: Assigned=Received, Actual=Received, ReceivedQty=10
[2026-04-23 15:30:04] INFO: ASN WMS-ASN-EXT-00004 Carton CNWH63199: Assigned=Received, Actual=Received, ReceivedQty=10
[2026-04-23 15:30:04] INFO: ASN WMS-ASN-EXT-00004 Carton CNWH63200: Assigned=Received, Actual=Received, ReceivedQty=10
[2026-04-23 15:30:04] INFO: ASN WMS-ASN-EXT-00004 Carton CNWH63266: Assigned=Received, Actual=Received, ReceivedQty=10
[2026-04-23 15:30:04] INFO: ASN WMS-ASN-EXT-00004 Carton CNWH63268: Assigned=Received, Actual=Received, ReceivedQty=10
[2026-04-23 15:30:04] INFO: ASN WMS-ASN-EXT-00004 Carton CNWH63269: Assigned=Received, Actual=Received, ReceivedQty=10
[2026-04-23 15:30:04] INFO: ASN WMS-ASN-EXT-00004 Carton CNWH63270: Assigned=Received, Actual=Received, ReceivedQty=10
[2026-04-23 15:30:04] INFO: ASN WMS-ASN-EXT-00004 Carton CNWH63271: Assigned=Received, Actual=Received, ReceivedQty=10
[2026-04-23 15:30:04] INFO: ASN WMS-ASN-EXT-00004 Carton CNWH63272: Assigned=Received, Actual=Received, ReceivedQty=10
[2026-04-23 15:30:04] INFO: ASN WMS-ASN-EXT-00004 Carton CNWH63275: Assigned=Received, Actual=Received, ReceivedQty=10
[2026-04-23 15:30:04] INFO: ASN WMS-ASN-EXT-00004 Carton CNWH63277: Assigned=Received, Actual=Received, ReceivedQty=10
[2026-04-23 15:30:04] INFO: ASN WMS-ASN-EXT-00004 Carton CNWH63280: Assigned=Received, Actual=Received, ReceivedQty=10
[2026-04-23 15:30:04] INFO: ASN WMS-ASN-EXT-00004 Carton CNWH63282: Assigned=Received, Actual=Received, ReceivedQty=10
[2026-04-23 15:30:04] INFO: ASN WMS-ASN-EXT-00004 Carton CNWH63283: Assigned=Received, Actual=Received, ReceivedQty=10
[2026-04-23 15:30:04] INFO: ASN WMS-ASN-EXT-00004 Carton CNWH63284: Assigned=Received, Actual=Received, ReceivedQty=10
[2026-04-23 15:30:04] INFO: ASN WMS-ASN-EXT-00004 Carton CNWH63285: Assigned=Received, Actual=Received, ReceivedQty=10
[2026-04-23 15:30:04] INFO: ASN WMS-ASN-EXT-00004 Carton CNWH63286: Assigned=Received, Actual=Received, ReceivedQty=10
[2026-04-23 15:30:04] INFO: ASN WMS-ASN-EXT-00004 Carton CNWH63287: Assigned=Received, Actual=Received, ReceivedQty=10
[2026-04-23 15:30:04] INFO: ASN WMS-ASN-EXT-00004 Carton CNWH63288: Assigned=Received, Actual=Received, ReceivedQty=10
[2026-04-23 15:30:04] INFO: ASN WMS-ASN-EXT-00004 Carton CNWH63289: Assigned=Received, Actual=Received, ReceivedQty=10
[2026-04-23 15:30:04] INFO: ASN WMS-ASN-EXT-00004 Carton CNWH63441: Assigned=Received, Actual=Received, ReceivedQty=10
[2026-04-23 15:30:04] INFO: ASN WMS-ASN-EXT-00004 Carton CNWH63442: Assigned=Received, Actual=Received, ReceivedQty=10
[2026-04-23 15:30:04] INFO: ASN WMS-ASN-EXT-00004 Carton CNWH63444: Assigned=Received, Actual=Received, ReceivedQty=10
[2026-04-23 15:30:04] INFO: ASN WMS-ASN-EXT-00004 Carton CNWH63446: Assigned=Received, Actual=Received, ReceivedQty=10
[2026-04-23 15:30:04] INFO: ASN WMS-ASN-EXT-00004 Carton CNWH63448: Assigned=Received, Actual=Received, ReceivedQty=10
[2026-04-23 15:30:04] INFO: ASN WMS-ASN-EXT-00004 Carton CNWH65363: Assigned=Received, Actual=Received, ReceivedQty=10
[2026-04-23 15:30:04] INFO: ASN WMS-ASN-EXT-00004 Carton CNWH63179: Assigned=Received, Actual=Received, ReceivedQty=10
[2026-04-23 15:30:04] INFO: ASN WMS-ASN-EXT-00004 Carton CNWH63180: Assigned=Received, Actual=Received, ReceivedQty=10
[2026-04-23 15:30:04] INFO: ASN WMS-ASN-EXT-00004 Carton CNWH63196: Assigned=Received, Actual=Received, ReceivedQty=10
[2026-04-23 15:30:04] INFO: ASN WMS-ASN-EXT-00004 Carton CNWH63197: Assigned=Received, Actual=Received, ReceivedQty=10
[2026-04-23 15:30:04] INFO: ASN WMS-ASN-EXT-00004 Carton CNWH63198: Assigned=Received, Actual=Received, ReceivedQty=10
[2026-04-23 15:30:04] INFO: ASN WMS-ASN-EXT-00004 Carton CNWH63199: Assigned=Received, Actual=Received, ReceivedQty=10
[2026-04-23 15:30:04] INFO: ASN WMS-ASN-EXT-00004 Carton CNWH63200: Assigned=Received, Actual=Received, ReceivedQty=10
[2026-04-23 15:30:04] INFO: ASN WMS-ASN-EXT-00004 Carton CNWH63266: Assigned=Received, Actual=Received, ReceivedQty=10
[2026-04-23 15:30:04] INFO: ASN WMS-ASN-EXT-00004 Carton CNWH63268: Assigned=Received, Actual=Received, ReceivedQty=10
[2026-04-23 15:30:04] INFO: ASN WMS-ASN-EXT-00004 Carton CNWH63269: Assigned=Received, Actual=Received, ReceivedQty=10
[2026-04-23 15:30:04] INFO: ASN WMS-ASN-EXT-00004 Carton CNWH63270: Assigned=Received, Actual=Received, ReceivedQty=10
[2026-04-23 15:30:04] INFO: ASN WMS-ASN-EXT-00004 Carton CNWH63271: Assigned=Received, Actual=Received, ReceivedQty=10
[2026-04-23 15:30:04] INFO: ASN WMS-ASN-EXT-00004 Carton CNWH63272: Assigned=Received, Actual=Received, ReceivedQty=10
[2026-04-23 15:30:04] INFO: ASN WMS-ASN-EXT-00004 Carton CNWH63275: Assigned=Received, Actual=Received, ReceivedQty=10
[2026-04-23 15:30:04] INFO: ASN WMS-ASN-EXT-00004 Carton CNWH63277: Assigned=Received, Actual=Received, ReceivedQty=10
[2026-04-23 15:30:04] INFO: ASN WMS-ASN-EXT-00004 Carton CNWH63280: Assigned=Received, Actual=Received, ReceivedQty=10
[2026-04-23 15:30:04] INFO: ASN WMS-ASN-EXT-00004 Carton CNWH63282: Assigned=Received, Actual=Received, ReceivedQty=10
[2026-04-23 15:30:04] INFO: ASN WMS-ASN-EXT-00004 Carton CNWH63283: Assigned=Received, Actual=Received, ReceivedQty=10
[2026-04-23 15:30:04] INFO: ASN WMS-ASN-EXT-00004 Carton CNWH63284: Assigned=Received, Actual=Received, ReceivedQty=10
[2026-04-23 15:30:04] INFO: ASN WMS-ASN-EXT-00004 Carton CNWH63285: Assigned=Received, Actual=Received, ReceivedQty=10
[2026-04-23 15:30:04] INFO: ASN WMS-ASN-EXT-00004 Carton CNWH63286: Assigned=Received, Actual=Received, ReceivedQty=10
[2026-04-23 15:30:04] INFO: ASN WMS-ASN-EXT-00004 Carton CNWH63287: Assigned=Received, Actual=Received, ReceivedQty=10
[2026-04-23 15:30:04] INFO: ASN WMS-ASN-EXT-00004 Carton CNWH63288: Assigned=Received, Actual=Received, ReceivedQty=10
[2026-04-23 15:30:04] INFO: ASN WMS-ASN-EXT-00004 Carton CNWH63289: Assigned=Received, Actual=Received, ReceivedQty=10
[2026-04-23 15:30:04] INFO: ASN WMS-ASN-EXT-00004 Carton CNWH63441: Assigned=Received, Actual=Received, ReceivedQty=10
[2026-04-23 15:30:04] INFO: ASN WMS-ASN-EXT-00004 Carton CNWH63442: Assigned=Received, Actual=Received, ReceivedQty=10
[2026-04-23 15:30:04] INFO: ASN WMS-ASN-EXT-00004 Carton CNWH65363: Assigned=Received, Actual=Received, ReceivedQty=10
[2026-04-23 15:30:04] INFO: ASN WMS-ASN-EXT-00004 Carton CNWH63502: Assigned=Received, Actual=Received, ReceivedQty=10
[2026-04-23 15:30:04] INFO: ASN WMS-ASN-EXT-00004 Carton CNWH63502: Assigned=Received, Actual=Received, ReceivedQty=10
[2026-04-23 15:30:04] INFO: ASN WMS-ASN-EXT-00004 Carton CNWH64607: Assigned=Received, Actual=Received, ReceivedQty=10
[2026-04-23 15:30:05] INFO: ASN ASN-0001 Carton CNWH12858: Assigned=Assigned, Actual=Assigned, ReceivedQty=0
[2026-04-23 15:30:05] INFO: ASN ASN-0001 Carton CNWH12854: Assigned=Assigned, Actual=Assigned, ReceivedQty=0
[2026-04-23 15:30:05] INFO: ASN ASN-0001 Carton CNWH15390: Assigned=Assigned, Actual=Assigned, ReceivedQty=0
[2026-04-23 15:30:05] INFO: ASN ASN-0001 Carton CNWH42441: Assigned=Assigned, Actual=Assigned, ReceivedQty=0
[2026-04-23 15:30:05] INFO: ASN ASN-0001 Carton CNWH64571: Assigned=Assigned, Actual=Assigned, ReceivedQty=0
[2026-04-23 15:30:05] INFO: ASN ASN-0001 Carton CNWH64521: Assigned=Assigned, Actual=Assigned, ReceivedQty=0
[2026-04-23 15:30:05] INFO: ASN ASN-0001 Carton CNWH63561: Assigned=Assigned, Actual=Assigned, ReceivedQty=0
[2026-04-23 15:30:05] INFO: ASN ASN-0001 Carton CNWH63609: Assigned=Assigned, Actual=Assigned, ReceivedQty=0
[2026-04-23 15:30:05] INFO: ASN WMS-ASN-EXT-00004 Carton CNWH63179: Assigned=Received, Actual=Received, ReceivedQty=10
[2026-04-23 15:30:05] INFO: ASN WMS-ASN-EXT-00004 Carton CNWH63180: Assigned=Received, Actual=Received, ReceivedQty=10
[2026-04-23 15:30:05] INFO: ASN WMS-ASN-EXT-00004 Carton CNWH63196: Assigned=Received, Actual=Received, ReceivedQty=10
[2026-04-23 15:30:05] INFO: ASN WMS-ASN-EXT-00004 Carton CNWH63197: Assigned=Received, Actual=Received, ReceivedQty=10
[2026-04-23 15:30:05] INFO: ASN WMS-ASN-EXT-00004 Carton CNWH63198: Assigned=Received, Actual=Received, ReceivedQty=10
[2026-04-23 15:30:05] INFO: ASN WMS-ASN-EXT-00004 Carton CNWH63199: Assigned=Received, Actual=Received, ReceivedQty=10
[2026-04-23 15:30:05] INFO: ASN WMS-ASN-EXT-00004 Carton CNWH63200: Assigned=Received, Actual=Received, ReceivedQty=10
[2026-04-23 15:30:05] INFO: ASN WMS-ASN-EXT-00004 Carton CNWH63266: Assigned=Received, Actual=Received, ReceivedQty=10
[2026-04-23 15:30:05] INFO: ASN WMS-ASN-EXT-00004 Carton CNWH63268: Assigned=Received, Actual=Received, ReceivedQty=10
[2026-04-23 15:30:05] INFO: ASN WMS-ASN-EXT-00004 Carton CNWH63269: Assigned=Received, Actual=Received, ReceivedQty=10
[2026-04-23 15:30:05] INFO: ASN WMS-ASN-EXT-00004 Carton CNWH63270: Assigned=Received, Actual=Received, ReceivedQty=10
[2026-04-23 15:30:05] INFO: ASN WMS-ASN-EXT-00004 Carton CNWH63271: Assigned=Received, Actual=Received, ReceivedQty=10
[2026-04-23 15:30:05] INFO: ASN WMS-ASN-EXT-00004 Carton CNWH63272: Assigned=Received, Actual=Received, ReceivedQty=10
[2026-04-23 15:30:05] INFO: ASN WMS-ASN-EXT-00004 Carton CNWH63275: Assigned=Received, Actual=Received, ReceivedQty=10
[2026-04-23 15:30:05] INFO: ASN WMS-ASN-EXT-00004 Carton CNWH63277: Assigned=Received, Actual=Received, ReceivedQty=10
[2026-04-23 15:30:05] INFO: ASN WMS-ASN-EXT-00004 Carton CNWH63280: Assigned=Received, Actual=Received, ReceivedQty=10
[2026-04-23 15:30:05] INFO: ASN WMS-ASN-EXT-00004 Carton CNWH63282: Assigned=Received, Actual=Received, ReceivedQty=10
[2026-04-23 15:30:05] INFO: ASN WMS-ASN-EXT-00004 Carton CNWH63283: Assigned=Received, Actual=Received, ReceivedQty=10
[2026-04-23 15:30:05] INFO: ASN WMS-ASN-EXT-00004 Carton CNWH63284: Assigned=Received, Actual=Received, ReceivedQty=10
[2026-04-23 15:30:05] INFO: ASN WMS-ASN-EXT-00004 Carton CNWH63285: Assigned=Received, Actual=Received, ReceivedQty=10
[2026-04-23 15:30:05] INFO: ASN WMS-ASN-EXT-00004 Carton CNWH63286: Assigned=Received, Actual=Received, ReceivedQty=10
[2026-04-23 15:30:05] INFO: ASN WMS-ASN-EXT-00004 Carton CNWH63287: Assigned=Received, Actual=Received, ReceivedQty=10
[2026-04-23 15:30:05] INFO: ASN WMS-ASN-EXT-00004 Carton CNWH63288: Assigned=Received, Actual=Received, ReceivedQty=10
[2026-04-23 15:30:05] INFO: ASN WMS-ASN-EXT-00004 Carton CNWH63289: Assigned=Received, Actual=Received, ReceivedQty=10
[2026-04-23 15:30:05] INFO: ASN WMS-ASN-EXT-00004 Carton CNWH63441: Assigned=Received, Actual=Received, ReceivedQty=10
[2026-04-23 15:30:05] INFO: ASN WMS-ASN-EXT-00004 Carton CNWH63442: Assigned=Received, Actual=Received, ReceivedQty=10
[2026-04-23 15:30:05] INFO: ASN WMS-ASN-EXT-00004 Carton CNWH63444: Assigned=Received, Actual=Received, ReceivedQty=10
[2026-04-23 15:30:05] INFO: ASN WMS-ASN-EXT-00004 Carton CNWH63446: Assigned=Received, Actual=Received, ReceivedQty=10
[2026-04-23 15:30:05] INFO: ASN WMS-ASN-EXT-00004 Carton CNWH63448: Assigned=Received, Actual=Received, ReceivedQty=10
[2026-04-23 15:30:05] INFO: ASN WMS-ASN-EXT-00004 Carton CNWH65363: Assigned=Received, Actual=Received, ReceivedQty=10
[2026-04-23 15:30:05] INFO: ASN WMS-ASN-EXT-00004 Carton CNWH63179: Assigned=Received, Actual=Received, ReceivedQty=10
[2026-04-23 15:30:05] INFO: ASN WMS-ASN-EXT-00004 Carton CNWH63180: Assigned=Received, Actual=Received, ReceivedQty=10
[2026-04-23 15:30:05] INFO: ASN WMS-ASN-EXT-00004 Carton CNWH63196: Assigned=Received, Actual=Received, ReceivedQty=10
[2026-04-23 15:30:05] INFO: ASN WMS-ASN-EXT-00004 Carton CNWH63197: Assigned=Received, Actual=Received, ReceivedQty=10
[2026-04-23 15:30:05] INFO: ASN WMS-ASN-EXT-00004 Carton CNWH63198: Assigned=Received, Actual=Received, ReceivedQty=10
[2026-04-23 15:30:05] INFO: ASN WMS-ASN-EXT-00004 Carton CNWH63199: Assigned=Received, Actual=Received, ReceivedQty=10
[2026-04-23 15:30:05] INFO: ASN WMS-ASN-EXT-00004 Carton CNWH63200: Assigned=Received, Actual=Received, ReceivedQty=10
[2026-04-23 15:30:05] INFO: ASN WMS-ASN-EXT-00004 Carton CNWH63266: Assigned=Received, Actual=Received, ReceivedQty=10
[2026-04-23 15:30:05] INFO: ASN WMS-ASN-EXT-00004 Carton CNWH63268: Assigned=Received, Actual=Received, ReceivedQty=10
[2026-04-23 15:30:05] INFO: ASN WMS-ASN-EXT-00004 Carton CNWH63269: Assigned=Received, Actual=Received, ReceivedQty=10
[2026-04-23 15:30:05] INFO: ASN WMS-ASN-EXT-00004 Carton CNWH63270: Assigned=Received, Actual=Received, ReceivedQty=10
[2026-04-23 15:30:05] INFO: ASN WMS-ASN-EXT-00004 Carton CNWH63271: Assigned=Received, Actual=Received, ReceivedQty=10
[2026-04-23 15:30:05] INFO: ASN WMS-ASN-EXT-00004 Carton CNWH63272: Assigned=Received, Actual=Received, ReceivedQty=10
[2026-04-23 15:30:05] INFO: ASN WMS-ASN-EXT-00004 Carton CNWH63275: Assigned=Received, Actual=Received, ReceivedQty=10
[2026-04-23 15:30:05] INFO: ASN WMS-ASN-EXT-00004 Carton CNWH63277: Assigned=Received, Actual=Received, ReceivedQty=10
[2026-04-23 15:30:05] INFO: ASN WMS-ASN-EXT-00004 Carton CNWH63280: Assigned=Received, Actual=Received, ReceivedQty=10
[2026-04-23 15:30:05] INFO: ASN WMS-ASN-EXT-00004 Carton CNWH63282: Assigned=Received, Actual=Received, ReceivedQty=10
[2026-04-23 15:30:05] INFO: ASN WMS-ASN-EXT-00004 Carton CNWH63283: Assigned=Received, Actual=Received, ReceivedQty=10
[2026-04-23 15:30:05] INFO: ASN WMS-ASN-EXT-00004 Carton CNWH63284: Assigned=Received, Actual=Received, ReceivedQty=10
[2026-04-23 15:30:05] INFO: ASN WMS-ASN-EXT-00004 Carton CNWH63285: Assigned=Received, Actual=Received, ReceivedQty=10
[2026-04-23 15:30:05] INFO: ASN WMS-ASN-EXT-00004 Carton CNWH63286: Assigned=Received, Actual=Received, ReceivedQty=10
[2026-04-23 15:30:05] INFO: ASN WMS-ASN-EXT-00004 Carton CNWH63287: Assigned=Received, Actual=Received, ReceivedQty=10
[2026-04-23 15:30:05] INFO: ASN WMS-ASN-EXT-00004 Carton CNWH63288: Assigned=Received, Actual=Received, ReceivedQty=10
[2026-04-23 15:30:05] INFO: ASN WMS-ASN-EXT-00004 Carton CNWH63289: Assigned=Received, Actual=Received, ReceivedQty=10
[2026-04-23 15:30:05] INFO: ASN WMS-ASN-EXT-00004 Carton CNWH63441: Assigned=Received, Actual=Received, ReceivedQty=10
[2026-04-23 15:30:05] INFO: ASN WMS-ASN-EXT-00004 Carton CNWH63442: Assigned=Received, Actual=Received, ReceivedQty=10
[2026-04-23 15:30:05] INFO: ASN WMS-ASN-EXT-00004 Carton CNWH65363: Assigned=Received, Actual=Received, ReceivedQty=10
[2026-04-23 15:30:05] INFO: ASN WMS-ASN-EXT-00004 Carton CNWH63502: Assigned=Received, Actual=Received, ReceivedQty=10
[2026-04-23 15:30:05] INFO: ASN WMS-ASN-EXT-00004 Carton CNWH63502: Assigned=Received, Actual=Received, ReceivedQty=10
[2026-04-23 15:30:05] INFO: ASN WMS-ASN-EXT-00004 Carton CNWH64607: Assigned=Received, Actual=Received, ReceivedQty=10
[2026-04-23 15:30:05] INFO: ASN ASN-0001 Carton CNWH12858: Assigned=Assigned, Actual=Assigned, ReceivedQty=0
[2026-04-23 15:30:05] INFO: ASN ASN-0001 Carton CNWH12854: Assigned=Assigned, Actual=Assigned, ReceivedQty=0
[2026-04-23 15:30:05] INFO: ASN ASN-0001 Carton CNWH15390: Assigned=Assigned, Actual=Assigned, ReceivedQty=0
[2026-04-23 15:30:05] INFO: ASN ASN-0001 Carton CNWH42441: Assigned=Assigned, Actual=Assigned, ReceivedQty=0
[2026-04-23 15:30:05] INFO: ASN ASN-0001 Carton CNWH64571: Assigned=Assigned, Actual=Assigned, ReceivedQty=0
[2026-04-23 15:30:05] INFO: ASN ASN-0001 Carton CNWH64521: Assigned=Assigned, Actual=Assigned, ReceivedQty=0
[2026-04-23 15:30:05] INFO: ASN ASN-0001 Carton CNWH63561: Assigned=Assigned, Actual=Assigned, ReceivedQty=0
[2026-04-23 15:30:05] INFO: ASN ASN-0001 Carton CNWH63609: Assigned=Assigned, Actual=Assigned, ReceivedQty=0
[2026-04-23 15:30:05] INFO: ASN WMS-ASN-EXT-00004 Carton CNWH63179: Assigned=Received, Actual=Received, ReceivedQty=10
[2026-04-23 15:30:05] INFO: ASN WMS-ASN-EXT-00004 Carton CNWH63180: Assigned=Received, Actual=Received, ReceivedQty=10
[2026-04-23 15:30:05] INFO: ASN WMS-ASN-EXT-00004 Carton CNWH63196: Assigned=Received, Actual=Received, ReceivedQty=10
[2026-04-23 15:30:05] INFO: ASN WMS-ASN-EXT-00004 Carton CNWH63197: Assigned=Received, Actual=Received, ReceivedQty=10
[2026-04-23 15:30:05] INFO: ASN WMS-ASN-EXT-00004 Carton CNWH63198: Assigned=Received, Actual=Received, ReceivedQty=10
[2026-04-23 15:30:05] INFO: ASN WMS-ASN-EXT-00004 Carton CNWH63199: Assigned=Received, Actual=Received, ReceivedQty=10
[2026-04-23 15:30:05] INFO: ASN WMS-ASN-EXT-00004 Carton CNWH63200: Assigned=Received, Actual=Received, ReceivedQty=10
[2026-04-23 15:30:05] INFO: ASN WMS-ASN-EXT-00004 Carton CNWH63266: Assigned=Received, Actual=Received, ReceivedQty=10
[2026-04-23 15:30:05] INFO: ASN WMS-ASN-EXT-00004 Carton CNWH63268: Assigned=Received, Actual=Received, ReceivedQty=10
[2026-04-23 15:30:05] INFO: ASN WMS-ASN-EXT-00004 Carton CNWH63269: Assigned=Received, Actual=Received, ReceivedQty=10
[2026-04-23 15:30:05] INFO: ASN WMS-ASN-EXT-00004 Carton CNWH63270: Assigned=Received, Actual=Received, ReceivedQty=10
[2026-04-23 15:30:05] INFO: ASN WMS-ASN-EXT-00004 Carton CNWH63271: Assigned=Received, Actual=Received, ReceivedQty=10
[2026-04-23 15:30:05] INFO: ASN WMS-ASN-EXT-00004 Carton CNWH63272: Assigned=Received, Actual=Received, ReceivedQty=10
[2026-04-23 15:30:05] INFO: ASN WMS-ASN-EXT-00004 Carton CNWH63275: Assigned=Received, Actual=Received, ReceivedQty=10
[2026-04-23 15:30:05] INFO: ASN WMS-ASN-EXT-00004 Carton CNWH63277: Assigned=Received, Actual=Received, ReceivedQty=10
[2026-04-23 15:30:05] INFO: ASN WMS-ASN-EXT-00004 Carton CNWH63280: Assigned=Received, Actual=Received, ReceivedQty=10
[2026-04-23 15:30:05] INFO: ASN WMS-ASN-EXT-00004 Carton CNWH63282: Assigned=Received, Actual=Received, ReceivedQty=10
[2026-04-23 15:30:05] INFO: ASN WMS-ASN-EXT-00004 Carton CNWH63283: Assigned=Received, Actual=Received, ReceivedQty=10
[2026-04-23 15:30:05] INFO: ASN WMS-ASN-EXT-00004 Carton CNWH63284: Assigned=Received, Actual=Received, ReceivedQty=10
[2026-04-23 15:30:05] INFO: ASN WMS-ASN-EXT-00004 Carton CNWH63285: Assigned=Received, Actual=Received, ReceivedQty=10
[2026-04-23 15:30:05] INFO: ASN WMS-ASN-EXT-00004 Carton CNWH63286: Assigned=Received, Actual=Received, ReceivedQty=10
[2026-04-23 15:30:05] INFO: ASN WMS-ASN-EXT-00004 Carton CNWH63287: Assigned=Received, Actual=Received, ReceivedQty=10
[2026-04-23 15:30:05] INFO: ASN WMS-ASN-EXT-00004 Carton CNWH63288: Assigned=Received, Actual=Received, ReceivedQty=10
[2026-04-23 15:30:05] INFO: ASN WMS-ASN-EXT-00004 Carton CNWH63289: Assigned=Received, Actual=Received, ReceivedQty=10
[2026-04-23 15:30:05] INFO: ASN WMS-ASN-EXT-00004 Carton CNWH63441: Assigned=Received, Actual=Received, ReceivedQty=10
[2026-04-23 15:30:05] INFO: ASN WMS-ASN-EXT-00004 Carton CNWH63442: Assigned=Received, Actual=Received, ReceivedQty=10
[2026-04-23 15:30:05] INFO: ASN WMS-ASN-EXT-00004 Carton CNWH63444: Assigned=Received, Actual=Received, ReceivedQty=10
[2026-04-23 15:30:05] INFO: ASN WMS-ASN-EXT-00004 Carton CNWH63446: Assigned=Received, Actual=Received, ReceivedQty=10
[2026-04-23 15:30:05] INFO: ASN WMS-ASN-EXT-00004 Carton CNWH63448: Assigned=Received, Actual=Received, ReceivedQty=10
[2026-04-23 15:30:05] INFO: ASN WMS-ASN-EXT-00004 Carton CNWH65363: Assigned=Received, Actual=Received, ReceivedQty=10
[2026-04-23 15:30:05] INFO: ASN WMS-ASN-EXT-00004 Carton CNWH63179: Assigned=Received, Actual=Received, ReceivedQty=10
[2026-04-23 15:30:05] INFO: ASN WMS-ASN-EXT-00004 Carton CNWH63180: Assigned=Received, Actual=Received, ReceivedQty=10
[2026-04-23 15:30:05] INFO: ASN WMS-ASN-EXT-00004 Carton CNWH63196: Assigned=Received, Actual=Received, ReceivedQty=10
[2026-04-23 15:30:05] INFO: ASN WMS-ASN-EXT-00004 Carton CNWH63197: Assigned=Received, Actual=Received, ReceivedQty=10
[2026-04-23 15:30:05] INFO: ASN WMS-ASN-EXT-00004 Carton CNWH63198: Assigned=Received, Actual=Received, ReceivedQty=10
[2026-04-23 15:30:05] INFO: ASN WMS-ASN-EXT-00004 Carton CNWH63199: Assigned=Received, Actual=Received, ReceivedQty=10
[2026-04-23 15:30:05] INFO: ASN WMS-ASN-EXT-00004 Carton CNWH63200: Assigned=Received, Actual=Received, ReceivedQty=10
[2026-04-23 15:30:05] INFO: ASN WMS-ASN-EXT-00004 Carton CNWH63266: Assigned=Received, Actual=Received, ReceivedQty=10
[2026-04-23 15:30:05] INFO: ASN WMS-ASN-EXT-00004 Carton CNWH63268: Assigned=Received, Actual=Received, ReceivedQty=10
[2026-04-23 15:30:05] INFO: ASN WMS-ASN-EXT-00004 Carton CNWH63269: Assigned=Received, Actual=Received, ReceivedQty=10
[2026-04-23 15:30:05] INFO: ASN WMS-ASN-EXT-00004 Carton CNWH63270: Assigned=Received, Actual=Received, ReceivedQty=10
[2026-04-23 15:30:05] INFO: ASN WMS-ASN-EXT-00004 Carton CNWH63271: Assigned=Received, Actual=Received, ReceivedQty=10
[2026-04-23 15:30:05] INFO: ASN WMS-ASN-EXT-00004 Carton CNWH63272: Assigned=Received, Actual=Received, ReceivedQty=10
[2026-04-23 15:30:05] INFO: ASN WMS-ASN-EXT-00004 Carton CNWH63275: Assigned=Received, Actual=Received, ReceivedQty=10
[2026-04-23 15:30:05] INFO: ASN WMS-ASN-EXT-00004 Carton CNWH63277: Assigned=Received, Actual=Received, ReceivedQty=10
[2026-04-23 15:30:05] INFO: ASN WMS-ASN-EXT-00004 Carton CNWH63280: Assigned=Received, Actual=Received, ReceivedQty=10
[2026-04-23 15:30:05] INFO: ASN WMS-ASN-EXT-00004 Carton CNWH63282: Assigned=Received, Actual=Received, ReceivedQty=10
[2026-04-23 15:30:05] INFO: ASN WMS-ASN-EXT-00004 Carton CNWH63283: Assigned=Received, Actual=Received, ReceivedQty=10
[2026-04-23 15:30:05] INFO: ASN WMS-ASN-EXT-00004 Carton CNWH63284: Assigned=Received, Actual=Received, ReceivedQty=10
[2026-04-23 15:30:05] INFO: ASN WMS-ASN-EXT-00004 Carton CNWH63285: Assigned=Received, Actual=Received, ReceivedQty=10
[2026-04-23 15:30:05] INFO: ASN WMS-ASN-EXT-00004 Carton CNWH63286: Assigned=Received, Actual=Received, ReceivedQty=10
[2026-04-23 15:30:05] INFO: ASN WMS-ASN-EXT-00004 Carton CNWH63287: Assigned=Received, Actual=Received, ReceivedQty=10
[2026-04-23 15:30:05] INFO: ASN WMS-ASN-EXT-00004 Carton CNWH63288: Assigned=Received, Actual=Received, ReceivedQty=10
[2026-04-23 15:30:05] INFO: ASN WMS-ASN-EXT-00004 Carton CNWH63289: Assigned=Received, Actual=Received, ReceivedQty=10
[2026-04-23 15:30:05] INFO: ASN WMS-ASN-EXT-00004 Carton CNWH63441: Assigned=Received, Actual=Received, ReceivedQty=10
[2026-04-23 15:30:05] INFO: ASN WMS-ASN-EXT-00004 Carton CNWH63442: Assigned=Received, Actual=Received, ReceivedQty=10
[2026-04-23 15:30:05] INFO: ASN WMS-ASN-EXT-00004 Carton CNWH65363: Assigned=Received, Actual=Received, ReceivedQty=10
[2026-04-23 15:30:05] INFO: ASN WMS-ASN-EXT-00004 Carton CNWH63502: Assigned=Received, Actual=Received, ReceivedQty=10
[2026-04-23 15:30:05] INFO: ASN WMS-ASN-EXT-00004 Carton CNWH63502: Assigned=Received, Actual=Received, ReceivedQty=10
[2026-04-23 15:30:05] INFO: ASN WMS-ASN-EXT-00004 Carton CNWH64607: Assigned=Received, Actual=Received, ReceivedQty=10
[2026-04-23 15:30:07] INFO: ErpNextWmsSyncApiService: Fetched 4 item code(s) from ERPNext for ASN WMS-ASN-EXT-00004 (use as filter for PR/received qty).
[2026-04-23 15:30:07] INFO: ErpNextWmsSyncApiService: Pushing ASN received qty for WMS-ASN-EXT-00004, 60 line(s) (one per WMS detail row). Summary: [324249:10(ctn:CNWH63179), 324249:10(ctn:CNWH63180), 324249:10(ctn:CNWH63196), 324249:10(ctn:CNWH63197), 324249:10(ctn:CNWH63198), 324249:10(ctn:CNWH63199), 324249:10(ctn:CNWH63200), 324249:10(ctn:CNWH63266), 324249:10(ctn:CNWH63268), 324249:10(ctn:CNWH63269), 324249:10(ctn:CNWH63270), 324249:10(ctn:CNWH63271), 324249:10(ctn:CNWH63272), 324249:10(ctn:CNWH63275), 324249:10(ctn:CNWH63277), 324249:10(ctn:CNWH63280), 324249:10(ctn:CNWH63282), 324249:10(ctn:CNWH63283), 324249:10(ctn:CNWH63284), 324249:10(ctn:CNWH63285), 324249:10(ctn:CNWH63286), 324249:10(ctn:CNWH63287), 324249:10(ctn:CNWH63288), 324249:10(ctn:CNWH63289), 324249:10(ctn:CNWH63441), 324249:10(ctn:CNWH63442), 324249:10(ctn:CNWH63444), 324249:10(ctn:CNWH63446), 324249:10(ctn:CNWH63448), 324249:10(ctn:CNWH65363), 324250:10(ctn:CNWH63179), 324250:10(ctn:CNWH63180), 324250:10(ctn:CNWH63196), 324250:10(ctn:CNWH63197), 324250:10(ctn:CNWH63198), 324250:10(ctn:CNWH63199), 324250:10(ctn:CNWH63200), 324250:10(ctn:CNWH63266), 324250:10(ctn:CNWH63268), 324250:10(ctn:CNWH63269), 324250:10(ctn:CNWH63270), 324250:10(ctn:CNWH63271), 324250:10(ctn:CNWH63272), 324250:10(ctn:CNWH63275), 324250:10(ctn:CNWH63277), 324250:10(ctn:CNWH63280), 324250:10(ctn:CNWH63282), 324250:10(ctn:CNWH63283), 324250:10(ctn:CNWH63284), 324250:10(ctn:CNWH63285), 324250:10(ctn:CNWH63286), 324250:10(ctn:CNWH63287), 324250:10(ctn:CNWH63288), 324250:10(ctn:CNWH63289), 324250:10(ctn:CNWH63441), 324250:10(ctn:CNWH63442), 324250:10(ctn:CNWH65363), 324251:10(ctn:CNWH63502), 324252:10(ctn:CNWH63502), 324252:10(ctn:CNWH64607)], to http://printechsdammam.dyndns.org:88/api/method/printechs_wms.api.asn_receiving.update_asn_received_qty
[2026-04-23 15:30:07] ERROR: ErpNextWmsSyncApiService: ASN received qty API returned ExpectationFailed: {"exception":"frappe.exceptions.ValidationError: Failed to get method for command printechs_wms.api.asn_receiving.update_asn_received_qty with 'return' outside function (asn_receiving.py, line 486)","exc_type":"ValidationError","_exc_source":"printechs_wms (app)","exc":"[\"Traceback (most recent call last):\\n  File \\\"apps/frappe/frappe/handler.py\\\", line 74, in execute_cmd\\n    method = get_attr(cmd)\\n             ^^^^^^^^^^^^^\\n  File \\\"apps/frappe/frappe/handler.py\\\", line 292, in get_attr\\n    method = frappe.get_attr(cmd)\\n             ^^^^^^^^^^^^^^^^^^^^\\n  File \\\"apps/frappe/frappe/__init__.py\\\", line 1744, in get_attr\\n    return getattr(get_module(modulename), methodname)\\n                   ^^^^^^^^^^^^^^^^^^^^^^\\n  File \\\"apps/frappe/frappe/__init__.py\\\", line 1454, in get_module\\n    return importlib.import_module(modulename)\\n           ^^^^^^^^^^^^^^^^^^^^^^^^^^^^^^^^^^^\\n  File \\\"/usr/lib/python3.12/importlib/__init__.py\\\", line 90, in import_module\\n    return _bootstrap._gcd_import(name[level:], package, level)\\n           ^^^^^^^^^^^^^^^^^^^^^^^^^^^^^^^^^^^^^^^^^^^^^^^^^^^^\\n  File \\\"<frozen importlib._bootstrap>\\\", line 1387, in _gcd_import\\n  File \\\"<frozen importlib._bootstrap>\\\", line 1360, in _find_and_load\\n  File \\\"<frozen importlib._bootstrap>\\\", line 1331, in _find_and_load_unlocked\\n  File \\\"<frozen importlib._bootstrap>\\\", line 935, in _load_unlocked\\n  File \\\"<frozen importlib._bootstrap_external>\\\", line 991, in exec_module\\n  File \\\"<frozen importlib._bootstrap_external>\\\", line 1129, in get_code\\n  File \\\"<frozen importlib._bootstrap_external>\\\", line 1059, in source_to_code\\n  File \\\"<frozen importlib._bootstrap>\\\", line 488, in _call_with_frames_removed\\n  File \\\"apps/printechs_wms/printechs_wms/api/asn_receiving.py\\\", line 486\\n    return {\\n    ^\\nSyntaxError: 'return' outside function\\n\\nDuring handling of the above exception, another exception occurred:\\n\\nTraceback (most recent call last):\\n  File \\\"apps/frappe/frappe/app.py\\\", line 120, in application\\n    response = frappe.api.handle(request)\\n               ^^^^^^^^^^^^^^^^^^^^^^^^^^\\n  File \\\"apps/frappe/frappe/api/__init__.py\\\", line 52, in handle\\n    data = endpoint(**arguments)\\n           ^^^^^^^^^^^^^^^^^^^^^\\n  File \\\"apps/frappe/frappe/api/v1.py\\\", line 40, in handle_rpc_call\\n    return frappe.handler.handle()\\n           ^^^^^^^^^^^^^^^^^^^^^^^\\n  File \\\"apps/frappe/frappe/handler.py\\\", line 52, in handle\\n    data = execute_cmd(cmd)\\n           ^^^^^^^^^^^^^^^^\\n  File \\\"apps/frappe/frappe/handler.py\\\", line 76, in execute_cmd\\n    frappe.throw(_(\\\"Failed to get method for command {0} with {1}\\\").format(cmd, e))\\n  File \\\"apps/frappe/frappe/__init__.py\\\", line 609, in throw\\n    msgprint(\\n  File \\\"apps/frappe/frappe/__init__.py\\\", line 574, in msgprint\\n    _raise_exception()\\n  File \\\"apps/frappe/frappe/__init__.py\\\", line 525, in _raise_exception\\n    raise exc\\nfrappe.exceptions.ValidationError: Failed to get method for command printechs_wms.api.asn_receiving.update_asn_received_qty with 'return' outside function (asn_receiving.py, line 486)\\n\"]","_server_messages":"[\"{\\\"message\\\": \\\"Failed to get method for command printechs_wms.api.asn_receiving.update_asn_received_qty with 'return' outside function (asn_receiving.py, line 486)\\\", \\\"title\\\": \\\"Message\\\", \\\"indicator\\\": \\\"red\\\", \\\"raise_exception\\\": 1, \\\"__frappe_exc_id\\\": \\\"8b14ad1e7ecedf5669f23345532b6c3164909def3baef6d9426f01c7\\\"}\"]"}
--------------------------------------------------------------------------------
[2026-04-23 15:33:15] INFO: ASN ASN-0001 Carton CNWH12858: Assigned=Assigned, Actual=Assigned, ReceivedQty=0
[2026-04-23 15:33:15] INFO: ASN ASN-0001 Carton CNWH12854: Assigned=Assigned, Actual=Assigned, ReceivedQty=0
[2026-04-23 15:33:15] INFO: ASN ASN-0001 Carton CNWH15390: Assigned=Assigned, Actual=Assigned, ReceivedQty=0
[2026-04-23 15:33:15] INFO: ASN ASN-0001 Carton CNWH42441: Assigned=Assigned, Actual=Assigned, ReceivedQty=0
[2026-04-23 15:33:15] INFO: ASN ASN-0001 Carton CNWH64571: Assigned=Assigned, Actual=Assigned, ReceivedQty=0
[2026-04-23 15:33:15] INFO: ASN ASN-0001 Carton CNWH64521: Assigned=Assigned, Actual=Assigned, ReceivedQty=0
[2026-04-23 15:33:15] INFO: ASN ASN-0001 Carton CNWH63561: Assigned=Assigned, Actual=Assigned, ReceivedQty=0
[2026-04-23 15:33:15] INFO: ASN ASN-0001 Carton CNWH63609: Assigned=Assigned, Actual=Assigned, ReceivedQty=0
[2026-04-23 15:33:15] INFO: ASN WMS-ASN-EXT-00004 Carton CNWH63179: Assigned=Received, Actual=Received, ReceivedQty=10
[2026-04-23 15:33:15] INFO: ASN WMS-ASN-EXT-00004 Carton CNWH63180: Assigned=Received, Actual=Received, ReceivedQty=10
[2026-04-23 15:33:15] INFO: ASN WMS-ASN-EXT-00004 Carton CNWH63196: Assigned=Received, Actual=Received, ReceivedQty=10
[2026-04-23 15:33:15] INFO: ASN WMS-ASN-EXT-00004 Carton CNWH63197: Assigned=Received, Actual=Received, ReceivedQty=10
[2026-04-23 15:33:15] INFO: ASN WMS-ASN-EXT-00004 Carton CNWH63198: Assigned=Received, Actual=Received, ReceivedQty=10
[2026-04-23 15:33:15] INFO: ASN WMS-ASN-EXT-00004 Carton CNWH63199: Assigned=Received, Actual=Received, ReceivedQty=10
[2026-04-23 15:33:15] INFO: ASN WMS-ASN-EXT-00004 Carton CNWH63200: Assigned=Received, Actual=Received, ReceivedQty=10
[2026-04-23 15:33:15] INFO: ASN WMS-ASN-EXT-00004 Carton CNWH63266: Assigned=Received, Actual=Received, ReceivedQty=10
[2026-04-23 15:33:15] INFO: ASN WMS-ASN-EXT-00004 Carton CNWH63268: Assigned=Received, Actual=Received, ReceivedQty=10
[2026-04-23 15:33:15] INFO: ASN WMS-ASN-EXT-00004 Carton CNWH63269: Assigned=Received, Actual=Received, ReceivedQty=10
[2026-04-23 15:33:15] INFO: ASN WMS-ASN-EXT-00004 Carton CNWH63270: Assigned=Received, Actual=Received, ReceivedQty=10
[2026-04-23 15:33:15] INFO: ASN WMS-ASN-EXT-00004 Carton CNWH63271: Assigned=Received, Actual=Received, ReceivedQty=10
[2026-04-23 15:33:15] INFO: ASN WMS-ASN-EXT-00004 Carton CNWH63272: Assigned=Received, Actual=Received, ReceivedQty=10
[2026-04-23 15:33:15] INFO: ASN WMS-ASN-EXT-00004 Carton CNWH63275: Assigned=Received, Actual=Received, ReceivedQty=10
[2026-04-23 15:33:15] INFO: ASN WMS-ASN-EXT-00004 Carton CNWH63277: Assigned=Received, Actual=Received, ReceivedQty=10
[2026-04-23 15:33:15] INFO: ASN WMS-ASN-EXT-00004 Carton CNWH63280: Assigned=Received, Actual=Received, ReceivedQty=10
[2026-04-23 15:33:15] INFO: ASN WMS-ASN-EXT-00004 Carton CNWH63282: Assigned=Received, Actual=Received, ReceivedQty=10
[2026-04-23 15:33:15] INFO: ASN WMS-ASN-EXT-00004 Carton CNWH63283: Assigned=Received, Actual=Received, ReceivedQty=10
[2026-04-23 15:33:15] INFO: ASN WMS-ASN-EXT-00004 Carton CNWH63284: Assigned=Received, Actual=Received, ReceivedQty=10
[2026-04-23 15:33:15] INFO: ASN WMS-ASN-EXT-00004 Carton CNWH63285: Assigned=Received, Actual=Received, ReceivedQty=10
[2026-04-23 15:33:15] INFO: ASN WMS-ASN-EXT-00004 Carton CNWH63286: Assigned=Received, Actual=Received, ReceivedQty=10
[2026-04-23 15:33:15] INFO: ASN WMS-ASN-EXT-00004 Carton CNWH63287: Assigned=Received, Actual=Received, ReceivedQty=10
[2026-04-23 15:33:15] INFO: ASN WMS-ASN-EXT-00004 Carton CNWH63288: Assigned=Received, Actual=Received, ReceivedQty=10
[2026-04-23 15:33:15] INFO: ASN WMS-ASN-EXT-00004 Carton CNWH63289: Assigned=Received, Actual=Received, ReceivedQty=10
[2026-04-23 15:33:15] INFO: ASN WMS-ASN-EXT-00004 Carton CNWH63441: Assigned=Received, Actual=Received, ReceivedQty=10
[2026-04-23 15:33:15] INFO: ASN WMS-ASN-EXT-00004 Carton CNWH63442: Assigned=Received, Actual=Received, ReceivedQty=10
[2026-04-23 15:33:15] INFO: ASN WMS-ASN-EXT-00004 Carton CNWH63444: Assigned=Received, Actual=Received, ReceivedQty=10
[2026-04-23 15:33:15] INFO: ASN WMS-ASN-EXT-00004 Carton CNWH63446: Assigned=Received, Actual=Received, ReceivedQty=10
[2026-04-23 15:33:15] INFO: ASN WMS-ASN-EXT-00004 Carton CNWH63448: Assigned=Received, Actual=Received, ReceivedQty=10
[2026-04-23 15:33:15] INFO: ASN WMS-ASN-EXT-00004 Carton CNWH65363: Assigned=Received, Actual=Received, ReceivedQty=10
[2026-04-23 15:33:15] INFO: ASN WMS-ASN-EXT-00004 Carton CNWH63179: Assigned=Received, Actual=Received, ReceivedQty=10
[2026-04-23 15:33:15] INFO: ASN WMS-ASN-EXT-00004 Carton CNWH63180: Assigned=Received, Actual=Received, ReceivedQty=10
[2026-04-23 15:33:15] INFO: ASN WMS-ASN-EXT-00004 Carton CNWH63196: Assigned=Received, Actual=Received, ReceivedQty=10
[2026-04-23 15:33:15] INFO: ASN WMS-ASN-EXT-00004 Carton CNWH63197: Assigned=Received, Actual=Received, ReceivedQty=10
[2026-04-23 15:33:15] INFO: ASN WMS-ASN-EXT-00004 Carton CNWH63198: Assigned=Received, Actual=Received, ReceivedQty=10
[2026-04-23 15:33:15] INFO: ASN WMS-ASN-EXT-00004 Carton CNWH63199: Assigned=Received, Actual=Received, ReceivedQty=10
[2026-04-23 15:33:15] INFO: ASN WMS-ASN-EXT-00004 Carton CNWH63200: Assigned=Received, Actual=Received, ReceivedQty=10
[2026-04-23 15:33:15] INFO: ASN WMS-ASN-EXT-00004 Carton CNWH63266: Assigned=Received, Actual=Received, ReceivedQty=10
[2026-04-23 15:33:15] INFO: ASN WMS-ASN-EXT-00004 Carton CNWH63268: Assigned=Received, Actual=Received, ReceivedQty=10
[2026-04-23 15:33:15] INFO: ASN WMS-ASN-EXT-00004 Carton CNWH63269: Assigned=Received, Actual=Received, ReceivedQty=10
[2026-04-23 15:33:15] INFO: ASN WMS-ASN-EXT-00004 Carton CNWH63270: Assigned=Received, Actual=Received, ReceivedQty=10
[2026-04-23 15:33:15] INFO: ASN WMS-ASN-EXT-00004 Carton CNWH63271: Assigned=Received, Actual=Received, ReceivedQty=10
[2026-04-23 15:33:15] INFO: ASN WMS-ASN-EXT-00004 Carton CNWH63272: Assigned=Received, Actual=Received, ReceivedQty=10
[2026-04-23 15:33:15] INFO: ASN WMS-ASN-EXT-00004 Carton CNWH63275: Assigned=Received, Actual=Received, ReceivedQty=10
[2026-04-23 15:33:15] INFO: ASN WMS-ASN-EXT-00004 Carton CNWH63277: Assigned=Received, Actual=Received, ReceivedQty=10
[2026-04-23 15:33:15] INFO: ASN WMS-ASN-EXT-00004 Carton CNWH63280: Assigned=Received, Actual=Received, ReceivedQty=10
[2026-04-23 15:33:15] INFO: ASN WMS-ASN-EXT-00004 Carton CNWH63282: Assigned=Received, Actual=Received, ReceivedQty=10
[2026-04-23 15:33:15] INFO: ASN WMS-ASN-EXT-00004 Carton CNWH63283: Assigned=Received, Actual=Received, ReceivedQty=10
[2026-04-23 15:33:15] INFO: ASN WMS-ASN-EXT-00004 Carton CNWH63284: Assigned=Received, Actual=Received, ReceivedQty=10
[2026-04-23 15:33:15] INFO: ASN WMS-ASN-EXT-00004 Carton CNWH63285: Assigned=Received, Actual=Received, ReceivedQty=10
[2026-04-23 15:33:15] INFO: ASN WMS-ASN-EXT-00004 Carton CNWH63286: Assigned=Received, Actual=Received, ReceivedQty=10
[2026-04-23 15:33:15] INFO: ASN WMS-ASN-EXT-00004 Carton CNWH63287: Assigned=Received, Actual=Received, ReceivedQty=10
[2026-04-23 15:33:15] INFO: ASN WMS-ASN-EXT-00004 Carton CNWH63288: Assigned=Received, Actual=Received, ReceivedQty=10
[2026-04-23 15:33:15] INFO: ASN WMS-ASN-EXT-00004 Carton CNWH63289: Assigned=Received, Actual=Received, ReceivedQty=10
[2026-04-23 15:33:15] INFO: ASN WMS-ASN-EXT-00004 Carton CNWH63441: Assigned=Received, Actual=Received, ReceivedQty=10
[2026-04-23 15:33:15] INFO: ASN WMS-ASN-EXT-00004 Carton CNWH63442: Assigned=Received, Actual=Received, ReceivedQty=10
[2026-04-23 15:33:15] INFO: ASN WMS-ASN-EXT-00004 Carton CNWH65363: Assigned=Received, Actual=Received, ReceivedQty=10
[2026-04-23 15:33:15] INFO: ASN WMS-ASN-EXT-00004 Carton CNWH63502: Assigned=Received, Actual=Received, ReceivedQty=10
[2026-04-23 15:33:15] INFO: ASN WMS-ASN-EXT-00004 Carton CNWH63502: Assigned=Received, Actual=Received, ReceivedQty=10
[2026-04-23 15:33:15] INFO: ASN WMS-ASN-EXT-00004 Carton CNWH64607: Assigned=Received, Actual=Received, ReceivedQty=10
[2026-04-23 15:33:17] INFO: ASN ASN-0001 Carton CNWH12858: Assigned=Assigned, Actual=Assigned, ReceivedQty=0
[2026-04-23 15:33:17] INFO: ASN ASN-0001 Carton CNWH12854: Assigned=Assigned, Actual=Assigned, ReceivedQty=0
[2026-04-23 15:33:17] INFO: ASN ASN-0001 Carton CNWH15390: Assigned=Assigned, Actual=Assigned, ReceivedQty=0
[2026-04-23 15:33:17] INFO: ASN ASN-0001 Carton CNWH42441: Assigned=Assigned, Actual=Assigned, ReceivedQty=0
[2026-04-23 15:33:17] INFO: ASN ASN-0001 Carton CNWH64571: Assigned=Assigned, Actual=Assigned, ReceivedQty=0
[2026-04-23 15:33:17] INFO: ASN ASN-0001 Carton CNWH64521: Assigned=Assigned, Actual=Assigned, ReceivedQty=0
[2026-04-23 15:33:17] INFO: ASN ASN-0001 Carton CNWH63561: Assigned=Assigned, Actual=Assigned, ReceivedQty=0
[2026-04-23 15:33:17] INFO: ASN ASN-0001 Carton CNWH63609: Assigned=Assigned, Actual=Assigned, ReceivedQty=0
[2026-04-23 15:33:17] INFO: ASN WMS-ASN-EXT-00004 Carton CNWH63179: Assigned=Received, Actual=Received, ReceivedQty=10
[2026-04-23 15:33:17] INFO: ASN WMS-ASN-EXT-00004 Carton CNWH63180: Assigned=Received, Actual=Received, ReceivedQty=10
[2026-04-23 15:33:17] INFO: ASN WMS-ASN-EXT-00004 Carton CNWH63196: Assigned=Received, Actual=Received, ReceivedQty=10
[2026-04-23 15:33:17] INFO: ASN WMS-ASN-EXT-00004 Carton CNWH63197: Assigned=Received, Actual=Received, ReceivedQty=10
[2026-04-23 15:33:17] INFO: ASN WMS-ASN-EXT-00004 Carton CNWH63198: Assigned=Received, Actual=Received, ReceivedQty=10
[2026-04-23 15:33:17] INFO: ASN WMS-ASN-EXT-00004 Carton CNWH63199: Assigned=Received, Actual=Received, ReceivedQty=10
[2026-04-23 15:33:17] INFO: ASN WMS-ASN-EXT-00004 Carton CNWH63200: Assigned=Received, Actual=Received, ReceivedQty=10
[2026-04-23 15:33:17] INFO: ASN WMS-ASN-EXT-00004 Carton CNWH63266: Assigned=Received, Actual=Received, ReceivedQty=10
[2026-04-23 15:33:17] INFO: ASN WMS-ASN-EXT-00004 Carton CNWH63268: Assigned=Received, Actual=Received, ReceivedQty=10
[2026-04-23 15:33:17] INFO: ASN WMS-ASN-EXT-00004 Carton CNWH63269: Assigned=Received, Actual=Received, ReceivedQty=10
[2026-04-23 15:33:17] INFO: ASN WMS-ASN-EXT-00004 Carton CNWH63270: Assigned=Received, Actual=Received, ReceivedQty=10
[2026-04-23 15:33:17] INFO: ASN WMS-ASN-EXT-00004 Carton CNWH63271: Assigned=Received, Actual=Received, ReceivedQty=10
[2026-04-23 15:33:17] INFO: ASN WMS-ASN-EXT-00004 Carton CNWH63272: Assigned=Received, Actual=Received, ReceivedQty=10
[2026-04-23 15:33:17] INFO: ASN WMS-ASN-EXT-00004 Carton CNWH63275: Assigned=Received, Actual=Received, ReceivedQty=10
[2026-04-23 15:33:17] INFO: ASN WMS-ASN-EXT-00004 Carton CNWH63277: Assigned=Received, Actual=Received, ReceivedQty=10
[2026-04-23 15:33:17] INFO: ASN WMS-ASN-EXT-00004 Carton CNWH63280: Assigned=Received, Actual=Received, ReceivedQty=10
[2026-04-23 15:33:17] INFO: ASN WMS-ASN-EXT-00004 Carton CNWH63282: Assigned=Received, Actual=Received, ReceivedQty=10
[2026-04-23 15:33:17] INFO: ASN WMS-ASN-EXT-00004 Carton CNWH63283: Assigned=Received, Actual=Received, ReceivedQty=10
[2026-04-23 15:33:17] INFO: ASN WMS-ASN-EXT-00004 Carton CNWH63284: Assigned=Received, Actual=Received, ReceivedQty=10
[2026-04-23 15:33:17] INFO: ASN WMS-ASN-EXT-00004 Carton CNWH63285: Assigned=Received, Actual=Received, ReceivedQty=10
[2026-04-23 15:33:17] INFO: ASN WMS-ASN-EXT-00004 Carton CNWH63286: Assigned=Received, Actual=Received, ReceivedQty=10
[2026-04-23 15:33:17] INFO: ASN WMS-ASN-EXT-00004 Carton CNWH63287: Assigned=Received, Actual=Received, ReceivedQty=10
[2026-04-23 15:33:17] INFO: ASN WMS-ASN-EXT-00004 Carton CNWH63288: Assigned=Received, Actual=Received, ReceivedQty=10
[2026-04-23 15:33:17] INFO: ASN WMS-ASN-EXT-00004 Carton CNWH63289: Assigned=Received, Actual=Received, ReceivedQty=10
[2026-04-23 15:33:17] INFO: ASN WMS-ASN-EXT-00004 Carton CNWH63441: Assigned=Received, Actual=Received, ReceivedQty=10
[2026-04-23 15:33:17] INFO: ASN WMS-ASN-EXT-00004 Carton CNWH63442: Assigned=Received, Actual=Received, ReceivedQty=10
[2026-04-23 15:33:17] INFO: ASN WMS-ASN-EXT-00004 Carton CNWH63444: Assigned=Received, Actual=Received, ReceivedQty=10
[2026-04-23 15:33:17] INFO: ASN WMS-ASN-EXT-00004 Carton CNWH63446: Assigned=Received, Actual=Received, ReceivedQty=10
[2026-04-23 15:33:17] INFO: ASN WMS-ASN-EXT-00004 Carton CNWH63448: Assigned=Received, Actual=Received, ReceivedQty=10
[2026-04-23 15:33:17] INFO: ASN WMS-ASN-EXT-00004 Carton CNWH65363: Assigned=Received, Actual=Received, ReceivedQty=10
[2026-04-23 15:33:17] INFO: ASN WMS-ASN-EXT-00004 Carton CNWH63179: Assigned=Received, Actual=Received, ReceivedQty=10
[2026-04-23 15:33:17] INFO: ASN WMS-ASN-EXT-00004 Carton CNWH63180: Assigned=Received, Actual=Received, ReceivedQty=10
[2026-04-23 15:33:17] INFO: ASN WMS-ASN-EXT-00004 Carton CNWH63196: Assigned=Received, Actual=Received, ReceivedQty=10
[2026-04-23 15:33:17] INFO: ASN WMS-ASN-EXT-00004 Carton CNWH63197: Assigned=Received, Actual=Received, ReceivedQty=10
[2026-04-23 15:33:17] INFO: ASN WMS-ASN-EXT-00004 Carton CNWH63198: Assigned=Received, Actual=Received, ReceivedQty=10
[2026-04-23 15:33:17] INFO: ASN WMS-ASN-EXT-00004 Carton CNWH63199: Assigned=Received, Actual=Received, ReceivedQty=10
[2026-04-23 15:33:17] INFO: ASN WMS-ASN-EXT-00004 Carton CNWH63200: Assigned=Received, Actual=Received, ReceivedQty=10
[2026-04-23 15:33:17] INFO: ASN WMS-ASN-EXT-00004 Carton CNWH63266: Assigned=Received, Actual=Received, ReceivedQty=10
[2026-04-23 15:33:17] INFO: ASN WMS-ASN-EXT-00004 Carton CNWH63268: Assigned=Received, Actual=Received, ReceivedQty=10
[2026-04-23 15:33:17] INFO: ASN WMS-ASN-EXT-00004 Carton CNWH63269: Assigned=Received, Actual=Received, ReceivedQty=10
[2026-04-23 15:33:17] INFO: ASN WMS-ASN-EXT-00004 Carton CNWH63270: Assigned=Received, Actual=Received, ReceivedQty=10
[2026-04-23 15:33:17] INFO: ASN WMS-ASN-EXT-00004 Carton CNWH63271: Assigned=Received, Actual=Received, ReceivedQty=10
[2026-04-23 15:33:17] INFO: ASN WMS-ASN-EXT-00004 Carton CNWH63272: Assigned=Received, Actual=Received, ReceivedQty=10
[2026-04-23 15:33:17] INFO: ASN WMS-ASN-EXT-00004 Carton CNWH63275: Assigned=Received, Actual=Received, ReceivedQty=10
[2026-04-23 15:33:17] INFO: ASN WMS-ASN-EXT-00004 Carton CNWH63277: Assigned=Received, Actual=Received, ReceivedQty=10
[2026-04-23 15:33:17] INFO: ASN WMS-ASN-EXT-00004 Carton CNWH63280: Assigned=Received, Actual=Received, ReceivedQty=10
[2026-04-23 15:33:17] INFO: ASN WMS-ASN-EXT-00004 Carton CNWH63282: Assigned=Received, Actual=Received, ReceivedQty=10
[2026-04-23 15:33:17] INFO: ASN WMS-ASN-EXT-00004 Carton CNWH63283: Assigned=Received, Actual=Received, ReceivedQty=10
[2026-04-23 15:33:17] INFO: ASN WMS-ASN-EXT-00004 Carton CNWH63284: Assigned=Received, Actual=Received, ReceivedQty=10
[2026-04-23 15:33:17] INFO: ASN WMS-ASN-EXT-00004 Carton CNWH63285: Assigned=Received, Actual=Received, ReceivedQty=10
[2026-04-23 15:33:17] INFO: ASN WMS-ASN-EXT-00004 Carton CNWH63286: Assigned=Received, Actual=Received, ReceivedQty=10
[2026-04-23 15:33:17] INFO: ASN WMS-ASN-EXT-00004 Carton CNWH63287: Assigned=Received, Actual=Received, ReceivedQty=10
[2026-04-23 15:33:17] INFO: ASN WMS-ASN-EXT-00004 Carton CNWH63288: Assigned=Received, Actual=Received, ReceivedQty=10
[2026-04-23 15:33:17] INFO: ASN WMS-ASN-EXT-00004 Carton CNWH63289: Assigned=Received, Actual=Received, ReceivedQty=10
[2026-04-23 15:33:17] INFO: ASN WMS-ASN-EXT-00004 Carton CNWH63441: Assigned=Received, Actual=Received, ReceivedQty=10
[2026-04-23 15:33:17] INFO: ASN WMS-ASN-EXT-00004 Carton CNWH63442: Assigned=Received, Actual=Received, ReceivedQty=10
[2026-04-23 15:33:17] INFO: ASN WMS-ASN-EXT-00004 Carton CNWH65363: Assigned=Received, Actual=Received, ReceivedQty=10
[2026-04-23 15:33:17] INFO: ASN WMS-ASN-EXT-00004 Carton CNWH63502: Assigned=Received, Actual=Received, ReceivedQty=10
[2026-04-23 15:33:17] INFO: ASN WMS-ASN-EXT-00004 Carton CNWH63502: Assigned=Received, Actual=Received, ReceivedQty=10
[2026-04-23 15:33:17] INFO: ASN WMS-ASN-EXT-00004 Carton CNWH64607: Assigned=Received, Actual=Received, ReceivedQty=10
[2026-04-23 15:33:32] INFO: AuthService: Attempting login to http://localhost:3000/api/auth/login for user sysadmin
[2026-04-23 15:33:34] INFO: AuthService: Login response status: OK
[2026-04-23 15:33:34] INFO: AuthService: Login successful for user sysadmin
[2026-04-23 15:33:37] INFO: ASN ASN-0001 Carton CNWH12858: Assigned=Assigned, Actual=Assigned, ReceivedQty=0
[2026-04-23 15:33:37] INFO: ASN ASN-0001 Carton CNWH12854: Assigned=Assigned, Actual=Assigned, ReceivedQty=0
[2026-04-23 15:33:37] INFO: ASN ASN-0001 Carton CNWH15390: Assigned=Assigned, Actual=Assigned, ReceivedQty=0
[2026-04-23 15:33:37] INFO: ASN ASN-0001 Carton CNWH42441: Assigned=Assigned, Actual=Assigned, ReceivedQty=0
[2026-04-23 15:33:37] INFO: ASN ASN-0001 Carton CNWH64571: Assigned=Assigned, Actual=Assigned, ReceivedQty=0
[2026-04-23 15:33:37] INFO: ASN ASN-0001 Carton CNWH64521: Assigned=Assigned, Actual=Assigned, ReceivedQty=0
[2026-04-23 15:33:37] INFO: ASN ASN-0001 Carton CNWH63561: Assigned=Assigned, Actual=Assigned, ReceivedQty=0
[2026-04-23 15:33:37] INFO: ASN ASN-0001 Carton CNWH63609: Assigned=Assigned, Actual=Assigned, ReceivedQty=0
[2026-04-23 15:33:37] INFO: ASN WMS-ASN-EXT-00004 Carton CNWH63179: Assigned=Received, Actual=Received, ReceivedQty=10
[2026-04-23 15:33:37] INFO: ASN WMS-ASN-EXT-00004 Carton CNWH63180: Assigned=Received, Actual=Received, ReceivedQty=10
[2026-04-23 15:33:37] INFO: ASN WMS-ASN-EXT-00004 Carton CNWH63196: Assigned=Received, Actual=Received, ReceivedQty=10
[2026-04-23 15:33:37] INFO: ASN WMS-ASN-EXT-00004 Carton CNWH63197: Assigned=Received, Actual=Received, ReceivedQty=10
[2026-04-23 15:33:37] INFO: ASN WMS-ASN-EXT-00004 Carton CNWH63198: Assigned=Received, Actual=Received, ReceivedQty=10
[2026-04-23 15:33:37] INFO: ASN WMS-ASN-EXT-00004 Carton CNWH63199: Assigned=Received, Actual=Received, ReceivedQty=10
[2026-04-23 15:33:37] INFO: ASN WMS-ASN-EXT-00004 Carton CNWH63200: Assigned=Received, Actual=Received, ReceivedQty=10
[2026-04-23 15:33:37] INFO: ASN WMS-ASN-EXT-00004 Carton CNWH63266: Assigned=Received, Actual=Received, ReceivedQty=10
[2026-04-23 15:33:37] INFO: ASN WMS-ASN-EXT-00004 Carton CNWH63268: Assigned=Received, Actual=Received, ReceivedQty=10
[2026-04-23 15:33:37] INFO: ASN WMS-ASN-EXT-00004 Carton CNWH63269: Assigned=Received, Actual=Received, ReceivedQty=10
[2026-04-23 15:33:37] INFO: ASN WMS-ASN-EXT-00004 Carton CNWH63270: Assigned=Received, Actual=Received, ReceivedQty=10
[2026-04-23 15:33:37] INFO: ASN WMS-ASN-EXT-00004 Carton CNWH63271: Assigned=Received, Actual=Received, ReceivedQty=10
[2026-04-23 15:33:37] INFO: ASN WMS-ASN-EXT-00004 Carton CNWH63272: Assigned=Received, Actual=Received, ReceivedQty=10
[2026-04-23 15:33:37] INFO: ASN WMS-ASN-EXT-00004 Carton CNWH63275: Assigned=Received, Actual=Received, ReceivedQty=10
[2026-04-23 15:33:37] INFO: ASN WMS-ASN-EXT-00004 Carton CNWH63277: Assigned=Received, Actual=Received, ReceivedQty=10
[2026-04-23 15:33:37] INFO: ASN WMS-ASN-EXT-00004 Carton CNWH63280: Assigned=Received, Actual=Received, ReceivedQty=10
[2026-04-23 15:33:37] INFO: ASN WMS-ASN-EXT-00004 Carton CNWH63282: Assigned=Received, Actual=Received, ReceivedQty=10
[2026-04-23 15:33:37] INFO: ASN WMS-ASN-EXT-00004 Carton CNWH63283: Assigned=Received, Actual=Received, ReceivedQty=10
[2026-04-23 15:33:37] INFO: ASN WMS-ASN-EXT-00004 Carton CNWH63284: Assigned=Received, Actual=Received, ReceivedQty=10
[2026-04-23 15:33:37] INFO: ASN WMS-ASN-EXT-00004 Carton CNWH63285: Assigned=Received, Actual=Received, ReceivedQty=10
[2026-04-23 15:33:37] INFO: ASN WMS-ASN-EXT-00004 Carton CNWH63286: Assigned=Received, Actual=Received, ReceivedQty=10
[2026-04-23 15:33:37] INFO: ASN WMS-ASN-EXT-00004 Carton CNWH63287: Assigned=Received, Actual=Received, ReceivedQty=10
[2026-04-23 15:33:37] INFO: ASN WMS-ASN-EXT-00004 Carton CNWH63288: Assigned=Received, Actual=Received, ReceivedQty=10
[2026-04-23 15:33:37] INFO: ASN WMS-ASN-EXT-00004 Carton CNWH63289: Assigned=Received, Actual=Received, ReceivedQty=10
[2026-04-23 15:33:37] INFO: ASN WMS-ASN-EXT-00004 Carton CNWH63441: Assigned=Received, Actual=Received, ReceivedQty=10
[2026-04-23 15:33:37] INFO: ASN WMS-ASN-EXT-00004 Carton CNWH63442: Assigned=Received, Actual=Received, ReceivedQty=10
[2026-04-23 15:33:37] INFO: ASN WMS-ASN-EXT-00004 Carton CNWH63444: Assigned=Received, Actual=Received, ReceivedQty=10
[2026-04-23 15:33:37] INFO: ASN WMS-ASN-EXT-00004 Carton CNWH63446: Assigned=Received, Actual=Received, ReceivedQty=10
[2026-04-23 15:33:37] INFO: ASN WMS-ASN-EXT-00004 Carton CNWH63448: Assigned=Received, Actual=Received, ReceivedQty=10
[2026-04-23 15:33:37] INFO: ASN WMS-ASN-EXT-00004 Carton CNWH65363: Assigned=Received, Actual=Received, ReceivedQty=10
[2026-04-23 15:33:37] INFO: ASN WMS-ASN-EXT-00004 Carton CNWH63179: Assigned=Received, Actual=Received, ReceivedQty=10
[2026-04-23 15:33:37] INFO: ASN WMS-ASN-EXT-00004 Carton CNWH63180: Assigned=Received, Actual=Received, ReceivedQty=10
[2026-04-23 15:33:37] INFO: ASN WMS-ASN-EXT-00004 Carton CNWH63196: Assigned=Received, Actual=Received, ReceivedQty=10
[2026-04-23 15:33:37] INFO: ASN WMS-ASN-EXT-00004 Carton CNWH63197: Assigned=Received, Actual=Received, ReceivedQty=10
[2026-04-23 15:33:37] INFO: ASN WMS-ASN-EXT-00004 Carton CNWH63198: Assigned=Received, Actual=Received, ReceivedQty=10
[2026-04-23 15:33:37] INFO: ASN WMS-ASN-EXT-00004 Carton CNWH63199: Assigned=Received, Actual=Received, ReceivedQty=10
[2026-04-23 15:33:37] INFO: ASN WMS-ASN-EXT-00004 Carton CNWH63200: Assigned=Received, Actual=Received, ReceivedQty=10
[2026-04-23 15:33:37] INFO: ASN WMS-ASN-EXT-00004 Carton CNWH63266: Assigned=Received, Actual=Received, ReceivedQty=10
[2026-04-23 15:33:37] INFO: ASN WMS-ASN-EXT-00004 Carton CNWH63268: Assigned=Received, Actual=Received, ReceivedQty=10
[2026-04-23 15:33:37] INFO: ASN WMS-ASN-EXT-00004 Carton CNWH63269: Assigned=Received, Actual=Received, ReceivedQty=10
[2026-04-23 15:33:37] INFO: ASN WMS-ASN-EXT-00004 Carton CNWH63270: Assigned=Received, Actual=Received, ReceivedQty=10
[2026-04-23 15:33:37] INFO: ASN WMS-ASN-EXT-00004 Carton CNWH63271: Assigned=Received, Actual=Received, ReceivedQty=10
[2026-04-23 15:33:37] INFO: ASN WMS-ASN-EXT-00004 Carton CNWH63272: Assigned=Received, Actual=Received, ReceivedQty=10
[2026-04-23 15:33:37] INFO: ASN WMS-ASN-EXT-00004 Carton CNWH63275: Assigned=Received, Actual=Received, ReceivedQty=10
[2026-04-23 15:33:37] INFO: ASN WMS-ASN-EXT-00004 Carton CNWH63277: Assigned=Received, Actual=Received, ReceivedQty=10
[2026-04-23 15:33:37] INFO: ASN WMS-ASN-EXT-00004 Carton CNWH63280: Assigned=Received, Actual=Received, ReceivedQty=10
[2026-04-23 15:33:37] INFO: ASN WMS-ASN-EXT-00004 Carton CNWH63282: Assigned=Received, Actual=Received, ReceivedQty=10
[2026-04-23 15:33:37] INFO: ASN WMS-ASN-EXT-00004 Carton CNWH63283: Assigned=Received, Actual=Received, ReceivedQty=10
[2026-04-23 15:33:37] INFO: ASN WMS-ASN-EXT-00004 Carton CNWH63284: Assigned=Received, Actual=Received, ReceivedQty=10
[2026-04-23 15:33:37] INFO: ASN WMS-ASN-EXT-00004 Carton CNWH63285: Assigned=Received, Actual=Received, ReceivedQty=10
[2026-04-23 15:33:37] INFO: ASN WMS-ASN-EXT-00004 Carton CNWH63286: Assigned=Received, Actual=Received, ReceivedQty=10
[2026-04-23 15:33:37] INFO: ASN WMS-ASN-EXT-00004 Carton CNWH63287: Assigned=Received, Actual=Received, ReceivedQty=10
[2026-04-23 15:33:37] INFO: ASN WMS-ASN-EXT-00004 Carton CNWH63288: Assigned=Received, Actual=Received, ReceivedQty=10
[2026-04-23 15:33:37] INFO: ASN WMS-ASN-EXT-00004 Carton CNWH63289: Assigned=Received, Actual=Received, ReceivedQty=10
[2026-04-23 15:33:37] INFO: ASN WMS-ASN-EXT-00004 Carton CNWH63441: Assigned=Received, Actual=Received, ReceivedQty=10
[2026-04-23 15:33:37] INFO: ASN WMS-ASN-EXT-00004 Carton CNWH63442: Assigned=Received, Actual=Received, ReceivedQty=10
[2026-04-23 15:33:37] INFO: ASN WMS-ASN-EXT-00004 Carton CNWH65363: Assigned=Received, Actual=Received, ReceivedQty=10
[2026-04-23 15:33:37] INFO: ASN WMS-ASN-EXT-00004 Carton CNWH63502: Assigned=Received, Actual=Received, ReceivedQty=10
[2026-04-23 15:33:37] INFO: ASN WMS-ASN-EXT-00004 Carton CNWH63502: Assigned=Received, Actual=Received, ReceivedQty=10
[2026-04-23 15:33:37] INFO: ASN WMS-ASN-EXT-00004 Carton CNWH64607: Assigned=Received, Actual=Received, ReceivedQty=10
[2026-04-23 15:33:39] INFO: ASN ASN-0001 Carton CNWH12858: Assigned=Assigned, Actual=Assigned, ReceivedQty=0
[2026-04-23 15:33:39] INFO: ASN ASN-0001 Carton CNWH12854: Assigned=Assigned, Actual=Assigned, ReceivedQty=0
[2026-04-23 15:33:39] INFO: ASN ASN-0001 Carton CNWH15390: Assigned=Assigned, Actual=Assigned, ReceivedQty=0
[2026-04-23 15:33:39] INFO: ASN ASN-0001 Carton CNWH42441: Assigned=Assigned, Actual=Assigned, ReceivedQty=0
[2026-04-23 15:33:39] INFO: ASN ASN-0001 Carton CNWH64571: Assigned=Assigned, Actual=Assigned, ReceivedQty=0
[2026-04-23 15:33:39] INFO: ASN ASN-0001 Carton CNWH64521: Assigned=Assigned, Actual=Assigned, ReceivedQty=0
[2026-04-23 15:33:39] INFO: ASN ASN-0001 Carton CNWH63561: Assigned=Assigned, Actual=Assigned, ReceivedQty=0
[2026-04-23 15:33:39] INFO: ASN ASN-0001 Carton CNWH63609: Assigned=Assigned, Actual=Assigned, ReceivedQty=0
[2026-04-23 15:33:39] INFO: ASN WMS-ASN-EXT-00004 Carton CNWH63179: Assigned=Received, Actual=Received, ReceivedQty=10
[2026-04-23 15:33:39] INFO: ASN WMS-ASN-EXT-00004 Carton CNWH63180: Assigned=Received, Actual=Received, ReceivedQty=10
[2026-04-23 15:33:39] INFO: ASN WMS-ASN-EXT-00004 Carton CNWH63196: Assigned=Received, Actual=Received, ReceivedQty=10
[2026-04-23 15:33:39] INFO: ASN WMS-ASN-EXT-00004 Carton CNWH63197: Assigned=Received, Actual=Received, ReceivedQty=10
[2026-04-23 15:33:39] INFO: ASN WMS-ASN-EXT-00004 Carton CNWH63198: Assigned=Received, Actual=Received, ReceivedQty=10
[2026-04-23 15:33:39] INFO: ASN WMS-ASN-EXT-00004 Carton CNWH63199: Assigned=Received, Actual=Received, ReceivedQty=10
[2026-04-23 15:33:39] INFO: ASN WMS-ASN-EXT-00004 Carton CNWH63200: Assigned=Received, Actual=Received, ReceivedQty=10
[2026-04-23 15:33:39] INFO: ASN WMS-ASN-EXT-00004 Carton CNWH63266: Assigned=Received, Actual=Received, ReceivedQty=10
[2026-04-23 15:33:39] INFO: ASN WMS-ASN-EXT-00004 Carton CNWH63268: Assigned=Received, Actual=Received, ReceivedQty=10
[2026-04-23 15:33:39] INFO: ASN WMS-ASN-EXT-00004 Carton CNWH63269: Assigned=Received, Actual=Received, ReceivedQty=10
[2026-04-23 15:33:39] INFO: ASN WMS-ASN-EXT-00004 Carton CNWH63270: Assigned=Received, Actual=Received, ReceivedQty=10
[2026-04-23 15:33:39] INFO: ASN WMS-ASN-EXT-00004 Carton CNWH63271: Assigned=Received, Actual=Received, ReceivedQty=10
[2026-04-23 15:33:39] INFO: ASN WMS-ASN-EXT-00004 Carton CNWH63272: Assigned=Received, Actual=Received, ReceivedQty=10
[2026-04-23 15:33:39] INFO: ASN WMS-ASN-EXT-00004 Carton CNWH63275: Assigned=Received, Actual=Received, ReceivedQty=10
[2026-04-23 15:33:39] INFO: ASN WMS-ASN-EXT-00004 Carton CNWH63277: Assigned=Received, Actual=Received, ReceivedQty=10
[2026-04-23 15:33:39] INFO: ASN WMS-ASN-EXT-00004 Carton CNWH63280: Assigned=Received, Actual=Received, ReceivedQty=10
[2026-04-23 15:33:39] INFO: ASN WMS-ASN-EXT-00004 Carton CNWH63282: Assigned=Received, Actual=Received, ReceivedQty=10
[2026-04-23 15:33:39] INFO: ASN WMS-ASN-EXT-00004 Carton CNWH63283: Assigned=Received, Actual=Received, ReceivedQty=10
[2026-04-23 15:33:39] INFO: ASN WMS-ASN-EXT-00004 Carton CNWH63284: Assigned=Received, Actual=Received, ReceivedQty=10
[2026-04-23 15:33:39] INFO: ASN WMS-ASN-EXT-00004 Carton CNWH63285: Assigned=Received, Actual=Received, ReceivedQty=10
[2026-04-23 15:33:39] INFO: ASN WMS-ASN-EXT-00004 Carton CNWH63286: Assigned=Received, Actual=Received, ReceivedQty=10
[2026-04-23 15:33:39] INFO: ASN WMS-ASN-EXT-00004 Carton CNWH63287: Assigned=Received, Actual=Received, ReceivedQty=10
[2026-04-23 15:33:39] INFO: ASN WMS-ASN-EXT-00004 Carton CNWH63288: Assigned=Received, Actual=Received, ReceivedQty=10
[2026-04-23 15:33:39] INFO: ASN WMS-ASN-EXT-00004 Carton CNWH63289: Assigned=Received, Actual=Received, ReceivedQty=10
[2026-04-23 15:33:39] INFO: ASN WMS-ASN-EXT-00004 Carton CNWH63441: Assigned=Received, Actual=Received, ReceivedQty=10
[2026-04-23 15:33:39] INFO: ASN WMS-ASN-EXT-00004 Carton CNWH63442: Assigned=Received, Actual=Received, ReceivedQty=10
[2026-04-23 15:33:39] INFO: ASN WMS-ASN-EXT-00004 Carton CNWH63444: Assigned=Received, Actual=Received, ReceivedQty=10
[2026-04-23 15:33:39] INFO: ASN WMS-ASN-EXT-00004 Carton CNWH63446: Assigned=Received, Actual=Received, ReceivedQty=10
[2026-04-23 15:33:39] INFO: ASN WMS-ASN-EXT-00004 Carton CNWH63448: Assigned=Received, Actual=Received, ReceivedQty=10
[2026-04-23 15:33:39] INFO: ASN WMS-ASN-EXT-00004 Carton CNWH65363: Assigned=Received, Actual=Received, ReceivedQty=10
[2026-04-23 15:33:39] INFO: ASN WMS-ASN-EXT-00004 Carton CNWH63179: Assigned=Received, Actual=Received, ReceivedQty=10
[2026-04-23 15:33:39] INFO: ASN WMS-ASN-EXT-00004 Carton CNWH63180: Assigned=Received, Actual=Received, ReceivedQty=10
[2026-04-23 15:33:39] INFO: ASN WMS-ASN-EXT-00004 Carton CNWH63196: Assigned=Received, Actual=Received, ReceivedQty=10
[2026-04-23 15:33:39] INFO: ASN WMS-ASN-EXT-00004 Carton CNWH63197: Assigned=Received, Actual=Received, ReceivedQty=10
[2026-04-23 15:33:39] INFO: ASN WMS-ASN-EXT-00004 Carton CNWH63198: Assigned=Received, Actual=Received, ReceivedQty=10
[2026-04-23 15:33:39] INFO: ASN WMS-ASN-EXT-00004 Carton CNWH63199: Assigned=Received, Actual=Received, ReceivedQty=10
[2026-04-23 15:33:39] INFO: ASN WMS-ASN-EXT-00004 Carton CNWH63200: Assigned=Received, Actual=Received, ReceivedQty=10
[2026-04-23 15:33:39] INFO: ASN WMS-ASN-EXT-00004 Carton CNWH63266: Assigned=Received, Actual=Received, ReceivedQty=10
[2026-04-23 15:33:39] INFO: ASN WMS-ASN-EXT-00004 Carton CNWH63268: Assigned=Received, Actual=Received, ReceivedQty=10
[2026-04-23 15:33:39] INFO: ASN WMS-ASN-EXT-00004 Carton CNWH63269: Assigned=Received, Actual=Received, ReceivedQty=10
[2026-04-23 15:33:39] INFO: ASN WMS-ASN-EXT-00004 Carton CNWH63270: Assigned=Received, Actual=Received, ReceivedQty=10
[2026-04-23 15:33:39] INFO: ASN WMS-ASN-EXT-00004 Carton CNWH63271: Assigned=Received, Actual=Received, ReceivedQty=10
[2026-04-23 15:33:39] INFO: ASN WMS-ASN-EXT-00004 Carton CNWH63272: Assigned=Received, Actual=Received, ReceivedQty=10
[2026-04-23 15:33:39] INFO: ASN WMS-ASN-EXT-00004 Carton CNWH63275: Assigned=Received, Actual=Received, ReceivedQty=10
[2026-04-23 15:33:39] INFO: ASN WMS-ASN-EXT-00004 Carton CNWH63277: Assigned=Received, Actual=Received, ReceivedQty=10
[2026-04-23 15:33:39] INFO: ASN WMS-ASN-EXT-00004 Carton CNWH63280: Assigned=Received, Actual=Received, ReceivedQty=10
[2026-04-23 15:33:39] INFO: ASN WMS-ASN-EXT-00004 Carton CNWH63282: Assigned=Received, Actual=Received, ReceivedQty=10
[2026-04-23 15:33:39] INFO: ASN WMS-ASN-EXT-00004 Carton CNWH63283: Assigned=Received, Actual=Received, ReceivedQty=10
[2026-04-23 15:33:39] INFO: ASN WMS-ASN-EXT-00004 Carton CNWH63284: Assigned=Received, Actual=Received, ReceivedQty=10
[2026-04-23 15:33:39] INFO: ASN WMS-ASN-EXT-00004 Carton CNWH63285: Assigned=Received, Actual=Received, ReceivedQty=10
[2026-04-23 15:33:39] INFO: ASN WMS-ASN-EXT-00004 Carton CNWH63286: Assigned=Received, Actual=Received, ReceivedQty=10
[2026-04-23 15:33:39] INFO: ASN WMS-ASN-EXT-00004 Carton CNWH63287: Assigned=Received, Actual=Received, ReceivedQty=10
[2026-04-23 15:33:39] INFO: ASN WMS-ASN-EXT-00004 Carton CNWH63288: Assigned=Received, Actual=Received, ReceivedQty=10
[2026-04-23 15:33:39] INFO: ASN WMS-ASN-EXT-00004 Carton CNWH63289: Assigned=Received, Actual=Received, ReceivedQty=10
[2026-04-23 15:33:39] INFO: ASN WMS-ASN-EXT-00004 Carton CNWH63441: Assigned=Received, Actual=Received, ReceivedQty=10
[2026-04-23 15:33:39] INFO: ASN WMS-ASN-EXT-00004 Carton CNWH63442: Assigned=Received, Actual=Received, ReceivedQty=10
[2026-04-23 15:33:39] INFO: ASN WMS-ASN-EXT-00004 Carton CNWH65363: Assigned=Received, Actual=Received, ReceivedQty=10
[2026-04-23 15:33:39] INFO: ASN WMS-ASN-EXT-00004 Carton CNWH63502: Assigned=Received, Actual=Received, ReceivedQty=10
[2026-04-23 15:33:39] INFO: ASN WMS-ASN-EXT-00004 Carton CNWH63502: Assigned=Received, Actual=Received, ReceivedQty=10
[2026-04-23 15:33:39] INFO: ASN WMS-ASN-EXT-00004 Carton CNWH64607: Assigned=Received, Actual=Received, ReceivedQty=10
[2026-04-23 15:33:39] INFO: ASN ASN-0001 Carton CNWH12858: Assigned=Assigned, Actual=Assigned, ReceivedQty=0
[2026-04-23 15:33:39] INFO: ASN ASN-0001 Carton CNWH12854: Assigned=Assigned, Actual=Assigned, ReceivedQty=0
[2026-04-23 15:33:39] INFO: ASN ASN-0001 Carton CNWH15390: Assigned=Assigned, Actual=Assigned, ReceivedQty=0
[2026-04-23 15:33:39] INFO: ASN ASN-0001 Carton CNWH42441: Assigned=Assigned, Actual=Assigned, ReceivedQty=0
[2026-04-23 15:33:39] INFO: ASN ASN-0001 Carton CNWH64571: Assigned=Assigned, Actual=Assigned, ReceivedQty=0
[2026-04-23 15:33:39] INFO: ASN ASN-0001 Carton CNWH64521: Assigned=Assigned, Actual=Assigned, ReceivedQty=0
[2026-04-23 15:33:39] INFO: ASN ASN-0001 Carton CNWH63561: Assigned=Assigned, Actual=Assigned, ReceivedQty=0
[2026-04-23 15:33:39] INFO: ASN ASN-0001 Carton CNWH63609: Assigned=Assigned, Actual=Assigned, ReceivedQty=0
[2026-04-23 15:33:39] INFO: ASN WMS-ASN-EXT-00004 Carton CNWH63179: Assigned=Received, Actual=Received, ReceivedQty=10
[2026-04-23 15:33:39] INFO: ASN WMS-ASN-EXT-00004 Carton CNWH63180: Assigned=Received, Actual=Received, ReceivedQty=10
[2026-04-23 15:33:39] INFO: ASN WMS-ASN-EXT-00004 Carton CNWH63196: Assigned=Received, Actual=Received, ReceivedQty=10
[2026-04-23 15:33:39] INFO: ASN WMS-ASN-EXT-00004 Carton CNWH63197: Assigned=Received, Actual=Received, ReceivedQty=10
[2026-04-23 15:33:39] INFO: ASN WMS-ASN-EXT-00004 Carton CNWH63198: Assigned=Received, Actual=Received, ReceivedQty=10
[2026-04-23 15:33:39] INFO: ASN WMS-ASN-EXT-00004 Carton CNWH63199: Assigned=Received, Actual=Received, ReceivedQty=10
[2026-04-23 15:33:39] INFO: ASN WMS-ASN-EXT-00004 Carton CNWH63200: Assigned=Received, Actual=Received, ReceivedQty=10
[2026-04-23 15:33:39] INFO: ASN WMS-ASN-EXT-00004 Carton CNWH63266: Assigned=Received, Actual=Received, ReceivedQty=10
[2026-04-23 15:33:39] INFO: ASN WMS-ASN-EXT-00004 Carton CNWH63268: Assigned=Received, Actual=Received, ReceivedQty=10
[2026-04-23 15:33:39] INFO: ASN WMS-ASN-EXT-00004 Carton CNWH63269: Assigned=Received, Actual=Received, ReceivedQty=10
[2026-04-23 15:33:39] INFO: ASN WMS-ASN-EXT-00004 Carton CNWH63270: Assigned=Received, Actual=Received, ReceivedQty=10
[2026-04-23 15:33:39] INFO: ASN WMS-ASN-EXT-00004 Carton CNWH63271: Assigned=Received, Actual=Received, ReceivedQty=10
[2026-04-23 15:33:39] INFO: ASN WMS-ASN-EXT-00004 Carton CNWH63272: Assigned=Received, Actual=Received, ReceivedQty=10
[2026-04-23 15:33:39] INFO: ASN WMS-ASN-EXT-00004 Carton CNWH63275: Assigned=Received, Actual=Received, ReceivedQty=10
[2026-04-23 15:33:39] INFO: ASN WMS-ASN-EXT-00004 Carton CNWH63277: Assigned=Received, Actual=Received, ReceivedQty=10
[2026-04-23 15:33:39] INFO: ASN WMS-ASN-EXT-00004 Carton CNWH63280: Assigned=Received, Actual=Received, ReceivedQty=10
[2026-04-23 15:33:39] INFO: ASN WMS-ASN-EXT-00004 Carton CNWH63282: Assigned=Received, Actual=Received, ReceivedQty=10
[2026-04-23 15:33:39] INFO: ASN WMS-ASN-EXT-00004 Carton CNWH63283: Assigned=Received, Actual=Received, ReceivedQty=10
[2026-04-23 15:33:39] INFO: ASN WMS-ASN-EXT-00004 Carton CNWH63284: Assigned=Received, Actual=Received, ReceivedQty=10
[2026-04-23 15:33:39] INFO: ASN WMS-ASN-EXT-00004 Carton CNWH63285: Assigned=Received, Actual=Received, ReceivedQty=10
[2026-04-23 15:33:39] INFO: ASN WMS-ASN-EXT-00004 Carton CNWH63286: Assigned=Received, Actual=Received, ReceivedQty=10
[2026-04-23 15:33:39] INFO: ASN WMS-ASN-EXT-00004 Carton CNWH63287: Assigned=Received, Actual=Received, ReceivedQty=10
[2026-04-23 15:33:39] INFO: ASN WMS-ASN-EXT-00004 Carton CNWH63288: Assigned=Received, Actual=Received, ReceivedQty=10
[2026-04-23 15:33:39] INFO: ASN WMS-ASN-EXT-00004 Carton CNWH63289: Assigned=Received, Actual=Received, ReceivedQty=10
[2026-04-23 15:33:39] INFO: ASN WMS-ASN-EXT-00004 Carton CNWH63441: Assigned=Received, Actual=Received, ReceivedQty=10
[2026-04-23 15:33:39] INFO: ASN WMS-ASN-EXT-00004 Carton CNWH63442: Assigned=Received, Actual=Received, ReceivedQty=10
[2026-04-23 15:33:39] INFO: ASN WMS-ASN-EXT-00004 Carton CNWH63444: Assigned=Received, Actual=Received, ReceivedQty=10
[2026-04-23 15:33:39] INFO: ASN WMS-ASN-EXT-00004 Carton CNWH63446: Assigned=Received, Actual=Received, ReceivedQty=10
[2026-04-23 15:33:39] INFO: ASN WMS-ASN-EXT-00004 Carton CNWH63448: Assigned=Received, Actual=Received, ReceivedQty=10
[2026-04-23 15:33:39] INFO: ASN WMS-ASN-EXT-00004 Carton CNWH65363: Assigned=Received, Actual=Received, ReceivedQty=10
[2026-04-23 15:33:39] INFO: ASN WMS-ASN-EXT-00004 Carton CNWH63179: Assigned=Received, Actual=Received, ReceivedQty=10
[2026-04-23 15:33:39] INFO: ASN WMS-ASN-EXT-00004 Carton CNWH63180: Assigned=Received, Actual=Received, ReceivedQty=10
[2026-04-23 15:33:39] INFO: ASN WMS-ASN-EXT-00004 Carton CNWH63196: Assigned=Received, Actual=Received, ReceivedQty=10
[2026-04-23 15:33:39] INFO: ASN WMS-ASN-EXT-00004 Carton CNWH63197: Assigned=Received, Actual=Received, ReceivedQty=10
[2026-04-23 15:33:39] INFO: ASN WMS-ASN-EXT-00004 Carton CNWH63198: Assigned=Received, Actual=Received, ReceivedQty=10
[2026-04-23 15:33:39] INFO: ASN WMS-ASN-EXT-00004 Carton CNWH63199: Assigned=Received, Actual=Received, ReceivedQty=10
[2026-04-23 15:33:39] INFO: ASN WMS-ASN-EXT-00004 Carton CNWH63200: Assigned=Received, Actual=Received, ReceivedQty=10
[2026-04-23 15:33:39] INFO: ASN WMS-ASN-EXT-00004 Carton CNWH63266: Assigned=Received, Actual=Received, ReceivedQty=10
[2026-04-23 15:33:39] INFO: ASN WMS-ASN-EXT-00004 Carton CNWH63268: Assigned=Received, Actual=Received, ReceivedQty=10
[2026-04-23 15:33:39] INFO: ASN WMS-ASN-EXT-00004 Carton CNWH63269: Assigned=Received, Actual=Received, ReceivedQty=10
[2026-04-23 15:33:39] INFO: ASN WMS-ASN-EXT-00004 Carton CNWH63270: Assigned=Received, Actual=Received, ReceivedQty=10
[2026-04-23 15:33:39] INFO: ASN WMS-ASN-EXT-00004 Carton CNWH63271: Assigned=Received, Actual=Received, ReceivedQty=10
[2026-04-23 15:33:39] INFO: ASN WMS-ASN-EXT-00004 Carton CNWH63272: Assigned=Received, Actual=Received, ReceivedQty=10
[2026-04-23 15:33:39] INFO: ASN WMS-ASN-EXT-00004 Carton CNWH63275: Assigned=Received, Actual=Received, ReceivedQty=10
[2026-04-23 15:33:39] INFO: ASN WMS-ASN-EXT-00004 Carton CNWH63277: Assigned=Received, Actual=Received, ReceivedQty=10
[2026-04-23 15:33:39] INFO: ASN WMS-ASN-EXT-00004 Carton CNWH63280: Assigned=Received, Actual=Received, ReceivedQty=10
[2026-04-23 15:33:39] INFO: ASN WMS-ASN-EXT-00004 Carton CNWH63282: Assigned=Received, Actual=Received, ReceivedQty=10
[2026-04-23 15:33:39] INFO: ASN WMS-ASN-EXT-00004 Carton CNWH63283: Assigned=Received, Actual=Received, ReceivedQty=10
[2026-04-23 15:33:39] INFO: ASN WMS-ASN-EXT-00004 Carton CNWH63284: Assigned=Received, Actual=Received, ReceivedQty=10
[2026-04-23 15:33:39] INFO: ASN WMS-ASN-EXT-00004 Carton CNWH63285: Assigned=Received, Actual=Received, ReceivedQty=10
[2026-04-23 15:33:39] INFO: ASN WMS-ASN-EXT-00004 Carton CNWH63286: Assigned=Received, Actual=Received, ReceivedQty=10
[2026-04-23 15:33:39] INFO: ASN WMS-ASN-EXT-00004 Carton CNWH63287: Assigned=Received, Actual=Received, ReceivedQty=10
[2026-04-23 15:33:39] INFO: ASN WMS-ASN-EXT-00004 Carton CNWH63288: Assigned=Received, Actual=Received, ReceivedQty=10
[2026-04-23 15:33:39] INFO: ASN WMS-ASN-EXT-00004 Carton CNWH63289: Assigned=Received, Actual=Received, ReceivedQty=10
[2026-04-23 15:33:39] INFO: ASN WMS-ASN-EXT-00004 Carton CNWH63441: Assigned=Received, Actual=Received, ReceivedQty=10
[2026-04-23 15:33:39] INFO: ASN WMS-ASN-EXT-00004 Carton CNWH63442: Assigned=Received, Actual=Received, ReceivedQty=10
[2026-04-23 15:33:39] INFO: ASN WMS-ASN-EXT-00004 Carton CNWH65363: Assigned=Received, Actual=Received, ReceivedQty=10
[2026-04-23 15:33:39] INFO: ASN WMS-ASN-EXT-00004 Carton CNWH63502: Assigned=Received, Actual=Received, ReceivedQty=10
[2026-04-23 15:33:39] INFO: ASN WMS-ASN-EXT-00004 Carton CNWH63502: Assigned=Received, Actual=Received, ReceivedQty=10
[2026-04-23 15:33:39] INFO: ASN WMS-ASN-EXT-00004 Carton CNWH64607: Assigned=Received, Actual=Received, ReceivedQty=10
[2026-04-23 15:33:41] INFO: ErpNextWmsSyncApiService: Fetched 4 item code(s) from ERPNext for ASN WMS-ASN-EXT-00004 (use as filter for PR/received qty).
[2026-04-23 15:33:41] INFO: ErpNextWmsSyncApiService: Pushing ASN received qty for WMS-ASN-EXT-00004, 60 line(s) (one per WMS detail row). Summary: [324249:10(ctn:CNWH63179), 324249:10(ctn:CNWH63180), 324249:10(ctn:CNWH63196), 324249:10(ctn:CNWH63197), 324249:10(ctn:CNWH63198), 324249:10(ctn:CNWH63199), 324249:10(ctn:CNWH63200), 324249:10(ctn:CNWH63266), 324249:10(ctn:CNWH63268), 324249:10(ctn:CNWH63269), 324249:10(ctn:CNWH63270), 324249:10(ctn:CNWH63271), 324249:10(ctn:CNWH63272), 324249:10(ctn:CNWH63275), 324249:10(ctn:CNWH63277), 324249:10(ctn:CNWH63280), 324249:10(ctn:CNWH63282), 324249:10(ctn:CNWH63283), 324249:10(ctn:CNWH63284), 324249:10(ctn:CNWH63285), 324249:10(ctn:CNWH63286), 324249:10(ctn:CNWH63287), 324249:10(ctn:CNWH63288), 324249:10(ctn:CNWH63289), 324249:10(ctn:CNWH63441), 324249:10(ctn:CNWH63442), 324249:10(ctn:CNWH63444), 324249:10(ctn:CNWH63446), 324249:10(ctn:CNWH63448), 324249:10(ctn:CNWH65363), 324250:10(ctn:CNWH63179), 324250:10(ctn:CNWH63180), 324250:10(ctn:CNWH63196), 324250:10(ctn:CNWH63197), 324250:10(ctn:CNWH63198), 324250:10(ctn:CNWH63199), 324250:10(ctn:CNWH63200), 324250:10(ctn:CNWH63266), 324250:10(ctn:CNWH63268), 324250:10(ctn:CNWH63269), 324250:10(ctn:CNWH63270), 324250:10(ctn:CNWH63271), 324250:10(ctn:CNWH63272), 324250:10(ctn:CNWH63275), 324250:10(ctn:CNWH63277), 324250:10(ctn:CNWH63280), 324250:10(ctn:CNWH63282), 324250:10(ctn:CNWH63283), 324250:10(ctn:CNWH63284), 324250:10(ctn:CNWH63285), 324250:10(ctn:CNWH63286), 324250:10(ctn:CNWH63287), 324250:10(ctn:CNWH63288), 324250:10(ctn:CNWH63289), 324250:10(ctn:CNWH63441), 324250:10(ctn:CNWH63442), 324250:10(ctn:CNWH65363), 324251:10(ctn:CNWH63502), 324252:10(ctn:CNWH63502), 324252:10(ctn:CNWH64607)], to http://printechsdammam.dyndns.org:88/api/method/printechs_wms.api.asn_receiving.update_asn_received_qty
[2026-04-23 15:33:41] ERROR: ErpNextWmsSyncApiService: ASN received qty API returned ExpectationFailed: {"exception":"frappe.exceptions.ValidationError: Failed to get method for command printechs_wms.api.asn_receiving.update_asn_received_qty with 'return' outside function (asn_receiving.py, line 486)","exc_type":"ValidationError","_exc_source":"printechs_wms (app)","exc":"[\"Traceback (most recent call last):\\n  File \\\"apps/frappe/frappe/handler.py\\\", line 74, in execute_cmd\\n    method = get_attr(cmd)\\n             ^^^^^^^^^^^^^\\n  File \\\"apps/frappe/frappe/handler.py\\\", line 292, in get_attr\\n    method = frappe.get_attr(cmd)\\n             ^^^^^^^^^^^^^^^^^^^^\\n  File \\\"apps/frappe/frappe/__init__.py\\\", line 1744, in get_attr\\n    return getattr(get_module(modulename), methodname)\\n                   ^^^^^^^^^^^^^^^^^^^^^^\\n  File \\\"apps/frappe/frappe/__init__.py\\\", line 1454, in get_module\\n    return importlib.import_module(modulename)\\n           ^^^^^^^^^^^^^^^^^^^^^^^^^^^^^^^^^^^\\n  File \\\"/usr/lib/python3.12/importlib/__init__.py\\\", line 90, in import_module\\n    return _bootstrap._gcd_import(name[level:], package, level)\\n           ^^^^^^^^^^^^^^^^^^^^^^^^^^^^^^^^^^^^^^^^^^^^^^^^^^^^\\n  File \\\"<frozen importlib._bootstrap>\\\", line 1387, in _gcd_import\\n  File \\\"<frozen importlib._bootstrap>\\\", line 1360, in _find_and_load\\n  File \\\"<frozen importlib._bootstrap>\\\", line 1331, in _find_and_load_unlocked\\n  File \\\"<frozen importlib._bootstrap>\\\", line 935, in _load_unlocked\\n  File \\\"<frozen importlib._bootstrap_external>\\\", line 991, in exec_module\\n  File \\\"<frozen importlib._bootstrap_external>\\\", line 1129, in get_code\\n  File \\\"<frozen importlib._bootstrap_external>\\\", line 1059, in source_to_code\\n  File \\\"<frozen importlib._bootstrap>\\\", line 488, in _call_with_frames_removed\\n  File \\\"apps/printechs_wms/printechs_wms/api/asn_receiving.py\\\", line 486\\n    return {\\n    ^\\nSyntaxError: 'return' outside function\\n\\nDuring handling of the above exception, another exception occurred:\\n\\nTraceback (most recent call last):\\n  File \\\"apps/frappe/frappe/app.py\\\", line 120, in application\\n    response = frappe.api.handle(request)\\n               ^^^^^^^^^^^^^^^^^^^^^^^^^^\\n  File \\\"apps/frappe/frappe/api/__init__.py\\\", line 52, in handle\\n    data = endpoint(**arguments)\\n           ^^^^^^^^^^^^^^^^^^^^^\\n  File \\\"apps/frappe/frappe/api/v1.py\\\", line 40, in handle_rpc_call\\n    return frappe.handler.handle()\\n           ^^^^^^^^^^^^^^^^^^^^^^^\\n  File \\\"apps/frappe/frappe/handler.py\\\", line 52, in handle\\n    data = execute_cmd(cmd)\\n           ^^^^^^^^^^^^^^^^\\n  File \\\"apps/frappe/frappe/handler.py\\\", line 76, in execute_cmd\\n    frappe.throw(_(\\\"Failed to get method for command {0} with {1}\\\").format(cmd, e))\\n  File \\\"apps/frappe/frappe/__init__.py\\\", line 609, in throw\\n    msgprint(\\n  File \\\"apps/frappe/frappe/__init__.py\\\", line 574, in msgprint\\n    _raise_exception()\\n  File \\\"apps/frappe/frappe/__init__.py\\\", line 525, in _raise_exception\\n    raise exc\\nfrappe.exceptions.ValidationError: Failed to get method for command printechs_wms.api.asn_receiving.update_asn_received_qty with 'return' outside function (asn_receiving.py, line 486)\\n\"]","_server_messages":"[\"{\\\"message\\\": \\\"Failed to get method for command printechs_wms.api.asn_receiving.update_asn_received_qty with 'return' outside function (asn_receiving.py, line 486)\\\", \\\"title\\\": \\\"Message\\\", \\\"indicator\\\": \\\"red\\\", \\\"raise_exception\\\": 1, \\\"__frappe_exc_id\\\": \\\"8068cd7ddc4efafe00dea0409086e6a9a5e3c1da49a135929f80847f\\\"}\"]"}
--------------------------------------------------------------------------------
[2026-04-23 15:37:34] INFO: ASN ASN-0001 Carton CNWH12858: Assigned=Assigned, Actual=Assigned, ReceivedQty=0
[2026-04-23 15:37:34] INFO: ASN ASN-0001 Carton CNWH12854: Assigned=Assigned, Actual=Assigned, ReceivedQty=0
[2026-04-23 15:37:34] INFO: ASN ASN-0001 Carton CNWH15390: Assigned=Assigned, Actual=Assigned, ReceivedQty=0
[2026-04-23 15:37:34] INFO: ASN ASN-0001 Carton CNWH42441: Assigned=Assigned, Actual=Assigned, ReceivedQty=0
[2026-04-23 15:37:34] INFO: ASN ASN-0001 Carton CNWH64571: Assigned=Assigned, Actual=Assigned, ReceivedQty=0
[2026-04-23 15:37:34] INFO: ASN ASN-0001 Carton CNWH64521: Assigned=Assigned, Actual=Assigned, ReceivedQty=0
[2026-04-23 15:37:34] INFO: ASN ASN-0001 Carton CNWH63561: Assigned=Assigned, Actual=Assigned, ReceivedQty=0
[2026-04-23 15:37:34] INFO: ASN ASN-0001 Carton CNWH63609: Assigned=Assigned, Actual=Assigned, ReceivedQty=0
[2026-04-23 15:37:34] INFO: ASN WMS-ASN-EXT-00004 Carton CNWH63179: Assigned=Received, Actual=Received, ReceivedQty=10
[2026-04-23 15:37:34] INFO: ASN WMS-ASN-EXT-00004 Carton CNWH63180: Assigned=Received, Actual=Received, ReceivedQty=10
[2026-04-23 15:37:34] INFO: ASN WMS-ASN-EXT-00004 Carton CNWH63196: Assigned=Received, Actual=Received, ReceivedQty=10
[2026-04-23 15:37:34] INFO: ASN WMS-ASN-EXT-00004 Carton CNWH63197: Assigned=Received, Actual=Received, ReceivedQty=10
[2026-04-23 15:37:34] INFO: ASN WMS-ASN-EXT-00004 Carton CNWH63198: Assigned=Received, Actual=Received, ReceivedQty=10
[2026-04-23 15:37:34] INFO: ASN WMS-ASN-EXT-00004 Carton CNWH63199: Assigned=Received, Actual=Received, ReceivedQty=10
[2026-04-23 15:37:34] INFO: ASN WMS-ASN-EXT-00004 Carton CNWH63200: Assigned=Received, Actual=Received, ReceivedQty=10
[2026-04-23 15:37:34] INFO: ASN WMS-ASN-EXT-00004 Carton CNWH63266: Assigned=Received, Actual=Received, ReceivedQty=10
[2026-04-23 15:37:34] INFO: ASN WMS-ASN-EXT-00004 Carton CNWH63268: Assigned=Received, Actual=Received, ReceivedQty=10
[2026-04-23 15:37:34] INFO: ASN WMS-ASN-EXT-00004 Carton CNWH63269: Assigned=Received, Actual=Received, ReceivedQty=10
[2026-04-23 15:37:34] INFO: ASN WMS-ASN-EXT-00004 Carton CNWH63270: Assigned=Received, Actual=Received, ReceivedQty=10
[2026-04-23 15:37:34] INFO: ASN WMS-ASN-EXT-00004 Carton CNWH63271: Assigned=Received, Actual=Received, ReceivedQty=10
[2026-04-23 15:37:34] INFO: ASN WMS-ASN-EXT-00004 Carton CNWH63272: Assigned=Received, Actual=Received, ReceivedQty=10
[2026-04-23 15:37:34] INFO: ASN WMS-ASN-EXT-00004 Carton CNWH63275: Assigned=Received, Actual=Received, ReceivedQty=10
[2026-04-23 15:37:34] INFO: ASN WMS-ASN-EXT-00004 Carton CNWH63277: Assigned=Received, Actual=Received, ReceivedQty=10
[2026-04-23 15:37:34] INFO: ASN WMS-ASN-EXT-00004 Carton CNWH63280: Assigned=Received, Actual=Received, ReceivedQty=10
[2026-04-23 15:37:34] INFO: ASN WMS-ASN-EXT-00004 Carton CNWH63282: Assigned=Received, Actual=Received, ReceivedQty=10
[2026-04-23 15:37:34] INFO: ASN WMS-ASN-EXT-00004 Carton CNWH63283: Assigned=Received, Actual=Received, ReceivedQty=10
[2026-04-23 15:37:34] INFO: ASN WMS-ASN-EXT-00004 Carton CNWH63284: Assigned=Received, Actual=Received, ReceivedQty=10
[2026-04-23 15:37:34] INFO: ASN WMS-ASN-EXT-00004 Carton CNWH63285: Assigned=Received, Actual=Received, ReceivedQty=10
[2026-04-23 15:37:34] INFO: ASN WMS-ASN-EXT-00004 Carton CNWH63286: Assigned=Received, Actual=Received, ReceivedQty=10
[2026-04-23 15:37:34] INFO: ASN WMS-ASN-EXT-00004 Carton CNWH63287: Assigned=Received, Actual=Received, ReceivedQty=10
[2026-04-23 15:37:34] INFO: ASN WMS-ASN-EXT-00004 Carton CNWH63288: Assigned=Received, Actual=Received, ReceivedQty=10
[2026-04-23 15:37:34] INFO: ASN WMS-ASN-EXT-00004 Carton CNWH63289: Assigned=Received, Actual=Received, ReceivedQty=10
[2026-04-23 15:37:34] INFO: ASN WMS-ASN-EXT-00004 Carton CNWH63441: Assigned=Received, Actual=Received, ReceivedQty=10
[2026-04-23 15:37:34] INFO: ASN WMS-ASN-EXT-00004 Carton CNWH63442: Assigned=Received, Actual=Received, ReceivedQty=10
[2026-04-23 15:37:34] INFO: ASN WMS-ASN-EXT-00004 Carton CNWH63444: Assigned=Received, Actual=Received, ReceivedQty=10
[2026-04-23 15:37:34] INFO: ASN WMS-ASN-EXT-00004 Carton CNWH63446: Assigned=Received, Actual=Received, ReceivedQty=10
[2026-04-23 15:37:34] INFO: ASN WMS-ASN-EXT-00004 Carton CNWH63448: Assigned=Received, Actual=Received, ReceivedQty=10
[2026-04-23 15:37:34] INFO: ASN WMS-ASN-EXT-00004 Carton CNWH65363: Assigned=Received, Actual=Received, ReceivedQty=10
[2026-04-23 15:37:34] INFO: ASN WMS-ASN-EXT-00004 Carton CNWH63179: Assigned=Received, Actual=Received, ReceivedQty=10
[2026-04-23 15:37:34] INFO: ASN WMS-ASN-EXT-00004 Carton CNWH63180: Assigned=Received, Actual=Received, ReceivedQty=10
[2026-04-23 15:37:34] INFO: ASN WMS-ASN-EXT-00004 Carton CNWH63196: Assigned=Received, Actual=Received, ReceivedQty=10
[2026-04-23 15:37:34] INFO: ASN WMS-ASN-EXT-00004 Carton CNWH63197: Assigned=Received, Actual=Received, ReceivedQty=10
[2026-04-23 15:37:34] INFO: ASN WMS-ASN-EXT-00004 Carton CNWH63198: Assigned=Received, Actual=Received, ReceivedQty=10
[2026-04-23 15:37:34] INFO: ASN WMS-ASN-EXT-00004 Carton CNWH63199: Assigned=Received, Actual=Received, ReceivedQty=10
[2026-04-23 15:37:34] INFO: ASN WMS-ASN-EXT-00004 Carton CNWH63200: Assigned=Received, Actual=Received, ReceivedQty=10
[2026-04-23 15:37:34] INFO: ASN WMS-ASN-EXT-00004 Carton CNWH63266: Assigned=Received, Actual=Received, ReceivedQty=10
[2026-04-23 15:37:34] INFO: ASN WMS-ASN-EXT-00004 Carton CNWH63268: Assigned=Received, Actual=Received, ReceivedQty=10
[2026-04-23 15:37:34] INFO: ASN WMS-ASN-EXT-00004 Carton CNWH63269: Assigned=Received, Actual=Received, ReceivedQty=10
[2026-04-23 15:37:34] INFO: ASN WMS-ASN-EXT-00004 Carton CNWH63270: Assigned=Received, Actual=Received, ReceivedQty=10
[2026-04-23 15:37:34] INFO: ASN WMS-ASN-EXT-00004 Carton CNWH63271: Assigned=Received, Actual=Received, ReceivedQty=10
[2026-04-23 15:37:34] INFO: ASN WMS-ASN-EXT-00004 Carton CNWH63272: Assigned=Received, Actual=Received, ReceivedQty=10
[2026-04-23 15:37:34] INFO: ASN WMS-ASN-EXT-00004 Carton CNWH63275: Assigned=Received, Actual=Received, ReceivedQty=10
[2026-04-23 15:37:34] INFO: ASN WMS-ASN-EXT-00004 Carton CNWH63277: Assigned=Received, Actual=Received, ReceivedQty=10
[2026-04-23 15:37:34] INFO: ASN WMS-ASN-EXT-00004 Carton CNWH63280: Assigned=Received, Actual=Received, ReceivedQty=10
[2026-04-23 15:37:34] INFO: ASN WMS-ASN-EXT-00004 Carton CNWH63282: Assigned=Received, Actual=Received, ReceivedQty=10
[2026-04-23 15:37:34] INFO: ASN WMS-ASN-EXT-00004 Carton CNWH63283: Assigned=Received, Actual=Received, ReceivedQty=10
[2026-04-23 15:37:34] INFO: ASN WMS-ASN-EXT-00004 Carton CNWH63284: Assigned=Received, Actual=Received, ReceivedQty=10
[2026-04-23 15:37:34] INFO: ASN WMS-ASN-EXT-00004 Carton CNWH63285: Assigned=Received, Actual=Received, ReceivedQty=10
[2026-04-23 15:37:34] INFO: ASN WMS-ASN-EXT-00004 Carton CNWH63286: Assigned=Received, Actual=Received, ReceivedQty=10
[2026-04-23 15:37:34] INFO: ASN WMS-ASN-EXT-00004 Carton CNWH63287: Assigned=Received, Actual=Received, ReceivedQty=10
[2026-04-23 15:37:34] INFO: ASN WMS-ASN-EXT-00004 Carton CNWH63288: Assigned=Received, Actual=Received, ReceivedQty=10
[2026-04-23 15:37:34] INFO: ASN WMS-ASN-EXT-00004 Carton CNWH63289: Assigned=Received, Actual=Received, ReceivedQty=10
[2026-04-23 15:37:34] INFO: ASN WMS-ASN-EXT-00004 Carton CNWH63441: Assigned=Received, Actual=Received, ReceivedQty=10
[2026-04-23 15:37:34] INFO: ASN WMS-ASN-EXT-00004 Carton CNWH63442: Assigned=Received, Actual=Received, ReceivedQty=10
[2026-04-23 15:37:34] INFO: ASN WMS-ASN-EXT-00004 Carton CNWH65363: Assigned=Received, Actual=Received, ReceivedQty=10
[2026-04-23 15:37:34] INFO: ASN WMS-ASN-EXT-00004 Carton CNWH63502: Assigned=Received, Actual=Received, ReceivedQty=10
[2026-04-23 15:37:34] INFO: ASN WMS-ASN-EXT-00004 Carton CNWH63502: Assigned=Received, Actual=Received, ReceivedQty=10
[2026-04-23 15:37:34] INFO: ASN WMS-ASN-EXT-00004 Carton CNWH64607: Assigned=Received, Actual=Received, ReceivedQty=10
[2026-04-23 15:37:35] INFO: ASN ASN-0001 Carton CNWH12858: Assigned=Assigned, Actual=Assigned, ReceivedQty=0
[2026-04-23 15:37:35] INFO: ASN ASN-0001 Carton CNWH12854: Assigned=Assigned, Actual=Assigned, ReceivedQty=0
[2026-04-23 15:37:35] INFO: ASN ASN-0001 Carton CNWH15390: Assigned=Assigned, Actual=Assigned, ReceivedQty=0
[2026-04-23 15:37:35] INFO: ASN ASN-0001 Carton CNWH42441: Assigned=Assigned, Actual=Assigned, ReceivedQty=0
[2026-04-23 15:37:35] INFO: ASN ASN-0001 Carton CNWH64571: Assigned=Assigned, Actual=Assigned, ReceivedQty=0
[2026-04-23 15:37:35] INFO: ASN ASN-0001 Carton CNWH64521: Assigned=Assigned, Actual=Assigned, ReceivedQty=0
[2026-04-23 15:37:35] INFO: ASN ASN-0001 Carton CNWH63561: Assigned=Assigned, Actual=Assigned, ReceivedQty=0
[2026-04-23 15:37:35] INFO: ASN ASN-0001 Carton CNWH63609: Assigned=Assigned, Actual=Assigned, ReceivedQty=0
[2026-04-23 15:37:35] INFO: ASN WMS-ASN-EXT-00004 Carton CNWH63179: Assigned=Received, Actual=Received, ReceivedQty=10
[2026-04-23 15:37:35] INFO: ASN WMS-ASN-EXT-00004 Carton CNWH63180: Assigned=Received, Actual=Received, ReceivedQty=10
[2026-04-23 15:37:35] INFO: ASN WMS-ASN-EXT-00004 Carton CNWH63196: Assigned=Received, Actual=Received, ReceivedQty=10
[2026-04-23 15:37:35] INFO: ASN WMS-ASN-EXT-00004 Carton CNWH63197: Assigned=Received, Actual=Received, ReceivedQty=10
[2026-04-23 15:37:35] INFO: ASN WMS-ASN-EXT-00004 Carton CNWH63198: Assigned=Received, Actual=Received, ReceivedQty=10
[2026-04-23 15:37:35] INFO: ASN WMS-ASN-EXT-00004 Carton CNWH63199: Assigned=Received, Actual=Received, ReceivedQty=10
[2026-04-23 15:37:35] INFO: ASN WMS-ASN-EXT-00004 Carton CNWH63200: Assigned=Received, Actual=Received, ReceivedQty=10
[2026-04-23 15:37:35] INFO: ASN WMS-ASN-EXT-00004 Carton CNWH63266: Assigned=Received, Actual=Received, ReceivedQty=10
[2026-04-23 15:37:35] INFO: ASN WMS-ASN-EXT-00004 Carton CNWH63268: Assigned=Received, Actual=Received, ReceivedQty=10
[2026-04-23 15:37:35] INFO: ASN WMS-ASN-EXT-00004 Carton CNWH63269: Assigned=Received, Actual=Received, ReceivedQty=10
[2026-04-23 15:37:35] INFO: ASN WMS-ASN-EXT-00004 Carton CNWH63270: Assigned=Received, Actual=Received, ReceivedQty=10
[2026-04-23 15:37:35] INFO: ASN WMS-ASN-EXT-00004 Carton CNWH63271: Assigned=Received, Actual=Received, ReceivedQty=10
[2026-04-23 15:37:35] INFO: ASN WMS-ASN-EXT-00004 Carton CNWH63272: Assigned=Received, Actual=Received, ReceivedQty=10
[2026-04-23 15:37:35] INFO: ASN WMS-ASN-EXT-00004 Carton CNWH63275: Assigned=Received, Actual=Received, ReceivedQty=10
[2026-04-23 15:37:35] INFO: ASN WMS-ASN-EXT-00004 Carton CNWH63277: Assigned=Received, Actual=Received, ReceivedQty=10
[2026-04-23 15:37:35] INFO: ASN WMS-ASN-EXT-00004 Carton CNWH63280: Assigned=Received, Actual=Received, ReceivedQty=10
[2026-04-23 15:37:35] INFO: ASN WMS-ASN-EXT-00004 Carton CNWH63282: Assigned=Received, Actual=Received, ReceivedQty=10
[2026-04-23 15:37:35] INFO: ASN WMS-ASN-EXT-00004 Carton CNWH63283: Assigned=Received, Actual=Received, ReceivedQty=10
[2026-04-23 15:37:35] INFO: ASN WMS-ASN-EXT-00004 Carton CNWH63284: Assigned=Received, Actual=Received, ReceivedQty=10
[2026-04-23 15:37:35] INFO: ASN WMS-ASN-EXT-00004 Carton CNWH63285: Assigned=Received, Actual=Received, ReceivedQty=10
[2026-04-23 15:37:35] INFO: ASN WMS-ASN-EXT-00004 Carton CNWH63286: Assigned=Received, Actual=Received, ReceivedQty=10
[2026-04-23 15:37:35] INFO: ASN WMS-ASN-EXT-00004 Carton CNWH63287: Assigned=Received, Actual=Received, ReceivedQty=10
[2026-04-23 15:37:35] INFO: ASN WMS-ASN-EXT-00004 Carton CNWH63288: Assigned=Received, Actual=Received, ReceivedQty=10
[2026-04-23 15:37:35] INFO: ASN WMS-ASN-EXT-00004 Carton CNWH63289: Assigned=Received, Actual=Received, ReceivedQty=10
[2026-04-23 15:37:35] INFO: ASN WMS-ASN-EXT-00004 Carton CNWH63441: Assigned=Received, Actual=Received, ReceivedQty=10
[2026-04-23 15:37:35] INFO: ASN WMS-ASN-EXT-00004 Carton CNWH63442: Assigned=Received, Actual=Received, ReceivedQty=10
[2026-04-23 15:37:35] INFO: ASN WMS-ASN-EXT-00004 Carton CNWH63444: Assigned=Received, Actual=Received, ReceivedQty=10
[2026-04-23 15:37:35] INFO: ASN WMS-ASN-EXT-00004 Carton CNWH63446: Assigned=Received, Actual=Received, ReceivedQty=10
[2026-04-23 15:37:35] INFO: ASN WMS-ASN-EXT-00004 Carton CNWH63448: Assigned=Received, Actual=Received, ReceivedQty=10
[2026-04-23 15:37:35] INFO: ASN WMS-ASN-EXT-00004 Carton CNWH65363: Assigned=Received, Actual=Received, ReceivedQty=10
[2026-04-23 15:37:35] INFO: ASN WMS-ASN-EXT-00004 Carton CNWH63179: Assigned=Received, Actual=Received, ReceivedQty=10
[2026-04-23 15:37:35] INFO: ASN WMS-ASN-EXT-00004 Carton CNWH63180: Assigned=Received, Actual=Received, ReceivedQty=10
[2026-04-23 15:37:35] INFO: ASN WMS-ASN-EXT-00004 Carton CNWH63196: Assigned=Received, Actual=Received, ReceivedQty=10
[2026-04-23 15:37:35] INFO: ASN WMS-ASN-EXT-00004 Carton CNWH63197: Assigned=Received, Actual=Received, ReceivedQty=10
[2026-04-23 15:37:35] INFO: ASN WMS-ASN-EXT-00004 Carton CNWH63198: Assigned=Received, Actual=Received, ReceivedQty=10
[2026-04-23 15:37:35] INFO: ASN WMS-ASN-EXT-00004 Carton CNWH63199: Assigned=Received, Actual=Received, ReceivedQty=10
[2026-04-23 15:37:35] INFO: ASN WMS-ASN-EXT-00004 Carton CNWH63200: Assigned=Received, Actual=Received, ReceivedQty=10
[2026-04-23 15:37:35] INFO: ASN WMS-ASN-EXT-00004 Carton CNWH63266: Assigned=Received, Actual=Received, ReceivedQty=10
[2026-04-23 15:37:35] INFO: ASN WMS-ASN-EXT-00004 Carton CNWH63268: Assigned=Received, Actual=Received, ReceivedQty=10
[2026-04-23 15:37:35] INFO: ASN WMS-ASN-EXT-00004 Carton CNWH63269: Assigned=Received, Actual=Received, ReceivedQty=10
[2026-04-23 15:37:35] INFO: ASN WMS-ASN-EXT-00004 Carton CNWH63270: Assigned=Received, Actual=Received, ReceivedQty=10
[2026-04-23 15:37:35] INFO: ASN WMS-ASN-EXT-00004 Carton CNWH63271: Assigned=Received, Actual=Received, ReceivedQty=10
[2026-04-23 15:37:35] INFO: ASN WMS-ASN-EXT-00004 Carton CNWH63272: Assigned=Received, Actual=Received, ReceivedQty=10
[2026-04-23 15:37:35] INFO: ASN WMS-ASN-EXT-00004 Carton CNWH63275: Assigned=Received, Actual=Received, ReceivedQty=10
[2026-04-23 15:37:35] INFO: ASN WMS-ASN-EXT-00004 Carton CNWH63277: Assigned=Received, Actual=Received, ReceivedQty=10
[2026-04-23 15:37:35] INFO: ASN WMS-ASN-EXT-00004 Carton CNWH63280: Assigned=Received, Actual=Received, ReceivedQty=10
[2026-04-23 15:37:35] INFO: ASN WMS-ASN-EXT-00004 Carton CNWH63282: Assigned=Received, Actual=Received, ReceivedQty=10
[2026-04-23 15:37:35] INFO: ASN WMS-ASN-EXT-00004 Carton CNWH63283: Assigned=Received, Actual=Received, ReceivedQty=10
[2026-04-23 15:37:35] INFO: ASN WMS-ASN-EXT-00004 Carton CNWH63284: Assigned=Received, Actual=Received, ReceivedQty=10
[2026-04-23 15:37:35] INFO: ASN WMS-ASN-EXT-00004 Carton CNWH63285: Assigned=Received, Actual=Received, ReceivedQty=10
[2026-04-23 15:37:35] INFO: ASN WMS-ASN-EXT-00004 Carton CNWH63286: Assigned=Received, Actual=Received, ReceivedQty=10
[2026-04-23 15:37:35] INFO: ASN WMS-ASN-EXT-00004 Carton CNWH63287: Assigned=Received, Actual=Received, ReceivedQty=10
[2026-04-23 15:37:35] INFO: ASN WMS-ASN-EXT-00004 Carton CNWH63288: Assigned=Received, Actual=Received, ReceivedQty=10
[2026-04-23 15:37:35] INFO: ASN WMS-ASN-EXT-00004 Carton CNWH63289: Assigned=Received, Actual=Received, ReceivedQty=10
[2026-04-23 15:37:35] INFO: ASN WMS-ASN-EXT-00004 Carton CNWH63441: Assigned=Received, Actual=Received, ReceivedQty=10
[2026-04-23 15:37:35] INFO: ASN WMS-ASN-EXT-00004 Carton CNWH63442: Assigned=Received, Actual=Received, ReceivedQty=10
[2026-04-23 15:37:35] INFO: ASN WMS-ASN-EXT-00004 Carton CNWH65363: Assigned=Received, Actual=Received, ReceivedQty=10
[2026-04-23 15:37:35] INFO: ASN WMS-ASN-EXT-00004 Carton CNWH63502: Assigned=Received, Actual=Received, ReceivedQty=10
[2026-04-23 15:37:35] INFO: ASN WMS-ASN-EXT-00004 Carton CNWH63502: Assigned=Received, Actual=Received, ReceivedQty=10
[2026-04-23 15:37:35] INFO: ASN WMS-ASN-EXT-00004 Carton CNWH64607: Assigned=Received, Actual=Received, ReceivedQty=10
[2026-04-23 15:37:37] INFO: ErpNextWmsSyncApiService: Fetched 4 item code(s) from ERPNext for ASN WMS-ASN-EXT-00004 (use as filter for PR/received qty).
[2026-04-23 15:37:37] INFO: ErpNextWmsSyncApiService: Pushing ASN received qty for WMS-ASN-EXT-00004, 60 line(s) (one per WMS detail row). Summary: [324249:10(ctn:CNWH63179), 324249:10(ctn:CNWH63180), 324249:10(ctn:CNWH63196), 324249:10(ctn:CNWH63197), 324249:10(ctn:CNWH63198), 324249:10(ctn:CNWH63199), 324249:10(ctn:CNWH63200), 324249:10(ctn:CNWH63266), 324249:10(ctn:CNWH63268), 324249:10(ctn:CNWH63269), 324249:10(ctn:CNWH63270), 324249:10(ctn:CNWH63271), 324249:10(ctn:CNWH63272), 324249:10(ctn:CNWH63275), 324249:10(ctn:CNWH63277), 324249:10(ctn:CNWH63280), 324249:10(ctn:CNWH63282), 324249:10(ctn:CNWH63283), 324249:10(ctn:CNWH63284), 324249:10(ctn:CNWH63285), 324249:10(ctn:CNWH63286), 324249:10(ctn:CNWH63287), 324249:10(ctn:CNWH63288), 324249:10(ctn:CNWH63289), 324249:10(ctn:CNWH63441), 324249:10(ctn:CNWH63442), 324249:10(ctn:CNWH63444), 324249:10(ctn:CNWH63446), 324249:10(ctn:CNWH63448), 324249:10(ctn:CNWH65363), 324250:10(ctn:CNWH63179), 324250:10(ctn:CNWH63180), 324250:10(ctn:CNWH63196), 324250:10(ctn:CNWH63197), 324250:10(ctn:CNWH63198), 324250:10(ctn:CNWH63199), 324250:10(ctn:CNWH63200), 324250:10(ctn:CNWH63266), 324250:10(ctn:CNWH63268), 324250:10(ctn:CNWH63269), 324250:10(ctn:CNWH63270), 324250:10(ctn:CNWH63271), 324250:10(ctn:CNWH63272), 324250:10(ctn:CNWH63275), 324250:10(ctn:CNWH63277), 324250:10(ctn:CNWH63280), 324250:10(ctn:CNWH63282), 324250:10(ctn:CNWH63283), 324250:10(ctn:CNWH63284), 324250:10(ctn:CNWH63285), 324250:10(ctn:CNWH63286), 324250:10(ctn:CNWH63287), 324250:10(ctn:CNWH63288), 324250:10(ctn:CNWH63289), 324250:10(ctn:CNWH63441), 324250:10(ctn:CNWH63442), 324250:10(ctn:CNWH65363), 324251:10(ctn:CNWH63502), 324252:10(ctn:CNWH63502), 324252:10(ctn:CNWH64607)], to http://printechsdammam.dyndns.org:88/api/method/printechs_wms.api.asn_receiving.update_asn_received_qty
[2026-04-23 15:37:37] ERROR: ErpNextWmsSyncApiService: ASN received qty API returned ExpectationFailed: {"exception":"frappe.exceptions.ValidationError: Failed to get method for command printechs_wms.api.asn_receiving.update_asn_received_qty with unindent does not match any outer indentation level (asn_receiving.py, line 449)","exc_type":"ValidationError","_exc_source":"printechs_wms (app)","exc":"[\"Traceback (most recent call last):\\n  File \\\"apps/frappe/frappe/handler.py\\\", line 74, in execute_cmd\\n    method = get_attr(cmd)\\n             ^^^^^^^^^^^^^\\n  File \\\"apps/frappe/frappe/handler.py\\\", line 292, in get_attr\\n    method = frappe.get_attr(cmd)\\n             ^^^^^^^^^^^^^^^^^^^^\\n  File \\\"apps/frappe/frappe/__init__.py\\\", line 1744, in get_attr\\n    return getattr(get_module(modulename), methodname)\\n                   ^^^^^^^^^^^^^^^^^^^^^^\\n  File \\\"apps/frappe/frappe/__init__.py\\\", line 1454, in get_module\\n    return importlib.import_module(modulename)\\n           ^^^^^^^^^^^^^^^^^^^^^^^^^^^^^^^^^^^\\n  File \\\"/usr/lib/python3.12/importlib/__init__.py\\\", line 90, in import_module\\n    return _bootstrap._gcd_import(name[level:], package, level)\\n           ^^^^^^^^^^^^^^^^^^^^^^^^^^^^^^^^^^^^^^^^^^^^^^^^^^^^\\n  File \\\"<frozen importlib._bootstrap>\\\", line 1387, in _gcd_import\\n  File \\\"<frozen importlib._bootstrap>\\\", line 1360, in _find_and_load\\n  File \\\"<frozen importlib._bootstrap>\\\", line 1331, in _find_and_load_unlocked\\n  File \\\"<frozen importlib._bootstrap>\\\", line 935, in _load_unlocked\\n  File \\\"<frozen importlib._bootstrap_external>\\\", line 991, in exec_module\\n  File \\\"<frozen importlib._bootstrap_external>\\\", line 1129, in get_code\\n  File \\\"<frozen importlib._bootstrap_external>\\\", line 1059, in source_to_code\\n  File \\\"<frozen importlib._bootstrap>\\\", line 488, in _call_with_frames_removed\\n  File \\\"apps/printechs_wms/printechs_wms/api/asn_receiving.py\\\", line 449\\n    updated.append({\\n                    ^\\nIndentationError: unindent does not match any outer indentation level\\n\\nDuring handling of the above exception, another exception occurred:\\n\\nTraceback (most recent call last):\\n  File \\\"apps/frappe/frappe/app.py\\\", line 120, in application\\n    response = frappe.api.handle(request)\\n               ^^^^^^^^^^^^^^^^^^^^^^^^^^\\n  File \\\"apps/frappe/frappe/api/__init__.py\\\", line 52, in handle\\n    data = endpoint(**arguments)\\n           ^^^^^^^^^^^^^^^^^^^^^\\n  File \\\"apps/frappe/frappe/api/v1.py\\\", line 40, in handle_rpc_call\\n    return frappe.handler.handle()\\n           ^^^^^^^^^^^^^^^^^^^^^^^\\n  File \\\"apps/frappe/frappe/handler.py\\\", line 52, in handle\\n    data = execute_cmd(cmd)\\n           ^^^^^^^^^^^^^^^^\\n  File \\\"apps/frappe/frappe/handler.py\\\", line 76, in execute_cmd\\n    frappe.throw(_(\\\"Failed to get method for command {0} with {1}\\\").format(cmd, e))\\n  File \\\"apps/frappe/frappe/__init__.py\\\", line 609, in throw\\n    msgprint(\\n  File \\\"apps/frappe/frappe/__init__.py\\\", line 574, in msgprint\\n    _raise_exception()\\n  File \\\"apps/frappe/frappe/__init__.py\\\", line 525, in _raise_exception\\n    raise exc\\nfrappe.exceptions.ValidationError: Failed to get method for command printechs_wms.api.asn_receiving.update_asn_received_qty with unindent does not match any outer indentation level (asn_receiving.py, line 449)\\n\"]","_server_messages":"[\"{\\\"message\\\": \\\"Failed to get method for command printechs_wms.api.asn_receiving.update_asn_received_qty with unindent does not match any outer indentation level (asn_receiving.py, line 449)\\\", \\\"title\\\": \\\"Message\\\", \\\"indicator\\\": \\\"red\\\", \\\"raise_exception\\\": 1, \\\"__frappe_exc_id\\\": \\\"84467b4b61a5c2f2f857f88bded296fc8dabdf3bb8609256d656e767\\\"}\"]"}
--------------------------------------------------------------------------------
[2026-04-23 15:37:38] INFO: ASN ASN-0001 Carton CNWH12858: Assigned=Assigned, Actual=Assigned, ReceivedQty=0
[2026-04-23 15:37:38] INFO: ASN ASN-0001 Carton CNWH12854: Assigned=Assigned, Actual=Assigned, ReceivedQty=0
[2026-04-23 15:37:38] INFO: ASN ASN-0001 Carton CNWH15390: Assigned=Assigned, Actual=Assigned, ReceivedQty=0
[2026-04-23 15:37:38] INFO: ASN ASN-0001 Carton CNWH42441: Assigned=Assigned, Actual=Assigned, ReceivedQty=0
[2026-04-23 15:37:38] INFO: ASN ASN-0001 Carton CNWH64571: Assigned=Assigned, Actual=Assigned, ReceivedQty=0
[2026-04-23 15:37:38] INFO: ASN ASN-0001 Carton CNWH64521: Assigned=Assigned, Actual=Assigned, ReceivedQty=0
[2026-04-23 15:37:38] INFO: ASN ASN-0001 Carton CNWH63561: Assigned=Assigned, Actual=Assigned, ReceivedQty=0
[2026-04-23 15:37:38] INFO: ASN ASN-0001 Carton CNWH63609: Assigned=Assigned, Actual=Assigned, ReceivedQty=0
[2026-04-23 15:37:38] INFO: ASN WMS-ASN-EXT-00004 Carton CNWH63179: Assigned=Received, Actual=Received, ReceivedQty=10
[2026-04-23 15:37:38] INFO: ASN WMS-ASN-EXT-00004 Carton CNWH63180: Assigned=Received, Actual=Received, ReceivedQty=10
[2026-04-23 15:37:38] INFO: ASN WMS-ASN-EXT-00004 Carton CNWH63196: Assigned=Received, Actual=Received, ReceivedQty=10
[2026-04-23 15:37:38] INFO: ASN WMS-ASN-EXT-00004 Carton CNWH63197: Assigned=Received, Actual=Received, ReceivedQty=10
[2026-04-23 15:37:38] INFO: ASN WMS-ASN-EXT-00004 Carton CNWH63198: Assigned=Received, Actual=Received, ReceivedQty=10
[2026-04-23 15:37:38] INFO: ASN WMS-ASN-EXT-00004 Carton CNWH63199: Assigned=Received, Actual=Received, ReceivedQty=10
[2026-04-23 15:37:38] INFO: ASN WMS-ASN-EXT-00004 Carton CNWH63200: Assigned=Received, Actual=Received, ReceivedQty=10
[2026-04-23 15:37:38] INFO: ASN WMS-ASN-EXT-00004 Carton CNWH63266: Assigned=Received, Actual=Received, ReceivedQty=10
[2026-04-23 15:37:38] INFO: ASN WMS-ASN-EXT-00004 Carton CNWH63268: Assigned=Received, Actual=Received, ReceivedQty=10
[2026-04-23 15:37:38] INFO: ASN WMS-ASN-EXT-00004 Carton CNWH63269: Assigned=Received, Actual=Received, ReceivedQty=10
[2026-04-23 15:37:38] INFO: ASN WMS-ASN-EXT-00004 Carton CNWH63270: Assigned=Received, Actual=Received, ReceivedQty=10
[2026-04-23 15:37:38] INFO: ASN WMS-ASN-EXT-00004 Carton CNWH63271: Assigned=Received, Actual=Received, ReceivedQty=10
[2026-04-23 15:37:38] INFO: ASN WMS-ASN-EXT-00004 Carton CNWH63272: Assigned=Received, Actual=Received, ReceivedQty=10
[2026-04-23 15:37:38] INFO: ASN WMS-ASN-EXT-00004 Carton CNWH63275: Assigned=Received, Actual=Received, ReceivedQty=10
[2026-04-23 15:37:38] INFO: ASN WMS-ASN-EXT-00004 Carton CNWH63277: Assigned=Received, Actual=Received, ReceivedQty=10
[2026-04-23 15:37:38] INFO: ASN WMS-ASN-EXT-00004 Carton CNWH63280: Assigned=Received, Actual=Received, ReceivedQty=10
[2026-04-23 15:37:38] INFO: ASN WMS-ASN-EXT-00004 Carton CNWH63282: Assigned=Received, Actual=Received, ReceivedQty=10
[2026-04-23 15:37:38] INFO: ASN WMS-ASN-EXT-00004 Carton CNWH63283: Assigned=Received, Actual=Received, ReceivedQty=10
[2026-04-23 15:37:38] INFO: ASN WMS-ASN-EXT-00004 Carton CNWH63284: Assigned=Received, Actual=Received, ReceivedQty=10
[2026-04-23 15:37:38] INFO: ASN WMS-ASN-EXT-00004 Carton CNWH63285: Assigned=Received, Actual=Received, ReceivedQty=10
[2026-04-23 15:37:38] INFO: ASN WMS-ASN-EXT-00004 Carton CNWH63286: Assigned=Received, Actual=Received, ReceivedQty=10
[2026-04-23 15:37:38] INFO: ASN WMS-ASN-EXT-00004 Carton CNWH63287: Assigned=Received, Actual=Received, ReceivedQty=10
[2026-04-23 15:37:38] INFO: ASN WMS-ASN-EXT-00004 Carton CNWH63288: Assigned=Received, Actual=Received, ReceivedQty=10
[2026-04-23 15:37:38] INFO: ASN WMS-ASN-EXT-00004 Carton CNWH63289: Assigned=Received, Actual=Received, ReceivedQty=10
[2026-04-23 15:37:38] INFO: ASN WMS-ASN-EXT-00004 Carton CNWH63441: Assigned=Received, Actual=Received, ReceivedQty=10
[2026-04-23 15:37:38] INFO: ASN WMS-ASN-EXT-00004 Carton CNWH63442: Assigned=Received, Actual=Received, ReceivedQty=10
[2026-04-23 15:37:38] INFO: ASN WMS-ASN-EXT-00004 Carton CNWH63444: Assigned=Received, Actual=Received, ReceivedQty=10
[2026-04-23 15:37:38] INFO: ASN WMS-ASN-EXT-00004 Carton CNWH63446: Assigned=Received, Actual=Received, ReceivedQty=10
[2026-04-23 15:37:38] INFO: ASN WMS-ASN-EXT-00004 Carton CNWH63448: Assigned=Received, Actual=Received, ReceivedQty=10
[2026-04-23 15:37:38] INFO: ASN WMS-ASN-EXT-00004 Carton CNWH65363: Assigned=Received, Actual=Received, ReceivedQty=10
[2026-04-23 15:37:38] INFO: ASN WMS-ASN-EXT-00004 Carton CNWH63179: Assigned=Received, Actual=Received, ReceivedQty=10
[2026-04-23 15:37:38] INFO: ASN WMS-ASN-EXT-00004 Carton CNWH63180: Assigned=Received, Actual=Received, ReceivedQty=10
[2026-04-23 15:37:38] INFO: ASN WMS-ASN-EXT-00004 Carton CNWH63196: Assigned=Received, Actual=Received, ReceivedQty=10
[2026-04-23 15:37:38] INFO: ASN WMS-ASN-EXT-00004 Carton CNWH63197: Assigned=Received, Actual=Received, ReceivedQty=10
[2026-04-23 15:37:38] INFO: ASN WMS-ASN-EXT-00004 Carton CNWH63198: Assigned=Received, Actual=Received, ReceivedQty=10
[2026-04-23 15:37:38] INFO: ASN WMS-ASN-EXT-00004 Carton CNWH63199: Assigned=Received, Actual=Received, ReceivedQty=10
[2026-04-23 15:37:38] INFO: ASN WMS-ASN-EXT-00004 Carton CNWH63200: Assigned=Received, Actual=Received, ReceivedQty=10
[2026-04-23 15:37:38] INFO: ASN WMS-ASN-EXT-00004 Carton CNWH63266: Assigned=Received, Actual=Received, ReceivedQty=10
[2026-04-23 15:37:38] INFO: ASN WMS-ASN-EXT-00004 Carton CNWH63268: Assigned=Received, Actual=Received, ReceivedQty=10
[2026-04-23 15:37:38] INFO: ASN WMS-ASN-EXT-00004 Carton CNWH63269: Assigned=Received, Actual=Received, ReceivedQty=10
[2026-04-23 15:37:38] INFO: ASN WMS-ASN-EXT-00004 Carton CNWH63270: Assigned=Received, Actual=Received, ReceivedQty=10
[2026-04-23 15:37:38] INFO: ASN WMS-ASN-EXT-00004 Carton CNWH63271: Assigned=Received, Actual=Received, ReceivedQty=10
[2026-04-23 15:37:38] INFO: ASN WMS-ASN-EXT-00004 Carton CNWH63272: Assigned=Received, Actual=Received, ReceivedQty=10
[2026-04-23 15:37:38] INFO: ASN WMS-ASN-EXT-00004 Carton CNWH63275: Assigned=Received, Actual=Received, ReceivedQty=10
[2026-04-23 15:37:38] INFO: ASN WMS-ASN-EXT-00004 Carton CNWH63277: Assigned=Received, Actual=Received, ReceivedQty=10
[2026-04-23 15:37:38] INFO: ASN WMS-ASN-EXT-00004 Carton CNWH63280: Assigned=Received, Actual=Received, ReceivedQty=10
[2026-04-23 15:37:38] INFO: ASN WMS-ASN-EXT-00004 Carton CNWH63282: Assigned=Received, Actual=Received, ReceivedQty=10
[2026-04-23 15:37:38] INFO: ASN WMS-ASN-EXT-00004 Carton CNWH63283: Assigned=Received, Actual=Received, ReceivedQty=10
[2026-04-23 15:37:38] INFO: ASN WMS-ASN-EXT-00004 Carton CNWH63284: Assigned=Received, Actual=Received, ReceivedQty=10
[2026-04-23 15:37:38] INFO: ASN WMS-ASN-EXT-00004 Carton CNWH63285: Assigned=Received, Actual=Received, ReceivedQty=10
[2026-04-23 15:37:38] INFO: ASN WMS-ASN-EXT-00004 Carton CNWH63286: Assigned=Received, Actual=Received, ReceivedQty=10
[2026-04-23 15:37:38] INFO: ASN WMS-ASN-EXT-00004 Carton CNWH63287: Assigned=Received, Actual=Received, ReceivedQty=10
[2026-04-23 15:37:38] INFO: ASN WMS-ASN-EXT-00004 Carton CNWH63288: Assigned=Received, Actual=Received, ReceivedQty=10
[2026-04-23 15:37:38] INFO: ASN WMS-ASN-EXT-00004 Carton CNWH63289: Assigned=Received, Actual=Received, ReceivedQty=10
[2026-04-23 15:37:38] INFO: ASN WMS-ASN-EXT-00004 Carton CNWH63441: Assigned=Received, Actual=Received, ReceivedQty=10
[2026-04-23 15:37:38] INFO: ASN WMS-ASN-EXT-00004 Carton CNWH63442: Assigned=Received, Actual=Received, ReceivedQty=10
[2026-04-23 15:37:38] INFO: ASN WMS-ASN-EXT-00004 Carton CNWH65363: Assigned=Received, Actual=Received, ReceivedQty=10
[2026-04-23 15:37:38] INFO: ASN WMS-ASN-EXT-00004 Carton CNWH63502: Assigned=Received, Actual=Received, ReceivedQty=10
[2026-04-23 15:37:38] INFO: ASN WMS-ASN-EXT-00004 Carton CNWH63502: Assigned=Received, Actual=Received, ReceivedQty=10
[2026-04-23 15:37:38] INFO: ASN WMS-ASN-EXT-00004 Carton CNWH64607: Assigned=Received, Actual=Received, ReceivedQty=10
[2026-04-23 15:37:41] INFO: ErpNextWmsSyncApiService: Fetched 4 item code(s) from ERPNext for ASN WMS-ASN-EXT-00004 (use as filter for PR/received qty).
[2026-04-23 15:37:41] INFO: ErpNextWmsSyncApiService: Pushing ASN received qty for WMS-ASN-EXT-00004, 60 line(s) (one per WMS detail row). Summary: [324249:10(ctn:CNWH63179), 324249:10(ctn:CNWH63180), 324249:10(ctn:CNWH63196), 324249:10(ctn:CNWH63197), 324249:10(ctn:CNWH63198), 324249:10(ctn:CNWH63199), 324249:10(ctn:CNWH63200), 324249:10(ctn:CNWH63266), 324249:10(ctn:CNWH63268), 324249:10(ctn:CNWH63269), 324249:10(ctn:CNWH63270), 324249:10(ctn:CNWH63271), 324249:10(ctn:CNWH63272), 324249:10(ctn:CNWH63275), 324249:10(ctn:CNWH63277), 324249:10(ctn:CNWH63280), 324249:10(ctn:CNWH63282), 324249:10(ctn:CNWH63283), 324249:10(ctn:CNWH63284), 324249:10(ctn:CNWH63285), 324249:10(ctn:CNWH63286), 324249:10(ctn:CNWH63287), 324249:10(ctn:CNWH63288), 324249:10(ctn:CNWH63289), 324249:10(ctn:CNWH63441), 324249:10(ctn:CNWH63442), 324249:10(ctn:CNWH63444), 324249:10(ctn:CNWH63446), 324249:10(ctn:CNWH63448), 324249:10(ctn:CNWH65363), 324250:10(ctn:CNWH63179), 324250:10(ctn:CNWH63180), 324250:10(ctn:CNWH63196), 324250:10(ctn:CNWH63197), 324250:10(ctn:CNWH63198), 324250:10(ctn:CNWH63199), 324250:10(ctn:CNWH63200), 324250:10(ctn:CNWH63266), 324250:10(ctn:CNWH63268), 324250:10(ctn:CNWH63269), 324250:10(ctn:CNWH63270), 324250:10(ctn:CNWH63271), 324250:10(ctn:CNWH63272), 324250:10(ctn:CNWH63275), 324250:10(ctn:CNWH63277), 324250:10(ctn:CNWH63280), 324250:10(ctn:CNWH63282), 324250:10(ctn:CNWH63283), 324250:10(ctn:CNWH63284), 324250:10(ctn:CNWH63285), 324250:10(ctn:CNWH63286), 324250:10(ctn:CNWH63287), 324250:10(ctn:CNWH63288), 324250:10(ctn:CNWH63289), 324250:10(ctn:CNWH63441), 324250:10(ctn:CNWH63442), 324250:10(ctn:CNWH65363), 324251:10(ctn:CNWH63502), 324252:10(ctn:CNWH63502), 324252:10(ctn:CNWH64607)], to http://printechsdammam.dyndns.org:88/api/method/printechs_wms.api.asn_receiving.update_asn_received_qty
[2026-04-23 15:37:41] ERROR: ErpNextWmsSyncApiService: ASN received qty API returned ExpectationFailed: {"exception":"frappe.exceptions.ValidationError: Failed to get method for command printechs_wms.api.asn_receiving.update_asn_received_qty with unindent does not match any outer indentation level (asn_receiving.py, line 449)","exc_type":"ValidationError","_exc_source":"printechs_wms (app)","exc":"[\"Traceback (most recent call last):\\n  File \\\"apps/frappe/frappe/handler.py\\\", line 74, in execute_cmd\\n    method = get_attr(cmd)\\n             ^^^^^^^^^^^^^\\n  File \\\"apps/frappe/frappe/handler.py\\\", line 292, in get_attr\\n    method = frappe.get_attr(cmd)\\n             ^^^^^^^^^^^^^^^^^^^^\\n  File \\\"apps/frappe/frappe/__init__.py\\\", line 1744, in get_attr\\n    return getattr(get_module(modulename), methodname)\\n                   ^^^^^^^^^^^^^^^^^^^^^^\\n  File \\\"apps/frappe/frappe/__init__.py\\\", line 1454, in get_module\\n    return importlib.import_module(modulename)\\n           ^^^^^^^^^^^^^^^^^^^^^^^^^^^^^^^^^^^\\n  File \\\"/usr/lib/python3.12/importlib/__init__.py\\\", line 90, in import_module\\n    return _bootstrap._gcd_import(name[level:], package, level)\\n           ^^^^^^^^^^^^^^^^^^^^^^^^^^^^^^^^^^^^^^^^^^^^^^^^^^^^\\n  File \\\"<frozen importlib._bootstrap>\\\", line 1387, in _gcd_import\\n  File \\\"<frozen importlib._bootstrap>\\\", line 1360, in _find_and_load\\n  File \\\"<frozen importlib._bootstrap>\\\", line 1331, in _find_and_load_unlocked\\n  File \\\"<frozen importlib._bootstrap>\\\", line 935, in _load_unlocked\\n  File \\\"<frozen importlib._bootstrap_external>\\\", line 991, in exec_module\\n  File \\\"<frozen importlib._bootstrap_external>\\\", line 1129, in get_code\\n  File \\\"<frozen importlib._bootstrap_external>\\\", line 1059, in source_to_code\\n  File \\\"<frozen importlib._bootstrap>\\\", line 488, in _call_with_frames_removed\\n  File \\\"apps/printechs_wms/printechs_wms/api/asn_receiving.py\\\", line 449\\n    updated.append({\\n                    ^\\nIndentationError: unindent does not match any outer indentation level\\n\\nDuring handling of the above exception, another exception occurred:\\n\\nTraceback (most recent call last):\\n  File \\\"apps/frappe/frappe/app.py\\\", line 120, in application\\n    response = frappe.api.handle(request)\\n               ^^^^^^^^^^^^^^^^^^^^^^^^^^\\n  File \\\"apps/frappe/frappe/api/__init__.py\\\", line 52, in handle\\n    data = endpoint(**arguments)\\n           ^^^^^^^^^^^^^^^^^^^^^\\n  File \\\"apps/frappe/frappe/api/v1.py\\\", line 40, in handle_rpc_call\\n    return frappe.handler.handle()\\n           ^^^^^^^^^^^^^^^^^^^^^^^\\n  File \\\"apps/frappe/frappe/handler.py\\\", line 52, in handle\\n    data = execute_cmd(cmd)\\n           ^^^^^^^^^^^^^^^^\\n  File \\\"apps/frappe/frappe/handler.py\\\", line 76, in execute_cmd\\n    frappe.throw(_(\\\"Failed to get method for command {0} with {1}\\\").format(cmd, e))\\n  File \\\"apps/frappe/frappe/__init__.py\\\", line 609, in throw\\n    msgprint(\\n  File \\\"apps/frappe/frappe/__init__.py\\\", line 574, in msgprint\\n    _raise_exception()\\n  File \\\"apps/frappe/frappe/__init__.py\\\", line 525, in _raise_exception\\n    raise exc\\nfrappe.exceptions.ValidationError: Failed to get method for command printechs_wms.api.asn_receiving.update_asn_received_qty with unindent does not match any outer indentation level (asn_receiving.py, line 449)\\n\"]","_server_messages":"[\"{\\\"message\\\": \\\"Failed to get method for command printechs_wms.api.asn_receiving.update_asn_received_qty with unindent does not match any outer indentation level (asn_receiving.py, line 449)\\\", \\\"title\\\": \\\"Message\\\", \\\"indicator\\\": \\\"red\\\", \\\"raise_exception\\\": 1, \\\"__frappe_exc_id\\\": \\\"bb8452bab2b71fbdd9b1100c9bf585c082ef570bffe8777ba4f56c96\\\"}\"]"}
--------------------------------------------------------------------------------
[2026-04-23 15:37:42] INFO: ASN ASN-0001 Carton CNWH12858: Assigned=Assigned, Actual=Assigned, ReceivedQty=0
[2026-04-23 15:37:42] INFO: ASN ASN-0001 Carton CNWH12854: Assigned=Assigned, Actual=Assigned, ReceivedQty=0
[2026-04-23 15:37:42] INFO: ASN ASN-0001 Carton CNWH15390: Assigned=Assigned, Actual=Assigned, ReceivedQty=0
[2026-04-23 15:37:42] INFO: ASN ASN-0001 Carton CNWH42441: Assigned=Assigned, Actual=Assigned, ReceivedQty=0
[2026-04-23 15:37:42] INFO: ASN ASN-0001 Carton CNWH64571: Assigned=Assigned, Actual=Assigned, ReceivedQty=0
[2026-04-23 15:37:42] INFO: ASN ASN-0001 Carton CNWH64521: Assigned=Assigned, Actual=Assigned, ReceivedQty=0
[2026-04-23 15:37:42] INFO: ASN ASN-0001 Carton CNWH63561: Assigned=Assigned, Actual=Assigned, ReceivedQty=0
[2026-04-23 15:37:42] INFO: ASN ASN-0001 Carton CNWH63609: Assigned=Assigned, Actual=Assigned, ReceivedQty=0
[2026-04-23 15:37:42] INFO: ASN WMS-ASN-EXT-00004 Carton CNWH63179: Assigned=Received, Actual=Received, ReceivedQty=10
[2026-04-23 15:37:42] INFO: ASN WMS-ASN-EXT-00004 Carton CNWH63180: Assigned=Received, Actual=Received, ReceivedQty=10
[2026-04-23 15:37:42] INFO: ASN WMS-ASN-EXT-00004 Carton CNWH63196: Assigned=Received, Actual=Received, ReceivedQty=10
[2026-04-23 15:37:42] INFO: ASN WMS-ASN-EXT-00004 Carton CNWH63197: Assigned=Received, Actual=Received, ReceivedQty=10
[2026-04-23 15:37:42] INFO: ASN WMS-ASN-EXT-00004 Carton CNWH63198: Assigned=Received, Actual=Received, ReceivedQty=10
[2026-04-23 15:37:42] INFO: ASN WMS-ASN-EXT-00004 Carton CNWH63199: Assigned=Received, Actual=Received, ReceivedQty=10
[2026-04-23 15:37:42] INFO: ASN WMS-ASN-EXT-00004 Carton CNWH63200: Assigned=Received, Actual=Received, ReceivedQty=10
[2026-04-23 15:37:42] INFO: ASN WMS-ASN-EXT-00004 Carton CNWH63266: Assigned=Received, Actual=Received, ReceivedQty=10
[2026-04-23 15:37:42] INFO: ASN WMS-ASN-EXT-00004 Carton CNWH63268: Assigned=Received, Actual=Received, ReceivedQty=10
[2026-04-23 15:37:42] INFO: ASN WMS-ASN-EXT-00004 Carton CNWH63269: Assigned=Received, Actual=Received, ReceivedQty=10
[2026-04-23 15:37:42] INFO: ASN WMS-ASN-EXT-00004 Carton CNWH63270: Assigned=Received, Actual=Received, ReceivedQty=10
[2026-04-23 15:37:42] INFO: ASN WMS-ASN-EXT-00004 Carton CNWH63271: Assigned=Received, Actual=Received, ReceivedQty=10
[2026-04-23 15:37:42] INFO: ASN WMS-ASN-EXT-00004 Carton CNWH63272: Assigned=Received, Actual=Received, ReceivedQty=10
[2026-04-23 15:37:42] INFO: ASN WMS-ASN-EXT-00004 Carton CNWH63275: Assigned=Received, Actual=Received, ReceivedQty=10
[2026-04-23 15:37:42] INFO: ASN WMS-ASN-EXT-00004 Carton CNWH63277: Assigned=Received, Actual=Received, ReceivedQty=10
[2026-04-23 15:37:42] INFO: ASN WMS-ASN-EXT-00004 Carton CNWH63280: Assigned=Received, Actual=Received, ReceivedQty=10
[2026-04-23 15:37:42] INFO: ASN WMS-ASN-EXT-00004 Carton CNWH63282: Assigned=Received, Actual=Received, ReceivedQty=10
[2026-04-23 15:37:42] INFO: ASN WMS-ASN-EXT-00004 Carton CNWH63283: Assigned=Received, Actual=Received, ReceivedQty=10
[2026-04-23 15:37:42] INFO: ASN WMS-ASN-EXT-00004 Carton CNWH63284: Assigned=Received, Actual=Received, ReceivedQty=10
[2026-04-23 15:37:42] INFO: ASN WMS-ASN-EXT-00004 Carton CNWH63285: Assigned=Received, Actual=Received, ReceivedQty=10
[2026-04-23 15:37:42] INFO: ASN WMS-ASN-EXT-00004 Carton CNWH63286: Assigned=Received, Actual=Received, ReceivedQty=10
[2026-04-23 15:37:42] INFO: ASN WMS-ASN-EXT-00004 Carton CNWH63287: Assigned=Received, Actual=Received, ReceivedQty=10
[2026-04-23 15:37:42] INFO: ASN WMS-ASN-EXT-00004 Carton CNWH63288: Assigned=Received, Actual=Received, ReceivedQty=10
[2026-04-23 15:37:42] INFO: ASN WMS-ASN-EXT-00004 Carton CNWH63289: Assigned=Received, Actual=Received, ReceivedQty=10
[2026-04-23 15:37:42] INFO: ASN WMS-ASN-EXT-00004 Carton CNWH63441: Assigned=Received, Actual=Received, ReceivedQty=10
[2026-04-23 15:37:42] INFO: ASN WMS-ASN-EXT-00004 Carton CNWH63442: Assigned=Received, Actual=Received, ReceivedQty=10
[2026-04-23 15:37:42] INFO: ASN WMS-ASN-EXT-00004 Carton CNWH63444: Assigned=Received, Actual=Received, ReceivedQty=10
[2026-04-23 15:37:42] INFO: ASN WMS-ASN-EXT-00004 Carton CNWH63446: Assigned=Received, Actual=Received, ReceivedQty=10
[2026-04-23 15:37:42] INFO: ASN WMS-ASN-EXT-00004 Carton CNWH63448: Assigned=Received, Actual=Received, ReceivedQty=10
[2026-04-23 15:37:42] INFO: ASN WMS-ASN-EXT-00004 Carton CNWH65363: Assigned=Received, Actual=Received, ReceivedQty=10
[2026-04-23 15:37:42] INFO: ASN WMS-ASN-EXT-00004 Carton CNWH63179: Assigned=Received, Actual=Received, ReceivedQty=10
[2026-04-23 15:37:42] INFO: ASN WMS-ASN-EXT-00004 Carton CNWH63180: Assigned=Received, Actual=Received, ReceivedQty=10
[2026-04-23 15:37:42] INFO: ASN WMS-ASN-EXT-00004 Carton CNWH63196: Assigned=Received, Actual=Received, ReceivedQty=10
[2026-04-23 15:37:42] INFO: ASN WMS-ASN-EXT-00004 Carton CNWH63197: Assigned=Received, Actual=Received, ReceivedQty=10
[2026-04-23 15:37:42] INFO: ASN WMS-ASN-EXT-00004 Carton CNWH63198: Assigned=Received, Actual=Received, ReceivedQty=10
[2026-04-23 15:37:42] INFO: ASN WMS-ASN-EXT-00004 Carton CNWH63199: Assigned=Received, Actual=Received, ReceivedQty=10
[2026-04-23 15:37:42] INFO: ASN WMS-ASN-EXT-00004 Carton CNWH63200: Assigned=Received, Actual=Received, ReceivedQty=10
[2026-04-23 15:37:42] INFO: ASN WMS-ASN-EXT-00004 Carton CNWH63266: Assigned=Received, Actual=Received, ReceivedQty=10
[2026-04-23 15:37:42] INFO: ASN WMS-ASN-EXT-00004 Carton CNWH63268: Assigned=Received, Actual=Received, ReceivedQty=10
[2026-04-23 15:37:42] INFO: ASN WMS-ASN-EXT-00004 Carton CNWH63269: Assigned=Received, Actual=Received, ReceivedQty=10
[2026-04-23 15:37:42] INFO: ASN WMS-ASN-EXT-00004 Carton CNWH63270: Assigned=Received, Actual=Received, ReceivedQty=10
[2026-04-23 15:37:42] INFO: ASN WMS-ASN-EXT-00004 Carton CNWH63271: Assigned=Received, Actual=Received, ReceivedQty=10
[2026-04-23 15:37:42] INFO: ASN WMS-ASN-EXT-00004 Carton CNWH63272: Assigned=Received, Actual=Received, ReceivedQty=10
[2026-04-23 15:37:42] INFO: ASN WMS-ASN-EXT-00004 Carton CNWH63275: Assigned=Received, Actual=Received, ReceivedQty=10
[2026-04-23 15:37:42] INFO: ASN WMS-ASN-EXT-00004 Carton CNWH63277: Assigned=Received, Actual=Received, ReceivedQty=10
[2026-04-23 15:37:42] INFO: ASN WMS-ASN-EXT-00004 Carton CNWH63280: Assigned=Received, Actual=Received, ReceivedQty=10
[2026-04-23 15:37:42] INFO: ASN WMS-ASN-EXT-00004 Carton CNWH63282: Assigned=Received, Actual=Received, ReceivedQty=10
[2026-04-23 15:37:42] INFO: ASN WMS-ASN-EXT-00004 Carton CNWH63283: Assigned=Received, Actual=Received, ReceivedQty=10
[2026-04-23 15:37:42] INFO: ASN WMS-ASN-EXT-00004 Carton CNWH63284: Assigned=Received, Actual=Received, ReceivedQty=10
[2026-04-23 15:37:42] INFO: ASN WMS-ASN-EXT-00004 Carton CNWH63285: Assigned=Received, Actual=Received, ReceivedQty=10
[2026-04-23 15:37:42] INFO: ASN WMS-ASN-EXT-00004 Carton CNWH63286: Assigned=Received, Actual=Received, ReceivedQty=10
[2026-04-23 15:37:42] INFO: ASN WMS-ASN-EXT-00004 Carton CNWH63287: Assigned=Received, Actual=Received, ReceivedQty=10
[2026-04-23 15:37:42] INFO: ASN WMS-ASN-EXT-00004 Carton CNWH63288: Assigned=Received, Actual=Received, ReceivedQty=10
[2026-04-23 15:37:42] INFO: ASN WMS-ASN-EXT-00004 Carton CNWH63289: Assigned=Received, Actual=Received, ReceivedQty=10
[2026-04-23 15:37:42] INFO: ASN WMS-ASN-EXT-00004 Carton CNWH63441: Assigned=Received, Actual=Received, ReceivedQty=10
[2026-04-23 15:37:42] INFO: ASN WMS-ASN-EXT-00004 Carton CNWH63442: Assigned=Received, Actual=Received, ReceivedQty=10
[2026-04-23 15:37:42] INFO: ASN WMS-ASN-EXT-00004 Carton CNWH65363: Assigned=Received, Actual=Received, ReceivedQty=10
[2026-04-23 15:37:42] INFO: ASN WMS-ASN-EXT-00004 Carton CNWH63502: Assigned=Received, Actual=Received, ReceivedQty=10
[2026-04-23 15:37:42] INFO: ASN WMS-ASN-EXT-00004 Carton CNWH63502: Assigned=Received, Actual=Received, ReceivedQty=10
[2026-04-23 15:37:42] INFO: ASN WMS-ASN-EXT-00004 Carton CNWH64607: Assigned=Received, Actual=Received, ReceivedQty=10
[2026-04-23 15:37:58] INFO: AuthService: Attempting login to http://localhost:3000/api/auth/login for user sysadmin
[2026-04-23 15:38:00] INFO: AuthService: Login response status: OK
[2026-04-23 15:38:00] INFO: AuthService: Login successful for user sysadmin
[2026-04-23 15:38:03] INFO: ASN ASN-0001 Carton CNWH12858: Assigned=Assigned, Actual=Assigned, ReceivedQty=0
[2026-04-23 15:38:03] INFO: ASN ASN-0001 Carton CNWH12854: Assigned=Assigned, Actual=Assigned, ReceivedQty=0
[2026-04-23 15:38:03] INFO: ASN ASN-0001 Carton CNWH15390: Assigned=Assigned, Actual=Assigned, ReceivedQty=0
[2026-04-23 15:38:03] INFO: ASN ASN-0001 Carton CNWH42441: Assigned=Assigned, Actual=Assigned, ReceivedQty=0
[2026-04-23 15:38:03] INFO: ASN ASN-0001 Carton CNWH64571: Assigned=Assigned, Actual=Assigned, ReceivedQty=0
[2026-04-23 15:38:03] INFO: ASN ASN-0001 Carton CNWH64521: Assigned=Assigned, Actual=Assigned, ReceivedQty=0
[2026-04-23 15:38:03] INFO: ASN ASN-0001 Carton CNWH63561: Assigned=Assigned, Actual=Assigned, ReceivedQty=0
[2026-04-23 15:38:03] INFO: ASN ASN-0001 Carton CNWH63609: Assigned=Assigned, Actual=Assigned, ReceivedQty=0
[2026-04-23 15:38:03] INFO: ASN WMS-ASN-EXT-00004 Carton CNWH63179: Assigned=Received, Actual=Received, ReceivedQty=10
[2026-04-23 15:38:03] INFO: ASN WMS-ASN-EXT-00004 Carton CNWH63180: Assigned=Received, Actual=Received, ReceivedQty=10
[2026-04-23 15:38:03] INFO: ASN WMS-ASN-EXT-00004 Carton CNWH63196: Assigned=Received, Actual=Received, ReceivedQty=10
[2026-04-23 15:38:03] INFO: ASN WMS-ASN-EXT-00004 Carton CNWH63197: Assigned=Received, Actual=Received, ReceivedQty=10
[2026-04-23 15:38:03] INFO: ASN WMS-ASN-EXT-00004 Carton CNWH63198: Assigned=Received, Actual=Received, ReceivedQty=10
[2026-04-23 15:38:03] INFO: ASN WMS-ASN-EXT-00004 Carton CNWH63199: Assigned=Received, Actual=Received, ReceivedQty=10
[2026-04-23 15:38:03] INFO: ASN WMS-ASN-EXT-00004 Carton CNWH63200: Assigned=Received, Actual=Received, ReceivedQty=10
[2026-04-23 15:38:03] INFO: ASN WMS-ASN-EXT-00004 Carton CNWH63266: Assigned=Received, Actual=Received, ReceivedQty=10
[2026-04-23 15:38:03] INFO: ASN WMS-ASN-EXT-00004 Carton CNWH63268: Assigned=Received, Actual=Received, ReceivedQty=10
[2026-04-23 15:38:03] INFO: ASN WMS-ASN-EXT-00004 Carton CNWH63269: Assigned=Received, Actual=Received, ReceivedQty=10
[2026-04-23 15:38:03] INFO: ASN WMS-ASN-EXT-00004 Carton CNWH63270: Assigned=Received, Actual=Received, ReceivedQty=10
[2026-04-23 15:38:03] INFO: ASN WMS-ASN-EXT-00004 Carton CNWH63271: Assigned=Received, Actual=Received, ReceivedQty=10
[2026-04-23 15:38:03] INFO: ASN WMS-ASN-EXT-00004 Carton CNWH63272: Assigned=Received, Actual=Received, ReceivedQty=10
[2026-04-23 15:38:03] INFO: ASN WMS-ASN-EXT-00004 Carton CNWH63275: Assigned=Received, Actual=Received, ReceivedQty=10
[2026-04-23 15:38:03] INFO: ASN WMS-ASN-EXT-00004 Carton CNWH63277: Assigned=Received, Actual=Received, ReceivedQty=10
[2026-04-23 15:38:03] INFO: ASN WMS-ASN-EXT-00004 Carton CNWH63280: Assigned=Received, Actual=Received, ReceivedQty=10
[2026-04-23 15:38:03] INFO: ASN WMS-ASN-EXT-00004 Carton CNWH63282: Assigned=Received, Actual=Received, ReceivedQty=10
[2026-04-23 15:38:03] INFO: ASN WMS-ASN-EXT-00004 Carton CNWH63283: Assigned=Received, Actual=Received, ReceivedQty=10
[2026-04-23 15:38:03] INFO: ASN WMS-ASN-EXT-00004 Carton CNWH63284: Assigned=Received, Actual=Received, ReceivedQty=10
[2026-04-23 15:38:03] INFO: ASN WMS-ASN-EXT-00004 Carton CNWH63285: Assigned=Received, Actual=Received, ReceivedQty=10
[2026-04-23 15:38:03] INFO: ASN WMS-ASN-EXT-00004 Carton CNWH63286: Assigned=Received, Actual=Received, ReceivedQty=10
[2026-04-23 15:38:03] INFO: ASN WMS-ASN-EXT-00004 Carton CNWH63287: Assigned=Received, Actual=Received, ReceivedQty=10
[2026-04-23 15:38:03] INFO: ASN WMS-ASN-EXT-00004 Carton CNWH63288: Assigned=Received, Actual=Received, ReceivedQty=10
[2026-04-23 15:38:03] INFO: ASN WMS-ASN-EXT-00004 Carton CNWH63289: Assigned=Received, Actual=Received, ReceivedQty=10
[2026-04-23 15:38:03] INFO: ASN WMS-ASN-EXT-00004 Carton CNWH63441: Assigned=Received, Actual=Received, ReceivedQty=10
[2026-04-23 15:38:03] INFO: ASN WMS-ASN-EXT-00004 Carton CNWH63442: Assigned=Received, Actual=Received, ReceivedQty=10
[2026-04-23 15:38:03] INFO: ASN WMS-ASN-EXT-00004 Carton CNWH63444: Assigned=Received, Actual=Received, ReceivedQty=10
[2026-04-23 15:38:03] INFO: ASN WMS-ASN-EXT-00004 Carton CNWH63446: Assigned=Received, Actual=Received, ReceivedQty=10
[2026-04-23 15:38:03] INFO: ASN WMS-ASN-EXT-00004 Carton CNWH63448: Assigned=Received, Actual=Received, ReceivedQty=10
[2026-04-23 15:38:03] INFO: ASN WMS-ASN-EXT-00004 Carton CNWH65363: Assigned=Received, Actual=Received, ReceivedQty=10
[2026-04-23 15:38:03] INFO: ASN WMS-ASN-EXT-00004 Carton CNWH63179: Assigned=Received, Actual=Received, ReceivedQty=10
[2026-04-23 15:38:03] INFO: ASN WMS-ASN-EXT-00004 Carton CNWH63180: Assigned=Received, Actual=Received, ReceivedQty=10
[2026-04-23 15:38:03] INFO: ASN WMS-ASN-EXT-00004 Carton CNWH63196: Assigned=Received, Actual=Received, ReceivedQty=10
[2026-04-23 15:38:03] INFO: ASN WMS-ASN-EXT-00004 Carton CNWH63197: Assigned=Received, Actual=Received, ReceivedQty=10
[2026-04-23 15:38:03] INFO: ASN WMS-ASN-EXT-00004 Carton CNWH63198: Assigned=Received, Actual=Received, ReceivedQty=10
[2026-04-23 15:38:03] INFO: ASN WMS-ASN-EXT-00004 Carton CNWH63199: Assigned=Received, Actual=Received, ReceivedQty=10
[2026-04-23 15:38:03] INFO: ASN WMS-ASN-EXT-00004 Carton CNWH63200: Assigned=Received, Actual=Received, ReceivedQty=10
[2026-04-23 15:38:03] INFO: ASN WMS-ASN-EXT-00004 Carton CNWH63266: Assigned=Received, Actual=Received, ReceivedQty=10
[2026-04-23 15:38:03] INFO: ASN WMS-ASN-EXT-00004 Carton CNWH63268: Assigned=Received, Actual=Received, ReceivedQty=10
[2026-04-23 15:38:03] INFO: ASN WMS-ASN-EXT-00004 Carton CNWH63269: Assigned=Received, Actual=Received, ReceivedQty=10
[2026-04-23 15:38:03] INFO: ASN WMS-ASN-EXT-00004 Carton CNWH63270: Assigned=Received, Actual=Received, ReceivedQty=10
[2026-04-23 15:38:03] INFO: ASN WMS-ASN-EXT-00004 Carton CNWH63271: Assigned=Received, Actual=Received, ReceivedQty=10
[2026-04-23 15:38:03] INFO: ASN WMS-ASN-EXT-00004 Carton CNWH63272: Assigned=Received, Actual=Received, ReceivedQty=10
[2026-04-23 15:38:03] INFO: ASN WMS-ASN-EXT-00004 Carton CNWH63275: Assigned=Received, Actual=Received, ReceivedQty=10
[2026-04-23 15:38:03] INFO: ASN WMS-ASN-EXT-00004 Carton CNWH63277: Assigned=Received, Actual=Received, ReceivedQty=10
[2026-04-23 15:38:03] INFO: ASN WMS-ASN-EXT-00004 Carton CNWH63280: Assigned=Received, Actual=Received, ReceivedQty=10
[2026-04-23 15:38:03] INFO: ASN WMS-ASN-EXT-00004 Carton CNWH63282: Assigned=Received, Actual=Received, ReceivedQty=10
[2026-04-23 15:38:03] INFO: ASN WMS-ASN-EXT-00004 Carton CNWH63283: Assigned=Received, Actual=Received, ReceivedQty=10
[2026-04-23 15:38:03] INFO: ASN WMS-ASN-EXT-00004 Carton CNWH63284: Assigned=Received, Actual=Received, ReceivedQty=10
[2026-04-23 15:38:03] INFO: ASN WMS-ASN-EXT-00004 Carton CNWH63285: Assigned=Received, Actual=Received, ReceivedQty=10
[2026-04-23 15:38:03] INFO: ASN WMS-ASN-EXT-00004 Carton CNWH63286: Assigned=Received, Actual=Received, ReceivedQty=10
[2026-04-23 15:38:03] INFO: ASN WMS-ASN-EXT-00004 Carton CNWH63287: Assigned=Received, Actual=Received, ReceivedQty=10
[2026-04-23 15:38:03] INFO: ASN WMS-ASN-EXT-00004 Carton CNWH63288: Assigned=Received, Actual=Received, ReceivedQty=10
[2026-04-23 15:38:03] INFO: ASN WMS-ASN-EXT-00004 Carton CNWH63289: Assigned=Received, Actual=Received, ReceivedQty=10
[2026-04-23 15:38:03] INFO: ASN WMS-ASN-EXT-00004 Carton CNWH63441: Assigned=Received, Actual=Received, ReceivedQty=10
[2026-04-23 15:38:03] INFO: ASN WMS-ASN-EXT-00004 Carton CNWH63442: Assigned=Received, Actual=Received, ReceivedQty=10
[2026-04-23 15:38:03] INFO: ASN WMS-ASN-EXT-00004 Carton CNWH65363: Assigned=Received, Actual=Received, ReceivedQty=10
[2026-04-23 15:38:03] INFO: ASN WMS-ASN-EXT-00004 Carton CNWH63502: Assigned=Received, Actual=Received, ReceivedQty=10
[2026-04-23 15:38:03] INFO: ASN WMS-ASN-EXT-00004 Carton CNWH63502: Assigned=Received, Actual=Received, ReceivedQty=10
[2026-04-23 15:38:03] INFO: ASN WMS-ASN-EXT-00004 Carton CNWH64607: Assigned=Received, Actual=Received, ReceivedQty=10
[2026-04-23 15:38:04] INFO: ASN ASN-0001 Carton CNWH12858: Assigned=Assigned, Actual=Assigned, ReceivedQty=0
[2026-04-23 15:38:04] INFO: ASN ASN-0001 Carton CNWH12854: Assigned=Assigned, Actual=Assigned, ReceivedQty=0
[2026-04-23 15:38:04] INFO: ASN ASN-0001 Carton CNWH15390: Assigned=Assigned, Actual=Assigned, ReceivedQty=0
[2026-04-23 15:38:04] INFO: ASN ASN-0001 Carton CNWH42441: Assigned=Assigned, Actual=Assigned, ReceivedQty=0
[2026-04-23 15:38:04] INFO: ASN ASN-0001 Carton CNWH64571: Assigned=Assigned, Actual=Assigned, ReceivedQty=0
[2026-04-23 15:38:04] INFO: ASN ASN-0001 Carton CNWH64521: Assigned=Assigned, Actual=Assigned, ReceivedQty=0
[2026-04-23 15:38:04] INFO: ASN ASN-0001 Carton CNWH63561: Assigned=Assigned, Actual=Assigned, ReceivedQty=0
[2026-04-23 15:38:04] INFO: ASN ASN-0001 Carton CNWH63609: Assigned=Assigned, Actual=Assigned, ReceivedQty=0
[2026-04-23 15:38:04] INFO: ASN WMS-ASN-EXT-00004 Carton CNWH63179: Assigned=Received, Actual=Received, ReceivedQty=10
[2026-04-23 15:38:04] INFO: ASN WMS-ASN-EXT-00004 Carton CNWH63180: Assigned=Received, Actual=Received, ReceivedQty=10
[2026-04-23 15:38:04] INFO: ASN WMS-ASN-EXT-00004 Carton CNWH63196: Assigned=Received, Actual=Received, ReceivedQty=10
[2026-04-23 15:38:04] INFO: ASN WMS-ASN-EXT-00004 Carton CNWH63197: Assigned=Received, Actual=Received, ReceivedQty=10
[2026-04-23 15:38:04] INFO: ASN WMS-ASN-EXT-00004 Carton CNWH63198: Assigned=Received, Actual=Received, ReceivedQty=10
[2026-04-23 15:38:04] INFO: ASN WMS-ASN-EXT-00004 Carton CNWH63199: Assigned=Received, Actual=Received, ReceivedQty=10
[2026-04-23 15:38:04] INFO: ASN WMS-ASN-EXT-00004 Carton CNWH63200: Assigned=Received, Actual=Received, ReceivedQty=10
[2026-04-23 15:38:04] INFO: ASN WMS-ASN-EXT-00004 Carton CNWH63266: Assigned=Received, Actual=Received, ReceivedQty=10
[2026-04-23 15:38:04] INFO: ASN WMS-ASN-EXT-00004 Carton CNWH63268: Assigned=Received, Actual=Received, ReceivedQty=10
[2026-04-23 15:38:04] INFO: ASN WMS-ASN-EXT-00004 Carton CNWH63269: Assigned=Received, Actual=Received, ReceivedQty=10
[2026-04-23 15:38:04] INFO: ASN WMS-ASN-EXT-00004 Carton CNWH63270: Assigned=Received, Actual=Received, ReceivedQty=10
[2026-04-23 15:38:04] INFO: ASN WMS-ASN-EXT-00004 Carton CNWH63271: Assigned=Received, Actual=Received, ReceivedQty=10
[2026-04-23 15:38:04] INFO: ASN WMS-ASN-EXT-00004 Carton CNWH63272: Assigned=Received, Actual=Received, ReceivedQty=10
[2026-04-23 15:38:04] INFO: ASN WMS-ASN-EXT-00004 Carton CNWH63275: Assigned=Received, Actual=Received, ReceivedQty=10
[2026-04-23 15:38:04] INFO: ASN WMS-ASN-EXT-00004 Carton CNWH63277: Assigned=Received, Actual=Received, ReceivedQty=10
[2026-04-23 15:38:04] INFO: ASN WMS-ASN-EXT-00004 Carton CNWH63280: Assigned=Received, Actual=Received, ReceivedQty=10
[2026-04-23 15:38:04] INFO: ASN WMS-ASN-EXT-00004 Carton CNWH63282: Assigned=Received, Actual=Received, ReceivedQty=10
[2026-04-23 15:38:04] INFO: ASN WMS-ASN-EXT-00004 Carton CNWH63283: Assigned=Received, Actual=Received, ReceivedQty=10
[2026-04-23 15:38:04] INFO: ASN WMS-ASN-EXT-00004 Carton CNWH63284: Assigned=Received, Actual=Received, ReceivedQty=10
[2026-04-23 15:38:04] INFO: ASN WMS-ASN-EXT-00004 Carton CNWH63285: Assigned=Received, Actual=Received, ReceivedQty=10
[2026-04-23 15:38:04] INFO: ASN WMS-ASN-EXT-00004 Carton CNWH63286: Assigned=Received, Actual=Received, ReceivedQty=10
[2026-04-23 15:38:04] INFO: ASN WMS-ASN-EXT-00004 Carton CNWH63287: Assigned=Received, Actual=Received, ReceivedQty=10
[2026-04-23 15:38:04] INFO: ASN WMS-ASN-EXT-00004 Carton CNWH63288: Assigned=Received, Actual=Received, ReceivedQty=10
[2026-04-23 15:38:04] INFO: ASN WMS-ASN-EXT-00004 Carton CNWH63289: Assigned=Received, Actual=Received, ReceivedQty=10
[2026-04-23 15:38:04] INFO: ASN WMS-ASN-EXT-00004 Carton CNWH63441: Assigned=Received, Actual=Received, ReceivedQty=10
[2026-04-23 15:38:04] INFO: ASN WMS-ASN-EXT-00004 Carton CNWH63442: Assigned=Received, Actual=Received, ReceivedQty=10
[2026-04-23 15:38:04] INFO: ASN WMS-ASN-EXT-00004 Carton CNWH63444: Assigned=Received, Actual=Received, ReceivedQty=10
[2026-04-23 15:38:04] INFO: ASN WMS-ASN-EXT-00004 Carton CNWH63446: Assigned=Received, Actual=Received, ReceivedQty=10
[2026-04-23 15:38:04] INFO: ASN WMS-ASN-EXT-00004 Carton CNWH63448: Assigned=Received, Actual=Received, ReceivedQty=10
[2026-04-23 15:38:04] INFO: ASN WMS-ASN-EXT-00004 Carton CNWH65363: Assigned=Received, Actual=Received, ReceivedQty=10
[2026-04-23 15:38:04] INFO: ASN WMS-ASN-EXT-00004 Carton CNWH63179: Assigned=Received, Actual=Received, ReceivedQty=10
[2026-04-23 15:38:04] INFO: ASN WMS-ASN-EXT-00004 Carton CNWH63180: Assigned=Received, Actual=Received, ReceivedQty=10
[2026-04-23 15:38:04] INFO: ASN WMS-ASN-EXT-00004 Carton CNWH63196: Assigned=Received, Actual=Received, ReceivedQty=10
[2026-04-23 15:38:04] INFO: ASN WMS-ASN-EXT-00004 Carton CNWH63197: Assigned=Received, Actual=Received, ReceivedQty=10
[2026-04-23 15:38:04] INFO: ASN WMS-ASN-EXT-00004 Carton CNWH63198: Assigned=Received, Actual=Received, ReceivedQty=10
[2026-04-23 15:38:04] INFO: ASN WMS-ASN-EXT-00004 Carton CNWH63199: Assigned=Received, Actual=Received, ReceivedQty=10
[2026-04-23 15:38:04] INFO: ASN WMS-ASN-EXT-00004 Carton CNWH63200: Assigned=Received, Actual=Received, ReceivedQty=10
[2026-04-23 15:38:04] INFO: ASN WMS-ASN-EXT-00004 Carton CNWH63266: Assigned=Received, Actual=Received, ReceivedQty=10
[2026-04-23 15:38:04] INFO: ASN WMS-ASN-EXT-00004 Carton CNWH63268: Assigned=Received, Actual=Received, ReceivedQty=10
[2026-04-23 15:38:04] INFO: ASN WMS-ASN-EXT-00004 Carton CNWH63269: Assigned=Received, Actual=Received, ReceivedQty=10
[2026-04-23 15:38:04] INFO: ASN WMS-ASN-EXT-00004 Carton CNWH63270: Assigned=Received, Actual=Received, ReceivedQty=10
[2026-04-23 15:38:04] INFO: ASN WMS-ASN-EXT-00004 Carton CNWH63271: Assigned=Received, Actual=Received, ReceivedQty=10
[2026-04-23 15:38:04] INFO: ASN WMS-ASN-EXT-00004 Carton CNWH63272: Assigned=Received, Actual=Received, ReceivedQty=10
[2026-04-23 15:38:04] INFO: ASN WMS-ASN-EXT-00004 Carton CNWH63275: Assigned=Received, Actual=Received, ReceivedQty=10
[2026-04-23 15:38:04] INFO: ASN WMS-ASN-EXT-00004 Carton CNWH63277: Assigned=Received, Actual=Received, ReceivedQty=10
[2026-04-23 15:38:04] INFO: ASN WMS-ASN-EXT-00004 Carton CNWH63280: Assigned=Received, Actual=Received, ReceivedQty=10
[2026-04-23 15:38:04] INFO: ASN WMS-ASN-EXT-00004 Carton CNWH63282: Assigned=Received, Actual=Received, ReceivedQty=10
[2026-04-23 15:38:04] INFO: ASN WMS-ASN-EXT-00004 Carton CNWH63283: Assigned=Received, Actual=Received, ReceivedQty=10
[2026-04-23 15:38:04] INFO: ASN WMS-ASN-EXT-00004 Carton CNWH63284: Assigned=Received, Actual=Received, ReceivedQty=10
[2026-04-23 15:38:04] INFO: ASN WMS-ASN-EXT-00004 Carton CNWH63285: Assigned=Received, Actual=Received, ReceivedQty=10
[2026-04-23 15:38:04] INFO: ASN WMS-ASN-EXT-00004 Carton CNWH63286: Assigned=Received, Actual=Received, ReceivedQty=10
[2026-04-23 15:38:04] INFO: ASN WMS-ASN-EXT-00004 Carton CNWH63287: Assigned=Received, Actual=Received, ReceivedQty=10
[2026-04-23 15:38:04] INFO: ASN WMS-ASN-EXT-00004 Carton CNWH63288: Assigned=Received, Actual=Received, ReceivedQty=10
[2026-04-23 15:38:04] INFO: ASN WMS-ASN-EXT-00004 Carton CNWH63289: Assigned=Received, Actual=Received, ReceivedQty=10
[2026-04-23 15:38:04] INFO: ASN WMS-ASN-EXT-00004 Carton CNWH63441: Assigned=Received, Actual=Received, ReceivedQty=10
[2026-04-23 15:38:04] INFO: ASN WMS-ASN-EXT-00004 Carton CNWH63442: Assigned=Received, Actual=Received, ReceivedQty=10
[2026-04-23 15:38:04] INFO: ASN WMS-ASN-EXT-00004 Carton CNWH65363: Assigned=Received, Actual=Received, ReceivedQty=10
[2026-04-23 15:38:04] INFO: ASN WMS-ASN-EXT-00004 Carton CNWH63502: Assigned=Received, Actual=Received, ReceivedQty=10
[2026-04-23 15:38:04] INFO: ASN WMS-ASN-EXT-00004 Carton CNWH63502: Assigned=Received, Actual=Received, ReceivedQty=10
[2026-04-23 15:38:04] INFO: ASN WMS-ASN-EXT-00004 Carton CNWH64607: Assigned=Received, Actual=Received, ReceivedQty=10
[2026-04-23 15:38:04] INFO: ASN ASN-0001 Carton CNWH12858: Assigned=Assigned, Actual=Assigned, ReceivedQty=0
[2026-04-23 15:38:04] INFO: ASN ASN-0001 Carton CNWH12854: Assigned=Assigned, Actual=Assigned, ReceivedQty=0
[2026-04-23 15:38:04] INFO: ASN ASN-0001 Carton CNWH15390: Assigned=Assigned, Actual=Assigned, ReceivedQty=0
[2026-04-23 15:38:04] INFO: ASN ASN-0001 Carton CNWH42441: Assigned=Assigned, Actual=Assigned, ReceivedQty=0
[2026-04-23 15:38:04] INFO: ASN ASN-0001 Carton CNWH64571: Assigned=Assigned, Actual=Assigned, ReceivedQty=0
[2026-04-23 15:38:04] INFO: ASN ASN-0001 Carton CNWH64521: Assigned=Assigned, Actual=Assigned, ReceivedQty=0
[2026-04-23 15:38:04] INFO: ASN ASN-0001 Carton CNWH63561: Assigned=Assigned, Actual=Assigned, ReceivedQty=0
[2026-04-23 15:38:04] INFO: ASN ASN-0001 Carton CNWH63609: Assigned=Assigned, Actual=Assigned, ReceivedQty=0
[2026-04-23 15:38:04] INFO: ASN WMS-ASN-EXT-00004 Carton CNWH63179: Assigned=Received, Actual=Received, ReceivedQty=10
[2026-04-23 15:38:04] INFO: ASN WMS-ASN-EXT-00004 Carton CNWH63180: Assigned=Received, Actual=Received, ReceivedQty=10
[2026-04-23 15:38:04] INFO: ASN WMS-ASN-EXT-00004 Carton CNWH63196: Assigned=Received, Actual=Received, ReceivedQty=10
[2026-04-23 15:38:04] INFO: ASN WMS-ASN-EXT-00004 Carton CNWH63197: Assigned=Received, Actual=Received, ReceivedQty=10
[2026-04-23 15:38:04] INFO: ASN WMS-ASN-EXT-00004 Carton CNWH63198: Assigned=Received, Actual=Received, ReceivedQty=10
[2026-04-23 15:38:04] INFO: ASN WMS-ASN-EXT-00004 Carton CNWH63199: Assigned=Received, Actual=Received, ReceivedQty=10
[2026-04-23 15:38:04] INFO: ASN WMS-ASN-EXT-00004 Carton CNWH63200: Assigned=Received, Actual=Received, ReceivedQty=10
[2026-04-23 15:38:04] INFO: ASN WMS-ASN-EXT-00004 Carton CNWH63266: Assigned=Received, Actual=Received, ReceivedQty=10
[2026-04-23 15:38:04] INFO: ASN WMS-ASN-EXT-00004 Carton CNWH63268: Assigned=Received, Actual=Received, ReceivedQty=10
[2026-04-23 15:38:04] INFO: ASN WMS-ASN-EXT-00004 Carton CNWH63269: Assigned=Received, Actual=Received, ReceivedQty=10
[2026-04-23 15:38:04] INFO: ASN WMS-ASN-EXT-00004 Carton CNWH63270: Assigned=Received, Actual=Received, ReceivedQty=10
[2026-04-23 15:38:04] INFO: ASN WMS-ASN-EXT-00004 Carton CNWH63271: Assigned=Received, Actual=Received, ReceivedQty=10
[2026-04-23 15:38:04] INFO: ASN WMS-ASN-EXT-00004 Carton CNWH63272: Assigned=Received, Actual=Received, ReceivedQty=10
[2026-04-23 15:38:04] INFO: ASN WMS-ASN-EXT-00004 Carton CNWH63275: Assigned=Received, Actual=Received, ReceivedQty=10
[2026-04-23 15:38:04] INFO: ASN WMS-ASN-EXT-00004 Carton CNWH63277: Assigned=Received, Actual=Received, ReceivedQty=10
[2026-04-23 15:38:04] INFO: ASN WMS-ASN-EXT-00004 Carton CNWH63280: Assigned=Received, Actual=Received, ReceivedQty=10
[2026-04-23 15:38:04] INFO: ASN WMS-ASN-EXT-00004 Carton CNWH63282: Assigned=Received, Actual=Received, ReceivedQty=10
[2026-04-23 15:38:04] INFO: ASN WMS-ASN-EXT-00004 Carton CNWH63283: Assigned=Received, Actual=Received, ReceivedQty=10
[2026-04-23 15:38:04] INFO: ASN WMS-ASN-EXT-00004 Carton CNWH63284: Assigned=Received, Actual=Received, ReceivedQty=10
[2026-04-23 15:38:04] INFO: ASN WMS-ASN-EXT-00004 Carton CNWH63285: Assigned=Received, Actual=Received, ReceivedQty=10
[2026-04-23 15:38:04] INFO: ASN WMS-ASN-EXT-00004 Carton CNWH63286: Assigned=Received, Actual=Received, ReceivedQty=10
[2026-04-23 15:38:04] INFO: ASN WMS-ASN-EXT-00004 Carton CNWH63287: Assigned=Received, Actual=Received, ReceivedQty=10
[2026-04-23 15:38:04] INFO: ASN WMS-ASN-EXT-00004 Carton CNWH63288: Assigned=Received, Actual=Received, ReceivedQty=10
[2026-04-23 15:38:04] INFO: ASN WMS-ASN-EXT-00004 Carton CNWH63289: Assigned=Received, Actual=Received, ReceivedQty=10
[2026-04-23 15:38:04] INFO: ASN WMS-ASN-EXT-00004 Carton CNWH63441: Assigned=Received, Actual=Received, ReceivedQty=10
[2026-04-23 15:38:04] INFO: ASN WMS-ASN-EXT-00004 Carton CNWH63442: Assigned=Received, Actual=Received, ReceivedQty=10
[2026-04-23 15:38:04] INFO: ASN WMS-ASN-EXT-00004 Carton CNWH63444: Assigned=Received, Actual=Received, ReceivedQty=10
[2026-04-23 15:38:04] INFO: ASN WMS-ASN-EXT-00004 Carton CNWH63446: Assigned=Received, Actual=Received, ReceivedQty=10
[2026-04-23 15:38:04] INFO: ASN WMS-ASN-EXT-00004 Carton CNWH63448: Assigned=Received, Actual=Received, ReceivedQty=10
[2026-04-23 15:38:04] INFO: ASN WMS-ASN-EXT-00004 Carton CNWH65363: Assigned=Received, Actual=Received, ReceivedQty=10
[2026-04-23 15:38:04] INFO: ASN WMS-ASN-EXT-00004 Carton CNWH63179: Assigned=Received, Actual=Received, ReceivedQty=10
[2026-04-23 15:38:04] INFO: ASN WMS-ASN-EXT-00004 Carton CNWH63180: Assigned=Received, Actual=Received, ReceivedQty=10
[2026-04-23 15:38:04] INFO: ASN WMS-ASN-EXT-00004 Carton CNWH63196: Assigned=Received, Actual=Received, ReceivedQty=10
[2026-04-23 15:38:04] INFO: ASN WMS-ASN-EXT-00004 Carton CNWH63197: Assigned=Received, Actual=Received, ReceivedQty=10
[2026-04-23 15:38:04] INFO: ASN WMS-ASN-EXT-00004 Carton CNWH63198: Assigned=Received, Actual=Received, ReceivedQty=10
[2026-04-23 15:38:04] INFO: ASN WMS-ASN-EXT-00004 Carton CNWH63199: Assigned=Received, Actual=Received, ReceivedQty=10
[2026-04-23 15:38:04] INFO: ASN WMS-ASN-EXT-00004 Carton CNWH63200: Assigned=Received, Actual=Received, ReceivedQty=10
[2026-04-23 15:38:04] INFO: ASN WMS-ASN-EXT-00004 Carton CNWH63266: Assigned=Received, Actual=Received, ReceivedQty=10
[2026-04-23 15:38:04] INFO: ASN WMS-ASN-EXT-00004 Carton CNWH63268: Assigned=Received, Actual=Received, ReceivedQty=10
[2026-04-23 15:38:04] INFO: ASN WMS-ASN-EXT-00004 Carton CNWH63269: Assigned=Received, Actual=Received, ReceivedQty=10
[2026-04-23 15:38:04] INFO: ASN WMS-ASN-EXT-00004 Carton CNWH63270: Assigned=Received, Actual=Received, ReceivedQty=10
[2026-04-23 15:38:04] INFO: ASN WMS-ASN-EXT-00004 Carton CNWH63271: Assigned=Received, Actual=Received, ReceivedQty=10
[2026-04-23 15:38:04] INFO: ASN WMS-ASN-EXT-00004 Carton CNWH63272: Assigned=Received, Actual=Received, ReceivedQty=10
[2026-04-23 15:38:04] INFO: ASN WMS-ASN-EXT-00004 Carton CNWH63275: Assigned=Received, Actual=Received, ReceivedQty=10
[2026-04-23 15:38:04] INFO: ASN WMS-ASN-EXT-00004 Carton CNWH63277: Assigned=Received, Actual=Received, ReceivedQty=10
[2026-04-23 15:38:04] INFO: ASN WMS-ASN-EXT-00004 Carton CNWH63280: Assigned=Received, Actual=Received, ReceivedQty=10
[2026-04-23 15:38:04] INFO: ASN WMS-ASN-EXT-00004 Carton CNWH63282: Assigned=Received, Actual=Received, ReceivedQty=10
[2026-04-23 15:38:04] INFO: ASN WMS-ASN-EXT-00004 Carton CNWH63283: Assigned=Received, Actual=Received, ReceivedQty=10
[2026-04-23 15:38:04] INFO: ASN WMS-ASN-EXT-00004 Carton CNWH63284: Assigned=Received, Actual=Received, ReceivedQty=10
[2026-04-23 15:38:04] INFO: ASN WMS-ASN-EXT-00004 Carton CNWH63285: Assigned=Received, Actual=Received, ReceivedQty=10
[2026-04-23 15:38:04] INFO: ASN WMS-ASN-EXT-00004 Carton CNWH63286: Assigned=Received, Actual=Received, ReceivedQty=10
[2026-04-23 15:38:04] INFO: ASN WMS-ASN-EXT-00004 Carton CNWH63287: Assigned=Received, Actual=Received, ReceivedQty=10
[2026-04-23 15:38:04] INFO: ASN WMS-ASN-EXT-00004 Carton CNWH63288: Assigned=Received, Actual=Received, ReceivedQty=10
[2026-04-23 15:38:04] INFO: ASN WMS-ASN-EXT-00004 Carton CNWH63289: Assigned=Received, Actual=Received, ReceivedQty=10
[2026-04-23 15:38:04] INFO: ASN WMS-ASN-EXT-00004 Carton CNWH63441: Assigned=Received, Actual=Received, ReceivedQty=10
[2026-04-23 15:38:04] INFO: ASN WMS-ASN-EXT-00004 Carton CNWH63442: Assigned=Received, Actual=Received, ReceivedQty=10
[2026-04-23 15:38:04] INFO: ASN WMS-ASN-EXT-00004 Carton CNWH65363: Assigned=Received, Actual=Received, ReceivedQty=10
[2026-04-23 15:38:04] INFO: ASN WMS-ASN-EXT-00004 Carton CNWH63502: Assigned=Received, Actual=Received, ReceivedQty=10
[2026-04-23 15:38:04] INFO: ASN WMS-ASN-EXT-00004 Carton CNWH63502: Assigned=Received, Actual=Received, ReceivedQty=10
[2026-04-23 15:38:04] INFO: ASN WMS-ASN-EXT-00004 Carton CNWH64607: Assigned=Received, Actual=Received, ReceivedQty=10
[2026-04-23 15:38:05] INFO: ErpNextWmsSyncApiService: Fetched 4 item code(s) from ERPNext for ASN WMS-ASN-EXT-00004 (use as filter for PR/received qty).
[2026-04-23 15:38:05] INFO: ErpNextWmsSyncApiService: Pushing ASN received qty for WMS-ASN-EXT-00004, 60 line(s) (one per WMS detail row). Summary: [324249:10(ctn:CNWH63179), 324249:10(ctn:CNWH63180), 324249:10(ctn:CNWH63196), 324249:10(ctn:CNWH63197), 324249:10(ctn:CNWH63198), 324249:10(ctn:CNWH63199), 324249:10(ctn:CNWH63200), 324249:10(ctn:CNWH63266), 324249:10(ctn:CNWH63268), 324249:10(ctn:CNWH63269), 324249:10(ctn:CNWH63270), 324249:10(ctn:CNWH63271), 324249:10(ctn:CNWH63272), 324249:10(ctn:CNWH63275), 324249:10(ctn:CNWH63277), 324249:10(ctn:CNWH63280), 324249:10(ctn:CNWH63282), 324249:10(ctn:CNWH63283), 324249:10(ctn:CNWH63284), 324249:10(ctn:CNWH63285), 324249:10(ctn:CNWH63286), 324249:10(ctn:CNWH63287), 324249:10(ctn:CNWH63288), 324249:10(ctn:CNWH63289), 324249:10(ctn:CNWH63441), 324249:10(ctn:CNWH63442), 324249:10(ctn:CNWH63444), 324249:10(ctn:CNWH63446), 324249:10(ctn:CNWH63448), 324249:10(ctn:CNWH65363), 324250:10(ctn:CNWH63179), 324250:10(ctn:CNWH63180), 324250:10(ctn:CNWH63196), 324250:10(ctn:CNWH63197), 324250:10(ctn:CNWH63198), 324250:10(ctn:CNWH63199), 324250:10(ctn:CNWH63200), 324250:10(ctn:CNWH63266), 324250:10(ctn:CNWH63268), 324250:10(ctn:CNWH63269), 324250:10(ctn:CNWH63270), 324250:10(ctn:CNWH63271), 324250:10(ctn:CNWH63272), 324250:10(ctn:CNWH63275), 324250:10(ctn:CNWH63277), 324250:10(ctn:CNWH63280), 324250:10(ctn:CNWH63282), 324250:10(ctn:CNWH63283), 324250:10(ctn:CNWH63284), 324250:10(ctn:CNWH63285), 324250:10(ctn:CNWH63286), 324250:10(ctn:CNWH63287), 324250:10(ctn:CNWH63288), 324250:10(ctn:CNWH63289), 324250:10(ctn:CNWH63441), 324250:10(ctn:CNWH63442), 324250:10(ctn:CNWH65363), 324251:10(ctn:CNWH63502), 324252:10(ctn:CNWH63502), 324252:10(ctn:CNWH64607)], to http://printechsdammam.dyndns.org:88/api/method/printechs_wms.api.asn_receiving.update_asn_received_qty
[2026-04-23 15:38:05] ERROR: ErpNextWmsSyncApiService: ASN received qty API returned ExpectationFailed: {"exception":"frappe.exceptions.ValidationError: Failed to get method for command printechs_wms.api.asn_receiving.update_asn_received_qty with unindent does not match any outer indentation level (asn_receiving.py, line 449)","exc_type":"ValidationError","_exc_source":"printechs_wms (app)","exc":"[\"Traceback (most recent call last):\\n  File \\\"apps/frappe/frappe/handler.py\\\", line 74, in execute_cmd\\n    method = get_attr(cmd)\\n             ^^^^^^^^^^^^^\\n  File \\\"apps/frappe/frappe/handler.py\\\", line 292, in get_attr\\n    method = frappe.get_attr(cmd)\\n             ^^^^^^^^^^^^^^^^^^^^\\n  File \\\"apps/frappe/frappe/__init__.py\\\", line 1744, in get_attr\\n    return getattr(get_module(modulename), methodname)\\n                   ^^^^^^^^^^^^^^^^^^^^^^\\n  File \\\"apps/frappe/frappe/__init__.py\\\", line 1454, in get_module\\n    return importlib.import_module(modulename)\\n           ^^^^^^^^^^^^^^^^^^^^^^^^^^^^^^^^^^^\\n  File \\\"/usr/lib/python3.12/importlib/__init__.py\\\", line 90, in import_module\\n    return _bootstrap._gcd_import(name[level:], package, level)\\n           ^^^^^^^^^^^^^^^^^^^^^^^^^^^^^^^^^^^^^^^^^^^^^^^^^^^^\\n  File \\\"<frozen importlib._bootstrap>\\\", line 1387, in _gcd_import\\n  File \\\"<frozen importlib._bootstrap>\\\", line 1360, in _find_and_load\\n  File \\\"<frozen importlib._bootstrap>\\\", line 1331, in _find_and_load_unlocked\\n  File \\\"<frozen importlib._bootstrap>\\\", line 935, in _load_unlocked\\n  File \\\"<frozen importlib._bootstrap_external>\\\", line 991, in exec_module\\n  File \\\"<frozen importlib._bootstrap_external>\\\", line 1129, in get_code\\n  File \\\"<frozen importlib._bootstrap_external>\\\", line 1059, in source_to_code\\n  File \\\"<frozen importlib._bootstrap>\\\", line 488, in _call_with_frames_removed\\n  File \\\"apps/printechs_wms/printechs_wms/api/asn_receiving.py\\\", line 449\\n    updated.append({\\n                    ^\\nIndentationError: unindent does not match any outer indentation level\\n\\nDuring handling of the above exception, another exception occurred:\\n\\nTraceback (most recent call last):\\n  File \\\"apps/frappe/frappe/app.py\\\", line 120, in application\\n    response = frappe.api.handle(request)\\n               ^^^^^^^^^^^^^^^^^^^^^^^^^^\\n  File \\\"apps/frappe/frappe/api/__init__.py\\\", line 52, in handle\\n    data = endpoint(**arguments)\\n           ^^^^^^^^^^^^^^^^^^^^^\\n  File \\\"apps/frappe/frappe/api/v1.py\\\", line 40, in handle_rpc_call\\n    return frappe.handler.handle()\\n           ^^^^^^^^^^^^^^^^^^^^^^^\\n  File \\\"apps/frappe/frappe/handler.py\\\", line 52, in handle\\n    data = execute_cmd(cmd)\\n           ^^^^^^^^^^^^^^^^\\n  File \\\"apps/frappe/frappe/handler.py\\\", line 76, in execute_cmd\\n    frappe.throw(_(\\\"Failed to get method for command {0} with {1}\\\").format(cmd, e))\\n  File \\\"apps/frappe/frappe/__init__.py\\\", line 609, in throw\\n    msgprint(\\n  File \\\"apps/frappe/frappe/__init__.py\\\", line 574, in msgprint\\n    _raise_exception()\\n  File \\\"apps/frappe/frappe/__init__.py\\\", line 525, in _raise_exception\\n    raise exc\\nfrappe.exceptions.ValidationError: Failed to get method for command printechs_wms.api.asn_receiving.update_asn_received_qty with unindent does not match any outer indentation level (asn_receiving.py, line 449)\\n\"]","_server_messages":"[\"{\\\"message\\\": \\\"Failed to get method for command printechs_wms.api.asn_receiving.update_asn_received_qty with unindent does not match any outer indentation level (asn_receiving.py, line 449)\\\", \\\"title\\\": \\\"Message\\\", \\\"indicator\\\": \\\"red\\\", \\\"raise_exception\\\": 1, \\\"__frappe_exc_id\\\": \\\"d0fee4339217b9f81d3131666de0ba8e8999c6066b938c0a4fc7c560\\\"}\"]"}
--------------------------------------------------------------------------------
[2026-04-23 15:38:19] INFO: ASN ASN-0001 Carton CNWH12858: Assigned=Assigned, Actual=Assigned, ReceivedQty=0
[2026-04-23 15:38:19] INFO: ASN ASN-0001 Carton CNWH12854: Assigned=Assigned, Actual=Assigned, ReceivedQty=0
[2026-04-23 15:38:19] INFO: ASN ASN-0001 Carton CNWH15390: Assigned=Assigned, Actual=Assigned, ReceivedQty=0
[2026-04-23 15:38:19] INFO: ASN ASN-0001 Carton CNWH42441: Assigned=Assigned, Actual=Assigned, ReceivedQty=0
[2026-04-23 15:38:19] INFO: ASN ASN-0001 Carton CNWH64571: Assigned=Assigned, Actual=Assigned, ReceivedQty=0
[2026-04-23 15:38:19] INFO: ASN ASN-0001 Carton CNWH64521: Assigned=Assigned, Actual=Assigned, ReceivedQty=0
[2026-04-23 15:38:19] INFO: ASN ASN-0001 Carton CNWH63561: Assigned=Assigned, Actual=Assigned, ReceivedQty=0
[2026-04-23 15:38:19] INFO: ASN ASN-0001 Carton CNWH63609: Assigned=Assigned, Actual=Assigned, ReceivedQty=0
[2026-04-23 15:38:19] INFO: ASN WMS-ASN-EXT-00004 Carton CNWH63179: Assigned=Received, Actual=Received, ReceivedQty=10
[2026-04-23 15:38:19] INFO: ASN WMS-ASN-EXT-00004 Carton CNWH63180: Assigned=Received, Actual=Received, ReceivedQty=10
[2026-04-23 15:38:19] INFO: ASN WMS-ASN-EXT-00004 Carton CNWH63196: Assigned=Received, Actual=Received, ReceivedQty=10
[2026-04-23 15:38:19] INFO: ASN WMS-ASN-EXT-00004 Carton CNWH63197: Assigned=Received, Actual=Received, ReceivedQty=10
[2026-04-23 15:38:19] INFO: ASN WMS-ASN-EXT-00004 Carton CNWH63198: Assigned=Received, Actual=Received, ReceivedQty=10
[2026-04-23 15:38:19] INFO: ASN WMS-ASN-EXT-00004 Carton CNWH63199: Assigned=Received, Actual=Received, ReceivedQty=10
[2026-04-23 15:38:19] INFO: ASN WMS-ASN-EXT-00004 Carton CNWH63200: Assigned=Received, Actual=Received, ReceivedQty=10
[2026-04-23 15:38:19] INFO: ASN WMS-ASN-EXT-00004 Carton CNWH63266: Assigned=Received, Actual=Received, ReceivedQty=10
[2026-04-23 15:38:19] INFO: ASN WMS-ASN-EXT-00004 Carton CNWH63268: Assigned=Received, Actual=Received, ReceivedQty=10
[2026-04-23 15:38:19] INFO: ASN WMS-ASN-EXT-00004 Carton CNWH63269: Assigned=Received, Actual=Received, ReceivedQty=10
[2026-04-23 15:38:19] INFO: ASN WMS-ASN-EXT-00004 Carton CNWH63270: Assigned=Received, Actual=Received, ReceivedQty=10
[2026-04-23 15:38:19] INFO: ASN WMS-ASN-EXT-00004 Carton CNWH63271: Assigned=Received, Actual=Received, ReceivedQty=10
[2026-04-23 15:38:19] INFO: ASN WMS-ASN-EXT-00004 Carton CNWH63272: Assigned=Received, Actual=Received, ReceivedQty=10
[2026-04-23 15:38:19] INFO: ASN WMS-ASN-EXT-00004 Carton CNWH63275: Assigned=Received, Actual=Received, ReceivedQty=10
[2026-04-23 15:38:19] INFO: ASN WMS-ASN-EXT-00004 Carton CNWH63277: Assigned=Received, Actual=Received, ReceivedQty=10
[2026-04-23 15:38:19] INFO: ASN WMS-ASN-EXT-00004 Carton CNWH63280: Assigned=Received, Actual=Received, ReceivedQty=10
[2026-04-23 15:38:19] INFO: ASN WMS-ASN-EXT-00004 Carton CNWH63282: Assigned=Received, Actual=Received, ReceivedQty=10
[2026-04-23 15:38:19] INFO: ASN WMS-ASN-EXT-00004 Carton CNWH63283: Assigned=Received, Actual=Received, ReceivedQty=10
[2026-04-23 15:38:19] INFO: ASN WMS-ASN-EXT-00004 Carton CNWH63284: Assigned=Received, Actual=Received, ReceivedQty=10
[2026-04-23 15:38:19] INFO: ASN WMS-ASN-EXT-00004 Carton CNWH63285: Assigned=Received, Actual=Received, ReceivedQty=10
[2026-04-23 15:38:19] INFO: ASN WMS-ASN-EXT-00004 Carton CNWH63286: Assigned=Received, Actual=Received, ReceivedQty=10
[2026-04-23 15:38:19] INFO: ASN WMS-ASN-EXT-00004 Carton CNWH63287: Assigned=Received, Actual=Received, ReceivedQty=10
[2026-04-23 15:38:19] INFO: ASN WMS-ASN-EXT-00004 Carton CNWH63288: Assigned=Received, Actual=Received, ReceivedQty=10
[2026-04-23 15:38:19] INFO: ASN WMS-ASN-EXT-00004 Carton CNWH63289: Assigned=Received, Actual=Received, ReceivedQty=10
[2026-04-23 15:38:19] INFO: ASN WMS-ASN-EXT-00004 Carton CNWH63441: Assigned=Received, Actual=Received, ReceivedQty=10
[2026-04-23 15:38:19] INFO: ASN WMS-ASN-EXT-00004 Carton CNWH63442: Assigned=Received, Actual=Received, ReceivedQty=10
[2026-04-23 15:38:19] INFO: ASN WMS-ASN-EXT-00004 Carton CNWH63444: Assigned=Received, Actual=Received, ReceivedQty=10
[2026-04-23 15:38:19] INFO: ASN WMS-ASN-EXT-00004 Carton CNWH63446: Assigned=Received, Actual=Received, ReceivedQty=10
[2026-04-23 15:38:19] INFO: ASN WMS-ASN-EXT-00004 Carton CNWH63448: Assigned=Received, Actual=Received, ReceivedQty=10
[2026-04-23 15:38:19] INFO: ASN WMS-ASN-EXT-00004 Carton CNWH65363: Assigned=Received, Actual=Received, ReceivedQty=10
[2026-04-23 15:38:19] INFO: ASN WMS-ASN-EXT-00004 Carton CNWH63179: Assigned=Received, Actual=Received, ReceivedQty=10
[2026-04-23 15:38:19] INFO: ASN WMS-ASN-EXT-00004 Carton CNWH63180: Assigned=Received, Actual=Received, ReceivedQty=10
[2026-04-23 15:38:19] INFO: ASN WMS-ASN-EXT-00004 Carton CNWH63196: Assigned=Received, Actual=Received, ReceivedQty=10
[2026-04-23 15:38:19] INFO: ASN WMS-ASN-EXT-00004 Carton CNWH63197: Assigned=Received, Actual=Received, ReceivedQty=10
[2026-04-23 15:38:19] INFO: ASN WMS-ASN-EXT-00004 Carton CNWH63198: Assigned=Received, Actual=Received, ReceivedQty=10
[2026-04-23 15:38:19] INFO: ASN WMS-ASN-EXT-00004 Carton CNWH63199: Assigned=Received, Actual=Received, ReceivedQty=10
[2026-04-23 15:38:19] INFO: ASN WMS-ASN-EXT-00004 Carton CNWH63200: Assigned=Received, Actual=Received, ReceivedQty=10
[2026-04-23 15:38:19] INFO: ASN WMS-ASN-EXT-00004 Carton CNWH63266: Assigned=Received, Actual=Received, ReceivedQty=10
[2026-04-23 15:38:19] INFO: ASN WMS-ASN-EXT-00004 Carton CNWH63268: Assigned=Received, Actual=Received, ReceivedQty=10
[2026-04-23 15:38:19] INFO: ASN WMS-ASN-EXT-00004 Carton CNWH63269: Assigned=Received, Actual=Received, ReceivedQty=10
[2026-04-23 15:38:19] INFO: ASN WMS-ASN-EXT-00004 Carton CNWH63270: Assigned=Received, Actual=Received, ReceivedQty=10
[2026-04-23 15:38:19] INFO: ASN WMS-ASN-EXT-00004 Carton CNWH63271: Assigned=Received, Actual=Received, ReceivedQty=10
[2026-04-23 15:38:19] INFO: ASN WMS-ASN-EXT-00004 Carton CNWH63272: Assigned=Received, Actual=Received, ReceivedQty=10
[2026-04-23 15:38:19] INFO: ASN WMS-ASN-EXT-00004 Carton CNWH63275: Assigned=Received, Actual=Received, ReceivedQty=10
[2026-04-23 15:38:19] INFO: ASN WMS-ASN-EXT-00004 Carton CNWH63277: Assigned=Received, Actual=Received, ReceivedQty=10
[2026-04-23 15:38:19] INFO: ASN WMS-ASN-EXT-00004 Carton CNWH63280: Assigned=Received, Actual=Received, ReceivedQty=10
[2026-04-23 15:38:19] INFO: ASN WMS-ASN-EXT-00004 Carton CNWH63282: Assigned=Received, Actual=Received, ReceivedQty=10
[2026-04-23 15:38:19] INFO: ASN WMS-ASN-EXT-00004 Carton CNWH63283: Assigned=Received, Actual=Received, ReceivedQty=10
[2026-04-23 15:38:19] INFO: ASN WMS-ASN-EXT-00004 Carton CNWH63284: Assigned=Received, Actual=Received, ReceivedQty=10
[2026-04-23 15:38:19] INFO: ASN WMS-ASN-EXT-00004 Carton CNWH63285: Assigned=Received, Actual=Received, ReceivedQty=10
[2026-04-23 15:38:19] INFO: ASN WMS-ASN-EXT-00004 Carton CNWH63286: Assigned=Received, Actual=Received, ReceivedQty=10
[2026-04-23 15:38:19] INFO: ASN WMS-ASN-EXT-00004 Carton CNWH63287: Assigned=Received, Actual=Received, ReceivedQty=10
[2026-04-23 15:38:19] INFO: ASN WMS-ASN-EXT-00004 Carton CNWH63288: Assigned=Received, Actual=Received, ReceivedQty=10
[2026-04-23 15:38:19] INFO: ASN WMS-ASN-EXT-00004 Carton CNWH63289: Assigned=Received, Actual=Received, ReceivedQty=10
[2026-04-23 15:38:19] INFO: ASN WMS-ASN-EXT-00004 Carton CNWH63441: Assigned=Received, Actual=Received, ReceivedQty=10
[2026-04-23 15:38:19] INFO: ASN WMS-ASN-EXT-00004 Carton CNWH63442: Assigned=Received, Actual=Received, ReceivedQty=10
[2026-04-23 15:38:19] INFO: ASN WMS-ASN-EXT-00004 Carton CNWH65363: Assigned=Received, Actual=Received, ReceivedQty=10
[2026-04-23 15:38:19] INFO: ASN WMS-ASN-EXT-00004 Carton CNWH63502: Assigned=Received, Actual=Received, ReceivedQty=10
[2026-04-23 15:38:19] INFO: ASN WMS-ASN-EXT-00004 Carton CNWH63502: Assigned=Received, Actual=Received, ReceivedQty=10
[2026-04-23 15:38:19] INFO: ASN WMS-ASN-EXT-00004 Carton CNWH64607: Assigned=Received, Actual=Received, ReceivedQty=10
[2026-04-23 15:40:56] INFO: ASN ASN-0001 Carton CNWH12858: Assigned=Assigned, Actual=Assigned, ReceivedQty=0
[2026-04-23 15:40:56] INFO: ASN ASN-0001 Carton CNWH12854: Assigned=Assigned, Actual=Assigned, ReceivedQty=0
[2026-04-23 15:40:56] INFO: ASN ASN-0001 Carton CNWH15390: Assigned=Assigned, Actual=Assigned, ReceivedQty=0
[2026-04-23 15:40:56] INFO: ASN ASN-0001 Carton CNWH42441: Assigned=Assigned, Actual=Assigned, ReceivedQty=0
[2026-04-23 15:40:56] INFO: ASN ASN-0001 Carton CNWH64571: Assigned=Assigned, Actual=Assigned, ReceivedQty=0
[2026-04-23 15:40:56] INFO: ASN ASN-0001 Carton CNWH64521: Assigned=Assigned, Actual=Assigned, ReceivedQty=0
[2026-04-23 15:40:56] INFO: ASN ASN-0001 Carton CNWH63561: Assigned=Assigned, Actual=Assigned, ReceivedQty=0
[2026-04-23 15:40:56] INFO: ASN ASN-0001 Carton CNWH63609: Assigned=Assigned, Actual=Assigned, ReceivedQty=0
[2026-04-23 15:40:56] INFO: ASN WMS-ASN-EXT-00004 Carton CNWH63179: Assigned=Received, Actual=Received, ReceivedQty=10
[2026-04-23 15:40:56] INFO: ASN WMS-ASN-EXT-00004 Carton CNWH63180: Assigned=Received, Actual=Received, ReceivedQty=10
[2026-04-23 15:40:56] INFO: ASN WMS-ASN-EXT-00004 Carton CNWH63196: Assigned=Received, Actual=Received, ReceivedQty=10
[2026-04-23 15:40:56] INFO: ASN WMS-ASN-EXT-00004 Carton CNWH63197: Assigned=Received, Actual=Received, ReceivedQty=10
[2026-04-23 15:40:56] INFO: ASN WMS-ASN-EXT-00004 Carton CNWH63198: Assigned=Received, Actual=Received, ReceivedQty=10
[2026-04-23 15:40:56] INFO: ASN WMS-ASN-EXT-00004 Carton CNWH63199: Assigned=Received, Actual=Received, ReceivedQty=10
[2026-04-23 15:40:56] INFO: ASN WMS-ASN-EXT-00004 Carton CNWH63200: Assigned=Received, Actual=Received, ReceivedQty=10
[2026-04-23 15:40:56] INFO: ASN WMS-ASN-EXT-00004 Carton CNWH63266: Assigned=Received, Actual=Received, ReceivedQty=10
[2026-04-23 15:40:56] INFO: ASN WMS-ASN-EXT-00004 Carton CNWH63268: Assigned=Received, Actual=Received, ReceivedQty=10
[2026-04-23 15:40:56] INFO: ASN WMS-ASN-EXT-00004 Carton CNWH63269: Assigned=Received, Actual=Received, ReceivedQty=10
[2026-04-23 15:40:56] INFO: ASN WMS-ASN-EXT-00004 Carton CNWH63270: Assigned=Received, Actual=Received, ReceivedQty=10
[2026-04-23 15:40:56] INFO: ASN WMS-ASN-EXT-00004 Carton CNWH63271: Assigned=Received, Actual=Received, ReceivedQty=10
[2026-04-23 15:40:56] INFO: ASN WMS-ASN-EXT-00004 Carton CNWH63272: Assigned=Received, Actual=Received, ReceivedQty=10
[2026-04-23 15:40:56] INFO: ASN WMS-ASN-EXT-00004 Carton CNWH63275: Assigned=Received, Actual=Received, ReceivedQty=10
[2026-04-23 15:40:56] INFO: ASN WMS-ASN-EXT-00004 Carton CNWH63277: Assigned=Received, Actual=Received, ReceivedQty=10
[2026-04-23 15:40:56] INFO: ASN WMS-ASN-EXT-00004 Carton CNWH63280: Assigned=Received, Actual=Received, ReceivedQty=10
[2026-04-23 15:40:56] INFO: ASN WMS-ASN-EXT-00004 Carton CNWH63282: Assigned=Received, Actual=Received, ReceivedQty=10
[2026-04-23 15:40:56] INFO: ASN WMS-ASN-EXT-00004 Carton CNWH63283: Assigned=Received, Actual=Received, ReceivedQty=10
[2026-04-23 15:40:56] INFO: ASN WMS-ASN-EXT-00004 Carton CNWH63284: Assigned=Received, Actual=Received, ReceivedQty=10
[2026-04-23 15:40:56] INFO: ASN WMS-ASN-EXT-00004 Carton CNWH63285: Assigned=Received, Actual=Received, ReceivedQty=10
[2026-04-23 15:40:56] INFO: ASN WMS-ASN-EXT-00004 Carton CNWH63286: Assigned=Received, Actual=Received, ReceivedQty=10
[2026-04-23 15:40:56] INFO: ASN WMS-ASN-EXT-00004 Carton CNWH63287: Assigned=Received, Actual=Received, ReceivedQty=10
[2026-04-23 15:40:56] INFO: ASN WMS-ASN-EXT-00004 Carton CNWH63288: Assigned=Received, Actual=Received, ReceivedQty=10
[2026-04-23 15:40:56] INFO: ASN WMS-ASN-EXT-00004 Carton CNWH63289: Assigned=Received, Actual=Received, ReceivedQty=10
[2026-04-23 15:40:56] INFO: ASN WMS-ASN-EXT-00004 Carton CNWH63441: Assigned=Received, Actual=Received, ReceivedQty=10
[2026-04-23 15:40:56] INFO: ASN WMS-ASN-EXT-00004 Carton CNWH63442: Assigned=Received, Actual=Received, ReceivedQty=10
[2026-04-23 15:40:56] INFO: ASN WMS-ASN-EXT-00004 Carton CNWH63444: Assigned=Received, Actual=Received, ReceivedQty=10
[2026-04-23 15:40:56] INFO: ASN WMS-ASN-EXT-00004 Carton CNWH63446: Assigned=Received, Actual=Received, ReceivedQty=10
[2026-04-23 15:40:56] INFO: ASN WMS-ASN-EXT-00004 Carton CNWH63448: Assigned=Received, Actual=Received, ReceivedQty=10
[2026-04-23 15:40:56] INFO: ASN WMS-ASN-EXT-00004 Carton CNWH65363: Assigned=Received, Actual=Received, ReceivedQty=10
[2026-04-23 15:40:56] INFO: ASN WMS-ASN-EXT-00004 Carton CNWH63179: Assigned=Received, Actual=Received, ReceivedQty=10
[2026-04-23 15:40:56] INFO: ASN WMS-ASN-EXT-00004 Carton CNWH63180: Assigned=Received, Actual=Received, ReceivedQty=10
[2026-04-23 15:40:56] INFO: ASN WMS-ASN-EXT-00004 Carton CNWH63196: Assigned=Received, Actual=Received, ReceivedQty=10
[2026-04-23 15:40:56] INFO: ASN WMS-ASN-EXT-00004 Carton CNWH63197: Assigned=Received, Actual=Received, ReceivedQty=10
[2026-04-23 15:40:56] INFO: ASN WMS-ASN-EXT-00004 Carton CNWH63198: Assigned=Received, Actual=Received, ReceivedQty=10
[2026-04-23 15:40:56] INFO: ASN WMS-ASN-EXT-00004 Carton CNWH63199: Assigned=Received, Actual=Received, ReceivedQty=10
[2026-04-23 15:40:56] INFO: ASN WMS-ASN-EXT-00004 Carton CNWH63200: Assigned=Received, Actual=Received, ReceivedQty=10
[2026-04-23 15:40:56] INFO: ASN WMS-ASN-EXT-00004 Carton CNWH63266: Assigned=Received, Actual=Received, ReceivedQty=10
[2026-04-23 15:40:56] INFO: ASN WMS-ASN-EXT-00004 Carton CNWH63268: Assigned=Received, Actual=Received, ReceivedQty=10
[2026-04-23 15:40:56] INFO: ASN WMS-ASN-EXT-00004 Carton CNWH63269: Assigned=Received, Actual=Received, ReceivedQty=10
[2026-04-23 15:40:56] INFO: ASN WMS-ASN-EXT-00004 Carton CNWH63270: Assigned=Received, Actual=Received, ReceivedQty=10
[2026-04-23 15:40:56] INFO: ASN WMS-ASN-EXT-00004 Carton CNWH63271: Assigned=Received, Actual=Received, ReceivedQty=10
[2026-04-23 15:40:56] INFO: ASN WMS-ASN-EXT-00004 Carton CNWH63272: Assigned=Received, Actual=Received, ReceivedQty=10
[2026-04-23 15:40:56] INFO: ASN WMS-ASN-EXT-00004 Carton CNWH63275: Assigned=Received, Actual=Received, ReceivedQty=10
[2026-04-23 15:40:56] INFO: ASN WMS-ASN-EXT-00004 Carton CNWH63277: Assigned=Received, Actual=Received, ReceivedQty=10
[2026-04-23 15:40:56] INFO: ASN WMS-ASN-EXT-00004 Carton CNWH63280: Assigned=Received, Actual=Received, ReceivedQty=10
[2026-04-23 15:40:56] INFO: ASN WMS-ASN-EXT-00004 Carton CNWH63282: Assigned=Received, Actual=Received, ReceivedQty=10
[2026-04-23 15:40:56] INFO: ASN WMS-ASN-EXT-00004 Carton CNWH63283: Assigned=Received, Actual=Received, ReceivedQty=10
[2026-04-23 15:40:56] INFO: ASN WMS-ASN-EXT-00004 Carton CNWH63284: Assigned=Received, Actual=Received, ReceivedQty=10
[2026-04-23 15:40:56] INFO: ASN WMS-ASN-EXT-00004 Carton CNWH63285: Assigned=Received, Actual=Received, ReceivedQty=10
[2026-04-23 15:40:56] INFO: ASN WMS-ASN-EXT-00004 Carton CNWH63286: Assigned=Received, Actual=Received, ReceivedQty=10
[2026-04-23 15:40:56] INFO: ASN WMS-ASN-EXT-00004 Carton CNWH63287: Assigned=Received, Actual=Received, ReceivedQty=10
[2026-04-23 15:40:56] INFO: ASN WMS-ASN-EXT-00004 Carton CNWH63288: Assigned=Received, Actual=Received, ReceivedQty=10
[2026-04-23 15:40:56] INFO: ASN WMS-ASN-EXT-00004 Carton CNWH63289: Assigned=Received, Actual=Received, ReceivedQty=10
[2026-04-23 15:40:56] INFO: ASN WMS-ASN-EXT-00004 Carton CNWH63441: Assigned=Received, Actual=Received, ReceivedQty=10
[2026-04-23 15:40:56] INFO: ASN WMS-ASN-EXT-00004 Carton CNWH63442: Assigned=Received, Actual=Received, ReceivedQty=10
[2026-04-23 15:40:56] INFO: ASN WMS-ASN-EXT-00004 Carton CNWH65363: Assigned=Received, Actual=Received, ReceivedQty=10
[2026-04-23 15:40:56] INFO: ASN WMS-ASN-EXT-00004 Carton CNWH63502: Assigned=Received, Actual=Received, ReceivedQty=10
[2026-04-23 15:40:56] INFO: ASN WMS-ASN-EXT-00004 Carton CNWH63502: Assigned=Received, Actual=Received, ReceivedQty=10
[2026-04-23 15:40:56] INFO: ASN WMS-ASN-EXT-00004 Carton CNWH64607: Assigned=Received, Actual=Received, ReceivedQty=10
[2026-04-23 15:40:57] INFO: ASN ASN-0001 Carton CNWH12858: Assigned=Assigned, Actual=Assigned, ReceivedQty=0
[2026-04-23 15:40:57] INFO: ASN ASN-0001 Carton CNWH12854: Assigned=Assigned, Actual=Assigned, ReceivedQty=0
[2026-04-23 15:40:57] INFO: ASN ASN-0001 Carton CNWH15390: Assigned=Assigned, Actual=Assigned, ReceivedQty=0
[2026-04-23 15:40:57] INFO: ASN ASN-0001 Carton CNWH42441: Assigned=Assigned, Actual=Assigned, ReceivedQty=0
[2026-04-23 15:40:57] INFO: ASN ASN-0001 Carton CNWH64571: Assigned=Assigned, Actual=Assigned, ReceivedQty=0
[2026-04-23 15:40:57] INFO: ASN ASN-0001 Carton CNWH64521: Assigned=Assigned, Actual=Assigned, ReceivedQty=0
[2026-04-23 15:40:57] INFO: ASN ASN-0001 Carton CNWH63561: Assigned=Assigned, Actual=Assigned, ReceivedQty=0
[2026-04-23 15:40:57] INFO: ASN ASN-0001 Carton CNWH63609: Assigned=Assigned, Actual=Assigned, ReceivedQty=0
[2026-04-23 15:40:57] INFO: ASN WMS-ASN-EXT-00004 Carton CNWH63179: Assigned=Received, Actual=Received, ReceivedQty=10
[2026-04-23 15:40:57] INFO: ASN WMS-ASN-EXT-00004 Carton CNWH63180: Assigned=Received, Actual=Received, ReceivedQty=10
[2026-04-23 15:40:57] INFO: ASN WMS-ASN-EXT-00004 Carton CNWH63196: Assigned=Received, Actual=Received, ReceivedQty=10
[2026-04-23 15:40:57] INFO: ASN WMS-ASN-EXT-00004 Carton CNWH63197: Assigned=Received, Actual=Received, ReceivedQty=10
[2026-04-23 15:40:57] INFO: ASN WMS-ASN-EXT-00004 Carton CNWH63198: Assigned=Received, Actual=Received, ReceivedQty=10
[2026-04-23 15:40:57] INFO: ASN WMS-ASN-EXT-00004 Carton CNWH63199: Assigned=Received, Actual=Received, ReceivedQty=10
[2026-04-23 15:40:57] INFO: ASN WMS-ASN-EXT-00004 Carton CNWH63200: Assigned=Received, Actual=Received, ReceivedQty=10
[2026-04-23 15:40:57] INFO: ASN WMS-ASN-EXT-00004 Carton CNWH63266: Assigned=Received, Actual=Received, ReceivedQty=10
[2026-04-23 15:40:57] INFO: ASN WMS-ASN-EXT-00004 Carton CNWH63268: Assigned=Received, Actual=Received, ReceivedQty=10
[2026-04-23 15:40:57] INFO: ASN WMS-ASN-EXT-00004 Carton CNWH63269: Assigned=Received, Actual=Received, ReceivedQty=10
[2026-04-23 15:40:57] INFO: ASN WMS-ASN-EXT-00004 Carton CNWH63270: Assigned=Received, Actual=Received, ReceivedQty=10
[2026-04-23 15:40:57] INFO: ASN WMS-ASN-EXT-00004 Carton CNWH63271: Assigned=Received, Actual=Received, ReceivedQty=10
[2026-04-23 15:40:57] INFO: ASN WMS-ASN-EXT-00004 Carton CNWH63272: Assigned=Received, Actual=Received, ReceivedQty=10
[2026-04-23 15:40:57] INFO: ASN WMS-ASN-EXT-00004 Carton CNWH63275: Assigned=Received, Actual=Received, ReceivedQty=10
[2026-04-23 15:40:57] INFO: ASN WMS-ASN-EXT-00004 Carton CNWH63277: Assigned=Received, Actual=Received, ReceivedQty=10
[2026-04-23 15:40:57] INFO: ASN WMS-ASN-EXT-00004 Carton CNWH63280: Assigned=Received, Actual=Received, ReceivedQty=10
[2026-04-23 15:40:57] INFO: ASN WMS-ASN-EXT-00004 Carton CNWH63282: Assigned=Received, Actual=Received, ReceivedQty=10
[2026-04-23 15:40:57] INFO: ASN WMS-ASN-EXT-00004 Carton CNWH63283: Assigned=Received, Actual=Received, ReceivedQty=10
[2026-04-23 15:40:57] INFO: ASN WMS-ASN-EXT-00004 Carton CNWH63284: Assigned=Received, Actual=Received, ReceivedQty=10
[2026-04-23 15:40:57] INFO: ASN WMS-ASN-EXT-00004 Carton CNWH63285: Assigned=Received, Actual=Received, ReceivedQty=10
[2026-04-23 15:40:57] INFO: ASN WMS-ASN-EXT-00004 Carton CNWH63286: Assigned=Received, Actual=Received, ReceivedQty=10
[2026-04-23 15:40:57] INFO: ASN WMS-ASN-EXT-00004 Carton CNWH63287: Assigned=Received, Actual=Received, ReceivedQty=10
[2026-04-23 15:40:57] INFO: ASN WMS-ASN-EXT-00004 Carton CNWH63288: Assigned=Received, Actual=Received, ReceivedQty=10
[2026-04-23 15:40:57] INFO: ASN WMS-ASN-EXT-00004 Carton CNWH63289: Assigned=Received, Actual=Received, ReceivedQty=10
[2026-04-23 15:40:57] INFO: ASN WMS-ASN-EXT-00004 Carton CNWH63441: Assigned=Received, Actual=Received, ReceivedQty=10
[2026-04-23 15:40:57] INFO: ASN WMS-ASN-EXT-00004 Carton CNWH63442: Assigned=Received, Actual=Received, ReceivedQty=10
[2026-04-23 15:40:57] INFO: ASN WMS-ASN-EXT-00004 Carton CNWH63444: Assigned=Received, Actual=Received, ReceivedQty=10
[2026-04-23 15:40:57] INFO: ASN WMS-ASN-EXT-00004 Carton CNWH63446: Assigned=Received, Actual=Received, ReceivedQty=10
[2026-04-23 15:40:57] INFO: ASN WMS-ASN-EXT-00004 Carton CNWH63448: Assigned=Received, Actual=Received, ReceivedQty=10
[2026-04-23 15:40:57] INFO: ASN WMS-ASN-EXT-00004 Carton CNWH65363: Assigned=Received, Actual=Received, ReceivedQty=10
[2026-04-23 15:40:57] INFO: ASN WMS-ASN-EXT-00004 Carton CNWH63179: Assigned=Received, Actual=Received, ReceivedQty=10
[2026-04-23 15:40:57] INFO: ASN WMS-ASN-EXT-00004 Carton CNWH63180: Assigned=Received, Actual=Received, ReceivedQty=10
[2026-04-23 15:40:57] INFO: ASN WMS-ASN-EXT-00004 Carton CNWH63196: Assigned=Received, Actual=Received, ReceivedQty=10
[2026-04-23 15:40:57] INFO: ASN WMS-ASN-EXT-00004 Carton CNWH63197: Assigned=Received, Actual=Received, ReceivedQty=10
[2026-04-23 15:40:57] INFO: ASN WMS-ASN-EXT-00004 Carton CNWH63198: Assigned=Received, Actual=Received, ReceivedQty=10
[2026-04-23 15:40:57] INFO: ASN WMS-ASN-EXT-00004 Carton CNWH63199: Assigned=Received, Actual=Received, ReceivedQty=10
[2026-04-23 15:40:57] INFO: ASN WMS-ASN-EXT-00004 Carton CNWH63200: Assigned=Received, Actual=Received, ReceivedQty=10
[2026-04-23 15:40:57] INFO: ASN WMS-ASN-EXT-00004 Carton CNWH63266: Assigned=Received, Actual=Received, ReceivedQty=10
[2026-04-23 15:40:57] INFO: ASN WMS-ASN-EXT-00004 Carton CNWH63268: Assigned=Received, Actual=Received, ReceivedQty=10
[2026-04-23 15:40:57] INFO: ASN WMS-ASN-EXT-00004 Carton CNWH63269: Assigned=Received, Actual=Received, ReceivedQty=10
[2026-04-23 15:40:57] INFO: ASN WMS-ASN-EXT-00004 Carton CNWH63270: Assigned=Received, Actual=Received, ReceivedQty=10
[2026-04-23 15:40:57] INFO: ASN WMS-ASN-EXT-00004 Carton CNWH63271: Assigned=Received, Actual=Received, ReceivedQty=10
[2026-04-23 15:40:57] INFO: ASN WMS-ASN-EXT-00004 Carton CNWH63272: Assigned=Received, Actual=Received, ReceivedQty=10
[2026-04-23 15:40:57] INFO: ASN WMS-ASN-EXT-00004 Carton CNWH63275: Assigned=Received, Actual=Received, ReceivedQty=10
[2026-04-23 15:40:57] INFO: ASN WMS-ASN-EXT-00004 Carton CNWH63277: Assigned=Received, Actual=Received, ReceivedQty=10
[2026-04-23 15:40:57] INFO: ASN WMS-ASN-EXT-00004 Carton CNWH63280: Assigned=Received, Actual=Received, ReceivedQty=10
[2026-04-23 15:40:57] INFO: ASN WMS-ASN-EXT-00004 Carton CNWH63282: Assigned=Received, Actual=Received, ReceivedQty=10
[2026-04-23 15:40:57] INFO: ASN WMS-ASN-EXT-00004 Carton CNWH63283: Assigned=Received, Actual=Received, ReceivedQty=10
[2026-04-23 15:40:57] INFO: ASN WMS-ASN-EXT-00004 Carton CNWH63284: Assigned=Received, Actual=Received, ReceivedQty=10
[2026-04-23 15:40:57] INFO: ASN WMS-ASN-EXT-00004 Carton CNWH63285: Assigned=Received, Actual=Received, ReceivedQty=10
[2026-04-23 15:40:57] INFO: ASN WMS-ASN-EXT-00004 Carton CNWH63286: Assigned=Received, Actual=Received, ReceivedQty=10
[2026-04-23 15:40:57] INFO: ASN WMS-ASN-EXT-00004 Carton CNWH63287: Assigned=Received, Actual=Received, ReceivedQty=10
[2026-04-23 15:40:57] INFO: ASN WMS-ASN-EXT-00004 Carton CNWH63288: Assigned=Received, Actual=Received, ReceivedQty=10
[2026-04-23 15:40:57] INFO: ASN WMS-ASN-EXT-00004 Carton CNWH63289: Assigned=Received, Actual=Received, ReceivedQty=10
[2026-04-23 15:40:57] INFO: ASN WMS-ASN-EXT-00004 Carton CNWH63441: Assigned=Received, Actual=Received, ReceivedQty=10
[2026-04-23 15:40:57] INFO: ASN WMS-ASN-EXT-00004 Carton CNWH63442: Assigned=Received, Actual=Received, ReceivedQty=10
[2026-04-23 15:40:57] INFO: ASN WMS-ASN-EXT-00004 Carton CNWH65363: Assigned=Received, Actual=Received, ReceivedQty=10
[2026-04-23 15:40:57] INFO: ASN WMS-ASN-EXT-00004 Carton CNWH63502: Assigned=Received, Actual=Received, ReceivedQty=10
[2026-04-23 15:40:57] INFO: ASN WMS-ASN-EXT-00004 Carton CNWH63502: Assigned=Received, Actual=Received, ReceivedQty=10
[2026-04-23 15:40:57] INFO: ASN WMS-ASN-EXT-00004 Carton CNWH64607: Assigned=Received, Actual=Received, ReceivedQty=10
[2026-04-23 15:40:58] INFO: ErpNextWmsSyncApiService: Fetched 4 item code(s) from ERPNext for ASN WMS-ASN-EXT-00004 (use as filter for PR/received qty).
[2026-04-23 15:40:58] INFO: ErpNextWmsSyncApiService: Pushing ASN received qty for WMS-ASN-EXT-00004, 60 line(s) (one per WMS detail row). Summary: [324249:10(ctn:CNWH63179), 324249:10(ctn:CNWH63180), 324249:10(ctn:CNWH63196), 324249:10(ctn:CNWH63197), 324249:10(ctn:CNWH63198), 324249:10(ctn:CNWH63199), 324249:10(ctn:CNWH63200), 324249:10(ctn:CNWH63266), 324249:10(ctn:CNWH63268), 324249:10(ctn:CNWH63269), 324249:10(ctn:CNWH63270), 324249:10(ctn:CNWH63271), 324249:10(ctn:CNWH63272), 324249:10(ctn:CNWH63275), 324249:10(ctn:CNWH63277), 324249:10(ctn:CNWH63280), 324249:10(ctn:CNWH63282), 324249:10(ctn:CNWH63283), 324249:10(ctn:CNWH63284), 324249:10(ctn:CNWH63285), 324249:10(ctn:CNWH63286), 324249:10(ctn:CNWH63287), 324249:10(ctn:CNWH63288), 324249:10(ctn:CNWH63289), 324249:10(ctn:CNWH63441), 324249:10(ctn:CNWH63442), 324249:10(ctn:CNWH63444), 324249:10(ctn:CNWH63446), 324249:10(ctn:CNWH63448), 324249:10(ctn:CNWH65363), 324250:10(ctn:CNWH63179), 324250:10(ctn:CNWH63180), 324250:10(ctn:CNWH63196), 324250:10(ctn:CNWH63197), 324250:10(ctn:CNWH63198), 324250:10(ctn:CNWH63199), 324250:10(ctn:CNWH63200), 324250:10(ctn:CNWH63266), 324250:10(ctn:CNWH63268), 324250:10(ctn:CNWH63269), 324250:10(ctn:CNWH63270), 324250:10(ctn:CNWH63271), 324250:10(ctn:CNWH63272), 324250:10(ctn:CNWH63275), 324250:10(ctn:CNWH63277), 324250:10(ctn:CNWH63280), 324250:10(ctn:CNWH63282), 324250:10(ctn:CNWH63283), 324250:10(ctn:CNWH63284), 324250:10(ctn:CNWH63285), 324250:10(ctn:CNWH63286), 324250:10(ctn:CNWH63287), 324250:10(ctn:CNWH63288), 324250:10(ctn:CNWH63289), 324250:10(ctn:CNWH63441), 324250:10(ctn:CNWH63442), 324250:10(ctn:CNWH65363), 324251:10(ctn:CNWH63502), 324252:10(ctn:CNWH63502), 324252:10(ctn:CNWH64607)], to http://printechsdammam.dyndns.org:88/api/method/printechs_wms.api.asn_receiving.update_asn_received_qty
[2026-04-23 15:40:58] ERROR: ErpNextWmsSyncApiService: ASN received qty API returned ExpectationFailed: {"exception":"frappe.exceptions.ValidationError: Failed to get method for command printechs_wms.api.asn_receiving.update_asn_received_qty with expected 'except' or 'finally' block (asn_receiving.py, line 449)","exc_type":"ValidationError","_exc_source":"printechs_wms (app)","exc":"[\"Traceback (most recent call last):\\n  File \\\"apps/frappe/frappe/handler.py\\\", line 74, in execute_cmd\\n    method = get_attr(cmd)\\n             ^^^^^^^^^^^^^\\n  File \\\"apps/frappe/frappe/handler.py\\\", line 292, in get_attr\\n    method = frappe.get_attr(cmd)\\n             ^^^^^^^^^^^^^^^^^^^^\\n  File \\\"apps/frappe/frappe/__init__.py\\\", line 1744, in get_attr\\n    return getattr(get_module(modulename), methodname)\\n                   ^^^^^^^^^^^^^^^^^^^^^^\\n  File \\\"apps/frappe/frappe/__init__.py\\\", line 1454, in get_module\\n    return importlib.import_module(modulename)\\n           ^^^^^^^^^^^^^^^^^^^^^^^^^^^^^^^^^^^\\n  File \\\"/usr/lib/python3.12/importlib/__init__.py\\\", line 90, in import_module\\n    return _bootstrap._gcd_import(name[level:], package, level)\\n           ^^^^^^^^^^^^^^^^^^^^^^^^^^^^^^^^^^^^^^^^^^^^^^^^^^^^\\n  File \\\"<frozen importlib._bootstrap>\\\", line 1387, in _gcd_import\\n  File \\\"<frozen importlib._bootstrap>\\\", line 1360, in _find_and_load\\n  File \\\"<frozen importlib._bootstrap>\\\", line 1331, in _find_and_load_unlocked\\n  File \\\"<frozen importlib._bootstrap>\\\", line 935, in _load_unlocked\\n  File \\\"<frozen importlib._bootstrap_external>\\\", line 991, in exec_module\\n  File \\\"<frozen importlib._bootstrap_external>\\\", line 1129, in get_code\\n  File \\\"<frozen importlib._bootstrap_external>\\\", line 1059, in source_to_code\\n  File \\\"<frozen importlib._bootstrap>\\\", line 488, in _call_with_frames_removed\\n  File \\\"apps/printechs_wms/printechs_wms/api/asn_receiving.py\\\", line 449\\n    updated.append({\\n    ^^^^^^^\\nSyntaxError: expected 'except' or 'finally' block\\n\\nDuring handling of the above exception, another exception occurred:\\n\\nTraceback (most recent call last):\\n  File \\\"apps/frappe/frappe/app.py\\\", line 120, in application\\n    response = frappe.api.handle(request)\\n               ^^^^^^^^^^^^^^^^^^^^^^^^^^\\n  File \\\"apps/frappe/frappe/api/__init__.py\\\", line 52, in handle\\n    data = endpoint(**arguments)\\n           ^^^^^^^^^^^^^^^^^^^^^\\n  File \\\"apps/frappe/frappe/api/v1.py\\\", line 40, in handle_rpc_call\\n    return frappe.handler.handle()\\n           ^^^^^^^^^^^^^^^^^^^^^^^\\n  File \\\"apps/frappe/frappe/handler.py\\\", line 52, in handle\\n    data = execute_cmd(cmd)\\n           ^^^^^^^^^^^^^^^^\\n  File \\\"apps/frappe/frappe/handler.py\\\", line 76, in execute_cmd\\n    frappe.throw(_(\\\"Failed to get method for command {0} with {1}\\\").format(cmd, e))\\n  File \\\"apps/frappe/frappe/__init__.py\\\", line 609, in throw\\n    msgprint(\\n  File \\\"apps/frappe/frappe/__init__.py\\\", line 574, in msgprint\\n    _raise_exception()\\n  File \\\"apps/frappe/frappe/__init__.py\\\", line 525, in _raise_exception\\n    raise exc\\nfrappe.exceptions.ValidationError: Failed to get method for command printechs_wms.api.asn_receiving.update_asn_received_qty with expected 'except' or 'finally' block (asn_receiving.py, line 449)\\n\"]","_server_messages":"[\"{\\\"message\\\": \\\"Failed to get method for command printechs_wms.api.asn_receiving.update_asn_received_qty with expected 'except' or 'finally' block (asn_receiving.py, line 449)\\\", \\\"title\\\": \\\"Message\\\", \\\"indicator\\\": \\\"red\\\", \\\"raise_exception\\\": 1, \\\"__frappe_exc_id\\\": \\\"632694ff1c550c81e3106a1a5c044e539dfc426a937134a301141710\\\"}\"]"}
--------------------------------------------------------------------------------
[2026-04-23 15:40:59] INFO: ASN ASN-0001 Carton CNWH12858: Assigned=Assigned, Actual=Assigned, ReceivedQty=0
[2026-04-23 15:40:59] INFO: ASN ASN-0001 Carton CNWH12854: Assigned=Assigned, Actual=Assigned, ReceivedQty=0
[2026-04-23 15:40:59] INFO: ASN ASN-0001 Carton CNWH15390: Assigned=Assigned, Actual=Assigned, ReceivedQty=0
[2026-04-23 15:40:59] INFO: ASN ASN-0001 Carton CNWH42441: Assigned=Assigned, Actual=Assigned, ReceivedQty=0
[2026-04-23 15:40:59] INFO: ASN ASN-0001 Carton CNWH64571: Assigned=Assigned, Actual=Assigned, ReceivedQty=0
[2026-04-23 15:40:59] INFO: ASN ASN-0001 Carton CNWH64521: Assigned=Assigned, Actual=Assigned, ReceivedQty=0
[2026-04-23 15:40:59] INFO: ASN ASN-0001 Carton CNWH63561: Assigned=Assigned, Actual=Assigned, ReceivedQty=0
[2026-04-23 15:40:59] INFO: ASN ASN-0001 Carton CNWH63609: Assigned=Assigned, Actual=Assigned, ReceivedQty=0
[2026-04-23 15:40:59] INFO: ASN WMS-ASN-EXT-00004 Carton CNWH63179: Assigned=Received, Actual=Received, ReceivedQty=10
[2026-04-23 15:40:59] INFO: ASN WMS-ASN-EXT-00004 Carton CNWH63180: Assigned=Received, Actual=Received, ReceivedQty=10
[2026-04-23 15:40:59] INFO: ASN WMS-ASN-EXT-00004 Carton CNWH63196: Assigned=Received, Actual=Received, ReceivedQty=10
[2026-04-23 15:40:59] INFO: ASN WMS-ASN-EXT-00004 Carton CNWH63197: Assigned=Received, Actual=Received, ReceivedQty=10
[2026-04-23 15:40:59] INFO: ASN WMS-ASN-EXT-00004 Carton CNWH63198: Assigned=Received, Actual=Received, ReceivedQty=10
[2026-04-23 15:40:59] INFO: ASN WMS-ASN-EXT-00004 Carton CNWH63199: Assigned=Received, Actual=Received, ReceivedQty=10
[2026-04-23 15:40:59] INFO: ASN WMS-ASN-EXT-00004 Carton CNWH63200: Assigned=Received, Actual=Received, ReceivedQty=10
[2026-04-23 15:40:59] INFO: ASN WMS-ASN-EXT-00004 Carton CNWH63266: Assigned=Received, Actual=Received, ReceivedQty=10
[2026-04-23 15:40:59] INFO: ASN WMS-ASN-EXT-00004 Carton CNWH63268: Assigned=Received, Actual=Received, ReceivedQty=10
[2026-04-23 15:40:59] INFO: ASN WMS-ASN-EXT-00004 Carton CNWH63269: Assigned=Received, Actual=Received, ReceivedQty=10
[2026-04-23 15:40:59] INFO: ASN WMS-ASN-EXT-00004 Carton CNWH63270: Assigned=Received, Actual=Received, ReceivedQty=10
[2026-04-23 15:40:59] INFO: ASN WMS-ASN-EXT-00004 Carton CNWH63271: Assigned=Received, Actual=Received, ReceivedQty=10
[2026-04-23 15:40:59] INFO: ASN WMS-ASN-EXT-00004 Carton CNWH63272: Assigned=Received, Actual=Received, ReceivedQty=10
[2026-04-23 15:40:59] INFO: ASN WMS-ASN-EXT-00004 Carton CNWH63275: Assigned=Received, Actual=Received, ReceivedQty=10
[2026-04-23 15:40:59] INFO: ASN WMS-ASN-EXT-00004 Carton CNWH63277: Assigned=Received, Actual=Received, ReceivedQty=10
[2026-04-23 15:40:59] INFO: ASN WMS-ASN-EXT-00004 Carton CNWH63280: Assigned=Received, Actual=Received, ReceivedQty=10
[2026-04-23 15:40:59] INFO: ASN WMS-ASN-EXT-00004 Carton CNWH63282: Assigned=Received, Actual=Received, ReceivedQty=10
[2026-04-23 15:40:59] INFO: ASN WMS-ASN-EXT-00004 Carton CNWH63283: Assigned=Received, Actual=Received, ReceivedQty=10
[2026-04-23 15:40:59] INFO: ASN WMS-ASN-EXT-00004 Carton CNWH63284: Assigned=Received, Actual=Received, ReceivedQty=10
[2026-04-23 15:40:59] INFO: ASN WMS-ASN-EXT-00004 Carton CNWH63285: Assigned=Received, Actual=Received, ReceivedQty=10
[2026-04-23 15:40:59] INFO: ASN WMS-ASN-EXT-00004 Carton CNWH63286: Assigned=Received, Actual=Received, ReceivedQty=10
[2026-04-23 15:40:59] INFO: ASN WMS-ASN-EXT-00004 Carton CNWH63287: Assigned=Received, Actual=Received, ReceivedQty=10
[2026-04-23 15:40:59] INFO: ASN WMS-ASN-EXT-00004 Carton CNWH63288: Assigned=Received, Actual=Received, ReceivedQty=10
[2026-04-23 15:40:59] INFO: ASN WMS-ASN-EXT-00004 Carton CNWH63289: Assigned=Received, Actual=Received, ReceivedQty=10
[2026-04-23 15:40:59] INFO: ASN WMS-ASN-EXT-00004 Carton CNWH63441: Assigned=Received, Actual=Received, ReceivedQty=10
[2026-04-23 15:40:59] INFO: ASN WMS-ASN-EXT-00004 Carton CNWH63442: Assigned=Received, Actual=Received, ReceivedQty=10
[2026-04-23 15:40:59] INFO: ASN WMS-ASN-EXT-00004 Carton CNWH63444: Assigned=Received, Actual=Received, ReceivedQty=10
[2026-04-23 15:40:59] INFO: ASN WMS-ASN-EXT-00004 Carton CNWH63446: Assigned=Received, Actual=Received, ReceivedQty=10
[2026-04-23 15:40:59] INFO: ASN WMS-ASN-EXT-00004 Carton CNWH63448: Assigned=Received, Actual=Received, ReceivedQty=10
[2026-04-23 15:40:59] INFO: ASN WMS-ASN-EXT-00004 Carton CNWH65363: Assigned=Received, Actual=Received, ReceivedQty=10
[2026-04-23 15:40:59] INFO: ASN WMS-ASN-EXT-00004 Carton CNWH63179: Assigned=Received, Actual=Received, ReceivedQty=10
[2026-04-23 15:40:59] INFO: ASN WMS-ASN-EXT-00004 Carton CNWH63180: Assigned=Received, Actual=Received, ReceivedQty=10
[2026-04-23 15:40:59] INFO: ASN WMS-ASN-EXT-00004 Carton CNWH63196: Assigned=Received, Actual=Received, ReceivedQty=10
[2026-04-23 15:40:59] INFO: ASN WMS-ASN-EXT-00004 Carton CNWH63197: Assigned=Received, Actual=Received, ReceivedQty=10
[2026-04-23 15:40:59] INFO: ASN WMS-ASN-EXT-00004 Carton CNWH63198: Assigned=Received, Actual=Received, ReceivedQty=10
[2026-04-23 15:40:59] INFO: ASN WMS-ASN-EXT-00004 Carton CNWH63199: Assigned=Received, Actual=Received, ReceivedQty=10
[2026-04-23 15:40:59] INFO: ASN WMS-ASN-EXT-00004 Carton CNWH63200: Assigned=Received, Actual=Received, ReceivedQty=10
[2026-04-23 15:40:59] INFO: ASN WMS-ASN-EXT-00004 Carton CNWH63266: Assigned=Received, Actual=Received, ReceivedQty=10
[2026-04-23 15:40:59] INFO: ASN WMS-ASN-EXT-00004 Carton CNWH63268: Assigned=Received, Actual=Received, ReceivedQty=10
[2026-04-23 15:40:59] INFO: ASN WMS-ASN-EXT-00004 Carton CNWH63269: Assigned=Received, Actual=Received, ReceivedQty=10
[2026-04-23 15:40:59] INFO: ASN WMS-ASN-EXT-00004 Carton CNWH63270: Assigned=Received, Actual=Received, ReceivedQty=10
[2026-04-23 15:40:59] INFO: ASN WMS-ASN-EXT-00004 Carton CNWH63271: Assigned=Received, Actual=Received, ReceivedQty=10
[2026-04-23 15:40:59] INFO: ASN WMS-ASN-EXT-00004 Carton CNWH63272: Assigned=Received, Actual=Received, ReceivedQty=10
[2026-04-23 15:40:59] INFO: ASN WMS-ASN-EXT-00004 Carton CNWH63275: Assigned=Received, Actual=Received, ReceivedQty=10
[2026-04-23 15:40:59] INFO: ASN WMS-ASN-EXT-00004 Carton CNWH63277: Assigned=Received, Actual=Received, ReceivedQty=10
[2026-04-23 15:40:59] INFO: ASN WMS-ASN-EXT-00004 Carton CNWH63280: Assigned=Received, Actual=Received, ReceivedQty=10
[2026-04-23 15:40:59] INFO: ASN WMS-ASN-EXT-00004 Carton CNWH63282: Assigned=Received, Actual=Received, ReceivedQty=10
[2026-04-23 15:40:59] INFO: ASN WMS-ASN-EXT-00004 Carton CNWH63283: Assigned=Received, Actual=Received, ReceivedQty=10
[2026-04-23 15:40:59] INFO: ASN WMS-ASN-EXT-00004 Carton CNWH63284: Assigned=Received, Actual=Received, ReceivedQty=10
[2026-04-23 15:40:59] INFO: ASN WMS-ASN-EXT-00004 Carton CNWH63285: Assigned=Received, Actual=Received, ReceivedQty=10
[2026-04-23 15:40:59] INFO: ASN WMS-ASN-EXT-00004 Carton CNWH63286: Assigned=Received, Actual=Received, ReceivedQty=10
[2026-04-23 15:40:59] INFO: ASN WMS-ASN-EXT-00004 Carton CNWH63287: Assigned=Received, Actual=Received, ReceivedQty=10
[2026-04-23 15:40:59] INFO: ASN WMS-ASN-EXT-00004 Carton CNWH63288: Assigned=Received, Actual=Received, ReceivedQty=10
[2026-04-23 15:40:59] INFO: ASN WMS-ASN-EXT-00004 Carton CNWH63289: Assigned=Received, Actual=Received, ReceivedQty=10
[2026-04-23 15:40:59] INFO: ASN WMS-ASN-EXT-00004 Carton CNWH63441: Assigned=Received, Actual=Received, ReceivedQty=10
[2026-04-23 15:40:59] INFO: ASN WMS-ASN-EXT-00004 Carton CNWH63442: Assigned=Received, Actual=Received, ReceivedQty=10
[2026-04-23 15:40:59] INFO: ASN WMS-ASN-EXT-00004 Carton CNWH65363: Assigned=Received, Actual=Received, ReceivedQty=10
[2026-04-23 15:40:59] INFO: ASN WMS-ASN-EXT-00004 Carton CNWH63502: Assigned=Received, Actual=Received, ReceivedQty=10
[2026-04-23 15:40:59] INFO: ASN WMS-ASN-EXT-00004 Carton CNWH63502: Assigned=Received, Actual=Received, ReceivedQty=10
[2026-04-23 15:40:59] INFO: ASN WMS-ASN-EXT-00004 Carton CNWH64607: Assigned=Received, Actual=Received, ReceivedQty=10
[2026-04-23 15:41:00] INFO: ErpNextWmsSyncApiService: Fetched 4 item code(s) from ERPNext for ASN WMS-ASN-EXT-00004 (use as filter for PR/received qty).
[2026-04-23 15:41:00] INFO: ErpNextWmsSyncApiService: Pushing ASN received qty for WMS-ASN-EXT-00004, 60 line(s) (one per WMS detail row). Summary: [324249:10(ctn:CNWH63179), 324249:10(ctn:CNWH63180), 324249:10(ctn:CNWH63196), 324249:10(ctn:CNWH63197), 324249:10(ctn:CNWH63198), 324249:10(ctn:CNWH63199), 324249:10(ctn:CNWH63200), 324249:10(ctn:CNWH63266), 324249:10(ctn:CNWH63268), 324249:10(ctn:CNWH63269), 324249:10(ctn:CNWH63270), 324249:10(ctn:CNWH63271), 324249:10(ctn:CNWH63272), 324249:10(ctn:CNWH63275), 324249:10(ctn:CNWH63277), 324249:10(ctn:CNWH63280), 324249:10(ctn:CNWH63282), 324249:10(ctn:CNWH63283), 324249:10(ctn:CNWH63284), 324249:10(ctn:CNWH63285), 324249:10(ctn:CNWH63286), 324249:10(ctn:CNWH63287), 324249:10(ctn:CNWH63288), 324249:10(ctn:CNWH63289), 324249:10(ctn:CNWH63441), 324249:10(ctn:CNWH63442), 324249:10(ctn:CNWH63444), 324249:10(ctn:CNWH63446), 324249:10(ctn:CNWH63448), 324249:10(ctn:CNWH65363), 324250:10(ctn:CNWH63179), 324250:10(ctn:CNWH63180), 324250:10(ctn:CNWH63196), 324250:10(ctn:CNWH63197), 324250:10(ctn:CNWH63198), 324250:10(ctn:CNWH63199), 324250:10(ctn:CNWH63200), 324250:10(ctn:CNWH63266), 324250:10(ctn:CNWH63268), 324250:10(ctn:CNWH63269), 324250:10(ctn:CNWH63270), 324250:10(ctn:CNWH63271), 324250:10(ctn:CNWH63272), 324250:10(ctn:CNWH63275), 324250:10(ctn:CNWH63277), 324250:10(ctn:CNWH63280), 324250:10(ctn:CNWH63282), 324250:10(ctn:CNWH63283), 324250:10(ctn:CNWH63284), 324250:10(ctn:CNWH63285), 324250:10(ctn:CNWH63286), 324250:10(ctn:CNWH63287), 324250:10(ctn:CNWH63288), 324250:10(ctn:CNWH63289), 324250:10(ctn:CNWH63441), 324250:10(ctn:CNWH63442), 324250:10(ctn:CNWH65363), 324251:10(ctn:CNWH63502), 324252:10(ctn:CNWH63502), 324252:10(ctn:CNWH64607)], to http://printechsdammam.dyndns.org:88/api/method/printechs_wms.api.asn_receiving.update_asn_received_qty
[2026-04-23 15:41:00] ERROR: ErpNextWmsSyncApiService: ASN received qty API returned ExpectationFailed: {"exception":"frappe.exceptions.ValidationError: Failed to get method for command printechs_wms.api.asn_receiving.update_asn_received_qty with expected 'except' or 'finally' block (asn_receiving.py, line 449)","exc_type":"ValidationError","_exc_source":"printechs_wms (app)","exc":"[\"Traceback (most recent call last):\\n  File \\\"apps/frappe/frappe/handler.py\\\", line 74, in execute_cmd\\n    method = get_attr(cmd)\\n             ^^^^^^^^^^^^^\\n  File \\\"apps/frappe/frappe/handler.py\\\", line 292, in get_attr\\n    method = frappe.get_attr(cmd)\\n             ^^^^^^^^^^^^^^^^^^^^\\n  File \\\"apps/frappe/frappe/__init__.py\\\", line 1744, in get_attr\\n    return getattr(get_module(modulename), methodname)\\n                   ^^^^^^^^^^^^^^^^^^^^^^\\n  File \\\"apps/frappe/frappe/__init__.py\\\", line 1454, in get_module\\n    return importlib.import_module(modulename)\\n           ^^^^^^^^^^^^^^^^^^^^^^^^^^^^^^^^^^^\\n  File \\\"/usr/lib/python3.12/importlib/__init__.py\\\", line 90, in import_module\\n    return _bootstrap._gcd_import(name[level:], package, level)\\n           ^^^^^^^^^^^^^^^^^^^^^^^^^^^^^^^^^^^^^^^^^^^^^^^^^^^^\\n  File \\\"<frozen importlib._bootstrap>\\\", line 1387, in _gcd_import\\n  File \\\"<frozen importlib._bootstrap>\\\", line 1360, in _find_and_load\\n  File \\\"<frozen importlib._bootstrap>\\\", line 1331, in _find_and_load_unlocked\\n  File \\\"<frozen importlib._bootstrap>\\\", line 935, in _load_unlocked\\n  File \\\"<frozen importlib._bootstrap_external>\\\", line 991, in exec_module\\n  File \\\"<frozen importlib._bootstrap_external>\\\", line 1129, in get_code\\n  File \\\"<frozen importlib._bootstrap_external>\\\", line 1059, in source_to_code\\n  File \\\"<frozen importlib._bootstrap>\\\", line 488, in _call_with_frames_removed\\n  File \\\"apps/printechs_wms/printechs_wms/api/asn_receiving.py\\\", line 449\\n    updated.append({\\n    ^^^^^^^\\nSyntaxError: expected 'except' or 'finally' block\\n\\nDuring handling of the above exception, another exception occurred:\\n\\nTraceback (most recent call last):\\n  File \\\"apps/frappe/frappe/app.py\\\", line 120, in application\\n    response = frappe.api.handle(request)\\n               ^^^^^^^^^^^^^^^^^^^^^^^^^^\\n  File \\\"apps/frappe/frappe/api/__init__.py\\\", line 52, in handle\\n    data = endpoint(**arguments)\\n           ^^^^^^^^^^^^^^^^^^^^^\\n  File \\\"apps/frappe/frappe/api/v1.py\\\", line 40, in handle_rpc_call\\n    return frappe.handler.handle()\\n           ^^^^^^^^^^^^^^^^^^^^^^^\\n  File \\\"apps/frappe/frappe/handler.py\\\", line 52, in handle\\n    data = execute_cmd(cmd)\\n           ^^^^^^^^^^^^^^^^\\n  File \\\"apps/frappe/frappe/handler.py\\\", line 76, in execute_cmd\\n    frappe.throw(_(\\\"Failed to get method for command {0} with {1}\\\").format(cmd, e))\\n  File \\\"apps/frappe/frappe/__init__.py\\\", line 609, in throw\\n    msgprint(\\n  File \\\"apps/frappe/frappe/__init__.py\\\", line 574, in msgprint\\n    _raise_exception()\\n  File \\\"apps/frappe/frappe/__init__.py\\\", line 525, in _raise_exception\\n    raise exc\\nfrappe.exceptions.ValidationError: Failed to get method for command printechs_wms.api.asn_receiving.update_asn_received_qty with expected 'except' or 'finally' block (asn_receiving.py, line 449)\\n\"]","_server_messages":"[\"{\\\"message\\\": \\\"Failed to get method for command printechs_wms.api.asn_receiving.update_asn_received_qty with expected 'except' or 'finally' block (asn_receiving.py, line 449)\\\", \\\"title\\\": \\\"Message\\\", \\\"indicator\\\": \\\"red\\\", \\\"raise_exception\\\": 1, \\\"__frappe_exc_id\\\": \\\"aa715ae52b69c33bf6d89c443e7fa2311252744b73801de36985ef7a\\\"}\"]"}
--------------------------------------------------------------------------------
[2026-04-23 15:41:01] INFO: ASN ASN-0001 Carton CNWH12858: Assigned=Assigned, Actual=Assigned, ReceivedQty=0
[2026-04-23 15:41:01] INFO: ASN ASN-0001 Carton CNWH12854: Assigned=Assigned, Actual=Assigned, ReceivedQty=0
[2026-04-23 15:41:01] INFO: ASN ASN-0001 Carton CNWH15390: Assigned=Assigned, Actual=Assigned, ReceivedQty=0
[2026-04-23 15:41:01] INFO: ASN ASN-0001 Carton CNWH42441: Assigned=Assigned, Actual=Assigned, ReceivedQty=0
[2026-04-23 15:41:01] INFO: ASN ASN-0001 Carton CNWH64571: Assigned=Assigned, Actual=Assigned, ReceivedQty=0
[2026-04-23 15:41:01] INFO: ASN ASN-0001 Carton CNWH64521: Assigned=Assigned, Actual=Assigned, ReceivedQty=0
[2026-04-23 15:41:01] INFO: ASN ASN-0001 Carton CNWH63561: Assigned=Assigned, Actual=Assigned, ReceivedQty=0
[2026-04-23 15:41:01] INFO: ASN ASN-0001 Carton CNWH63609: Assigned=Assigned, Actual=Assigned, ReceivedQty=0
[2026-04-23 15:41:01] INFO: ASN WMS-ASN-EXT-00004 Carton CNWH63179: Assigned=Received, Actual=Received, ReceivedQty=10
[2026-04-23 15:41:01] INFO: ASN WMS-ASN-EXT-00004 Carton CNWH63180: Assigned=Received, Actual=Received, ReceivedQty=10
[2026-04-23 15:41:01] INFO: ASN WMS-ASN-EXT-00004 Carton CNWH63196: Assigned=Received, Actual=Received, ReceivedQty=10
[2026-04-23 15:41:01] INFO: ASN WMS-ASN-EXT-00004 Carton CNWH63197: Assigned=Received, Actual=Received, ReceivedQty=10
[2026-04-23 15:41:01] INFO: ASN WMS-ASN-EXT-00004 Carton CNWH63198: Assigned=Received, Actual=Received, ReceivedQty=10
[2026-04-23 15:41:01] INFO: ASN WMS-ASN-EXT-00004 Carton CNWH63199: Assigned=Received, Actual=Received, ReceivedQty=10
[2026-04-23 15:41:01] INFO: ASN WMS-ASN-EXT-00004 Carton CNWH63200: Assigned=Received, Actual=Received, ReceivedQty=10
[2026-04-23 15:41:01] INFO: ASN WMS-ASN-EXT-00004 Carton CNWH63266: Assigned=Received, Actual=Received, ReceivedQty=10
[2026-04-23 15:41:01] INFO: ASN WMS-ASN-EXT-00004 Carton CNWH63268: Assigned=Received, Actual=Received, ReceivedQty=10
[2026-04-23 15:41:01] INFO: ASN WMS-ASN-EXT-00004 Carton CNWH63269: Assigned=Received, Actual=Received, ReceivedQty=10
[2026-04-23 15:41:01] INFO: ASN WMS-ASN-EXT-00004 Carton CNWH63270: Assigned=Received, Actual=Received, ReceivedQty=10
[2026-04-23 15:41:01] INFO: ASN WMS-ASN-EXT-00004 Carton CNWH63271: Assigned=Received, Actual=Received, ReceivedQty=10
[2026-04-23 15:41:01] INFO: ASN WMS-ASN-EXT-00004 Carton CNWH63272: Assigned=Received, Actual=Received, ReceivedQty=10
[2026-04-23 15:41:01] INFO: ASN WMS-ASN-EXT-00004 Carton CNWH63275: Assigned=Received, Actual=Received, ReceivedQty=10
[2026-04-23 15:41:01] INFO: ASN WMS-ASN-EXT-00004 Carton CNWH63277: Assigned=Received, Actual=Received, ReceivedQty=10
[2026-04-23 15:41:01] INFO: ASN WMS-ASN-EXT-00004 Carton CNWH63280: Assigned=Received, Actual=Received, ReceivedQty=10
[2026-04-23 15:41:01] INFO: ASN WMS-ASN-EXT-00004 Carton CNWH63282: Assigned=Received, Actual=Received, ReceivedQty=10
[2026-04-23 15:41:01] INFO: ASN WMS-ASN-EXT-00004 Carton CNWH63283: Assigned=Received, Actual=Received, ReceivedQty=10
[2026-04-23 15:41:01] INFO: ASN WMS-ASN-EXT-00004 Carton CNWH63284: Assigned=Received, Actual=Received, ReceivedQty=10
[2026-04-23 15:41:01] INFO: ASN WMS-ASN-EXT-00004 Carton CNWH63285: Assigned=Received, Actual=Received, ReceivedQty=10
[2026-04-23 15:41:01] INFO: ASN WMS-ASN-EXT-00004 Carton CNWH63286: Assigned=Received, Actual=Received, ReceivedQty=10
[2026-04-23 15:41:01] INFO: ASN WMS-ASN-EXT-00004 Carton CNWH63287: Assigned=Received, Actual=Received, ReceivedQty=10
[2026-04-23 15:41:01] INFO: ASN WMS-ASN-EXT-00004 Carton CNWH63288: Assigned=Received, Actual=Received, ReceivedQty=10
[2026-04-23 15:41:01] INFO: ASN WMS-ASN-EXT-00004 Carton CNWH63289: Assigned=Received, Actual=Received, ReceivedQty=10
[2026-04-23 15:41:01] INFO: ASN WMS-ASN-EXT-00004 Carton CNWH63441: Assigned=Received, Actual=Received, ReceivedQty=10
[2026-04-23 15:41:01] INFO: ASN WMS-ASN-EXT-00004 Carton CNWH63442: Assigned=Received, Actual=Received, ReceivedQty=10
[2026-04-23 15:41:01] INFO: ASN WMS-ASN-EXT-00004 Carton CNWH63444: Assigned=Received, Actual=Received, ReceivedQty=10
[2026-04-23 15:41:01] INFO: ASN WMS-ASN-EXT-00004 Carton CNWH63446: Assigned=Received, Actual=Received, ReceivedQty=10
[2026-04-23 15:41:01] INFO: ASN WMS-ASN-EXT-00004 Carton CNWH63448: Assigned=Received, Actual=Received, ReceivedQty=10
[2026-04-23 15:41:01] INFO: ASN WMS-ASN-EXT-00004 Carton CNWH65363: Assigned=Received, Actual=Received, ReceivedQty=10
[2026-04-23 15:41:01] INFO: ASN WMS-ASN-EXT-00004 Carton CNWH63179: Assigned=Received, Actual=Received, ReceivedQty=10
[2026-04-23 15:41:01] INFO: ASN WMS-ASN-EXT-00004 Carton CNWH63180: Assigned=Received, Actual=Received, ReceivedQty=10
[2026-04-23 15:41:01] INFO: ASN WMS-ASN-EXT-00004 Carton CNWH63196: Assigned=Received, Actual=Received, ReceivedQty=10
[2026-04-23 15:41:01] INFO: ASN WMS-ASN-EXT-00004 Carton CNWH63197: Assigned=Received, Actual=Received, ReceivedQty=10
[2026-04-23 15:41:01] INFO: ASN WMS-ASN-EXT-00004 Carton CNWH63198: Assigned=Received, Actual=Received, ReceivedQty=10
[2026-04-23 15:41:01] INFO: ASN WMS-ASN-EXT-00004 Carton CNWH63199: Assigned=Received, Actual=Received, ReceivedQty=10
[2026-04-23 15:41:01] INFO: ASN WMS-ASN-EXT-00004 Carton CNWH63200: Assigned=Received, Actual=Received, ReceivedQty=10
[2026-04-23 15:41:01] INFO: ASN WMS-ASN-EXT-00004 Carton CNWH63266: Assigned=Received, Actual=Received, ReceivedQty=10
[2026-04-23 15:41:01] INFO: ASN WMS-ASN-EXT-00004 Carton CNWH63268: Assigned=Received, Actual=Received, ReceivedQty=10
[2026-04-23 15:41:01] INFO: ASN WMS-ASN-EXT-00004 Carton CNWH63269: Assigned=Received, Actual=Received, ReceivedQty=10
[2026-04-23 15:41:01] INFO: ASN WMS-ASN-EXT-00004 Carton CNWH63270: Assigned=Received, Actual=Received, ReceivedQty=10
[2026-04-23 15:41:01] INFO: ASN WMS-ASN-EXT-00004 Carton CNWH63271: Assigned=Received, Actual=Received, ReceivedQty=10
[2026-04-23 15:41:01] INFO: ASN WMS-ASN-EXT-00004 Carton CNWH63272: Assigned=Received, Actual=Received, ReceivedQty=10
[2026-04-23 15:41:01] INFO: ASN WMS-ASN-EXT-00004 Carton CNWH63275: Assigned=Received, Actual=Received, ReceivedQty=10
[2026-04-23 15:41:01] INFO: ASN WMS-ASN-EXT-00004 Carton CNWH63277: Assigned=Received, Actual=Received, ReceivedQty=10
[2026-04-23 15:41:01] INFO: ASN WMS-ASN-EXT-00004 Carton CNWH63280: Assigned=Received, Actual=Received, ReceivedQty=10
[2026-04-23 15:41:01] INFO: ASN WMS-ASN-EXT-00004 Carton CNWH63282: Assigned=Received, Actual=Received, ReceivedQty=10
[2026-04-23 15:41:01] INFO: ASN WMS-ASN-EXT-00004 Carton CNWH63283: Assigned=Received, Actual=Received, ReceivedQty=10
[2026-04-23 15:41:01] INFO: ASN WMS-ASN-EXT-00004 Carton CNWH63284: Assigned=Received, Actual=Received, ReceivedQty=10
[2026-04-23 15:41:01] INFO: ASN WMS-ASN-EXT-00004 Carton CNWH63285: Assigned=Received, Actual=Received, ReceivedQty=10
[2026-04-23 15:41:01] INFO: ASN WMS-ASN-EXT-00004 Carton CNWH63286: Assigned=Received, Actual=Received, ReceivedQty=10
[2026-04-23 15:41:01] INFO: ASN WMS-ASN-EXT-00004 Carton CNWH63287: Assigned=Received, Actual=Received, ReceivedQty=10
[2026-04-23 15:41:01] INFO: ASN WMS-ASN-EXT-00004 Carton CNWH63288: Assigned=Received, Actual=Received, ReceivedQty=10
[2026-04-23 15:41:01] INFO: ASN WMS-ASN-EXT-00004 Carton CNWH63289: Assigned=Received, Actual=Received, ReceivedQty=10
[2026-04-23 15:41:01] INFO: ASN WMS-ASN-EXT-00004 Carton CNWH63441: Assigned=Received, Actual=Received, ReceivedQty=10
[2026-04-23 15:41:01] INFO: ASN WMS-ASN-EXT-00004 Carton CNWH63442: Assigned=Received, Actual=Received, ReceivedQty=10
[2026-04-23 15:41:01] INFO: ASN WMS-ASN-EXT-00004 Carton CNWH65363: Assigned=Received, Actual=Received, ReceivedQty=10
[2026-04-23 15:41:01] INFO: ASN WMS-ASN-EXT-00004 Carton CNWH63502: Assigned=Received, Actual=Received, ReceivedQty=10
[2026-04-23 15:41:01] INFO: ASN WMS-ASN-EXT-00004 Carton CNWH63502: Assigned=Received, Actual=Received, ReceivedQty=10
[2026-04-23 15:41:01] INFO: ASN WMS-ASN-EXT-00004 Carton CNWH64607: Assigned=Received, Actual=Received, ReceivedQty=10
[2026-04-23 15:55:25] INFO: AuthService: Attempting login to http://localhost:3000/api/auth/login for user sysadmin
[2026-04-23 15:55:27] INFO: AuthService: Login response status: OK
[2026-04-23 15:55:27] INFO: AuthService: Login successful for user sysadmin
[2026-04-23 15:55:31] INFO: ASN ASN-0001 Carton CNWH12858: Assigned=Assigned, Actual=Assigned, ReceivedQty=0
[2026-04-23 15:55:31] INFO: ASN ASN-0001 Carton CNWH12854: Assigned=Assigned, Actual=Assigned, ReceivedQty=0
[2026-04-23 15:55:31] INFO: ASN ASN-0001 Carton CNWH15390: Assigned=Assigned, Actual=Assigned, ReceivedQty=0
[2026-04-23 15:55:31] INFO: ASN ASN-0001 Carton CNWH42441: Assigned=Assigned, Actual=Assigned, ReceivedQty=0
[2026-04-23 15:55:31] INFO: ASN ASN-0001 Carton CNWH64571: Assigned=Assigned, Actual=Assigned, ReceivedQty=0
[2026-04-23 15:55:31] INFO: ASN ASN-0001 Carton CNWH64521: Assigned=Assigned, Actual=Assigned, ReceivedQty=0
[2026-04-23 15:55:31] INFO: ASN ASN-0001 Carton CNWH63561: Assigned=Assigned, Actual=Assigned, ReceivedQty=0
[2026-04-23 15:55:31] INFO: ASN ASN-0001 Carton CNWH63609: Assigned=Assigned, Actual=Assigned, ReceivedQty=0
[2026-04-23 15:55:31] INFO: ASN WMS-ASN-EXT-00004 Carton CNWH63179: Assigned=Received, Actual=Received, ReceivedQty=10
[2026-04-23 15:55:31] INFO: ASN WMS-ASN-EXT-00004 Carton CNWH63180: Assigned=Received, Actual=Received, ReceivedQty=10
[2026-04-23 15:55:31] INFO: ASN WMS-ASN-EXT-00004 Carton CNWH63196: Assigned=Received, Actual=Received, ReceivedQty=10
[2026-04-23 15:55:31] INFO: ASN WMS-ASN-EXT-00004 Carton CNWH63197: Assigned=Received, Actual=Received, ReceivedQty=10
[2026-04-23 15:55:31] INFO: ASN WMS-ASN-EXT-00004 Carton CNWH63198: Assigned=Received, Actual=Received, ReceivedQty=10
[2026-04-23 15:55:31] INFO: ASN WMS-ASN-EXT-00004 Carton CNWH63199: Assigned=Received, Actual=Received, ReceivedQty=10
[2026-04-23 15:55:31] INFO: ASN WMS-ASN-EXT-00004 Carton CNWH63200: Assigned=Received, Actual=Received, ReceivedQty=10
[2026-04-23 15:55:31] INFO: ASN WMS-ASN-EXT-00004 Carton CNWH63266: Assigned=Received, Actual=Received, ReceivedQty=10
[2026-04-23 15:55:31] INFO: ASN WMS-ASN-EXT-00004 Carton CNWH63268: Assigned=Received, Actual=Received, ReceivedQty=10
[2026-04-23 15:55:31] INFO: ASN WMS-ASN-EXT-00004 Carton CNWH63269: Assigned=Received, Actual=Received, ReceivedQty=10
[2026-04-23 15:55:31] INFO: ASN WMS-ASN-EXT-00004 Carton CNWH63270: Assigned=Received, Actual=Received, ReceivedQty=10
[2026-04-23 15:55:31] INFO: ASN WMS-ASN-EXT-00004 Carton CNWH63271: Assigned=Received, Actual=Received, ReceivedQty=10
[2026-04-23 15:55:31] INFO: ASN WMS-ASN-EXT-00004 Carton CNWH63272: Assigned=Received, Actual=Received, ReceivedQty=10
[2026-04-23 15:55:31] INFO: ASN WMS-ASN-EXT-00004 Carton CNWH63275: Assigned=Received, Actual=Received, ReceivedQty=10
[2026-04-23 15:55:31] INFO: ASN WMS-ASN-EXT-00004 Carton CNWH63277: Assigned=Received, Actual=Received, ReceivedQty=10
[2026-04-23 15:55:31] INFO: ASN WMS-ASN-EXT-00004 Carton CNWH63280: Assigned=Received, Actual=Received, ReceivedQty=10
[2026-04-23 15:55:31] INFO: ASN WMS-ASN-EXT-00004 Carton CNWH63282: Assigned=Received, Actual=Received, ReceivedQty=10
[2026-04-23 15:55:31] INFO: ASN WMS-ASN-EXT-00004 Carton CNWH63283: Assigned=Received, Actual=Received, ReceivedQty=10
[2026-04-23 15:55:31] INFO: ASN WMS-ASN-EXT-00004 Carton CNWH63284: Assigned=Received, Actual=Received, ReceivedQty=10
[2026-04-23 15:55:31] INFO: ASN WMS-ASN-EXT-00004 Carton CNWH63285: Assigned=Received, Actual=Received, ReceivedQty=10
[2026-04-23 15:55:31] INFO: ASN WMS-ASN-EXT-00004 Carton CNWH63286: Assigned=Received, Actual=Received, ReceivedQty=10
[2026-04-23 15:55:31] INFO: ASN WMS-ASN-EXT-00004 Carton CNWH63287: Assigned=Received, Actual=Received, ReceivedQty=10
[2026-04-23 15:55:31] INFO: ASN WMS-ASN-EXT-00004 Carton CNWH63288: Assigned=Received, Actual=Received, ReceivedQty=10
[2026-04-23 15:55:31] INFO: ASN WMS-ASN-EXT-00004 Carton CNWH63289: Assigned=Received, Actual=Received, ReceivedQty=10
[2026-04-23 15:55:31] INFO: ASN WMS-ASN-EXT-00004 Carton CNWH63441: Assigned=Received, Actual=Received, ReceivedQty=10
[2026-04-23 15:55:31] INFO: ASN WMS-ASN-EXT-00004 Carton CNWH63442: Assigned=Received, Actual=Received, ReceivedQty=10
[2026-04-23 15:55:31] INFO: ASN WMS-ASN-EXT-00004 Carton CNWH63444: Assigned=Received, Actual=Received, ReceivedQty=10
[2026-04-23 15:55:31] INFO: ASN WMS-ASN-EXT-00004 Carton CNWH63446: Assigned=Received, Actual=Received, ReceivedQty=10
[2026-04-23 15:55:31] INFO: ASN WMS-ASN-EXT-00004 Carton CNWH63448: Assigned=Received, Actual=Received, ReceivedQty=10
[2026-04-23 15:55:31] INFO: ASN WMS-ASN-EXT-00004 Carton CNWH65363: Assigned=Received, Actual=Received, ReceivedQty=10
[2026-04-23 15:55:31] INFO: ASN WMS-ASN-EXT-00004 Carton CNWH63179: Assigned=Received, Actual=Received, ReceivedQty=10
[2026-04-23 15:55:31] INFO: ASN WMS-ASN-EXT-00004 Carton CNWH63180: Assigned=Received, Actual=Received, ReceivedQty=10
[2026-04-23 15:55:31] INFO: ASN WMS-ASN-EXT-00004 Carton CNWH63196: Assigned=Received, Actual=Received, ReceivedQty=10
[2026-04-23 15:55:31] INFO: ASN WMS-ASN-EXT-00004 Carton CNWH63197: Assigned=Received, Actual=Received, ReceivedQty=10
[2026-04-23 15:55:31] INFO: ASN WMS-ASN-EXT-00004 Carton CNWH63198: Assigned=Received, Actual=Received, ReceivedQty=10
[2026-04-23 15:55:31] INFO: ASN WMS-ASN-EXT-00004 Carton CNWH63199: Assigned=Received, Actual=Received, ReceivedQty=10
[2026-04-23 15:55:31] INFO: ASN WMS-ASN-EXT-00004 Carton CNWH63200: Assigned=Received, Actual=Received, ReceivedQty=10
[2026-04-23 15:55:31] INFO: ASN WMS-ASN-EXT-00004 Carton CNWH63266: Assigned=Received, Actual=Received, ReceivedQty=10
[2026-04-23 15:55:31] INFO: ASN WMS-ASN-EXT-00004 Carton CNWH63268: Assigned=Received, Actual=Received, ReceivedQty=10
[2026-04-23 15:55:31] INFO: ASN WMS-ASN-EXT-00004 Carton CNWH63269: Assigned=Received, Actual=Received, ReceivedQty=10
[2026-04-23 15:55:31] INFO: ASN WMS-ASN-EXT-00004 Carton CNWH63270: Assigned=Received, Actual=Received, ReceivedQty=10
[2026-04-23 15:55:31] INFO: ASN WMS-ASN-EXT-00004 Carton CNWH63271: Assigned=Received, Actual=Received, ReceivedQty=10
[2026-04-23 15:55:31] INFO: ASN WMS-ASN-EXT-00004 Carton CNWH63272: Assigned=Received, Actual=Received, ReceivedQty=10
[2026-04-23 15:55:31] INFO: ASN WMS-ASN-EXT-00004 Carton CNWH63275: Assigned=Received, Actual=Received, ReceivedQty=10
[2026-04-23 15:55:31] INFO: ASN WMS-ASN-EXT-00004 Carton CNWH63277: Assigned=Received, Actual=Received, ReceivedQty=10
[2026-04-23 15:55:31] INFO: ASN WMS-ASN-EXT-00004 Carton CNWH63280: Assigned=Received, Actual=Received, ReceivedQty=10
[2026-04-23 15:55:31] INFO: ASN WMS-ASN-EXT-00004 Carton CNWH63282: Assigned=Received, Actual=Received, ReceivedQty=10
[2026-04-23 15:55:31] INFO: ASN WMS-ASN-EXT-00004 Carton CNWH63283: Assigned=Received, Actual=Received, ReceivedQty=10
[2026-04-23 15:55:31] INFO: ASN WMS-ASN-EXT-00004 Carton CNWH63284: Assigned=Received, Actual=Received, ReceivedQty=10
[2026-04-23 15:55:31] INFO: ASN WMS-ASN-EXT-00004 Carton CNWH63285: Assigned=Received, Actual=Received, ReceivedQty=10
[2026-04-23 15:55:31] INFO: ASN WMS-ASN-EXT-00004 Carton CNWH63286: Assigned=Received, Actual=Received, ReceivedQty=10
[2026-04-23 15:55:31] INFO: ASN WMS-ASN-EXT-00004 Carton CNWH63287: Assigned=Received, Actual=Received, ReceivedQty=10
[2026-04-23 15:55:31] INFO: ASN WMS-ASN-EXT-00004 Carton CNWH63288: Assigned=Received, Actual=Received, ReceivedQty=10
[2026-04-23 15:55:31] INFO: ASN WMS-ASN-EXT-00004 Carton CNWH63289: Assigned=Received, Actual=Received, ReceivedQty=10
[2026-04-23 15:55:31] INFO: ASN WMS-ASN-EXT-00004 Carton CNWH63441: Assigned=Received, Actual=Received, ReceivedQty=10
[2026-04-23 15:55:31] INFO: ASN WMS-ASN-EXT-00004 Carton CNWH63442: Assigned=Received, Actual=Received, ReceivedQty=10
[2026-04-23 15:55:31] INFO: ASN WMS-ASN-EXT-00004 Carton CNWH65363: Assigned=Received, Actual=Received, ReceivedQty=10
[2026-04-23 15:55:31] INFO: ASN WMS-ASN-EXT-00004 Carton CNWH63502: Assigned=Received, Actual=Received, ReceivedQty=10
[2026-04-23 15:55:31] INFO: ASN WMS-ASN-EXT-00004 Carton CNWH63502: Assigned=Received, Actual=Received, ReceivedQty=10
[2026-04-23 15:55:31] INFO: ASN WMS-ASN-EXT-00004 Carton CNWH64607: Assigned=Received, Actual=Received, ReceivedQty=10
[2026-04-23 15:55:33] INFO: ASN ASN-0001 Carton CNWH12858: Assigned=Assigned, Actual=Assigned, ReceivedQty=0
[2026-04-23 15:55:33] INFO: ASN ASN-0001 Carton CNWH12854: Assigned=Assigned, Actual=Assigned, ReceivedQty=0
[2026-04-23 15:55:33] INFO: ASN ASN-0001 Carton CNWH15390: Assigned=Assigned, Actual=Assigned, ReceivedQty=0
[2026-04-23 15:55:33] INFO: ASN ASN-0001 Carton CNWH42441: Assigned=Assigned, Actual=Assigned, ReceivedQty=0
[2026-04-23 15:55:33] INFO: ASN ASN-0001 Carton CNWH64571: Assigned=Assigned, Actual=Assigned, ReceivedQty=0
[2026-04-23 15:55:33] INFO: ASN ASN-0001 Carton CNWH64521: Assigned=Assigned, Actual=Assigned, ReceivedQty=0
[2026-04-23 15:55:33] INFO: ASN ASN-0001 Carton CNWH63561: Assigned=Assigned, Actual=Assigned, ReceivedQty=0
[2026-04-23 15:55:33] INFO: ASN ASN-0001 Carton CNWH63609: Assigned=Assigned, Actual=Assigned, ReceivedQty=0
[2026-04-23 15:55:33] INFO: ASN WMS-ASN-EXT-00004 Carton CNWH63179: Assigned=Received, Actual=Received, ReceivedQty=10
[2026-04-23 15:55:33] INFO: ASN WMS-ASN-EXT-00004 Carton CNWH63180: Assigned=Received, Actual=Received, ReceivedQty=10
[2026-04-23 15:55:33] INFO: ASN WMS-ASN-EXT-00004 Carton CNWH63196: Assigned=Received, Actual=Received, ReceivedQty=10
[2026-04-23 15:55:33] INFO: ASN WMS-ASN-EXT-00004 Carton CNWH63197: Assigned=Received, Actual=Received, ReceivedQty=10
[2026-04-23 15:55:33] INFO: ASN WMS-ASN-EXT-00004 Carton CNWH63198: Assigned=Received, Actual=Received, ReceivedQty=10
[2026-04-23 15:55:33] INFO: ASN WMS-ASN-EXT-00004 Carton CNWH63199: Assigned=Received, Actual=Received, ReceivedQty=10
[2026-04-23 15:55:33] INFO: ASN WMS-ASN-EXT-00004 Carton CNWH63200: Assigned=Received, Actual=Received, ReceivedQty=10
[2026-04-23 15:55:33] INFO: ASN WMS-ASN-EXT-00004 Carton CNWH63266: Assigned=Received, Actual=Received, ReceivedQty=10
[2026-04-23 15:55:33] INFO: ASN WMS-ASN-EXT-00004 Carton CNWH63268: Assigned=Received, Actual=Received, ReceivedQty=10
[2026-04-23 15:55:33] INFO: ASN WMS-ASN-EXT-00004 Carton CNWH63269: Assigned=Received, Actual=Received, ReceivedQty=10
[2026-04-23 15:55:33] INFO: ASN WMS-ASN-EXT-00004 Carton CNWH63270: Assigned=Received, Actual=Received, ReceivedQty=10
[2026-04-23 15:55:33] INFO: ASN WMS-ASN-EXT-00004 Carton CNWH63271: Assigned=Received, Actual=Received, ReceivedQty=10
[2026-04-23 15:55:33] INFO: ASN WMS-ASN-EXT-00004 Carton CNWH63272: Assigned=Received, Actual=Received, ReceivedQty=10
[2026-04-23 15:55:33] INFO: ASN WMS-ASN-EXT-00004 Carton CNWH63275: Assigned=Received, Actual=Received, ReceivedQty=10
[2026-04-23 15:55:33] INFO: ASN WMS-ASN-EXT-00004 Carton CNWH63277: Assigned=Received, Actual=Received, ReceivedQty=10
[2026-04-23 15:55:33] INFO: ASN WMS-ASN-EXT-00004 Carton CNWH63280: Assigned=Received, Actual=Received, ReceivedQty=10
[2026-04-23 15:55:33] INFO: ASN WMS-ASN-EXT-00004 Carton CNWH63282: Assigned=Received, Actual=Received, ReceivedQty=10
[2026-04-23 15:55:33] INFO: ASN WMS-ASN-EXT-00004 Carton CNWH63283: Assigned=Received, Actual=Received, ReceivedQty=10
[2026-04-23 15:55:33] INFO: ASN WMS-ASN-EXT-00004 Carton CNWH63284: Assigned=Received, Actual=Received, ReceivedQty=10
[2026-04-23 15:55:33] INFO: ASN WMS-ASN-EXT-00004 Carton CNWH63285: Assigned=Received, Actual=Received, ReceivedQty=10
[2026-04-23 15:55:33] INFO: ASN WMS-ASN-EXT-00004 Carton CNWH63286: Assigned=Received, Actual=Received, ReceivedQty=10
[2026-04-23 15:55:33] INFO: ASN WMS-ASN-EXT-00004 Carton CNWH63287: Assigned=Received, Actual=Received, ReceivedQty=10
[2026-04-23 15:55:33] INFO: ASN WMS-ASN-EXT-00004 Carton CNWH63288: Assigned=Received, Actual=Received, ReceivedQty=10
[2026-04-23 15:55:33] INFO: ASN WMS-ASN-EXT-00004 Carton CNWH63289: Assigned=Received, Actual=Received, ReceivedQty=10
[2026-04-23 15:55:33] INFO: ASN WMS-ASN-EXT-00004 Carton CNWH63441: Assigned=Received, Actual=Received, ReceivedQty=10
[2026-04-23 15:55:33] INFO: ASN WMS-ASN-EXT-00004 Carton CNWH63442: Assigned=Received, Actual=Received, ReceivedQty=10
[2026-04-23 15:55:33] INFO: ASN WMS-ASN-EXT-00004 Carton CNWH63444: Assigned=Received, Actual=Received, ReceivedQty=10
[2026-04-23 15:55:33] INFO: ASN WMS-ASN-EXT-00004 Carton CNWH63446: Assigned=Received, Actual=Received, ReceivedQty=10
[2026-04-23 15:55:33] INFO: ASN WMS-ASN-EXT-00004 Carton CNWH63448: Assigned=Received, Actual=Received, ReceivedQty=10
[2026-04-23 15:55:33] INFO: ASN WMS-ASN-EXT-00004 Carton CNWH65363: Assigned=Received, Actual=Received, ReceivedQty=10
[2026-04-23 15:55:33] INFO: ASN WMS-ASN-EXT-00004 Carton CNWH63179: Assigned=Received, Actual=Received, ReceivedQty=10
[2026-04-23 15:55:33] INFO: ASN WMS-ASN-EXT-00004 Carton CNWH63180: Assigned=Received, Actual=Received, ReceivedQty=10
[2026-04-23 15:55:33] INFO: ASN WMS-ASN-EXT-00004 Carton CNWH63196: Assigned=Received, Actual=Received, ReceivedQty=10
[2026-04-23 15:55:33] INFO: ASN WMS-ASN-EXT-00004 Carton CNWH63197: Assigned=Received, Actual=Received, ReceivedQty=10
[2026-04-23 15:55:33] INFO: ASN WMS-ASN-EXT-00004 Carton CNWH63198: Assigned=Received, Actual=Received, ReceivedQty=10
[2026-04-23 15:55:33] INFO: ASN WMS-ASN-EXT-00004 Carton CNWH63199: Assigned=Received, Actual=Received, ReceivedQty=10
[2026-04-23 15:55:33] INFO: ASN WMS-ASN-EXT-00004 Carton CNWH63200: Assigned=Received, Actual=Received, ReceivedQty=10
[2026-04-23 15:55:33] INFO: ASN WMS-ASN-EXT-00004 Carton CNWH63266: Assigned=Received, Actual=Received, ReceivedQty=10
[2026-04-23 15:55:33] INFO: ASN WMS-ASN-EXT-00004 Carton CNWH63268: Assigned=Received, Actual=Received, ReceivedQty=10
[2026-04-23 15:55:33] INFO: ASN WMS-ASN-EXT-00004 Carton CNWH63269: Assigned=Received, Actual=Received, ReceivedQty=10
[2026-04-23 15:55:33] INFO: ASN WMS-ASN-EXT-00004 Carton CNWH63270: Assigned=Received, Actual=Received, ReceivedQty=10
[2026-04-23 15:55:33] INFO: ASN WMS-ASN-EXT-00004 Carton CNWH63271: Assigned=Received, Actual=Received, ReceivedQty=10
[2026-04-23 15:55:33] INFO: ASN WMS-ASN-EXT-00004 Carton CNWH63272: Assigned=Received, Actual=Received, ReceivedQty=10
[2026-04-23 15:55:33] INFO: ASN WMS-ASN-EXT-00004 Carton CNWH63275: Assigned=Received, Actual=Received, ReceivedQty=10
[2026-04-23 15:55:33] INFO: ASN WMS-ASN-EXT-00004 Carton CNWH63277: Assigned=Received, Actual=Received, ReceivedQty=10
[2026-04-23 15:55:33] INFO: ASN WMS-ASN-EXT-00004 Carton CNWH63280: Assigned=Received, Actual=Received, ReceivedQty=10
[2026-04-23 15:55:33] INFO: ASN WMS-ASN-EXT-00004 Carton CNWH63282: Assigned=Received, Actual=Received, ReceivedQty=10
[2026-04-23 15:55:33] INFO: ASN WMS-ASN-EXT-00004 Carton CNWH63283: Assigned=Received, Actual=Received, ReceivedQty=10
[2026-04-23 15:55:33] INFO: ASN WMS-ASN-EXT-00004 Carton CNWH63284: Assigned=Received, Actual=Received, ReceivedQty=10
[2026-04-23 15:55:33] INFO: ASN WMS-ASN-EXT-00004 Carton CNWH63285: Assigned=Received, Actual=Received, ReceivedQty=10
[2026-04-23 15:55:33] INFO: ASN WMS-ASN-EXT-00004 Carton CNWH63286: Assigned=Received, Actual=Received, ReceivedQty=10
[2026-04-23 15:55:33] INFO: ASN WMS-ASN-EXT-00004 Carton CNWH63287: Assigned=Received, Actual=Received, ReceivedQty=10
[2026-04-23 15:55:33] INFO: ASN WMS-ASN-EXT-00004 Carton CNWH63288: Assigned=Received, Actual=Received, ReceivedQty=10
[2026-04-23 15:55:33] INFO: ASN WMS-ASN-EXT-00004 Carton CNWH63289: Assigned=Received, Actual=Received, ReceivedQty=10
[2026-04-23 15:55:33] INFO: ASN WMS-ASN-EXT-00004 Carton CNWH63441: Assigned=Received, Actual=Received, ReceivedQty=10
[2026-04-23 15:55:33] INFO: ASN WMS-ASN-EXT-00004 Carton CNWH63442: Assigned=Received, Actual=Received, ReceivedQty=10
[2026-04-23 15:55:33] INFO: ASN WMS-ASN-EXT-00004 Carton CNWH65363: Assigned=Received, Actual=Received, ReceivedQty=10
[2026-04-23 15:55:33] INFO: ASN WMS-ASN-EXT-00004 Carton CNWH63502: Assigned=Received, Actual=Received, ReceivedQty=10
[2026-04-23 15:55:33] INFO: ASN WMS-ASN-EXT-00004 Carton CNWH63502: Assigned=Received, Actual=Received, ReceivedQty=10
[2026-04-23 15:55:33] INFO: ASN WMS-ASN-EXT-00004 Carton CNWH64607: Assigned=Received, Actual=Received, ReceivedQty=10
[2026-04-23 15:55:33] INFO: ASN ASN-0001 Carton CNWH12858: Assigned=Assigned, Actual=Assigned, ReceivedQty=0
[2026-04-23 15:55:33] INFO: ASN ASN-0001 Carton CNWH12854: Assigned=Assigned, Actual=Assigned, ReceivedQty=0
[2026-04-23 15:55:33] INFO: ASN ASN-0001 Carton CNWH15390: Assigned=Assigned, Actual=Assigned, ReceivedQty=0
[2026-04-23 15:55:33] INFO: ASN ASN-0001 Carton CNWH42441: Assigned=Assigned, Actual=Assigned, ReceivedQty=0
[2026-04-23 15:55:33] INFO: ASN ASN-0001 Carton CNWH64571: Assigned=Assigned, Actual=Assigned, ReceivedQty=0
[2026-04-23 15:55:33] INFO: ASN ASN-0001 Carton CNWH64521: Assigned=Assigned, Actual=Assigned, ReceivedQty=0
[2026-04-23 15:55:33] INFO: ASN ASN-0001 Carton CNWH63561: Assigned=Assigned, Actual=Assigned, ReceivedQty=0
[2026-04-23 15:55:33] INFO: ASN ASN-0001 Carton CNWH63609: Assigned=Assigned, Actual=Assigned, ReceivedQty=0
[2026-04-23 15:55:33] INFO: ASN WMS-ASN-EXT-00004 Carton CNWH63179: Assigned=Received, Actual=Received, ReceivedQty=10
[2026-04-23 15:55:33] INFO: ASN WMS-ASN-EXT-00004 Carton CNWH63180: Assigned=Received, Actual=Received, ReceivedQty=10
[2026-04-23 15:55:33] INFO: ASN WMS-ASN-EXT-00004 Carton CNWH63196: Assigned=Received, Actual=Received, ReceivedQty=10
[2026-04-23 15:55:33] INFO: ASN WMS-ASN-EXT-00004 Carton CNWH63197: Assigned=Received, Actual=Received, ReceivedQty=10
[2026-04-23 15:55:33] INFO: ASN WMS-ASN-EXT-00004 Carton CNWH63198: Assigned=Received, Actual=Received, ReceivedQty=10
[2026-04-23 15:55:33] INFO: ASN WMS-ASN-EXT-00004 Carton CNWH63199: Assigned=Received, Actual=Received, ReceivedQty=10
[2026-04-23 15:55:33] INFO: ASN WMS-ASN-EXT-00004 Carton CNWH63200: Assigned=Received, Actual=Received, ReceivedQty=10
[2026-04-23 15:55:33] INFO: ASN WMS-ASN-EXT-00004 Carton CNWH63266: Assigned=Received, Actual=Received, ReceivedQty=10
[2026-04-23 15:55:33] INFO: ASN WMS-ASN-EXT-00004 Carton CNWH63268: Assigned=Received, Actual=Received, ReceivedQty=10
[2026-04-23 15:55:33] INFO: ASN WMS-ASN-EXT-00004 Carton CNWH63269: Assigned=Received, Actual=Received, ReceivedQty=10
[2026-04-23 15:55:33] INFO: ASN WMS-ASN-EXT-00004 Carton CNWH63270: Assigned=Received, Actual=Received, ReceivedQty=10
[2026-04-23 15:55:33] INFO: ASN WMS-ASN-EXT-00004 Carton CNWH63271: Assigned=Received, Actual=Received, ReceivedQty=10
[2026-04-23 15:55:33] INFO: ASN WMS-ASN-EXT-00004 Carton CNWH63272: Assigned=Received, Actual=Received, ReceivedQty=10
[2026-04-23 15:55:33] INFO: ASN WMS-ASN-EXT-00004 Carton CNWH63275: Assigned=Received, Actual=Received, ReceivedQty=10
[2026-04-23 15:55:33] INFO: ASN WMS-ASN-EXT-00004 Carton CNWH63277: Assigned=Received, Actual=Received, ReceivedQty=10
[2026-04-23 15:55:33] INFO: ASN WMS-ASN-EXT-00004 Carton CNWH63280: Assigned=Received, Actual=Received, ReceivedQty=10
[2026-04-23 15:55:33] INFO: ASN WMS-ASN-EXT-00004 Carton CNWH63282: Assigned=Received, Actual=Received, ReceivedQty=10
[2026-04-23 15:55:33] INFO: ASN WMS-ASN-EXT-00004 Carton CNWH63283: Assigned=Received, Actual=Received, ReceivedQty=10
[2026-04-23 15:55:33] INFO: ASN WMS-ASN-EXT-00004 Carton CNWH63284: Assigned=Received, Actual=Received, ReceivedQty=10
[2026-04-23 15:55:33] INFO: ASN WMS-ASN-EXT-00004 Carton CNWH63285: Assigned=Received, Actual=Received, ReceivedQty=10
[2026-04-23 15:55:33] INFO: ASN WMS-ASN-EXT-00004 Carton CNWH63286: Assigned=Received, Actual=Received, ReceivedQty=10
[2026-04-23 15:55:33] INFO: ASN WMS-ASN-EXT-00004 Carton CNWH63287: Assigned=Received, Actual=Received, ReceivedQty=10
[2026-04-23 15:55:33] INFO: ASN WMS-ASN-EXT-00004 Carton CNWH63288: Assigned=Received, Actual=Received, ReceivedQty=10
[2026-04-23 15:55:33] INFO: ASN WMS-ASN-EXT-00004 Carton CNWH63289: Assigned=Received, Actual=Received, ReceivedQty=10
[2026-04-23 15:55:33] INFO: ASN WMS-ASN-EXT-00004 Carton CNWH63441: Assigned=Received, Actual=Received, ReceivedQty=10
[2026-04-23 15:55:33] INFO: ASN WMS-ASN-EXT-00004 Carton CNWH63442: Assigned=Received, Actual=Received, ReceivedQty=10
[2026-04-23 15:55:33] INFO: ASN WMS-ASN-EXT-00004 Carton CNWH63444: Assigned=Received, Actual=Received, ReceivedQty=10
[2026-04-23 15:55:33] INFO: ASN WMS-ASN-EXT-00004 Carton CNWH63446: Assigned=Received, Actual=Received, ReceivedQty=10
[2026-04-23 15:55:33] INFO: ASN WMS-ASN-EXT-00004 Carton CNWH63448: Assigned=Received, Actual=Received, ReceivedQty=10
[2026-04-23 15:55:33] INFO: ASN WMS-ASN-EXT-00004 Carton CNWH65363: Assigned=Received, Actual=Received, ReceivedQty=10
[2026-04-23 15:55:33] INFO: ASN WMS-ASN-EXT-00004 Carton CNWH63179: Assigned=Received, Actual=Received, ReceivedQty=10
[2026-04-23 15:55:33] INFO: ASN WMS-ASN-EXT-00004 Carton CNWH63180: Assigned=Received, Actual=Received, ReceivedQty=10
[2026-04-23 15:55:33] INFO: ASN WMS-ASN-EXT-00004 Carton CNWH63196: Assigned=Received, Actual=Received, ReceivedQty=10
[2026-04-23 15:55:33] INFO: ASN WMS-ASN-EXT-00004 Carton CNWH63197: Assigned=Received, Actual=Received, ReceivedQty=10
[2026-04-23 15:55:33] INFO: ASN WMS-ASN-EXT-00004 Carton CNWH63198: Assigned=Received, Actual=Received, ReceivedQty=10
[2026-04-23 15:55:33] INFO: ASN WMS-ASN-EXT-00004 Carton CNWH63199: Assigned=Received, Actual=Received, ReceivedQty=10
[2026-04-23 15:55:33] INFO: ASN WMS-ASN-EXT-00004 Carton CNWH63200: Assigned=Received, Actual=Received, ReceivedQty=10
[2026-04-23 15:55:33] INFO: ASN WMS-ASN-EXT-00004 Carton CNWH63266: Assigned=Received, Actual=Received, ReceivedQty=10
[2026-04-23 15:55:33] INFO: ASN WMS-ASN-EXT-00004 Carton CNWH63268: Assigned=Received, Actual=Received, ReceivedQty=10
[2026-04-23 15:55:33] INFO: ASN WMS-ASN-EXT-00004 Carton CNWH63269: Assigned=Received, Actual=Received, ReceivedQty=10
[2026-04-23 15:55:33] INFO: ASN WMS-ASN-EXT-00004 Carton CNWH63270: Assigned=Received, Actual=Received, ReceivedQty=10
[2026-04-23 15:55:33] INFO: ASN WMS-ASN-EXT-00004 Carton CNWH63271: Assigned=Received, Actual=Received, ReceivedQty=10
[2026-04-23 15:55:33] INFO: ASN WMS-ASN-EXT-00004 Carton CNWH63272: Assigned=Received, Actual=Received, ReceivedQty=10
[2026-04-23 15:55:33] INFO: ASN WMS-ASN-EXT-00004 Carton CNWH63275: Assigned=Received, Actual=Received, ReceivedQty=10
[2026-04-23 15:55:33] INFO: ASN WMS-ASN-EXT-00004 Carton CNWH63277: Assigned=Received, Actual=Received, ReceivedQty=10
[2026-04-23 15:55:33] INFO: ASN WMS-ASN-EXT-00004 Carton CNWH63280: Assigned=Received, Actual=Received, ReceivedQty=10
[2026-04-23 15:55:33] INFO: ASN WMS-ASN-EXT-00004 Carton CNWH63282: Assigned=Received, Actual=Received, ReceivedQty=10
[2026-04-23 15:55:33] INFO: ASN WMS-ASN-EXT-00004 Carton CNWH63283: Assigned=Received, Actual=Received, ReceivedQty=10
[2026-04-23 15:55:33] INFO: ASN WMS-ASN-EXT-00004 Carton CNWH63284: Assigned=Received, Actual=Received, ReceivedQty=10
[2026-04-23 15:55:33] INFO: ASN WMS-ASN-EXT-00004 Carton CNWH63285: Assigned=Received, Actual=Received, ReceivedQty=10
[2026-04-23 15:55:33] INFO: ASN WMS-ASN-EXT-00004 Carton CNWH63286: Assigned=Received, Actual=Received, ReceivedQty=10
[2026-04-23 15:55:33] INFO: ASN WMS-ASN-EXT-00004 Carton CNWH63287: Assigned=Received, Actual=Received, ReceivedQty=10
[2026-04-23 15:55:33] INFO: ASN WMS-ASN-EXT-00004 Carton CNWH63288: Assigned=Received, Actual=Received, ReceivedQty=10
[2026-04-23 15:55:33] INFO: ASN WMS-ASN-EXT-00004 Carton CNWH63289: Assigned=Received, Actual=Received, ReceivedQty=10
[2026-04-23 15:55:33] INFO: ASN WMS-ASN-EXT-00004 Carton CNWH63441: Assigned=Received, Actual=Received, ReceivedQty=10
[2026-04-23 15:55:33] INFO: ASN WMS-ASN-EXT-00004 Carton CNWH63442: Assigned=Received, Actual=Received, ReceivedQty=10
[2026-04-23 15:55:33] INFO: ASN WMS-ASN-EXT-00004 Carton CNWH65363: Assigned=Received, Actual=Received, ReceivedQty=10
[2026-04-23 15:55:33] INFO: ASN WMS-ASN-EXT-00004 Carton CNWH63502: Assigned=Received, Actual=Received, ReceivedQty=10
[2026-04-23 15:55:33] INFO: ASN WMS-ASN-EXT-00004 Carton CNWH63502: Assigned=Received, Actual=Received, ReceivedQty=10
[2026-04-23 15:55:33] INFO: ASN WMS-ASN-EXT-00004 Carton CNWH64607: Assigned=Received, Actual=Received, ReceivedQty=10
[2026-04-23 15:55:34] INFO: ErpNextWmsSyncApiService: Fetched 4 item code(s) from ERPNext for ASN WMS-ASN-EXT-00004 (use as filter for PR/received qty).
[2026-04-23 15:55:34] INFO: ErpNextWmsSyncApiService: Pushing ASN received qty for WMS-ASN-EXT-00004, 60 line(s) (one per WMS detail row). Summary: [324249:10(ctn:CNWH63179), 324249:10(ctn:CNWH63180), 324249:10(ctn:CNWH63196), 324249:10(ctn:CNWH63197), 324249:10(ctn:CNWH63198), 324249:10(ctn:CNWH63199), 324249:10(ctn:CNWH63200), 324249:10(ctn:CNWH63266), 324249:10(ctn:CNWH63268), 324249:10(ctn:CNWH63269), 324249:10(ctn:CNWH63270), 324249:10(ctn:CNWH63271), 324249:10(ctn:CNWH63272), 324249:10(ctn:CNWH63275), 324249:10(ctn:CNWH63277), 324249:10(ctn:CNWH63280), 324249:10(ctn:CNWH63282), 324249:10(ctn:CNWH63283), 324249:10(ctn:CNWH63284), 324249:10(ctn:CNWH63285), 324249:10(ctn:CNWH63286), 324249:10(ctn:CNWH63287), 324249:10(ctn:CNWH63288), 324249:10(ctn:CNWH63289), 324249:10(ctn:CNWH63441), 324249:10(ctn:CNWH63442), 324249:10(ctn:CNWH63444), 324249:10(ctn:CNWH63446), 324249:10(ctn:CNWH63448), 324249:10(ctn:CNWH65363), 324250:10(ctn:CNWH63179), 324250:10(ctn:CNWH63180), 324250:10(ctn:CNWH63196), 324250:10(ctn:CNWH63197), 324250:10(ctn:CNWH63198), 324250:10(ctn:CNWH63199), 324250:10(ctn:CNWH63200), 324250:10(ctn:CNWH63266), 324250:10(ctn:CNWH63268), 324250:10(ctn:CNWH63269), 324250:10(ctn:CNWH63270), 324250:10(ctn:CNWH63271), 324250:10(ctn:CNWH63272), 324250:10(ctn:CNWH63275), 324250:10(ctn:CNWH63277), 324250:10(ctn:CNWH63280), 324250:10(ctn:CNWH63282), 324250:10(ctn:CNWH63283), 324250:10(ctn:CNWH63284), 324250:10(ctn:CNWH63285), 324250:10(ctn:CNWH63286), 324250:10(ctn:CNWH63287), 324250:10(ctn:CNWH63288), 324250:10(ctn:CNWH63289), 324250:10(ctn:CNWH63441), 324250:10(ctn:CNWH63442), 324250:10(ctn:CNWH65363), 324251:10(ctn:CNWH63502), 324252:10(ctn:CNWH63502), 324252:10(ctn:CNWH64607)], to http://printechsdammam.dyndns.org:88/api/method/printechs_wms.api.asn_receiving.update_asn_received_qty
[2026-04-23 15:55:34] INFO: ErpNextWmsSyncApiService: ASN received qty updated successfully.
[2026-04-23 15:55:34] INFO: ErpNextWmsSyncApiService: Parsed ERP ASN status from update_asn_received_qty response: Received=True.
[2026-04-23 15:55:34] INFO: ASN ASN-0001 Carton CNWH12858: Assigned=Assigned, Actual=Assigned, ReceivedQty=0
[2026-04-23 15:55:34] INFO: ASN ASN-0001 Carton CNWH12854: Assigned=Assigned, Actual=Assigned, ReceivedQty=0
[2026-04-23 15:55:34] INFO: ASN ASN-0001 Carton CNWH15390: Assigned=Assigned, Actual=Assigned, ReceivedQty=0
[2026-04-23 15:55:34] INFO: ASN ASN-0001 Carton CNWH42441: Assigned=Assigned, Actual=Assigned, ReceivedQty=0
[2026-04-23 15:55:34] INFO: ASN ASN-0001 Carton CNWH64571: Assigned=Assigned, Actual=Assigned, ReceivedQty=0
[2026-04-23 15:55:34] INFO: ASN ASN-0001 Carton CNWH64521: Assigned=Assigned, Actual=Assigned, ReceivedQty=0
[2026-04-23 15:55:34] INFO: ASN ASN-0001 Carton CNWH63561: Assigned=Assigned, Actual=Assigned, ReceivedQty=0
[2026-04-23 15:55:34] INFO: ASN ASN-0001 Carton CNWH63609: Assigned=Assigned, Actual=Assigned, ReceivedQty=0
[2026-04-23 15:55:34] INFO: ASN WMS-ASN-EXT-00004 Carton CNWH63179: Assigned=Received, Actual=Received, ReceivedQty=10
[2026-04-23 15:55:34] INFO: ASN WMS-ASN-EXT-00004 Carton CNWH63180: Assigned=Received, Actual=Received, ReceivedQty=10
[2026-04-23 15:55:34] INFO: ASN WMS-ASN-EXT-00004 Carton CNWH63196: Assigned=Received, Actual=Received, ReceivedQty=10
[2026-04-23 15:55:34] INFO: ASN WMS-ASN-EXT-00004 Carton CNWH63197: Assigned=Received, Actual=Received, ReceivedQty=10
[2026-04-23 15:55:34] INFO: ASN WMS-ASN-EXT-00004 Carton CNWH63198: Assigned=Received, Actual=Received, ReceivedQty=10
[2026-04-23 15:55:34] INFO: ASN WMS-ASN-EXT-00004 Carton CNWH63199: Assigned=Received, Actual=Received, ReceivedQty=10
[2026-04-23 15:55:34] INFO: ASN WMS-ASN-EXT-00004 Carton CNWH63200: Assigned=Received, Actual=Received, ReceivedQty=10
[2026-04-23 15:55:34] INFO: ASN WMS-ASN-EXT-00004 Carton CNWH63266: Assigned=Received, Actual=Received, ReceivedQty=10
[2026-04-23 15:55:34] INFO: ASN WMS-ASN-EXT-00004 Carton CNWH63268: Assigned=Received, Actual=Received, ReceivedQty=10
[2026-04-23 15:55:34] INFO: ASN WMS-ASN-EXT-00004 Carton CNWH63269: Assigned=Received, Actual=Received, ReceivedQty=10
[2026-04-23 15:55:34] INFO: ASN WMS-ASN-EXT-00004 Carton CNWH63270: Assigned=Received, Actual=Received, ReceivedQty=10
[2026-04-23 15:55:34] INFO: ASN WMS-ASN-EXT-00004 Carton CNWH63271: Assigned=Received, Actual=Received, ReceivedQty=10
[2026-04-23 15:55:34] INFO: ASN WMS-ASN-EXT-00004 Carton CNWH63272: Assigned=Received, Actual=Received, ReceivedQty=10
[2026-04-23 15:55:34] INFO: ASN WMS-ASN-EXT-00004 Carton CNWH63275: Assigned=Received, Actual=Received, ReceivedQty=10
[2026-04-23 15:55:34] INFO: ASN WMS-ASN-EXT-00004 Carton CNWH63277: Assigned=Received, Actual=Received, ReceivedQty=10
[2026-04-23 15:55:34] INFO: ASN WMS-ASN-EXT-00004 Carton CNWH63280: Assigned=Received, Actual=Received, ReceivedQty=10
[2026-04-23 15:55:34] INFO: ASN WMS-ASN-EXT-00004 Carton CNWH63282: Assigned=Received, Actual=Received, ReceivedQty=10
[2026-04-23 15:55:34] INFO: ASN WMS-ASN-EXT-00004 Carton CNWH63283: Assigned=Received, Actual=Received, ReceivedQty=10
[2026-04-23 15:55:34] INFO: ASN WMS-ASN-EXT-00004 Carton CNWH63284: Assigned=Received, Actual=Received, ReceivedQty=10
[2026-04-23 15:55:34] INFO: ASN WMS-ASN-EXT-00004 Carton CNWH63285: Assigned=Received, Actual=Received, ReceivedQty=10
[2026-04-23 15:55:34] INFO: ASN WMS-ASN-EXT-00004 Carton CNWH63286: Assigned=Received, Actual=Received, ReceivedQty=10
[2026-04-23 15:55:34] INFO: ASN WMS-ASN-EXT-00004 Carton CNWH63287: Assigned=Received, Actual=Received, ReceivedQty=10
[2026-04-23 15:55:34] INFO: ASN WMS-ASN-EXT-00004 Carton CNWH63288: Assigned=Received, Actual=Received, ReceivedQty=10
[2026-04-23 15:55:34] INFO: ASN WMS-ASN-EXT-00004 Carton CNWH63289: Assigned=Received, Actual=Received, ReceivedQty=10
[2026-04-23 15:55:34] INFO: ASN WMS-ASN-EXT-00004 Carton CNWH63441: Assigned=Received, Actual=Received, ReceivedQty=10
[2026-04-23 15:55:34] INFO: ASN WMS-ASN-EXT-00004 Carton CNWH63442: Assigned=Received, Actual=Received, ReceivedQty=10
[2026-04-23 15:55:34] INFO: ASN WMS-ASN-EXT-00004 Carton CNWH63444: Assigned=Received, Actual=Received, ReceivedQty=10
[2026-04-23 15:55:34] INFO: ASN WMS-ASN-EXT-00004 Carton CNWH63446: Assigned=Received, Actual=Received, ReceivedQty=10
[2026-04-23 15:55:34] INFO: ASN WMS-ASN-EXT-00004 Carton CNWH63448: Assigned=Received, Actual=Received, ReceivedQty=10
[2026-04-23 15:55:34] INFO: ASN WMS-ASN-EXT-00004 Carton CNWH65363: Assigned=Received, Actual=Received, ReceivedQty=10
[2026-04-23 15:55:34] INFO: ASN WMS-ASN-EXT-00004 Carton CNWH63179: Assigned=Received, Actual=Received, ReceivedQty=10
[2026-04-23 15:55:34] INFO: ASN WMS-ASN-EXT-00004 Carton CNWH63180: Assigned=Received, Actual=Received, ReceivedQty=10
[2026-04-23 15:55:34] INFO: ASN WMS-ASN-EXT-00004 Carton CNWH63196: Assigned=Received, Actual=Received, ReceivedQty=10
[2026-04-23 15:55:34] INFO: ASN WMS-ASN-EXT-00004 Carton CNWH63197: Assigned=Received, Actual=Received, ReceivedQty=10
[2026-04-23 15:55:34] INFO: ASN WMS-ASN-EXT-00004 Carton CNWH63198: Assigned=Received, Actual=Received, ReceivedQty=10
[2026-04-23 15:55:34] INFO: ASN WMS-ASN-EXT-00004 Carton CNWH63199: Assigned=Received, Actual=Received, ReceivedQty=10
[2026-04-23 15:55:34] INFO: ASN WMS-ASN-EXT-00004 Carton CNWH63200: Assigned=Received, Actual=Received, ReceivedQty=10
[2026-04-23 15:55:34] INFO: ASN WMS-ASN-EXT-00004 Carton CNWH63266: Assigned=Received, Actual=Received, ReceivedQty=10
[2026-04-23 15:55:34] INFO: ASN WMS-ASN-EXT-00004 Carton CNWH63268: Assigned=Received, Actual=Received, ReceivedQty=10
[2026-04-23 15:55:34] INFO: ASN WMS-ASN-EXT-00004 Carton CNWH63269: Assigned=Received, Actual=Received, ReceivedQty=10
[2026-04-23 15:55:34] INFO: ASN WMS-ASN-EXT-00004 Carton CNWH63270: Assigned=Received, Actual=Received, ReceivedQty=10
[2026-04-23 15:55:34] INFO: ASN WMS-ASN-EXT-00004 Carton CNWH63271: Assigned=Received, Actual=Received, ReceivedQty=10
[2026-04-23 15:55:34] INFO: ASN WMS-ASN-EXT-00004 Carton CNWH63272: Assigned=Received, Actual=Received, ReceivedQty=10
[2026-04-23 15:55:34] INFO: ASN WMS-ASN-EXT-00004 Carton CNWH63275: Assigned=Received, Actual=Received, ReceivedQty=10
[2026-04-23 15:55:34] INFO: ASN WMS-ASN-EXT-00004 Carton CNWH63277: Assigned=Received, Actual=Received, ReceivedQty=10
[2026-04-23 15:55:34] INFO: ASN WMS-ASN-EXT-00004 Carton CNWH63280: Assigned=Received, Actual=Received, ReceivedQty=10
[2026-04-23 15:55:34] INFO: ASN WMS-ASN-EXT-00004 Carton CNWH63282: Assigned=Received, Actual=Received, ReceivedQty=10
[2026-04-23 15:55:34] INFO: ASN WMS-ASN-EXT-00004 Carton CNWH63283: Assigned=Received, Actual=Received, ReceivedQty=10
[2026-04-23 15:55:34] INFO: ASN WMS-ASN-EXT-00004 Carton CNWH63284: Assigned=Received, Actual=Received, ReceivedQty=10
[2026-04-23 15:55:34] INFO: ASN WMS-ASN-EXT-00004 Carton CNWH63285: Assigned=Received, Actual=Received, ReceivedQty=10
[2026-04-23 15:55:34] INFO: ASN WMS-ASN-EXT-00004 Carton CNWH63286: Assigned=Received, Actual=Received, ReceivedQty=10
[2026-04-23 15:55:34] INFO: ASN WMS-ASN-EXT-00004 Carton CNWH63287: Assigned=Received, Actual=Received, ReceivedQty=10
[2026-04-23 15:55:34] INFO: ASN WMS-ASN-EXT-00004 Carton CNWH63288: Assigned=Received, Actual=Received, ReceivedQty=10
[2026-04-23 15:55:34] INFO: ASN WMS-ASN-EXT-00004 Carton CNWH63289: Assigned=Received, Actual=Received, ReceivedQty=10
[2026-04-23 15:55:34] INFO: ASN WMS-ASN-EXT-00004 Carton CNWH63441: Assigned=Received, Actual=Received, ReceivedQty=10
[2026-04-23 15:55:34] INFO: ASN WMS-ASN-EXT-00004 Carton CNWH63442: Assigned=Received, Actual=Received, ReceivedQty=10
[2026-04-23 15:55:34] INFO: ASN WMS-ASN-EXT-00004 Carton CNWH65363: Assigned=Received, Actual=Received, ReceivedQty=10
[2026-04-23 15:55:34] INFO: ASN WMS-ASN-EXT-00004 Carton CNWH63502: Assigned=Received, Actual=Received, ReceivedQty=10
[2026-04-23 15:55:34] INFO: ASN WMS-ASN-EXT-00004 Carton CNWH63502: Assigned=Received, Actual=Received, ReceivedQty=10
[2026-04-23 15:55:34] INFO: ASN WMS-ASN-EXT-00004 Carton CNWH64607: Assigned=Received, Actual=Received, ReceivedQty=10
[2026-04-23 16:10:13] INFO: ASN ASN-0001 Carton CNWH12858: Assigned=Assigned, Actual=Assigned, ReceivedQty=0
[2026-04-23 16:10:13] INFO: ASN ASN-0001 Carton CNWH12854: Assigned=Assigned, Actual=Assigned, ReceivedQty=0
[2026-04-23 16:10:13] INFO: ASN ASN-0001 Carton CNWH15390: Assigned=Assigned, Actual=Assigned, ReceivedQty=0
[2026-04-23 16:10:13] INFO: ASN ASN-0001 Carton CNWH42441: Assigned=Assigned, Actual=Assigned, ReceivedQty=0
[2026-04-23 16:10:13] INFO: ASN ASN-0001 Carton CNWH64571: Assigned=Assigned, Actual=Assigned, ReceivedQty=0
[2026-04-23 16:10:13] INFO: ASN ASN-0001 Carton CNWH64521: Assigned=Assigned, Actual=Assigned, ReceivedQty=0
[2026-04-23 16:10:13] INFO: ASN ASN-0001 Carton CNWH63561: Assigned=Assigned, Actual=Assigned, ReceivedQty=0
[2026-04-23 16:10:13] INFO: ASN ASN-0001 Carton CNWH63609: Assigned=Assigned, Actual=Assigned, ReceivedQty=0
[2026-04-23 16:10:13] INFO: ASN WMS-ASN-EXT-00004 Carton CNWH63179: Assigned=Received, Actual=Received, ReceivedQty=10
[2026-04-23 16:10:13] INFO: ASN WMS-ASN-EXT-00004 Carton CNWH63180: Assigned=Received, Actual=Received, ReceivedQty=10
[2026-04-23 16:10:13] INFO: ASN WMS-ASN-EXT-00004 Carton CNWH63196: Assigned=Received, Actual=Received, ReceivedQty=10
[2026-04-23 16:10:13] INFO: ASN WMS-ASN-EXT-00004 Carton CNWH63197: Assigned=Received, Actual=Received, ReceivedQty=10
[2026-04-23 16:10:13] INFO: ASN WMS-ASN-EXT-00004 Carton CNWH63198: Assigned=Received, Actual=Received, ReceivedQty=10
[2026-04-23 16:10:13] INFO: ASN WMS-ASN-EXT-00004 Carton CNWH63199: Assigned=Received, Actual=Received, ReceivedQty=10
[2026-04-23 16:10:13] INFO: ASN WMS-ASN-EXT-00004 Carton CNWH63200: Assigned=Received, Actual=Received, ReceivedQty=10
[2026-04-23 16:10:13] INFO: ASN WMS-ASN-EXT-00004 Carton CNWH63266: Assigned=Received, Actual=Received, ReceivedQty=10
[2026-04-23 16:10:13] INFO: ASN WMS-ASN-EXT-00004 Carton CNWH63268: Assigned=Received, Actual=Received, ReceivedQty=10
[2026-04-23 16:10:13] INFO: ASN WMS-ASN-EXT-00004 Carton CNWH63269: Assigned=Received, Actual=Received, ReceivedQty=10
[2026-04-23 16:10:13] INFO: ASN WMS-ASN-EXT-00004 Carton CNWH63270: Assigned=Received, Actual=Received, ReceivedQty=10
[2026-04-23 16:10:13] INFO: ASN WMS-ASN-EXT-00004 Carton CNWH63271: Assigned=Received, Actual=Received, ReceivedQty=10
[2026-04-23 16:10:13] INFO: ASN WMS-ASN-EXT-00004 Carton CNWH63272: Assigned=Received, Actual=Received, ReceivedQty=10
[2026-04-23 16:10:13] INFO: ASN WMS-ASN-EXT-00004 Carton CNWH63275: Assigned=Received, Actual=Received, ReceivedQty=10
[2026-04-23 16:10:13] INFO: ASN WMS-ASN-EXT-00004 Carton CNWH63277: Assigned=Received, Actual=Received, ReceivedQty=10
[2026-04-23 16:10:13] INFO: ASN WMS-ASN-EXT-00004 Carton CNWH63280: Assigned=Received, Actual=Received, ReceivedQty=10
[2026-04-23 16:10:13] INFO: ASN WMS-ASN-EXT-00004 Carton CNWH63282: Assigned=Received, Actual=Received, ReceivedQty=10
[2026-04-23 16:10:13] INFO: ASN WMS-ASN-EXT-00004 Carton CNWH63283: Assigned=Received, Actual=Received, ReceivedQty=10
[2026-04-23 16:10:13] INFO: ASN WMS-ASN-EXT-00004 Carton CNWH63284: Assigned=Received, Actual=Received, ReceivedQty=10
[2026-04-23 16:10:13] INFO: ASN WMS-ASN-EXT-00004 Carton CNWH63285: Assigned=Received, Actual=Received, ReceivedQty=10
[2026-04-23 16:10:13] INFO: ASN WMS-ASN-EXT-00004 Carton CNWH63286: Assigned=Received, Actual=Received, ReceivedQty=10
[2026-04-23 16:10:13] INFO: ASN WMS-ASN-EXT-00004 Carton CNWH63287: Assigned=Received, Actual=Received, ReceivedQty=10
[2026-04-23 16:10:13] INFO: ASN WMS-ASN-EXT-00004 Carton CNWH63288: Assigned=Received, Actual=Received, ReceivedQty=10
[2026-04-23 16:10:13] INFO: ASN WMS-ASN-EXT-00004 Carton CNWH63289: Assigned=Received, Actual=Received, ReceivedQty=10
[2026-04-23 16:10:13] INFO: ASN WMS-ASN-EXT-00004 Carton CNWH63441: Assigned=Received, Actual=Received, ReceivedQty=10
[2026-04-23 16:10:13] INFO: ASN WMS-ASN-EXT-00004 Carton CNWH63442: Assigned=Received, Actual=Received, ReceivedQty=10
[2026-04-23 16:10:13] INFO: ASN WMS-ASN-EXT-00004 Carton CNWH63444: Assigned=Received, Actual=Received, ReceivedQty=10
[2026-04-23 16:10:13] INFO: ASN WMS-ASN-EXT-00004 Carton CNWH63446: Assigned=Received, Actual=Received, ReceivedQty=10
[2026-04-23 16:10:13] INFO: ASN WMS-ASN-EXT-00004 Carton CNWH63448: Assigned=Received, Actual=Received, ReceivedQty=10
[2026-04-23 16:10:13] INFO: ASN WMS-ASN-EXT-00004 Carton CNWH65363: Assigned=Received, Actual=Received, ReceivedQty=10
[2026-04-23 16:10:13] INFO: ASN WMS-ASN-EXT-00004 Carton CNWH63179: Assigned=Received, Actual=Received, ReceivedQty=10
[2026-04-23 16:10:13] INFO: ASN WMS-ASN-EXT-00004 Carton CNWH63180: Assigned=Received, Actual=Received, ReceivedQty=10
[2026-04-23 16:10:13] INFO: ASN WMS-ASN-EXT-00004 Carton CNWH63196: Assigned=Received, Actual=Received, ReceivedQty=10
[2026-04-23 16:10:13] INFO: ASN WMS-ASN-EXT-00004 Carton CNWH63197: Assigned=Received, Actual=Received, ReceivedQty=10
[2026-04-23 16:10:13] INFO: ASN WMS-ASN-EXT-00004 Carton CNWH63198: Assigned=Received, Actual=Received, ReceivedQty=10
[2026-04-23 16:10:13] INFO: ASN WMS-ASN-EXT-00004 Carton CNWH63199: Assigned=Received, Actual=Received, ReceivedQty=10
[2026-04-23 16:10:13] INFO: ASN WMS-ASN-EXT-00004 Carton CNWH63200: Assigned=Received, Actual=Received, ReceivedQty=10
[2026-04-23 16:10:13] INFO: ASN WMS-ASN-EXT-00004 Carton CNWH63266: Assigned=Received, Actual=Received, ReceivedQty=10
[2026-04-23 16:10:13] INFO: ASN WMS-ASN-EXT-00004 Carton CNWH63268: Assigned=Received, Actual=Received, ReceivedQty=10
[2026-04-23 16:10:13] INFO: ASN WMS-ASN-EXT-00004 Carton CNWH63269: Assigned=Received, Actual=Received, ReceivedQty=10
[2026-04-23 16:10:13] INFO: ASN WMS-ASN-EXT-00004 Carton CNWH63270: Assigned=Received, Actual=Received, ReceivedQty=10
[2026-04-23 16:10:13] INFO: ASN WMS-ASN-EXT-00004 Carton CNWH63271: Assigned=Received, Actual=Received, ReceivedQty=10
[2026-04-23 16:10:13] INFO: ASN WMS-ASN-EXT-00004 Carton CNWH63272: Assigned=Received, Actual=Received, ReceivedQty=10
[2026-04-23 16:10:13] INFO: ASN WMS-ASN-EXT-00004 Carton CNWH63275: Assigned=Received, Actual=Received, ReceivedQty=10
[2026-04-23 16:10:13] INFO: ASN WMS-ASN-EXT-00004 Carton CNWH63277: Assigned=Received, Actual=Received, ReceivedQty=10
[2026-04-23 16:10:13] INFO: ASN WMS-ASN-EXT-00004 Carton CNWH63280: Assigned=Received, Actual=Received, ReceivedQty=10
[2026-04-23 16:10:13] INFO: ASN WMS-ASN-EXT-00004 Carton CNWH63282: Assigned=Received, Actual=Received, ReceivedQty=10
[2026-04-23 16:10:13] INFO: ASN WMS-ASN-EXT-00004 Carton CNWH63283: Assigned=Received, Actual=Received, ReceivedQty=10
[2026-04-23 16:10:13] INFO: ASN WMS-ASN-EXT-00004 Carton CNWH63284: Assigned=Received, Actual=Received, ReceivedQty=10
[2026-04-23 16:10:13] INFO: ASN WMS-ASN-EXT-00004 Carton CNWH63285: Assigned=Received, Actual=Received, ReceivedQty=10
[2026-04-23 16:10:13] INFO: ASN WMS-ASN-EXT-00004 Carton CNWH63286: Assigned=Received, Actual=Received, ReceivedQty=10
[2026-04-23 16:10:13] INFO: ASN WMS-ASN-EXT-00004 Carton CNWH63287: Assigned=Received, Actual=Received, ReceivedQty=10
[2026-04-23 16:10:13] INFO: ASN WMS-ASN-EXT-00004 Carton CNWH63288: Assigned=Received, Actual=Received, ReceivedQty=10
[2026-04-23 16:10:13] INFO: ASN WMS-ASN-EXT-00004 Carton CNWH63289: Assigned=Received, Actual=Received, ReceivedQty=10
[2026-04-23 16:10:13] INFO: ASN WMS-ASN-EXT-00004 Carton CNWH63441: Assigned=Received, Actual=Received, ReceivedQty=10
[2026-04-23 16:10:13] INFO: ASN WMS-ASN-EXT-00004 Carton CNWH63442: Assigned=Received, Actual=Received, ReceivedQty=10
[2026-04-23 16:10:13] INFO: ASN WMS-ASN-EXT-00004 Carton CNWH65363: Assigned=Received, Actual=Received, ReceivedQty=10
[2026-04-23 16:10:13] INFO: ASN WMS-ASN-EXT-00004 Carton CNWH63502: Assigned=Received, Actual=Received, ReceivedQty=10
[2026-04-23 16:10:13] INFO: ASN WMS-ASN-EXT-00004 Carton CNWH63502: Assigned=Received, Actual=Received, ReceivedQty=10
[2026-04-23 16:10:13] INFO: ASN WMS-ASN-EXT-00004 Carton CNWH64607: Assigned=Received, Actual=Received, ReceivedQty=10
[2026-04-23 16:10:32] INFO: AuthService: Attempting login to http://localhost:3000/api/auth/login for user sysadmin
[2026-04-23 16:10:34] INFO: AuthService: Login response status: OK
[2026-04-23 16:10:34] INFO: AuthService: Login successful for user sysadmin
[2026-04-23 16:16:42] INFO: ASN ASN-0001 Carton CNWH12858: Assigned=Assigned, Actual=Assigned, ReceivedQty=0
[2026-04-23 16:16:42] INFO: ASN ASN-0001 Carton CNWH12854: Assigned=Assigned, Actual=Assigned, ReceivedQty=0
[2026-04-23 16:16:42] INFO: ASN ASN-0001 Carton CNWH15390: Assigned=Assigned, Actual=Assigned, ReceivedQty=0
[2026-04-23 16:16:42] INFO: ASN ASN-0001 Carton CNWH42441: Assigned=Assigned, Actual=Assigned, ReceivedQty=0
[2026-04-23 16:16:42] INFO: ASN ASN-0001 Carton CNWH64571: Assigned=Assigned, Actual=Assigned, ReceivedQty=0
[2026-04-23 16:16:42] INFO: ASN ASN-0001 Carton CNWH64521: Assigned=Assigned, Actual=Assigned, ReceivedQty=0
[2026-04-23 16:16:42] INFO: ASN ASN-0001 Carton CNWH63561: Assigned=Assigned, Actual=Assigned, ReceivedQty=0
[2026-04-23 16:16:42] INFO: ASN ASN-0001 Carton CNWH63609: Assigned=Assigned, Actual=Assigned, ReceivedQty=0
[2026-04-23 16:16:42] INFO: ASN WMS-ASN-EXT-00004 Carton CNWH63179: Assigned=Received, Actual=Received, ReceivedQty=10
[2026-04-23 16:16:42] INFO: ASN WMS-ASN-EXT-00004 Carton CNWH63180: Assigned=Received, Actual=Received, ReceivedQty=10
[2026-04-23 16:16:42] INFO: ASN WMS-ASN-EXT-00004 Carton CNWH63196: Assigned=Received, Actual=Received, ReceivedQty=10
[2026-04-23 16:16:42] INFO: ASN WMS-ASN-EXT-00004 Carton CNWH63197: Assigned=Received, Actual=Received, ReceivedQty=10
[2026-04-23 16:16:42] INFO: ASN WMS-ASN-EXT-00004 Carton CNWH63198: Assigned=Received, Actual=Received, ReceivedQty=10
[2026-04-23 16:16:42] INFO: ASN WMS-ASN-EXT-00004 Carton CNWH63199: Assigned=Received, Actual=Received, ReceivedQty=10
[2026-04-23 16:16:42] INFO: ASN WMS-ASN-EXT-00004 Carton CNWH63200: Assigned=Received, Actual=Received, ReceivedQty=10
[2026-04-23 16:16:42] INFO: ASN WMS-ASN-EXT-00004 Carton CNWH63266: Assigned=Received, Actual=Received, ReceivedQty=10
[2026-04-23 16:16:42] INFO: ASN WMS-ASN-EXT-00004 Carton CNWH63268: Assigned=Received, Actual=Received, ReceivedQty=10
[2026-04-23 16:16:42] INFO: ASN WMS-ASN-EXT-00004 Carton CNWH63269: Assigned=Received, Actual=Received, ReceivedQty=10
[2026-04-23 16:16:42] INFO: ASN WMS-ASN-EXT-00004 Carton CNWH63270: Assigned=Received, Actual=Received, ReceivedQty=10
[2026-04-23 16:16:42] INFO: ASN WMS-ASN-EXT-00004 Carton CNWH63271: Assigned=Received, Actual=Received, ReceivedQty=10
[2026-04-23 16:16:42] INFO: ASN WMS-ASN-EXT-00004 Carton CNWH63272: Assigned=Received, Actual=Received, ReceivedQty=10
[2026-04-23 16:16:42] INFO: ASN WMS-ASN-EXT-00004 Carton CNWH63275: Assigned=Received, Actual=Received, ReceivedQty=10
[2026-04-23 16:16:42] INFO: ASN WMS-ASN-EXT-00004 Carton CNWH63277: Assigned=Received, Actual=Received, ReceivedQty=10
[2026-04-23 16:16:42] INFO: ASN WMS-ASN-EXT-00004 Carton CNWH63280: Assigned=Received, Actual=Received, ReceivedQty=10
[2026-04-23 16:16:42] INFO: ASN WMS-ASN-EXT-00004 Carton CNWH63282: Assigned=Received, Actual=Received, ReceivedQty=10
[2026-04-23 16:16:42] INFO: ASN WMS-ASN-EXT-00004 Carton CNWH63283: Assigned=Received, Actual=Received, ReceivedQty=10
[2026-04-23 16:16:42] INFO: ASN WMS-ASN-EXT-00004 Carton CNWH63284: Assigned=Received, Actual=Received, ReceivedQty=10
[2026-04-23 16:16:42] INFO: ASN WMS-ASN-EXT-00004 Carton CNWH63285: Assigned=Received, Actual=Received, ReceivedQty=10
[2026-04-23 16:16:42] INFO: ASN WMS-ASN-EXT-00004 Carton CNWH63286: Assigned=Received, Actual=Received, ReceivedQty=10
[2026-04-23 16:16:42] INFO: ASN WMS-ASN-EXT-00004 Carton CNWH63287: Assigned=Received, Actual=Received, ReceivedQty=10
[2026-04-23 16:16:42] INFO: ASN WMS-ASN-EXT-00004 Carton CNWH63288: Assigned=Received, Actual=Received, ReceivedQty=10
[2026-04-23 16:16:42] INFO: ASN WMS-ASN-EXT-00004 Carton CNWH63289: Assigned=Received, Actual=Received, ReceivedQty=10
[2026-04-23 16:16:42] INFO: ASN WMS-ASN-EXT-00004 Carton CNWH63441: Assigned=Received, Actual=Received, ReceivedQty=10
[2026-04-23 16:16:42] INFO: ASN WMS-ASN-EXT-00004 Carton CNWH63442: Assigned=Received, Actual=Received, ReceivedQty=10
[2026-04-23 16:16:42] INFO: ASN WMS-ASN-EXT-00004 Carton CNWH63444: Assigned=Received, Actual=Received, ReceivedQty=10
[2026-04-23 16:16:42] INFO: ASN WMS-ASN-EXT-00004 Carton CNWH63446: Assigned=Received, Actual=Received, ReceivedQty=10
[2026-04-23 16:16:42] INFO: ASN WMS-ASN-EXT-00004 Carton CNWH63448: Assigned=Received, Actual=Received, ReceivedQty=10
[2026-04-23 16:16:42] INFO: ASN WMS-ASN-EXT-00004 Carton CNWH65363: Assigned=Received, Actual=Received, ReceivedQty=10
[2026-04-23 16:16:42] INFO: ASN WMS-ASN-EXT-00004 Carton CNWH63179: Assigned=Received, Actual=Received, ReceivedQty=10
[2026-04-23 16:16:42] INFO: ASN WMS-ASN-EXT-00004 Carton CNWH63180: Assigned=Received, Actual=Received, ReceivedQty=10
[2026-04-23 16:16:42] INFO: ASN WMS-ASN-EXT-00004 Carton CNWH63196: Assigned=Received, Actual=Received, ReceivedQty=10
[2026-04-23 16:16:42] INFO: ASN WMS-ASN-EXT-00004 Carton CNWH63197: Assigned=Received, Actual=Received, ReceivedQty=10
[2026-04-23 16:16:42] INFO: ASN WMS-ASN-EXT-00004 Carton CNWH63198: Assigned=Received, Actual=Received, ReceivedQty=10
[2026-04-23 16:16:42] INFO: ASN WMS-ASN-EXT-00004 Carton CNWH63199: Assigned=Received, Actual=Received, ReceivedQty=10
[2026-04-23 16:16:42] INFO: ASN WMS-ASN-EXT-00004 Carton CNWH63200: Assigned=Received, Actual=Received, ReceivedQty=10
[2026-04-23 16:16:42] INFO: ASN WMS-ASN-EXT-00004 Carton CNWH63266: Assigned=Received, Actual=Received, ReceivedQty=10
[2026-04-23 16:16:42] INFO: ASN WMS-ASN-EXT-00004 Carton CNWH63268: Assigned=Received, Actual=Received, ReceivedQty=10
[2026-04-23 16:16:42] INFO: ASN WMS-ASN-EXT-00004 Carton CNWH63269: Assigned=Received, Actual=Received, ReceivedQty=10
[2026-04-23 16:16:42] INFO: ASN WMS-ASN-EXT-00004 Carton CNWH63270: Assigned=Received, Actual=Received, ReceivedQty=10
[2026-04-23 16:16:42] INFO: ASN WMS-ASN-EXT-00004 Carton CNWH63271: Assigned=Received, Actual=Received, ReceivedQty=10
[2026-04-23 16:16:42] INFO: ASN WMS-ASN-EXT-00004 Carton CNWH63272: Assigned=Received, Actual=Received, ReceivedQty=10
[2026-04-23 16:16:42] INFO: ASN WMS-ASN-EXT-00004 Carton CNWH63275: Assigned=Received, Actual=Received, ReceivedQty=10
[2026-04-23 16:16:42] INFO: ASN WMS-ASN-EXT-00004 Carton CNWH63277: Assigned=Received, Actual=Received, ReceivedQty=10
[2026-04-23 16:16:42] INFO: ASN WMS-ASN-EXT-00004 Carton CNWH63280: Assigned=Received, Actual=Received, ReceivedQty=10
[2026-04-23 16:16:42] INFO: ASN WMS-ASN-EXT-00004 Carton CNWH63282: Assigned=Received, Actual=Received, ReceivedQty=10
[2026-04-23 16:16:42] INFO: ASN WMS-ASN-EXT-00004 Carton CNWH63283: Assigned=Received, Actual=Received, ReceivedQty=10
[2026-04-23 16:16:42] INFO: ASN WMS-ASN-EXT-00004 Carton CNWH63284: Assigned=Received, Actual=Received, ReceivedQty=10
[2026-04-23 16:16:42] INFO: ASN WMS-ASN-EXT-00004 Carton CNWH63285: Assigned=Received, Actual=Received, ReceivedQty=10
[2026-04-23 16:16:42] INFO: ASN WMS-ASN-EXT-00004 Carton CNWH63286: Assigned=Received, Actual=Received, ReceivedQty=10
[2026-04-23 16:16:42] INFO: ASN WMS-ASN-EXT-00004 Carton CNWH63287: Assigned=Received, Actual=Received, ReceivedQty=10
[2026-04-23 16:16:42] INFO: ASN WMS-ASN-EXT-00004 Carton CNWH63288: Assigned=Received, Actual=Received, ReceivedQty=10
[2026-04-23 16:16:42] INFO: ASN WMS-ASN-EXT-00004 Carton CNWH63289: Assigned=Received, Actual=Received, ReceivedQty=10
[2026-04-23 16:16:42] INFO: ASN WMS-ASN-EXT-00004 Carton CNWH63441: Assigned=Received, Actual=Received, ReceivedQty=10
[2026-04-23 16:16:42] INFO: ASN WMS-ASN-EXT-00004 Carton CNWH63442: Assigned=Received, Actual=Received, ReceivedQty=10
[2026-04-23 16:16:42] INFO: ASN WMS-ASN-EXT-00004 Carton CNWH65363: Assigned=Received, Actual=Received, ReceivedQty=10
[2026-04-23 16:16:42] INFO: ASN WMS-ASN-EXT-00004 Carton CNWH63502: Assigned=Received, Actual=Received, ReceivedQty=10
[2026-04-23 16:16:42] INFO: ASN WMS-ASN-EXT-00004 Carton CNWH63502: Assigned=Received, Actual=Received, ReceivedQty=10
[2026-04-23 16:16:42] INFO: ASN WMS-ASN-EXT-00004 Carton CNWH64607: Assigned=Received, Actual=Received, ReceivedQty=10
[2026-04-23 16:16:43] INFO: ASN ASN-0001 Carton CNWH12858: Assigned=Assigned, Actual=Assigned, ReceivedQty=0
[2026-04-23 16:16:43] INFO: ASN ASN-0001 Carton CNWH12854: Assigned=Assigned, Actual=Assigned, ReceivedQty=0
[2026-04-23 16:16:43] INFO: ASN ASN-0001 Carton CNWH15390: Assigned=Assigned, Actual=Assigned, ReceivedQty=0
[2026-04-23 16:16:43] INFO: ASN ASN-0001 Carton CNWH42441: Assigned=Assigned, Actual=Assigned, ReceivedQty=0
[2026-04-23 16:16:43] INFO: ASN ASN-0001 Carton CNWH64571: Assigned=Assigned, Actual=Assigned, ReceivedQty=0
[2026-04-23 16:16:43] INFO: ASN ASN-0001 Carton CNWH64521: Assigned=Assigned, Actual=Assigned, ReceivedQty=0
[2026-04-23 16:16:43] INFO: ASN ASN-0001 Carton CNWH63561: Assigned=Assigned, Actual=Assigned, ReceivedQty=0
[2026-04-23 16:16:43] INFO: ASN ASN-0001 Carton CNWH63609: Assigned=Assigned, Actual=Assigned, ReceivedQty=0
[2026-04-23 16:16:43] INFO: ASN WMS-ASN-EXT-00004 Carton CNWH63179: Assigned=Received, Actual=Received, ReceivedQty=10
[2026-04-23 16:16:43] INFO: ASN WMS-ASN-EXT-00004 Carton CNWH63180: Assigned=Received, Actual=Received, ReceivedQty=10
[2026-04-23 16:16:43] INFO: ASN WMS-ASN-EXT-00004 Carton CNWH63196: Assigned=Received, Actual=Received, ReceivedQty=10
[2026-04-23 16:16:43] INFO: ASN WMS-ASN-EXT-00004 Carton CNWH63197: Assigned=Received, Actual=Received, ReceivedQty=10
[2026-04-23 16:16:43] INFO: ASN WMS-ASN-EXT-00004 Carton CNWH63198: Assigned=Received, Actual=Received, ReceivedQty=10
[2026-04-23 16:16:43] INFO: ASN WMS-ASN-EXT-00004 Carton CNWH63199: Assigned=Received, Actual=Received, ReceivedQty=10
[2026-04-23 16:16:43] INFO: ASN WMS-ASN-EXT-00004 Carton CNWH63200: Assigned=Received, Actual=Received, ReceivedQty=10
[2026-04-23 16:16:43] INFO: ASN WMS-ASN-EXT-00004 Carton CNWH63266: Assigned=Received, Actual=Received, ReceivedQty=10
[2026-04-23 16:16:43] INFO: ASN WMS-ASN-EXT-00004 Carton CNWH63268: Assigned=Received, Actual=Received, ReceivedQty=10
[2026-04-23 16:16:43] INFO: ASN WMS-ASN-EXT-00004 Carton CNWH63269: Assigned=Received, Actual=Received, ReceivedQty=10
[2026-04-23 16:16:43] INFO: ASN WMS-ASN-EXT-00004 Carton CNWH63270: Assigned=Received, Actual=Received, ReceivedQty=10
[2026-04-23 16:16:43] INFO: ASN WMS-ASN-EXT-00004 Carton CNWH63271: Assigned=Received, Actual=Received, ReceivedQty=10
[2026-04-23 16:16:43] INFO: ASN WMS-ASN-EXT-00004 Carton CNWH63272: Assigned=Received, Actual=Received, ReceivedQty=10
[2026-04-23 16:16:43] INFO: ASN WMS-ASN-EXT-00004 Carton CNWH63275: Assigned=Received, Actual=Received, ReceivedQty=10
[2026-04-23 16:16:43] INFO: ASN WMS-ASN-EXT-00004 Carton CNWH63277: Assigned=Received, Actual=Received, ReceivedQty=10
[2026-04-23 16:16:43] INFO: ASN WMS-ASN-EXT-00004 Carton CNWH63280: Assigned=Received, Actual=Received, ReceivedQty=10
[2026-04-23 16:16:43] INFO: ASN WMS-ASN-EXT-00004 Carton CNWH63282: Assigned=Received, Actual=Received, ReceivedQty=10
[2026-04-23 16:16:43] INFO: ASN WMS-ASN-EXT-00004 Carton CNWH63283: Assigned=Received, Actual=Received, ReceivedQty=10
[2026-04-23 16:16:43] INFO: ASN WMS-ASN-EXT-00004 Carton CNWH63284: Assigned=Received, Actual=Received, ReceivedQty=10
[2026-04-23 16:16:43] INFO: ASN WMS-ASN-EXT-00004 Carton CNWH63285: Assigned=Received, Actual=Received, ReceivedQty=10
[2026-04-23 16:16:43] INFO: ASN WMS-ASN-EXT-00004 Carton CNWH63286: Assigned=Received, Actual=Received, ReceivedQty=10
[2026-04-23 16:16:43] INFO: ASN WMS-ASN-EXT-00004 Carton CNWH63287: Assigned=Received, Actual=Received, ReceivedQty=10
[2026-04-23 16:16:43] INFO: ASN WMS-ASN-EXT-00004 Carton CNWH63288: Assigned=Received, Actual=Received, ReceivedQty=10
[2026-04-23 16:16:43] INFO: ASN WMS-ASN-EXT-00004 Carton CNWH63289: Assigned=Received, Actual=Received, ReceivedQty=10
[2026-04-23 16:16:43] INFO: ASN WMS-ASN-EXT-00004 Carton CNWH63441: Assigned=Received, Actual=Received, ReceivedQty=10
[2026-04-23 16:16:43] INFO: ASN WMS-ASN-EXT-00004 Carton CNWH63442: Assigned=Received, Actual=Received, ReceivedQty=10
[2026-04-23 16:16:43] INFO: ASN WMS-ASN-EXT-00004 Carton CNWH63444: Assigned=Received, Actual=Received, ReceivedQty=10
[2026-04-23 16:16:43] INFO: ASN WMS-ASN-EXT-00004 Carton CNWH63446: Assigned=Received, Actual=Received, ReceivedQty=10
[2026-04-23 16:16:43] INFO: ASN WMS-ASN-EXT-00004 Carton CNWH63448: Assigned=Received, Actual=Received, ReceivedQty=10
[2026-04-23 16:16:43] INFO: ASN WMS-ASN-EXT-00004 Carton CNWH65363: Assigned=Received, Actual=Received, ReceivedQty=10
[2026-04-23 16:16:43] INFO: ASN WMS-ASN-EXT-00004 Carton CNWH63179: Assigned=Received, Actual=Received, ReceivedQty=10
[2026-04-23 16:16:43] INFO: ASN WMS-ASN-EXT-00004 Carton CNWH63180: Assigned=Received, Actual=Received, ReceivedQty=10
[2026-04-23 16:16:43] INFO: ASN WMS-ASN-EXT-00004 Carton CNWH63196: Assigned=Received, Actual=Received, ReceivedQty=10
[2026-04-23 16:16:43] INFO: ASN WMS-ASN-EXT-00004 Carton CNWH63197: Assigned=Received, Actual=Received, ReceivedQty=10
[2026-04-23 16:16:43] INFO: ASN WMS-ASN-EXT-00004 Carton CNWH63198: Assigned=Received, Actual=Received, ReceivedQty=10
[2026-04-23 16:16:43] INFO: ASN WMS-ASN-EXT-00004 Carton CNWH63199: Assigned=Received, Actual=Received, ReceivedQty=10
[2026-04-23 16:16:43] INFO: ASN WMS-ASN-EXT-00004 Carton CNWH63200: Assigned=Received, Actual=Received, ReceivedQty=10
[2026-04-23 16:16:43] INFO: ASN WMS-ASN-EXT-00004 Carton CNWH63266: Assigned=Received, Actual=Received, ReceivedQty=10
[2026-04-23 16:16:43] INFO: ASN WMS-ASN-EXT-00004 Carton CNWH63268: Assigned=Received, Actual=Received, ReceivedQty=10
[2026-04-23 16:16:43] INFO: ASN WMS-ASN-EXT-00004 Carton CNWH63269: Assigned=Received, Actual=Received, ReceivedQty=10
[2026-04-23 16:16:43] INFO: ASN WMS-ASN-EXT-00004 Carton CNWH63270: Assigned=Received, Actual=Received, ReceivedQty=10
[2026-04-23 16:16:43] INFO: ASN WMS-ASN-EXT-00004 Carton CNWH63271: Assigned=Received, Actual=Received, ReceivedQty=10
[2026-04-23 16:16:43] INFO: ASN WMS-ASN-EXT-00004 Carton CNWH63272: Assigned=Received, Actual=Received, ReceivedQty=10
[2026-04-23 16:16:43] INFO: ASN WMS-ASN-EXT-00004 Carton CNWH63275: Assigned=Received, Actual=Received, ReceivedQty=10
[2026-04-23 16:16:43] INFO: ASN WMS-ASN-EXT-00004 Carton CNWH63277: Assigned=Received, Actual=Received, ReceivedQty=10
[2026-04-23 16:16:43] INFO: ASN WMS-ASN-EXT-00004 Carton CNWH63280: Assigned=Received, Actual=Received, ReceivedQty=10
[2026-04-23 16:16:43] INFO: ASN WMS-ASN-EXT-00004 Carton CNWH63282: Assigned=Received, Actual=Received, ReceivedQty=10
[2026-04-23 16:16:43] INFO: ASN WMS-ASN-EXT-00004 Carton CNWH63283: Assigned=Received, Actual=Received, ReceivedQty=10
[2026-04-23 16:16:43] INFO: ASN WMS-ASN-EXT-00004 Carton CNWH63284: Assigned=Received, Actual=Received, ReceivedQty=10
[2026-04-23 16:16:43] INFO: ASN WMS-ASN-EXT-00004 Carton CNWH63285: Assigned=Received, Actual=Received, ReceivedQty=10
[2026-04-23 16:16:43] INFO: ASN WMS-ASN-EXT-00004 Carton CNWH63286: Assigned=Received, Actual=Received, ReceivedQty=10
[2026-04-23 16:16:43] INFO: ASN WMS-ASN-EXT-00004 Carton CNWH63287: Assigned=Received, Actual=Received, ReceivedQty=10
[2026-04-23 16:16:43] INFO: ASN WMS-ASN-EXT-00004 Carton CNWH63288: Assigned=Received, Actual=Received, ReceivedQty=10
[2026-04-23 16:16:43] INFO: ASN WMS-ASN-EXT-00004 Carton CNWH63289: Assigned=Received, Actual=Received, ReceivedQty=10
[2026-04-23 16:16:43] INFO: ASN WMS-ASN-EXT-00004 Carton CNWH63441: Assigned=Received, Actual=Received, ReceivedQty=10
[2026-04-23 16:16:43] INFO: ASN WMS-ASN-EXT-00004 Carton CNWH63442: Assigned=Received, Actual=Received, ReceivedQty=10
[2026-04-23 16:16:43] INFO: ASN WMS-ASN-EXT-00004 Carton CNWH65363: Assigned=Received, Actual=Received, ReceivedQty=10
[2026-04-23 16:16:43] INFO: ASN WMS-ASN-EXT-00004 Carton CNWH63502: Assigned=Received, Actual=Received, ReceivedQty=10
[2026-04-23 16:16:43] INFO: ASN WMS-ASN-EXT-00004 Carton CNWH63502: Assigned=Received, Actual=Received, ReceivedQty=10
[2026-04-23 16:16:43] INFO: ASN WMS-ASN-EXT-00004 Carton CNWH64607: Assigned=Received, Actual=Received, ReceivedQty=10
[2026-04-23 16:16:43] INFO: ASN ASN-0001 Carton CNWH12858: Assigned=Assigned, Actual=Assigned, ReceivedQty=0
[2026-04-23 16:16:43] INFO: ASN ASN-0001 Carton CNWH12854: Assigned=Assigned, Actual=Assigned, ReceivedQty=0
[2026-04-23 16:16:43] INFO: ASN ASN-0001 Carton CNWH15390: Assigned=Assigned, Actual=Assigned, ReceivedQty=0
[2026-04-23 16:16:43] INFO: ASN ASN-0001 Carton CNWH42441: Assigned=Assigned, Actual=Assigned, ReceivedQty=0
[2026-04-23 16:16:43] INFO: ASN ASN-0001 Carton CNWH64571: Assigned=Assigned, Actual=Assigned, ReceivedQty=0
[2026-04-23 16:16:43] INFO: ASN ASN-0001 Carton CNWH64521: Assigned=Assigned, Actual=Assigned, ReceivedQty=0
[2026-04-23 16:16:43] INFO: ASN ASN-0001 Carton CNWH63561: Assigned=Assigned, Actual=Assigned, ReceivedQty=0
[2026-04-23 16:16:43] INFO: ASN ASN-0001 Carton CNWH63609: Assigned=Assigned, Actual=Assigned, ReceivedQty=0
[2026-04-23 16:16:43] INFO: ASN WMS-ASN-EXT-00004 Carton CNWH63179: Assigned=Received, Actual=Received, ReceivedQty=10
[2026-04-23 16:16:43] INFO: ASN WMS-ASN-EXT-00004 Carton CNWH63180: Assigned=Received, Actual=Received, ReceivedQty=10
[2026-04-23 16:16:43] INFO: ASN WMS-ASN-EXT-00004 Carton CNWH63196: Assigned=Received, Actual=Received, ReceivedQty=10
[2026-04-23 16:16:43] INFO: ASN WMS-ASN-EXT-00004 Carton CNWH63197: Assigned=Received, Actual=Received, ReceivedQty=10
[2026-04-23 16:16:43] INFO: ASN WMS-ASN-EXT-00004 Carton CNWH63198: Assigned=Received, Actual=Received, ReceivedQty=10
[2026-04-23 16:16:43] INFO: ASN WMS-ASN-EXT-00004 Carton CNWH63199: Assigned=Received, Actual=Received, ReceivedQty=10
[2026-04-23 16:16:43] INFO: ASN WMS-ASN-EXT-00004 Carton CNWH63200: Assigned=Received, Actual=Received, ReceivedQty=10
[2026-04-23 16:16:43] INFO: ASN WMS-ASN-EXT-00004 Carton CNWH63266: Assigned=Received, Actual=Received, ReceivedQty=10
[2026-04-23 16:16:43] INFO: ASN WMS-ASN-EXT-00004 Carton CNWH63268: Assigned=Received, Actual=Received, ReceivedQty=10
[2026-04-23 16:16:43] INFO: ASN WMS-ASN-EXT-00004 Carton CNWH63269: Assigned=Received, Actual=Received, ReceivedQty=10
[2026-04-23 16:16:43] INFO: ASN WMS-ASN-EXT-00004 Carton CNWH63270: Assigned=Received, Actual=Received, ReceivedQty=10
[2026-04-23 16:16:43] INFO: ASN WMS-ASN-EXT-00004 Carton CNWH63271: Assigned=Received, Actual=Received, ReceivedQty=10
[2026-04-23 16:16:43] INFO: ASN WMS-ASN-EXT-00004 Carton CNWH63272: Assigned=Received, Actual=Received, ReceivedQty=10
[2026-04-23 16:16:43] INFO: ASN WMS-ASN-EXT-00004 Carton CNWH63275: Assigned=Received, Actual=Received, ReceivedQty=10
[2026-04-23 16:16:43] INFO: ASN WMS-ASN-EXT-00004 Carton CNWH63277: Assigned=Received, Actual=Received, ReceivedQty=10
[2026-04-23 16:16:43] INFO: ASN WMS-ASN-EXT-00004 Carton CNWH63280: Assigned=Received, Actual=Received, ReceivedQty=10
[2026-04-23 16:16:43] INFO: ASN WMS-ASN-EXT-00004 Carton CNWH63282: Assigned=Received, Actual=Received, ReceivedQty=10
[2026-04-23 16:16:43] INFO: ASN WMS-ASN-EXT-00004 Carton CNWH63283: Assigned=Received, Actual=Received, ReceivedQty=10
[2026-04-23 16:16:43] INFO: ASN WMS-ASN-EXT-00004 Carton CNWH63284: Assigned=Received, Actual=Received, ReceivedQty=10
[2026-04-23 16:16:43] INFO: ASN WMS-ASN-EXT-00004 Carton CNWH63285: Assigned=Received, Actual=Received, ReceivedQty=10
[2026-04-23 16:16:43] INFO: ASN WMS-ASN-EXT-00004 Carton CNWH63286: Assigned=Received, Actual=Received, ReceivedQty=10
[2026-04-23 16:16:43] INFO: ASN WMS-ASN-EXT-00004 Carton CNWH63287: Assigned=Received, Actual=Received, ReceivedQty=10
[2026-04-23 16:16:43] INFO: ASN WMS-ASN-EXT-00004 Carton CNWH63288: Assigned=Received, Actual=Received, ReceivedQty=10
[2026-04-23 16:16:43] INFO: ASN WMS-ASN-EXT-00004 Carton CNWH63289: Assigned=Received, Actual=Received, ReceivedQty=10
[2026-04-23 16:16:43] INFO: ASN WMS-ASN-EXT-00004 Carton CNWH63441: Assigned=Received, Actual=Received, ReceivedQty=10
[2026-04-23 16:16:43] INFO: ASN WMS-ASN-EXT-00004 Carton CNWH63442: Assigned=Received, Actual=Received, ReceivedQty=10
[2026-04-23 16:16:43] INFO: ASN WMS-ASN-EXT-00004 Carton CNWH63444: Assigned=Received, Actual=Received, ReceivedQty=10
[2026-04-23 16:16:43] INFO: ASN WMS-ASN-EXT-00004 Carton CNWH63446: Assigned=Received, Actual=Received, ReceivedQty=10
[2026-04-23 16:16:43] INFO: ASN WMS-ASN-EXT-00004 Carton CNWH63448: Assigned=Received, Actual=Received, ReceivedQty=10
[2026-04-23 16:16:43] INFO: ASN WMS-ASN-EXT-00004 Carton CNWH65363: Assigned=Received, Actual=Received, ReceivedQty=10
[2026-04-23 16:16:43] INFO: ASN WMS-ASN-EXT-00004 Carton CNWH63179: Assigned=Received, Actual=Received, ReceivedQty=10
[2026-04-23 16:16:43] INFO: ASN WMS-ASN-EXT-00004 Carton CNWH63180: Assigned=Received, Actual=Received, ReceivedQty=10
[2026-04-23 16:16:43] INFO: ASN WMS-ASN-EXT-00004 Carton CNWH63196: Assigned=Received, Actual=Received, ReceivedQty=10
[2026-04-23 16:16:43] INFO: ASN WMS-ASN-EXT-00004 Carton CNWH63197: Assigned=Received, Actual=Received, ReceivedQty=10
[2026-04-23 16:16:43] INFO: ASN WMS-ASN-EXT-00004 Carton CNWH63198: Assigned=Received, Actual=Received, ReceivedQty=10
[2026-04-23 16:16:43] INFO: ASN WMS-ASN-EXT-00004 Carton CNWH63199: Assigned=Received, Actual=Received, ReceivedQty=10
[2026-04-23 16:16:43] INFO: ASN WMS-ASN-EXT-00004 Carton CNWH63200: Assigned=Received, Actual=Received, ReceivedQty=10
[2026-04-23 16:16:43] INFO: ASN WMS-ASN-EXT-00004 Carton CNWH63266: Assigned=Received, Actual=Received, ReceivedQty=10
[2026-04-23 16:16:43] INFO: ASN WMS-ASN-EXT-00004 Carton CNWH63268: Assigned=Received, Actual=Received, ReceivedQty=10
[2026-04-23 16:16:43] INFO: ASN WMS-ASN-EXT-00004 Carton CNWH63269: Assigned=Received, Actual=Received, ReceivedQty=10
[2026-04-23 16:16:43] INFO: ASN WMS-ASN-EXT-00004 Carton CNWH63270: Assigned=Received, Actual=Received, ReceivedQty=10
[2026-04-23 16:16:43] INFO: ASN WMS-ASN-EXT-00004 Carton CNWH63271: Assigned=Received, Actual=Received, ReceivedQty=10
[2026-04-23 16:16:43] INFO: ASN WMS-ASN-EXT-00004 Carton CNWH63272: Assigned=Received, Actual=Received, ReceivedQty=10
[2026-04-23 16:16:43] INFO: ASN WMS-ASN-EXT-00004 Carton CNWH63275: Assigned=Received, Actual=Received, ReceivedQty=10
[2026-04-23 16:16:43] INFO: ASN WMS-ASN-EXT-00004 Carton CNWH63277: Assigned=Received, Actual=Received, ReceivedQty=10
[2026-04-23 16:16:43] INFO: ASN WMS-ASN-EXT-00004 Carton CNWH63280: Assigned=Received, Actual=Received, ReceivedQty=10
[2026-04-23 16:16:43] INFO: ASN WMS-ASN-EXT-00004 Carton CNWH63282: Assigned=Received, Actual=Received, ReceivedQty=10
[2026-04-23 16:16:43] INFO: ASN WMS-ASN-EXT-00004 Carton CNWH63283: Assigned=Received, Actual=Received, ReceivedQty=10
[2026-04-23 16:16:43] INFO: ASN WMS-ASN-EXT-00004 Carton CNWH63284: Assigned=Received, Actual=Received, ReceivedQty=10
[2026-04-23 16:16:43] INFO: ASN WMS-ASN-EXT-00004 Carton CNWH63285: Assigned=Received, Actual=Received, ReceivedQty=10
[2026-04-23 16:16:43] INFO: ASN WMS-ASN-EXT-00004 Carton CNWH63286: Assigned=Received, Actual=Received, ReceivedQty=10
[2026-04-23 16:16:43] INFO: ASN WMS-ASN-EXT-00004 Carton CNWH63287: Assigned=Received, Actual=Received, ReceivedQty=10
[2026-04-23 16:16:43] INFO: ASN WMS-ASN-EXT-00004 Carton CNWH63288: Assigned=Received, Actual=Received, ReceivedQty=10
[2026-04-23 16:16:43] INFO: ASN WMS-ASN-EXT-00004 Carton CNWH63289: Assigned=Received, Actual=Received, ReceivedQty=10
[2026-04-23 16:16:43] INFO: ASN WMS-ASN-EXT-00004 Carton CNWH63441: Assigned=Received, Actual=Received, ReceivedQty=10
[2026-04-23 16:16:43] INFO: ASN WMS-ASN-EXT-00004 Carton CNWH63442: Assigned=Received, Actual=Received, ReceivedQty=10
[2026-04-23 16:16:43] INFO: ASN WMS-ASN-EXT-00004 Carton CNWH65363: Assigned=Received, Actual=Received, ReceivedQty=10
[2026-04-23 16:16:43] INFO: ASN WMS-ASN-EXT-00004 Carton CNWH63502: Assigned=Received, Actual=Received, ReceivedQty=10
[2026-04-23 16:16:43] INFO: ASN WMS-ASN-EXT-00004 Carton CNWH63502: Assigned=Received, Actual=Received, ReceivedQty=10
[2026-04-23 16:16:43] INFO: ASN WMS-ASN-EXT-00004 Carton CNWH64607: Assigned=Received, Actual=Received, ReceivedQty=10
[2026-04-23 16:16:48] INFO: ErpNextWmsSyncApiService: Fetched 4 item code(s) from ERPNext for ASN WMS-ASN-EXT-00004 (use as filter for PR/received qty).
[2026-04-23 16:16:48] INFO: ErpNextWmsSyncApiService: Pushing ASN received qty for WMS-ASN-EXT-00004, 60 line(s) (one per WMS detail row). Summary: [324249:10(ctn:CNWH63179), 324249:10(ctn:CNWH63180), 324249:10(ctn:CNWH63196), 324249:10(ctn:CNWH63197), 324249:10(ctn:CNWH63198), 324249:10(ctn:CNWH63199), 324249:10(ctn:CNWH63200), 324249:10(ctn:CNWH63266), 324249:10(ctn:CNWH63268), 324249:10(ctn:CNWH63269), 324249:10(ctn:CNWH63270), 324249:10(ctn:CNWH63271), 324249:10(ctn:CNWH63272), 324249:10(ctn:CNWH63275), 324249:10(ctn:CNWH63277), 324249:10(ctn:CNWH63280), 324249:10(ctn:CNWH63282), 324249:10(ctn:CNWH63283), 324249:10(ctn:CNWH63284), 324249:10(ctn:CNWH63285), 324249:10(ctn:CNWH63286), 324249:10(ctn:CNWH63287), 324249:10(ctn:CNWH63288), 324249:10(ctn:CNWH63289), 324249:10(ctn:CNWH63441), 324249:10(ctn:CNWH63442), 324249:10(ctn:CNWH63444), 324249:10(ctn:CNWH63446), 324249:10(ctn:CNWH63448), 324249:10(ctn:CNWH65363), 324250:10(ctn:CNWH63179), 324250:10(ctn:CNWH63180), 324250:10(ctn:CNWH63196), 324250:10(ctn:CNWH63197), 324250:10(ctn:CNWH63198), 324250:10(ctn:CNWH63199), 324250:10(ctn:CNWH63200), 324250:10(ctn:CNWH63266), 324250:10(ctn:CNWH63268), 324250:10(ctn:CNWH63269), 324250:10(ctn:CNWH63270), 324250:10(ctn:CNWH63271), 324250:10(ctn:CNWH63272), 324250:10(ctn:CNWH63275), 324250:10(ctn:CNWH63277), 324250:10(ctn:CNWH63280), 324250:10(ctn:CNWH63282), 324250:10(ctn:CNWH63283), 324250:10(ctn:CNWH63284), 324250:10(ctn:CNWH63285), 324250:10(ctn:CNWH63286), 324250:10(ctn:CNWH63287), 324250:10(ctn:CNWH63288), 324250:10(ctn:CNWH63289), 324250:10(ctn:CNWH63441), 324250:10(ctn:CNWH63442), 324250:10(ctn:CNWH65363), 324251:10(ctn:CNWH63502), 324252:10(ctn:CNWH63502), 324252:10(ctn:CNWH64607)], to http://printechsdammam.dyndns.org:88/api/method/printechs_wms.api.asn_receiving.update_asn_received_qty
[2026-04-23 16:16:49] INFO: ErpNextWmsSyncApiService: ASN received qty updated successfully.
[2026-04-23 16:16:49] INFO: ErpNextWmsSyncApiService: Parsed ERP ASN status from update_asn_received_qty response: Received=True.
[2026-04-23 16:16:49] INFO: ASN ASN-0001 Carton CNWH12858: Assigned=Assigned, Actual=Assigned, ReceivedQty=0
[2026-04-23 16:16:49] INFO: ASN ASN-0001 Carton CNWH12854: Assigned=Assigned, Actual=Assigned, ReceivedQty=0
[2026-04-23 16:16:49] INFO: ASN ASN-0001 Carton CNWH15390: Assigned=Assigned, Actual=Assigned, ReceivedQty=0
[2026-04-23 16:16:49] INFO: ASN ASN-0001 Carton CNWH42441: Assigned=Assigned, Actual=Assigned, ReceivedQty=0
[2026-04-23 16:16:49] INFO: ASN ASN-0001 Carton CNWH64571: Assigned=Assigned, Actual=Assigned, ReceivedQty=0
[2026-04-23 16:16:49] INFO: ASN ASN-0001 Carton CNWH64521: Assigned=Assigned, Actual=Assigned, ReceivedQty=0
[2026-04-23 16:16:49] INFO: ASN ASN-0001 Carton CNWH63561: Assigned=Assigned, Actual=Assigned, ReceivedQty=0
[2026-04-23 16:16:49] INFO: ASN ASN-0001 Carton CNWH63609: Assigned=Assigned, Actual=Assigned, ReceivedQty=0
[2026-04-23 16:16:49] INFO: ASN WMS-ASN-EXT-00004 Carton CNWH63179: Assigned=Received, Actual=Received, ReceivedQty=10
[2026-04-23 16:16:49] INFO: ASN WMS-ASN-EXT-00004 Carton CNWH63180: Assigned=Received, Actual=Received, ReceivedQty=10
[2026-04-23 16:16:49] INFO: ASN WMS-ASN-EXT-00004 Carton CNWH63196: Assigned=Received, Actual=Received, ReceivedQty=10
[2026-04-23 16:16:49] INFO: ASN WMS-ASN-EXT-00004 Carton CNWH63197: Assigned=Received, Actual=Received, ReceivedQty=10
[2026-04-23 16:16:49] INFO: ASN WMS-ASN-EXT-00004 Carton CNWH63198: Assigned=Received, Actual=Received, ReceivedQty=10
[2026-04-23 16:16:49] INFO: ASN WMS-ASN-EXT-00004 Carton CNWH63199: Assigned=Received, Actual=Received, ReceivedQty=10
[2026-04-23 16:16:49] INFO: ASN WMS-ASN-EXT-00004 Carton CNWH63200: Assigned=Received, Actual=Received, ReceivedQty=10
[2026-04-23 16:16:49] INFO: ASN WMS-ASN-EXT-00004 Carton CNWH63266: Assigned=Received, Actual=Received, ReceivedQty=10
[2026-04-23 16:16:49] INFO: ASN WMS-ASN-EXT-00004 Carton CNWH63268: Assigned=Received, Actual=Received, ReceivedQty=10
[2026-04-23 16:16:49] INFO: ASN WMS-ASN-EXT-00004 Carton CNWH63269: Assigned=Received, Actual=Received, ReceivedQty=10
[2026-04-23 16:16:49] INFO: ASN WMS-ASN-EXT-00004 Carton CNWH63270: Assigned=Received, Actual=Received, ReceivedQty=10
[2026-04-23 16:16:49] INFO: ASN WMS-ASN-EXT-00004 Carton CNWH63271: Assigned=Received, Actual=Received, ReceivedQty=10
[2026-04-23 16:16:49] INFO: ASN WMS-ASN-EXT-00004 Carton CNWH63272: Assigned=Received, Actual=Received, ReceivedQty=10
[2026-04-23 16:16:49] INFO: ASN WMS-ASN-EXT-00004 Carton CNWH63275: Assigned=Received, Actual=Received, ReceivedQty=10
[2026-04-23 16:16:49] INFO: ASN WMS-ASN-EXT-00004 Carton CNWH63277: Assigned=Received, Actual=Received, ReceivedQty=10
[2026-04-23 16:16:49] INFO: ASN WMS-ASN-EXT-00004 Carton CNWH63280: Assigned=Received, Actual=Received, ReceivedQty=10
[2026-04-23 16:16:49] INFO: ASN WMS-ASN-EXT-00004 Carton CNWH63282: Assigned=Received, Actual=Received, ReceivedQty=10
[2026-04-23 16:16:49] INFO: ASN WMS-ASN-EXT-00004 Carton CNWH63283: Assigned=Received, Actual=Received, ReceivedQty=10
[2026-04-23 16:16:49] INFO: ASN WMS-ASN-EXT-00004 Carton CNWH63284: Assigned=Received, Actual=Received, ReceivedQty=10
[2026-04-23 16:16:49] INFO: ASN WMS-ASN-EXT-00004 Carton CNWH63285: Assigned=Received, Actual=Received, ReceivedQty=10
[2026-04-23 16:16:49] INFO: ASN WMS-ASN-EXT-00004 Carton CNWH63286: Assigned=Received, Actual=Received, ReceivedQty=10
[2026-04-23 16:16:49] INFO: ASN WMS-ASN-EXT-00004 Carton CNWH63287: Assigned=Received, Actual=Received, ReceivedQty=10
[2026-04-23 16:16:49] INFO: ASN WMS-ASN-EXT-00004 Carton CNWH63288: Assigned=Received, Actual=Received, ReceivedQty=10
[2026-04-23 16:16:49] INFO: ASN WMS-ASN-EXT-00004 Carton CNWH63289: Assigned=Received, Actual=Received, ReceivedQty=10
[2026-04-23 16:16:49] INFO: ASN WMS-ASN-EXT-00004 Carton CNWH63441: Assigned=Received, Actual=Received, ReceivedQty=10
[2026-04-23 16:16:49] INFO: ASN WMS-ASN-EXT-00004 Carton CNWH63442: Assigned=Received, Actual=Received, ReceivedQty=10
[2026-04-23 16:16:49] INFO: ASN WMS-ASN-EXT-00004 Carton CNWH63444: Assigned=Received, Actual=Received, ReceivedQty=10
[2026-04-23 16:16:49] INFO: ASN WMS-ASN-EXT-00004 Carton CNWH63446: Assigned=Received, Actual=Received, ReceivedQty=10
[2026-04-23 16:16:49] INFO: ASN WMS-ASN-EXT-00004 Carton CNWH63448: Assigned=Received, Actual=Received, ReceivedQty=10
[2026-04-23 16:16:49] INFO: ASN WMS-ASN-EXT-00004 Carton CNWH65363: Assigned=Received, Actual=Received, ReceivedQty=10
[2026-04-23 16:16:49] INFO: ASN WMS-ASN-EXT-00004 Carton CNWH63179: Assigned=Received, Actual=Received, ReceivedQty=10
[2026-04-23 16:16:49] INFO: ASN WMS-ASN-EXT-00004 Carton CNWH63180: Assigned=Received, Actual=Received, ReceivedQty=10
[2026-04-23 16:16:49] INFO: ASN WMS-ASN-EXT-00004 Carton CNWH63196: Assigned=Received, Actual=Received, ReceivedQty=10
[2026-04-23 16:16:49] INFO: ASN WMS-ASN-EXT-00004 Carton CNWH63197: Assigned=Received, Actual=Received, ReceivedQty=10
[2026-04-23 16:16:49] INFO: ASN WMS-ASN-EXT-00004 Carton CNWH63198: Assigned=Received, Actual=Received, ReceivedQty=10
[2026-04-23 16:16:49] INFO: ASN WMS-ASN-EXT-00004 Carton CNWH63199: Assigned=Received, Actual=Received, ReceivedQty=10
[2026-04-23 16:16:49] INFO: ASN WMS-ASN-EXT-00004 Carton CNWH63200: Assigned=Received, Actual=Received, ReceivedQty=10
[2026-04-23 16:16:49] INFO: ASN WMS-ASN-EXT-00004 Carton CNWH63266: Assigned=Received, Actual=Received, ReceivedQty=10
[2026-04-23 16:16:49] INFO: ASN WMS-ASN-EXT-00004 Carton CNWH63268: Assigned=Received, Actual=Received, ReceivedQty=10
[2026-04-23 16:16:49] INFO: ASN WMS-ASN-EXT-00004 Carton CNWH63269: Assigned=Received, Actual=Received, ReceivedQty=10
[2026-04-23 16:16:49] INFO: ASN WMS-ASN-EXT-00004 Carton CNWH63270: Assigned=Received, Actual=Received, ReceivedQty=10
[2026-04-23 16:16:49] INFO: ASN WMS-ASN-EXT-00004 Carton CNWH63271: Assigned=Received, Actual=Received, ReceivedQty=10
[2026-04-23 16:16:49] INFO: ASN WMS-ASN-EXT-00004 Carton CNWH63272: Assigned=Received, Actual=Received, ReceivedQty=10
[2026-04-23 16:16:49] INFO: ASN WMS-ASN-EXT-00004 Carton CNWH63275: Assigned=Received, Actual=Received, ReceivedQty=10
[2026-04-23 16:16:49] INFO: ASN WMS-ASN-EXT-00004 Carton CNWH63277: Assigned=Received, Actual=Received, ReceivedQty=10
[2026-04-23 16:16:49] INFO: ASN WMS-ASN-EXT-00004 Carton CNWH63280: Assigned=Received, Actual=Received, ReceivedQty=10
[2026-04-23 16:16:49] INFO: ASN WMS-ASN-EXT-00004 Carton CNWH63282: Assigned=Received, Actual=Received, ReceivedQty=10
[2026-04-23 16:16:49] INFO: ASN WMS-ASN-EXT-00004 Carton CNWH63283: Assigned=Received, Actual=Received, ReceivedQty=10
[2026-04-23 16:16:49] INFO: ASN WMS-ASN-EXT-00004 Carton CNWH63284: Assigned=Received, Actual=Received, ReceivedQty=10
[2026-04-23 16:16:49] INFO: ASN WMS-ASN-EXT-00004 Carton CNWH63285: Assigned=Received, Actual=Received, ReceivedQty=10
[2026-04-23 16:16:49] INFO: ASN WMS-ASN-EXT-00004 Carton CNWH63286: Assigned=Received, Actual=Received, ReceivedQty=10
[2026-04-23 16:16:49] INFO: ASN WMS-ASN-EXT-00004 Carton CNWH63287: Assigned=Received, Actual=Received, ReceivedQty=10
[2026-04-23 16:16:49] INFO: ASN WMS-ASN-EXT-00004 Carton CNWH63288: Assigned=Received, Actual=Received, ReceivedQty=10
[2026-04-23 16:16:49] INFO: ASN WMS-ASN-EXT-00004 Carton CNWH63289: Assigned=Received, Actual=Received, ReceivedQty=10
[2026-04-23 16:16:49] INFO: ASN WMS-ASN-EXT-00004 Carton CNWH63441: Assigned=Received, Actual=Received, ReceivedQty=10
[2026-04-23 16:16:49] INFO: ASN WMS-ASN-EXT-00004 Carton CNWH63442: Assigned=Received, Actual=Received, ReceivedQty=10
[2026-04-23 16:16:49] INFO: ASN WMS-ASN-EXT-00004 Carton CNWH65363: Assigned=Received, Actual=Received, ReceivedQty=10
[2026-04-23 16:16:49] INFO: ASN WMS-ASN-EXT-00004 Carton CNWH63502: Assigned=Received, Actual=Received, ReceivedQty=10
[2026-04-23 16:16:49] INFO: ASN WMS-ASN-EXT-00004 Carton CNWH63502: Assigned=Received, Actual=Received, ReceivedQty=10
[2026-04-23 16:16:49] INFO: ASN WMS-ASN-EXT-00004 Carton CNWH64607: Assigned=Received, Actual=Received, ReceivedQty=10
[2026-04-23 16:17:18] INFO: ASN ASN-0001 Carton CNWH12858: Assigned=Assigned, Actual=Assigned, ReceivedQty=0
[2026-04-23 16:17:18] INFO: ASN ASN-0001 Carton CNWH12854: Assigned=Assigned, Actual=Assigned, ReceivedQty=0
[2026-04-23 16:17:18] INFO: ASN ASN-0001 Carton CNWH15390: Assigned=Assigned, Actual=Assigned, ReceivedQty=0
[2026-04-23 16:17:18] INFO: ASN ASN-0001 Carton CNWH42441: Assigned=Assigned, Actual=Assigned, ReceivedQty=0
[2026-04-23 16:17:18] INFO: ASN ASN-0001 Carton CNWH64571: Assigned=Assigned, Actual=Assigned, ReceivedQty=0
[2026-04-23 16:17:18] INFO: ASN ASN-0001 Carton CNWH64521: Assigned=Assigned, Actual=Assigned, ReceivedQty=0
[2026-04-23 16:17:18] INFO: ASN ASN-0001 Carton CNWH63561: Assigned=Assigned, Actual=Assigned, ReceivedQty=0
[2026-04-23 16:17:18] INFO: ASN ASN-0001 Carton CNWH63609: Assigned=Assigned, Actual=Assigned, ReceivedQty=0
[2026-04-23 16:17:18] INFO: ASN WMS-ASN-EXT-00004 Carton CNWH63179: Assigned=Received, Actual=Received, ReceivedQty=10
[2026-04-23 16:17:18] INFO: ASN WMS-ASN-EXT-00004 Carton CNWH63180: Assigned=Received, Actual=Received, ReceivedQty=10
[2026-04-23 16:17:18] INFO: ASN WMS-ASN-EXT-00004 Carton CNWH63196: Assigned=Received, Actual=Received, ReceivedQty=10
[2026-04-23 16:17:18] INFO: ASN WMS-ASN-EXT-00004 Carton CNWH63197: Assigned=Received, Actual=Received, ReceivedQty=10
[2026-04-23 16:17:18] INFO: ASN WMS-ASN-EXT-00004 Carton CNWH63198: Assigned=Received, Actual=Received, ReceivedQty=10
[2026-04-23 16:17:18] INFO: ASN WMS-ASN-EXT-00004 Carton CNWH63199: Assigned=Received, Actual=Received, ReceivedQty=10
[2026-04-23 16:17:18] INFO: ASN WMS-ASN-EXT-00004 Carton CNWH63200: Assigned=Received, Actual=Received, ReceivedQty=10
[2026-04-23 16:17:18] INFO: ASN WMS-ASN-EXT-00004 Carton CNWH63266: Assigned=Received, Actual=Received, ReceivedQty=10
[2026-04-23 16:17:18] INFO: ASN WMS-ASN-EXT-00004 Carton CNWH63268: Assigned=Received, Actual=Received, ReceivedQty=10
[2026-04-23 16:17:18] INFO: ASN WMS-ASN-EXT-00004 Carton CNWH63269: Assigned=Received, Actual=Received, ReceivedQty=10
[2026-04-23 16:17:18] INFO: ASN WMS-ASN-EXT-00004 Carton CNWH63270: Assigned=Received, Actual=Received, ReceivedQty=10
[2026-04-23 16:17:18] INFO: ASN WMS-ASN-EXT-00004 Carton CNWH63271: Assigned=Received, Actual=Received, ReceivedQty=10
[2026-04-23 16:17:18] INFO: ASN WMS-ASN-EXT-00004 Carton CNWH63272: Assigned=Received, Actual=Received, ReceivedQty=10
[2026-04-23 16:17:18] INFO: ASN WMS-ASN-EXT-00004 Carton CNWH63275: Assigned=Received, Actual=Received, ReceivedQty=10
[2026-04-23 16:17:18] INFO: ASN WMS-ASN-EXT-00004 Carton CNWH63277: Assigned=Received, Actual=Received, ReceivedQty=10
[2026-04-23 16:17:18] INFO: ASN WMS-ASN-EXT-00004 Carton CNWH63280: Assigned=Received, Actual=Received, ReceivedQty=10
[2026-04-23 16:17:18] INFO: ASN WMS-ASN-EXT-00004 Carton CNWH63282: Assigned=Received, Actual=Received, ReceivedQty=10
[2026-04-23 16:17:18] INFO: ASN WMS-ASN-EXT-00004 Carton CNWH63283: Assigned=Received, Actual=Received, ReceivedQty=10
[2026-04-23 16:17:18] INFO: ASN WMS-ASN-EXT-00004 Carton CNWH63284: Assigned=Received, Actual=Received, ReceivedQty=10
[2026-04-23 16:17:18] INFO: ASN WMS-ASN-EXT-00004 Carton CNWH63285: Assigned=Received, Actual=Received, ReceivedQty=10
[2026-04-23 16:17:18] INFO: ASN WMS-ASN-EXT-00004 Carton CNWH63286: Assigned=Received, Actual=Received, ReceivedQty=10
[2026-04-23 16:17:18] INFO: ASN WMS-ASN-EXT-00004 Carton CNWH63287: Assigned=Received, Actual=Received, ReceivedQty=10
[2026-04-23 16:17:18] INFO: ASN WMS-ASN-EXT-00004 Carton CNWH63288: Assigned=Received, Actual=Received, ReceivedQty=10
[2026-04-23 16:17:18] INFO: ASN WMS-ASN-EXT-00004 Carton CNWH63289: Assigned=Received, Actual=Received, ReceivedQty=10
[2026-04-23 16:17:18] INFO: ASN WMS-ASN-EXT-00004 Carton CNWH63441: Assigned=Received, Actual=Received, ReceivedQty=10
[2026-04-23 16:17:18] INFO: ASN WMS-ASN-EXT-00004 Carton CNWH63442: Assigned=Received, Actual=Received, ReceivedQty=10
[2026-04-23 16:17:18] INFO: ASN WMS-ASN-EXT-00004 Carton CNWH63444: Assigned=Received, Actual=Received, ReceivedQty=10
[2026-04-23 16:17:18] INFO: ASN WMS-ASN-EXT-00004 Carton CNWH63446: Assigned=Received, Actual=Received, ReceivedQty=10
[2026-04-23 16:17:18] INFO: ASN WMS-ASN-EXT-00004 Carton CNWH63448: Assigned=Received, Actual=Received, ReceivedQty=10
[2026-04-23 16:17:18] INFO: ASN WMS-ASN-EXT-00004 Carton CNWH65363: Assigned=Received, Actual=Received, ReceivedQty=10
[2026-04-23 16:17:18] INFO: ASN WMS-ASN-EXT-00004 Carton CNWH63179: Assigned=Received, Actual=Received, ReceivedQty=10
[2026-04-23 16:17:18] INFO: ASN WMS-ASN-EXT-00004 Carton CNWH63180: Assigned=Received, Actual=Received, ReceivedQty=10
[2026-04-23 16:17:18] INFO: ASN WMS-ASN-EXT-00004 Carton CNWH63196: Assigned=Received, Actual=Received, ReceivedQty=10
[2026-04-23 16:17:18] INFO: ASN WMS-ASN-EXT-00004 Carton CNWH63197: Assigned=Received, Actual=Received, ReceivedQty=10
[2026-04-23 16:17:18] INFO: ASN WMS-ASN-EXT-00004 Carton CNWH63198: Assigned=Received, Actual=Received, ReceivedQty=10
[2026-04-23 16:17:18] INFO: ASN WMS-ASN-EXT-00004 Carton CNWH63199: Assigned=Received, Actual=Received, ReceivedQty=10
[2026-04-23 16:17:18] INFO: ASN WMS-ASN-EXT-00004 Carton CNWH63200: Assigned=Received, Actual=Received, ReceivedQty=10
[2026-04-23 16:17:18] INFO: ASN WMS-ASN-EXT-00004 Carton CNWH63266: Assigned=Received, Actual=Received, ReceivedQty=10
[2026-04-23 16:17:18] INFO: ASN WMS-ASN-EXT-00004 Carton CNWH63268: Assigned=Received, Actual=Received, ReceivedQty=10
[2026-04-23 16:17:18] INFO: ASN WMS-ASN-EXT-00004 Carton CNWH63269: Assigned=Received, Actual=Received, ReceivedQty=10
[2026-04-23 16:17:18] INFO: ASN WMS-ASN-EXT-00004 Carton CNWH63270: Assigned=Received, Actual=Received, ReceivedQty=10
[2026-04-23 16:17:18] INFO: ASN WMS-ASN-EXT-00004 Carton CNWH63271: Assigned=Received, Actual=Received, ReceivedQty=10
[2026-04-23 16:17:18] INFO: ASN WMS-ASN-EXT-00004 Carton CNWH63272: Assigned=Received, Actual=Received, ReceivedQty=10
[2026-04-23 16:17:18] INFO: ASN WMS-ASN-EXT-00004 Carton CNWH63275: Assigned=Received, Actual=Received, ReceivedQty=10
[2026-04-23 16:17:18] INFO: ASN WMS-ASN-EXT-00004 Carton CNWH63277: Assigned=Received, Actual=Received, ReceivedQty=10
[2026-04-23 16:17:18] INFO: ASN WMS-ASN-EXT-00004 Carton CNWH63280: Assigned=Received, Actual=Received, ReceivedQty=10
[2026-04-23 16:17:18] INFO: ASN WMS-ASN-EXT-00004 Carton CNWH63282: Assigned=Received, Actual=Received, ReceivedQty=10
[2026-04-23 16:17:18] INFO: ASN WMS-ASN-EXT-00004 Carton CNWH63283: Assigned=Received, Actual=Received, ReceivedQty=10
[2026-04-23 16:17:18] INFO: ASN WMS-ASN-EXT-00004 Carton CNWH63284: Assigned=Received, Actual=Received, ReceivedQty=10
[2026-04-23 16:17:18] INFO: ASN WMS-ASN-EXT-00004 Carton CNWH63285: Assigned=Received, Actual=Received, ReceivedQty=10
[2026-04-23 16:17:18] INFO: ASN WMS-ASN-EXT-00004 Carton CNWH63286: Assigned=Received, Actual=Received, ReceivedQty=10
[2026-04-23 16:17:18] INFO: ASN WMS-ASN-EXT-00004 Carton CNWH63287: Assigned=Received, Actual=Received, ReceivedQty=10
[2026-04-23 16:17:18] INFO: ASN WMS-ASN-EXT-00004 Carton CNWH63288: Assigned=Received, Actual=Received, ReceivedQty=10
[2026-04-23 16:17:18] INFO: ASN WMS-ASN-EXT-00004 Carton CNWH63289: Assigned=Received, Actual=Received, ReceivedQty=10
[2026-04-23 16:17:18] INFO: ASN WMS-ASN-EXT-00004 Carton CNWH63441: Assigned=Received, Actual=Received, ReceivedQty=10
[2026-04-23 16:17:18] INFO: ASN WMS-ASN-EXT-00004 Carton CNWH63442: Assigned=Received, Actual=Received, ReceivedQty=10
[2026-04-23 16:17:18] INFO: ASN WMS-ASN-EXT-00004 Carton CNWH65363: Assigned=Received, Actual=Received, ReceivedQty=10
[2026-04-23 16:17:18] INFO: ASN WMS-ASN-EXT-00004 Carton CNWH63502: Assigned=Received, Actual=Received, ReceivedQty=10
[2026-04-23 16:17:18] INFO: ASN WMS-ASN-EXT-00004 Carton CNWH63502: Assigned=Received, Actual=Received, ReceivedQty=10
[2026-04-23 16:17:18] INFO: ASN WMS-ASN-EXT-00004 Carton CNWH64607: Assigned=Received, Actual=Received, ReceivedQty=10
[2026-04-23 16:17:19] INFO: ASN ASN-0001 Carton CNWH12858: Assigned=Assigned, Actual=Assigned, ReceivedQty=0
[2026-04-23 16:17:19] INFO: ASN ASN-0001 Carton CNWH12854: Assigned=Assigned, Actual=Assigned, ReceivedQty=0
[2026-04-23 16:17:19] INFO: ASN ASN-0001 Carton CNWH15390: Assigned=Assigned, Actual=Assigned, ReceivedQty=0
[2026-04-23 16:17:19] INFO: ASN ASN-0001 Carton CNWH42441: Assigned=Assigned, Actual=Assigned, ReceivedQty=0
[2026-04-23 16:17:19] INFO: ASN ASN-0001 Carton CNWH64571: Assigned=Assigned, Actual=Assigned, ReceivedQty=0
[2026-04-23 16:17:19] INFO: ASN ASN-0001 Carton CNWH64521: Assigned=Assigned, Actual=Assigned, ReceivedQty=0
[2026-04-23 16:17:19] INFO: ASN ASN-0001 Carton CNWH63561: Assigned=Assigned, Actual=Assigned, ReceivedQty=0
[2026-04-23 16:17:19] INFO: ASN ASN-0001 Carton CNWH63609: Assigned=Assigned, Actual=Assigned, ReceivedQty=0
[2026-04-23 16:17:19] INFO: ASN WMS-ASN-EXT-00004 Carton CNWH63179: Assigned=Received, Actual=Received, ReceivedQty=10
[2026-04-23 16:17:19] INFO: ASN WMS-ASN-EXT-00004 Carton CNWH63180: Assigned=Received, Actual=Received, ReceivedQty=10
[2026-04-23 16:17:19] INFO: ASN WMS-ASN-EXT-00004 Carton CNWH63196: Assigned=Received, Actual=Received, ReceivedQty=10
[2026-04-23 16:17:19] INFO: ASN WMS-ASN-EXT-00004 Carton CNWH63197: Assigned=Received, Actual=Received, ReceivedQty=10
[2026-04-23 16:17:19] INFO: ASN WMS-ASN-EXT-00004 Carton CNWH63198: Assigned=Received, Actual=Received, ReceivedQty=10
[2026-04-23 16:17:19] INFO: ASN WMS-ASN-EXT-00004 Carton CNWH63199: Assigned=Received, Actual=Received, ReceivedQty=10
[2026-04-23 16:17:19] INFO: ASN WMS-ASN-EXT-00004 Carton CNWH63200: Assigned=Received, Actual=Received, ReceivedQty=10
[2026-04-23 16:17:19] INFO: ASN WMS-ASN-EXT-00004 Carton CNWH63266: Assigned=Received, Actual=Received, ReceivedQty=10
[2026-04-23 16:17:19] INFO: ASN WMS-ASN-EXT-00004 Carton CNWH63268: Assigned=Received, Actual=Received, ReceivedQty=10
[2026-04-23 16:17:19] INFO: ASN WMS-ASN-EXT-00004 Carton CNWH63269: Assigned=Received, Actual=Received, ReceivedQty=10
[2026-04-23 16:17:19] INFO: ASN WMS-ASN-EXT-00004 Carton CNWH63270: Assigned=Received, Actual=Received, ReceivedQty=10
[2026-04-23 16:17:19] INFO: ASN WMS-ASN-EXT-00004 Carton CNWH63271: Assigned=Received, Actual=Received, ReceivedQty=10
[2026-04-23 16:17:19] INFO: ASN WMS-ASN-EXT-00004 Carton CNWH63272: Assigned=Received, Actual=Received, ReceivedQty=10
[2026-04-23 16:17:19] INFO: ASN WMS-ASN-EXT-00004 Carton CNWH63275: Assigned=Received, Actual=Received, ReceivedQty=10
[2026-04-23 16:17:19] INFO: ASN WMS-ASN-EXT-00004 Carton CNWH63277: Assigned=Received, Actual=Received, ReceivedQty=10
[2026-04-23 16:17:19] INFO: ASN WMS-ASN-EXT-00004 Carton CNWH63280: Assigned=Received, Actual=Received, ReceivedQty=10
[2026-04-23 16:17:19] INFO: ASN WMS-ASN-EXT-00004 Carton CNWH63282: Assigned=Received, Actual=Received, ReceivedQty=10
[2026-04-23 16:17:19] INFO: ASN WMS-ASN-EXT-00004 Carton CNWH63283: Assigned=Received, Actual=Received, ReceivedQty=10
[2026-04-23 16:17:19] INFO: ASN WMS-ASN-EXT-00004 Carton CNWH63284: Assigned=Received, Actual=Received, ReceivedQty=10
[2026-04-23 16:17:19] INFO: ASN WMS-ASN-EXT-00004 Carton CNWH63285: Assigned=Received, Actual=Received, ReceivedQty=10
[2026-04-23 16:17:19] INFO: ASN WMS-ASN-EXT-00004 Carton CNWH63286: Assigned=Received, Actual=Received, ReceivedQty=10
[2026-04-23 16:17:19] INFO: ASN WMS-ASN-EXT-00004 Carton CNWH63287: Assigned=Received, Actual=Received, ReceivedQty=10
[2026-04-23 16:17:19] INFO: ASN WMS-ASN-EXT-00004 Carton CNWH63288: Assigned=Received, Actual=Received, ReceivedQty=10
[2026-04-23 16:17:19] INFO: ASN WMS-ASN-EXT-00004 Carton CNWH63289: Assigned=Received, Actual=Received, ReceivedQty=10
[2026-04-23 16:17:19] INFO: ASN WMS-ASN-EXT-00004 Carton CNWH63441: Assigned=Received, Actual=Received, ReceivedQty=10
[2026-04-23 16:17:19] INFO: ASN WMS-ASN-EXT-00004 Carton CNWH63442: Assigned=Received, Actual=Received, ReceivedQty=10
[2026-04-23 16:17:19] INFO: ASN WMS-ASN-EXT-00004 Carton CNWH63444: Assigned=Received, Actual=Received, ReceivedQty=10
[2026-04-23 16:17:19] INFO: ASN WMS-ASN-EXT-00004 Carton CNWH63446: Assigned=Received, Actual=Received, ReceivedQty=10
[2026-04-23 16:17:19] INFO: ASN WMS-ASN-EXT-00004 Carton CNWH63448: Assigned=Received, Actual=Received, ReceivedQty=10
[2026-04-23 16:17:19] INFO: ASN WMS-ASN-EXT-00004 Carton CNWH65363: Assigned=Received, Actual=Received, ReceivedQty=10
[2026-04-23 16:17:19] INFO: ASN WMS-ASN-EXT-00004 Carton CNWH63179: Assigned=Received, Actual=Received, ReceivedQty=10
[2026-04-23 16:17:19] INFO: ASN WMS-ASN-EXT-00004 Carton CNWH63180: Assigned=Received, Actual=Received, ReceivedQty=10
[2026-04-23 16:17:19] INFO: ASN WMS-ASN-EXT-00004 Carton CNWH63196: Assigned=Received, Actual=Received, ReceivedQty=10
[2026-04-23 16:17:19] INFO: ASN WMS-ASN-EXT-00004 Carton CNWH63197: Assigned=Received, Actual=Received, ReceivedQty=10
[2026-04-23 16:17:19] INFO: ASN WMS-ASN-EXT-00004 Carton CNWH63198: Assigned=Received, Actual=Received, ReceivedQty=10
[2026-04-23 16:17:19] INFO: ASN WMS-ASN-EXT-00004 Carton CNWH63199: Assigned=Received, Actual=Received, ReceivedQty=10
[2026-04-23 16:17:19] INFO: ASN WMS-ASN-EXT-00004 Carton CNWH63200: Assigned=Received, Actual=Received, ReceivedQty=10
[2026-04-23 16:17:19] INFO: ASN WMS-ASN-EXT-00004 Carton CNWH63266: Assigned=Received, Actual=Received, ReceivedQty=10
[2026-04-23 16:17:19] INFO: ASN WMS-ASN-EXT-00004 Carton CNWH63268: Assigned=Received, Actual=Received, ReceivedQty=10
[2026-04-23 16:17:19] INFO: ASN WMS-ASN-EXT-00004 Carton CNWH63269: Assigned=Received, Actual=Received, ReceivedQty=10
[2026-04-23 16:17:19] INFO: ASN WMS-ASN-EXT-00004 Carton CNWH63270: Assigned=Received, Actual=Received, ReceivedQty=10
[2026-04-23 16:17:19] INFO: ASN WMS-ASN-EXT-00004 Carton CNWH63271: Assigned=Received, Actual=Received, ReceivedQty=10
[2026-04-23 16:17:19] INFO: ASN WMS-ASN-EXT-00004 Carton CNWH63272: Assigned=Received, Actual=Received, ReceivedQty=10
[2026-04-23 16:17:19] INFO: ASN WMS-ASN-EXT-00004 Carton CNWH63275: Assigned=Received, Actual=Received, ReceivedQty=10
[2026-04-23 16:17:19] INFO: ASN WMS-ASN-EXT-00004 Carton CNWH63277: Assigned=Received, Actual=Received, ReceivedQty=10
[2026-04-23 16:17:19] INFO: ASN WMS-ASN-EXT-00004 Carton CNWH63280: Assigned=Received, Actual=Received, ReceivedQty=10
[2026-04-23 16:17:19] INFO: ASN WMS-ASN-EXT-00004 Carton CNWH63282: Assigned=Received, Actual=Received, ReceivedQty=10
[2026-04-23 16:17:19] INFO: ASN WMS-ASN-EXT-00004 Carton CNWH63283: Assigned=Received, Actual=Received, ReceivedQty=10
[2026-04-23 16:17:19] INFO: ASN WMS-ASN-EXT-00004 Carton CNWH63284: Assigned=Received, Actual=Received, ReceivedQty=10
[2026-04-23 16:17:19] INFO: ASN WMS-ASN-EXT-00004 Carton CNWH63285: Assigned=Received, Actual=Received, ReceivedQty=10
[2026-04-23 16:17:19] INFO: ASN WMS-ASN-EXT-00004 Carton CNWH63286: Assigned=Received, Actual=Received, ReceivedQty=10
[2026-04-23 16:17:19] INFO: ASN WMS-ASN-EXT-00004 Carton CNWH63287: Assigned=Received, Actual=Received, ReceivedQty=10
[2026-04-23 16:17:19] INFO: ASN WMS-ASN-EXT-00004 Carton CNWH63288: Assigned=Received, Actual=Received, ReceivedQty=10
[2026-04-23 16:17:19] INFO: ASN WMS-ASN-EXT-00004 Carton CNWH63289: Assigned=Received, Actual=Received, ReceivedQty=10
[2026-04-23 16:17:19] INFO: ASN WMS-ASN-EXT-00004 Carton CNWH63441: Assigned=Received, Actual=Received, ReceivedQty=10
[2026-04-23 16:17:19] INFO: ASN WMS-ASN-EXT-00004 Carton CNWH63442: Assigned=Received, Actual=Received, ReceivedQty=10
[2026-04-23 16:17:19] INFO: ASN WMS-ASN-EXT-00004 Carton CNWH65363: Assigned=Received, Actual=Received, ReceivedQty=10
[2026-04-23 16:17:19] INFO: ASN WMS-ASN-EXT-00004 Carton CNWH63502: Assigned=Received, Actual=Received, ReceivedQty=10
[2026-04-23 16:17:19] INFO: ASN WMS-ASN-EXT-00004 Carton CNWH63502: Assigned=Received, Actual=Received, ReceivedQty=10
[2026-04-23 16:17:19] INFO: ASN WMS-ASN-EXT-00004 Carton CNWH64607: Assigned=Received, Actual=Received, ReceivedQty=10
[2026-04-23 16:22:04] INFO: AuthService: Attempting login to http://localhost:3000/api/auth/login for user sysadmin
[2026-04-23 16:22:06] INFO: AuthService: Login response status: OK
[2026-04-23 16:22:06] INFO: AuthService: Login successful for user sysadmin
[2026-04-23 16:22:09] INFO: ASN ASN-0001 Carton CNWH12858: Assigned=Assigned, Actual=Assigned, ReceivedQty=0
[2026-04-23 16:22:09] INFO: ASN ASN-0001 Carton CNWH12854: Assigned=Assigned, Actual=Assigned, ReceivedQty=0
[2026-04-23 16:22:09] INFO: ASN ASN-0001 Carton CNWH15390: Assigned=Assigned, Actual=Assigned, ReceivedQty=0
[2026-04-23 16:22:09] INFO: ASN ASN-0001 Carton CNWH42441: Assigned=Assigned, Actual=Assigned, ReceivedQty=0
[2026-04-23 16:22:09] INFO: ASN ASN-0001 Carton CNWH64571: Assigned=Assigned, Actual=Assigned, ReceivedQty=0
[2026-04-23 16:22:09] INFO: ASN ASN-0001 Carton CNWH64521: Assigned=Assigned, Actual=Assigned, ReceivedQty=0
[2026-04-23 16:22:09] INFO: ASN ASN-0001 Carton CNWH63561: Assigned=Assigned, Actual=Assigned, ReceivedQty=0
[2026-04-23 16:22:09] INFO: ASN ASN-0001 Carton CNWH63609: Assigned=Assigned, Actual=Assigned, ReceivedQty=0
[2026-04-23 16:22:09] INFO: ASN WMS-ASN-EXT-00004 Carton CNWH63179: Assigned=Received, Actual=Received, ReceivedQty=10
[2026-04-23 16:22:09] INFO: ASN WMS-ASN-EXT-00004 Carton CNWH63180: Assigned=Received, Actual=Received, ReceivedQty=10
[2026-04-23 16:22:09] INFO: ASN WMS-ASN-EXT-00004 Carton CNWH63196: Assigned=Received, Actual=Received, ReceivedQty=10
[2026-04-23 16:22:09] INFO: ASN WMS-ASN-EXT-00004 Carton CNWH63197: Assigned=Received, Actual=Received, ReceivedQty=10
[2026-04-23 16:22:09] INFO: ASN WMS-ASN-EXT-00004 Carton CNWH63198: Assigned=Received, Actual=Received, ReceivedQty=10
[2026-04-23 16:22:09] INFO: ASN WMS-ASN-EXT-00004 Carton CNWH63199: Assigned=Received, Actual=Received, ReceivedQty=10
[2026-04-23 16:22:09] INFO: ASN WMS-ASN-EXT-00004 Carton CNWH63200: Assigned=Received, Actual=Received, ReceivedQty=10
[2026-04-23 16:22:09] INFO: ASN WMS-ASN-EXT-00004 Carton CNWH63266: Assigned=Received, Actual=Received, ReceivedQty=10
[2026-04-23 16:22:09] INFO: ASN WMS-ASN-EXT-00004 Carton CNWH63268: Assigned=Received, Actual=Received, ReceivedQty=10
[2026-04-23 16:22:09] INFO: ASN WMS-ASN-EXT-00004 Carton CNWH63269: Assigned=Received, Actual=Received, ReceivedQty=10
[2026-04-23 16:22:09] INFO: ASN WMS-ASN-EXT-00004 Carton CNWH63270: Assigned=Received, Actual=Received, ReceivedQty=10
[2026-04-23 16:22:09] INFO: ASN WMS-ASN-EXT-00004 Carton CNWH63271: Assigned=Received, Actual=Received, ReceivedQty=10
[2026-04-23 16:22:09] INFO: ASN WMS-ASN-EXT-00004 Carton CNWH63272: Assigned=Received, Actual=Received, ReceivedQty=10
[2026-04-23 16:22:09] INFO: ASN WMS-ASN-EXT-00004 Carton CNWH63275: Assigned=Received, Actual=Received, ReceivedQty=10
[2026-04-23 16:22:09] INFO: ASN WMS-ASN-EXT-00004 Carton CNWH63277: Assigned=Received, Actual=Received, ReceivedQty=10
[2026-04-23 16:22:09] INFO: ASN WMS-ASN-EXT-00004 Carton CNWH63280: Assigned=Received, Actual=Received, ReceivedQty=10
[2026-04-23 16:22:09] INFO: ASN WMS-ASN-EXT-00004 Carton CNWH63282: Assigned=Received, Actual=Received, ReceivedQty=10
[2026-04-23 16:22:09] INFO: ASN WMS-ASN-EXT-00004 Carton CNWH63283: Assigned=Received, Actual=Received, ReceivedQty=10
[2026-04-23 16:22:09] INFO: ASN WMS-ASN-EXT-00004 Carton CNWH63284: Assigned=Received, Actual=Received, ReceivedQty=10
[2026-04-23 16:22:09] INFO: ASN WMS-ASN-EXT-00004 Carton CNWH63285: Assigned=Received, Actual=Received, ReceivedQty=10
[2026-04-23 16:22:09] INFO: ASN WMS-ASN-EXT-00004 Carton CNWH63286: Assigned=Received, Actual=Received, ReceivedQty=10
[2026-04-23 16:22:09] INFO: ASN WMS-ASN-EXT-00004 Carton CNWH63287: Assigned=Received, Actual=Received, ReceivedQty=10
[2026-04-23 16:22:09] INFO: ASN WMS-ASN-EXT-00004 Carton CNWH63288: Assigned=Received, Actual=Received, ReceivedQty=10
[2026-04-23 16:22:09] INFO: ASN WMS-ASN-EXT-00004 Carton CNWH63289: Assigned=Received, Actual=Received, ReceivedQty=10
[2026-04-23 16:22:09] INFO: ASN WMS-ASN-EXT-00004 Carton CNWH63441: Assigned=Received, Actual=Received, ReceivedQty=10
[2026-04-23 16:22:09] INFO: ASN WMS-ASN-EXT-00004 Carton CNWH63442: Assigned=Received, Actual=Received, ReceivedQty=10
[2026-04-23 16:22:09] INFO: ASN WMS-ASN-EXT-00004 Carton CNWH63444: Assigned=Received, Actual=Received, ReceivedQty=10
[2026-04-23 16:22:09] INFO: ASN WMS-ASN-EXT-00004 Carton CNWH63446: Assigned=Received, Actual=Received, ReceivedQty=10
[2026-04-23 16:22:09] INFO: ASN WMS-ASN-EXT-00004 Carton CNWH63448: Assigned=Received, Actual=Received, ReceivedQty=10
[2026-04-23 16:22:09] INFO: ASN WMS-ASN-EXT-00004 Carton CNWH65363: Assigned=Received, Actual=Received, ReceivedQty=10
[2026-04-23 16:22:09] INFO: ASN WMS-ASN-EXT-00004 Carton CNWH63179: Assigned=Received, Actual=Received, ReceivedQty=10
[2026-04-23 16:22:09] INFO: ASN WMS-ASN-EXT-00004 Carton CNWH63180: Assigned=Received, Actual=Received, ReceivedQty=10
[2026-04-23 16:22:09] INFO: ASN WMS-ASN-EXT-00004 Carton CNWH63196: Assigned=Received, Actual=Received, ReceivedQty=10
[2026-04-23 16:22:09] INFO: ASN WMS-ASN-EXT-00004 Carton CNWH63197: Assigned=Received, Actual=Received, ReceivedQty=10
[2026-04-23 16:22:09] INFO: ASN WMS-ASN-EXT-00004 Carton CNWH63198: Assigned=Received, Actual=Received, ReceivedQty=10
[2026-04-23 16:22:09] INFO: ASN WMS-ASN-EXT-00004 Carton CNWH63199: Assigned=Received, Actual=Received, ReceivedQty=10
[2026-04-23 16:22:09] INFO: ASN WMS-ASN-EXT-00004 Carton CNWH63200: Assigned=Received, Actual=Received, ReceivedQty=10
[2026-04-23 16:22:09] INFO: ASN WMS-ASN-EXT-00004 Carton CNWH63266: Assigned=Received, Actual=Received, ReceivedQty=10
[2026-04-23 16:22:09] INFO: ASN WMS-ASN-EXT-00004 Carton CNWH63268: Assigned=Received, Actual=Received, ReceivedQty=10
[2026-04-23 16:22:09] INFO: ASN WMS-ASN-EXT-00004 Carton CNWH63269: Assigned=Received, Actual=Received, ReceivedQty=10
[2026-04-23 16:22:09] INFO: ASN WMS-ASN-EXT-00004 Carton CNWH63270: Assigned=Received, Actual=Received, ReceivedQty=10
[2026-04-23 16:22:09] INFO: ASN WMS-ASN-EXT-00004 Carton CNWH63271: Assigned=Received, Actual=Received, ReceivedQty=10
[2026-04-23 16:22:09] INFO: ASN WMS-ASN-EXT-00004 Carton CNWH63272: Assigned=Received, Actual=Received, ReceivedQty=10
[2026-04-23 16:22:09] INFO: ASN WMS-ASN-EXT-00004 Carton CNWH63275: Assigned=Received, Actual=Received, ReceivedQty=10
[2026-04-23 16:22:09] INFO: ASN WMS-ASN-EXT-00004 Carton CNWH63277: Assigned=Received, Actual=Received, ReceivedQty=10
[2026-04-23 16:22:09] INFO: ASN WMS-ASN-EXT-00004 Carton CNWH63280: Assigned=Received, Actual=Received, ReceivedQty=10
[2026-04-23 16:22:09] INFO: ASN WMS-ASN-EXT-00004 Carton CNWH63282: Assigned=Received, Actual=Received, ReceivedQty=10
[2026-04-23 16:22:09] INFO: ASN WMS-ASN-EXT-00004 Carton CNWH63283: Assigned=Received, Actual=Received, ReceivedQty=10
[2026-04-23 16:22:09] INFO: ASN WMS-ASN-EXT-00004 Carton CNWH63284: Assigned=Received, Actual=Received, ReceivedQty=10
[2026-04-23 16:22:09] INFO: ASN WMS-ASN-EXT-00004 Carton CNWH63285: Assigned=Received, Actual=Received, ReceivedQty=10
[2026-04-23 16:22:09] INFO: ASN WMS-ASN-EXT-00004 Carton CNWH63286: Assigned=Received, Actual=Received, ReceivedQty=10
[2026-04-23 16:22:09] INFO: ASN WMS-ASN-EXT-00004 Carton CNWH63287: Assigned=Received, Actual=Received, ReceivedQty=10
[2026-04-23 16:22:09] INFO: ASN WMS-ASN-EXT-00004 Carton CNWH63288: Assigned=Received, Actual=Received, ReceivedQty=10
[2026-04-23 16:22:09] INFO: ASN WMS-ASN-EXT-00004 Carton CNWH63289: Assigned=Received, Actual=Received, ReceivedQty=10
[2026-04-23 16:22:09] INFO: ASN WMS-ASN-EXT-00004 Carton CNWH63441: Assigned=Received, Actual=Received, ReceivedQty=10
[2026-04-23 16:22:09] INFO: ASN WMS-ASN-EXT-00004 Carton CNWH63442: Assigned=Received, Actual=Received, ReceivedQty=10
[2026-04-23 16:22:09] INFO: ASN WMS-ASN-EXT-00004 Carton CNWH65363: Assigned=Received, Actual=Received, ReceivedQty=10
[2026-04-23 16:22:09] INFO: ASN WMS-ASN-EXT-00004 Carton CNWH63502: Assigned=Received, Actual=Received, ReceivedQty=10
[2026-04-23 16:22:09] INFO: ASN WMS-ASN-EXT-00004 Carton CNWH63502: Assigned=Received, Actual=Received, ReceivedQty=10
[2026-04-23 16:22:09] INFO: ASN WMS-ASN-EXT-00004 Carton CNWH64607: Assigned=Received, Actual=Received, ReceivedQty=10
[2026-04-23 16:22:10] INFO: ASN ASN-0001 Carton CNWH12858: Assigned=Assigned, Actual=Assigned, ReceivedQty=0
[2026-04-23 16:22:10] INFO: ASN ASN-0001 Carton CNWH12854: Assigned=Assigned, Actual=Assigned, ReceivedQty=0
[2026-04-23 16:22:10] INFO: ASN ASN-0001 Carton CNWH15390: Assigned=Assigned, Actual=Assigned, ReceivedQty=0
[2026-04-23 16:22:10] INFO: ASN ASN-0001 Carton CNWH42441: Assigned=Assigned, Actual=Assigned, ReceivedQty=0
[2026-04-23 16:22:10] INFO: ASN ASN-0001 Carton CNWH64571: Assigned=Assigned, Actual=Assigned, ReceivedQty=0
[2026-04-23 16:22:10] INFO: ASN ASN-0001 Carton CNWH64521: Assigned=Assigned, Actual=Assigned, ReceivedQty=0
[2026-04-23 16:22:10] INFO: ASN ASN-0001 Carton CNWH63561: Assigned=Assigned, Actual=Assigned, ReceivedQty=0
[2026-04-23 16:22:10] INFO: ASN ASN-0001 Carton CNWH63609: Assigned=Assigned, Actual=Assigned, ReceivedQty=0
[2026-04-23 16:22:10] INFO: ASN WMS-ASN-EXT-00004 Carton CNWH63179: Assigned=Received, Actual=Received, ReceivedQty=10
[2026-04-23 16:22:10] INFO: ASN WMS-ASN-EXT-00004 Carton CNWH63180: Assigned=Received, Actual=Received, ReceivedQty=10
[2026-04-23 16:22:10] INFO: ASN WMS-ASN-EXT-00004 Carton CNWH63196: Assigned=Received, Actual=Received, ReceivedQty=10
[2026-04-23 16:22:10] INFO: ASN WMS-ASN-EXT-00004 Carton CNWH63197: Assigned=Received, Actual=Received, ReceivedQty=10
[2026-04-23 16:22:10] INFO: ASN WMS-ASN-EXT-00004 Carton CNWH63198: Assigned=Received, Actual=Received, ReceivedQty=10
[2026-04-23 16:22:10] INFO: ASN WMS-ASN-EXT-00004 Carton CNWH63199: Assigned=Received, Actual=Received, ReceivedQty=10
[2026-04-23 16:22:10] INFO: ASN WMS-ASN-EXT-00004 Carton CNWH63200: Assigned=Received, Actual=Received, ReceivedQty=10
[2026-04-23 16:22:10] INFO: ASN WMS-ASN-EXT-00004 Carton CNWH63266: Assigned=Received, Actual=Received, ReceivedQty=10
[2026-04-23 16:22:10] INFO: ASN WMS-ASN-EXT-00004 Carton CNWH63268: Assigned=Received, Actual=Received, ReceivedQty=10
[2026-04-23 16:22:10] INFO: ASN WMS-ASN-EXT-00004 Carton CNWH63269: Assigned=Received, Actual=Received, ReceivedQty=10
[2026-04-23 16:22:10] INFO: ASN WMS-ASN-EXT-00004 Carton CNWH63270: Assigned=Received, Actual=Received, ReceivedQty=10
[2026-04-23 16:22:10] INFO: ASN WMS-ASN-EXT-00004 Carton CNWH63271: Assigned=Received, Actual=Received, ReceivedQty=10
[2026-04-23 16:22:10] INFO: ASN WMS-ASN-EXT-00004 Carton CNWH63272: Assigned=Received, Actual=Received, ReceivedQty=10
[2026-04-23 16:22:10] INFO: ASN WMS-ASN-EXT-00004 Carton CNWH63275: Assigned=Received, Actual=Received, ReceivedQty=10
[2026-04-23 16:22:10] INFO: ASN WMS-ASN-EXT-00004 Carton CNWH63277: Assigned=Received, Actual=Received, ReceivedQty=10
[2026-04-23 16:22:10] INFO: ASN WMS-ASN-EXT-00004 Carton CNWH63280: Assigned=Received, Actual=Received, ReceivedQty=10
[2026-04-23 16:22:10] INFO: ASN WMS-ASN-EXT-00004 Carton CNWH63282: Assigned=Received, Actual=Received, ReceivedQty=10
[2026-04-23 16:22:10] INFO: ASN WMS-ASN-EXT-00004 Carton CNWH63283: Assigned=Received, Actual=Received, ReceivedQty=10
[2026-04-23 16:22:10] INFO: ASN WMS-ASN-EXT-00004 Carton CNWH63284: Assigned=Received, Actual=Received, ReceivedQty=10
[2026-04-23 16:22:10] INFO: ASN WMS-ASN-EXT-00004 Carton CNWH63285: Assigned=Received, Actual=Received, ReceivedQty=10
[2026-04-23 16:22:10] INFO: ASN WMS-ASN-EXT-00004 Carton CNWH63286: Assigned=Received, Actual=Received, ReceivedQty=10
[2026-04-23 16:22:10] INFO: ASN WMS-ASN-EXT-00004 Carton CNWH63287: Assigned=Received, Actual=Received, ReceivedQty=10
[2026-04-23 16:22:10] INFO: ASN WMS-ASN-EXT-00004 Carton CNWH63288: Assigned=Received, Actual=Received, ReceivedQty=10
[2026-04-23 16:22:10] INFO: ASN WMS-ASN-EXT-00004 Carton CNWH63289: Assigned=Received, Actual=Received, ReceivedQty=10
[2026-04-23 16:22:10] INFO: ASN WMS-ASN-EXT-00004 Carton CNWH63441: Assigned=Received, Actual=Received, ReceivedQty=10
[2026-04-23 16:22:10] INFO: ASN WMS-ASN-EXT-00004 Carton CNWH63442: Assigned=Received, Actual=Received, ReceivedQty=10
[2026-04-23 16:22:10] INFO: ASN WMS-ASN-EXT-00004 Carton CNWH63444: Assigned=Received, Actual=Received, ReceivedQty=10
[2026-04-23 16:22:10] INFO: ASN WMS-ASN-EXT-00004 Carton CNWH63446: Assigned=Received, Actual=Received, ReceivedQty=10
[2026-04-23 16:22:10] INFO: ASN WMS-ASN-EXT-00004 Carton CNWH63448: Assigned=Received, Actual=Received, ReceivedQty=10
[2026-04-23 16:22:10] INFO: ASN WMS-ASN-EXT-00004 Carton CNWH65363: Assigned=Received, Actual=Received, ReceivedQty=10
[2026-04-23 16:22:10] INFO: ASN WMS-ASN-EXT-00004 Carton CNWH63179: Assigned=Received, Actual=Received, ReceivedQty=10
[2026-04-23 16:22:10] INFO: ASN WMS-ASN-EXT-00004 Carton CNWH63180: Assigned=Received, Actual=Received, ReceivedQty=10
[2026-04-23 16:22:10] INFO: ASN WMS-ASN-EXT-00004 Carton CNWH63196: Assigned=Received, Actual=Received, ReceivedQty=10
[2026-04-23 16:22:10] INFO: ASN WMS-ASN-EXT-00004 Carton CNWH63197: Assigned=Received, Actual=Received, ReceivedQty=10
[2026-04-23 16:22:10] INFO: ASN WMS-ASN-EXT-00004 Carton CNWH63198: Assigned=Received, Actual=Received, ReceivedQty=10
[2026-04-23 16:22:10] INFO: ASN WMS-ASN-EXT-00004 Carton CNWH63199: Assigned=Received, Actual=Received, ReceivedQty=10
[2026-04-23 16:22:10] INFO: ASN WMS-ASN-EXT-00004 Carton CNWH63200: Assigned=Received, Actual=Received, ReceivedQty=10
[2026-04-23 16:22:10] INFO: ASN WMS-ASN-EXT-00004 Carton CNWH63266: Assigned=Received, Actual=Received, ReceivedQty=10
[2026-04-23 16:22:10] INFO: ASN WMS-ASN-EXT-00004 Carton CNWH63268: Assigned=Received, Actual=Received, ReceivedQty=10
[2026-04-23 16:22:10] INFO: ASN WMS-ASN-EXT-00004 Carton CNWH63269: Assigned=Received, Actual=Received, ReceivedQty=10
[2026-04-23 16:22:10] INFO: ASN WMS-ASN-EXT-00004 Carton CNWH63270: Assigned=Received, Actual=Received, ReceivedQty=10
[2026-04-23 16:22:10] INFO: ASN WMS-ASN-EXT-00004 Carton CNWH63271: Assigned=Received, Actual=Received, ReceivedQty=10
[2026-04-23 16:22:10] INFO: ASN WMS-ASN-EXT-00004 Carton CNWH63272: Assigned=Received, Actual=Received, ReceivedQty=10
[2026-04-23 16:22:10] INFO: ASN WMS-ASN-EXT-00004 Carton CNWH63275: Assigned=Received, Actual=Received, ReceivedQty=10
[2026-04-23 16:22:10] INFO: ASN WMS-ASN-EXT-00004 Carton CNWH63277: Assigned=Received, Actual=Received, ReceivedQty=10
[2026-04-23 16:22:10] INFO: ASN WMS-ASN-EXT-00004 Carton CNWH63280: Assigned=Received, Actual=Received, ReceivedQty=10
[2026-04-23 16:22:10] INFO: ASN WMS-ASN-EXT-00004 Carton CNWH63282: Assigned=Received, Actual=Received, ReceivedQty=10
[2026-04-23 16:22:10] INFO: ASN WMS-ASN-EXT-00004 Carton CNWH63283: Assigned=Received, Actual=Received, ReceivedQty=10
[2026-04-23 16:22:10] INFO: ASN WMS-ASN-EXT-00004 Carton CNWH63284: Assigned=Received, Actual=Received, ReceivedQty=10
[2026-04-23 16:22:10] INFO: ASN WMS-ASN-EXT-00004 Carton CNWH63285: Assigned=Received, Actual=Received, ReceivedQty=10
[2026-04-23 16:22:10] INFO: ASN WMS-ASN-EXT-00004 Carton CNWH63286: Assigned=Received, Actual=Received, ReceivedQty=10
[2026-04-23 16:22:10] INFO: ASN WMS-ASN-EXT-00004 Carton CNWH63287: Assigned=Received, Actual=Received, ReceivedQty=10
[2026-04-23 16:22:10] INFO: ASN WMS-ASN-EXT-00004 Carton CNWH63288: Assigned=Received, Actual=Received, ReceivedQty=10
[2026-04-23 16:22:10] INFO: ASN WMS-ASN-EXT-00004 Carton CNWH63289: Assigned=Received, Actual=Received, ReceivedQty=10
[2026-04-23 16:22:10] INFO: ASN WMS-ASN-EXT-00004 Carton CNWH63441: Assigned=Received, Actual=Received, ReceivedQty=10
[2026-04-23 16:22:10] INFO: ASN WMS-ASN-EXT-00004 Carton CNWH63442: Assigned=Received, Actual=Received, ReceivedQty=10
[2026-04-23 16:22:10] INFO: ASN WMS-ASN-EXT-00004 Carton CNWH65363: Assigned=Received, Actual=Received, ReceivedQty=10
[2026-04-23 16:22:10] INFO: ASN WMS-ASN-EXT-00004 Carton CNWH63502: Assigned=Received, Actual=Received, ReceivedQty=10
[2026-04-23 16:22:10] INFO: ASN WMS-ASN-EXT-00004 Carton CNWH63502: Assigned=Received, Actual=Received, ReceivedQty=10
[2026-04-23 16:22:10] INFO: ASN WMS-ASN-EXT-00004 Carton CNWH64607: Assigned=Received, Actual=Received, ReceivedQty=10
[2026-04-23 16:22:10] INFO: ASN ASN-0001 Carton CNWH12858: Assigned=Assigned, Actual=Assigned, ReceivedQty=0
[2026-04-23 16:22:10] INFO: ASN ASN-0001 Carton CNWH12854: Assigned=Assigned, Actual=Assigned, ReceivedQty=0
[2026-04-23 16:22:10] INFO: ASN ASN-0001 Carton CNWH15390: Assigned=Assigned, Actual=Assigned, ReceivedQty=0
[2026-04-23 16:22:10] INFO: ASN ASN-0001 Carton CNWH42441: Assigned=Assigned, Actual=Assigned, ReceivedQty=0
[2026-04-23 16:22:10] INFO: ASN ASN-0001 Carton CNWH64571: Assigned=Assigned, Actual=Assigned, ReceivedQty=0
[2026-04-23 16:22:10] INFO: ASN ASN-0001 Carton CNWH64521: Assigned=Assigned, Actual=Assigned, ReceivedQty=0
[2026-04-23 16:22:10] INFO: ASN ASN-0001 Carton CNWH63561: Assigned=Assigned, Actual=Assigned, ReceivedQty=0
[2026-04-23 16:22:10] INFO: ASN ASN-0001 Carton CNWH63609: Assigned=Assigned, Actual=Assigned, ReceivedQty=0
[2026-04-23 16:22:10] INFO: ASN WMS-ASN-EXT-00004 Carton CNWH63179: Assigned=Received, Actual=Received, ReceivedQty=10
[2026-04-23 16:22:10] INFO: ASN WMS-ASN-EXT-00004 Carton CNWH63180: Assigned=Received, Actual=Received, ReceivedQty=10
[2026-04-23 16:22:10] INFO: ASN WMS-ASN-EXT-00004 Carton CNWH63196: Assigned=Received, Actual=Received, ReceivedQty=10
[2026-04-23 16:22:10] INFO: ASN WMS-ASN-EXT-00004 Carton CNWH63197: Assigned=Received, Actual=Received, ReceivedQty=10
[2026-04-23 16:22:10] INFO: ASN WMS-ASN-EXT-00004 Carton CNWH63198: Assigned=Received, Actual=Received, ReceivedQty=10
[2026-04-23 16:22:10] INFO: ASN WMS-ASN-EXT-00004 Carton CNWH63199: Assigned=Received, Actual=Received, ReceivedQty=10
[2026-04-23 16:22:10] INFO: ASN WMS-ASN-EXT-00004 Carton CNWH63200: Assigned=Received, Actual=Received, ReceivedQty=10
[2026-04-23 16:22:10] INFO: ASN WMS-ASN-EXT-00004 Carton CNWH63266: Assigned=Received, Actual=Received, ReceivedQty=10
[2026-04-23 16:22:10] INFO: ASN WMS-ASN-EXT-00004 Carton CNWH63268: Assigned=Received, Actual=Received, ReceivedQty=10
[2026-04-23 16:22:10] INFO: ASN WMS-ASN-EXT-00004 Carton CNWH63269: Assigned=Received, Actual=Received, ReceivedQty=10
[2026-04-23 16:22:10] INFO: ASN WMS-ASN-EXT-00004 Carton CNWH63270: Assigned=Received, Actual=Received, ReceivedQty=10
[2026-04-23 16:22:10] INFO: ASN WMS-ASN-EXT-00004 Carton CNWH63271: Assigned=Received, Actual=Received, ReceivedQty=10
[2026-04-23 16:22:10] INFO: ASN WMS-ASN-EXT-00004 Carton CNWH63272: Assigned=Received, Actual=Received, ReceivedQty=10
[2026-04-23 16:22:10] INFO: ASN WMS-ASN-EXT-00004 Carton CNWH63275: Assigned=Received, Actual=Received, ReceivedQty=10
[2026-04-23 16:22:10] INFO: ASN WMS-ASN-EXT-00004 Carton CNWH63277: Assigned=Received, Actual=Received, ReceivedQty=10
[2026-04-23 16:22:10] INFO: ASN WMS-ASN-EXT-00004 Carton CNWH63280: Assigned=Received, Actual=Received, ReceivedQty=10
[2026-04-23 16:22:10] INFO: ASN WMS-ASN-EXT-00004 Carton CNWH63282: Assigned=Received, Actual=Received, ReceivedQty=10
[2026-04-23 16:22:10] INFO: ASN WMS-ASN-EXT-00004 Carton CNWH63283: Assigned=Received, Actual=Received, ReceivedQty=10
[2026-04-23 16:22:10] INFO: ASN WMS-ASN-EXT-00004 Carton CNWH63284: Assigned=Received, Actual=Received, ReceivedQty=10
[2026-04-23 16:22:10] INFO: ASN WMS-ASN-EXT-00004 Carton CNWH63285: Assigned=Received, Actual=Received, ReceivedQty=10
[2026-04-23 16:22:10] INFO: ASN WMS-ASN-EXT-00004 Carton CNWH63286: Assigned=Received, Actual=Received, ReceivedQty=10
[2026-04-23 16:22:10] INFO: ASN WMS-ASN-EXT-00004 Carton CNWH63287: Assigned=Received, Actual=Received, ReceivedQty=10
[2026-04-23 16:22:10] INFO: ASN WMS-ASN-EXT-00004 Carton CNWH63288: Assigned=Received, Actual=Received, ReceivedQty=10
[2026-04-23 16:22:10] INFO: ASN WMS-ASN-EXT-00004 Carton CNWH63289: Assigned=Received, Actual=Received, ReceivedQty=10
[2026-04-23 16:22:10] INFO: ASN WMS-ASN-EXT-00004 Carton CNWH63441: Assigned=Received, Actual=Received, ReceivedQty=10
[2026-04-23 16:22:10] INFO: ASN WMS-ASN-EXT-00004 Carton CNWH63442: Assigned=Received, Actual=Received, ReceivedQty=10
[2026-04-23 16:22:10] INFO: ASN WMS-ASN-EXT-00004 Carton CNWH63444: Assigned=Received, Actual=Received, ReceivedQty=10
[2026-04-23 16:22:10] INFO: ASN WMS-ASN-EXT-00004 Carton CNWH63446: Assigned=Received, Actual=Received, ReceivedQty=10
[2026-04-23 16:22:10] INFO: ASN WMS-ASN-EXT-00004 Carton CNWH63448: Assigned=Received, Actual=Received, ReceivedQty=10
[2026-04-23 16:22:10] INFO: ASN WMS-ASN-EXT-00004 Carton CNWH65363: Assigned=Received, Actual=Received, ReceivedQty=10
[2026-04-23 16:22:10] INFO: ASN WMS-ASN-EXT-00004 Carton CNWH63179: Assigned=Received, Actual=Received, ReceivedQty=10
[2026-04-23 16:22:10] INFO: ASN WMS-ASN-EXT-00004 Carton CNWH63180: Assigned=Received, Actual=Received, ReceivedQty=10
[2026-04-23 16:22:10] INFO: ASN WMS-ASN-EXT-00004 Carton CNWH63196: Assigned=Received, Actual=Received, ReceivedQty=10
[2026-04-23 16:22:10] INFO: ASN WMS-ASN-EXT-00004 Carton CNWH63197: Assigned=Received, Actual=Received, ReceivedQty=10
[2026-04-23 16:22:10] INFO: ASN WMS-ASN-EXT-00004 Carton CNWH63198: Assigned=Received, Actual=Received, ReceivedQty=10
[2026-04-23 16:22:10] INFO: ASN WMS-ASN-EXT-00004 Carton CNWH63199: Assigned=Received, Actual=Received, ReceivedQty=10
[2026-04-23 16:22:10] INFO: ASN WMS-ASN-EXT-00004 Carton CNWH63200: Assigned=Received, Actual=Received, ReceivedQty=10
[2026-04-23 16:22:10] INFO: ASN WMS-ASN-EXT-00004 Carton CNWH63266: Assigned=Received, Actual=Received, ReceivedQty=10
[2026-04-23 16:22:10] INFO: ASN WMS-ASN-EXT-00004 Carton CNWH63268: Assigned=Received, Actual=Received, ReceivedQty=10
[2026-04-23 16:22:10] INFO: ASN WMS-ASN-EXT-00004 Carton CNWH63269: Assigned=Received, Actual=Received, ReceivedQty=10
[2026-04-23 16:22:10] INFO: ASN WMS-ASN-EXT-00004 Carton CNWH63270: Assigned=Received, Actual=Received, ReceivedQty=10
[2026-04-23 16:22:10] INFO: ASN WMS-ASN-EXT-00004 Carton CNWH63271: Assigned=Received, Actual=Received, ReceivedQty=10
[2026-04-23 16:22:10] INFO: ASN WMS-ASN-EXT-00004 Carton CNWH63272: Assigned=Received, Actual=Received, ReceivedQty=10
[2026-04-23 16:22:10] INFO: ASN WMS-ASN-EXT-00004 Carton CNWH63275: Assigned=Received, Actual=Received, ReceivedQty=10
[2026-04-23 16:22:10] INFO: ASN WMS-ASN-EXT-00004 Carton CNWH63277: Assigned=Received, Actual=Received, ReceivedQty=10
[2026-04-23 16:22:10] INFO: ASN WMS-ASN-EXT-00004 Carton CNWH63280: Assigned=Received, Actual=Received, ReceivedQty=10
[2026-04-23 16:22:10] INFO: ASN WMS-ASN-EXT-00004 Carton CNWH63282: Assigned=Received, Actual=Received, ReceivedQty=10
[2026-04-23 16:22:10] INFO: ASN WMS-ASN-EXT-00004 Carton CNWH63283: Assigned=Received, Actual=Received, ReceivedQty=10
[2026-04-23 16:22:10] INFO: ASN WMS-ASN-EXT-00004 Carton CNWH63284: Assigned=Received, Actual=Received, ReceivedQty=10
[2026-04-23 16:22:10] INFO: ASN WMS-ASN-EXT-00004 Carton CNWH63285: Assigned=Received, Actual=Received, ReceivedQty=10
[2026-04-23 16:22:10] INFO: ASN WMS-ASN-EXT-00004 Carton CNWH63286: Assigned=Received, Actual=Received, ReceivedQty=10
[2026-04-23 16:22:10] INFO: ASN WMS-ASN-EXT-00004 Carton CNWH63287: Assigned=Received, Actual=Received, ReceivedQty=10
[2026-04-23 16:22:10] INFO: ASN WMS-ASN-EXT-00004 Carton CNWH63288: Assigned=Received, Actual=Received, ReceivedQty=10
[2026-04-23 16:22:10] INFO: ASN WMS-ASN-EXT-00004 Carton CNWH63289: Assigned=Received, Actual=Received, ReceivedQty=10
[2026-04-23 16:22:10] INFO: ASN WMS-ASN-EXT-00004 Carton CNWH63441: Assigned=Received, Actual=Received, ReceivedQty=10
[2026-04-23 16:22:10] INFO: ASN WMS-ASN-EXT-00004 Carton CNWH63442: Assigned=Received, Actual=Received, ReceivedQty=10
[2026-04-23 16:22:10] INFO: ASN WMS-ASN-EXT-00004 Carton CNWH65363: Assigned=Received, Actual=Received, ReceivedQty=10
[2026-04-23 16:22:10] INFO: ASN WMS-ASN-EXT-00004 Carton CNWH63502: Assigned=Received, Actual=Received, ReceivedQty=10
[2026-04-23 16:22:10] INFO: ASN WMS-ASN-EXT-00004 Carton CNWH63502: Assigned=Received, Actual=Received, ReceivedQty=10
[2026-04-23 16:22:10] INFO: ASN WMS-ASN-EXT-00004 Carton CNWH64607: Assigned=Received, Actual=Received, ReceivedQty=10
[2026-04-23 16:22:13] INFO: ASN ASN-0001 Carton CNWH12858: Assigned=Assigned, Actual=Assigned, ReceivedQty=0
[2026-04-23 16:22:13] INFO: ASN ASN-0001 Carton CNWH12854: Assigned=Assigned, Actual=Assigned, ReceivedQty=0
[2026-04-23 16:22:13] INFO: ASN ASN-0001 Carton CNWH15390: Assigned=Assigned, Actual=Assigned, ReceivedQty=0
[2026-04-23 16:22:13] INFO: ASN ASN-0001 Carton CNWH42441: Assigned=Assigned, Actual=Assigned, ReceivedQty=0
[2026-04-23 16:22:13] INFO: ASN ASN-0001 Carton CNWH64571: Assigned=Assigned, Actual=Assigned, ReceivedQty=0
[2026-04-23 16:22:13] INFO: ASN ASN-0001 Carton CNWH64521: Assigned=Assigned, Actual=Assigned, ReceivedQty=0
[2026-04-23 16:22:13] INFO: ASN ASN-0001 Carton CNWH63561: Assigned=Assigned, Actual=Assigned, ReceivedQty=0
[2026-04-23 16:22:13] INFO: ASN ASN-0001 Carton CNWH63609: Assigned=Assigned, Actual=Assigned, ReceivedQty=0
[2026-04-23 16:22:13] INFO: ASN WMS-ASN-EXT-00004 Carton CNWH63179: Assigned=Received, Actual=Received, ReceivedQty=10
[2026-04-23 16:22:13] INFO: ASN WMS-ASN-EXT-00004 Carton CNWH63180: Assigned=Received, Actual=Received, ReceivedQty=10
[2026-04-23 16:22:13] INFO: ASN WMS-ASN-EXT-00004 Carton CNWH63196: Assigned=Received, Actual=Received, ReceivedQty=10
[2026-04-23 16:22:13] INFO: ASN WMS-ASN-EXT-00004 Carton CNWH63197: Assigned=Received, Actual=Received, ReceivedQty=10
[2026-04-23 16:22:13] INFO: ASN WMS-ASN-EXT-00004 Carton CNWH63198: Assigned=Received, Actual=Received, ReceivedQty=10
[2026-04-23 16:22:13] INFO: ASN WMS-ASN-EXT-00004 Carton CNWH63199: Assigned=Received, Actual=Received, ReceivedQty=10
[2026-04-23 16:22:13] INFO: ASN WMS-ASN-EXT-00004 Carton CNWH63200: Assigned=Received, Actual=Received, ReceivedQty=10
[2026-04-23 16:22:13] INFO: ASN WMS-ASN-EXT-00004 Carton CNWH63266: Assigned=Received, Actual=Received, ReceivedQty=10
[2026-04-23 16:22:13] INFO: ASN WMS-ASN-EXT-00004 Carton CNWH63268: Assigned=Received, Actual=Received, ReceivedQty=10
[2026-04-23 16:22:13] INFO: ASN WMS-ASN-EXT-00004 Carton CNWH63269: Assigned=Received, Actual=Received, ReceivedQty=10
[2026-04-23 16:22:13] INFO: ASN WMS-ASN-EXT-00004 Carton CNWH63270: Assigned=Received, Actual=Received, ReceivedQty=10
[2026-04-23 16:22:13] INFO: ASN WMS-ASN-EXT-00004 Carton CNWH63271: Assigned=Received, Actual=Received, ReceivedQty=10
[2026-04-23 16:22:13] INFO: ASN WMS-ASN-EXT-00004 Carton CNWH63272: Assigned=Received, Actual=Received, ReceivedQty=10
[2026-04-23 16:22:13] INFO: ASN WMS-ASN-EXT-00004 Carton CNWH63275: Assigned=Received, Actual=Received, ReceivedQty=10
[2026-04-23 16:22:13] INFO: ASN WMS-ASN-EXT-00004 Carton CNWH63277: Assigned=Received, Actual=Received, ReceivedQty=10
[2026-04-23 16:22:13] INFO: ASN WMS-ASN-EXT-00004 Carton CNWH63280: Assigned=Received, Actual=Received, ReceivedQty=10
[2026-04-23 16:22:13] INFO: ASN WMS-ASN-EXT-00004 Carton CNWH63282: Assigned=Received, Actual=Received, ReceivedQty=10
[2026-04-23 16:22:13] INFO: ASN WMS-ASN-EXT-00004 Carton CNWH63283: Assigned=Received, Actual=Received, ReceivedQty=10
[2026-04-23 16:22:13] INFO: ASN WMS-ASN-EXT-00004 Carton CNWH63284: Assigned=Received, Actual=Received, ReceivedQty=10
[2026-04-23 16:22:13] INFO: ASN WMS-ASN-EXT-00004 Carton CNWH63285: Assigned=Received, Actual=Received, ReceivedQty=10
[2026-04-23 16:22:13] INFO: ASN WMS-ASN-EXT-00004 Carton CNWH63286: Assigned=Received, Actual=Received, ReceivedQty=10
[2026-04-23 16:22:13] INFO: ASN WMS-ASN-EXT-00004 Carton CNWH63287: Assigned=Received, Actual=Received, ReceivedQty=10
[2026-04-23 16:22:13] INFO: ASN WMS-ASN-EXT-00004 Carton CNWH63288: Assigned=Received, Actual=Received, ReceivedQty=10
[2026-04-23 16:22:13] INFO: ASN WMS-ASN-EXT-00004 Carton CNWH63289: Assigned=Received, Actual=Received, ReceivedQty=10
[2026-04-23 16:22:13] INFO: ASN WMS-ASN-EXT-00004 Carton CNWH63441: Assigned=Received, Actual=Received, ReceivedQty=10
[2026-04-23 16:22:13] INFO: ASN WMS-ASN-EXT-00004 Carton CNWH63442: Assigned=Received, Actual=Received, ReceivedQty=10
[2026-04-23 16:22:13] INFO: ASN WMS-ASN-EXT-00004 Carton CNWH63444: Assigned=Received, Actual=Received, ReceivedQty=10
[2026-04-23 16:22:13] INFO: ASN WMS-ASN-EXT-00004 Carton CNWH63446: Assigned=Received, Actual=Received, ReceivedQty=10
[2026-04-23 16:22:13] INFO: ASN WMS-ASN-EXT-00004 Carton CNWH63448: Assigned=Received, Actual=Received, ReceivedQty=10
[2026-04-23 16:22:13] INFO: ASN WMS-ASN-EXT-00004 Carton CNWH65363: Assigned=Received, Actual=Received, ReceivedQty=10
[2026-04-23 16:22:13] INFO: ASN WMS-ASN-EXT-00004 Carton CNWH63179: Assigned=Received, Actual=Received, ReceivedQty=10
[2026-04-23 16:22:13] INFO: ASN WMS-ASN-EXT-00004 Carton CNWH63180: Assigned=Received, Actual=Received, ReceivedQty=10
[2026-04-23 16:22:13] INFO: ASN WMS-ASN-EXT-00004 Carton CNWH63196: Assigned=Received, Actual=Received, ReceivedQty=10
[2026-04-23 16:22:13] INFO: ASN WMS-ASN-EXT-00004 Carton CNWH63197: Assigned=Received, Actual=Received, ReceivedQty=10
[2026-04-23 16:22:13] INFO: ASN WMS-ASN-EXT-00004 Carton CNWH63198: Assigned=Received, Actual=Received, ReceivedQty=10
[2026-04-23 16:22:13] INFO: ASN WMS-ASN-EXT-00004 Carton CNWH63199: Assigned=Received, Actual=Received, ReceivedQty=10
[2026-04-23 16:22:13] INFO: ASN WMS-ASN-EXT-00004 Carton CNWH63200: Assigned=Received, Actual=Received, ReceivedQty=10
[2026-04-23 16:22:13] INFO: ASN WMS-ASN-EXT-00004 Carton CNWH63266: Assigned=Received, Actual=Received, ReceivedQty=10
[2026-04-23 16:22:13] INFO: ASN WMS-ASN-EXT-00004 Carton CNWH63268: Assigned=Received, Actual=Received, ReceivedQty=10
[2026-04-23 16:22:13] INFO: ASN WMS-ASN-EXT-00004 Carton CNWH63269: Assigned=Received, Actual=Received, ReceivedQty=10
[2026-04-23 16:22:13] INFO: ASN WMS-ASN-EXT-00004 Carton CNWH63270: Assigned=Received, Actual=Received, ReceivedQty=10
[2026-04-23 16:22:13] INFO: ASN WMS-ASN-EXT-00004 Carton CNWH63271: Assigned=Received, Actual=Received, ReceivedQty=10
[2026-04-23 16:22:13] INFO: ASN WMS-ASN-EXT-00004 Carton CNWH63272: Assigned=Received, Actual=Received, ReceivedQty=10
[2026-04-23 16:22:13] INFO: ASN WMS-ASN-EXT-00004 Carton CNWH63275: Assigned=Received, Actual=Received, ReceivedQty=10
[2026-04-23 16:22:13] INFO: ASN WMS-ASN-EXT-00004 Carton CNWH63277: Assigned=Received, Actual=Received, ReceivedQty=10
[2026-04-23 16:22:13] INFO: ASN WMS-ASN-EXT-00004 Carton CNWH63280: Assigned=Received, Actual=Received, ReceivedQty=10
[2026-04-23 16:22:13] INFO: ASN WMS-ASN-EXT-00004 Carton CNWH63282: Assigned=Received, Actual=Received, ReceivedQty=10
[2026-04-23 16:22:13] INFO: ASN WMS-ASN-EXT-00004 Carton CNWH63283: Assigned=Received, Actual=Received, ReceivedQty=10
[2026-04-23 16:22:13] INFO: ASN WMS-ASN-EXT-00004 Carton CNWH63284: Assigned=Received, Actual=Received, ReceivedQty=10
[2026-04-23 16:22:13] INFO: ASN WMS-ASN-EXT-00004 Carton CNWH63285: Assigned=Received, Actual=Received, ReceivedQty=10
[2026-04-23 16:22:13] INFO: ASN WMS-ASN-EXT-00004 Carton CNWH63286: Assigned=Received, Actual=Received, ReceivedQty=10
[2026-04-23 16:22:13] INFO: ASN WMS-ASN-EXT-00004 Carton CNWH63287: Assigned=Received, Actual=Received, ReceivedQty=10
[2026-04-23 16:22:13] INFO: ASN WMS-ASN-EXT-00004 Carton CNWH63288: Assigned=Received, Actual=Received, ReceivedQty=10
[2026-04-23 16:22:13] INFO: ASN WMS-ASN-EXT-00004 Carton CNWH63289: Assigned=Received, Actual=Received, ReceivedQty=10
[2026-04-23 16:22:13] INFO: ASN WMS-ASN-EXT-00004 Carton CNWH63441: Assigned=Received, Actual=Received, ReceivedQty=10
[2026-04-23 16:22:13] INFO: ASN WMS-ASN-EXT-00004 Carton CNWH63442: Assigned=Received, Actual=Received, ReceivedQty=10
[2026-04-23 16:22:13] INFO: ASN WMS-ASN-EXT-00004 Carton CNWH65363: Assigned=Received, Actual=Received, ReceivedQty=10
[2026-04-23 16:22:13] INFO: ASN WMS-ASN-EXT-00004 Carton CNWH63502: Assigned=Received, Actual=Received, ReceivedQty=10
[2026-04-23 16:22:13] INFO: ASN WMS-ASN-EXT-00004 Carton CNWH63502: Assigned=Received, Actual=Received, ReceivedQty=10
[2026-04-23 16:22:13] INFO: ASN WMS-ASN-EXT-00004 Carton CNWH64607: Assigned=Received, Actual=Received, ReceivedQty=10
[2026-04-23 16:22:13] INFO: ASN ASN-0001 Carton CNWH12858: Assigned=Assigned, Actual=Assigned, ReceivedQty=0
[2026-04-23 16:22:13] INFO: ASN ASN-0001 Carton CNWH12854: Assigned=Assigned, Actual=Assigned, ReceivedQty=0
[2026-04-23 16:22:13] INFO: ASN ASN-0001 Carton CNWH15390: Assigned=Assigned, Actual=Assigned, ReceivedQty=0
[2026-04-23 16:22:13] INFO: ASN ASN-0001 Carton CNWH42441: Assigned=Assigned, Actual=Assigned, ReceivedQty=0
[2026-04-23 16:22:13] INFO: ASN ASN-0001 Carton CNWH64571: Assigned=Assigned, Actual=Assigned, ReceivedQty=0
[2026-04-23 16:22:13] INFO: ASN ASN-0001 Carton CNWH64521: Assigned=Assigned, Actual=Assigned, ReceivedQty=0
[2026-04-23 16:22:13] INFO: ASN ASN-0001 Carton CNWH63561: Assigned=Assigned, Actual=Assigned, ReceivedQty=0
[2026-04-23 16:22:13] INFO: ASN ASN-0001 Carton CNWH63609: Assigned=Assigned, Actual=Assigned, ReceivedQty=0
[2026-04-23 16:22:13] INFO: ASN WMS-ASN-EXT-00004 Carton CNWH63179: Assigned=Received, Actual=Received, ReceivedQty=10
[2026-04-23 16:22:13] INFO: ASN WMS-ASN-EXT-00004 Carton CNWH63180: Assigned=Received, Actual=Received, ReceivedQty=10
[2026-04-23 16:22:13] INFO: ASN WMS-ASN-EXT-00004 Carton CNWH63196: Assigned=Received, Actual=Received, ReceivedQty=10
[2026-04-23 16:22:13] INFO: ASN WMS-ASN-EXT-00004 Carton CNWH63197: Assigned=Received, Actual=Received, ReceivedQty=10
[2026-04-23 16:22:13] INFO: ASN WMS-ASN-EXT-00004 Carton CNWH63198: Assigned=Received, Actual=Received, ReceivedQty=10
[2026-04-23 16:22:13] INFO: ASN WMS-ASN-EXT-00004 Carton CNWH63199: Assigned=Received, Actual=Received, ReceivedQty=10
[2026-04-23 16:22:13] INFO: ASN WMS-ASN-EXT-00004 Carton CNWH63200: Assigned=Received, Actual=Received, ReceivedQty=10
[2026-04-23 16:22:13] INFO: ASN WMS-ASN-EXT-00004 Carton CNWH63266: Assigned=Received, Actual=Received, ReceivedQty=10
[2026-04-23 16:22:13] INFO: ASN WMS-ASN-EXT-00004 Carton CNWH63268: Assigned=Received, Actual=Received, ReceivedQty=10
[2026-04-23 16:22:13] INFO: ASN WMS-ASN-EXT-00004 Carton CNWH63269: Assigned=Received, Actual=Received, ReceivedQty=10
[2026-04-23 16:22:13] INFO: ASN WMS-ASN-EXT-00004 Carton CNWH63270: Assigned=Received, Actual=Received, ReceivedQty=10
[2026-04-23 16:22:13] INFO: ASN WMS-ASN-EXT-00004 Carton CNWH63271: Assigned=Received, Actual=Received, ReceivedQty=10
[2026-04-23 16:22:13] INFO: ASN WMS-ASN-EXT-00004 Carton CNWH63272: Assigned=Received, Actual=Received, ReceivedQty=10
[2026-04-23 16:22:13] INFO: ASN WMS-ASN-EXT-00004 Carton CNWH63275: Assigned=Received, Actual=Received, ReceivedQty=10
[2026-04-23 16:22:13] INFO: ASN WMS-ASN-EXT-00004 Carton CNWH63277: Assigned=Received, Actual=Received, ReceivedQty=10
[2026-04-23 16:22:13] INFO: ASN WMS-ASN-EXT-00004 Carton CNWH63280: Assigned=Received, Actual=Received, ReceivedQty=10
[2026-04-23 16:22:13] INFO: ASN WMS-ASN-EXT-00004 Carton CNWH63282: Assigned=Received, Actual=Received, ReceivedQty=10
[2026-04-23 16:22:13] INFO: ASN WMS-ASN-EXT-00004 Carton CNWH63283: Assigned=Received, Actual=Received, ReceivedQty=10
[2026-04-23 16:22:13] INFO: ASN WMS-ASN-EXT-00004 Carton CNWH63284: Assigned=Received, Actual=Received, ReceivedQty=10
[2026-04-23 16:22:13] INFO: ASN WMS-ASN-EXT-00004 Carton CNWH63285: Assigned=Received, Actual=Received, ReceivedQty=10
[2026-04-23 16:22:13] INFO: ASN WMS-ASN-EXT-00004 Carton CNWH63286: Assigned=Received, Actual=Received, ReceivedQty=10
[2026-04-23 16:22:13] INFO: ASN WMS-ASN-EXT-00004 Carton CNWH63287: Assigned=Received, Actual=Received, ReceivedQty=10
[2026-04-23 16:22:13] INFO: ASN WMS-ASN-EXT-00004 Carton CNWH63288: Assigned=Received, Actual=Received, ReceivedQty=10
[2026-04-23 16:22:13] INFO: ASN WMS-ASN-EXT-00004 Carton CNWH63289: Assigned=Received, Actual=Received, ReceivedQty=10
[2026-04-23 16:22:13] INFO: ASN WMS-ASN-EXT-00004 Carton CNWH63441: Assigned=Received, Actual=Received, ReceivedQty=10
[2026-04-23 16:22:13] INFO: ASN WMS-ASN-EXT-00004 Carton CNWH63442: Assigned=Received, Actual=Received, ReceivedQty=10
[2026-04-23 16:22:13] INFO: ASN WMS-ASN-EXT-00004 Carton CNWH63444: Assigned=Received, Actual=Received, ReceivedQty=10
[2026-04-23 16:22:13] INFO: ASN WMS-ASN-EXT-00004 Carton CNWH63446: Assigned=Received, Actual=Received, ReceivedQty=10
[2026-04-23 16:22:13] INFO: ASN WMS-ASN-EXT-00004 Carton CNWH63448: Assigned=Received, Actual=Received, ReceivedQty=10
[2026-04-23 16:22:13] INFO: ASN WMS-ASN-EXT-00004 Carton CNWH65363: Assigned=Received, Actual=Received, ReceivedQty=10
[2026-04-23 16:22:13] INFO: ASN WMS-ASN-EXT-00004 Carton CNWH63179: Assigned=Received, Actual=Received, ReceivedQty=10
[2026-04-23 16:22:13] INFO: ASN WMS-ASN-EXT-00004 Carton CNWH63180: Assigned=Received, Actual=Received, ReceivedQty=10
[2026-04-23 16:22:13] INFO: ASN WMS-ASN-EXT-00004 Carton CNWH63196: Assigned=Received, Actual=Received, ReceivedQty=10
[2026-04-23 16:22:13] INFO: ASN WMS-ASN-EXT-00004 Carton CNWH63197: Assigned=Received, Actual=Received, ReceivedQty=10
[2026-04-23 16:22:13] INFO: ASN WMS-ASN-EXT-00004 Carton CNWH63198: Assigned=Received, Actual=Received, ReceivedQty=10
[2026-04-23 16:22:13] INFO: ASN WMS-ASN-EXT-00004 Carton CNWH63199: Assigned=Received, Actual=Received, ReceivedQty=10
[2026-04-23 16:22:13] INFO: ASN WMS-ASN-EXT-00004 Carton CNWH63200: Assigned=Received, Actual=Received, ReceivedQty=10
[2026-04-23 16:22:13] INFO: ASN WMS-ASN-EXT-00004 Carton CNWH63266: Assigned=Received, Actual=Received, ReceivedQty=10
[2026-04-23 16:22:13] INFO: ASN WMS-ASN-EXT-00004 Carton CNWH63268: Assigned=Received, Actual=Received, ReceivedQty=10
[2026-04-23 16:22:13] INFO: ASN WMS-ASN-EXT-00004 Carton CNWH63269: Assigned=Received, Actual=Received, ReceivedQty=10
[2026-04-23 16:22:13] INFO: ASN WMS-ASN-EXT-00004 Carton CNWH63270: Assigned=Received, Actual=Received, ReceivedQty=10
[2026-04-23 16:22:13] INFO: ASN WMS-ASN-EXT-00004 Carton CNWH63271: Assigned=Received, Actual=Received, ReceivedQty=10
[2026-04-23 16:22:13] INFO: ASN WMS-ASN-EXT-00004 Carton CNWH63272: Assigned=Received, Actual=Received, ReceivedQty=10
[2026-04-23 16:22:13] INFO: ASN WMS-ASN-EXT-00004 Carton CNWH63275: Assigned=Received, Actual=Received, ReceivedQty=10
[2026-04-23 16:22:13] INFO: ASN WMS-ASN-EXT-00004 Carton CNWH63277: Assigned=Received, Actual=Received, ReceivedQty=10
[2026-04-23 16:22:13] INFO: ASN WMS-ASN-EXT-00004 Carton CNWH63280: Assigned=Received, Actual=Received, ReceivedQty=10
[2026-04-23 16:22:13] INFO: ASN WMS-ASN-EXT-00004 Carton CNWH63282: Assigned=Received, Actual=Received, ReceivedQty=10
[2026-04-23 16:22:13] INFO: ASN WMS-ASN-EXT-00004 Carton CNWH63283: Assigned=Received, Actual=Received, ReceivedQty=10
[2026-04-23 16:22:13] INFO: ASN WMS-ASN-EXT-00004 Carton CNWH63284: Assigned=Received, Actual=Received, ReceivedQty=10
[2026-04-23 16:22:13] INFO: ASN WMS-ASN-EXT-00004 Carton CNWH63285: Assigned=Received, Actual=Received, ReceivedQty=10
[2026-04-23 16:22:13] INFO: ASN WMS-ASN-EXT-00004 Carton CNWH63286: Assigned=Received, Actual=Received, ReceivedQty=10
[2026-04-23 16:22:13] INFO: ASN WMS-ASN-EXT-00004 Carton CNWH63287: Assigned=Received, Actual=Received, ReceivedQty=10
[2026-04-23 16:22:13] INFO: ASN WMS-ASN-EXT-00004 Carton CNWH63288: Assigned=Received, Actual=Received, ReceivedQty=10
[2026-04-23 16:22:13] INFO: ASN WMS-ASN-EXT-00004 Carton CNWH63289: Assigned=Received, Actual=Received, ReceivedQty=10
[2026-04-23 16:22:13] INFO: ASN WMS-ASN-EXT-00004 Carton CNWH63441: Assigned=Received, Actual=Received, ReceivedQty=10
[2026-04-23 16:22:13] INFO: ASN WMS-ASN-EXT-00004 Carton CNWH63442: Assigned=Received, Actual=Received, ReceivedQty=10
[2026-04-23 16:22:13] INFO: ASN WMS-ASN-EXT-00004 Carton CNWH65363: Assigned=Received, Actual=Received, ReceivedQty=10
[2026-04-23 16:22:13] INFO: ASN WMS-ASN-EXT-00004 Carton CNWH63502: Assigned=Received, Actual=Received, ReceivedQty=10
[2026-04-23 16:22:13] INFO: ASN WMS-ASN-EXT-00004 Carton CNWH63502: Assigned=Received, Actual=Received, ReceivedQty=10
[2026-04-23 16:22:13] INFO: ASN WMS-ASN-EXT-00004 Carton CNWH64607: Assigned=Received, Actual=Received, ReceivedQty=10
[2026-04-23 16:22:55] INFO: ASN ASN-0001 Carton CNWH12858: Assigned=Assigned, Actual=Assigned, ReceivedQty=0
[2026-04-23 16:22:55] INFO: ASN ASN-0001 Carton CNWH12854: Assigned=Assigned, Actual=Assigned, ReceivedQty=0
[2026-04-23 16:22:55] INFO: ASN ASN-0001 Carton CNWH15390: Assigned=Assigned, Actual=Assigned, ReceivedQty=0
[2026-04-23 16:22:55] INFO: ASN ASN-0001 Carton CNWH42441: Assigned=Assigned, Actual=Assigned, ReceivedQty=0
[2026-04-23 16:22:55] INFO: ASN ASN-0001 Carton CNWH64571: Assigned=Assigned, Actual=Assigned, ReceivedQty=0
[2026-04-23 16:22:55] INFO: ASN ASN-0001 Carton CNWH64521: Assigned=Assigned, Actual=Assigned, ReceivedQty=0
[2026-04-23 16:22:55] INFO: ASN ASN-0001 Carton CNWH63561: Assigned=Assigned, Actual=Assigned, ReceivedQty=0
[2026-04-23 16:22:55] INFO: ASN ASN-0001 Carton CNWH63609: Assigned=Assigned, Actual=Assigned, ReceivedQty=0
[2026-04-23 16:22:55] INFO: ASN WMS-ASN-EXT-00004 Carton CNWH63179: Assigned=Received, Actual=Received, ReceivedQty=10
[2026-04-23 16:22:55] INFO: ASN WMS-ASN-EXT-00004 Carton CNWH63180: Assigned=Received, Actual=Received, ReceivedQty=10
[2026-04-23 16:22:55] INFO: ASN WMS-ASN-EXT-00004 Carton CNWH63196: Assigned=Received, Actual=Received, ReceivedQty=10
[2026-04-23 16:22:55] INFO: ASN WMS-ASN-EXT-00004 Carton CNWH63197: Assigned=Received, Actual=Received, ReceivedQty=10
[2026-04-23 16:22:55] INFO: ASN WMS-ASN-EXT-00004 Carton CNWH63198: Assigned=Received, Actual=Received, ReceivedQty=10
[2026-04-23 16:22:55] INFO: ASN WMS-ASN-EXT-00004 Carton CNWH63199: Assigned=Received, Actual=Received, ReceivedQty=10
[2026-04-23 16:22:55] INFO: ASN WMS-ASN-EXT-00004 Carton CNWH63200: Assigned=Received, Actual=Received, ReceivedQty=10
[2026-04-23 16:22:55] INFO: ASN WMS-ASN-EXT-00004 Carton CNWH63266: Assigned=Received, Actual=Received, ReceivedQty=10
[2026-04-23 16:22:55] INFO: ASN WMS-ASN-EXT-00004 Carton CNWH63268: Assigned=Received, Actual=Received, ReceivedQty=10
[2026-04-23 16:22:55] INFO: ASN WMS-ASN-EXT-00004 Carton CNWH63269: Assigned=Received, Actual=Received, ReceivedQty=10
[2026-04-23 16:22:55] INFO: ASN WMS-ASN-EXT-00004 Carton CNWH63270: Assigned=Received, Actual=Received, ReceivedQty=10
[2026-04-23 16:22:55] INFO: ASN WMS-ASN-EXT-00004 Carton CNWH63271: Assigned=Received, Actual=Received, ReceivedQty=10
[2026-04-23 16:22:55] INFO: ASN WMS-ASN-EXT-00004 Carton CNWH63272: Assigned=Received, Actual=Received, ReceivedQty=10
[2026-04-23 16:22:55] INFO: ASN WMS-ASN-EXT-00004 Carton CNWH63275: Assigned=Received, Actual=Received, ReceivedQty=10
[2026-04-23 16:22:55] INFO: ASN WMS-ASN-EXT-00004 Carton CNWH63277: Assigned=Received, Actual=Received, ReceivedQty=10
[2026-04-23 16:22:55] INFO: ASN WMS-ASN-EXT-00004 Carton CNWH63280: Assigned=Received, Actual=Received, ReceivedQty=10
[2026-04-23 16:22:55] INFO: ASN WMS-ASN-EXT-00004 Carton CNWH63282: Assigned=Received, Actual=Received, ReceivedQty=10
[2026-04-23 16:22:55] INFO: ASN WMS-ASN-EXT-00004 Carton CNWH63283: Assigned=Received, Actual=Received, ReceivedQty=10
[2026-04-23 16:22:55] INFO: ASN WMS-ASN-EXT-00004 Carton CNWH63284: Assigned=Received, Actual=Received, ReceivedQty=10
[2026-04-23 16:22:55] INFO: ASN WMS-ASN-EXT-00004 Carton CNWH63285: Assigned=Received, Actual=Received, ReceivedQty=10
[2026-04-23 16:22:55] INFO: ASN WMS-ASN-EXT-00004 Carton CNWH63286: Assigned=Received, Actual=Received, ReceivedQty=10
[2026-04-23 16:22:55] INFO: ASN WMS-ASN-EXT-00004 Carton CNWH63287: Assigned=Received, Actual=Received, ReceivedQty=10
[2026-04-23 16:22:55] INFO: ASN WMS-ASN-EXT-00004 Carton CNWH63288: Assigned=Received, Actual=Received, ReceivedQty=10
[2026-04-23 16:22:55] INFO: ASN WMS-ASN-EXT-00004 Carton CNWH63289: Assigned=Received, Actual=Received, ReceivedQty=10
[2026-04-23 16:22:55] INFO: ASN WMS-ASN-EXT-00004 Carton CNWH63441: Assigned=Received, Actual=Received, ReceivedQty=10
[2026-04-23 16:22:55] INFO: ASN WMS-ASN-EXT-00004 Carton CNWH63442: Assigned=Received, Actual=Received, ReceivedQty=10
[2026-04-23 16:22:55] INFO: ASN WMS-ASN-EXT-00004 Carton CNWH63444: Assigned=Received, Actual=Received, ReceivedQty=10
[2026-04-23 16:22:55] INFO: ASN WMS-ASN-EXT-00004 Carton CNWH63446: Assigned=Received, Actual=Received, ReceivedQty=10
[2026-04-23 16:22:55] INFO: ASN WMS-ASN-EXT-00004 Carton CNWH63448: Assigned=Received, Actual=Received, ReceivedQty=10
[2026-04-23 16:22:55] INFO: ASN WMS-ASN-EXT-00004 Carton CNWH65363: Assigned=Received, Actual=Received, ReceivedQty=10
[2026-04-23 16:22:55] INFO: ASN WMS-ASN-EXT-00004 Carton CNWH63179: Assigned=Received, Actual=Received, ReceivedQty=10
[2026-04-23 16:22:55] INFO: ASN WMS-ASN-EXT-00004 Carton CNWH63180: Assigned=Received, Actual=Received, ReceivedQty=10
[2026-04-23 16:22:55] INFO: ASN WMS-ASN-EXT-00004 Carton CNWH63196: Assigned=Received, Actual=Received, ReceivedQty=10
[2026-04-23 16:22:55] INFO: ASN WMS-ASN-EXT-00004 Carton CNWH63197: Assigned=Received, Actual=Received, ReceivedQty=10
[2026-04-23 16:22:55] INFO: ASN WMS-ASN-EXT-00004 Carton CNWH63198: Assigned=Received, Actual=Received, ReceivedQty=10
[2026-04-23 16:22:55] INFO: ASN WMS-ASN-EXT-00004 Carton CNWH63199: Assigned=Received, Actual=Received, ReceivedQty=10
[2026-04-23 16:22:55] INFO: ASN WMS-ASN-EXT-00004 Carton CNWH63200: Assigned=Received, Actual=Received, ReceivedQty=10
[2026-04-23 16:22:55] INFO: ASN WMS-ASN-EXT-00004 Carton CNWH63266: Assigned=Received, Actual=Received, ReceivedQty=10
[2026-04-23 16:22:55] INFO: ASN WMS-ASN-EXT-00004 Carton CNWH63268: Assigned=Received, Actual=Received, ReceivedQty=10
[2026-04-23 16:22:55] INFO: ASN WMS-ASN-EXT-00004 Carton CNWH63269: Assigned=Received, Actual=Received, ReceivedQty=10
[2026-04-23 16:22:55] INFO: ASN WMS-ASN-EXT-00004 Carton CNWH63270: Assigned=Received, Actual=Received, ReceivedQty=10
[2026-04-23 16:22:55] INFO: ASN WMS-ASN-EXT-00004 Carton CNWH63271: Assigned=Received, Actual=Received, ReceivedQty=10
[2026-04-23 16:22:55] INFO: ASN WMS-ASN-EXT-00004 Carton CNWH63272: Assigned=Received, Actual=Received, ReceivedQty=10
[2026-04-23 16:22:55] INFO: ASN WMS-ASN-EXT-00004 Carton CNWH63275: Assigned=Received, Actual=Received, ReceivedQty=10
[2026-04-23 16:22:55] INFO: ASN WMS-ASN-EXT-00004 Carton CNWH63277: Assigned=Received, Actual=Received, ReceivedQty=10
[2026-04-23 16:22:55] INFO: ASN WMS-ASN-EXT-00004 Carton CNWH63280: Assigned=Received, Actual=Received, ReceivedQty=10
[2026-04-23 16:22:55] INFO: ASN WMS-ASN-EXT-00004 Carton CNWH63282: Assigned=Received, Actual=Received, ReceivedQty=10
[2026-04-23 16:22:55] INFO: ASN WMS-ASN-EXT-00004 Carton CNWH63283: Assigned=Received, Actual=Received, ReceivedQty=10
[2026-04-23 16:22:55] INFO: ASN WMS-ASN-EXT-00004 Carton CNWH63284: Assigned=Received, Actual=Received, ReceivedQty=10
[2026-04-23 16:22:55] INFO: ASN WMS-ASN-EXT-00004 Carton CNWH63285: Assigned=Received, Actual=Received, ReceivedQty=10
[2026-04-23 16:22:55] INFO: ASN WMS-ASN-EXT-00004 Carton CNWH63286: Assigned=Received, Actual=Received, ReceivedQty=10
[2026-04-23 16:22:55] INFO: ASN WMS-ASN-EXT-00004 Carton CNWH63287: Assigned=Received, Actual=Received, ReceivedQty=10
[2026-04-23 16:22:55] INFO: ASN WMS-ASN-EXT-00004 Carton CNWH63288: Assigned=Received, Actual=Received, ReceivedQty=10
[2026-04-23 16:22:55] INFO: ASN WMS-ASN-EXT-00004 Carton CNWH63289: Assigned=Received, Actual=Received, ReceivedQty=10
[2026-04-23 16:22:55] INFO: ASN WMS-ASN-EXT-00004 Carton CNWH63441: Assigned=Received, Actual=Received, ReceivedQty=10
[2026-04-23 16:22:55] INFO: ASN WMS-ASN-EXT-00004 Carton CNWH63442: Assigned=Received, Actual=Received, ReceivedQty=10
[2026-04-23 16:22:55] INFO: ASN WMS-ASN-EXT-00004 Carton CNWH65363: Assigned=Received, Actual=Received, ReceivedQty=10
[2026-04-23 16:22:55] INFO: ASN WMS-ASN-EXT-00004 Carton CNWH63502: Assigned=Received, Actual=Received, ReceivedQty=10
[2026-04-23 16:22:55] INFO: ASN WMS-ASN-EXT-00004 Carton CNWH63502: Assigned=Received, Actual=Received, ReceivedQty=10
[2026-04-23 16:22:55] INFO: ASN WMS-ASN-EXT-00004 Carton CNWH64607: Assigned=Received, Actual=Received, ReceivedQty=10
[2026-04-23 16:25:28] INFO: ASN ASN-0001 Carton CNWH12858: Assigned=Assigned, Actual=Assigned, ReceivedQty=0
[2026-04-23 16:25:28] INFO: ASN ASN-0001 Carton CNWH12854: Assigned=Assigned, Actual=Assigned, ReceivedQty=0
[2026-04-23 16:25:28] INFO: ASN ASN-0001 Carton CNWH15390: Assigned=Assigned, Actual=Assigned, ReceivedQty=0
[2026-04-23 16:25:28] INFO: ASN ASN-0001 Carton CNWH42441: Assigned=Assigned, Actual=Assigned, ReceivedQty=0
[2026-04-23 16:25:28] INFO: ASN ASN-0001 Carton CNWH64571: Assigned=Assigned, Actual=Assigned, ReceivedQty=0
[2026-04-23 16:25:28] INFO: ASN ASN-0001 Carton CNWH64521: Assigned=Assigned, Actual=Assigned, ReceivedQty=0
[2026-04-23 16:25:28] INFO: ASN ASN-0001 Carton CNWH63561: Assigned=Assigned, Actual=Assigned, ReceivedQty=0
[2026-04-23 16:25:28] INFO: ASN ASN-0001 Carton CNWH63609: Assigned=Assigned, Actual=Assigned, ReceivedQty=0
[2026-04-23 16:25:28] INFO: ASN WMS-ASN-EXT-00004 Carton CNWH63179: Assigned=Received, Actual=Received, ReceivedQty=10
[2026-04-23 16:25:28] INFO: ASN WMS-ASN-EXT-00004 Carton CNWH63180: Assigned=Received, Actual=Received, ReceivedQty=10
[2026-04-23 16:25:28] INFO: ASN WMS-ASN-EXT-00004 Carton CNWH63196: Assigned=Received, Actual=Received, ReceivedQty=10
[2026-04-23 16:25:28] INFO: ASN WMS-ASN-EXT-00004 Carton CNWH63197: Assigned=Received, Actual=Received, ReceivedQty=10
[2026-04-23 16:25:28] INFO: ASN WMS-ASN-EXT-00004 Carton CNWH63198: Assigned=Received, Actual=Received, ReceivedQty=10
[2026-04-23 16:25:28] INFO: ASN WMS-ASN-EXT-00004 Carton CNWH63199: Assigned=Received, Actual=Received, ReceivedQty=10
[2026-04-23 16:25:28] INFO: ASN WMS-ASN-EXT-00004 Carton CNWH63200: Assigned=Received, Actual=Received, ReceivedQty=10
[2026-04-23 16:25:28] INFO: ASN WMS-ASN-EXT-00004 Carton CNWH63266: Assigned=Received, Actual=Received, ReceivedQty=10
[2026-04-23 16:25:28] INFO: ASN WMS-ASN-EXT-00004 Carton CNWH63268: Assigned=Received, Actual=Received, ReceivedQty=10
[2026-04-23 16:25:28] INFO: ASN WMS-ASN-EXT-00004 Carton CNWH63269: Assigned=Received, Actual=Received, ReceivedQty=10
[2026-04-23 16:25:28] INFO: ASN WMS-ASN-EXT-00004 Carton CNWH63270: Assigned=Received, Actual=Received, ReceivedQty=10
[2026-04-23 16:25:28] INFO: ASN WMS-ASN-EXT-00004 Carton CNWH63271: Assigned=Received, Actual=Received, ReceivedQty=10
[2026-04-23 16:25:28] INFO: ASN WMS-ASN-EXT-00004 Carton CNWH63272: Assigned=Received, Actual=Received, ReceivedQty=10
[2026-04-23 16:25:28] INFO: ASN WMS-ASN-EXT-00004 Carton CNWH63275: Assigned=Received, Actual=Received, ReceivedQty=10
[2026-04-23 16:25:28] INFO: ASN WMS-ASN-EXT-00004 Carton CNWH63277: Assigned=Received, Actual=Received, ReceivedQty=10
[2026-04-23 16:25:28] INFO: ASN WMS-ASN-EXT-00004 Carton CNWH63280: Assigned=Received, Actual=Received, ReceivedQty=10
[2026-04-23 16:25:28] INFO: ASN WMS-ASN-EXT-00004 Carton CNWH63282: Assigned=Received, Actual=Received, ReceivedQty=10
[2026-04-23 16:25:28] INFO: ASN WMS-ASN-EXT-00004 Carton CNWH63283: Assigned=Received, Actual=Received, ReceivedQty=10
[2026-04-23 16:25:28] INFO: ASN WMS-ASN-EXT-00004 Carton CNWH63284: Assigned=Received, Actual=Received, ReceivedQty=10
[2026-04-23 16:25:28] INFO: ASN WMS-ASN-EXT-00004 Carton CNWH63285: Assigned=Received, Actual=Received, ReceivedQty=10
[2026-04-23 16:25:28] INFO: ASN WMS-ASN-EXT-00004 Carton CNWH63286: Assigned=Received, Actual=Received, ReceivedQty=10
[2026-04-23 16:25:28] INFO: ASN WMS-ASN-EXT-00004 Carton CNWH63287: Assigned=Received, Actual=Received, ReceivedQty=10
[2026-04-23 16:25:28] INFO: ASN WMS-ASN-EXT-00004 Carton CNWH63288: Assigned=Received, Actual=Received, ReceivedQty=10
[2026-04-23 16:25:28] INFO: ASN WMS-ASN-EXT-00004 Carton CNWH63289: Assigned=Received, Actual=Received, ReceivedQty=10
[2026-04-23 16:25:28] INFO: ASN WMS-ASN-EXT-00004 Carton CNWH63441: Assigned=Received, Actual=Received, ReceivedQty=10
[2026-04-23 16:25:28] INFO: ASN WMS-ASN-EXT-00004 Carton CNWH63442: Assigned=Received, Actual=Received, ReceivedQty=10
[2026-04-23 16:25:28] INFO: ASN WMS-ASN-EXT-00004 Carton CNWH63444: Assigned=Received, Actual=Received, ReceivedQty=10
[2026-04-23 16:25:28] INFO: ASN WMS-ASN-EXT-00004 Carton CNWH63446: Assigned=Received, Actual=Received, ReceivedQty=10
[2026-04-23 16:25:28] INFO: ASN WMS-ASN-EXT-00004 Carton CNWH63448: Assigned=Received, Actual=Received, ReceivedQty=10
[2026-04-23 16:25:28] INFO: ASN WMS-ASN-EXT-00004 Carton CNWH65363: Assigned=Received, Actual=Received, ReceivedQty=10
[2026-04-23 16:25:28] INFO: ASN WMS-ASN-EXT-00004 Carton CNWH63179: Assigned=Received, Actual=Received, ReceivedQty=10
[2026-04-23 16:25:28] INFO: ASN WMS-ASN-EXT-00004 Carton CNWH63180: Assigned=Received, Actual=Received, ReceivedQty=10
[2026-04-23 16:25:28] INFO: ASN WMS-ASN-EXT-00004 Carton CNWH63196: Assigned=Received, Actual=Received, ReceivedQty=10
[2026-04-23 16:25:28] INFO: ASN WMS-ASN-EXT-00004 Carton CNWH63197: Assigned=Received, Actual=Received, ReceivedQty=10
[2026-04-23 16:25:28] INFO: ASN WMS-ASN-EXT-00004 Carton CNWH63198: Assigned=Received, Actual=Received, ReceivedQty=10
[2026-04-23 16:25:28] INFO: ASN WMS-ASN-EXT-00004 Carton CNWH63199: Assigned=Received, Actual=Received, ReceivedQty=10
[2026-04-23 16:25:28] INFO: ASN WMS-ASN-EXT-00004 Carton CNWH63200: Assigned=Received, Actual=Received, ReceivedQty=10
[2026-04-23 16:25:28] INFO: ASN WMS-ASN-EXT-00004 Carton CNWH63266: Assigned=Received, Actual=Received, ReceivedQty=10
[2026-04-23 16:25:28] INFO: ASN WMS-ASN-EXT-00004 Carton CNWH63268: Assigned=Received, Actual=Received, ReceivedQty=10
[2026-04-23 16:25:28] INFO: ASN WMS-ASN-EXT-00004 Carton CNWH63269: Assigned=Received, Actual=Received, ReceivedQty=10
[2026-04-23 16:25:28] INFO: ASN WMS-ASN-EXT-00004 Carton CNWH63270: Assigned=Received, Actual=Received, ReceivedQty=10
[2026-04-23 16:25:28] INFO: ASN WMS-ASN-EXT-00004 Carton CNWH63271: Assigned=Received, Actual=Received, ReceivedQty=10
[2026-04-23 16:25:28] INFO: ASN WMS-ASN-EXT-00004 Carton CNWH63272: Assigned=Received, Actual=Received, ReceivedQty=10
[2026-04-23 16:25:28] INFO: ASN WMS-ASN-EXT-00004 Carton CNWH63275: Assigned=Received, Actual=Received, ReceivedQty=10
[2026-04-23 16:25:28] INFO: ASN WMS-ASN-EXT-00004 Carton CNWH63277: Assigned=Received, Actual=Received, ReceivedQty=10
[2026-04-23 16:25:28] INFO: ASN WMS-ASN-EXT-00004 Carton CNWH63280: Assigned=Received, Actual=Received, ReceivedQty=10
[2026-04-23 16:25:28] INFO: ASN WMS-ASN-EXT-00004 Carton CNWH63282: Assigned=Received, Actual=Received, ReceivedQty=10
[2026-04-23 16:25:28] INFO: ASN WMS-ASN-EXT-00004 Carton CNWH63283: Assigned=Received, Actual=Received, ReceivedQty=10
[2026-04-23 16:25:28] INFO: ASN WMS-ASN-EXT-00004 Carton CNWH63284: Assigned=Received, Actual=Received, ReceivedQty=10
[2026-04-23 16:25:28] INFO: ASN WMS-ASN-EXT-00004 Carton CNWH63285: Assigned=Received, Actual=Received, ReceivedQty=10
[2026-04-23 16:25:28] INFO: ASN WMS-ASN-EXT-00004 Carton CNWH63286: Assigned=Received, Actual=Received, ReceivedQty=10
[2026-04-23 16:25:28] INFO: ASN WMS-ASN-EXT-00004 Carton CNWH63287: Assigned=Received, Actual=Received, ReceivedQty=10
[2026-04-23 16:25:28] INFO: ASN WMS-ASN-EXT-00004 Carton CNWH63288: Assigned=Received, Actual=Received, ReceivedQty=10
[2026-04-23 16:25:28] INFO: ASN WMS-ASN-EXT-00004 Carton CNWH63289: Assigned=Received, Actual=Received, ReceivedQty=10
[2026-04-23 16:25:28] INFO: ASN WMS-ASN-EXT-00004 Carton CNWH63441: Assigned=Received, Actual=Received, ReceivedQty=10
[2026-04-23 16:25:28] INFO: ASN WMS-ASN-EXT-00004 Carton CNWH63442: Assigned=Received, Actual=Received, ReceivedQty=10
[2026-04-23 16:25:28] INFO: ASN WMS-ASN-EXT-00004 Carton CNWH65363: Assigned=Received, Actual=Received, ReceivedQty=10
[2026-04-23 16:25:28] INFO: ASN WMS-ASN-EXT-00004 Carton CNWH63502: Assigned=Received, Actual=Received, ReceivedQty=10
[2026-04-23 16:25:28] INFO: ASN WMS-ASN-EXT-00004 Carton CNWH63502: Assigned=Received, Actual=Received, ReceivedQty=10
[2026-04-23 16:25:28] INFO: ASN WMS-ASN-EXT-00004 Carton CNWH64607: Assigned=Received, Actual=Received, ReceivedQty=10
[2026-04-23 16:25:32] INFO: TransferCartonListView: Loaded event fired
[2026-04-23 16:25:32] INFO: TransferCartonListView: Calling RefreshAsync on ViewModel
[2026-04-23 16:25:32] INFO: TransferCartonListViewModel: Starting to load transfer cartons
[2026-04-23 16:25:32] INFO: Loading Transfer Cartons from database...
[2026-04-23 16:25:32] INFO: TransferCartonDataService: Starting schema detection
[2026-04-23 16:25:32] INFO: TransferCartonDataService: Found column 'asn_no'
[2026-04-23 16:25:32] INFO: TransferCartonDataService: Found column 'to_no'
[2026-04-23 16:25:32] INFO: TransferCartonDataService: Returning - AsnColumn=asn_no, ToColumn=to_no
[2026-04-23 16:25:32] INFO: Detected schema: AsnColumn=asn_no, ToColumn=to_no
[2026-04-23 16:25:32] INFO: Executing query: SELECT tc_id, status, asn_no, to_no, store, 
                               created_by, created_on, sealed_by, sealed_on, dispatched_on, remarks,
                               purchase_receipt_no, purchase_receipt_docstatus, purchase_receipt_created, purchase_receipt_submitted,
                               warehouse_transfer_no, warehouse_transfer_created
                        FROM tabTransferCarton
                        ORDER BY created_on DESC, tc_id
[2026-04-23 16:25:32] INFO: Loaded 2 transfer cartons from database
[2026-04-23 16:25:32] INFO: TransferCartonListViewModel: Received 2 transfer cartons from service
[2026-04-23 16:25:32] INFO: TransferCartonListViewModel: Added 2 transfer cartons to collection
[2026-04-23 16:25:32] INFO: TransferCartonListView: RefreshAsync completed
[2026-04-23 16:25:33] INFO: TransferCartonDetailViewModel: Loading data for TC-WMS-ASN-EXT-00004-1776910813548
[2026-04-23 16:25:33] INFO: ASN ASN-0001 Carton CNWH12858: Assigned=Assigned, Actual=Assigned, ReceivedQty=0
[2026-04-23 16:25:33] INFO: ASN ASN-0001 Carton CNWH12854: Assigned=Assigned, Actual=Assigned, ReceivedQty=0
[2026-04-23 16:25:33] INFO: ASN ASN-0001 Carton CNWH15390: Assigned=Assigned, Actual=Assigned, ReceivedQty=0
[2026-04-23 16:25:33] INFO: ASN ASN-0001 Carton CNWH42441: Assigned=Assigned, Actual=Assigned, ReceivedQty=0
[2026-04-23 16:25:33] INFO: ASN ASN-0001 Carton CNWH64571: Assigned=Assigned, Actual=Assigned, ReceivedQty=0
[2026-04-23 16:25:33] INFO: ASN ASN-0001 Carton CNWH64521: Assigned=Assigned, Actual=Assigned, ReceivedQty=0
[2026-04-23 16:25:33] INFO: ASN ASN-0001 Carton CNWH63561: Assigned=Assigned, Actual=Assigned, ReceivedQty=0
[2026-04-23 16:25:33] INFO: ASN ASN-0001 Carton CNWH63609: Assigned=Assigned, Actual=Assigned, ReceivedQty=0
[2026-04-23 16:25:33] INFO: ASN WMS-ASN-EXT-00004 Carton CNWH63179: Assigned=Received, Actual=Received, ReceivedQty=10
[2026-04-23 16:25:33] INFO: ASN WMS-ASN-EXT-00004 Carton CNWH63180: Assigned=Received, Actual=Received, ReceivedQty=10
[2026-04-23 16:25:33] INFO: ASN WMS-ASN-EXT-00004 Carton CNWH63196: Assigned=Received, Actual=Received, ReceivedQty=10
[2026-04-23 16:25:33] INFO: ASN WMS-ASN-EXT-00004 Carton CNWH63197: Assigned=Received, Actual=Received, ReceivedQty=10
[2026-04-23 16:25:33] INFO: ASN WMS-ASN-EXT-00004 Carton CNWH63198: Assigned=Received, Actual=Received, ReceivedQty=10
[2026-04-23 16:25:33] INFO: ASN WMS-ASN-EXT-00004 Carton CNWH63199: Assigned=Received, Actual=Received, ReceivedQty=10
[2026-04-23 16:25:33] INFO: ASN WMS-ASN-EXT-00004 Carton CNWH63200: Assigned=Received, Actual=Received, ReceivedQty=10
[2026-04-23 16:25:33] INFO: ASN WMS-ASN-EXT-00004 Carton CNWH63266: Assigned=Received, Actual=Received, ReceivedQty=10
[2026-04-23 16:25:33] INFO: ASN WMS-ASN-EXT-00004 Carton CNWH63268: Assigned=Received, Actual=Received, ReceivedQty=10
[2026-04-23 16:25:33] INFO: ASN WMS-ASN-EXT-00004 Carton CNWH63269: Assigned=Received, Actual=Received, ReceivedQty=10
[2026-04-23 16:25:33] INFO: ASN WMS-ASN-EXT-00004 Carton CNWH63270: Assigned=Received, Actual=Received, ReceivedQty=10
[2026-04-23 16:25:33] INFO: ASN WMS-ASN-EXT-00004 Carton CNWH63271: Assigned=Received, Actual=Received, ReceivedQty=10
[2026-04-23 16:25:33] INFO: ASN WMS-ASN-EXT-00004 Carton CNWH63272: Assigned=Received, Actual=Received, ReceivedQty=10
[2026-04-23 16:25:33] INFO: ASN WMS-ASN-EXT-00004 Carton CNWH63275: Assigned=Received, Actual=Received, ReceivedQty=10
[2026-04-23 16:25:33] INFO: ASN WMS-ASN-EXT-00004 Carton CNWH63277: Assigned=Received, Actual=Received, ReceivedQty=10
[2026-04-23 16:25:33] INFO: ASN WMS-ASN-EXT-00004 Carton CNWH63280: Assigned=Received, Actual=Received, ReceivedQty=10
[2026-04-23 16:25:33] INFO: ASN WMS-ASN-EXT-00004 Carton CNWH63282: Assigned=Received, Actual=Received, ReceivedQty=10
[2026-04-23 16:25:33] INFO: ASN WMS-ASN-EXT-00004 Carton CNWH63283: Assigned=Received, Actual=Received, ReceivedQty=10
[2026-04-23 16:25:33] INFO: ASN WMS-ASN-EXT-00004 Carton CNWH63284: Assigned=Received, Actual=Received, ReceivedQty=10
[2026-04-23 16:25:33] INFO: ASN WMS-ASN-EXT-00004 Carton CNWH63285: Assigned=Received, Actual=Received, ReceivedQty=10
[2026-04-23 16:25:33] INFO: ASN WMS-ASN-EXT-00004 Carton CNWH63286: Assigned=Received, Actual=Received, ReceivedQty=10
[2026-04-23 16:25:33] INFO: ASN WMS-ASN-EXT-00004 Carton CNWH63287: Assigned=Received, Actual=Received, ReceivedQty=10
[2026-04-23 16:25:33] INFO: ASN WMS-ASN-EXT-00004 Carton CNWH63288: Assigned=Received, Actual=Received, ReceivedQty=10
[2026-04-23 16:25:33] INFO: ASN WMS-ASN-EXT-00004 Carton CNWH63289: Assigned=Received, Actual=Received, ReceivedQty=10
[2026-04-23 16:25:33] INFO: ASN WMS-ASN-EXT-00004 Carton CNWH63441: Assigned=Received, Actual=Received, ReceivedQty=10
[2026-04-23 16:25:33] INFO: ASN WMS-ASN-EXT-00004 Carton CNWH63442: Assigned=Received, Actual=Received, ReceivedQty=10
[2026-04-23 16:25:33] INFO: ASN WMS-ASN-EXT-00004 Carton CNWH63444: Assigned=Received, Actual=Received, ReceivedQty=10
[2026-04-23 16:25:33] INFO: ASN WMS-ASN-EXT-00004 Carton CNWH63446: Assigned=Received, Actual=Received, ReceivedQty=10
[2026-04-23 16:25:33] INFO: ASN WMS-ASN-EXT-00004 Carton CNWH63448: Assigned=Received, Actual=Received, ReceivedQty=10
[2026-04-23 16:25:33] INFO: ASN WMS-ASN-EXT-00004 Carton CNWH65363: Assigned=Received, Actual=Received, ReceivedQty=10
[2026-04-23 16:25:33] INFO: ASN WMS-ASN-EXT-00004 Carton CNWH63179: Assigned=Received, Actual=Received, ReceivedQty=10
[2026-04-23 16:25:33] INFO: ASN WMS-ASN-EXT-00004 Carton CNWH63180: Assigned=Received, Actual=Received, ReceivedQty=10
[2026-04-23 16:25:33] INFO: ASN WMS-ASN-EXT-00004 Carton CNWH63196: Assigned=Received, Actual=Received, ReceivedQty=10
[2026-04-23 16:25:33] INFO: ASN WMS-ASN-EXT-00004 Carton CNWH63197: Assigned=Received, Actual=Received, ReceivedQty=10
[2026-04-23 16:25:33] INFO: ASN WMS-ASN-EXT-00004 Carton CNWH63198: Assigned=Received, Actual=Received, ReceivedQty=10
[2026-04-23 16:25:33] INFO: ASN WMS-ASN-EXT-00004 Carton CNWH63199: Assigned=Received, Actual=Received, ReceivedQty=10
[2026-04-23 16:25:33] INFO: ASN WMS-ASN-EXT-00004 Carton CNWH63200: Assigned=Received, Actual=Received, ReceivedQty=10
[2026-04-23 16:25:33] INFO: ASN WMS-ASN-EXT-00004 Carton CNWH63266: Assigned=Received, Actual=Received, ReceivedQty=10
[2026-04-23 16:25:33] INFO: ASN WMS-ASN-EXT-00004 Carton CNWH63268: Assigned=Received, Actual=Received, ReceivedQty=10
[2026-04-23 16:25:33] INFO: ASN WMS-ASN-EXT-00004 Carton CNWH63269: Assigned=Received, Actual=Received, ReceivedQty=10
[2026-04-23 16:25:33] INFO: ASN WMS-ASN-EXT-00004 Carton CNWH63270: Assigned=Received, Actual=Received, ReceivedQty=10
[2026-04-23 16:25:33] INFO: ASN WMS-ASN-EXT-00004 Carton CNWH63271: Assigned=Received, Actual=Received, ReceivedQty=10
[2026-04-23 16:25:33] INFO: ASN WMS-ASN-EXT-00004 Carton CNWH63272: Assigned=Received, Actual=Received, ReceivedQty=10
[2026-04-23 16:25:33] INFO: ASN WMS-ASN-EXT-00004 Carton CNWH63275: Assigned=Received, Actual=Received, ReceivedQty=10
[2026-04-23 16:25:33] INFO: ASN WMS-ASN-EXT-00004 Carton CNWH63277: Assigned=Received, Actual=Received, ReceivedQty=10
[2026-04-23 16:25:33] INFO: ASN WMS-ASN-EXT-00004 Carton CNWH63280: Assigned=Received, Actual=Received, ReceivedQty=10
[2026-04-23 16:25:33] INFO: ASN WMS-ASN-EXT-00004 Carton CNWH63282: Assigned=Received, Actual=Received, ReceivedQty=10
[2026-04-23 16:25:33] INFO: ASN WMS-ASN-EXT-00004 Carton CNWH63283: Assigned=Received, Actual=Received, ReceivedQty=10
[2026-04-23 16:25:33] INFO: ASN WMS-ASN-EXT-00004 Carton CNWH63284: Assigned=Received, Actual=Received, ReceivedQty=10
[2026-04-23 16:25:33] INFO: ASN WMS-ASN-EXT-00004 Carton CNWH63285: Assigned=Received, Actual=Received, ReceivedQty=10
[2026-04-23 16:25:33] INFO: ASN WMS-ASN-EXT-00004 Carton CNWH63286: Assigned=Received, Actual=Received, ReceivedQty=10
[2026-04-23 16:25:33] INFO: ASN WMS-ASN-EXT-00004 Carton CNWH63287: Assigned=Received, Actual=Received, ReceivedQty=10
[2026-04-23 16:25:33] INFO: ASN WMS-ASN-EXT-00004 Carton CNWH63288: Assigned=Received, Actual=Received, ReceivedQty=10
[2026-04-23 16:25:33] INFO: ASN WMS-ASN-EXT-00004 Carton CNWH63289: Assigned=Received, Actual=Received, ReceivedQty=10
[2026-04-23 16:25:33] INFO: ASN WMS-ASN-EXT-00004 Carton CNWH63441: Assigned=Received, Actual=Received, ReceivedQty=10
[2026-04-23 16:25:33] INFO: ASN WMS-ASN-EXT-00004 Carton CNWH63442: Assigned=Received, Actual=Received, ReceivedQty=10
[2026-04-23 16:25:33] INFO: ASN WMS-ASN-EXT-00004 Carton CNWH65363: Assigned=Received, Actual=Received, ReceivedQty=10
[2026-04-23 16:25:33] INFO: ASN WMS-ASN-EXT-00004 Carton CNWH63502: Assigned=Received, Actual=Received, ReceivedQty=10
[2026-04-23 16:25:33] INFO: ASN WMS-ASN-EXT-00004 Carton CNWH63502: Assigned=Received, Actual=Received, ReceivedQty=10
[2026-04-23 16:25:33] INFO: ASN WMS-ASN-EXT-00004 Carton CNWH64607: Assigned=Received, Actual=Received, ReceivedQty=10
[2026-04-23 16:25:33] INFO: TransferCartonDetailViewModel: Loaded ASN WMS-ASN-EXT-00004
[2026-04-23 16:25:33] INFO: TransferCartonDetailViewModel: Loaded Transfer Order WMS-TO-00001
[2026-04-23 16:25:33] INFO: TransferCartonService: Loading contents for transfer carton TC-WMS-ASN-EXT-00004-1776910813548
[2026-04-23 16:25:33] INFO: TransferCartonService: Executing query with tc_id = 'TC-WMS-ASN-EXT-00004-1776910813548'
[2026-04-23 16:25:33] INFO: TransferCartonService: SQL = SELECT 
                            item_code,
                            carton_id AS source_carton,
                            MAX(NULLIF(TRIM(box_id), '')) AS sort_box_id,
                            SUM(qty) AS quantity,
                            MAX(user_id) AS packed_by,
                            MAX(event_time) AS packed_on
                        FROM tabWmsScanEvent
                        WHERE tc_id = @tc_id
                        AND event_type IN ('PACK_BOX_TO_TC', 'PACK_ITEM_TO_TC')
                        AND item_code IS NOT NULL
                        AND item_code != ''
                        AND qty > 0
                        GROUP BY item_code, carton_id
                        ORDER BY packed_on DESC
[2026-04-23 16:25:33] INFO: TransferCartonService: Total events with tc_id = 'TC-WMS-ASN-EXT-00004-1776910813548': 5
[2026-04-23 16:25:33] INFO: TransferCartonService: Events with item_code: 4
[2026-04-23 16:25:33] INFO: TransferCartonService: PACK_BOX_TO_TC events: 4
[2026-04-23 16:25:33] INFO: TransferCartonService: Found grouped item - ItemCode: 324252, SourceCarton: CNWH64607, BoxId: PUT-1001010, Quantity: 5
[2026-04-23 16:25:33] INFO: TransferCartonService: Found grouped item - ItemCode: 324251, SourceCarton: CNWH63502, BoxId: PUT-1001010, Quantity: 2
[2026-04-23 16:25:33] INFO: TransferCartonService: Found grouped item - ItemCode: 324250, SourceCarton: CNWH63266, BoxId: PUT-1001010, Quantity: 10
[2026-04-23 16:25:33] INFO: TransferCartonService: Found grouped item - ItemCode: 324249, SourceCarton: CNWH63266, BoxId: PUT-1001010, Quantity: 10
[2026-04-23 16:25:33] INFO: TransferCartonService: Processed 4 rows from database
[2026-04-23 16:25:33] INFO: TransferCartonService: Found 4 unique items for transfer carton TC-WMS-ASN-EXT-00004-1776910813548
[2026-04-23 16:25:33] INFO: TransferCartonDetailViewModel: Loaded 4 items for transfer carton TC-WMS-ASN-EXT-00004-1776910813548
[2026-04-23 16:25:33] INFO: ErpNextWmsSyncApiService: GetPrStatusForAsn GET http://printechsdammam.dyndns.org:88/api/method/printechs_wms.api.asn_to_purchase_receipt.get_pr_status_for_asn?asn_no=WMS-ASN-EXT-00004
[2026-04-23 16:25:40] INFO: ErpNextWmsSyncApiService: GetPrStatusForAsn GET http://printechsdammam.dyndns.org:88/api/method/printechs_wms.api.asn_to_purchase_receipt.get_pr_status_for_asn?asn_no=WMS-ASN-EXT-00004
[2026-04-23 16:25:56] INFO: ErpNextWmsSyncApiService: GetPrStatusForAsn GET http://printechsdammam.dyndns.org:88/api/method/printechs_wms.api.asn_to_purchase_receipt.get_pr_status_for_asn?asn_no=WMS-ASN-EXT-00004
[2026-04-23 16:26:11] INFO: ErpNextWmsSyncApiService: GetPrStatusForAsn GET http://printechsdammam.dyndns.org:88/api/method/printechs_wms.api.asn_to_purchase_receipt.get_pr_status_for_asn?asn_no=WMS-ASN-EXT-00004
[2026-04-23 16:26:20] INFO: TransferCartonDetailViewModel: Loading data for TC-WMS-ASN-EXT-00004-1776910707186
[2026-04-23 16:26:20] INFO: ASN ASN-0001 Carton CNWH12858: Assigned=Assigned, Actual=Assigned, ReceivedQty=0
[2026-04-23 16:26:20] INFO: ASN ASN-0001 Carton CNWH12854: Assigned=Assigned, Actual=Assigned, ReceivedQty=0
[2026-04-23 16:26:20] INFO: ASN ASN-0001 Carton CNWH15390: Assigned=Assigned, Actual=Assigned, ReceivedQty=0
[2026-04-23 16:26:20] INFO: ASN ASN-0001 Carton CNWH42441: Assigned=Assigned, Actual=Assigned, ReceivedQty=0
[2026-04-23 16:26:20] INFO: ASN ASN-0001 Carton CNWH64571: Assigned=Assigned, Actual=Assigned, ReceivedQty=0
[2026-04-23 16:26:20] INFO: ASN ASN-0001 Carton CNWH64521: Assigned=Assigned, Actual=Assigned, ReceivedQty=0
[2026-04-23 16:26:20] INFO: ASN ASN-0001 Carton CNWH63561: Assigned=Assigned, Actual=Assigned, ReceivedQty=0
[2026-04-23 16:26:20] INFO: ASN ASN-0001 Carton CNWH63609: Assigned=Assigned, Actual=Assigned, ReceivedQty=0
[2026-04-23 16:26:20] INFO: ASN WMS-ASN-EXT-00004 Carton CNWH63179: Assigned=Received, Actual=Received, ReceivedQty=10
[2026-04-23 16:26:20] INFO: ASN WMS-ASN-EXT-00004 Carton CNWH63180: Assigned=Received, Actual=Received, ReceivedQty=10
[2026-04-23 16:26:20] INFO: ASN WMS-ASN-EXT-00004 Carton CNWH63196: Assigned=Received, Actual=Received, ReceivedQty=10
[2026-04-23 16:26:20] INFO: ASN WMS-ASN-EXT-00004 Carton CNWH63197: Assigned=Received, Actual=Received, ReceivedQty=10
[2026-04-23 16:26:20] INFO: ASN WMS-ASN-EXT-00004 Carton CNWH63198: Assigned=Received, Actual=Received, ReceivedQty=10
[2026-04-23 16:26:20] INFO: ASN WMS-ASN-EXT-00004 Carton CNWH63199: Assigned=Received, Actual=Received, ReceivedQty=10
[2026-04-23 16:26:20] INFO: ASN WMS-ASN-EXT-00004 Carton CNWH63200: Assigned=Received, Actual=Received, ReceivedQty=10
[2026-04-23 16:26:20] INFO: ASN WMS-ASN-EXT-00004 Carton CNWH63266: Assigned=Received, Actual=Received, ReceivedQty=10
[2026-04-23 16:26:20] INFO: ASN WMS-ASN-EXT-00004 Carton CNWH63268: Assigned=Received, Actual=Received, ReceivedQty=10
[2026-04-23 16:26:20] INFO: ASN WMS-ASN-EXT-00004 Carton CNWH63269: Assigned=Received, Actual=Received, ReceivedQty=10
[2026-04-23 16:26:20] INFO: ASN WMS-ASN-EXT-00004 Carton CNWH63270: Assigned=Received, Actual=Received, ReceivedQty=10
[2026-04-23 16:26:20] INFO: ASN WMS-ASN-EXT-00004 Carton CNWH63271: Assigned=Received, Actual=Received, ReceivedQty=10
[2026-04-23 16:26:20] INFO: ASN WMS-ASN-EXT-00004 Carton CNWH63272: Assigned=Received, Actual=Received, ReceivedQty=10
[2026-04-23 16:26:20] INFO: ASN WMS-ASN-EXT-00004 Carton CNWH63275: Assigned=Received, Actual=Received, ReceivedQty=10
[2026-04-23 16:26:20] INFO: ASN WMS-ASN-EXT-00004 Carton CNWH63277: Assigned=Received, Actual=Received, ReceivedQty=10
[2026-04-23 16:26:20] INFO: ASN WMS-ASN-EXT-00004 Carton CNWH63280: Assigned=Received, Actual=Received, ReceivedQty=10
[2026-04-23 16:26:20] INFO: ASN WMS-ASN-EXT-00004 Carton CNWH63282: Assigned=Received, Actual=Received, ReceivedQty=10
[2026-04-23 16:26:20] INFO: ASN WMS-ASN-EXT-00004 Carton CNWH63283: Assigned=Received, Actual=Received, ReceivedQty=10
[2026-04-23 16:26:20] INFO: ASN WMS-ASN-EXT-00004 Carton CNWH63284: Assigned=Received, Actual=Received, ReceivedQty=10
[2026-04-23 16:26:20] INFO: ASN WMS-ASN-EXT-00004 Carton CNWH63285: Assigned=Received, Actual=Received, ReceivedQty=10
[2026-04-23 16:26:20] INFO: ASN WMS-ASN-EXT-00004 Carton CNWH63286: Assigned=Received, Actual=Received, ReceivedQty=10
[2026-04-23 16:26:20] INFO: ASN WMS-ASN-EXT-00004 Carton CNWH63287: Assigned=Received, Actual=Received, ReceivedQty=10
[2026-04-23 16:26:20] INFO: ASN WMS-ASN-EXT-00004 Carton CNWH63288: Assigned=Received, Actual=Received, ReceivedQty=10
[2026-04-23 16:26:20] INFO: ASN WMS-ASN-EXT-00004 Carton CNWH63289: Assigned=Received, Actual=Received, ReceivedQty=10
[2026-04-23 16:26:20] INFO: ASN WMS-ASN-EXT-00004 Carton CNWH63441: Assigned=Received, Actual=Received, ReceivedQty=10
[2026-04-23 16:26:20] INFO: ASN WMS-ASN-EXT-00004 Carton CNWH63442: Assigned=Received, Actual=Received, ReceivedQty=10
[2026-04-23 16:26:20] INFO: ASN WMS-ASN-EXT-00004 Carton CNWH63444: Assigned=Received, Actual=Received, ReceivedQty=10
[2026-04-23 16:26:20] INFO: ASN WMS-ASN-EXT-00004 Carton CNWH63446: Assigned=Received, Actual=Received, ReceivedQty=10
[2026-04-23 16:26:20] INFO: ASN WMS-ASN-EXT-00004 Carton CNWH63448: Assigned=Received, Actual=Received, ReceivedQty=10
[2026-04-23 16:26:20] INFO: ASN WMS-ASN-EXT-00004 Carton CNWH65363: Assigned=Received, Actual=Received, ReceivedQty=10
[2026-04-23 16:26:20] INFO: ASN WMS-ASN-EXT-00004 Carton CNWH63179: Assigned=Received, Actual=Received, ReceivedQty=10
[2026-04-23 16:26:20] INFO: ASN WMS-ASN-EXT-00004 Carton CNWH63180: Assigned=Received, Actual=Received, ReceivedQty=10
[2026-04-23 16:26:20] INFO: ASN WMS-ASN-EXT-00004 Carton CNWH63196: Assigned=Received, Actual=Received, ReceivedQty=10
[2026-04-23 16:26:20] INFO: ASN WMS-ASN-EXT-00004 Carton CNWH63197: Assigned=Received, Actual=Received, ReceivedQty=10
[2026-04-23 16:26:20] INFO: ASN WMS-ASN-EXT-00004 Carton CNWH63198: Assigned=Received, Actual=Received, ReceivedQty=10
[2026-04-23 16:26:20] INFO: ASN WMS-ASN-EXT-00004 Carton CNWH63199: Assigned=Received, Actual=Received, ReceivedQty=10
[2026-04-23 16:26:20] INFO: ASN WMS-ASN-EXT-00004 Carton CNWH63200: Assigned=Received, Actual=Received, ReceivedQty=10
[2026-04-23 16:26:20] INFO: ASN WMS-ASN-EXT-00004 Carton CNWH63266: Assigned=Received, Actual=Received, ReceivedQty=10
[2026-04-23 16:26:20] INFO: ASN WMS-ASN-EXT-00004 Carton CNWH63268: Assigned=Received, Actual=Received, ReceivedQty=10
[2026-04-23 16:26:20] INFO: ASN WMS-ASN-EXT-00004 Carton CNWH63269: Assigned=Received, Actual=Received, ReceivedQty=10
[2026-04-23 16:26:20] INFO: ASN WMS-ASN-EXT-00004 Carton CNWH63270: Assigned=Received, Actual=Received, ReceivedQty=10
[2026-04-23 16:26:20] INFO: ASN WMS-ASN-EXT-00004 Carton CNWH63271: Assigned=Received, Actual=Received, ReceivedQty=10
[2026-04-23 16:26:20] INFO: ASN WMS-ASN-EXT-00004 Carton CNWH63272: Assigned=Received, Actual=Received, ReceivedQty=10
[2026-04-23 16:26:20] INFO: ASN WMS-ASN-EXT-00004 Carton CNWH63275: Assigned=Received, Actual=Received, ReceivedQty=10
[2026-04-23 16:26:20] INFO: ASN WMS-ASN-EXT-00004 Carton CNWH63277: Assigned=Received, Actual=Received, ReceivedQty=10
[2026-04-23 16:26:20] INFO: ASN WMS-ASN-EXT-00004 Carton CNWH63280: Assigned=Received, Actual=Received, ReceivedQty=10
[2026-04-23 16:26:20] INFO: ASN WMS-ASN-EXT-00004 Carton CNWH63282: Assigned=Received, Actual=Received, ReceivedQty=10
[2026-04-23 16:26:20] INFO: ASN WMS-ASN-EXT-00004 Carton CNWH63283: Assigned=Received, Actual=Received, ReceivedQty=10
[2026-04-23 16:26:20] INFO: ASN WMS-ASN-EXT-00004 Carton CNWH63284: Assigned=Received, Actual=Received, ReceivedQty=10
[2026-04-23 16:26:20] INFO: ASN WMS-ASN-EXT-00004 Carton CNWH63285: Assigned=Received, Actual=Received, ReceivedQty=10
[2026-04-23 16:26:20] INFO: ASN WMS-ASN-EXT-00004 Carton CNWH63286: Assigned=Received, Actual=Received, ReceivedQty=10
[2026-04-23 16:26:20] INFO: ASN WMS-ASN-EXT-00004 Carton CNWH63287: Assigned=Received, Actual=Received, ReceivedQty=10
[2026-04-23 16:26:20] INFO: ASN WMS-ASN-EXT-00004 Carton CNWH63288: Assigned=Received, Actual=Received, ReceivedQty=10
[2026-04-23 16:26:20] INFO: ASN WMS-ASN-EXT-00004 Carton CNWH63289: Assigned=Received, Actual=Received, ReceivedQty=10
[2026-04-23 16:26:20] INFO: ASN WMS-ASN-EXT-00004 Carton CNWH63441: Assigned=Received, Actual=Received, ReceivedQty=10
[2026-04-23 16:26:20] INFO: ASN WMS-ASN-EXT-00004 Carton CNWH63442: Assigned=Received, Actual=Received, ReceivedQty=10
[2026-04-23 16:26:20] INFO: ASN WMS-ASN-EXT-00004 Carton CNWH65363: Assigned=Received, Actual=Received, ReceivedQty=10
[2026-04-23 16:26:20] INFO: ASN WMS-ASN-EXT-00004 Carton CNWH63502: Assigned=Received, Actual=Received, ReceivedQty=10
[2026-04-23 16:26:20] INFO: ASN WMS-ASN-EXT-00004 Carton CNWH63502: Assigned=Received, Actual=Received, ReceivedQty=10
[2026-04-23 16:26:20] INFO: ASN WMS-ASN-EXT-00004 Carton CNWH64607: Assigned=Received, Actual=Received, ReceivedQty=10
[2026-04-23 16:26:20] INFO: TransferCartonDetailViewModel: Loaded ASN WMS-ASN-EXT-00004
[2026-04-23 16:26:20] INFO: TransferCartonDetailViewModel: Loaded Transfer Order WMS-TO-00001
[2026-04-23 16:26:20] INFO: TransferCartonService: Loading contents for transfer carton TC-WMS-ASN-EXT-00004-1776910707186
[2026-04-23 16:26:20] INFO: TransferCartonService: Executing query with tc_id = 'TC-WMS-ASN-EXT-00004-1776910707186'
[2026-04-23 16:26:20] INFO: TransferCartonService: SQL = SELECT 
                            item_code,
                            carton_id AS source_carton,
                            MAX(NULLIF(TRIM(box_id), '')) AS sort_box_id,
                            SUM(qty) AS quantity,
                            MAX(user_id) AS packed_by,
                            MAX(event_time) AS packed_on
                        FROM tabWmsScanEvent
                        WHERE tc_id = @tc_id
                        AND event_type IN ('PACK_BOX_TO_TC', 'PACK_ITEM_TO_TC')
                        AND item_code IS NOT NULL
                        AND item_code != ''
                        AND qty > 0
                        GROUP BY item_code, carton_id
                        ORDER BY packed_on DESC
[2026-04-23 16:26:20] INFO: TransferCartonService: Total events with tc_id = 'TC-WMS-ASN-EXT-00004-1776910707186': 5
[2026-04-23 16:26:20] INFO: TransferCartonService: Events with item_code: 4
[2026-04-23 16:26:20] INFO: TransferCartonService: PACK_BOX_TO_TC events: 4
[2026-04-23 16:26:20] INFO: TransferCartonService: Found grouped item - ItemCode: 324250, SourceCarton: CNWH63199, BoxId: PUT-1001001, Quantity: 10
[2026-04-23 16:26:20] INFO: TransferCartonService: Found grouped item - ItemCode: 324251, SourceCarton: CNWH63502, BoxId: PUT-1001001, Quantity: 3
[2026-04-23 16:26:20] INFO: TransferCartonService: Found grouped item - ItemCode: 324249, SourceCarton: CNWH63199, BoxId: PUT-1001001, Quantity: 10
[2026-04-23 16:26:20] INFO: TransferCartonService: Found grouped item - ItemCode: 324252, SourceCarton: CNWH64607, BoxId: PUT-1001001, Quantity: 5
[2026-04-23 16:26:20] INFO: TransferCartonService: Processed 4 rows from database
[2026-04-23 16:26:20] INFO: TransferCartonService: Found 4 unique items for transfer carton TC-WMS-ASN-EXT-00004-1776910707186
[2026-04-23 16:26:20] INFO: TransferCartonDetailViewModel: Loaded 4 items for transfer carton TC-WMS-ASN-EXT-00004-1776910707186
[2026-04-23 16:26:20] INFO: ErpNextWmsSyncApiService: GetPrStatusForAsn GET http://printechsdammam.dyndns.org:88/api/method/printechs_wms.api.asn_to_purchase_receipt.get_pr_status_for_asn?asn_no=WMS-ASN-EXT-00004
[2026-04-23 16:26:26] INFO: ErpNextWmsSyncApiService: GetPrStatusForAsn GET http://printechsdammam.dyndns.org:88/api/method/printechs_wms.api.asn_to_purchase_receipt.get_pr_status_for_asn?asn_no=WMS-ASN-EXT-00004
[2026-04-23 16:26:37] INFO: TransferCartonDetailViewModel: Loading data for TC-WMS-ASN-EXT-00004-1776910813548
[2026-04-23 16:26:37] INFO: ASN ASN-0001 Carton CNWH12858: Assigned=Assigned, Actual=Assigned, ReceivedQty=0
[2026-04-23 16:26:37] INFO: ASN ASN-0001 Carton CNWH12854: Assigned=Assigned, Actual=Assigned, ReceivedQty=0
[2026-04-23 16:26:37] INFO: ASN ASN-0001 Carton CNWH15390: Assigned=Assigned, Actual=Assigned, ReceivedQty=0
[2026-04-23 16:26:37] INFO: ASN ASN-0001 Carton CNWH42441: Assigned=Assigned, Actual=Assigned, ReceivedQty=0
[2026-04-23 16:26:37] INFO: ASN ASN-0001 Carton CNWH64571: Assigned=Assigned, Actual=Assigned, ReceivedQty=0
[2026-04-23 16:26:37] INFO: ASN ASN-0001 Carton CNWH64521: Assigned=Assigned, Actual=Assigned, ReceivedQty=0
[2026-04-23 16:26:37] INFO: ASN ASN-0001 Carton CNWH63561: Assigned=Assigned, Actual=Assigned, ReceivedQty=0
[2026-04-23 16:26:37] INFO: ASN ASN-0001 Carton CNWH63609: Assigned=Assigned, Actual=Assigned, ReceivedQty=0
[2026-04-23 16:26:37] INFO: ASN WMS-ASN-EXT-00004 Carton CNWH63179: Assigned=Received, Actual=Received, ReceivedQty=10
[2026-04-23 16:26:37] INFO: ASN WMS-ASN-EXT-00004 Carton CNWH63180: Assigned=Received, Actual=Received, ReceivedQty=10
[2026-04-23 16:26:37] INFO: ASN WMS-ASN-EXT-00004 Carton CNWH63196: Assigned=Received, Actual=Received, ReceivedQty=10
[2026-04-23 16:26:37] INFO: ASN WMS-ASN-EXT-00004 Carton CNWH63197: Assigned=Received, Actual=Received, ReceivedQty=10
[2026-04-23 16:26:37] INFO: ASN WMS-ASN-EXT-00004 Carton CNWH63198: Assigned=Received, Actual=Received, ReceivedQty=10
[2026-04-23 16:26:37] INFO: ASN WMS-ASN-EXT-00004 Carton CNWH63199: Assigned=Received, Actual=Received, ReceivedQty=10
[2026-04-23 16:26:37] INFO: ASN WMS-ASN-EXT-00004 Carton CNWH63200: Assigned=Received, Actual=Received, ReceivedQty=10
[2026-04-23 16:26:37] INFO: ASN WMS-ASN-EXT-00004 Carton CNWH63266: Assigned=Received, Actual=Received, ReceivedQty=10
[2026-04-23 16:26:37] INFO: ASN WMS-ASN-EXT-00004 Carton CNWH63268: Assigned=Received, Actual=Received, ReceivedQty=10
[2026-04-23 16:26:37] INFO: ASN WMS-ASN-EXT-00004 Carton CNWH63269: Assigned=Received, Actual=Received, ReceivedQty=10
[2026-04-23 16:26:37] INFO: ASN WMS-ASN-EXT-00004 Carton CNWH63270: Assigned=Received, Actual=Received, ReceivedQty=10
[2026-04-23 16:26:37] INFO: ASN WMS-ASN-EXT-00004 Carton CNWH63271: Assigned=Received, Actual=Received, ReceivedQty=10
[2026-04-23 16:26:37] INFO: ASN WMS-ASN-EXT-00004 Carton CNWH63272: Assigned=Received, Actual=Received, ReceivedQty=10
[2026-04-23 16:26:37] INFO: ASN WMS-ASN-EXT-00004 Carton CNWH63275: Assigned=Received, Actual=Received, ReceivedQty=10
[2026-04-23 16:26:37] INFO: ASN WMS-ASN-EXT-00004 Carton CNWH63277: Assigned=Received, Actual=Received, ReceivedQty=10
[2026-04-23 16:26:37] INFO: ASN WMS-ASN-EXT-00004 Carton CNWH63280: Assigned=Received, Actual=Received, ReceivedQty=10
[2026-04-23 16:26:37] INFO: ASN WMS-ASN-EXT-00004 Carton CNWH63282: Assigned=Received, Actual=Received, ReceivedQty=10
[2026-04-23 16:26:37] INFO: ASN WMS-ASN-EXT-00004 Carton CNWH63283: Assigned=Received, Actual=Received, ReceivedQty=10
[2026-04-23 16:26:37] INFO: ASN WMS-ASN-EXT-00004 Carton CNWH63284: Assigned=Received, Actual=Received, ReceivedQty=10
[2026-04-23 16:26:37] INFO: ASN WMS-ASN-EXT-00004 Carton CNWH63285: Assigned=Received, Actual=Received, ReceivedQty=10
[2026-04-23 16:26:37] INFO: ASN WMS-ASN-EXT-00004 Carton CNWH63286: Assigned=Received, Actual=Received, ReceivedQty=10
[2026-04-23 16:26:37] INFO: ASN WMS-ASN-EXT-00004 Carton CNWH63287: Assigned=Received, Actual=Received, ReceivedQty=10
[2026-04-23 16:26:37] INFO: ASN WMS-ASN-EXT-00004 Carton CNWH63288: Assigned=Received, Actual=Received, ReceivedQty=10
[2026-04-23 16:26:37] INFO: ASN WMS-ASN-EXT-00004 Carton CNWH63289: Assigned=Received, Actual=Received, ReceivedQty=10
[2026-04-23 16:26:37] INFO: ASN WMS-ASN-EXT-00004 Carton CNWH63441: Assigned=Received, Actual=Received, ReceivedQty=10
[2026-04-23 16:26:37] INFO: ASN WMS-ASN-EXT-00004 Carton CNWH63442: Assigned=Received, Actual=Received, ReceivedQty=10
[2026-04-23 16:26:37] INFO: ASN WMS-ASN-EXT-00004 Carton CNWH63444: Assigned=Received, Actual=Received, ReceivedQty=10
[2026-04-23 16:26:37] INFO: ASN WMS-ASN-EXT-00004 Carton CNWH63446: Assigned=Received, Actual=Received, ReceivedQty=10
[2026-04-23 16:26:37] INFO: ASN WMS-ASN-EXT-00004 Carton CNWH63448: Assigned=Received, Actual=Received, ReceivedQty=10
[2026-04-23 16:26:37] INFO: ASN WMS-ASN-EXT-00004 Carton CNWH65363: Assigned=Received, Actual=Received, ReceivedQty=10
[2026-04-23 16:26:37] INFO: ASN WMS-ASN-EXT-00004 Carton CNWH63179: Assigned=Received, Actual=Received, ReceivedQty=10
[2026-04-23 16:26:37] INFO: ASN WMS-ASN-EXT-00004 Carton CNWH63180: Assigned=Received, Actual=Received, ReceivedQty=10
[2026-04-23 16:26:37] INFO: ASN WMS-ASN-EXT-00004 Carton CNWH63196: Assigned=Received, Actual=Received, ReceivedQty=10
[2026-04-23 16:26:37] INFO: ASN WMS-ASN-EXT-00004 Carton CNWH63197: Assigned=Received, Actual=Received, ReceivedQty=10
[2026-04-23 16:26:37] INFO: ASN WMS-ASN-EXT-00004 Carton CNWH63198: Assigned=Received, Actual=Received, ReceivedQty=10
[2026-04-23 16:26:37] INFO: ASN WMS-ASN-EXT-00004 Carton CNWH63199: Assigned=Received, Actual=Received, ReceivedQty=10
[2026-04-23 16:26:37] INFO: ASN WMS-ASN-EXT-00004 Carton CNWH63200: Assigned=Received, Actual=Received, ReceivedQty=10
[2026-04-23 16:26:37] INFO: ASN WMS-ASN-EXT-00004 Carton CNWH63266: Assigned=Received, Actual=Received, ReceivedQty=10
[2026-04-23 16:26:37] INFO: ASN WMS-ASN-EXT-00004 Carton CNWH63268: Assigned=Received, Actual=Received, ReceivedQty=10
[2026-04-23 16:26:37] INFO: ASN WMS-ASN-EXT-00004 Carton CNWH63269: Assigned=Received, Actual=Received, ReceivedQty=10
[2026-04-23 16:26:37] INFO: ASN WMS-ASN-EXT-00004 Carton CNWH63270: Assigned=Received, Actual=Received, ReceivedQty=10
[2026-04-23 16:26:37] INFO: ASN WMS-ASN-EXT-00004 Carton CNWH63271: Assigned=Received, Actual=Received, ReceivedQty=10
[2026-04-23 16:26:37] INFO: ASN WMS-ASN-EXT-00004 Carton CNWH63272: Assigned=Received, Actual=Received, ReceivedQty=10
[2026-04-23 16:26:37] INFO: ASN WMS-ASN-EXT-00004 Carton CNWH63275: Assigned=Received, Actual=Received, ReceivedQty=10
[2026-04-23 16:26:37] INFO: ASN WMS-ASN-EXT-00004 Carton CNWH63277: Assigned=Received, Actual=Received, ReceivedQty=10
[2026-04-23 16:26:37] INFO: ASN WMS-ASN-EXT-00004 Carton CNWH63280: Assigned=Received, Actual=Received, ReceivedQty=10
[2026-04-23 16:26:37] INFO: ASN WMS-ASN-EXT-00004 Carton CNWH63282: Assigned=Received, Actual=Received, ReceivedQty=10
[2026-04-23 16:26:37] INFO: ASN WMS-ASN-EXT-00004 Carton CNWH63283: Assigned=Received, Actual=Received, ReceivedQty=10
[2026-04-23 16:26:37] INFO: ASN WMS-ASN-EXT-00004 Carton CNWH63284: Assigned=Received, Actual=Received, ReceivedQty=10
[2026-04-23 16:26:37] INFO: ASN WMS-ASN-EXT-00004 Carton CNWH63285: Assigned=Received, Actual=Received, ReceivedQty=10
[2026-04-23 16:26:37] INFO: ASN WMS-ASN-EXT-00004 Carton CNWH63286: Assigned=Received, Actual=Received, ReceivedQty=10
[2026-04-23 16:26:37] INFO: ASN WMS-ASN-EXT-00004 Carton CNWH63287: Assigned=Received, Actual=Received, ReceivedQty=10
[2026-04-23 16:26:37] INFO: ASN WMS-ASN-EXT-00004 Carton CNWH63288: Assigned=Received, Actual=Received, ReceivedQty=10
[2026-04-23 16:26:37] INFO: ASN WMS-ASN-EXT-00004 Carton CNWH63289: Assigned=Received, Actual=Received, ReceivedQty=10
[2026-04-23 16:26:37] INFO: ASN WMS-ASN-EXT-00004 Carton CNWH63441: Assigned=Received, Actual=Received, ReceivedQty=10
[2026-04-23 16:26:37] INFO: ASN WMS-ASN-EXT-00004 Carton CNWH63442: Assigned=Received, Actual=Received, ReceivedQty=10
[2026-04-23 16:26:37] INFO: ASN WMS-ASN-EXT-00004 Carton CNWH65363: Assigned=Received, Actual=Received, ReceivedQty=10
[2026-04-23 16:26:37] INFO: ASN WMS-ASN-EXT-00004 Carton CNWH63502: Assigned=Received, Actual=Received, ReceivedQty=10
[2026-04-23 16:26:37] INFO: ASN WMS-ASN-EXT-00004 Carton CNWH63502: Assigned=Received, Actual=Received, ReceivedQty=10
[2026-04-23 16:26:37] INFO: ASN WMS-ASN-EXT-00004 Carton CNWH64607: Assigned=Received, Actual=Received, ReceivedQty=10
[2026-04-23 16:26:37] INFO: TransferCartonDetailViewModel: Loaded ASN WMS-ASN-EXT-00004
[2026-04-23 16:26:37] INFO: TransferCartonDetailViewModel: Loaded Transfer Order WMS-TO-00001
[2026-04-23 16:26:37] INFO: TransferCartonService: Loading contents for transfer carton TC-WMS-ASN-EXT-00004-1776910813548
[2026-04-23 16:26:37] INFO: TransferCartonService: Executing query with tc_id = 'TC-WMS-ASN-EXT-00004-1776910813548'
[2026-04-23 16:26:37] INFO: TransferCartonService: SQL = SELECT 
                            item_code,
                            carton_id AS source_carton,
                            MAX(NULLIF(TRIM(box_id), '')) AS sort_box_id,
                            SUM(qty) AS quantity,
                            MAX(user_id) AS packed_by,
                            MAX(event_time) AS packed_on
                        FROM tabWmsScanEvent
                        WHERE tc_id = @tc_id
                        AND event_type IN ('PACK_BOX_TO_TC', 'PACK_ITEM_TO_TC')
                        AND item_code IS NOT NULL
                        AND item_code != ''
                        AND qty > 0
                        GROUP BY item_code, carton_id
                        ORDER BY packed_on DESC
[2026-04-23 16:26:37] INFO: TransferCartonService: Total events with tc_id = 'TC-WMS-ASN-EXT-00004-1776910813548': 5
[2026-04-23 16:26:37] INFO: TransferCartonService: Events with item_code: 4
[2026-04-23 16:26:37] INFO: TransferCartonService: PACK_BOX_TO_TC events: 4
[2026-04-23 16:26:37] INFO: TransferCartonService: Found grouped item - ItemCode: 324252, SourceCarton: CNWH64607, BoxId: PUT-1001010, Quantity: 5
[2026-04-23 16:26:37] INFO: TransferCartonService: Found grouped item - ItemCode: 324251, SourceCarton: CNWH63502, BoxId: PUT-1001010, Quantity: 2
[2026-04-23 16:26:37] INFO: TransferCartonService: Found grouped item - ItemCode: 324250, SourceCarton: CNWH63266, BoxId: PUT-1001010, Quantity: 10
[2026-04-23 16:26:37] INFO: TransferCartonService: Found grouped item - ItemCode: 324249, SourceCarton: CNWH63266, BoxId: PUT-1001010, Quantity: 10
[2026-04-23 16:26:37] INFO: TransferCartonService: Processed 4 rows from database
[2026-04-23 16:26:37] INFO: TransferCartonService: Found 4 unique items for transfer carton TC-WMS-ASN-EXT-00004-1776910813548
[2026-04-23 16:26:37] INFO: TransferCartonDetailViewModel: Loaded 4 items for transfer carton TC-WMS-ASN-EXT-00004-1776910813548
[2026-04-23 16:26:37] INFO: ErpNextWmsSyncApiService: GetPrStatusForAsn GET http://printechsdammam.dyndns.org:88/api/method/printechs_wms.api.asn_to_purchase_receipt.get_pr_status_for_asn?asn_no=WMS-ASN-EXT-00004
[2026-04-23 16:26:38] INFO: ErpNextWmsSyncApiService: GetPrStatusForAsn GET http://printechsdammam.dyndns.org:88/api/method/printechs_wms.api.asn_to_purchase_receipt.get_pr_status_for_asn?asn_no=WMS-ASN-EXT-00004
[2026-04-23 16:27:53] INFO: TransferCartonDetailViewModel: Loading data for TC-WMS-ASN-EXT-00004-1776910707186
[2026-04-23 16:27:53] INFO: ASN ASN-0001 Carton CNWH12858: Assigned=Assigned, Actual=Assigned, ReceivedQty=0
[2026-04-23 16:27:53] INFO: ASN ASN-0001 Carton CNWH12854: Assigned=Assigned, Actual=Assigned, ReceivedQty=0
[2026-04-23 16:27:53] INFO: ASN ASN-0001 Carton CNWH15390: Assigned=Assigned, Actual=Assigned, ReceivedQty=0
[2026-04-23 16:27:53] INFO: ASN ASN-0001 Carton CNWH42441: Assigned=Assigned, Actual=Assigned, ReceivedQty=0
[2026-04-23 16:27:53] INFO: ASN ASN-0001 Carton CNWH64571: Assigned=Assigned, Actual=Assigned, ReceivedQty=0
[2026-04-23 16:27:53] INFO: ASN ASN-0001 Carton CNWH64521: Assigned=Assigned, Actual=Assigned, ReceivedQty=0
[2026-04-23 16:27:53] INFO: ASN ASN-0001 Carton CNWH63561: Assigned=Assigned, Actual=Assigned, ReceivedQty=0
[2026-04-23 16:27:53] INFO: ASN ASN-0001 Carton CNWH63609: Assigned=Assigned, Actual=Assigned, ReceivedQty=0
[2026-04-23 16:27:53] INFO: ASN WMS-ASN-EXT-00004 Carton CNWH63179: Assigned=Received, Actual=Received, ReceivedQty=10
[2026-04-23 16:27:53] INFO: ASN WMS-ASN-EXT-00004 Carton CNWH63180: Assigned=Received, Actual=Received, ReceivedQty=10
[2026-04-23 16:27:53] INFO: ASN WMS-ASN-EXT-00004 Carton CNWH63196: Assigned=Received, Actual=Received, ReceivedQty=10
[2026-04-23 16:27:53] INFO: ASN WMS-ASN-EXT-00004 Carton CNWH63197: Assigned=Received, Actual=Received, ReceivedQty=10
[2026-04-23 16:27:53] INFO: ASN WMS-ASN-EXT-00004 Carton CNWH63198: Assigned=Received, Actual=Received, ReceivedQty=10
[2026-04-23 16:27:53] INFO: ASN WMS-ASN-EXT-00004 Carton CNWH63199: Assigned=Received, Actual=Received, ReceivedQty=10
[2026-04-23 16:27:53] INFO: ASN WMS-ASN-EXT-00004 Carton CNWH63200: Assigned=Received, Actual=Received, ReceivedQty=10
[2026-04-23 16:27:53] INFO: ASN WMS-ASN-EXT-00004 Carton CNWH63266: Assigned=Received, Actual=Received, ReceivedQty=10
[2026-04-23 16:27:53] INFO: ASN WMS-ASN-EXT-00004 Carton CNWH63268: Assigned=Received, Actual=Received, ReceivedQty=10
[2026-04-23 16:27:53] INFO: ASN WMS-ASN-EXT-00004 Carton CNWH63269: Assigned=Received, Actual=Received, ReceivedQty=10
[2026-04-23 16:27:53] INFO: ASN WMS-ASN-EXT-00004 Carton CNWH63270: Assigned=Received, Actual=Received, ReceivedQty=10
[2026-04-23 16:27:53] INFO: ASN WMS-ASN-EXT-00004 Carton CNWH63271: Assigned=Received, Actual=Received, ReceivedQty=10
[2026-04-23 16:27:53] INFO: ASN WMS-ASN-EXT-00004 Carton CNWH63272: Assigned=Received, Actual=Received, ReceivedQty=10
[2026-04-23 16:27:53] INFO: ASN WMS-ASN-EXT-00004 Carton CNWH63275: Assigned=Received, Actual=Received, ReceivedQty=10
[2026-04-23 16:27:53] INFO: ASN WMS-ASN-EXT-00004 Carton CNWH63277: Assigned=Received, Actual=Received, ReceivedQty=10
[2026-04-23 16:27:53] INFO: ASN WMS-ASN-EXT-00004 Carton CNWH63280: Assigned=Received, Actual=Received, ReceivedQty=10
[2026-04-23 16:27:53] INFO: ASN WMS-ASN-EXT-00004 Carton CNWH63282: Assigned=Received, Actual=Received, ReceivedQty=10
[2026-04-23 16:27:53] INFO: ASN WMS-ASN-EXT-00004 Carton CNWH63283: Assigned=Received, Actual=Received, ReceivedQty=10
[2026-04-23 16:27:53] INFO: ASN WMS-ASN-EXT-00004 Carton CNWH63284: Assigned=Received, Actual=Received, ReceivedQty=10
[2026-04-23 16:27:53] INFO: ASN WMS-ASN-EXT-00004 Carton CNWH63285: Assigned=Received, Actual=Received, ReceivedQty=10
[2026-04-23 16:27:53] INFO: ASN WMS-ASN-EXT-00004 Carton CNWH63286: Assigned=Received, Actual=Received, ReceivedQty=10
[2026-04-23 16:27:53] INFO: ASN WMS-ASN-EXT-00004 Carton CNWH63287: Assigned=Received, Actual=Received, ReceivedQty=10
[2026-04-23 16:27:53] INFO: ASN WMS-ASN-EXT-00004 Carton CNWH63288: Assigned=Received, Actual=Received, ReceivedQty=10
[2026-04-23 16:27:53] INFO: ASN WMS-ASN-EXT-00004 Carton CNWH63289: Assigned=Received, Actual=Received, ReceivedQty=10
[2026-04-23 16:27:53] INFO: ASN WMS-ASN-EXT-00004 Carton CNWH63441: Assigned=Received, Actual=Received, ReceivedQty=10
[2026-04-23 16:27:53] INFO: ASN WMS-ASN-EXT-00004 Carton CNWH63442: Assigned=Received, Actual=Received, ReceivedQty=10
[2026-04-23 16:27:53] INFO: ASN WMS-ASN-EXT-00004 Carton CNWH63444: Assigned=Received, Actual=Received, ReceivedQty=10
[2026-04-23 16:27:53] INFO: ASN WMS-ASN-EXT-00004 Carton CNWH63446: Assigned=Received, Actual=Received, ReceivedQty=10
[2026-04-23 16:27:53] INFO: ASN WMS-ASN-EXT-00004 Carton CNWH63448: Assigned=Received, Actual=Received, ReceivedQty=10
[2026-04-23 16:27:53] INFO: ASN WMS-ASN-EXT-00004 Carton CNWH65363: Assigned=Received, Actual=Received, ReceivedQty=10
[2026-04-23 16:27:53] INFO: ASN WMS-ASN-EXT-00004 Carton CNWH63179: Assigned=Received, Actual=Received, ReceivedQty=10
[2026-04-23 16:27:53] INFO: ASN WMS-ASN-EXT-00004 Carton CNWH63180: Assigned=Received, Actual=Received, ReceivedQty=10
[2026-04-23 16:27:53] INFO: ASN WMS-ASN-EXT-00004 Carton CNWH63196: Assigned=Received, Actual=Received, ReceivedQty=10
[2026-04-23 16:27:53] INFO: ASN WMS-ASN-EXT-00004 Carton CNWH63197: Assigned=Received, Actual=Received, ReceivedQty=10
[2026-04-23 16:27:53] INFO: ASN WMS-ASN-EXT-00004 Carton CNWH63198: Assigned=Received, Actual=Received, ReceivedQty=10
[2026-04-23 16:27:53] INFO: ASN WMS-ASN-EXT-00004 Carton CNWH63199: Assigned=Received, Actual=Received, ReceivedQty=10
[2026-04-23 16:27:53] INFO: ASN WMS-ASN-EXT-00004 Carton CNWH63200: Assigned=Received, Actual=Received, ReceivedQty=10
[2026-04-23 16:27:53] INFO: ASN WMS-ASN-EXT-00004 Carton CNWH63266: Assigned=Received, Actual=Received, ReceivedQty=10
[2026-04-23 16:27:53] INFO: ASN WMS-ASN-EXT-00004 Carton CNWH63268: Assigned=Received, Actual=Received, ReceivedQty=10
[2026-04-23 16:27:53] INFO: ASN WMS-ASN-EXT-00004 Carton CNWH63269: Assigned=Received, Actual=Received, ReceivedQty=10
[2026-04-23 16:27:53] INFO: ASN WMS-ASN-EXT-00004 Carton CNWH63270: Assigned=Received, Actual=Received, ReceivedQty=10
[2026-04-23 16:27:53] INFO: ASN WMS-ASN-EXT-00004 Carton CNWH63271: Assigned=Received, Actual=Received, ReceivedQty=10
[2026-04-23 16:27:53] INFO: ASN WMS-ASN-EXT-00004 Carton CNWH63272: Assigned=Received, Actual=Received, ReceivedQty=10
[2026-04-23 16:27:53] INFO: ASN WMS-ASN-EXT-00004 Carton CNWH63275: Assigned=Received, Actual=Received, ReceivedQty=10
[2026-04-23 16:27:53] INFO: ASN WMS-ASN-EXT-00004 Carton CNWH63277: Assigned=Received, Actual=Received, ReceivedQty=10
[2026-04-23 16:27:53] INFO: ASN WMS-ASN-EXT-00004 Carton CNWH63280: Assigned=Received, Actual=Received, ReceivedQty=10
[2026-04-23 16:27:53] INFO: ASN WMS-ASN-EXT-00004 Carton CNWH63282: Assigned=Received, Actual=Received, ReceivedQty=10
[2026-04-23 16:27:53] INFO: ASN WMS-ASN-EXT-00004 Carton CNWH63283: Assigned=Received, Actual=Received, ReceivedQty=10
[2026-04-23 16:27:53] INFO: ASN WMS-ASN-EXT-00004 Carton CNWH63284: Assigned=Received, Actual=Received, ReceivedQty=10
[2026-04-23 16:27:53] INFO: ASN WMS-ASN-EXT-00004 Carton CNWH63285: Assigned=Received, Actual=Received, ReceivedQty=10
[2026-04-23 16:27:53] INFO: ASN WMS-ASN-EXT-00004 Carton CNWH63286: Assigned=Received, Actual=Received, ReceivedQty=10
[2026-04-23 16:27:53] INFO: ASN WMS-ASN-EXT-00004 Carton CNWH63287: Assigned=Received, Actual=Received, ReceivedQty=10
[2026-04-23 16:27:53] INFO: ASN WMS-ASN-EXT-00004 Carton CNWH63288: Assigned=Received, Actual=Received, ReceivedQty=10
[2026-04-23 16:27:53] INFO: ASN WMS-ASN-EXT-00004 Carton CNWH63289: Assigned=Received, Actual=Received, ReceivedQty=10
[2026-04-23 16:27:53] INFO: ASN WMS-ASN-EXT-00004 Carton CNWH63441: Assigned=Received, Actual=Received, ReceivedQty=10
[2026-04-23 16:27:53] INFO: ASN WMS-ASN-EXT-00004 Carton CNWH63442: Assigned=Received, Actual=Received, ReceivedQty=10
[2026-04-23 16:27:53] INFO: ASN WMS-ASN-EXT-00004 Carton CNWH65363: Assigned=Received, Actual=Received, ReceivedQty=10
[2026-04-23 16:27:53] INFO: ASN WMS-ASN-EXT-00004 Carton CNWH63502: Assigned=Received, Actual=Received, ReceivedQty=10
[2026-04-23 16:27:53] INFO: ASN WMS-ASN-EXT-00004 Carton CNWH63502: Assigned=Received, Actual=Received, ReceivedQty=10
[2026-04-23 16:27:53] INFO: ASN WMS-ASN-EXT-00004 Carton CNWH64607: Assigned=Received, Actual=Received, ReceivedQty=10
[2026-04-23 16:27:53] INFO: TransferCartonDetailViewModel: Loaded ASN WMS-ASN-EXT-00004
[2026-04-23 16:27:53] INFO: TransferCartonDetailViewModel: Loaded Transfer Order WMS-TO-00001
[2026-04-23 16:27:53] INFO: TransferCartonService: Loading contents for transfer carton TC-WMS-ASN-EXT-00004-1776910707186
[2026-04-23 16:27:53] INFO: TransferCartonService: Executing query with tc_id = 'TC-WMS-ASN-EXT-00004-1776910707186'
[2026-04-23 16:27:53] INFO: TransferCartonService: SQL = SELECT 
                            item_code,
                            carton_id AS source_carton,
                            MAX(NULLIF(TRIM(box_id), '')) AS sort_box_id,
                            SUM(qty) AS quantity,
                            MAX(user_id) AS packed_by,
                            MAX(event_time) AS packed_on
                        FROM tabWmsScanEvent
                        WHERE tc_id = @tc_id
                        AND event_type IN ('PACK_BOX_TO_TC', 'PACK_ITEM_TO_TC')
                        AND item_code IS NOT NULL
                        AND item_code != ''
                        AND qty > 0
                        GROUP BY item_code, carton_id
                        ORDER BY packed_on DESC
[2026-04-23 16:27:53] INFO: TransferCartonService: Total events with tc_id = 'TC-WMS-ASN-EXT-00004-1776910707186': 5
[2026-04-23 16:27:53] INFO: TransferCartonService: Events with item_code: 4
[2026-04-23 16:27:53] INFO: TransferCartonService: PACK_BOX_TO_TC events: 4
[2026-04-23 16:27:53] INFO: TransferCartonService: Found grouped item - ItemCode: 324250, SourceCarton: CNWH63199, BoxId: PUT-1001001, Quantity: 10
[2026-04-23 16:27:53] INFO: TransferCartonService: Found grouped item - ItemCode: 324251, SourceCarton: CNWH63502, BoxId: PUT-1001001, Quantity: 3
[2026-04-23 16:27:53] INFO: TransferCartonService: Found grouped item - ItemCode: 324249, SourceCarton: CNWH63199, BoxId: PUT-1001001, Quantity: 10
[2026-04-23 16:27:53] INFO: TransferCartonService: Found grouped item - ItemCode: 324252, SourceCarton: CNWH64607, BoxId: PUT-1001001, Quantity: 5
[2026-04-23 16:27:53] INFO: TransferCartonService: Processed 4 rows from database
[2026-04-23 16:27:53] INFO: TransferCartonService: Found 4 unique items for transfer carton TC-WMS-ASN-EXT-00004-1776910707186
[2026-04-23 16:27:53] INFO: TransferCartonDetailViewModel: Loaded 4 items for transfer carton TC-WMS-ASN-EXT-00004-1776910707186
[2026-04-23 16:27:53] INFO: ErpNextWmsSyncApiService: GetPrStatusForAsn GET http://printechsdammam.dyndns.org:88/api/method/printechs_wms.api.asn_to_purchase_receipt.get_pr_status_for_asn?asn_no=WMS-ASN-EXT-00004
[2026-04-23 16:29:19] INFO: PutawayTaskDataService: Loaded task PUT-20260423-0001 with status Completed
[2026-04-23 16:29:19] INFO: PutawayTaskDataService: SQL Query: SELECT pl.parent_title, pl.carton_id, pl.item_code, SUM(pl.qty) as qty, pl.rack, pl.bin, pl.location_id
                         FROM tabPutawayLine pl
                         WHERE pl.parent_title IN (@title0)
                         GROUP BY pl.parent_title, pl.carton_id, pl.item_code, pl.rack, pl.bin, pl.location_id
                         ORDER BY pl.parent_title, pl.item_code
[2026-04-23 16:29:19] INFO: PutawayTaskDataService: Querying lines for 1 tasks: PUT-20260423-0001
[2026-04-23 16:29:19] INFO: PutawayTaskDataService: Read 4 lines, now looking up location_ids from tabLocation
[2026-04-23 16:29:19] INFO: PutawayTaskDataService: Added line for PUT-20260423-0001: 324249 (Qty: 100, Carton: PAW-WMSASNEXT00004-1776848415615)
[2026-04-23 16:29:19] INFO: PutawayTaskDataService: Added line for PUT-20260423-0001: 324250 (Qty: 70, Carton: PAW-WMSASNEXT00004-1776848415615)
[2026-04-23 16:29:19] INFO: PutawayTaskDataService: Added line for PUT-20260423-0001: 324251 (Qty: 5, Carton: PAW-WMSASNEXT00004-1776848415615)
[2026-04-23 16:29:19] INFO: PutawayTaskDataService: Added line for PUT-20260423-0001: 324252 (Qty: 10, Carton: PAW-WMSASNEXT00004-1776848415615)
[2026-04-23 16:29:19] INFO: PutawayTaskDataService: Total lines read from database: 8, Unique parent titles with lines: 1
[2026-04-23 16:29:19] INFO: PutawayTaskDataService: Task PUT-20260423-0001 has 4 line(s)
[2026-04-23 16:29:19] INFO: PutawayTaskDataService: Total tasks loaded: 1
[2026-04-23 16:29:19] INFO: PutawayTaskListViewModel: Loaded 1 putaway tasks from database, 1 unique tasks displayed
[2026-04-23 16:29:19] INFO: TransferCartonListView: Loaded event fired
[2026-04-23 16:29:19] INFO: TransferCartonListView: Calling RefreshAsync on ViewModel
[2026-04-23 16:29:19] INFO: TransferCartonListViewModel: Starting to load transfer cartons
[2026-04-23 16:29:19] INFO: Loading Transfer Cartons from database...
[2026-04-23 16:29:19] INFO: TransferCartonDataService: Starting schema detection
[2026-04-23 16:29:19] INFO: TransferCartonDataService: Found column 'asn_no'
[2026-04-23 16:29:19] INFO: TransferCartonDataService: Found column 'to_no'
[2026-04-23 16:29:19] INFO: TransferCartonDataService: Returning - AsnColumn=asn_no, ToColumn=to_no
[2026-04-23 16:29:19] INFO: Detected schema: AsnColumn=asn_no, ToColumn=to_no
[2026-04-23 16:29:19] INFO: Executing query: SELECT tc_id, status, asn_no, to_no, store, 
                               created_by, created_on, sealed_by, sealed_on, dispatched_on, remarks,
                               purchase_receipt_no, purchase_receipt_docstatus, purchase_receipt_created, purchase_receipt_submitted,
                               warehouse_transfer_no, warehouse_transfer_created
                        FROM tabTransferCarton
                        ORDER BY created_on DESC, tc_id
[2026-04-23 16:29:19] INFO: Loaded 2 transfer cartons from database
[2026-04-23 16:29:19] INFO: TransferCartonListViewModel: Received 2 transfer cartons from service
[2026-04-23 16:29:19] INFO: TransferCartonListViewModel: Added 2 transfer cartons to collection
[2026-04-23 16:29:19] INFO: TransferCartonListView: RefreshAsync completed
[2026-04-23 16:29:21] INFO: TransferCartonDetailViewModel: Loading data for TC-WMS-ASN-EXT-00004-1776910707186
[2026-04-23 16:29:21] INFO: ASN ASN-0001 Carton CNWH12858: Assigned=Assigned, Actual=Assigned, ReceivedQty=0
[2026-04-23 16:29:21] INFO: ASN ASN-0001 Carton CNWH12854: Assigned=Assigned, Actual=Assigned, ReceivedQty=0
[2026-04-23 16:29:21] INFO: ASN ASN-0001 Carton CNWH15390: Assigned=Assigned, Actual=Assigned, ReceivedQty=0
[2026-04-23 16:29:21] INFO: ASN ASN-0001 Carton CNWH42441: Assigned=Assigned, Actual=Assigned, ReceivedQty=0
[2026-04-23 16:29:21] INFO: ASN ASN-0001 Carton CNWH64571: Assigned=Assigned, Actual=Assigned, ReceivedQty=0
[2026-04-23 16:29:21] INFO: ASN ASN-0001 Carton CNWH64521: Assigned=Assigned, Actual=Assigned, ReceivedQty=0
[2026-04-23 16:29:21] INFO: ASN ASN-0001 Carton CNWH63561: Assigned=Assigned, Actual=Assigned, ReceivedQty=0
[2026-04-23 16:29:21] INFO: ASN ASN-0001 Carton CNWH63609: Assigned=Assigned, Actual=Assigned, ReceivedQty=0
[2026-04-23 16:29:21] INFO: ASN WMS-ASN-EXT-00004 Carton CNWH63179: Assigned=Received, Actual=Received, ReceivedQty=10
[2026-04-23 16:29:21] INFO: ASN WMS-ASN-EXT-00004 Carton CNWH63180: Assigned=Received, Actual=Received, ReceivedQty=10
[2026-04-23 16:29:21] INFO: ASN WMS-ASN-EXT-00004 Carton CNWH63196: Assigned=Received, Actual=Received, ReceivedQty=10
[2026-04-23 16:29:21] INFO: ASN WMS-ASN-EXT-00004 Carton CNWH63197: Assigned=Received, Actual=Received, ReceivedQty=10
[2026-04-23 16:29:21] INFO: ASN WMS-ASN-EXT-00004 Carton CNWH63198: Assigned=Received, Actual=Received, ReceivedQty=10
[2026-04-23 16:29:21] INFO: ASN WMS-ASN-EXT-00004 Carton CNWH63199: Assigned=Received, Actual=Received, ReceivedQty=10
[2026-04-23 16:29:21] INFO: ASN WMS-ASN-EXT-00004 Carton CNWH63200: Assigned=Received, Actual=Received, ReceivedQty=10
[2026-04-23 16:29:21] INFO: ASN WMS-ASN-EXT-00004 Carton CNWH63266: Assigned=Received, Actual=Received, ReceivedQty=10
[2026-04-23 16:29:21] INFO: ASN WMS-ASN-EXT-00004 Carton CNWH63268: Assigned=Received, Actual=Received, ReceivedQty=10
[2026-04-23 16:29:21] INFO: ASN WMS-ASN-EXT-00004 Carton CNWH63269: Assigned=Received, Actual=Received, ReceivedQty=10
[2026-04-23 16:29:21] INFO: ASN WMS-ASN-EXT-00004 Carton CNWH63270: Assigned=Received, Actual=Received, ReceivedQty=10
[2026-04-23 16:29:21] INFO: ASN WMS-ASN-EXT-00004 Carton CNWH63271: Assigned=Received, Actual=Received, ReceivedQty=10
[2026-04-23 16:29:21] INFO: ASN WMS-ASN-EXT-00004 Carton CNWH63272: Assigned=Received, Actual=Received, ReceivedQty=10
[2026-04-23 16:29:21] INFO: ASN WMS-ASN-EXT-00004 Carton CNWH63275: Assigned=Received, Actual=Received, ReceivedQty=10
[2026-04-23 16:29:21] INFO: ASN WMS-ASN-EXT-00004 Carton CNWH63277: Assigned=Received, Actual=Received, ReceivedQty=10
[2026-04-23 16:29:21] INFO: ASN WMS-ASN-EXT-00004 Carton CNWH63280: Assigned=Received, Actual=Received, ReceivedQty=10
[2026-04-23 16:29:21] INFO: ASN WMS-ASN-EXT-00004 Carton CNWH63282: Assigned=Received, Actual=Received, ReceivedQty=10
[2026-04-23 16:29:21] INFO: ASN WMS-ASN-EXT-00004 Carton CNWH63283: Assigned=Received, Actual=Received, ReceivedQty=10
[2026-04-23 16:29:21] INFO: ASN WMS-ASN-EXT-00004 Carton CNWH63284: Assigned=Received, Actual=Received, ReceivedQty=10
[2026-04-23 16:29:21] INFO: ASN WMS-ASN-EXT-00004 Carton CNWH63285: Assigned=Received, Actual=Received, ReceivedQty=10
[2026-04-23 16:29:21] INFO: ASN WMS-ASN-EXT-00004 Carton CNWH63286: Assigned=Received, Actual=Received, ReceivedQty=10
[2026-04-23 16:29:21] INFO: ASN WMS-ASN-EXT-00004 Carton CNWH63287: Assigned=Received, Actual=Received, ReceivedQty=10
[2026-04-23 16:29:21] INFO: ASN WMS-ASN-EXT-00004 Carton CNWH63288: Assigned=Received, Actual=Received, ReceivedQty=10
[2026-04-23 16:29:21] INFO: ASN WMS-ASN-EXT-00004 Carton CNWH63289: Assigned=Received, Actual=Received, ReceivedQty=10
[2026-04-23 16:29:21] INFO: ASN WMS-ASN-EXT-00004 Carton CNWH63441: Assigned=Received, Actual=Received, ReceivedQty=10
[2026-04-23 16:29:21] INFO: ASN WMS-ASN-EXT-00004 Carton CNWH63442: Assigned=Received, Actual=Received, ReceivedQty=10
[2026-04-23 16:29:21] INFO: ASN WMS-ASN-EXT-00004 Carton CNWH63444: Assigned=Received, Actual=Received, ReceivedQty=10
[2026-04-23 16:29:21] INFO: ASN WMS-ASN-EXT-00004 Carton CNWH63446: Assigned=Received, Actual=Received, ReceivedQty=10
[2026-04-23 16:29:21] INFO: ASN WMS-ASN-EXT-00004 Carton CNWH63448: Assigned=Received, Actual=Received, ReceivedQty=10
[2026-04-23 16:29:21] INFO: ASN WMS-ASN-EXT-00004 Carton CNWH65363: Assigned=Received, Actual=Received, ReceivedQty=10
[2026-04-23 16:29:21] INFO: ASN WMS-ASN-EXT-00004 Carton CNWH63179: Assigned=Received, Actual=Received, ReceivedQty=10
[2026-04-23 16:29:21] INFO: ASN WMS-ASN-EXT-00004 Carton CNWH63180: Assigned=Received, Actual=Received, ReceivedQty=10
[2026-04-23 16:29:21] INFO: ASN WMS-ASN-EXT-00004 Carton CNWH63196: Assigned=Received, Actual=Received, ReceivedQty=10
[2026-04-23 16:29:21] INFO: ASN WMS-ASN-EXT-00004 Carton CNWH63197: Assigned=Received, Actual=Received, ReceivedQty=10
[2026-04-23 16:29:21] INFO: ASN WMS-ASN-EXT-00004 Carton CNWH63198: Assigned=Received, Actual=Received, ReceivedQty=10
[2026-04-23 16:29:21] INFO: ASN WMS-ASN-EXT-00004 Carton CNWH63199: Assigned=Received, Actual=Received, ReceivedQty=10
[2026-04-23 16:29:21] INFO: ASN WMS-ASN-EXT-00004 Carton CNWH63200: Assigned=Received, Actual=Received, ReceivedQty=10
[2026-04-23 16:29:21] INFO: ASN WMS-ASN-EXT-00004 Carton CNWH63266: Assigned=Received, Actual=Received, ReceivedQty=10
[2026-04-23 16:29:21] INFO: ASN WMS-ASN-EXT-00004 Carton CNWH63268: Assigned=Received, Actual=Received, ReceivedQty=10
[2026-04-23 16:29:21] INFO: ASN WMS-ASN-EXT-00004 Carton CNWH63269: Assigned=Received, Actual=Received, ReceivedQty=10
[2026-04-23 16:29:21] INFO: ASN WMS-ASN-EXT-00004 Carton CNWH63270: Assigned=Received, Actual=Received, ReceivedQty=10
[2026-04-23 16:29:21] INFO: ASN WMS-ASN-EXT-00004 Carton CNWH63271: Assigned=Received, Actual=Received, ReceivedQty=10
[2026-04-23 16:29:21] INFO: ASN WMS-ASN-EXT-00004 Carton CNWH63272: Assigned=Received, Actual=Received, ReceivedQty=10
[2026-04-23 16:29:21] INFO: ASN WMS-ASN-EXT-00004 Carton CNWH63275: Assigned=Received, Actual=Received, ReceivedQty=10
[2026-04-23 16:29:21] INFO: ASN WMS-ASN-EXT-00004 Carton CNWH63277: Assigned=Received, Actual=Received, ReceivedQty=10
[2026-04-23 16:29:21] INFO: ASN WMS-ASN-EXT-00004 Carton CNWH63280: Assigned=Received, Actual=Received, ReceivedQty=10
[2026-04-23 16:29:21] INFO: ASN WMS-ASN-EXT-00004 Carton CNWH63282: Assigned=Received, Actual=Received, ReceivedQty=10
[2026-04-23 16:29:21] INFO: ASN WMS-ASN-EXT-00004 Carton CNWH63283: Assigned=Received, Actual=Received, ReceivedQty=10
[2026-04-23 16:29:21] INFO: ASN WMS-ASN-EXT-00004 Carton CNWH63284: Assigned=Received, Actual=Received, ReceivedQty=10
[2026-04-23 16:29:21] INFO: ASN WMS-ASN-EXT-00004 Carton CNWH63285: Assigned=Received, Actual=Received, ReceivedQty=10
[2026-04-23 16:29:21] INFO: ASN WMS-ASN-EXT-00004 Carton CNWH63286: Assigned=Received, Actual=Received, ReceivedQty=10
[2026-04-23 16:29:21] INFO: ASN WMS-ASN-EXT-00004 Carton CNWH63287: Assigned=Received, Actual=Received, ReceivedQty=10
[2026-04-23 16:29:21] INFO: ASN WMS-ASN-EXT-00004 Carton CNWH63288: Assigned=Received, Actual=Received, ReceivedQty=10
[2026-04-23 16:29:21] INFO: ASN WMS-ASN-EXT-00004 Carton CNWH63289: Assigned=Received, Actual=Received, ReceivedQty=10
[2026-04-23 16:29:21] INFO: ASN WMS-ASN-EXT-00004 Carton CNWH63441: Assigned=Received, Actual=Received, ReceivedQty=10
[2026-04-23 16:29:21] INFO: ASN WMS-ASN-EXT-00004 Carton CNWH63442: Assigned=Received, Actual=Received, ReceivedQty=10
[2026-04-23 16:29:21] INFO: ASN WMS-ASN-EXT-00004 Carton CNWH65363: Assigned=Received, Actual=Received, ReceivedQty=10
[2026-04-23 16:29:21] INFO: ASN WMS-ASN-EXT-00004 Carton CNWH63502: Assigned=Received, Actual=Received, ReceivedQty=10
[2026-04-23 16:29:21] INFO: ASN WMS-ASN-EXT-00004 Carton CNWH63502: Assigned=Received, Actual=Received, ReceivedQty=10
[2026-04-23 16:29:21] INFO: ASN WMS-ASN-EXT-00004 Carton CNWH64607: Assigned=Received, Actual=Received, ReceivedQty=10
[2026-04-23 16:29:21] INFO: TransferCartonDetailViewModel: Loaded ASN WMS-ASN-EXT-00004
[2026-04-23 16:29:21] INFO: TransferCartonDetailViewModel: Loaded Transfer Order WMS-TO-00001
[2026-04-23 16:29:21] INFO: TransferCartonService: Loading contents for transfer carton TC-WMS-ASN-EXT-00004-1776910707186
[2026-04-23 16:29:21] INFO: TransferCartonService: Executing query with tc_id = 'TC-WMS-ASN-EXT-00004-1776910707186'
[2026-04-23 16:29:21] INFO: TransferCartonService: SQL = SELECT 
                            item_code,
                            carton_id AS source_carton,
                            MAX(NULLIF(TRIM(box_id), '')) AS sort_box_id,
                            SUM(qty) AS quantity,
                            MAX(user_id) AS packed_by,
                            MAX(event_time) AS packed_on
                        FROM tabWmsScanEvent
                        WHERE tc_id = @tc_id
                        AND event_type IN ('PACK_BOX_TO_TC', 'PACK_ITEM_TO_TC')
                        AND item_code IS NOT NULL
                        AND item_code != ''
                        AND qty > 0
                        GROUP BY item_code, carton_id
                        ORDER BY packed_on DESC
[2026-04-23 16:29:22] INFO: TransferCartonService: Total events with tc_id = 'TC-WMS-ASN-EXT-00004-1776910707186': 5
[2026-04-23 16:29:22] INFO: TransferCartonService: Events with item_code: 4
[2026-04-23 16:29:22] INFO: TransferCartonService: PACK_BOX_TO_TC events: 4
[2026-04-23 16:29:22] INFO: TransferCartonService: Found grouped item - ItemCode: 324250, SourceCarton: CNWH63199, BoxId: PUT-1001001, Quantity: 10
[2026-04-23 16:29:22] INFO: TransferCartonService: Found grouped item - ItemCode: 324251, SourceCarton: CNWH63502, BoxId: PUT-1001001, Quantity: 3
[2026-04-23 16:29:22] INFO: TransferCartonService: Found grouped item - ItemCode: 324249, SourceCarton: CNWH63199, BoxId: PUT-1001001, Quantity: 10
[2026-04-23 16:29:22] INFO: TransferCartonService: Found grouped item - ItemCode: 324252, SourceCarton: CNWH64607, BoxId: PUT-1001001, Quantity: 5
[2026-04-23 16:29:22] INFO: TransferCartonService: Processed 4 rows from database
[2026-04-23 16:29:22] INFO: TransferCartonService: Found 4 unique items for transfer carton TC-WMS-ASN-EXT-00004-1776910707186
[2026-04-23 16:29:22] INFO: TransferCartonDetailViewModel: Loaded 4 items for transfer carton TC-WMS-ASN-EXT-00004-1776910707186
[2026-04-23 16:29:22] INFO: ErpNextWmsSyncApiService: GetPrStatusForAsn GET http://printechsdammam.dyndns.org:88/api/method/printechs_wms.api.asn_to_purchase_receipt.get_pr_status_for_asn?asn_no=WMS-ASN-EXT-00004
[2026-04-23 16:29:37] INFO: ErpNextWmsSyncApiService: GetPrStatusForAsn GET http://printechsdammam.dyndns.org:88/api/method/printechs_wms.api.asn_to_purchase_receipt.get_pr_status_for_asn?asn_no=WMS-ASN-EXT-00004
[2026-04-23 16:32:23] INFO: AuthService: Attempting login to http://localhost:3000/api/auth/login for user sysadmin
[2026-04-23 16:32:25] INFO: AuthService: Login response status: OK
[2026-04-23 16:32:25] INFO: AuthService: Login successful for user sysadmin
[2026-04-23 16:32:30] INFO: TransferCartonListView: Loaded event fired
[2026-04-23 16:32:30] INFO: TransferCartonListView: Calling RefreshAsync on ViewModel
[2026-04-23 16:32:30] INFO: TransferCartonListViewModel: Starting to load transfer cartons
[2026-04-23 16:32:30] INFO: Loading Transfer Cartons from database...
[2026-04-23 16:32:31] INFO: TransferCartonDataService: Starting schema detection
[2026-04-23 16:32:31] INFO: TransferCartonDataService: Found column 'asn_no'
[2026-04-23 16:32:31] INFO: TransferCartonDataService: Found column 'to_no'
[2026-04-23 16:32:31] INFO: TransferCartonDataService: Returning - AsnColumn=asn_no, ToColumn=to_no
[2026-04-23 16:32:31] INFO: Detected schema: AsnColumn=asn_no, ToColumn=to_no
[2026-04-23 16:32:31] INFO: Executing query: SELECT tc_id, status, asn_no, to_no, store, 
                               created_by, created_on, sealed_by, sealed_on, dispatched_on, remarks,
                               purchase_receipt_no, purchase_receipt_docstatus, purchase_receipt_created, purchase_receipt_submitted,
                               warehouse_transfer_no, warehouse_transfer_created
                        FROM tabTransferCarton
                        ORDER BY created_on DESC, tc_id
[2026-04-23 16:32:31] INFO: Loaded 2 transfer cartons from database
[2026-04-23 16:32:31] INFO: TransferCartonListViewModel: Received 2 transfer cartons from service
[2026-04-23 16:32:31] INFO: TransferCartonListViewModel: Added 2 transfer cartons to collection
[2026-04-23 16:32:31] INFO: TransferCartonListView: RefreshAsync completed
[2026-04-23 16:32:32] INFO: TransferCartonDetailViewModel: Loading data for TC-WMS-ASN-EXT-00004-1776910707186
[2026-04-23 16:32:33] INFO: ASN ASN-0001 Carton CNWH12858: Assigned=Assigned, Actual=Assigned, ReceivedQty=0
[2026-04-23 16:32:33] INFO: ASN ASN-0001 Carton CNWH12854: Assigned=Assigned, Actual=Assigned, ReceivedQty=0
[2026-04-23 16:32:33] INFO: ASN ASN-0001 Carton CNWH15390: Assigned=Assigned, Actual=Assigned, ReceivedQty=0
[2026-04-23 16:32:33] INFO: ASN ASN-0001 Carton CNWH42441: Assigned=Assigned, Actual=Assigned, ReceivedQty=0
[2026-04-23 16:32:33] INFO: ASN ASN-0001 Carton CNWH64571: Assigned=Assigned, Actual=Assigned, ReceivedQty=0
[2026-04-23 16:32:33] INFO: ASN ASN-0001 Carton CNWH64521: Assigned=Assigned, Actual=Assigned, ReceivedQty=0
[2026-04-23 16:32:33] INFO: ASN ASN-0001 Carton CNWH63561: Assigned=Assigned, Actual=Assigned, ReceivedQty=0
[2026-04-23 16:32:33] INFO: ASN ASN-0001 Carton CNWH63609: Assigned=Assigned, Actual=Assigned, ReceivedQty=0
[2026-04-23 16:32:33] INFO: ASN WMS-ASN-EXT-00004 Carton CNWH63179: Assigned=Received, Actual=Received, ReceivedQty=10
[2026-04-23 16:32:33] INFO: ASN WMS-ASN-EXT-00004 Carton CNWH63180: Assigned=Received, Actual=Received, ReceivedQty=10
[2026-04-23 16:32:33] INFO: ASN WMS-ASN-EXT-00004 Carton CNWH63196: Assigned=Received, Actual=Received, ReceivedQty=10
[2026-04-23 16:32:33] INFO: ASN WMS-ASN-EXT-00004 Carton CNWH63197: Assigned=Received, Actual=Received, ReceivedQty=10
[2026-04-23 16:32:33] INFO: ASN WMS-ASN-EXT-00004 Carton CNWH63198: Assigned=Received, Actual=Received, ReceivedQty=10
[2026-04-23 16:32:33] INFO: ASN WMS-ASN-EXT-00004 Carton CNWH63199: Assigned=Received, Actual=Received, ReceivedQty=10
[2026-04-23 16:32:33] INFO: ASN WMS-ASN-EXT-00004 Carton CNWH63200: Assigned=Received, Actual=Received, ReceivedQty=10
[2026-04-23 16:32:33] INFO: ASN WMS-ASN-EXT-00004 Carton CNWH63266: Assigned=Received, Actual=Received, ReceivedQty=10
[2026-04-23 16:32:33] INFO: ASN WMS-ASN-EXT-00004 Carton CNWH63268: Assigned=Received, Actual=Received, ReceivedQty=10
[2026-04-23 16:32:33] INFO: ASN WMS-ASN-EXT-00004 Carton CNWH63269: Assigned=Received, Actual=Received, ReceivedQty=10
[2026-04-23 16:32:33] INFO: ASN WMS-ASN-EXT-00004 Carton CNWH63270: Assigned=Received, Actual=Received, ReceivedQty=10
[2026-04-23 16:32:33] INFO: ASN WMS-ASN-EXT-00004 Carton CNWH63271: Assigned=Received, Actual=Received, ReceivedQty=10
[2026-04-23 16:32:33] INFO: ASN WMS-ASN-EXT-00004 Carton CNWH63272: Assigned=Received, Actual=Received, ReceivedQty=10
[2026-04-23 16:32:33] INFO: ASN WMS-ASN-EXT-00004 Carton CNWH63275: Assigned=Received, Actual=Received, ReceivedQty=10
[2026-04-23 16:32:33] INFO: ASN WMS-ASN-EXT-00004 Carton CNWH63277: Assigned=Received, Actual=Received, ReceivedQty=10
[2026-04-23 16:32:33] INFO: ASN WMS-ASN-EXT-00004 Carton CNWH63280: Assigned=Received, Actual=Received, ReceivedQty=10
[2026-04-23 16:32:33] INFO: ASN WMS-ASN-EXT-00004 Carton CNWH63282: Assigned=Received, Actual=Received, ReceivedQty=10
[2026-04-23 16:32:33] INFO: ASN WMS-ASN-EXT-00004 Carton CNWH63283: Assigned=Received, Actual=Received, ReceivedQty=10
[2026-04-23 16:32:33] INFO: ASN WMS-ASN-EXT-00004 Carton CNWH63284: Assigned=Received, Actual=Received, ReceivedQty=10
[2026-04-23 16:32:33] INFO: ASN WMS-ASN-EXT-00004 Carton CNWH63285: Assigned=Received, Actual=Received, ReceivedQty=10
[2026-04-23 16:32:33] INFO: ASN WMS-ASN-EXT-00004 Carton CNWH63286: Assigned=Received, Actual=Received, ReceivedQty=10
[2026-04-23 16:32:33] INFO: ASN WMS-ASN-EXT-00004 Carton CNWH63287: Assigned=Received, Actual=Received, ReceivedQty=10
[2026-04-23 16:32:33] INFO: ASN WMS-ASN-EXT-00004 Carton CNWH63288: Assigned=Received, Actual=Received, ReceivedQty=10
[2026-04-23 16:32:33] INFO: ASN WMS-ASN-EXT-00004 Carton CNWH63289: Assigned=Received, Actual=Received, ReceivedQty=10
[2026-04-23 16:32:33] INFO: ASN WMS-ASN-EXT-00004 Carton CNWH63441: Assigned=Received, Actual=Received, ReceivedQty=10
[2026-04-23 16:32:33] INFO: ASN WMS-ASN-EXT-00004 Carton CNWH63442: Assigned=Received, Actual=Received, ReceivedQty=10
[2026-04-23 16:32:33] INFO: ASN WMS-ASN-EXT-00004 Carton CNWH63444: Assigned=Received, Actual=Received, ReceivedQty=10
[2026-04-23 16:32:33] INFO: ASN WMS-ASN-EXT-00004 Carton CNWH63446: Assigned=Received, Actual=Received, ReceivedQty=10
[2026-04-23 16:32:33] INFO: ASN WMS-ASN-EXT-00004 Carton CNWH63448: Assigned=Received, Actual=Received, ReceivedQty=10
[2026-04-23 16:32:33] INFO: ASN WMS-ASN-EXT-00004 Carton CNWH65363: Assigned=Received, Actual=Received, ReceivedQty=10
[2026-04-23 16:32:33] INFO: ASN WMS-ASN-EXT-00004 Carton CNWH63179: Assigned=Received, Actual=Received, ReceivedQty=10
[2026-04-23 16:32:33] INFO: ASN WMS-ASN-EXT-00004 Carton CNWH63180: Assigned=Received, Actual=Received, ReceivedQty=10
[2026-04-23 16:32:33] INFO: ASN WMS-ASN-EXT-00004 Carton CNWH63196: Assigned=Received, Actual=Received, ReceivedQty=10
[2026-04-23 16:32:33] INFO: ASN WMS-ASN-EXT-00004 Carton CNWH63197: Assigned=Received, Actual=Received, ReceivedQty=10
[2026-04-23 16:32:33] INFO: ASN WMS-ASN-EXT-00004 Carton CNWH63198: Assigned=Received, Actual=Received, ReceivedQty=10
[2026-04-23 16:32:33] INFO: ASN WMS-ASN-EXT-00004 Carton CNWH63199: Assigned=Received, Actual=Received, ReceivedQty=10
[2026-04-23 16:32:33] INFO: ASN WMS-ASN-EXT-00004 Carton CNWH63200: Assigned=Received, Actual=Received, ReceivedQty=10
[2026-04-23 16:32:33] INFO: ASN WMS-ASN-EXT-00004 Carton CNWH63266: Assigned=Received, Actual=Received, ReceivedQty=10
[2026-04-23 16:32:33] INFO: ASN WMS-ASN-EXT-00004 Carton CNWH63268: Assigned=Received, Actual=Received, ReceivedQty=10
[2026-04-23 16:32:33] INFO: ASN WMS-ASN-EXT-00004 Carton CNWH63269: Assigned=Received, Actual=Received, ReceivedQty=10
[2026-04-23 16:32:33] INFO: ASN WMS-ASN-EXT-00004 Carton CNWH63270: Assigned=Received, Actual=Received, ReceivedQty=10
[2026-04-23 16:32:33] INFO: ASN WMS-ASN-EXT-00004 Carton CNWH63271: Assigned=Received, Actual=Received, ReceivedQty=10
[2026-04-23 16:32:33] INFO: ASN WMS-ASN-EXT-00004 Carton CNWH63272: Assigned=Received, Actual=Received, ReceivedQty=10
[2026-04-23 16:32:33] INFO: ASN WMS-ASN-EXT-00004 Carton CNWH63275: Assigned=Received, Actual=Received, ReceivedQty=10
[2026-04-23 16:32:33] INFO: ASN WMS-ASN-EXT-00004 Carton CNWH63277: Assigned=Received, Actual=Received, ReceivedQty=10
[2026-04-23 16:32:33] INFO: ASN WMS-ASN-EXT-00004 Carton CNWH63280: Assigned=Received, Actual=Received, ReceivedQty=10
[2026-04-23 16:32:33] INFO: ASN WMS-ASN-EXT-00004 Carton CNWH63282: Assigned=Received, Actual=Received, ReceivedQty=10
[2026-04-23 16:32:33] INFO: ASN WMS-ASN-EXT-00004 Carton CNWH63283: Assigned=Received, Actual=Received, ReceivedQty=10
[2026-04-23 16:32:33] INFO: ASN WMS-ASN-EXT-00004 Carton CNWH63284: Assigned=Received, Actual=Received, ReceivedQty=10
[2026-04-23 16:32:33] INFO: ASN WMS-ASN-EXT-00004 Carton CNWH63285: Assigned=Received, Actual=Received, ReceivedQty=10
[2026-04-23 16:32:33] INFO: ASN WMS-ASN-EXT-00004 Carton CNWH63286: Assigned=Received, Actual=Received, ReceivedQty=10
[2026-04-23 16:32:33] INFO: ASN WMS-ASN-EXT-00004 Carton CNWH63287: Assigned=Received, Actual=Received, ReceivedQty=10
[2026-04-23 16:32:33] INFO: ASN WMS-ASN-EXT-00004 Carton CNWH63288: Assigned=Received, Actual=Received, ReceivedQty=10
[2026-04-23 16:32:33] INFO: ASN WMS-ASN-EXT-00004 Carton CNWH63289: Assigned=Received, Actual=Received, ReceivedQty=10
[2026-04-23 16:32:33] INFO: ASN WMS-ASN-EXT-00004 Carton CNWH63441: Assigned=Received, Actual=Received, ReceivedQty=10
[2026-04-23 16:32:33] INFO: ASN WMS-ASN-EXT-00004 Carton CNWH63442: Assigned=Received, Actual=Received, ReceivedQty=10
[2026-04-23 16:32:33] INFO: ASN WMS-ASN-EXT-00004 Carton CNWH65363: Assigned=Received, Actual=Received, ReceivedQty=10
[2026-04-23 16:32:33] INFO: ASN WMS-ASN-EXT-00004 Carton CNWH63502: Assigned=Received, Actual=Received, ReceivedQty=10
[2026-04-23 16:32:33] INFO: ASN WMS-ASN-EXT-00004 Carton CNWH63502: Assigned=Received, Actual=Received, ReceivedQty=10
[2026-04-23 16:32:33] INFO: ASN WMS-ASN-EXT-00004 Carton CNWH64607: Assigned=Received, Actual=Received, ReceivedQty=10
[2026-04-23 16:32:33] INFO: TransferCartonDetailViewModel: Loaded ASN WMS-ASN-EXT-00004
[2026-04-23 16:32:33] INFO: TransferCartonDetailViewModel: Loaded Transfer Order WMS-TO-00001
[2026-04-23 16:32:33] INFO: TransferCartonService: Loading contents for transfer carton TC-WMS-ASN-EXT-00004-1776910707186
[2026-04-23 16:32:33] INFO: TransferCartonService: Executing query with tc_id = 'TC-WMS-ASN-EXT-00004-1776910707186'
[2026-04-23 16:32:33] INFO: TransferCartonService: SQL = SELECT 
                            item_code,
                            carton_id AS source_carton,
                            MAX(NULLIF(TRIM(box_id), '')) AS sort_box_id,
                            SUM(qty) AS quantity,
                            MAX(user_id) AS packed_by,
                            MAX(event_time) AS packed_on
                        FROM tabWmsScanEvent
                        WHERE tc_id = @tc_id
                        AND event_type IN ('PACK_BOX_TO_TC', 'PACK_ITEM_TO_TC')
                        AND item_code IS NOT NULL
                        AND item_code != ''
                        AND qty > 0
                        GROUP BY item_code, carton_id
                        ORDER BY packed_on DESC
[2026-04-23 16:32:33] INFO: TransferCartonService: Total events with tc_id = 'TC-WMS-ASN-EXT-00004-1776910707186': 5
[2026-04-23 16:32:33] INFO: TransferCartonService: Events with item_code: 4
[2026-04-23 16:32:33] INFO: TransferCartonService: PACK_BOX_TO_TC events: 4
[2026-04-23 16:32:33] INFO: TransferCartonService: Found grouped item - ItemCode: 324252, SourceCarton: CNWH64607, BoxId: PUT-1001001, Quantity: 5
[2026-04-23 16:32:33] INFO: TransferCartonService: Found grouped item - ItemCode: 324250, SourceCarton: CNWH63199, BoxId: PUT-1001001, Quantity: 10
[2026-04-23 16:32:33] INFO: TransferCartonService: Found grouped item - ItemCode: 324251, SourceCarton: CNWH63502, BoxId: PUT-1001001, Quantity: 3
[2026-04-23 16:32:33] INFO: TransferCartonService: Found grouped item - ItemCode: 324249, SourceCarton: CNWH63199, BoxId: PUT-1001001, Quantity: 10
[2026-04-23 16:32:33] INFO: TransferCartonService: Processed 4 rows from database
[2026-04-23 16:32:33] INFO: TransferCartonService: Found 4 unique items for transfer carton TC-WMS-ASN-EXT-00004-1776910707186
[2026-04-23 16:32:33] INFO: TransferCartonDetailViewModel: Loaded 4 items for transfer carton TC-WMS-ASN-EXT-00004-1776910707186
[2026-04-23 16:32:33] INFO: ErpNextWmsSyncApiService: GetPrStatusForAsn GET http://printechsdammam.dyndns.org:88/api/method/printechs_wms.api.asn_to_purchase_receipt.get_pr_status_for_asn?asn_no=WMS-ASN-EXT-00004
[2026-04-23 16:32:42] INFO: TransferCartonDetailViewModel: Dispatching transfer carton 'TC-WMS-ASN-EXT-00004-1776910707186'
[2026-04-23 16:32:42] INFO: TransferCartonDataService: Dispatching transfer carton TC-WMS-ASN-EXT-00004-1776910707186
[2026-04-23 16:32:42] INFO: TransferCartonDataService: Starting schema detection
[2026-04-23 16:32:42] INFO: TransferCartonDataService: Found column 'asn_no'
[2026-04-23 16:32:42] INFO: TransferCartonDataService: Found column 'to_no'
[2026-04-23 16:32:42] INFO: TransferCartonDataService: Returning - AsnColumn=asn_no, ToColumn=to_no
[2026-04-23 16:32:42] INFO: TransferCartonDataService: Successfully dispatched transfer carton TC-WMS-ASN-EXT-00004-1776910707186
[2026-04-23 16:32:42] INFO: ErpNextWmsSyncApiService: Pushing WMS snapshot (event_uuid=SYNC-20260423-AF56, 4 txns, 0 carton_stock, 0 cartons) to http://printechsdammam.dyndns.org:88/api/method/printechs_wms.api.offline_sync.push_wms_snapshot
[2026-04-23 16:32:42] INFO: ErpNextWmsSyncApiService: WMS snapshot updated successfully.
[2026-04-23 16:32:42] INFO: WmsSnapshotDataService: Snapshot pushed to ERPNext after transaction.
[2026-04-23 16:32:45] INFO: TransferCartonDetailViewModel: Transfer carton TC-WMS-ASN-EXT-00004-1776910707186 dispatched successfully
[2026-04-23 16:32:49] INFO: TransferCartonDetailViewModel: Loading data for TC-WMS-ASN-EXT-00004-1776910707186
[2026-04-23 16:32:49] INFO: ASN ASN-0001 Carton CNWH12858: Assigned=Assigned, Actual=Assigned, ReceivedQty=0
[2026-04-23 16:32:49] INFO: ASN ASN-0001 Carton CNWH12854: Assigned=Assigned, Actual=Assigned, ReceivedQty=0
[2026-04-23 16:32:49] INFO: ASN ASN-0001 Carton CNWH15390: Assigned=Assigned, Actual=Assigned, ReceivedQty=0
[2026-04-23 16:32:49] INFO: ASN ASN-0001 Carton CNWH42441: Assigned=Assigned, Actual=Assigned, ReceivedQty=0
[2026-04-23 16:32:49] INFO: ASN ASN-0001 Carton CNWH64571: Assigned=Assigned, Actual=Assigned, ReceivedQty=0
[2026-04-23 16:32:49] INFO: ASN ASN-0001 Carton CNWH64521: Assigned=Assigned, Actual=Assigned, ReceivedQty=0
[2026-04-23 16:32:49] INFO: ASN ASN-0001 Carton CNWH63561: Assigned=Assigned, Actual=Assigned, ReceivedQty=0
[2026-04-23 16:32:49] INFO: ASN ASN-0001 Carton CNWH63609: Assigned=Assigned, Actual=Assigned, ReceivedQty=0
[2026-04-23 16:32:49] INFO: ASN WMS-ASN-EXT-00004 Carton CNWH63179: Assigned=Received, Actual=Received, ReceivedQty=10
[2026-04-23 16:32:49] INFO: ASN WMS-ASN-EXT-00004 Carton CNWH63180: Assigned=Received, Actual=Received, ReceivedQty=10
[2026-04-23 16:32:49] INFO: ASN WMS-ASN-EXT-00004 Carton CNWH63196: Assigned=Received, Actual=Received, ReceivedQty=10
[2026-04-23 16:32:49] INFO: ASN WMS-ASN-EXT-00004 Carton CNWH63197: Assigned=Received, Actual=Received, ReceivedQty=10
[2026-04-23 16:32:49] INFO: ASN WMS-ASN-EXT-00004 Carton CNWH63198: Assigned=Received, Actual=Received, ReceivedQty=10
[2026-04-23 16:32:49] INFO: ASN WMS-ASN-EXT-00004 Carton CNWH63199: Assigned=Received, Actual=Received, ReceivedQty=10
[2026-04-23 16:32:49] INFO: ASN WMS-ASN-EXT-00004 Carton CNWH63200: Assigned=Received, Actual=Received, ReceivedQty=10
[2026-04-23 16:32:49] INFO: ASN WMS-ASN-EXT-00004 Carton CNWH63266: Assigned=Received, Actual=Received, ReceivedQty=10
[2026-04-23 16:32:49] INFO: ASN WMS-ASN-EXT-00004 Carton CNWH63268: Assigned=Received, Actual=Received, ReceivedQty=10
[2026-04-23 16:32:49] INFO: ASN WMS-ASN-EXT-00004 Carton CNWH63269: Assigned=Received, Actual=Received, ReceivedQty=10
[2026-04-23 16:32:49] INFO: ASN WMS-ASN-EXT-00004 Carton CNWH63270: Assigned=Received, Actual=Received, ReceivedQty=10
[2026-04-23 16:32:49] INFO: ASN WMS-ASN-EXT-00004 Carton CNWH63271: Assigned=Received, Actual=Received, ReceivedQty=10
[2026-04-23 16:32:49] INFO: ASN WMS-ASN-EXT-00004 Carton CNWH63272: Assigned=Received, Actual=Received, ReceivedQty=10
[2026-04-23 16:32:49] INFO: ASN WMS-ASN-EXT-00004 Carton CNWH63275: Assigned=Received, Actual=Received, ReceivedQty=10
[2026-04-23 16:32:49] INFO: ASN WMS-ASN-EXT-00004 Carton CNWH63277: Assigned=Received, Actual=Received, ReceivedQty=10
[2026-04-23 16:32:49] INFO: ASN WMS-ASN-EXT-00004 Carton CNWH63280: Assigned=Received, Actual=Received, ReceivedQty=10
[2026-04-23 16:32:49] INFO: ASN WMS-ASN-EXT-00004 Carton CNWH63282: Assigned=Received, Actual=Received, ReceivedQty=10
[2026-04-23 16:32:49] INFO: ASN WMS-ASN-EXT-00004 Carton CNWH63283: Assigned=Received, Actual=Received, ReceivedQty=10
[2026-04-23 16:32:49] INFO: ASN WMS-ASN-EXT-00004 Carton CNWH63284: Assigned=Received, Actual=Received, ReceivedQty=10
[2026-04-23 16:32:49] INFO: ASN WMS-ASN-EXT-00004 Carton CNWH63285: Assigned=Received, Actual=Received, ReceivedQty=10
[2026-04-23 16:32:49] INFO: ASN WMS-ASN-EXT-00004 Carton CNWH63286: Assigned=Received, Actual=Received, ReceivedQty=10
[2026-04-23 16:32:49] INFO: ASN WMS-ASN-EXT-00004 Carton CNWH63287: Assigned=Received, Actual=Received, ReceivedQty=10
[2026-04-23 16:32:49] INFO: ASN WMS-ASN-EXT-00004 Carton CNWH63288: Assigned=Received, Actual=Received, ReceivedQty=10
[2026-04-23 16:32:49] INFO: ASN WMS-ASN-EXT-00004 Carton CNWH63289: Assigned=Received, Actual=Received, ReceivedQty=10
[2026-04-23 16:32:49] INFO: ASN WMS-ASN-EXT-00004 Carton CNWH63441: Assigned=Received, Actual=Received, ReceivedQty=10
[2026-04-23 16:32:49] INFO: ASN WMS-ASN-EXT-00004 Carton CNWH63442: Assigned=Received, Actual=Received, ReceivedQty=10
[2026-04-23 16:32:49] INFO: ASN WMS-ASN-EXT-00004 Carton CNWH63444: Assigned=Received, Actual=Received, ReceivedQty=10
[2026-04-23 16:32:49] INFO: ASN WMS-ASN-EXT-00004 Carton CNWH63446: Assigned=Received, Actual=Received, ReceivedQty=10
[2026-04-23 16:32:49] INFO: ASN WMS-ASN-EXT-00004 Carton CNWH63448: Assigned=Received, Actual=Received, ReceivedQty=10
[2026-04-23 16:32:49] INFO: ASN WMS-ASN-EXT-00004 Carton CNWH65363: Assigned=Received, Actual=Received, ReceivedQty=10
[2026-04-23 16:32:49] INFO: ASN WMS-ASN-EXT-00004 Carton CNWH63179: Assigned=Received, Actual=Received, ReceivedQty=10
[2026-04-23 16:32:49] INFO: ASN WMS-ASN-EXT-00004 Carton CNWH63180: Assigned=Received, Actual=Received, ReceivedQty=10
[2026-04-23 16:32:49] INFO: ASN WMS-ASN-EXT-00004 Carton CNWH63196: Assigned=Received, Actual=Received, ReceivedQty=10
[2026-04-23 16:32:49] INFO: ASN WMS-ASN-EXT-00004 Carton CNWH63197: Assigned=Received, Actual=Received, ReceivedQty=10
[2026-04-23 16:32:49] INFO: ASN WMS-ASN-EXT-00004 Carton CNWH63198: Assigned=Received, Actual=Received, ReceivedQty=10
[2026-04-23 16:32:49] INFO: ASN WMS-ASN-EXT-00004 Carton CNWH63199: Assigned=Received, Actual=Received, ReceivedQty=10
[2026-04-23 16:32:49] INFO: ASN WMS-ASN-EXT-00004 Carton CNWH63200: Assigned=Received, Actual=Received, ReceivedQty=10
[2026-04-23 16:32:49] INFO: ASN WMS-ASN-EXT-00004 Carton CNWH63266: Assigned=Received, Actual=Received, ReceivedQty=10
[2026-04-23 16:32:49] INFO: ASN WMS-ASN-EXT-00004 Carton CNWH63268: Assigned=Received, Actual=Received, ReceivedQty=10
[2026-04-23 16:32:49] INFO: ASN WMS-ASN-EXT-00004 Carton CNWH63269: Assigned=Received, Actual=Received, ReceivedQty=10
[2026-04-23 16:32:49] INFO: ASN WMS-ASN-EXT-00004 Carton CNWH63270: Assigned=Received, Actual=Received, ReceivedQty=10
[2026-04-23 16:32:49] INFO: ASN WMS-ASN-EXT-00004 Carton CNWH63271: Assigned=Received, Actual=Received, ReceivedQty=10
[2026-04-23 16:32:49] INFO: ASN WMS-ASN-EXT-00004 Carton CNWH63272: Assigned=Received, Actual=Received, ReceivedQty=10
[2026-04-23 16:32:49] INFO: ASN WMS-ASN-EXT-00004 Carton CNWH63275: Assigned=Received, Actual=Received, ReceivedQty=10
[2026-04-23 16:32:49] INFO: ASN WMS-ASN-EXT-00004 Carton CNWH63277: Assigned=Received, Actual=Received, ReceivedQty=10
[2026-04-23 16:32:49] INFO: ASN WMS-ASN-EXT-00004 Carton CNWH63280: Assigned=Received, Actual=Received, ReceivedQty=10
[2026-04-23 16:32:49] INFO: ASN WMS-ASN-EXT-00004 Carton CNWH63282: Assigned=Received, Actual=Received, ReceivedQty=10
[2026-04-23 16:32:49] INFO: ASN WMS-ASN-EXT-00004 Carton CNWH63283: Assigned=Received, Actual=Received, ReceivedQty=10
[2026-04-23 16:32:49] INFO: ASN WMS-ASN-EXT-00004 Carton CNWH63284: Assigned=Received, Actual=Received, ReceivedQty=10
[2026-04-23 16:32:49] INFO: ASN WMS-ASN-EXT-00004 Carton CNWH63285: Assigned=Received, Actual=Received, ReceivedQty=10
[2026-04-23 16:32:49] INFO: ASN WMS-ASN-EXT-00004 Carton CNWH63286: Assigned=Received, Actual=Received, ReceivedQty=10
[2026-04-23 16:32:49] INFO: ASN WMS-ASN-EXT-00004 Carton CNWH63287: Assigned=Received, Actual=Received, ReceivedQty=10
[2026-04-23 16:32:49] INFO: ASN WMS-ASN-EXT-00004 Carton CNWH63288: Assigned=Received, Actual=Received, ReceivedQty=10
[2026-04-23 16:32:49] INFO: ASN WMS-ASN-EXT-00004 Carton CNWH63289: Assigned=Received, Actual=Received, ReceivedQty=10
[2026-04-23 16:32:49] INFO: ASN WMS-ASN-EXT-00004 Carton CNWH63441: Assigned=Received, Actual=Received, ReceivedQty=10
[2026-04-23 16:32:49] INFO: ASN WMS-ASN-EXT-00004 Carton CNWH63442: Assigned=Received, Actual=Received, ReceivedQty=10
[2026-04-23 16:32:49] INFO: ASN WMS-ASN-EXT-00004 Carton CNWH65363: Assigned=Received, Actual=Received, ReceivedQty=10
[2026-04-23 16:32:49] INFO: ASN WMS-ASN-EXT-00004 Carton CNWH63502: Assigned=Received, Actual=Received, ReceivedQty=10
[2026-04-23 16:32:49] INFO: ASN WMS-ASN-EXT-00004 Carton CNWH63502: Assigned=Received, Actual=Received, ReceivedQty=10
[2026-04-23 16:32:49] INFO: ASN WMS-ASN-EXT-00004 Carton CNWH64607: Assigned=Received, Actual=Received, ReceivedQty=10
[2026-04-23 16:32:49] INFO: TransferCartonDetailViewModel: Loaded ASN WMS-ASN-EXT-00004
[2026-04-23 16:32:49] INFO: TransferCartonDetailViewModel: Loaded Transfer Order WMS-TO-00001
[2026-04-23 16:32:49] INFO: TransferCartonService: Loading contents for transfer carton TC-WMS-ASN-EXT-00004-1776910707186
[2026-04-23 16:32:49] INFO: TransferCartonService: Executing query with tc_id = 'TC-WMS-ASN-EXT-00004-1776910707186'
[2026-04-23 16:32:49] INFO: TransferCartonService: SQL = SELECT 
                            item_code,
                            carton_id AS source_carton,
                            MAX(NULLIF(TRIM(box_id), '')) AS sort_box_id,
                            SUM(qty) AS quantity,
                            MAX(user_id) AS packed_by,
                            MAX(event_time) AS packed_on
                        FROM tabWmsScanEvent
                        WHERE tc_id = @tc_id
                        AND event_type IN ('PACK_BOX_TO_TC', 'PACK_ITEM_TO_TC')
                        AND item_code IS NOT NULL
                        AND item_code != ''
                        AND qty > 0
                        GROUP BY item_code, carton_id
                        ORDER BY packed_on DESC
[2026-04-23 16:32:49] INFO: TransferCartonService: Total events with tc_id = 'TC-WMS-ASN-EXT-00004-1776910707186': 5
[2026-04-23 16:32:49] INFO: TransferCartonService: Events with item_code: 4
[2026-04-23 16:32:49] INFO: TransferCartonService: PACK_BOX_TO_TC events: 4
[2026-04-23 16:32:49] INFO: TransferCartonService: Found grouped item - ItemCode: 324252, SourceCarton: CNWH64607, BoxId: PUT-1001001, Quantity: 5
[2026-04-23 16:32:49] INFO: TransferCartonService: Found grouped item - ItemCode: 324250, SourceCarton: CNWH63199, BoxId: PUT-1001001, Quantity: 10
[2026-04-23 16:32:49] INFO: TransferCartonService: Found grouped item - ItemCode: 324251, SourceCarton: CNWH63502, BoxId: PUT-1001001, Quantity: 3
[2026-04-23 16:32:49] INFO: TransferCartonService: Found grouped item - ItemCode: 324249, SourceCarton: CNWH63199, BoxId: PUT-1001001, Quantity: 10
[2026-04-23 16:32:49] INFO: TransferCartonService: Processed 4 rows from database
[2026-04-23 16:32:49] INFO: TransferCartonService: Found 4 unique items for transfer carton TC-WMS-ASN-EXT-00004-1776910707186
[2026-04-23 16:32:49] INFO: TransferCartonDetailViewModel: Loaded 4 items for transfer carton TC-WMS-ASN-EXT-00004-1776910707186
[2026-04-23 16:32:49] INFO: ErpNextWmsSyncApiService: GetPrStatusForAsn GET http://printechsdammam.dyndns.org:88/api/method/printechs_wms.api.asn_to_purchase_receipt.get_pr_status_for_asn?asn_no=WMS-ASN-EXT-00004
[2026-04-23 16:32:58] INFO: TransferCartonDetailViewModel: Dispatching transfer carton 'TC-WMS-ASN-EXT-00004-1776910707186'
[2026-04-23 16:32:58] INFO: TransferCartonDataService: Dispatching transfer carton TC-WMS-ASN-EXT-00004-1776910707186
[2026-04-23 16:33:06] INFO: PutawayTaskDataService: Loaded task PUT-20260423-0001 with status Completed
[2026-04-23 16:33:06] INFO: PutawayTaskDataService: SQL Query: SELECT pl.parent_title, pl.carton_id, pl.item_code, SUM(pl.qty) as qty, pl.rack, pl.bin, pl.location_id
                         FROM tabPutawayLine pl
                         WHERE pl.parent_title IN (@title0)
                         GROUP BY pl.parent_title, pl.carton_id, pl.item_code, pl.rack, pl.bin, pl.location_id
                         ORDER BY pl.parent_title, pl.item_code
[2026-04-23 16:33:06] INFO: PutawayTaskDataService: Querying lines for 1 tasks: PUT-20260423-0001
[2026-04-23 16:33:06] INFO: PutawayTaskDataService: Read 4 lines, now looking up location_ids from tabLocation
[2026-04-23 16:33:06] INFO: PutawayTaskDataService: Added line for PUT-20260423-0001: 324249 (Qty: 100, Carton: PAW-WMSASNEXT00004-1776848415615)
[2026-04-23 16:33:06] INFO: PutawayTaskDataService: Added line for PUT-20260423-0001: 324250 (Qty: 70, Carton: PAW-WMSASNEXT00004-1776848415615)
[2026-04-23 16:33:06] INFO: PutawayTaskDataService: Added line for PUT-20260423-0001: 324251 (Qty: 5, Carton: PAW-WMSASNEXT00004-1776848415615)
[2026-04-23 16:33:06] INFO: PutawayTaskDataService: Added line for PUT-20260423-0001: 324252 (Qty: 10, Carton: PAW-WMSASNEXT00004-1776848415615)
[2026-04-23 16:33:06] INFO: PutawayTaskDataService: Total lines read from database: 8, Unique parent titles with lines: 1
[2026-04-23 16:33:06] INFO: PutawayTaskDataService: Task PUT-20260423-0001 has 4 line(s)
[2026-04-23 16:33:06] INFO: PutawayTaskDataService: Total tasks loaded: 1
[2026-04-23 16:33:06] INFO: PutawayTaskListViewModel: Loaded 1 putaway tasks from database, 1 unique tasks displayed
[2026-04-23 16:33:06] INFO: TransferCartonListView: Loaded event fired
[2026-04-23 16:33:06] INFO: TransferCartonListView: Calling RefreshAsync on ViewModel
[2026-04-23 16:33:06] INFO: TransferCartonListViewModel: Starting to load transfer cartons
[2026-04-23 16:33:06] INFO: Loading Transfer Cartons from database...
[2026-04-23 16:33:06] INFO: TransferCartonDataService: Starting schema detection
[2026-04-23 16:33:06] INFO: TransferCartonDataService: Found column 'asn_no'
[2026-04-23 16:33:06] INFO: TransferCartonDataService: Found column 'to_no'
[2026-04-23 16:33:06] INFO: TransferCartonDataService: Returning - AsnColumn=asn_no, ToColumn=to_no
[2026-04-23 16:33:06] INFO: Detected schema: AsnColumn=asn_no, ToColumn=to_no
[2026-04-23 16:33:06] INFO: Executing query: SELECT tc_id, status, asn_no, to_no, store, 
                               created_by, created_on, sealed_by, sealed_on, dispatched_on, remarks,
                               purchase_receipt_no, purchase_receipt_docstatus, purchase_receipt_created, purchase_receipt_submitted,
                               warehouse_transfer_no, warehouse_transfer_created
                        FROM tabTransferCarton
                        ORDER BY created_on DESC, tc_id
[2026-04-23 16:33:06] INFO: Loaded 2 transfer cartons from database
[2026-04-23 16:33:06] INFO: TransferCartonListViewModel: Received 2 transfer cartons from service
[2026-04-23 16:33:06] INFO: TransferCartonListViewModel: Added 2 transfer cartons to collection
[2026-04-23 16:33:06] INFO: TransferCartonListView: RefreshAsync completed
[2026-04-23 16:33:08] INFO: TransferCartonDetailViewModel: Loading data for TC-WMS-ASN-EXT-00004-1776910707186
[2026-04-23 16:33:08] INFO: ASN ASN-0001 Carton CNWH12858: Assigned=Assigned, Actual=Assigned, ReceivedQty=0
[2026-04-23 16:33:08] INFO: ASN ASN-0001 Carton CNWH12854: Assigned=Assigned, Actual=Assigned, ReceivedQty=0
[2026-04-23 16:33:08] INFO: ASN ASN-0001 Carton CNWH15390: Assigned=Assigned, Actual=Assigned, ReceivedQty=0
[2026-04-23 16:33:08] INFO: ASN ASN-0001 Carton CNWH42441: Assigned=Assigned, Actual=Assigned, ReceivedQty=0
[2026-04-23 16:33:08] INFO: ASN ASN-0001 Carton CNWH64571: Assigned=Assigned, Actual=Assigned, ReceivedQty=0
[2026-04-23 16:33:08] INFO: ASN ASN-0001 Carton CNWH64521: Assigned=Assigned, Actual=Assigned, ReceivedQty=0
[2026-04-23 16:33:08] INFO: ASN ASN-0001 Carton CNWH63561: Assigned=Assigned, Actual=Assigned, ReceivedQty=0
[2026-04-23 16:33:08] INFO: ASN ASN-0001 Carton CNWH63609: Assigned=Assigned, Actual=Assigned, ReceivedQty=0
[2026-04-23 16:33:08] INFO: ASN WMS-ASN-EXT-00004 Carton CNWH63179: Assigned=Received, Actual=Received, ReceivedQty=10
[2026-04-23 16:33:08] INFO: ASN WMS-ASN-EXT-00004 Carton CNWH63180: Assigned=Received, Actual=Received, ReceivedQty=10
[2026-04-23 16:33:08] INFO: ASN WMS-ASN-EXT-00004 Carton CNWH63196: Assigned=Received, Actual=Received, ReceivedQty=10
[2026-04-23 16:33:08] INFO: ASN WMS-ASN-EXT-00004 Carton CNWH63197: Assigned=Received, Actual=Received, ReceivedQty=10
[2026-04-23 16:33:08] INFO: ASN WMS-ASN-EXT-00004 Carton CNWH63198: Assigned=Received, Actual=Received, ReceivedQty=10
[2026-04-23 16:33:08] INFO: ASN WMS-ASN-EXT-00004 Carton CNWH63199: Assigned=Received, Actual=Received, ReceivedQty=10
[2026-04-23 16:33:08] INFO: ASN WMS-ASN-EXT-00004 Carton CNWH63200: Assigned=Received, Actual=Received, ReceivedQty=10
[2026-04-23 16:33:08] INFO: ASN WMS-ASN-EXT-00004 Carton CNWH63266: Assigned=Received, Actual=Received, ReceivedQty=10
[2026-04-23 16:33:08] INFO: ASN WMS-ASN-EXT-00004 Carton CNWH63268: Assigned=Received, Actual=Received, ReceivedQty=10
[2026-04-23 16:33:08] INFO: ASN WMS-ASN-EXT-00004 Carton CNWH63269: Assigned=Received, Actual=Received, ReceivedQty=10
[2026-04-23 16:33:08] INFO: ASN WMS-ASN-EXT-00004 Carton CNWH63270: Assigned=Received, Actual=Received, ReceivedQty=10
[2026-04-23 16:33:08] INFO: ASN WMS-ASN-EXT-00004 Carton CNWH63271: Assigned=Received, Actual=Received, ReceivedQty=10
[2026-04-23 16:33:08] INFO: ASN WMS-ASN-EXT-00004 Carton CNWH63272: Assigned=Received, Actual=Received, ReceivedQty=10
[2026-04-23 16:33:08] INFO: ASN WMS-ASN-EXT-00004 Carton CNWH63275: Assigned=Received, Actual=Received, ReceivedQty=10
[2026-04-23 16:33:08] INFO: ASN WMS-ASN-EXT-00004 Carton CNWH63277: Assigned=Received, Actual=Received, ReceivedQty=10
[2026-04-23 16:33:08] INFO: ASN WMS-ASN-EXT-00004 Carton CNWH63280: Assigned=Received, Actual=Received, ReceivedQty=10
[2026-04-23 16:33:08] INFO: ASN WMS-ASN-EXT-00004 Carton CNWH63282: Assigned=Received, Actual=Received, ReceivedQty=10
[2026-04-23 16:33:08] INFO: ASN WMS-ASN-EXT-00004 Carton CNWH63283: Assigned=Received, Actual=Received, ReceivedQty=10
[2026-04-23 16:33:08] INFO: ASN WMS-ASN-EXT-00004 Carton CNWH63284: Assigned=Received, Actual=Received, ReceivedQty=10
[2026-04-23 16:33:08] INFO: ASN WMS-ASN-EXT-00004 Carton CNWH63285: Assigned=Received, Actual=Received, ReceivedQty=10
[2026-04-23 16:33:08] INFO: ASN WMS-ASN-EXT-00004 Carton CNWH63286: Assigned=Received, Actual=Received, ReceivedQty=10
[2026-04-23 16:33:08] INFO: ASN WMS-ASN-EXT-00004 Carton CNWH63287: Assigned=Received, Actual=Received, ReceivedQty=10
[2026-04-23 16:33:08] INFO: ASN WMS-ASN-EXT-00004 Carton CNWH63288: Assigned=Received, Actual=Received, ReceivedQty=10
[2026-04-23 16:33:08] INFO: ASN WMS-ASN-EXT-00004 Carton CNWH63289: Assigned=Received, Actual=Received, ReceivedQty=10
[2026-04-23 16:33:08] INFO: ASN WMS-ASN-EXT-00004 Carton CNWH63441: Assigned=Received, Actual=Received, ReceivedQty=10
[2026-04-23 16:33:08] INFO: ASN WMS-ASN-EXT-00004 Carton CNWH63442: Assigned=Received, Actual=Received, ReceivedQty=10
[2026-04-23 16:33:08] INFO: ASN WMS-ASN-EXT-00004 Carton CNWH63444: Assigned=Received, Actual=Received, ReceivedQty=10
[2026-04-23 16:33:08] INFO: ASN WMS-ASN-EXT-00004 Carton CNWH63446: Assigned=Received, Actual=Received, ReceivedQty=10
[2026-04-23 16:33:08] INFO: ASN WMS-ASN-EXT-00004 Carton CNWH63448: Assigned=Received, Actual=Received, ReceivedQty=10
[2026-04-23 16:33:08] INFO: ASN WMS-ASN-EXT-00004 Carton CNWH65363: Assigned=Received, Actual=Received, ReceivedQty=10
[2026-04-23 16:33:08] INFO: ASN WMS-ASN-EXT-00004 Carton CNWH63179: Assigned=Received, Actual=Received, ReceivedQty=10
[2026-04-23 16:33:08] INFO: ASN WMS-ASN-EXT-00004 Carton CNWH63180: Assigned=Received, Actual=Received, ReceivedQty=10
[2026-04-23 16:33:08] INFO: ASN WMS-ASN-EXT-00004 Carton CNWH63196: Assigned=Received, Actual=Received, ReceivedQty=10
[2026-04-23 16:33:08] INFO: ASN WMS-ASN-EXT-00004 Carton CNWH63197: Assigned=Received, Actual=Received, ReceivedQty=10
[2026-04-23 16:33:08] INFO: ASN WMS-ASN-EXT-00004 Carton CNWH63198: Assigned=Received, Actual=Received, ReceivedQty=10
[2026-04-23 16:33:08] INFO: ASN WMS-ASN-EXT-00004 Carton CNWH63199: Assigned=Received, Actual=Received, ReceivedQty=10
[2026-04-23 16:33:08] INFO: ASN WMS-ASN-EXT-00004 Carton CNWH63200: Assigned=Received, Actual=Received, ReceivedQty=10
[2026-04-23 16:33:08] INFO: ASN WMS-ASN-EXT-00004 Carton CNWH63266: Assigned=Received, Actual=Received, ReceivedQty=10
[2026-04-23 16:33:08] INFO: ASN WMS-ASN-EXT-00004 Carton CNWH63268: Assigned=Received, Actual=Received, ReceivedQty=10
[2026-04-23 16:33:08] INFO: ASN WMS-ASN-EXT-00004 Carton CNWH63269: Assigned=Received, Actual=Received, ReceivedQty=10
[2026-04-23 16:33:08] INFO: ASN WMS-ASN-EXT-00004 Carton CNWH63270: Assigned=Received, Actual=Received, ReceivedQty=10
[2026-04-23 16:33:08] INFO: ASN WMS-ASN-EXT-00004 Carton CNWH63271: Assigned=Received, Actual=Received, ReceivedQty=10
[2026-04-23 16:33:08] INFO: ASN WMS-ASN-EXT-00004 Carton CNWH63272: Assigned=Received, Actual=Received, ReceivedQty=10
[2026-04-23 16:33:08] INFO: ASN WMS-ASN-EXT-00004 Carton CNWH63275: Assigned=Received, Actual=Received, ReceivedQty=10
[2026-04-23 16:33:08] INFO: ASN WMS-ASN-EXT-00004 Carton CNWH63277: Assigned=Received, Actual=Received, ReceivedQty=10
[2026-04-23 16:33:08] INFO: ASN WMS-ASN-EXT-00004 Carton CNWH63280: Assigned=Received, Actual=Received, ReceivedQty=10
[2026-04-23 16:33:08] INFO: ASN WMS-ASN-EXT-00004 Carton CNWH63282: Assigned=Received, Actual=Received, ReceivedQty=10
[2026-04-23 16:33:08] INFO: ASN WMS-ASN-EXT-00004 Carton CNWH63283: Assigned=Received, Actual=Received, ReceivedQty=10
[2026-04-23 16:33:08] INFO: ASN WMS-ASN-EXT-00004 Carton CNWH63284: Assigned=Received, Actual=Received, ReceivedQty=10
[2026-04-23 16:33:08] INFO: ASN WMS-ASN-EXT-00004 Carton CNWH63285: Assigned=Received, Actual=Received, ReceivedQty=10
[2026-04-23 16:33:08] INFO: ASN WMS-ASN-EXT-00004 Carton CNWH63286: Assigned=Received, Actual=Received, ReceivedQty=10
[2026-04-23 16:33:08] INFO: ASN WMS-ASN-EXT-00004 Carton CNWH63287: Assigned=Received, Actual=Received, ReceivedQty=10
[2026-04-23 16:33:08] INFO: ASN WMS-ASN-EXT-00004 Carton CNWH63288: Assigned=Received, Actual=Received, ReceivedQty=10
[2026-04-23 16:33:08] INFO: ASN WMS-ASN-EXT-00004 Carton CNWH63289: Assigned=Received, Actual=Received, ReceivedQty=10
[2026-04-23 16:33:08] INFO: ASN WMS-ASN-EXT-00004 Carton CNWH63441: Assigned=Received, Actual=Received, ReceivedQty=10
[2026-04-23 16:33:08] INFO: ASN WMS-ASN-EXT-00004 Carton CNWH63442: Assigned=Received, Actual=Received, ReceivedQty=10
[2026-04-23 16:33:08] INFO: ASN WMS-ASN-EXT-00004 Carton CNWH65363: Assigned=Received, Actual=Received, ReceivedQty=10
[2026-04-23 16:33:08] INFO: ASN WMS-ASN-EXT-00004 Carton CNWH63502: Assigned=Received, Actual=Received, ReceivedQty=10
[2026-04-23 16:33:08] INFO: ASN WMS-ASN-EXT-00004 Carton CNWH63502: Assigned=Received, Actual=Received, ReceivedQty=10
[2026-04-23 16:33:08] INFO: ASN WMS-ASN-EXT-00004 Carton CNWH64607: Assigned=Received, Actual=Received, ReceivedQty=10
[2026-04-23 16:33:08] INFO: TransferCartonDetailViewModel: Loaded ASN WMS-ASN-EXT-00004
[2026-04-23 16:33:08] INFO: TransferCartonDetailViewModel: Loaded Transfer Order WMS-TO-00001
[2026-04-23 16:33:08] INFO: TransferCartonService: Loading contents for transfer carton TC-WMS-ASN-EXT-00004-1776910707186
[2026-04-23 16:33:08] INFO: TransferCartonService: Executing query with tc_id = 'TC-WMS-ASN-EXT-00004-1776910707186'
[2026-04-23 16:33:08] INFO: TransferCartonService: SQL = SELECT 
                            item_code,
                            carton_id AS source_carton,
                            MAX(NULLIF(TRIM(box_id), '')) AS sort_box_id,
                            SUM(qty) AS quantity,
                            MAX(user_id) AS packed_by,
                            MAX(event_time) AS packed_on
                        FROM tabWmsScanEvent
                        WHERE tc_id = @tc_id
                        AND event_type IN ('PACK_BOX_TO_TC', 'PACK_ITEM_TO_TC')
                        AND item_code IS NOT NULL
                        AND item_code != ''
                        AND qty > 0
                        GROUP BY item_code, carton_id
                        ORDER BY packed_on DESC
[2026-04-23 16:33:08] INFO: TransferCartonService: Total events with tc_id = 'TC-WMS-ASN-EXT-00004-1776910707186': 5
[2026-04-23 16:33:08] INFO: TransferCartonService: Events with item_code: 4
[2026-04-23 16:33:08] INFO: TransferCartonService: PACK_BOX_TO_TC events: 4
[2026-04-23 16:33:08] INFO: TransferCartonService: Found grouped item - ItemCode: 324252, SourceCarton: CNWH64607, BoxId: PUT-1001001, Quantity: 5
[2026-04-23 16:33:08] INFO: TransferCartonService: Found grouped item - ItemCode: 324250, SourceCarton: CNWH63199, BoxId: PUT-1001001, Quantity: 10
[2026-04-23 16:33:08] INFO: TransferCartonService: Found grouped item - ItemCode: 324251, SourceCarton: CNWH63502, BoxId: PUT-1001001, Quantity: 3
[2026-04-23 16:33:08] INFO: TransferCartonService: Found grouped item - ItemCode: 324249, SourceCarton: CNWH63199, BoxId: PUT-1001001, Quantity: 10
[2026-04-23 16:33:08] INFO: TransferCartonService: Processed 4 rows from database
[2026-04-23 16:33:08] INFO: TransferCartonService: Found 4 unique items for transfer carton TC-WMS-ASN-EXT-00004-1776910707186
[2026-04-23 16:33:08] INFO: TransferCartonDetailViewModel: Loaded 4 items for transfer carton TC-WMS-ASN-EXT-00004-1776910707186
[2026-04-23 16:33:08] INFO: ErpNextWmsSyncApiService: GetPrStatusForAsn GET http://printechsdammam.dyndns.org:88/api/method/printechs_wms.api.asn_to_purchase_receipt.get_pr_status_for_asn?asn_no=WMS-ASN-EXT-00004
