[2026-01-14 11:03:21] INFO: TransactionHistoryViewModel: Loading data with filters - FromDate: 2025-10-16, ToDate: 2026-01-15
[2026-01-14 11:03:21] INFO: TransactionHistoryService: Calling API: http://localhost:3000/api/transaction-history?from_date=2025-10-16&to_date=2026-01-15&limit=10000
[2026-01-14 11:03:23] INFO: TransactionHistoryService: API Response received (length: 2169)
[2026-01-14 11:03:23] INFO: TransactionHistoryService: Parsed 3 transactions from API response
[2026-01-14 11:03:23] INFO: TransactionHistoryViewModel: Service returned 3 transactions
[2026-01-14 11:03:23] INFO: TransactionHistoryViewModel: Loaded 3 transactions
[2026-01-14 11:03:32] INFO: TransactionHistoryViewModel: Loading data with filters - FromDate: 2025-10-16, ToDate: 2026-01-15
[2026-01-14 11:03:32] INFO: TransactionHistoryService: Calling API: http://localhost:3000/api/transaction-history?from_date=2025-10-16&to_date=2026-01-15&limit=10000
[2026-01-14 11:03:35] INFO: TransactionHistoryService: API Response received (length: 2169)
[2026-01-14 11:03:35] INFO: TransactionHistoryService: Parsed 3 transactions from API response
[2026-01-14 11:03:35] INFO: TransactionHistoryViewModel: Service returned 3 transactions
[2026-01-14 11:03:35] INFO: TransactionHistoryViewModel: Loaded 3 transactions
[2026-01-14 11:03:37] INFO: TransactionHistoryViewModel: Loading data with filters - FromDate: null, ToDate: null
[2026-01-14 11:03:37] INFO: TransactionHistoryService: Calling API: http://localhost:3000/api/transaction-history?limit=10000
[2026-01-14 11:03:39] INFO: TransactionHistoryService: API Response received (length: 2169)
[2026-01-14 11:03:39] INFO: TransactionHistoryService: Parsed 3 transactions from API response
[2026-01-14 11:03:39] INFO: TransactionHistoryViewModel: Service returned 3 transactions
[2026-01-14 11:03:39] INFO: TransactionHistoryViewModel: Loaded 3 transactions
[2026-01-14 11:07:30] INFO: TransactionHistoryViewModel: Loading data with filters - FromDate: 2025-10-16, ToDate: 2026-01-15
[2026-01-14 11:07:30] INFO: TransactionHistoryService: Calling API: http://localhost:3000/api/transaction-history?from_date=2025-10-16&to_date=2026-01-15&limit=10000
[2026-01-14 11:07:32] INFO: TransactionHistoryService: API Response received (length: 2169)
[2026-01-14 11:07:32] INFO: TransactionHistoryService: Sample transaction from API (first 500 chars): {"id":3,"transaction_id":317,"transaction_number":"TXN-20260113-00317","transaction_date":"2026-01-14T07:05:11.000Z","transaction_type":"Picking","reference_doc_type":"Material Request","reference_doc":"MR-123463","wms_transaction_title":null,"item_code":"SKU-HAT-301-BLU-OS","item_name":null,"warehouse":"WH-MAIN","warehouse_name":null,"bin_location":"A1-R01-L3-B1","location_id":"A1-R01-L3-B1","carton_id":"CTN-555444","batch_no":null,"serial_no":null,"qty_change":-2,"qty_before":100,"qty_after":9
[2026-01-14 11:07:32] INFO: TransactionHistoryService: Deserialized first transaction - ID: 3, TransactionNumber: TXN-20260113-00317, TransactionDate: 1/14/2026 7:05:11 AM, ItemCode: SKU-HAT-301-BLU-OS, TransactionType: Picking
[2026-01-14 11:07:32] INFO: TransactionHistoryService: Parsed 3 transactions from API response
[2026-01-14 11:07:32] INFO: TransactionHistoryViewModel: Service returned 3 transactions
[2026-01-14 11:07:32] INFO: TransactionHistoryViewModel: Loaded 3 transactions
[2026-01-14 11:11:12] INFO: WmsTransactionDataService: Saving transaction 'WMS-TRANS-0001'
[2026-01-14 11:11:12] INFO: WmsTransactionDataService: Successfully saved transaction 'WMS-TRANS-0001'
[2026-01-14 11:11:12] INFO: WmsTransactionAutoCreateService: Created Picking transaction WMS-TRANS-0001 for Material Request MR-1401261
[2026-01-14 11:11:12] INFO: Loading WMS Transactions from database...
[2026-01-14 11:11:12] INFO: Loaded 1 WMS Transactions from database
[2026-01-14 11:11:52] INFO: TransferCartonListView: Loaded event fired
[2026-01-14 11:11:52] INFO: TransferCartonListView: Calling RefreshAsync on ViewModel
[2026-01-14 11:11:52] INFO: TransferCartonListViewModel: Starting to load transfer cartons
[2026-01-14 11:11:52] INFO: Loading Transfer Cartons from database...
[2026-01-14 11:11:52] INFO: TransferCartonDataService: Starting schema detection
[2026-01-14 11:11:52] INFO: TransferCartonDataService: Found column 'asn_no'
[2026-01-14 11:11:52] INFO: TransferCartonDataService: Found column 'to_no'
[2026-01-14 11:11:52] INFO: TransferCartonDataService: Returning - AsnColumn=asn_no, ToColumn=to_no
[2026-01-14 11:11:52] INFO: Detected schema: AsnColumn=asn_no, ToColumn=to_no
[2026-01-14 11:11:52] INFO: Executing query: SELECT tc_id, status, asn_no, to_no, store, 
                               created_by, created_on, sealed_by, sealed_on, dispatched_on, remarks
                        FROM tabTransferCarton
                        ORDER BY created_on DESC, tc_id
[2026-01-14 11:11:52] INFO: Loaded 1 transfer cartons from database
[2026-01-14 11:11:52] INFO: TransferCartonListViewModel: Received 1 transfer cartons from service
[2026-01-14 11:11:52] INFO: TransferCartonListViewModel: Added 1 transfer cartons to collection
[2026-01-14 11:11:52] INFO: TransferCartonListView: RefreshAsync completed
[2026-01-14 11:11:56] INFO: TransactionHistoryViewModel: Loading data with filters - FromDate: 2025-10-16, ToDate: 2026-01-15
[2026-01-14 11:11:56] INFO: TransactionHistoryService: Calling API: http://localhost:3000/api/transaction-history?from_date=2025-10-16&to_date=2026-01-15&limit=10000
[2026-01-14 11:11:58] INFO: TransactionHistoryService: API Response received (length: 3642)
[2026-01-14 11:11:58] INFO: TransactionHistoryService: Sample transaction from API (first 500 chars): {"id":5,"transaction_id":319,"transaction_number":"TXN-20260114-00319","transaction_date":"2026-01-14T08:11:06.000Z","transaction_type":"Picking","reference_doc_type":"Material Request","reference_doc":"MR-1401261","wms_transaction_title":null,"item_code":"SKU-HAT-301-BLU-OS","item_name":"Baseball Cap Blue One Size","warehouse":"WH-MAIN","warehouse_name":"Main Warehouse","bin_location":"A1-R01-L3-B1","location_id":"A1-R01-L3-B1","carton_id":null,"batch_no":null,"serial_no":null,"qty_change":-2,"
[2026-01-14 11:11:58] INFO: TransactionHistoryService: Deserialized first transaction - ID: 5, TransactionNumber: TXN-20260114-00319, TransactionDate: 1/14/2026 8:11:06 AM, ItemCode: SKU-HAT-301-BLU-OS, TransactionType: Picking
[2026-01-14 11:11:58] INFO: TransactionHistoryService: Parsed 5 transactions from API response
[2026-01-14 11:11:58] INFO: TransactionHistoryViewModel: Service returned 5 transactions
[2026-01-14 11:11:58] INFO: TransactionHistoryViewModel: Loaded 5 transactions
[2026-01-14 11:13:29] INFO: TransactionHistoryViewModel: Loading data with filters - FromDate: 2025-10-16, ToDate: 2026-01-15
[2026-01-14 11:13:29] INFO: TransactionHistoryService: Calling API: http://localhost:3000/api/transaction-history?from_date=2025-10-16&to_date=2026-01-15&limit=10000
[2026-01-14 11:13:31] INFO: TransactionHistoryService: API Response received (length: 3642)
[2026-01-14 11:13:31] INFO: TransactionHistoryService: Sample transaction from API (first 500 chars): {"id":5,"transaction_id":319,"transaction_number":"TXN-20260114-00319","transaction_date":"2026-01-14T08:11:06.000Z","transaction_type":"Picking","reference_doc_type":"Material Request","reference_doc":"MR-1401261","wms_transaction_title":null,"item_code":"SKU-HAT-301-BLU-OS","item_name":"Baseball Cap Blue One Size","warehouse":"WH-MAIN","warehouse_name":"Main Warehouse","bin_location":"A1-R01-L3-B1","location_id":"A1-R01-L3-B1","carton_id":null,"batch_no":null,"serial_no":null,"qty_change":-2,"
[2026-01-14 11:13:31] INFO: TransactionHistoryService: Deserialized first transaction - ID: 5, TransactionNumber: TXN-20260114-00319, TransactionDate: 1/14/2026 8:11:06 AM, ItemCode: SKU-HAT-301-BLU-OS, TransactionType: Picking
[2026-01-14 11:13:31] INFO: TransactionHistoryService: Parsed 5 transactions from API response
[2026-01-14 11:13:31] INFO: TransactionHistoryViewModel: Service returned 5 transactions
[2026-01-14 11:13:31] INFO: TransactionHistoryViewModel: Loaded 5 transactions
[2026-01-14 11:14:41] INFO: ItemLocationBreakdownViewModel: Refreshing location data for SKU-HAT-301-BLU-OS
[2026-01-14 11:14:41] INFO: ItemLocationBreakdownViewModel: Loading location data for SKU-HAT-301-BLU-OS, trying warehouses: WH-MAIN, Main Warehouse, WH-Main
[2026-01-14 11:14:41] INFO: ItemLocationBreakdownViewModel: Inventory mode is BinLevel
[2026-01-14 11:14:41] INFO: ItemLocationBreakdownViewModel: Found 1 entries in warehouse 'WH-MAIN'
[2026-01-14 11:14:41] INFO: ItemLocationBreakdownViewModel: Found 1 stock ledger entries for SKU-HAT-301-BLU-OS in warehouse 'WH-MAIN'
[2026-01-14 11:14:41] INFO: ItemLocationBreakdownViewModel: Direct match found location_id=A1-R01-L3-B1 for bin_location=A1-R01-L3-B1
[2026-01-14 11:14:41] INFO: ItemLocationBreakdownViewModel: Found 1 carton(s) in tabCartonStock for item SKU-HAT-301-BLU-OS at bin A1-R01-L3-B1 (warehouse: WH-MAIN)
[2026-01-14 11:14:41] INFO: ItemLocationBreakdownViewModel: Added carton 'CTN-555444' with qty 98 for item SKU-HAT-301-BLU-OS at bin A1-R01-L3-B1
[2026-01-14 11:14:41] INFO: ItemLocationBreakdownViewModel: Grouped 1 location detail(s) into 1 unique Location+Carton combination(s)
[2026-01-14 11:14:41] INFO: ItemLocationBreakdownViewModel: Cleared locations collection, current count: 0
[2026-01-14 11:14:41] INFO: ItemLocationBreakdownViewModel: Processing 1 grouped location detail(s) for 1 stock ledger entr(y/ies)
[2026-01-14 11:14:41] INFO: ItemLocationBreakdownViewModel: Added location A1-R01-L3-B1 (Zone: Zone A, Rack: Rack 01, Bin: B1, Carton: CTN-555444, Qty: 98)
[2026-01-14 11:14:41] INFO: ItemLocationBreakdownViewModel: Final count - Added 1 locations, Total Qty: 98, Collection Count: 1
[2026-01-14 11:15:04] INFO: ItemLocationBreakdownViewModel: Refreshing location data for SKU-HAT-301-BLU-OS
[2026-01-14 11:15:04] INFO: ItemLocationBreakdownViewModel: Loading location data for SKU-HAT-301-BLU-OS, trying warehouses: WH-MAIN, Main Warehouse, WH-Main
[2026-01-14 11:15:04] INFO: ItemLocationBreakdownViewModel: Inventory mode is BinLevel
[2026-01-14 11:15:04] INFO: ItemLocationBreakdownViewModel: Found 1 entries in warehouse 'WH-MAIN'
[2026-01-14 11:15:04] INFO: ItemLocationBreakdownViewModel: Found 1 stock ledger entries for SKU-HAT-301-BLU-OS in warehouse 'WH-MAIN'
[2026-01-14 11:15:04] INFO: ItemLocationBreakdownViewModel: Direct match found location_id=A1-R01-L3-B1 for bin_location=A1-R01-L3-B1
[2026-01-14 11:15:04] INFO: ItemLocationBreakdownViewModel: Found 1 carton(s) in tabCartonStock for item SKU-HAT-301-BLU-OS at bin A1-R01-L3-B1 (warehouse: WH-MAIN)
[2026-01-14 11:15:04] INFO: ItemLocationBreakdownViewModel: Added carton 'CTN-555444' with qty 98 for item SKU-HAT-301-BLU-OS at bin A1-R01-L3-B1
[2026-01-14 11:15:04] INFO: ItemLocationBreakdownViewModel: Grouped 1 location detail(s) into 1 unique Location+Carton combination(s)
[2026-01-14 11:15:04] INFO: ItemLocationBreakdownViewModel: Cleared locations collection, current count: 0
[2026-01-14 11:15:04] INFO: ItemLocationBreakdownViewModel: Processing 1 grouped location detail(s) for 1 stock ledger entr(y/ies)
[2026-01-14 11:15:04] INFO: ItemLocationBreakdownViewModel: Added location A1-R01-L3-B1 (Zone: Zone A, Rack: Rack 01, Bin: B1, Carton: CTN-555444, Qty: 98)
[2026-01-14 11:15:04] INFO: ItemLocationBreakdownViewModel: Final count - Added 1 locations, Total Qty: 98, Collection Count: 1
[2026-01-14 11:15:11] INFO: CycleCountTaskDetailViewModel: Refreshing task CC-A1-R01-L3-B1-MKD0GR4C
[2026-01-14 11:15:11] INFO: CycleCountTaskDataService: Retrieved task CC-A1-R01-L3-B1-MKD0GR4C - TotalItems: 1, CountedItems: 1, ItemsWithDiscrepancy: 1, Lines: 1
[2026-01-14 11:15:11] INFO: CycleCountTaskDetailViewModel: Refreshed task CC-A1-R01-L3-B1-MKD0GR4C - CountedItems: 1 → 1, ItemsWithDiscrepancy: 1 → 1, Lines: 1 → 1
[2026-01-14 11:18:03] INFO: ItemLocationBreakdownViewModel: Refreshing location data for SKU-HAT-301-BLU-OS
[2026-01-14 11:18:03] INFO: ItemLocationBreakdownViewModel: Loading location data for SKU-HAT-301-BLU-OS, trying warehouses: WH-MAIN, Main Warehouse, WH-Main
[2026-01-14 11:18:03] INFO: ItemLocationBreakdownViewModel: Inventory mode is BinLevel
[2026-01-14 11:18:03] INFO: ItemLocationBreakdownViewModel: Found 1 entries in warehouse 'WH-MAIN'
[2026-01-14 11:18:03] INFO: ItemLocationBreakdownViewModel: Found 1 stock ledger entries for SKU-HAT-301-BLU-OS in warehouse 'WH-MAIN'
[2026-01-14 11:18:03] INFO: ItemLocationBreakdownViewModel: Direct match found location_id=A1-R01-L3-B1 for bin_location=A1-R01-L3-B1
[2026-01-14 11:18:03] INFO: ItemLocationBreakdownViewModel: Found 1 carton(s) in tabCartonStock for item SKU-HAT-301-BLU-OS at bin A1-R01-L3-B1 (warehouse: WH-MAIN)
[2026-01-14 11:18:03] INFO: ItemLocationBreakdownViewModel: Added carton 'CTN-555444' with qty 98 for item SKU-HAT-301-BLU-OS at bin A1-R01-L3-B1
[2026-01-14 11:18:03] INFO: ItemLocationBreakdownViewModel: Grouped 1 location detail(s) into 1 unique Location+Carton combination(s)
[2026-01-14 11:18:03] INFO: ItemLocationBreakdownViewModel: Cleared locations collection, current count: 0
[2026-01-14 11:18:03] INFO: ItemLocationBreakdownViewModel: Processing 1 grouped location detail(s) for 1 stock ledger entr(y/ies)
[2026-01-14 11:18:03] INFO: ItemLocationBreakdownViewModel: Added location A1-R01-L3-B1 (Zone: Zone A, Rack: Rack 01, Bin: B1, Carton: CTN-555444, Qty: 98)
[2026-01-14 11:18:03] INFO: ItemLocationBreakdownViewModel: Final count - Added 1 locations, Total Qty: 98, Collection Count: 1
[2026-01-14 12:10:19] INFO: ItemLocationBreakdownViewModel: Refreshing location data for SKU-HAT-301-BLU-OS
[2026-01-14 12:10:19] INFO: ItemLocationBreakdownViewModel: Loading location data for SKU-HAT-301-BLU-OS, trying warehouses: WH-MAIN, Main Warehouse, WH-Main
[2026-01-14 12:10:19] INFO: ItemLocationBreakdownViewModel: Inventory mode is BinLevel
[2026-01-14 12:10:19] INFO: ItemLocationBreakdownViewModel: Found 2 entries in warehouse 'WH-MAIN'
[2026-01-14 12:10:19] INFO: ItemLocationBreakdownViewModel: Found 2 stock ledger entries for SKU-HAT-301-BLU-OS in warehouse 'WH-MAIN'
[2026-01-14 12:10:19] INFO: ItemLocationBreakdownViewModel: Direct match found location_id=A1-R01-L3-B1 for bin_location=A1-R01-L3-B1
[2026-01-14 12:10:19] INFO: ItemLocationBreakdownViewModel: Found 1 carton(s) in tabCartonStock for item SKU-HAT-301-BLU-OS at bin A1-R01-L3-B1 (warehouse: WH-MAIN)
[2026-01-14 12:10:19] INFO: ItemLocationBreakdownViewModel: Added carton 'CTN-555444' with qty 98 for item SKU-HAT-301-BLU-OS at bin A1-R01-L3-B1
[2026-01-14 12:10:19] INFO: ItemLocationBreakdownViewModel: Direct match found location_id=A1-R02-L1-B2 for bin_location=A1-R02-L1-B2
[2026-01-14 12:10:19] INFO: ItemLocationBreakdownViewModel: Found 1 carton(s) in tabCartonStock for item SKU-HAT-301-BLU-OS at bin A1-R02-L1-B2 (warehouse: WH-MAIN)
[2026-01-14 12:10:19] INFO: ItemLocationBreakdownViewModel: Added carton 'CTN-9444537' with qty 100 for item SKU-HAT-301-BLU-OS at bin A1-R02-L1-B2
[2026-01-14 12:10:19] INFO: ItemLocationBreakdownViewModel: Grouped 2 location detail(s) into 2 unique Location+Carton combination(s)
[2026-01-14 12:10:19] INFO: ItemLocationBreakdownViewModel: Cleared locations collection, current count: 0
[2026-01-14 12:10:19] INFO: ItemLocationBreakdownViewModel: Processing 2 grouped location detail(s) for 2 stock ledger entr(y/ies)
[2026-01-14 12:10:19] INFO: ItemLocationBreakdownViewModel: Added location A1-R01-L3-B1 (Zone: Zone A, Rack: Rack 01, Bin: B1, Carton: CTN-555444, Qty: 98)
[2026-01-14 12:10:19] INFO: ItemLocationBreakdownViewModel: Added location A1-R02-L1-B2 (Zone: Zone A, Rack: Rack 02, Bin: B2, Carton: CTN-9444537, Qty: 100)
[2026-01-14 12:10:19] INFO: ItemLocationBreakdownViewModel: Final count - Added 2 locations, Total Qty: 198, Collection Count: 2
[2026-01-14 12:11:02] INFO: TransactionHistoryViewModel: Loading data with filters - FromDate: 2025-10-16, ToDate: 2026-01-15
[2026-01-14 12:11:02] INFO: TransactionHistoryService: Calling API: http://localhost:3000/api/transaction-history?from_date=2025-10-16&to_date=2026-01-15&limit=10000
[2026-01-14 12:11:04] INFO: TransactionHistoryService: API Response received (length: 5934)
[2026-01-14 12:11:04] INFO: TransactionHistoryService: Sample transaction from API (first 500 chars): {"id":8,"transaction_id":322,"transaction_number":"TXN-20260114-00322","transaction_date":"2026-01-14T09:07:20.000Z","transaction_type":"CycleCount","reference_doc_type":"Cycle Count Task","reference_doc":"CC-A1-R02-L1-B2-MKDSQO47","wms_transaction_title":null,"item_code":"SKU-SHIRT-002-BLU-L","item_name":"Shirt 002 Blu L","warehouse":"WH-MAIN","warehouse_name":"Main Warehouse","bin_location":"A1-R02-L1-B2","location_id":"A1-R02-L1-B2","carton_id":null,"batch_no":null,"serial_no":null,"qty_chang
[2026-01-14 12:11:04] INFO: TransactionHistoryService: Deserialized first transaction - ID: 8, TransactionNumber: TXN-20260114-00322, TransactionDate: 1/14/2026 9:07:20 AM, ItemCode: SKU-SHIRT-002-BLU-L, TransactionType: CycleCount
[2026-01-14 12:11:04] INFO: TransactionHistoryService: Parsed 8 transactions from API response
[2026-01-14 12:11:04] INFO: TransactionHistoryViewModel: Service returned 8 transactions
[2026-01-14 12:11:04] INFO: TransactionHistoryViewModel: Loaded 8 transactions
[2026-01-14 12:11:35] INFO: TransactionHistoryViewModel: Loading data with filters - FromDate: 2025-10-16, ToDate: 2026-01-15
[2026-01-14 12:11:35] INFO: TransactionHistoryService: Calling API: http://localhost:3000/api/transaction-history?from_date=2025-10-16&to_date=2026-01-15&limit=10000
[2026-01-14 12:11:37] INFO: TransactionHistoryService: API Response received (length: 5934)
[2026-01-14 12:11:37] INFO: TransactionHistoryService: Sample transaction from API (first 500 chars): {"id":8,"transaction_id":322,"transaction_number":"TXN-20260114-00322","transaction_date":"2026-01-14T09:07:20.000Z","transaction_type":"CycleCount","reference_doc_type":"Cycle Count Task","reference_doc":"CC-A1-R02-L1-B2-MKDSQO47","wms_transaction_title":null,"item_code":"SKU-SHIRT-002-BLU-L","item_name":"Shirt 002 Blu L","warehouse":"WH-MAIN","warehouse_name":"Main Warehouse","bin_location":"A1-R02-L1-B2","location_id":"A1-R02-L1-B2","carton_id":null,"batch_no":null,"serial_no":null,"qty_chang
[2026-01-14 12:11:37] INFO: TransactionHistoryService: Deserialized first transaction - ID: 8, TransactionNumber: TXN-20260114-00322, TransactionDate: 1/14/2026 9:07:20 AM, ItemCode: SKU-SHIRT-002-BLU-L, TransactionType: CycleCount
[2026-01-14 12:11:37] INFO: TransactionHistoryService: Parsed 8 transactions from API response
[2026-01-14 12:11:37] INFO: TransactionHistoryViewModel: Service returned 8 transactions
[2026-01-14 12:11:37] INFO: TransactionHistoryViewModel: Loaded 8 transactions
[2026-01-14 12:14:46] INFO: ItemLocationBreakdownViewModel: Refreshing location data for SKU-HAT-301-BLU-OS
[2026-01-14 12:14:46] INFO: ItemLocationBreakdownViewModel: Loading location data for SKU-HAT-301-BLU-OS, trying warehouses: WH-MAIN, Main Warehouse, WH-Main
[2026-01-14 12:14:46] INFO: ItemLocationBreakdownViewModel: Inventory mode is BinLevel
[2026-01-14 12:14:46] INFO: ItemLocationBreakdownViewModel: Found 2 entries in warehouse 'WH-MAIN'
[2026-01-14 12:14:46] INFO: ItemLocationBreakdownViewModel: Found 2 stock ledger entries for SKU-HAT-301-BLU-OS in warehouse 'WH-MAIN'
[2026-01-14 12:14:46] INFO: ItemLocationBreakdownViewModel: Direct match found location_id=A1-R01-L3-B1 for bin_location=A1-R01-L3-B1
[2026-01-14 12:14:46] INFO: ItemLocationBreakdownViewModel: Found 1 carton(s) in tabCartonStock for item SKU-HAT-301-BLU-OS at bin A1-R01-L3-B1 (warehouse: WH-MAIN)
[2026-01-14 12:14:46] INFO: ItemLocationBreakdownViewModel: Added carton 'CTN-555444' with qty 100 for item SKU-HAT-301-BLU-OS at bin A1-R01-L3-B1
[2026-01-14 12:14:46] INFO: ItemLocationBreakdownViewModel: Direct match found location_id=A1-R02-L1-B2 for bin_location=A1-R02-L1-B2
[2026-01-14 12:14:46] INFO: ItemLocationBreakdownViewModel: Found 1 carton(s) in tabCartonStock for item SKU-HAT-301-BLU-OS at bin A1-R02-L1-B2 (warehouse: WH-MAIN)
[2026-01-14 12:14:46] INFO: ItemLocationBreakdownViewModel: Added carton 'CTN-9444537' with qty 100 for item SKU-HAT-301-BLU-OS at bin A1-R02-L1-B2
[2026-01-14 12:14:46] INFO: ItemLocationBreakdownViewModel: Grouped 2 location detail(s) into 2 unique Location+Carton combination(s)
[2026-01-14 12:14:46] INFO: ItemLocationBreakdownViewModel: Cleared locations collection, current count: 0
[2026-01-14 12:14:46] INFO: ItemLocationBreakdownViewModel: Processing 2 grouped location detail(s) for 2 stock ledger entr(y/ies)
[2026-01-14 12:14:46] INFO: ItemLocationBreakdownViewModel: Added location A1-R01-L3-B1 (Zone: Zone A, Rack: Rack 01, Bin: B1, Carton: CTN-555444, Qty: 100)
[2026-01-14 12:14:46] INFO: ItemLocationBreakdownViewModel: Added location A1-R02-L1-B2 (Zone: Zone A, Rack: Rack 02, Bin: B2, Carton: CTN-9444537, Qty: 100)
[2026-01-14 12:14:46] INFO: ItemLocationBreakdownViewModel: Final count - Added 2 locations, Total Qty: 200, Collection Count: 2
[2026-01-14 12:15:02] INFO: TransactionHistoryViewModel: Loading data with filters - FromDate: 2025-10-16, ToDate: 2026-01-15
[2026-01-14 12:15:02] INFO: TransactionHistoryService: Calling API: http://localhost:3000/api/transaction-history?from_date=2025-10-16&to_date=2026-01-15&limit=10000
[2026-01-14 12:15:04] INFO: TransactionHistoryService: API Response received (length: 13590)
[2026-01-14 12:15:04] INFO: TransactionHistoryService: Sample transaction from API (first 500 chars): {"id":18,"transaction_id":332,"transaction_number":"TXN-20260114-00332","transaction_date":"2026-01-14T09:14:31.000Z","transaction_type":"CycleCount","reference_doc_type":"Cycle Count Task","reference_doc":"CC-A1-R02-L1-B2-MKDT00IG","wms_transaction_title":null,"item_code":"SKU-JEANS-041-BLK-34","item_name":"Jeans 041 Blk 34","warehouse":"WH-MAIN","warehouse_name":"Main Warehouse","bin_location":"A1-R02-L1-B2","location_id":"A1-R02-L1-B2","carton_id":null,"batch_no":null,"serial_no":null,"qty_ch
[2026-01-14 12:15:04] INFO: TransactionHistoryService: Deserialized first transaction - ID: 18, TransactionNumber: TXN-20260114-00332, TransactionDate: 1/14/2026 9:14:31 AM, ItemCode: SKU-JEANS-041-BLK-34, TransactionType: CycleCount
[2026-01-14 12:15:04] INFO: TransactionHistoryService: Parsed 18 transactions from API response
[2026-01-14 12:15:04] INFO: TransactionHistoryViewModel: Service returned 18 transactions
[2026-01-14 12:15:04] INFO: TransactionHistoryViewModel: Loaded 18 transactions
[2026-01-14 12:15:45] INFO: TransactionHistoryViewModel: Loading data with filters - FromDate: null, ToDate: null
[2026-01-14 12:15:45] INFO: TransactionHistoryService: Calling API: http://localhost:3000/api/transaction-history?limit=10000
[2026-01-14 12:15:47] INFO: TransactionHistoryService: API Response received (length: 9968)
[2026-01-14 12:15:47] INFO: TransactionHistoryService: Sample transaction from API (first 500 chars): {"id":18,"transaction_id":332,"transaction_number":"TXN-20260114-00332","transaction_date":"2026-01-14T09:14:31.000Z","transaction_type":"CycleCount","reference_doc_type":"Cycle Count Task","reference_doc":"CC-A1-R02-L1-B2-MKDT00IG","wms_transaction_title":null,"item_code":"SKU-JEANS-041-BLK-34","item_name":"Jeans 041 Blk 34","warehouse":"WH-MAIN","warehouse_name":"Main Warehouse","bin_location":"A1-R02-L1-B2","location_id":"A1-R02-L1-B2","carton_id":null,"batch_no":null,"serial_no":null,"qty_ch
[2026-01-14 12:15:47] INFO: TransactionHistoryService: Deserialized first transaction - ID: 18, TransactionNumber: TXN-20260114-00332, TransactionDate: 1/14/2026 9:14:31 AM, ItemCode: SKU-JEANS-041-BLK-34, TransactionType: CycleCount
[2026-01-14 12:15:47] INFO: TransactionHistoryService: Parsed 13 transactions from API response
[2026-01-14 12:15:47] INFO: TransactionHistoryViewModel: Service returned 13 transactions
[2026-01-14 12:15:47] INFO: TransactionHistoryViewModel: Loaded 13 transactions
[2026-01-14 12:20:39] INFO: TransactionHistoryViewModel: Loading data with filters - FromDate: 2025-10-16, ToDate: 2026-01-15
[2026-01-14 12:20:39] INFO: TransactionHistoryService: Calling API: http://localhost:3000/api/transaction-history?from_date=2025-10-16&to_date=2026-01-15&limit=10000
[2026-01-14 12:20:41] INFO: TransactionHistoryService: API Response received (length: 11445)
[2026-01-14 12:20:41] INFO: TransactionHistoryService: Sample transaction from API (first 500 chars): {"id":20,"transaction_id":334,"transaction_number":"TXN-20260114-00334","transaction_date":"2026-01-14T09:16:18.000Z","transaction_type":"Picking","reference_doc_type":"Material Request","reference_doc":"MR-1401261","wms_transaction_title":null,"item_code":"SKU-HAT-301-BLU-OS","item_name":"Baseball Cap Blue One Size","warehouse":"WH-MAIN","warehouse_name":"Main Warehouse","bin_location":"A1-R01-L3-B1","location_id":"A1-R01-L3-B1","carton_id":null,"batch_no":null,"serial_no":null,"qty_change":-2,
[2026-01-14 12:20:41] INFO: TransactionHistoryService: Deserialized first transaction - ID: 20, TransactionNumber: TXN-20260114-00334, TransactionDate: 1/14/2026 9:16:18 AM, ItemCode: SKU-HAT-301-BLU-OS, TransactionType: Picking
[2026-01-14 12:20:41] INFO: TransactionHistoryService: Parsed 15 transactions from API response
[2026-01-14 12:20:41] INFO: TransactionHistoryViewModel: Service returned 15 transactions
[2026-01-14 12:20:41] INFO: TransactionHistoryViewModel: Loaded 15 transactions
[2026-01-14 12:21:51] INFO: ItemLocationBreakdownViewModel: Refreshing location data for SKU-HAT-301-BLU-OS
[2026-01-14 12:21:51] INFO: ItemLocationBreakdownViewModel: Loading location data for SKU-HAT-301-BLU-OS, trying warehouses: WH-MAIN, Main Warehouse, WH-Main
[2026-01-14 12:21:51] INFO: ItemLocationBreakdownViewModel: Inventory mode is BinLevel
[2026-01-14 12:21:51] INFO: ItemLocationBreakdownViewModel: Found 2 entries in warehouse 'WH-MAIN'
[2026-01-14 12:21:51] INFO: ItemLocationBreakdownViewModel: Found 2 stock ledger entries for SKU-HAT-301-BLU-OS in warehouse 'WH-MAIN'
[2026-01-14 12:21:51] INFO: ItemLocationBreakdownViewModel: Direct match found location_id=A1-R01-L3-B1 for bin_location=A1-R01-L3-B1
[2026-01-14 12:21:51] INFO: ItemLocationBreakdownViewModel: Found 1 carton(s) in tabCartonStock for item SKU-HAT-301-BLU-OS at bin A1-R01-L3-B1 (warehouse: WH-MAIN)
[2026-01-14 12:21:51] INFO: ItemLocationBreakdownViewModel: Added carton 'CTN-555444' with qty 98 for item SKU-HAT-301-BLU-OS at bin A1-R01-L3-B1
[2026-01-14 12:21:51] INFO: ItemLocationBreakdownViewModel: Direct match found location_id=A1-R02-L1-B2 for bin_location=A1-R02-L1-B2
[2026-01-14 12:21:51] INFO: ItemLocationBreakdownViewModel: Found 1 carton(s) in tabCartonStock for item SKU-HAT-301-BLU-OS at bin A1-R02-L1-B2 (warehouse: WH-MAIN)
[2026-01-14 12:21:51] INFO: ItemLocationBreakdownViewModel: Added carton 'CTN-9444537' with qty 100 for item SKU-HAT-301-BLU-OS at bin A1-R02-L1-B2
[2026-01-14 12:21:51] INFO: ItemLocationBreakdownViewModel: Grouped 2 location detail(s) into 2 unique Location+Carton combination(s)
[2026-01-14 12:21:51] INFO: ItemLocationBreakdownViewModel: Cleared locations collection, current count: 0
[2026-01-14 12:21:51] INFO: ItemLocationBreakdownViewModel: Processing 2 grouped location detail(s) for 2 stock ledger entr(y/ies)
[2026-01-14 12:21:51] INFO: ItemLocationBreakdownViewModel: Added location A1-R01-L3-B1 (Zone: Zone A, Rack: Rack 01, Bin: B1, Carton: CTN-555444, Qty: 98)
[2026-01-14 12:21:51] INFO: ItemLocationBreakdownViewModel: Added location A1-R02-L1-B2 (Zone: Zone A, Rack: Rack 02, Bin: B2, Carton: CTN-9444537, Qty: 100)
[2026-01-14 12:21:51] INFO: ItemLocationBreakdownViewModel: Final count - Added 2 locations, Total Qty: 198, Collection Count: 2
[2026-01-14 12:22:04] INFO: TransactionHistoryViewModel: Loading data with filters - FromDate: 2025-10-16, ToDate: 2026-01-15
[2026-01-14 12:22:04] INFO: TransactionHistoryService: Calling API: http://localhost:3000/api/transaction-history?from_date=2025-10-16&to_date=2026-01-15&limit=10000
[2026-01-14 12:22:06] INFO: TransactionHistoryService: API Response received (length: 11445)
[2026-01-14 12:22:06] INFO: TransactionHistoryService: Sample transaction from API (first 500 chars): {"id":20,"transaction_id":334,"transaction_number":"TXN-20260114-00334","transaction_date":"2026-01-14T09:16:18.000Z","transaction_type":"Picking","reference_doc_type":"Material Request","reference_doc":"MR-1401261","wms_transaction_title":null,"item_code":"SKU-HAT-301-BLU-OS","item_name":"Baseball Cap Blue One Size","warehouse":"WH-MAIN","warehouse_name":"Main Warehouse","bin_location":"A1-R01-L3-B1","location_id":"A1-R01-L3-B1","carton_id":null,"batch_no":null,"serial_no":null,"qty_change":-2,
[2026-01-14 12:22:06] INFO: TransactionHistoryService: Deserialized first transaction - ID: 20, TransactionNumber: TXN-20260114-00334, TransactionDate: 1/14/2026 9:16:18 AM, ItemCode: SKU-HAT-301-BLU-OS, TransactionType: Picking
[2026-01-14 12:22:06] INFO: TransactionHistoryService: Parsed 15 transactions from API response
[2026-01-14 12:22:06] INFO: TransactionHistoryViewModel: Service returned 15 transactions
[2026-01-14 12:22:06] INFO: TransactionHistoryViewModel: Loaded 15 transactions
[2026-01-14 12:26:59] INFO: ItemLocationBreakdownViewModel: Refreshing location data for SKU-HAT-301-BLU-OS
[2026-01-14 12:26:59] INFO: ItemLocationBreakdownViewModel: Loading location data for SKU-HAT-301-BLU-OS, trying warehouses: WH-MAIN, Main Warehouse, WH-Main
[2026-01-14 12:26:59] INFO: ItemLocationBreakdownViewModel: Inventory mode is BinLevel
[2026-01-14 12:26:59] INFO: ItemLocationBreakdownViewModel: Found 2 entries in warehouse 'WH-MAIN'
[2026-01-14 12:26:59] INFO: ItemLocationBreakdownViewModel: Found 2 stock ledger entries for SKU-HAT-301-BLU-OS in warehouse 'WH-MAIN'
[2026-01-14 12:26:59] INFO: ItemLocationBreakdownViewModel: Direct match found location_id=A1-R01-L3-B1 for bin_location=A1-R01-L3-B1
[2026-01-14 12:26:59] INFO: ItemLocationBreakdownViewModel: Found 1 carton(s) in tabCartonStock for item SKU-HAT-301-BLU-OS at bin A1-R01-L3-B1 (warehouse: WH-MAIN)
[2026-01-14 12:26:59] INFO: ItemLocationBreakdownViewModel: Added carton 'CTN-555444' with qty 98 for item SKU-HAT-301-BLU-OS at bin A1-R01-L3-B1
[2026-01-14 12:26:59] INFO: ItemLocationBreakdownViewModel: Direct match found location_id=A1-R02-L1-B2 for bin_location=A1-R02-L1-B2
[2026-01-14 12:26:59] INFO: ItemLocationBreakdownViewModel: Found 1 carton(s) in tabCartonStock for item SKU-HAT-301-BLU-OS at bin A1-R02-L1-B2 (warehouse: WH-MAIN)
[2026-01-14 12:26:59] INFO: ItemLocationBreakdownViewModel: Added carton 'CTN-9444537' with qty 100 for item SKU-HAT-301-BLU-OS at bin A1-R02-L1-B2
[2026-01-14 12:26:59] INFO: ItemLocationBreakdownViewModel: Grouped 2 location detail(s) into 2 unique Location+Carton combination(s)
[2026-01-14 12:26:59] INFO: ItemLocationBreakdownViewModel: Cleared locations collection, current count: 0
[2026-01-14 12:26:59] INFO: ItemLocationBreakdownViewModel: Processing 2 grouped location detail(s) for 2 stock ledger entr(y/ies)
[2026-01-14 12:26:59] INFO: ItemLocationBreakdownViewModel: Added location A1-R01-L3-B1 (Zone: Zone A, Rack: Rack 01, Bin: B1, Carton: CTN-555444, Qty: 98)
[2026-01-14 12:26:59] INFO: ItemLocationBreakdownViewModel: Added location A1-R02-L1-B2 (Zone: Zone A, Rack: Rack 02, Bin: B2, Carton: CTN-9444537, Qty: 100)
[2026-01-14 12:26:59] INFO: ItemLocationBreakdownViewModel: Final count - Added 2 locations, Total Qty: 198, Collection Count: 2
[2026-01-14 12:29:14] INFO: ItemLocationBreakdownViewModel: Refreshing location data for SKU-HAT-301-BLU-OS
[2026-01-14 12:29:14] INFO: ItemLocationBreakdownViewModel: Loading location data for SKU-HAT-301-BLU-OS, trying warehouses: WH-MAIN, Main Warehouse, WH-Main
[2026-01-14 12:29:14] INFO: ItemLocationBreakdownViewModel: Inventory mode is BinLevel
[2026-01-14 12:29:14] INFO: ItemLocationBreakdownViewModel: Found 3 entries in warehouse 'WH-MAIN'
[2026-01-14 12:29:14] INFO: ItemLocationBreakdownViewModel: Found 3 stock ledger entries for SKU-HAT-301-BLU-OS in warehouse 'WH-MAIN'
[2026-01-14 12:29:14] INFO: ItemLocationBreakdownViewModel: Direct match found location_id=A1-R01-L3-B1 for bin_location=A1-R01-L3-B1
[2026-01-14 12:29:14] INFO: ItemLocationBreakdownViewModel: Found 1 carton(s) in tabCartonStock for item SKU-HAT-301-BLU-OS at bin A1-R01-L3-B1 (warehouse: WH-MAIN)
[2026-01-14 12:29:14] INFO: ItemLocationBreakdownViewModel: Added carton 'CTN-555444' with qty 98 for item SKU-HAT-301-BLU-OS at bin A1-R01-L3-B1
[2026-01-14 12:29:14] INFO: ItemLocationBreakdownViewModel: Direct match found location_id=A1-R02-L1-B2 for bin_location=A1-R02-L1-B2
[2026-01-14 12:29:14] INFO: ItemLocationBreakdownViewModel: Found 1 carton(s) in tabCartonStock for item SKU-HAT-301-BLU-OS at bin A1-R02-L1-B2 (warehouse: WH-MAIN)
[2026-01-14 12:29:14] INFO: ItemLocationBreakdownViewModel: Added carton 'CTN-9444537' with qty 100 for item SKU-HAT-301-BLU-OS at bin A1-R02-L1-B2
[2026-01-14 12:29:14] INFO: ItemLocationBreakdownViewModel: Direct match found location_id=B3-R01-L1-B3 for bin_location=B3-R01-L1-B3
[2026-01-14 12:29:14] INFO: ItemLocationBreakdownViewModel: Found 1 carton(s) in tabCartonStock for item SKU-HAT-301-BLU-OS at bin B3-R01-L1-B3 (warehouse: WH-MAIN)
[2026-01-14 12:29:14] INFO: ItemLocationBreakdownViewModel: Added carton 'CTN-555445' with qty 150 for item SKU-HAT-301-BLU-OS at bin B3-R01-L1-B3
[2026-01-14 12:29:14] INFO: ItemLocationBreakdownViewModel: Grouped 3 location detail(s) into 3 unique Location+Carton combination(s)
[2026-01-14 12:29:14] INFO: ItemLocationBreakdownViewModel: Cleared locations collection, current count: 0
[2026-01-14 12:29:14] INFO: ItemLocationBreakdownViewModel: Processing 3 grouped location detail(s) for 3 stock ledger entr(y/ies)
[2026-01-14 12:29:14] INFO: ItemLocationBreakdownViewModel: Added location A1-R01-L3-B1 (Zone: Zone A, Rack: Rack 01, Bin: B1, Carton: CTN-555444, Qty: 98)
[2026-01-14 12:29:14] INFO: ItemLocationBreakdownViewModel: Added location A1-R02-L1-B2 (Zone: Zone A, Rack: Rack 02, Bin: B2, Carton: CTN-9444537, Qty: 100)
[2026-01-14 12:29:14] INFO: ItemLocationBreakdownViewModel: Added location B3-R01-L1-B3 (Zone: Zone B, Rack: Rack 01, Bin: B3, Carton: CTN-555445, Qty: 150)
[2026-01-14 12:29:14] INFO: ItemLocationBreakdownViewModel: Final count - Added 3 locations, Total Qty: 348, Collection Count: 3
[2026-01-14 12:31:56] INFO: WmsTransactionDataService: Saving transaction 'WMS-TRANS-0001'
[2026-01-14 12:31:56] INFO: WmsTransactionDataService: Successfully saved transaction 'WMS-TRANS-0001'
[2026-01-14 12:31:56] INFO: WmsTransactionAutoCreateService: Created Picking transaction WMS-TRANS-0001 for Material Request MR-1401262
[2026-01-14 12:31:56] INFO: Loading WMS Transactions from database...
[2026-01-14 12:31:56] INFO: Loaded 1 WMS Transactions from database
[2026-01-14 12:32:28] INFO: Loading WMS Transactions from database...
[2026-01-14 12:32:28] INFO: Loaded 1 WMS Transactions from database
[2026-01-14 12:32:39] INFO: ItemLocationBreakdownViewModel: Refreshing location data for SKU-HAT-301-BLU-OS
[2026-01-14 12:32:39] INFO: ItemLocationBreakdownViewModel: Loading location data for SKU-HAT-301-BLU-OS, trying warehouses: WH-MAIN, Main Warehouse, WH-Main
[2026-01-14 12:32:39] INFO: ItemLocationBreakdownViewModel: Inventory mode is BinLevel
[2026-01-14 12:32:39] INFO: ItemLocationBreakdownViewModel: Found 3 entries in warehouse 'WH-MAIN'
[2026-01-14 12:32:39] INFO: ItemLocationBreakdownViewModel: Found 3 stock ledger entries for SKU-HAT-301-BLU-OS in warehouse 'WH-MAIN'
[2026-01-14 12:32:39] INFO: ItemLocationBreakdownViewModel: Direct match found location_id=A1-R01-L3-B1 for bin_location=A1-R01-L3-B1
[2026-01-14 12:32:39] INFO: ItemLocationBreakdownViewModel: Found 1 carton(s) in tabCartonStock for item SKU-HAT-301-BLU-OS at bin A1-R01-L3-B1 (warehouse: WH-MAIN)
[2026-01-14 12:32:39] INFO: ItemLocationBreakdownViewModel: Added carton 'CTN-555444' with qty 98 for item SKU-HAT-301-BLU-OS at bin A1-R01-L3-B1
[2026-01-14 12:32:39] INFO: ItemLocationBreakdownViewModel: Direct match found location_id=A1-R02-L1-B2 for bin_location=A1-R02-L1-B2
[2026-01-14 12:32:39] INFO: ItemLocationBreakdownViewModel: Found 1 carton(s) in tabCartonStock for item SKU-HAT-301-BLU-OS at bin A1-R02-L1-B2 (warehouse: WH-MAIN)
[2026-01-14 12:32:39] INFO: ItemLocationBreakdownViewModel: Added carton 'CTN-9444537' with qty 100 for item SKU-HAT-301-BLU-OS at bin A1-R02-L1-B2
[2026-01-14 12:32:39] INFO: ItemLocationBreakdownViewModel: Direct match found location_id=B3-R01-L1-B3 for bin_location=B3-R01-L1-B3
[2026-01-14 12:32:39] INFO: ItemLocationBreakdownViewModel: Found 1 carton(s) in tabCartonStock for item SKU-HAT-301-BLU-OS at bin B3-R01-L1-B3 (warehouse: WH-MAIN)
[2026-01-14 12:32:39] INFO: ItemLocationBreakdownViewModel: Added carton 'CTN-555445' with qty 150 for item SKU-HAT-301-BLU-OS at bin B3-R01-L1-B3
[2026-01-14 12:32:39] INFO: ItemLocationBreakdownViewModel: Grouped 3 location detail(s) into 3 unique Location+Carton combination(s)
[2026-01-14 12:32:39] INFO: ItemLocationBreakdownViewModel: Cleared locations collection, current count: 0
[2026-01-14 12:32:39] INFO: ItemLocationBreakdownViewModel: Processing 3 grouped location detail(s) for 3 stock ledger entr(y/ies)
[2026-01-14 12:32:39] INFO: ItemLocationBreakdownViewModel: Added location A1-R01-L3-B1 (Zone: Zone A, Rack: Rack 01, Bin: B1, Carton: CTN-555444, Qty: 98)
[2026-01-14 12:32:39] INFO: ItemLocationBreakdownViewModel: Added location A1-R02-L1-B2 (Zone: Zone A, Rack: Rack 02, Bin: B2, Carton: CTN-9444537, Qty: 100)
[2026-01-14 12:32:39] INFO: ItemLocationBreakdownViewModel: Added location B3-R01-L1-B3 (Zone: Zone B, Rack: Rack 01, Bin: B3, Carton: CTN-555445, Qty: 150)
[2026-01-14 12:32:39] INFO: ItemLocationBreakdownViewModel: Final count - Added 3 locations, Total Qty: 348, Collection Count: 3
[2026-01-14 12:33:00] INFO: ItemLocationBreakdownViewModel: Refreshing location data for SKU-HAT-301-BLU-OS
[2026-01-14 12:33:00] INFO: ItemLocationBreakdownViewModel: Loading location data for SKU-HAT-301-BLU-OS, trying warehouses: WH-MAIN, Main Warehouse, WH-Main
[2026-01-14 12:33:00] INFO: ItemLocationBreakdownViewModel: Inventory mode is BinLevel
[2026-01-14 12:33:00] INFO: ItemLocationBreakdownViewModel: Found 3 entries in warehouse 'WH-MAIN'
[2026-01-14 12:33:00] INFO: ItemLocationBreakdownViewModel: Found 3 stock ledger entries for SKU-HAT-301-BLU-OS in warehouse 'WH-MAIN'
[2026-01-14 12:33:00] INFO: ItemLocationBreakdownViewModel: Direct match found location_id=A1-R01-L3-B1 for bin_location=A1-R01-L3-B1
[2026-01-14 12:33:00] INFO: ItemLocationBreakdownViewModel: Found 1 carton(s) in tabCartonStock for item SKU-HAT-301-BLU-OS at bin A1-R01-L3-B1 (warehouse: WH-MAIN)
[2026-01-14 12:33:00] INFO: ItemLocationBreakdownViewModel: Added carton 'CTN-555444' with qty 98 for item SKU-HAT-301-BLU-OS at bin A1-R01-L3-B1
[2026-01-14 12:33:00] INFO: ItemLocationBreakdownViewModel: Direct match found location_id=A1-R02-L1-B2 for bin_location=A1-R02-L1-B2
[2026-01-14 12:33:00] INFO: ItemLocationBreakdownViewModel: Found 1 carton(s) in tabCartonStock for item SKU-HAT-301-BLU-OS at bin A1-R02-L1-B2 (warehouse: WH-MAIN)
[2026-01-14 12:33:00] INFO: ItemLocationBreakdownViewModel: Added carton 'CTN-9444537' with qty 100 for item SKU-HAT-301-BLU-OS at bin A1-R02-L1-B2
[2026-01-14 12:33:00] INFO: ItemLocationBreakdownViewModel: Direct match found location_id=B3-R01-L1-B3 for bin_location=B3-R01-L1-B3
[2026-01-14 12:33:00] INFO: ItemLocationBreakdownViewModel: Found 1 carton(s) in tabCartonStock for item SKU-HAT-301-BLU-OS at bin B3-R01-L1-B3 (warehouse: WH-MAIN)
[2026-01-14 12:33:00] INFO: ItemLocationBreakdownViewModel: Added carton 'CTN-555445' with qty 150 for item SKU-HAT-301-BLU-OS at bin B3-R01-L1-B3
[2026-01-14 12:33:00] INFO: ItemLocationBreakdownViewModel: Grouped 3 location detail(s) into 3 unique Location+Carton combination(s)
[2026-01-14 12:33:00] INFO: ItemLocationBreakdownViewModel: Cleared locations collection, current count: 0
[2026-01-14 12:33:00] INFO: ItemLocationBreakdownViewModel: Processing 3 grouped location detail(s) for 3 stock ledger entr(y/ies)
[2026-01-14 12:33:00] INFO: ItemLocationBreakdownViewModel: Added location A1-R01-L3-B1 (Zone: Zone A, Rack: Rack 01, Bin: B1, Carton: CTN-555444, Qty: 98)
[2026-01-14 12:33:00] INFO: ItemLocationBreakdownViewModel: Added location A1-R02-L1-B2 (Zone: Zone A, Rack: Rack 02, Bin: B2, Carton: CTN-9444537, Qty: 100)
[2026-01-14 12:33:00] INFO: ItemLocationBreakdownViewModel: Added location B3-R01-L1-B3 (Zone: Zone B, Rack: Rack 01, Bin: B3, Carton: CTN-555445, Qty: 150)
[2026-01-14 12:33:00] INFO: ItemLocationBreakdownViewModel: Final count - Added 3 locations, Total Qty: 348, Collection Count: 3
[2026-01-14 12:33:17] INFO: TransactionHistoryViewModel: Loading data with filters - FromDate: 2025-10-16, ToDate: 2026-01-15
[2026-01-14 12:33:17] INFO: TransactionHistoryService: Calling API: http://localhost:3000/api/transaction-history?from_date=2025-10-16&to_date=2026-01-15&limit=10000
[2026-01-14 12:33:19] INFO: TransactionHistoryService: API Response received (length: 15931)
[2026-01-14 12:33:19] INFO: TransactionHistoryService: Sample transaction from API (first 500 chars): {"id":26,"transaction_id":340,"transaction_number":"TXN-20260114-00340","transaction_date":"2026-01-14T09:31:50.000Z","transaction_type":"Picking","reference_doc_type":"Material Request","reference_doc":"MR-1401262","wms_transaction_title":null,"item_code":"SKU-SHOES-101-BLK-43","item_name":"Running Shoes Black 43","warehouse":"WH-MAIN","warehouse_name":"Main Warehouse","bin_location":"A1-R02-L1-B2","location_id":"A1-R02-L1-B2","carton_id":null,"batch_no":null,"serial_no":null,"qty_change":-5,"q
[2026-01-14 12:33:19] INFO: TransactionHistoryService: Deserialized first transaction - ID: 26, TransactionNumber: TXN-20260114-00340, TransactionDate: 1/14/2026 9:31:50 AM, ItemCode: SKU-SHOES-101-BLK-43, TransactionType: Picking
[2026-01-14 12:33:19] INFO: TransactionHistoryService: Parsed 21 transactions from API response
[2026-01-14 12:33:19] INFO: TransactionHistoryViewModel: Service returned 21 transactions
[2026-01-14 12:33:19] INFO: TransactionHistoryViewModel: Loaded 21 transactions
[2026-01-14 12:33:37] INFO: ItemLocationBreakdownViewModel: Refreshing location data for SKU-HAT-301-BLU-OS
[2026-01-14 12:33:37] INFO: ItemLocationBreakdownViewModel: Loading location data for SKU-HAT-301-BLU-OS, trying warehouses: WH-MAIN, Main Warehouse, WH-Main
[2026-01-14 12:33:37] INFO: ItemLocationBreakdownViewModel: Inventory mode is BinLevel
[2026-01-14 12:33:37] INFO: ItemLocationBreakdownViewModel: Found 3 entries in warehouse 'WH-MAIN'
[2026-01-14 12:33:37] INFO: ItemLocationBreakdownViewModel: Found 3 stock ledger entries for SKU-HAT-301-BLU-OS in warehouse 'WH-MAIN'
[2026-01-14 12:33:37] INFO: ItemLocationBreakdownViewModel: Direct match found location_id=A1-R01-L3-B1 for bin_location=A1-R01-L3-B1
[2026-01-14 12:33:37] INFO: ItemLocationBreakdownViewModel: Found 1 carton(s) in tabCartonStock for item SKU-HAT-301-BLU-OS at bin A1-R01-L3-B1 (warehouse: WH-MAIN)
[2026-01-14 12:33:37] INFO: ItemLocationBreakdownViewModel: Added carton 'CTN-555444' with qty 98 for item SKU-HAT-301-BLU-OS at bin A1-R01-L3-B1
[2026-01-14 12:33:37] INFO: ItemLocationBreakdownViewModel: Direct match found location_id=A1-R02-L1-B2 for bin_location=A1-R02-L1-B2
[2026-01-14 12:33:37] INFO: ItemLocationBreakdownViewModel: Found 1 carton(s) in tabCartonStock for item SKU-HAT-301-BLU-OS at bin A1-R02-L1-B2 (warehouse: WH-MAIN)
[2026-01-14 12:33:37] INFO: ItemLocationBreakdownViewModel: Added carton 'CTN-9444537' with qty 100 for item SKU-HAT-301-BLU-OS at bin A1-R02-L1-B2
[2026-01-14 12:33:37] INFO: ItemLocationBreakdownViewModel: Direct match found location_id=B3-R01-L1-B3 for bin_location=B3-R01-L1-B3
[2026-01-14 12:33:37] INFO: ItemLocationBreakdownViewModel: Found 1 carton(s) in tabCartonStock for item SKU-HAT-301-BLU-OS at bin B3-R01-L1-B3 (warehouse: WH-MAIN)
[2026-01-14 12:33:37] INFO: ItemLocationBreakdownViewModel: Added carton 'CTN-555445' with qty 150 for item SKU-HAT-301-BLU-OS at bin B3-R01-L1-B3
[2026-01-14 12:33:37] INFO: ItemLocationBreakdownViewModel: Grouped 3 location detail(s) into 3 unique Location+Carton combination(s)
[2026-01-14 12:33:37] INFO: ItemLocationBreakdownViewModel: Cleared locations collection, current count: 0
[2026-01-14 12:33:37] INFO: ItemLocationBreakdownViewModel: Processing 3 grouped location detail(s) for 3 stock ledger entr(y/ies)
[2026-01-14 12:33:37] INFO: ItemLocationBreakdownViewModel: Added location A1-R01-L3-B1 (Zone: Zone A, Rack: Rack 01, Bin: B1, Carton: CTN-555444, Qty: 98)
[2026-01-14 12:33:37] INFO: ItemLocationBreakdownViewModel: Added location A1-R02-L1-B2 (Zone: Zone A, Rack: Rack 02, Bin: B2, Carton: CTN-9444537, Qty: 100)
[2026-01-14 12:33:37] INFO: ItemLocationBreakdownViewModel: Added location B3-R01-L1-B3 (Zone: Zone B, Rack: Rack 01, Bin: B3, Carton: CTN-555445, Qty: 150)
[2026-01-14 12:33:37] INFO: ItemLocationBreakdownViewModel: Final count - Added 3 locations, Total Qty: 348, Collection Count: 3
[2026-01-14 12:34:18] INFO: TransferCartonListView: Loaded event fired
[2026-01-14 12:34:18] INFO: TransferCartonListView: Calling RefreshAsync on ViewModel
[2026-01-14 12:34:18] INFO: TransferCartonListViewModel: Starting to load transfer cartons
[2026-01-14 12:34:18] INFO: Loading Transfer Cartons from database...
[2026-01-14 12:34:18] INFO: TransferCartonDataService: Starting schema detection
[2026-01-14 12:34:18] INFO: TransferCartonDataService: Found column 'asn_no'
[2026-01-14 12:34:18] INFO: TransferCartonDataService: Found column 'to_no'
[2026-01-14 12:34:18] INFO: TransferCartonDataService: Returning - AsnColumn=asn_no, ToColumn=to_no
[2026-01-14 12:34:18] INFO: Detected schema: AsnColumn=asn_no, ToColumn=to_no
[2026-01-14 12:34:18] INFO: Executing query: SELECT tc_id, status, asn_no, to_no, store, 
                               created_by, created_on, sealed_by, sealed_on, dispatched_on, remarks
                        FROM tabTransferCarton
                        ORDER BY created_on DESC, tc_id
[2026-01-14 12:34:18] INFO: Loaded 2 transfer cartons from database
[2026-01-14 12:34:18] INFO: TransferCartonListViewModel: Received 2 transfer cartons from service
[2026-01-14 12:34:18] INFO: TransferCartonListViewModel: Added 2 transfer cartons to collection
[2026-01-14 12:34:18] INFO: TransferCartonListView: RefreshAsync completed
[2026-01-14 12:34:20] INFO: TransferCartonDetailViewModel: Loading data for TC-MR-1401262-1768383244717
[2026-01-14 12:34:20] INFO: TransferCartonDetailViewModel: Loaded ASN 
[2026-01-14 12:34:20] INFO: TransferCartonDetailViewModel: Loaded Transfer Order MR-1401262
[2026-01-14 12:34:20] INFO: TransferCartonService: Loading contents for transfer carton TC-MR-1401262-1768383244717
[2026-01-14 12:34:20] INFO: TransferCartonService: Executing query with tc_id = 'TC-MR-1401262-1768383244717'
[2026-01-14 12:34:20] INFO: TransferCartonService: SQL = SELECT 
                            item_code,
                            carton_id AS source_carton,
                            SUM(qty) AS quantity,
                            MAX(user_id) AS packed_by,
                            MAX(event_time) AS packed_on
                        FROM tabWmsScanEvent
                        WHERE tc_id = @tc_id
                        AND event_type IN ('PACK_BOX_TO_TC', 'PACK_ITEM_TO_TC')
                        AND item_code IS NOT NULL
                        AND item_code != ''
                        AND qty > 0
                        GROUP BY item_code, carton_id
                        ORDER BY packed_on DESC
[2026-01-14 12:34:20] INFO: TransferCartonService: Total events with tc_id = 'TC-MR-1401262-1768383244717': 0
[2026-01-14 12:34:20] INFO: TransferCartonService: Events with item_code: 0
[2026-01-14 12:34:20] INFO: TransferCartonService: PACK_BOX_TO_TC events: 0
[2026-01-14 12:34:20] INFO: TransferCartonService: Processed 0 rows from database
[2026-01-14 12:34:20] INFO: TransferCartonService: No events found with tc_id. Trying fallback: derive from boxes matching transfer carton criteria.
[2026-01-14 12:34:20] INFO: TransferCartonService: Material Request transfer carton detected. Looking for events by transfer_order=MR-1401262
[2026-01-14 12:34:20] INFO: TransferCartonService: Using time window: 2026-01-14 06:34:02 to 2026-01-14 12:34:20 (TC status: Created)
[2026-01-14 12:34:20] INFO: TransferCartonService: Found 0 items for Material Request MR-1401262 via fallback
[2026-01-14 12:34:20] INFO: TransferCartonService: Found 0 unique items for transfer carton TC-MR-1401262-1768383244717
[2026-01-14 12:34:20] INFO: TransferCartonDetailViewModel: Loaded 0 items for transfer carton TC-MR-1401262-1768383244717
[2026-01-14 12:34:41] INFO: TransferCartonDetailViewModel: Loading data for TC-MR-1401262-1768383244717
[2026-01-14 12:34:42] INFO: TransferCartonDetailViewModel: Loaded ASN 
[2026-01-14 12:34:42] INFO: TransferCartonDetailViewModel: Loaded Transfer Order MR-1401262
[2026-01-14 12:34:42] INFO: TransferCartonService: Loading contents for transfer carton TC-MR-1401262-1768383244717
[2026-01-14 12:34:42] INFO: TransferCartonService: Executing query with tc_id = 'TC-MR-1401262-1768383244717'
[2026-01-14 12:34:42] INFO: TransferCartonService: SQL = SELECT 
                            item_code,
                            carton_id AS source_carton,
                            SUM(qty) AS quantity,
                            MAX(user_id) AS packed_by,
                            MAX(event_time) AS packed_on
                        FROM tabWmsScanEvent
                        WHERE tc_id = @tc_id
                        AND event_type IN ('PACK_BOX_TO_TC', 'PACK_ITEM_TO_TC')
                        AND item_code IS NOT NULL
                        AND item_code != ''
                        AND qty > 0
                        GROUP BY item_code, carton_id
                        ORDER BY packed_on DESC
[2026-01-14 12:34:42] INFO: TransferCartonService: Total events with tc_id = 'TC-MR-1401262-1768383244717': 0
[2026-01-14 12:34:42] INFO: TransferCartonService: Events with item_code: 0
[2026-01-14 12:34:42] INFO: TransferCartonService: PACK_BOX_TO_TC events: 0
[2026-01-14 12:34:42] INFO: TransferCartonService: Processed 0 rows from database
[2026-01-14 12:34:42] INFO: TransferCartonService: No events found with tc_id. Trying fallback: derive from boxes matching transfer carton criteria.
[2026-01-14 12:34:42] INFO: TransferCartonService: Material Request transfer carton detected. Looking for events by transfer_order=MR-1401262
[2026-01-14 12:34:42] INFO: TransferCartonService: Using time window: 2026-01-14 06:34:02 to 2026-01-14 12:34:42 (TC status: Created)
[2026-01-14 12:34:42] INFO: TransferCartonService: Found 0 items for Material Request MR-1401262 via fallback
[2026-01-14 12:34:42] INFO: TransferCartonService: Found 0 unique items for transfer carton TC-MR-1401262-1768383244717
[2026-01-14 12:34:42] INFO: TransferCartonDetailViewModel: Loaded 0 items for transfer carton TC-MR-1401262-1768383244717
[2026-01-14 12:36:16] INFO: TransactionHistoryViewModel: Loading data with filters - FromDate: 2025-10-16, ToDate: 2026-01-15
[2026-01-14 12:36:16] INFO: TransactionHistoryService: Calling API: http://localhost:3000/api/transaction-history?from_date=2025-10-16&to_date=2026-01-15&limit=10000
[2026-01-14 12:36:18] INFO: TransactionHistoryService: API Response received (length: 15931)
[2026-01-14 12:36:18] INFO: TransactionHistoryService: Sample transaction from API (first 500 chars): {"id":26,"transaction_id":340,"transaction_number":"TXN-20260114-00340","transaction_date":"2026-01-14T09:31:50.000Z","transaction_type":"Picking","reference_doc_type":"Material Request","reference_doc":"MR-1401262","wms_transaction_title":null,"item_code":"SKU-SHOES-101-BLK-43","item_name":"Running Shoes Black 43","warehouse":"WH-MAIN","warehouse_name":"Main Warehouse","bin_location":"A1-R02-L1-B2","location_id":"A1-R02-L1-B2","carton_id":null,"batch_no":null,"serial_no":null,"qty_change":-5,"q
[2026-01-14 12:36:18] INFO: TransactionHistoryService: Deserialized first transaction - ID: 26, TransactionNumber: TXN-20260114-00340, TransactionDate: 1/14/2026 9:31:50 AM, ItemCode: SKU-SHOES-101-BLK-43, TransactionType: Picking
[2026-01-14 12:36:18] INFO: TransactionHistoryService: Parsed 21 transactions from API response
[2026-01-14 12:36:18] INFO: TransactionHistoryViewModel: Service returned 21 transactions
[2026-01-14 12:36:18] INFO: TransactionHistoryViewModel: Loaded 21 transactions
[2026-01-14 12:37:25] INFO: TransferCartonListView: Loaded event fired
[2026-01-14 12:37:25] INFO: TransferCartonListView: Calling RefreshAsync on ViewModel
[2026-01-14 12:37:25] INFO: TransferCartonListViewModel: Starting to load transfer cartons
[2026-01-14 12:37:25] INFO: Loading Transfer Cartons from database...
[2026-01-14 12:37:25] INFO: TransferCartonDataService: Starting schema detection
[2026-01-14 12:37:25] INFO: TransferCartonDataService: Found column 'asn_no'
[2026-01-14 12:37:25] INFO: TransferCartonDataService: Found column 'to_no'
[2026-01-14 12:37:25] INFO: TransferCartonDataService: Returning - AsnColumn=asn_no, ToColumn=to_no
[2026-01-14 12:37:25] INFO: Detected schema: AsnColumn=asn_no, ToColumn=to_no
[2026-01-14 12:37:25] INFO: Executing query: SELECT tc_id, status, asn_no, to_no, store, 
                               created_by, created_on, sealed_by, sealed_on, dispatched_on, remarks
                        FROM tabTransferCarton
                        ORDER BY created_on DESC, tc_id
[2026-01-14 12:37:25] INFO: Loaded 2 transfer cartons from database
[2026-01-14 12:37:25] INFO: TransferCartonListViewModel: Received 2 transfer cartons from service
[2026-01-14 12:37:25] INFO: TransferCartonListViewModel: Added 2 transfer cartons to collection
[2026-01-14 12:37:25] INFO: TransferCartonListView: RefreshAsync completed
[2026-01-14 12:38:46] INFO: TransferCartonDetailViewModel: Loading data for TC-MR-1401261-1768382738224
[2026-01-14 12:38:46] INFO: TransferCartonDetailViewModel: Loaded ASN 
[2026-01-14 12:38:46] INFO: TransferCartonDetailViewModel: Loaded Transfer Order MR-1401261
[2026-01-14 12:38:46] INFO: TransferCartonService: Loading contents for transfer carton TC-MR-1401261-1768382738224
[2026-01-14 12:38:46] INFO: TransferCartonService: Executing query with tc_id = 'TC-MR-1401261-1768382738224'
[2026-01-14 12:38:46] INFO: TransferCartonService: SQL = SELECT 
                            item_code,
                            carton_id AS source_carton,
                            SUM(qty) AS quantity,
                            MAX(user_id) AS packed_by,
                            MAX(event_time) AS packed_on
                        FROM tabWmsScanEvent
                        WHERE tc_id = @tc_id
                        AND event_type IN ('PACK_BOX_TO_TC', 'PACK_ITEM_TO_TC')
                        AND item_code IS NOT NULL
                        AND item_code != ''
                        AND qty > 0
                        GROUP BY item_code, carton_id
                        ORDER BY packed_on DESC
[2026-01-14 12:38:46] INFO: TransferCartonService: Total events with tc_id = 'TC-MR-1401261-1768382738224': 1
[2026-01-14 12:38:46] INFO: TransferCartonService: Events with item_code: 1
[2026-01-14 12:38:46] INFO: TransferCartonService: PACK_BOX_TO_TC events: 0
[2026-01-14 12:38:46] INFO: TransferCartonService: Found grouped item - ItemCode: SKU-HAT-301-BLU-OS, SourceCarton: CTN-555444, Quantity: 2
[2026-01-14 12:38:46] INFO: TransferCartonService: Processed 1 rows from database
[2026-01-14 12:38:46] INFO: TransferCartonService: Found 1 unique items for transfer carton TC-MR-1401261-1768382738224
[2026-01-14 12:38:46] INFO: TransferCartonDetailViewModel: Loaded 1 items for transfer carton TC-MR-1401261-1768382738224
[2026-01-14 12:38:48] INFO: TransferCartonDetailViewModel: Printing out slip for 'TC-MR-1401261-1768382738224'
[2026-01-14 12:38:48] INFO: PrintService: Starting out slip print job for 'TC-MR-1401261-1768382738224'
[2026-01-14 12:39:00] INFO: PrintService: Successfully printed out slip for 'TC-MR-1401261-1768382738224'
[2026-01-14 12:47:42] INFO: TransactionHistoryViewModel: Loading data with filters - FromDate: 2025-10-16, ToDate: 2026-01-15
[2026-01-14 12:47:42] INFO: TransactionHistoryService: Calling API: http://localhost:3000/api/transaction-history?from_date=2025-10-16&to_date=2026-01-15&limit=10000
[2026-01-14 12:47:44] INFO: TransactionHistoryService: API Response received (length: 15931)
[2026-01-14 12:47:44] INFO: TransactionHistoryService: Sample transaction from API (first 500 chars): {"id":26,"transaction_id":340,"transaction_number":"TXN-20260114-00340","transaction_date":"2026-01-14T09:31:50.000Z","transaction_type":"Picking","reference_doc_type":"Material Request","reference_doc":"MR-1401262","wms_transaction_title":null,"item_code":"SKU-SHOES-101-BLK-43","item_name":"Running Shoes Black 43","warehouse":"WH-MAIN","warehouse_name":"Main Warehouse","bin_location":"A1-R02-L1-B2","location_id":"A1-R02-L1-B2","carton_id":null,"batch_no":null,"serial_no":null,"qty_change":-5,"q
[2026-01-14 12:47:44] INFO: TransactionHistoryService: Deserialized first transaction - ID: 26, TransactionNumber: TXN-20260114-00340, TransactionDate: 1/14/2026 9:31:50 AM, ItemCode: SKU-SHOES-101-BLK-43, TransactionType: Picking
[2026-01-14 12:47:44] INFO: TransactionHistoryService: Parsed 21 transactions from API response
[2026-01-14 12:47:44] INFO: TransactionHistoryViewModel: Service returned 21 transactions
[2026-01-14 12:47:44] INFO: TransactionHistoryViewModel: Loaded 21 transactions
[2026-01-14 12:48:25] INFO: TransactionHistoryViewModel: Loading data with filters - FromDate: 2025-10-16, ToDate: 2026-01-15
[2026-01-14 12:48:25] INFO: TransactionHistoryService: Calling API: http://localhost:3000/api/transaction-history?from_date=2025-10-16&to_date=2026-01-15&limit=10000
[2026-01-14 12:48:27] INFO: TransactionHistoryService: API Response received (length: 15931)
[2026-01-14 12:48:27] INFO: TransactionHistoryService: Sample transaction from API (first 500 chars): {"id":26,"transaction_id":340,"transaction_number":"TXN-20260114-00340","transaction_date":"2026-01-14T09:31:50.000Z","transaction_type":"Picking","reference_doc_type":"Material Request","reference_doc":"MR-1401262","wms_transaction_title":null,"item_code":"SKU-SHOES-101-BLK-43","item_name":"Running Shoes Black 43","warehouse":"WH-MAIN","warehouse_name":"Main Warehouse","bin_location":"A1-R02-L1-B2","location_id":"A1-R02-L1-B2","carton_id":null,"batch_no":null,"serial_no":null,"qty_change":-5,"q
[2026-01-14 12:48:27] INFO: TransactionHistoryService: Deserialized first transaction - ID: 26, TransactionNumber: TXN-20260114-00340, TransactionDate: 1/14/2026 9:31:50 AM, ItemCode: SKU-SHOES-101-BLK-43, TransactionType: Picking
[2026-01-14 12:48:27] INFO: TransactionHistoryService: Parsed 21 transactions from API response
[2026-01-14 12:48:27] INFO: TransactionHistoryViewModel: Service returned 21 transactions
[2026-01-14 12:48:27] INFO: TransactionHistoryViewModel: Loaded 21 transactions
[2026-01-14 12:49:10] INFO: ItemLocationBreakdownViewModel: Refreshing location data for SKU-HAT-301-BLU-OS
[2026-01-14 12:49:10] INFO: ItemLocationBreakdownViewModel: Loading location data for SKU-HAT-301-BLU-OS, trying warehouses: WH-MAIN, Main Warehouse, WH-Main
[2026-01-14 12:49:10] INFO: ItemLocationBreakdownViewModel: Inventory mode is BinLevel
[2026-01-14 12:49:10] INFO: ItemLocationBreakdownViewModel: Found 3 entries in warehouse 'WH-MAIN'
[2026-01-14 12:49:10] INFO: ItemLocationBreakdownViewModel: Found 3 stock ledger entries for SKU-HAT-301-BLU-OS in warehouse 'WH-MAIN'
[2026-01-14 12:49:10] INFO: ItemLocationBreakdownViewModel: Direct match found location_id=A1-R01-L3-B1 for bin_location=A1-R01-L3-B1
[2026-01-14 12:49:10] INFO: ItemLocationBreakdownViewModel: Found 1 carton(s) in tabCartonStock for item SKU-HAT-301-BLU-OS at bin A1-R01-L3-B1 (warehouse: WH-MAIN)
[2026-01-14 12:49:10] INFO: ItemLocationBreakdownViewModel: Added carton 'CTN-555444' with qty 98 for item SKU-HAT-301-BLU-OS at bin A1-R01-L3-B1
[2026-01-14 12:49:10] INFO: ItemLocationBreakdownViewModel: Direct match found location_id=A1-R02-L1-B2 for bin_location=A1-R02-L1-B2
[2026-01-14 12:49:10] INFO: ItemLocationBreakdownViewModel: Found 1 carton(s) in tabCartonStock for item SKU-HAT-301-BLU-OS at bin A1-R02-L1-B2 (warehouse: WH-MAIN)
[2026-01-14 12:49:10] INFO: ItemLocationBreakdownViewModel: Added carton 'CTN-9444537' with qty 100 for item SKU-HAT-301-BLU-OS at bin A1-R02-L1-B2
[2026-01-14 12:49:10] INFO: ItemLocationBreakdownViewModel: Direct match found location_id=B3-R01-L1-B3 for bin_location=B3-R01-L1-B3
[2026-01-14 12:49:10] INFO: ItemLocationBreakdownViewModel: Found 1 carton(s) in tabCartonStock for item SKU-HAT-301-BLU-OS at bin B3-R01-L1-B3 (warehouse: WH-MAIN)
[2026-01-14 12:49:10] INFO: ItemLocationBreakdownViewModel: Added carton 'CTN-555445' with qty 150 for item SKU-HAT-301-BLU-OS at bin B3-R01-L1-B3
[2026-01-14 12:49:10] INFO: ItemLocationBreakdownViewModel: Grouped 3 location detail(s) into 3 unique Location+Carton combination(s)
[2026-01-14 12:49:10] INFO: ItemLocationBreakdownViewModel: Cleared locations collection, current count: 0
[2026-01-14 12:49:10] INFO: ItemLocationBreakdownViewModel: Processing 3 grouped location detail(s) for 3 stock ledger entr(y/ies)
[2026-01-14 12:49:10] INFO: ItemLocationBreakdownViewModel: Added location A1-R01-L3-B1 (Zone: Zone A, Rack: Rack 01, Bin: B1, Carton: CTN-555444, Qty: 98)
[2026-01-14 12:49:10] INFO: ItemLocationBreakdownViewModel: Added location A1-R02-L1-B2 (Zone: Zone A, Rack: Rack 02, Bin: B2, Carton: CTN-9444537, Qty: 100)
[2026-01-14 12:49:10] INFO: ItemLocationBreakdownViewModel: Added location B3-R01-L1-B3 (Zone: Zone B, Rack: Rack 01, Bin: B3, Carton: CTN-555445, Qty: 150)
[2026-01-14 12:49:10] INFO: ItemLocationBreakdownViewModel: Final count - Added 3 locations, Total Qty: 348, Collection Count: 3
[2026-01-14 12:49:36] INFO: TransactionHistoryViewModel: Loading data with filters - FromDate: 2025-10-16, ToDate: 2026-01-15
[2026-01-14 12:49:36] INFO: TransactionHistoryService: Calling API: http://localhost:3000/api/transaction-history?from_date=2025-10-16&to_date=2026-01-15&limit=10000
[2026-01-14 12:49:38] INFO: TransactionHistoryService: API Response received (length: 15931)
[2026-01-14 12:49:38] INFO: TransactionHistoryService: Sample transaction from API (first 500 chars): {"id":26,"transaction_id":340,"transaction_number":"TXN-20260114-00340","transaction_date":"2026-01-14T09:31:50.000Z","transaction_type":"Picking","reference_doc_type":"Material Request","reference_doc":"MR-1401262","wms_transaction_title":null,"item_code":"SKU-SHOES-101-BLK-43","item_name":"Running Shoes Black 43","warehouse":"WH-MAIN","warehouse_name":"Main Warehouse","bin_location":"A1-R02-L1-B2","location_id":"A1-R02-L1-B2","carton_id":null,"batch_no":null,"serial_no":null,"qty_change":-5,"q
[2026-01-14 12:49:38] INFO: TransactionHistoryService: Deserialized first transaction - ID: 26, TransactionNumber: TXN-20260114-00340, TransactionDate: 1/14/2026 9:31:50 AM, ItemCode: SKU-SHOES-101-BLK-43, TransactionType: Picking
[2026-01-14 12:49:38] INFO: TransactionHistoryService: Parsed 21 transactions from API response
[2026-01-14 12:49:38] INFO: TransactionHistoryViewModel: Service returned 21 transactions
[2026-01-14 12:49:38] INFO: TransactionHistoryViewModel: Loaded 21 transactions
[2026-01-14 12:50:05] INFO: TransactionHistoryViewModel: Loading data with filters - FromDate: 2025-10-16, ToDate: 2026-01-15
[2026-01-14 12:50:05] INFO: TransactionHistoryService: Calling API: http://localhost:3000/api/transaction-history?from_date=2025-10-16&to_date=2026-01-15&limit=10000
[2026-01-14 12:50:07] INFO: TransactionHistoryService: API Response received (length: 15931)
[2026-01-14 12:50:07] INFO: TransactionHistoryService: Sample transaction from API (first 500 chars): {"id":26,"transaction_id":340,"transaction_number":"TXN-20260114-00340","transaction_date":"2026-01-14T09:31:50.000Z","transaction_type":"Picking","reference_doc_type":"Material Request","reference_doc":"MR-1401262","wms_transaction_title":null,"item_code":"SKU-SHOES-101-BLK-43","item_name":"Running Shoes Black 43","warehouse":"WH-MAIN","warehouse_name":"Main Warehouse","bin_location":"A1-R02-L1-B2","location_id":"A1-R02-L1-B2","carton_id":null,"batch_no":null,"serial_no":null,"qty_change":-5,"q
[2026-01-14 12:50:07] INFO: TransactionHistoryService: Deserialized first transaction - ID: 26, TransactionNumber: TXN-20260114-00340, TransactionDate: 1/14/2026 9:31:50 AM, ItemCode: SKU-SHOES-101-BLK-43, TransactionType: Picking
[2026-01-14 12:50:07] INFO: TransactionHistoryService: Parsed 21 transactions from API response
[2026-01-14 12:50:07] INFO: TransactionHistoryViewModel: Service returned 21 transactions
[2026-01-14 12:50:07] INFO: TransactionHistoryViewModel: Loaded 21 transactions
[2026-01-14 12:50:07] INFO: TransactionHistoryViewModel: Loading data with filters - FromDate: 2025-10-16, ToDate: 2026-01-15
[2026-01-14 12:50:07] INFO: TransactionHistoryService: Calling API: http://localhost:3000/api/transaction-history?from_date=2025-10-16&to_date=2026-01-15&limit=10000
[2026-01-14 12:50:09] INFO: TransactionHistoryService: API Response received (length: 15931)
[2026-01-14 12:50:09] INFO: TransactionHistoryService: Sample transaction from API (first 500 chars): {"id":26,"transaction_id":340,"transaction_number":"TXN-20260114-00340","transaction_date":"2026-01-14T09:31:50.000Z","transaction_type":"Picking","reference_doc_type":"Material Request","reference_doc":"MR-1401262","wms_transaction_title":null,"item_code":"SKU-SHOES-101-BLK-43","item_name":"Running Shoes Black 43","warehouse":"WH-MAIN","warehouse_name":"Main Warehouse","bin_location":"A1-R02-L1-B2","location_id":"A1-R02-L1-B2","carton_id":null,"batch_no":null,"serial_no":null,"qty_change":-5,"q
[2026-01-14 12:50:09] INFO: TransactionHistoryService: Deserialized first transaction - ID: 26, TransactionNumber: TXN-20260114-00340, TransactionDate: 1/14/2026 9:31:50 AM, ItemCode: SKU-SHOES-101-BLK-43, TransactionType: Picking
[2026-01-14 12:50:09] INFO: TransactionHistoryService: Parsed 21 transactions from API response
[2026-01-14 12:50:09] INFO: TransactionHistoryViewModel: Service returned 21 transactions
[2026-01-14 12:50:09] INFO: TransactionHistoryViewModel: Loaded 21 transactions
[2026-01-14 12:50:12] INFO: TransactionHistoryViewModel: Loading data with filters - FromDate: null, ToDate: null
[2026-01-14 12:50:12] INFO: TransactionHistoryService: Calling API: http://localhost:3000/api/transaction-history?limit=10000
[2026-01-14 12:50:14] INFO: TransactionHistoryService: API Response received (length: 15931)
[2026-01-14 12:50:14] INFO: TransactionHistoryService: Sample transaction from API (first 500 chars): {"id":26,"transaction_id":340,"transaction_number":"TXN-20260114-00340","transaction_date":"2026-01-14T09:31:50.000Z","transaction_type":"Picking","reference_doc_type":"Material Request","reference_doc":"MR-1401262","wms_transaction_title":null,"item_code":"SKU-SHOES-101-BLK-43","item_name":"Running Shoes Black 43","warehouse":"WH-MAIN","warehouse_name":"Main Warehouse","bin_location":"A1-R02-L1-B2","location_id":"A1-R02-L1-B2","carton_id":null,"batch_no":null,"serial_no":null,"qty_change":-5,"q
[2026-01-14 12:50:14] INFO: TransactionHistoryService: Deserialized first transaction - ID: 26, TransactionNumber: TXN-20260114-00340, TransactionDate: 1/14/2026 9:31:50 AM, ItemCode: SKU-SHOES-101-BLK-43, TransactionType: Picking
[2026-01-14 12:50:14] INFO: TransactionHistoryService: Parsed 21 transactions from API response
[2026-01-14 12:50:14] INFO: TransactionHistoryViewModel: Service returned 21 transactions
[2026-01-14 12:50:14] INFO: TransactionHistoryViewModel: Loaded 21 transactions
[2026-01-14 12:51:10] INFO: ItemLocationBreakdownViewModel: Refreshing location data for SKU-HAT-301-BLU-OS
[2026-01-14 12:51:10] INFO: ItemLocationBreakdownViewModel: Loading location data for SKU-HAT-301-BLU-OS, trying warehouses: WH-MAIN, Main Warehouse, WH-Main
[2026-01-14 12:51:10] INFO: ItemLocationBreakdownViewModel: Inventory mode is BinLevel
[2026-01-14 12:51:10] INFO: ItemLocationBreakdownViewModel: Found 3 entries in warehouse 'WH-MAIN'
[2026-01-14 12:51:10] INFO: ItemLocationBreakdownViewModel: Found 3 stock ledger entries for SKU-HAT-301-BLU-OS in warehouse 'WH-MAIN'
[2026-01-14 12:51:10] INFO: ItemLocationBreakdownViewModel: Direct match found location_id=A1-R01-L3-B1 for bin_location=A1-R01-L3-B1
[2026-01-14 12:51:10] INFO: ItemLocationBreakdownViewModel: Found 1 carton(s) in tabCartonStock for item SKU-HAT-301-BLU-OS at bin A1-R01-L3-B1 (warehouse: WH-MAIN)
[2026-01-14 12:51:10] INFO: ItemLocationBreakdownViewModel: Added carton 'CTN-555444' with qty 98 for item SKU-HAT-301-BLU-OS at bin A1-R01-L3-B1
[2026-01-14 12:51:10] INFO: ItemLocationBreakdownViewModel: Direct match found location_id=A1-R02-L1-B2 for bin_location=A1-R02-L1-B2
[2026-01-14 12:51:10] INFO: ItemLocationBreakdownViewModel: Found 1 carton(s) in tabCartonStock for item SKU-HAT-301-BLU-OS at bin A1-R02-L1-B2 (warehouse: WH-MAIN)
[2026-01-14 12:51:10] INFO: ItemLocationBreakdownViewModel: Added carton 'CTN-9444537' with qty 100 for item SKU-HAT-301-BLU-OS at bin A1-R02-L1-B2
[2026-01-14 12:51:10] INFO: ItemLocationBreakdownViewModel: Direct match found location_id=B3-R01-L1-B3 for bin_location=B3-R01-L1-B3
[2026-01-14 12:51:10] INFO: ItemLocationBreakdownViewModel: Found 1 carton(s) in tabCartonStock for item SKU-HAT-301-BLU-OS at bin B3-R01-L1-B3 (warehouse: WH-MAIN)
[2026-01-14 12:51:10] INFO: ItemLocationBreakdownViewModel: Added carton 'CTN-555445' with qty 150 for item SKU-HAT-301-BLU-OS at bin B3-R01-L1-B3
[2026-01-14 12:51:10] INFO: ItemLocationBreakdownViewModel: Grouped 3 location detail(s) into 3 unique Location+Carton combination(s)
[2026-01-14 12:51:10] INFO: ItemLocationBreakdownViewModel: Cleared locations collection, current count: 0
[2026-01-14 12:51:10] INFO: ItemLocationBreakdownViewModel: Processing 3 grouped location detail(s) for 3 stock ledger entr(y/ies)
[2026-01-14 12:51:10] INFO: ItemLocationBreakdownViewModel: Added location A1-R01-L3-B1 (Zone: Zone A, Rack: Rack 01, Bin: B1, Carton: CTN-555444, Qty: 98)
[2026-01-14 12:51:10] INFO: ItemLocationBreakdownViewModel: Added location A1-R02-L1-B2 (Zone: Zone A, Rack: Rack 02, Bin: B2, Carton: CTN-9444537, Qty: 100)
[2026-01-14 12:51:10] INFO: ItemLocationBreakdownViewModel: Added location B3-R01-L1-B3 (Zone: Zone B, Rack: Rack 01, Bin: B3, Carton: CTN-555445, Qty: 150)
[2026-01-14 12:51:10] INFO: ItemLocationBreakdownViewModel: Final count - Added 3 locations, Total Qty: 348, Collection Count: 3
[2026-01-14 13:02:27] INFO: ItemLocationBreakdownViewModel: Refreshing location data for SKU-HAT-301-BLU-OS
[2026-01-14 13:02:27] INFO: ItemLocationBreakdownViewModel: Loading location data for SKU-HAT-301-BLU-OS, trying warehouses: WH-MAIN, Main Warehouse, WH-Main
[2026-01-14 13:02:27] INFO: ItemLocationBreakdownViewModel: Inventory mode is BinLevel
[2026-01-14 13:02:27] INFO: ItemLocationBreakdownViewModel: Found 3 entries in warehouse 'WH-MAIN'
[2026-01-14 13:02:27] INFO: ItemLocationBreakdownViewModel: Found 3 stock ledger entries for SKU-HAT-301-BLU-OS in warehouse 'WH-MAIN'
[2026-01-14 13:02:27] INFO: ItemLocationBreakdownViewModel: Direct match found location_id=A1-R01-L3-B1 for bin_location=A1-R01-L3-B1
[2026-01-14 13:02:27] INFO: ItemLocationBreakdownViewModel: Found 1 carton(s) in tabCartonStock for item SKU-HAT-301-BLU-OS at bin A1-R01-L3-B1 (warehouse: WH-MAIN)
[2026-01-14 13:02:27] INFO: ItemLocationBreakdownViewModel: Added carton 'CTN-555444' with qty 98 for item SKU-HAT-301-BLU-OS at bin A1-R01-L3-B1
[2026-01-14 13:02:27] INFO: ItemLocationBreakdownViewModel: Direct match found location_id=A1-R02-L1-B2 for bin_location=A1-R02-L1-B2
[2026-01-14 13:02:27] INFO: ItemLocationBreakdownViewModel: Found 1 carton(s) in tabCartonStock for item SKU-HAT-301-BLU-OS at bin A1-R02-L1-B2 (warehouse: WH-MAIN)
[2026-01-14 13:02:27] INFO: ItemLocationBreakdownViewModel: Added carton 'CTN-9444537' with qty 100 for item SKU-HAT-301-BLU-OS at bin A1-R02-L1-B2
[2026-01-14 13:02:27] INFO: ItemLocationBreakdownViewModel: Direct match found location_id=B3-R01-L1-B3 for bin_location=B3-R01-L1-B3
[2026-01-14 13:02:27] INFO: ItemLocationBreakdownViewModel: Found 1 carton(s) in tabCartonStock for item SKU-HAT-301-BLU-OS at bin B3-R01-L1-B3 (warehouse: WH-MAIN)
[2026-01-14 13:02:27] INFO: ItemLocationBreakdownViewModel: Added carton 'CTN-555445' with qty 150 for item SKU-HAT-301-BLU-OS at bin B3-R01-L1-B3
[2026-01-14 13:02:27] INFO: ItemLocationBreakdownViewModel: Grouped 3 location detail(s) into 3 unique Location+Carton combination(s)
[2026-01-14 13:02:27] INFO: ItemLocationBreakdownViewModel: Cleared locations collection, current count: 0
[2026-01-14 13:02:27] INFO: ItemLocationBreakdownViewModel: Processing 3 grouped location detail(s) for 3 stock ledger entr(y/ies)
[2026-01-14 13:02:27] INFO: ItemLocationBreakdownViewModel: Added location A1-R01-L3-B1 (Zone: Zone A, Rack: Rack 01, Bin: B1, Carton: CTN-555444, Qty: 98)
[2026-01-14 13:02:27] INFO: ItemLocationBreakdownViewModel: Added location A1-R02-L1-B2 (Zone: Zone A, Rack: Rack 02, Bin: B2, Carton: CTN-9444537, Qty: 100)
[2026-01-14 13:02:27] INFO: ItemLocationBreakdownViewModel: Added location B3-R01-L1-B3 (Zone: Zone B, Rack: Rack 01, Bin: B3, Carton: CTN-555445, Qty: 150)
[2026-01-14 13:02:27] INFO: ItemLocationBreakdownViewModel: Final count - Added 3 locations, Total Qty: 348, Collection Count: 3
[2026-01-14 13:03:55] INFO: TransactionHistoryViewModel: Loading data with filters - FromDate: 2025-10-16, ToDate: 2026-01-15
[2026-01-14 13:03:55] INFO: TransactionHistoryService: Calling API: http://localhost:3000/api/transaction-history?from_date=2025-10-16&to_date=2026-01-15&limit=10000
[2026-01-14 13:03:57] INFO: TransactionHistoryService: API Response received (length: 17414)
[2026-01-14 13:03:57] INFO: TransactionHistoryService: Sample transaction from API (first 500 chars): {"id":28,"transaction_id":342,"transaction_number":"TXN-20260114-00342","transaction_date":"2026-01-14T10:02:14.000Z","transaction_type":"Picking","reference_doc_type":"Material Request","reference_doc":"MR-1401263","wms_transaction_title":null,"item_code":"SKU-SHOES-101-BLK-43","item_name":"Running Shoes Black 43","warehouse":"WH-MAIN","warehouse_name":"Main Warehouse","bin_location":"A1-R01-L3-B1","location_id":"A1-R01-L3-B1","carton_id":null,"batch_no":null,"serial_no":null,"qty_change":-5,"q
[2026-01-14 13:03:57] INFO: TransactionHistoryService: Deserialized first transaction - ID: 28, TransactionNumber: TXN-20260114-00342, TransactionDate: 1/14/2026 10:02:14 AM, ItemCode: SKU-SHOES-101-BLK-43, TransactionType: Picking
[2026-01-14 13:03:57] INFO: TransactionHistoryService: Parsed 23 transactions from API response
[2026-01-14 13:03:57] INFO: TransactionHistoryViewModel: Service returned 23 transactions
[2026-01-14 13:03:57] INFO: TransactionHistoryViewModel: Loaded 23 transactions
[2026-01-14 13:05:23] INFO: ItemLocationBreakdownViewModel: Refreshing location data for SKU-SHOES-101-BLK-43
[2026-01-14 13:05:23] INFO: ItemLocationBreakdownViewModel: Loading location data for SKU-SHOES-101-BLK-43, trying warehouses: WH-MAIN, Main Warehouse, WH-Main
[2026-01-14 13:05:23] INFO: ItemLocationBreakdownViewModel: Inventory mode is BinLevel
[2026-01-14 13:05:24] INFO: ItemLocationBreakdownViewModel: Found 3 entries in warehouse 'WH-MAIN'
[2026-01-14 13:05:24] INFO: ItemLocationBreakdownViewModel: Found 3 stock ledger entries for SKU-SHOES-101-BLK-43 in warehouse 'WH-MAIN'
[2026-01-14 13:05:24] INFO: ItemLocationBreakdownViewModel: Direct match found location_id=A1-R01-L3-B1 for bin_location=A1-R01-L3-B1
[2026-01-14 13:05:24] INFO: ItemLocationBreakdownViewModel: Found 1 carton(s) in tabCartonStock for item SKU-SHOES-101-BLK-43 at bin A1-R01-L3-B1 (warehouse: WH-MAIN)
[2026-01-14 13:05:24] INFO: ItemLocationBreakdownViewModel: Added carton 'CTN-555444' with qty 95 for item SKU-SHOES-101-BLK-43 at bin A1-R01-L3-B1
[2026-01-14 13:05:24] INFO: ItemLocationBreakdownViewModel: Direct match found location_id=A1-R02-L1-B2 for bin_location=A1-R02-L1-B2
[2026-01-14 13:05:24] INFO: ItemLocationBreakdownViewModel: Found 1 carton(s) in tabCartonStock for item SKU-SHOES-101-BLK-43 at bin A1-R02-L1-B2 (warehouse: WH-MAIN)
[2026-01-14 13:05:24] INFO: ItemLocationBreakdownViewModel: Added carton 'CTN-9444537' with qty 100 for item SKU-SHOES-101-BLK-43 at bin A1-R02-L1-B2
[2026-01-14 13:05:24] INFO: ItemLocationBreakdownViewModel: Direct match found location_id=B3-R01-L1-B3 for bin_location=B3-R01-L1-B3
[2026-01-14 13:05:24] INFO: ItemLocationBreakdownViewModel: Found 1 carton(s) in tabCartonStock for item SKU-SHOES-101-BLK-43 at bin B3-R01-L1-B3 (warehouse: WH-MAIN)
[2026-01-14 13:05:24] INFO: ItemLocationBreakdownViewModel: Added carton 'CTN-555445' with qty 150 for item SKU-SHOES-101-BLK-43 at bin B3-R01-L1-B3
[2026-01-14 13:05:24] INFO: ItemLocationBreakdownViewModel: Grouped 3 location detail(s) into 3 unique Location+Carton combination(s)
[2026-01-14 13:05:24] INFO: ItemLocationBreakdownViewModel: Cleared locations collection, current count: 0
[2026-01-14 13:05:24] INFO: ItemLocationBreakdownViewModel: Processing 3 grouped location detail(s) for 3 stock ledger entr(y/ies)
[2026-01-14 13:05:24] INFO: ItemLocationBreakdownViewModel: Added location A1-R01-L3-B1 (Zone: Zone A, Rack: Rack 01, Bin: B1, Carton: CTN-555444, Qty: 95)
[2026-01-14 13:05:24] INFO: ItemLocationBreakdownViewModel: Added location A1-R02-L1-B2 (Zone: Zone A, Rack: Rack 02, Bin: B2, Carton: CTN-9444537, Qty: 100)
[2026-01-14 13:05:24] INFO: ItemLocationBreakdownViewModel: Added location B3-R01-L1-B3 (Zone: Zone B, Rack: Rack 01, Bin: B3, Carton: CTN-555445, Qty: 150)
[2026-01-14 13:05:24] INFO: ItemLocationBreakdownViewModel: Final count - Added 3 locations, Total Qty: 345, Collection Count: 3
[2026-01-14 13:05:50] INFO: TransactionHistoryViewModel: Loading data with filters - FromDate: 2025-10-16, ToDate: 2026-01-15
[2026-01-14 13:05:50] INFO: TransactionHistoryService: Calling API: http://localhost:3000/api/transaction-history?from_date=2025-10-16&to_date=2026-01-15&limit=10000
[2026-01-14 13:05:52] INFO: TransactionHistoryService: API Response received (length: 17414)
[2026-01-14 13:05:52] INFO: TransactionHistoryService: Sample transaction from API (first 500 chars): {"id":28,"transaction_id":342,"transaction_number":"TXN-20260114-00342","transaction_date":"2026-01-14T10:02:14.000Z","transaction_type":"Picking","reference_doc_type":"Material Request","reference_doc":"MR-1401263","wms_transaction_title":null,"item_code":"SKU-SHOES-101-BLK-43","item_name":"Running Shoes Black 43","warehouse":"WH-MAIN","warehouse_name":"Main Warehouse","bin_location":"A1-R01-L3-B1","location_id":"A1-R01-L3-B1","carton_id":null,"batch_no":null,"serial_no":null,"qty_change":-5,"q
[2026-01-14 13:05:52] INFO: TransactionHistoryService: Deserialized first transaction - ID: 28, TransactionNumber: TXN-20260114-00342, TransactionDate: 1/14/2026 10:02:14 AM, ItemCode: SKU-SHOES-101-BLK-43, TransactionType: Picking
[2026-01-14 13:05:52] INFO: TransactionHistoryService: Parsed 23 transactions from API response
[2026-01-14 13:05:52] INFO: TransactionHistoryViewModel: Service returned 23 transactions
[2026-01-14 13:05:52] INFO: TransactionHistoryViewModel: Loaded 23 transactions
[2026-01-14 13:09:16] INFO: ItemLocationBreakdownViewModel: Refreshing location data for SKU-HAT-301-BLU-OS
[2026-01-14 13:09:16] INFO: ItemLocationBreakdownViewModel: Loading location data for SKU-HAT-301-BLU-OS, trying warehouses: WH-MAIN, Main Warehouse, WH-Main
[2026-01-14 13:09:16] INFO: ItemLocationBreakdownViewModel: Inventory mode is BinLevel
[2026-01-14 13:09:16] INFO: ItemLocationBreakdownViewModel: Found 3 entries in warehouse 'WH-MAIN'
[2026-01-14 13:09:16] INFO: ItemLocationBreakdownViewModel: Found 3 stock ledger entries for SKU-HAT-301-BLU-OS in warehouse 'WH-MAIN'
[2026-01-14 13:09:16] INFO: ItemLocationBreakdownViewModel: Direct match found location_id=A1-R01-L3-B1 for bin_location=A1-R01-L3-B1
[2026-01-14 13:09:16] INFO: ItemLocationBreakdownViewModel: Found 1 carton(s) in tabCartonStock for item SKU-HAT-301-BLU-OS at bin A1-R01-L3-B1 (warehouse: WH-MAIN)
[2026-01-14 13:09:16] INFO: ItemLocationBreakdownViewModel: Added carton 'CTN-555444' with qty 98 for item SKU-HAT-301-BLU-OS at bin A1-R01-L3-B1
[2026-01-14 13:09:16] INFO: ItemLocationBreakdownViewModel: Direct match found location_id=A1-R02-L1-B2 for bin_location=A1-R02-L1-B2
[2026-01-14 13:09:16] INFO: ItemLocationBreakdownViewModel: Found 1 carton(s) in tabCartonStock for item SKU-HAT-301-BLU-OS at bin A1-R02-L1-B2 (warehouse: WH-MAIN)
[2026-01-14 13:09:16] INFO: ItemLocationBreakdownViewModel: Added carton 'CTN-9444537' with qty 100 for item SKU-HAT-301-BLU-OS at bin A1-R02-L1-B2
[2026-01-14 13:09:16] INFO: ItemLocationBreakdownViewModel: Direct match found location_id=B3-R01-L1-B3 for bin_location=B3-R01-L1-B3
[2026-01-14 13:09:16] INFO: ItemLocationBreakdownViewModel: Found 1 carton(s) in tabCartonStock for item SKU-HAT-301-BLU-OS at bin B3-R01-L1-B3 (warehouse: WH-MAIN)
[2026-01-14 13:09:16] INFO: ItemLocationBreakdownViewModel: Added carton 'CTN-555445' with qty 150 for item SKU-HAT-301-BLU-OS at bin B3-R01-L1-B3
[2026-01-14 13:09:16] INFO: ItemLocationBreakdownViewModel: Grouped 3 location detail(s) into 3 unique Location+Carton combination(s)
[2026-01-14 13:09:16] INFO: ItemLocationBreakdownViewModel: Cleared locations collection, current count: 0
[2026-01-14 13:09:16] INFO: ItemLocationBreakdownViewModel: Processing 3 grouped location detail(s) for 3 stock ledger entr(y/ies)
[2026-01-14 13:09:16] INFO: ItemLocationBreakdownViewModel: Added location A1-R01-L3-B1 (Zone: Zone A, Rack: Rack 01, Bin: B1, Carton: CTN-555444, Qty: 98)
[2026-01-14 13:09:16] INFO: ItemLocationBreakdownViewModel: Added location A1-R02-L1-B2 (Zone: Zone A, Rack: Rack 02, Bin: B2, Carton: CTN-9444537, Qty: 100)
[2026-01-14 13:09:16] INFO: ItemLocationBreakdownViewModel: Added location B3-R01-L1-B3 (Zone: Zone B, Rack: Rack 01, Bin: B3, Carton: CTN-555445, Qty: 150)
[2026-01-14 13:09:16] INFO: ItemLocationBreakdownViewModel: Final count - Added 3 locations, Total Qty: 348, Collection Count: 3
[2026-01-14 13:25:39] INFO: ItemLocationBreakdownViewModel: Refreshing location data for SKU-HAT-301-BLU-OS
[2026-01-14 13:25:39] INFO: ItemLocationBreakdownViewModel: Loading location data for SKU-HAT-301-BLU-OS, trying warehouses: WH-MAIN, Main Warehouse, WH-Main
[2026-01-14 13:25:39] INFO: ItemLocationBreakdownViewModel: Inventory mode is BinLevel
[2026-01-14 13:25:39] INFO: ItemLocationBreakdownViewModel: Found 3 entries in warehouse 'WH-MAIN'
[2026-01-14 13:25:39] INFO: ItemLocationBreakdownViewModel: Found 3 stock ledger entries for SKU-HAT-301-BLU-OS in warehouse 'WH-MAIN'
[2026-01-14 13:25:39] INFO: ItemLocationBreakdownViewModel: Direct match found location_id=A1-R01-L3-B1 for bin_location=A1-R01-L3-B1
[2026-01-14 13:25:39] INFO: ItemLocationBreakdownViewModel: Found 1 carton(s) in tabCartonStock for item SKU-HAT-301-BLU-OS at bin A1-R01-L3-B1 (warehouse: WH-MAIN)
[2026-01-14 13:25:39] INFO: ItemLocationBreakdownViewModel: Added carton 'CTN-555444' with qty 98 for item SKU-HAT-301-BLU-OS at bin A1-R01-L3-B1
[2026-01-14 13:25:39] INFO: ItemLocationBreakdownViewModel: Direct match found location_id=A1-R02-L1-B2 for bin_location=A1-R02-L1-B2
[2026-01-14 13:25:39] INFO: ItemLocationBreakdownViewModel: Found 1 carton(s) in tabCartonStock for item SKU-HAT-301-BLU-OS at bin A1-R02-L1-B2 (warehouse: WH-MAIN)
[2026-01-14 13:25:39] INFO: ItemLocationBreakdownViewModel: Added carton 'CTN-9444537' with qty 100 for item SKU-HAT-301-BLU-OS at bin A1-R02-L1-B2
[2026-01-14 13:25:39] INFO: ItemLocationBreakdownViewModel: Direct match found location_id=B3-R01-L1-B3 for bin_location=B3-R01-L1-B3
[2026-01-14 13:25:39] INFO: ItemLocationBreakdownViewModel: Found 1 carton(s) in tabCartonStock for item SKU-HAT-301-BLU-OS at bin B3-R01-L1-B3 (warehouse: WH-MAIN)
[2026-01-14 13:25:39] INFO: ItemLocationBreakdownViewModel: Added carton 'CTN-555445' with qty 150 for item SKU-HAT-301-BLU-OS at bin B3-R01-L1-B3
[2026-01-14 13:25:39] INFO: ItemLocationBreakdownViewModel: Grouped 3 location detail(s) into 3 unique Location+Carton combination(s)
[2026-01-14 13:25:39] INFO: ItemLocationBreakdownViewModel: Cleared locations collection, current count: 0
[2026-01-14 13:25:39] INFO: ItemLocationBreakdownViewModel: Processing 3 grouped location detail(s) for 3 stock ledger entr(y/ies)
[2026-01-14 13:25:39] INFO: ItemLocationBreakdownViewModel: Added location A1-R01-L3-B1 (Zone: Zone A, Rack: Rack 01, Bin: B1, Carton: CTN-555444, Qty: 98)
[2026-01-14 13:25:39] INFO: ItemLocationBreakdownViewModel: Added location A1-R02-L1-B2 (Zone: Zone A, Rack: Rack 02, Bin: B2, Carton: CTN-9444537, Qty: 100)
[2026-01-14 13:25:39] INFO: ItemLocationBreakdownViewModel: Added location B3-R01-L1-B3 (Zone: Zone B, Rack: Rack 01, Bin: B3, Carton: CTN-555445, Qty: 150)
[2026-01-14 13:25:39] INFO: ItemLocationBreakdownViewModel: Final count - Added 3 locations, Total Qty: 348, Collection Count: 3
[2026-01-14 13:27:18] INFO: ItemLocationBreakdownViewModel: Refreshing location data for SKU-HAT-301-BLU-OS
[2026-01-14 13:27:18] INFO: ItemLocationBreakdownViewModel: Loading location data for SKU-HAT-301-BLU-OS, trying warehouses: WH-MAIN, Main Warehouse, WH-Main
[2026-01-14 13:27:18] INFO: ItemLocationBreakdownViewModel: Inventory mode is BinLevel
[2026-01-14 13:27:18] INFO: ItemLocationBreakdownViewModel: Found 3 entries in warehouse 'WH-MAIN'
[2026-01-14 13:27:18] INFO: ItemLocationBreakdownViewModel: Found 3 stock ledger entries for SKU-HAT-301-BLU-OS in warehouse 'WH-MAIN'
[2026-01-14 13:27:18] INFO: ItemLocationBreakdownViewModel: Direct match found location_id=A1-R01-L3-B1 for bin_location=A1-R01-L3-B1
[2026-01-14 13:27:18] INFO: ItemLocationBreakdownViewModel: Found 1 carton(s) in tabCartonStock for item SKU-HAT-301-BLU-OS at bin A1-R01-L3-B1 (warehouse: WH-MAIN)
[2026-01-14 13:27:18] INFO: ItemLocationBreakdownViewModel: Added carton 'CTN-555444' with qty 98 for item SKU-HAT-301-BLU-OS at bin A1-R01-L3-B1
[2026-01-14 13:27:18] INFO: ItemLocationBreakdownViewModel: Direct match found location_id=A1-R02-L1-B2 for bin_location=A1-R02-L1-B2
[2026-01-14 13:27:18] INFO: ItemLocationBreakdownViewModel: Found 1 carton(s) in tabCartonStock for item SKU-HAT-301-BLU-OS at bin A1-R02-L1-B2 (warehouse: WH-MAIN)
[2026-01-14 13:27:18] INFO: ItemLocationBreakdownViewModel: Added carton 'CTN-9444537' with qty 100 for item SKU-HAT-301-BLU-OS at bin A1-R02-L1-B2
[2026-01-14 13:27:18] INFO: ItemLocationBreakdownViewModel: Direct match found location_id=B3-R01-L1-B3 for bin_location=B3-R01-L1-B3
[2026-01-14 13:27:18] INFO: ItemLocationBreakdownViewModel: Found 1 carton(s) in tabCartonStock for item SKU-HAT-301-BLU-OS at bin B3-R01-L1-B3 (warehouse: WH-MAIN)
[2026-01-14 13:27:18] INFO: ItemLocationBreakdownViewModel: Added carton 'CTN-555445' with qty 150 for item SKU-HAT-301-BLU-OS at bin B3-R01-L1-B3
[2026-01-14 13:27:18] INFO: ItemLocationBreakdownViewModel: Grouped 3 location detail(s) into 3 unique Location+Carton combination(s)
[2026-01-14 13:27:18] INFO: ItemLocationBreakdownViewModel: Cleared locations collection, current count: 0
[2026-01-14 13:27:18] INFO: ItemLocationBreakdownViewModel: Processing 3 grouped location detail(s) for 3 stock ledger entr(y/ies)
[2026-01-14 13:27:18] INFO: ItemLocationBreakdownViewModel: Added location A1-R01-L3-B1 (Zone: Zone A, Rack: Rack 01, Bin: B1, Carton: CTN-555444, Qty: 98)
[2026-01-14 13:27:18] INFO: ItemLocationBreakdownViewModel: Added location A1-R02-L1-B2 (Zone: Zone A, Rack: Rack 02, Bin: B2, Carton: CTN-9444537, Qty: 100)
[2026-01-14 13:27:18] INFO: ItemLocationBreakdownViewModel: Added location B3-R01-L1-B3 (Zone: Zone B, Rack: Rack 01, Bin: B3, Carton: CTN-555445, Qty: 150)
[2026-01-14 13:27:18] INFO: ItemLocationBreakdownViewModel: Final count - Added 3 locations, Total Qty: 348, Collection Count: 3
[2026-01-14 13:28:19] INFO: TransactionHistoryViewModel: Loading data with filters - FromDate: 2025-10-16, ToDate: 2026-01-15
[2026-01-14 13:28:19] INFO: TransactionHistoryService: Calling API: http://localhost:3000/api/transaction-history?from_date=2025-10-16&to_date=2026-01-15&limit=10000
[2026-01-14 13:28:21] INFO: TransactionHistoryService: API Response received (length: 18896)
[2026-01-14 13:28:21] INFO: TransactionHistoryService: Sample transaction from API (first 500 chars): {"id":30,"transaction_id":344,"transaction_number":"TXN-20260114-00344","transaction_date":"2026-01-14T10:24:59.000Z","transaction_type":"Picking","reference_doc_type":"Material Request","reference_doc":"MR-1401264","wms_transaction_title":null,"item_code":"SKU-SHOES-101-BLK-43","item_name":"Running Shoes Black 43","warehouse":"WH-MAIN","warehouse_name":"Main Warehouse","bin_location":"A1-R01-L3-B1","location_id":"A1-R01-L3-B1","carton_id":null,"batch_no":null,"serial_no":null,"qty_change":-5,"q
[2026-01-14 13:28:21] INFO: TransactionHistoryService: Deserialized first transaction - ID: 30, TransactionNumber: TXN-20260114-00344, TransactionDate: 1/14/2026 10:24:59 AM, ItemCode: SKU-SHOES-101-BLK-43, TransactionType: Picking
[2026-01-14 13:28:21] INFO: TransactionHistoryService: Parsed 25 transactions from API response
[2026-01-14 13:28:21] INFO: TransactionHistoryViewModel: Service returned 25 transactions
[2026-01-14 13:28:21] INFO: TransactionHistoryViewModel: Loaded 25 transactions
[2026-01-14 13:28:21] INFO: TransactionHistoryViewModel: Loading data with filters - FromDate: null, ToDate: null
[2026-01-14 13:28:21] INFO: TransactionHistoryService: Calling API: http://localhost:3000/api/transaction-history?limit=10000
[2026-01-14 13:28:23] INFO: TransactionHistoryService: API Response received (length: 18896)
[2026-01-14 13:28:23] INFO: TransactionHistoryService: Sample transaction from API (first 500 chars): {"id":30,"transaction_id":344,"transaction_number":"TXN-20260114-00344","transaction_date":"2026-01-14T10:24:59.000Z","transaction_type":"Picking","reference_doc_type":"Material Request","reference_doc":"MR-1401264","wms_transaction_title":null,"item_code":"SKU-SHOES-101-BLK-43","item_name":"Running Shoes Black 43","warehouse":"WH-MAIN","warehouse_name":"Main Warehouse","bin_location":"A1-R01-L3-B1","location_id":"A1-R01-L3-B1","carton_id":null,"batch_no":null,"serial_no":null,"qty_change":-5,"q
[2026-01-14 13:28:23] INFO: TransactionHistoryService: Deserialized first transaction - ID: 30, TransactionNumber: TXN-20260114-00344, TransactionDate: 1/14/2026 10:24:59 AM, ItemCode: SKU-SHOES-101-BLK-43, TransactionType: Picking
[2026-01-14 13:28:23] INFO: TransactionHistoryService: Parsed 25 transactions from API response
[2026-01-14 13:28:23] INFO: TransactionHistoryViewModel: Service returned 25 transactions
[2026-01-14 13:28:23] INFO: TransactionHistoryViewModel: Loaded 25 transactions
[2026-01-14 13:28:44] INFO: TransactionHistoryViewModel: Loading data with filters - FromDate: null, ToDate: null
[2026-01-14 13:28:44] INFO: TransactionHistoryService: Calling API: http://localhost:3000/api/transaction-history?item_code=SKU-HAT-301-BLU-OS&limit=10000
[2026-01-14 13:28:46] INFO: TransactionHistoryService: API Response received (length: 7532)
[2026-01-14 13:28:46] INFO: TransactionHistoryService: Sample transaction from API (first 500 chars): {"id":29,"transaction_id":343,"transaction_number":"TXN-20260114-00343","transaction_date":"2026-01-14T10:24:54.000Z","transaction_type":"Picking","reference_doc_type":"Material Request","reference_doc":"MR-1401264","wms_transaction_title":null,"item_code":"SKU-HAT-301-BLU-OS","item_name":"Baseball Cap Blue One Size","warehouse":"WH-MAIN","warehouse_name":"Main Warehouse","bin_location":"A1-R01-L3-B1","location_id":"A1-R01-L3-B1","carton_id":null,"batch_no":null,"serial_no":null,"qty_change":-2,
[2026-01-14 13:28:46] INFO: TransactionHistoryService: Deserialized first transaction - ID: 29, TransactionNumber: TXN-20260114-00343, TransactionDate: 1/14/2026 10:24:54 AM, ItemCode: SKU-HAT-301-BLU-OS, TransactionType: Picking
[2026-01-14 13:28:46] INFO: TransactionHistoryService: Parsed 10 transactions from API response
[2026-01-14 13:28:46] INFO: TransactionHistoryViewModel: Service returned 10 transactions
[2026-01-14 13:28:46] INFO: TransactionHistoryViewModel: Loaded 10 transactions
[2026-01-14 13:37:16] INFO: TransactionHistoryViewModel: Loading data with filters - FromDate: 2025-10-16, ToDate: 2026-01-15
[2026-01-14 13:37:16] INFO: TransactionHistoryService: Calling API: http://localhost:3000/api/transaction-history?from_date=2025-10-16&to_date=2026-01-15&limit=10000
[2026-01-14 13:37:18] INFO: TransactionHistoryService: API Response received (length: 18896)
[2026-01-14 13:37:18] INFO: TransactionHistoryService: Sample transaction from API (first 500 chars): {"id":30,"transaction_id":344,"transaction_number":"TXN-20260114-00344","transaction_date":"2026-01-14T10:24:59.000Z","transaction_type":"Picking","reference_doc_type":"Material Request","reference_doc":"MR-1401264","wms_transaction_title":null,"item_code":"SKU-SHOES-101-BLK-43","item_name":"Running Shoes Black 43","warehouse":"WH-MAIN","warehouse_name":"Main Warehouse","bin_location":"A1-R01-L3-B1","location_id":"A1-R01-L3-B1","carton_id":null,"batch_no":null,"serial_no":null,"qty_change":-5,"q
[2026-01-14 13:37:18] INFO: TransactionHistoryService: Deserialized first transaction - ID: 30, TransactionNumber: TXN-20260114-00344, TransactionDate: 1/14/2026 10:24:59 AM, ItemCode: SKU-SHOES-101-BLK-43, TransactionType: Picking
[2026-01-14 13:37:18] INFO: TransactionHistoryService: Parsed 25 transactions from API response
[2026-01-14 13:37:18] INFO: TransactionHistoryViewModel: Service returned 25 transactions
[2026-01-14 13:37:18] INFO: TransactionHistoryViewModel: Loaded 25 transactions
[2026-01-14 13:37:19] INFO: TransactionHistoryViewModel: Loading data with filters - FromDate: null, ToDate: null
[2026-01-14 13:37:19] INFO: TransactionHistoryService: Calling API: http://localhost:3000/api/transaction-history?limit=10000
[2026-01-14 13:37:21] INFO: TransactionHistoryService: API Response received (length: 18896)
[2026-01-14 13:37:21] INFO: TransactionHistoryService: Sample transaction from API (first 500 chars): {"id":30,"transaction_id":344,"transaction_number":"TXN-20260114-00344","transaction_date":"2026-01-14T10:24:59.000Z","transaction_type":"Picking","reference_doc_type":"Material Request","reference_doc":"MR-1401264","wms_transaction_title":null,"item_code":"SKU-SHOES-101-BLK-43","item_name":"Running Shoes Black 43","warehouse":"WH-MAIN","warehouse_name":"Main Warehouse","bin_location":"A1-R01-L3-B1","location_id":"A1-R01-L3-B1","carton_id":null,"batch_no":null,"serial_no":null,"qty_change":-5,"q
[2026-01-14 13:37:21] INFO: TransactionHistoryService: Deserialized first transaction - ID: 30, TransactionNumber: TXN-20260114-00344, TransactionDate: 1/14/2026 10:24:59 AM, ItemCode: SKU-SHOES-101-BLK-43, TransactionType: Picking
[2026-01-14 13:37:21] INFO: TransactionHistoryService: Parsed 25 transactions from API response
[2026-01-14 13:37:21] INFO: TransactionHistoryViewModel: Service returned 25 transactions
[2026-01-14 13:37:21] INFO: TransactionHistoryViewModel: Loaded 25 transactions
[2026-01-14 13:50:52] INFO: ItemLocationBreakdownViewModel: Refreshing location data for SKU-HAT-301-BLU-OS
[2026-01-14 13:50:52] INFO: ItemLocationBreakdownViewModel: Loading location data for SKU-HAT-301-BLU-OS, trying warehouses: WH-MAIN, Main Warehouse, WH-Main
[2026-01-14 13:50:52] INFO: ItemLocationBreakdownViewModel: Inventory mode is BinLevel
[2026-01-14 13:50:52] INFO: ItemLocationBreakdownViewModel: Found 3 entries in warehouse 'WH-MAIN'
[2026-01-14 13:50:52] INFO: ItemLocationBreakdownViewModel: Found 3 stock ledger entries for SKU-HAT-301-BLU-OS in warehouse 'WH-MAIN'
[2026-01-14 13:50:52] INFO: ItemLocationBreakdownViewModel: Direct match found location_id=A1-R01-L3-B1 for bin_location=A1-R01-L3-B1
[2026-01-14 13:50:52] INFO: ItemLocationBreakdownViewModel: Found 1 carton(s) in tabCartonStock for item SKU-HAT-301-BLU-OS at bin A1-R01-L3-B1 (warehouse: WH-MAIN)
[2026-01-14 13:50:52] INFO: ItemLocationBreakdownViewModel: Added carton 'CTN-555444' with qty 98 for item SKU-HAT-301-BLU-OS at bin A1-R01-L3-B1
[2026-01-14 13:50:52] INFO: ItemLocationBreakdownViewModel: Direct match found location_id=A1-R02-L1-B2 for bin_location=A1-R02-L1-B2
[2026-01-14 13:50:52] INFO: ItemLocationBreakdownViewModel: Found 1 carton(s) in tabCartonStock for item SKU-HAT-301-BLU-OS at bin A1-R02-L1-B2 (warehouse: WH-MAIN)
[2026-01-14 13:50:52] INFO: ItemLocationBreakdownViewModel: Added carton 'CTN-9444537' with qty 100 for item SKU-HAT-301-BLU-OS at bin A1-R02-L1-B2
[2026-01-14 13:50:52] INFO: ItemLocationBreakdownViewModel: Direct match found location_id=B3-R01-L1-B3 for bin_location=B3-R01-L1-B3
[2026-01-14 13:50:52] INFO: ItemLocationBreakdownViewModel: Found 1 carton(s) in tabCartonStock for item SKU-HAT-301-BLU-OS at bin B3-R01-L1-B3 (warehouse: WH-MAIN)
[2026-01-14 13:50:52] INFO: ItemLocationBreakdownViewModel: Added carton 'CTN-555445' with qty 150 for item SKU-HAT-301-BLU-OS at bin B3-R01-L1-B3
[2026-01-14 13:50:52] INFO: ItemLocationBreakdownViewModel: Grouped 3 location detail(s) into 3 unique Location+Carton combination(s)
[2026-01-14 13:50:52] INFO: ItemLocationBreakdownViewModel: Cleared locations collection, current count: 0
[2026-01-14 13:50:52] INFO: ItemLocationBreakdownViewModel: Processing 3 grouped location detail(s) for 3 stock ledger entr(y/ies)
[2026-01-14 13:50:52] INFO: ItemLocationBreakdownViewModel: Added location A1-R01-L3-B1 (Zone: Zone A, Rack: Rack 01, Bin: B1, Carton: CTN-555444, Qty: 98)
[2026-01-14 13:50:52] INFO: ItemLocationBreakdownViewModel: Added location A1-R02-L1-B2 (Zone: Zone A, Rack: Rack 02, Bin: B2, Carton: CTN-9444537, Qty: 100)
[2026-01-14 13:50:52] INFO: ItemLocationBreakdownViewModel: Added location B3-R01-L1-B3 (Zone: Zone B, Rack: Rack 01, Bin: B3, Carton: CTN-555445, Qty: 150)
[2026-01-14 13:50:52] INFO: ItemLocationBreakdownViewModel: Final count - Added 3 locations, Total Qty: 348, Collection Count: 3
[2026-01-14 13:51:38] INFO: ItemLocationBreakdownViewModel: Refreshing location data for SKU-HAT-301-BLU-OS
[2026-01-14 13:51:38] INFO: ItemLocationBreakdownViewModel: Loading location data for SKU-HAT-301-BLU-OS, trying warehouses: WH-MAIN, Main Warehouse, WH-Main
[2026-01-14 13:51:38] INFO: ItemLocationBreakdownViewModel: Inventory mode is BinLevel
[2026-01-14 13:51:38] INFO: ItemLocationBreakdownViewModel: Found 3 entries in warehouse 'WH-MAIN'
[2026-01-14 13:51:38] INFO: ItemLocationBreakdownViewModel: Found 3 stock ledger entries for SKU-HAT-301-BLU-OS in warehouse 'WH-MAIN'
[2026-01-14 13:51:38] INFO: ItemLocationBreakdownViewModel: Direct match found location_id=A1-R01-L3-B1 for bin_location=A1-R01-L3-B1
[2026-01-14 13:51:38] INFO: ItemLocationBreakdownViewModel: Found 1 carton(s) in tabCartonStock for item SKU-HAT-301-BLU-OS at bin A1-R01-L3-B1 (warehouse: WH-MAIN)
[2026-01-14 13:51:38] INFO: ItemLocationBreakdownViewModel: Added carton 'CTN-555444' with qty 98 for item SKU-HAT-301-BLU-OS at bin A1-R01-L3-B1
[2026-01-14 13:51:38] INFO: ItemLocationBreakdownViewModel: Direct match found location_id=A1-R02-L1-B2 for bin_location=A1-R02-L1-B2
[2026-01-14 13:51:38] INFO: ItemLocationBreakdownViewModel: Found 1 carton(s) in tabCartonStock for item SKU-HAT-301-BLU-OS at bin A1-R02-L1-B2 (warehouse: WH-MAIN)
[2026-01-14 13:51:38] INFO: ItemLocationBreakdownViewModel: Added carton 'CTN-9444537' with qty 100 for item SKU-HAT-301-BLU-OS at bin A1-R02-L1-B2
[2026-01-14 13:51:38] INFO: ItemLocationBreakdownViewModel: Direct match found location_id=B3-R01-L1-B3 for bin_location=B3-R01-L1-B3
[2026-01-14 13:51:38] INFO: ItemLocationBreakdownViewModel: Found 1 carton(s) in tabCartonStock for item SKU-HAT-301-BLU-OS at bin B3-R01-L1-B3 (warehouse: WH-MAIN)
[2026-01-14 13:51:38] INFO: ItemLocationBreakdownViewModel: Added carton 'CTN-555445' with qty 150 for item SKU-HAT-301-BLU-OS at bin B3-R01-L1-B3
[2026-01-14 13:51:38] INFO: ItemLocationBreakdownViewModel: Grouped 3 location detail(s) into 3 unique Location+Carton combination(s)
[2026-01-14 13:51:38] INFO: ItemLocationBreakdownViewModel: Cleared locations collection, current count: 0
[2026-01-14 13:51:38] INFO: ItemLocationBreakdownViewModel: Processing 3 grouped location detail(s) for 3 stock ledger entr(y/ies)
[2026-01-14 13:51:38] INFO: ItemLocationBreakdownViewModel: Added location A1-R01-L3-B1 (Zone: Zone A, Rack: Rack 01, Bin: B1, Carton: CTN-555444, Qty: 98)
[2026-01-14 13:51:38] INFO: ItemLocationBreakdownViewModel: Added location A1-R02-L1-B2 (Zone: Zone A, Rack: Rack 02, Bin: B2, Carton: CTN-9444537, Qty: 100)
[2026-01-14 13:51:38] INFO: ItemLocationBreakdownViewModel: Added location B3-R01-L1-B3 (Zone: Zone B, Rack: Rack 01, Bin: B3, Carton: CTN-555445, Qty: 150)
[2026-01-14 13:51:38] INFO: ItemLocationBreakdownViewModel: Final count - Added 3 locations, Total Qty: 348, Collection Count: 3
[2026-01-14 13:52:09] INFO: ItemLocationBreakdownViewModel: Refreshing location data for SKU-SHOES-101-BLK-43
[2026-01-14 13:52:09] INFO: ItemLocationBreakdownViewModel: Loading location data for SKU-SHOES-101-BLK-43, trying warehouses: WH-MAIN, Main Warehouse, WH-Main
[2026-01-14 13:52:09] INFO: ItemLocationBreakdownViewModel: Inventory mode is BinLevel
[2026-01-14 13:52:09] INFO: ItemLocationBreakdownViewModel: Found 3 entries in warehouse 'WH-MAIN'
[2026-01-14 13:52:09] INFO: ItemLocationBreakdownViewModel: Found 3 stock ledger entries for SKU-SHOES-101-BLK-43 in warehouse 'WH-MAIN'
[2026-01-14 13:52:09] INFO: ItemLocationBreakdownViewModel: Direct match found location_id=A1-R01-L3-B1 for bin_location=A1-R01-L3-B1
[2026-01-14 13:52:09] INFO: ItemLocationBreakdownViewModel: Found 1 carton(s) in tabCartonStock for item SKU-SHOES-101-BLK-43 at bin A1-R01-L3-B1 (warehouse: WH-MAIN)
[2026-01-14 13:52:09] INFO: ItemLocationBreakdownViewModel: Added carton 'CTN-555444' with qty 95 for item SKU-SHOES-101-BLK-43 at bin A1-R01-L3-B1
[2026-01-14 13:52:09] INFO: ItemLocationBreakdownViewModel: Direct match found location_id=A1-R02-L1-B2 for bin_location=A1-R02-L1-B2
[2026-01-14 13:52:09] INFO: ItemLocationBreakdownViewModel: Found 1 carton(s) in tabCartonStock for item SKU-SHOES-101-BLK-43 at bin A1-R02-L1-B2 (warehouse: WH-MAIN)
[2026-01-14 13:52:09] INFO: ItemLocationBreakdownViewModel: Added carton 'CTN-9444537' with qty 100 for item SKU-SHOES-101-BLK-43 at bin A1-R02-L1-B2
[2026-01-14 13:52:09] INFO: ItemLocationBreakdownViewModel: Direct match found location_id=B3-R01-L1-B3 for bin_location=B3-R01-L1-B3
[2026-01-14 13:52:09] INFO: ItemLocationBreakdownViewModel: Found 1 carton(s) in tabCartonStock for item SKU-SHOES-101-BLK-43 at bin B3-R01-L1-B3 (warehouse: WH-MAIN)
[2026-01-14 13:52:09] INFO: ItemLocationBreakdownViewModel: Added carton 'CTN-555445' with qty 150 for item SKU-SHOES-101-BLK-43 at bin B3-R01-L1-B3
[2026-01-14 13:52:09] INFO: ItemLocationBreakdownViewModel: Grouped 3 location detail(s) into 3 unique Location+Carton combination(s)
[2026-01-14 13:52:09] INFO: ItemLocationBreakdownViewModel: Cleared locations collection, current count: 0
[2026-01-14 13:52:09] INFO: ItemLocationBreakdownViewModel: Processing 3 grouped location detail(s) for 3 stock ledger entr(y/ies)
[2026-01-14 13:52:09] INFO: ItemLocationBreakdownViewModel: Added location A1-R01-L3-B1 (Zone: Zone A, Rack: Rack 01, Bin: B1, Carton: CTN-555444, Qty: 95)
[2026-01-14 13:52:09] INFO: ItemLocationBreakdownViewModel: Added location A1-R02-L1-B2 (Zone: Zone A, Rack: Rack 02, Bin: B2, Carton: CTN-9444537, Qty: 100)
[2026-01-14 13:52:09] INFO: ItemLocationBreakdownViewModel: Added location B3-R01-L1-B3 (Zone: Zone B, Rack: Rack 01, Bin: B3, Carton: CTN-555445, Qty: 150)
[2026-01-14 13:52:09] INFO: ItemLocationBreakdownViewModel: Final count - Added 3 locations, Total Qty: 345, Collection Count: 3
[2026-01-14 13:52:36] INFO: TransactionHistoryViewModel: Loading data with filters - FromDate: 2025-10-16, ToDate: 2026-01-15
[2026-01-14 13:52:36] INFO: TransactionHistoryService: Calling API: http://localhost:3000/api/transaction-history?from_date=2025-10-16&to_date=2026-01-15&limit=10000
[2026-01-14 13:52:38] INFO: TransactionHistoryService: API Response received (length: 20378)
[2026-01-14 13:52:38] INFO: TransactionHistoryService: Sample transaction from API (first 500 chars): {"id":32,"transaction_id":346,"transaction_number":"TXN-20260114-00346","transaction_date":"2026-01-14T10:50:40.000Z","transaction_type":"Picking","reference_doc_type":"Material Request","reference_doc":"MR-1401265","wms_transaction_title":null,"item_code":"SKU-SHOES-101-BLK-43","item_name":"Running Shoes Black 43","warehouse":"WH-MAIN","warehouse_name":"Main Warehouse","bin_location":"A1-R01-L3-B1","location_id":"A1-R01-L3-B1","carton_id":null,"batch_no":null,"serial_no":null,"qty_change":-5,"q
[2026-01-14 13:52:38] INFO: TransactionHistoryService: Deserialized first transaction - ID: 32, TransactionNumber: TXN-20260114-00346, TransactionDate: 1/14/2026 10:50:40 AM, ItemCode: SKU-SHOES-101-BLK-43, TransactionType: Picking
[2026-01-14 13:52:38] INFO: TransactionHistoryService: Parsed 27 transactions from API response
[2026-01-14 13:52:38] INFO: TransactionHistoryViewModel: Service returned 27 transactions
[2026-01-14 13:52:38] INFO: TransactionHistoryViewModel: Loaded 27 transactions
[2026-01-14 13:53:35] INFO: TransactionHistoryViewModel: Loading data with filters - FromDate: 2025-10-16, ToDate: 2026-01-15
[2026-01-14 13:53:35] INFO: TransactionHistoryService: Calling API: http://localhost:3000/api/transaction-history?from_date=2025-10-16&to_date=2026-01-15&limit=10000
[2026-01-14 13:53:37] INFO: TransactionHistoryService: API Response received (length: 20378)
[2026-01-14 13:53:37] INFO: TransactionHistoryService: Sample transaction from API (first 500 chars): {"id":32,"transaction_id":346,"transaction_number":"TXN-20260114-00346","transaction_date":"2026-01-14T10:50:40.000Z","transaction_type":"Picking","reference_doc_type":"Material Request","reference_doc":"MR-1401265","wms_transaction_title":null,"item_code":"SKU-SHOES-101-BLK-43","item_name":"Running Shoes Black 43","warehouse":"WH-MAIN","warehouse_name":"Main Warehouse","bin_location":"A1-R01-L3-B1","location_id":"A1-R01-L3-B1","carton_id":null,"batch_no":null,"serial_no":null,"qty_change":-5,"q
[2026-01-14 13:53:37] INFO: TransactionHistoryService: Deserialized first transaction - ID: 32, TransactionNumber: TXN-20260114-00346, TransactionDate: 1/14/2026 10:50:40 AM, ItemCode: SKU-SHOES-101-BLK-43, TransactionType: Picking
[2026-01-14 13:53:37] INFO: TransactionHistoryService: Parsed 27 transactions from API response
[2026-01-14 13:53:37] INFO: TransactionHistoryViewModel: Service returned 27 transactions
[2026-01-14 13:53:37] INFO: TransactionHistoryViewModel: Loaded 27 transactions
[2026-01-14 13:53:37] INFO: TransactionHistoryViewModel: Loading data with filters - FromDate: null, ToDate: null
[2026-01-14 13:53:37] INFO: TransactionHistoryService: Calling API: http://localhost:3000/api/transaction-history?limit=10000
[2026-01-14 13:53:39] INFO: TransactionHistoryService: API Response received (length: 20378)
[2026-01-14 13:53:39] INFO: TransactionHistoryService: Sample transaction from API (first 500 chars): {"id":32,"transaction_id":346,"transaction_number":"TXN-20260114-00346","transaction_date":"2026-01-14T10:50:40.000Z","transaction_type":"Picking","reference_doc_type":"Material Request","reference_doc":"MR-1401265","wms_transaction_title":null,"item_code":"SKU-SHOES-101-BLK-43","item_name":"Running Shoes Black 43","warehouse":"WH-MAIN","warehouse_name":"Main Warehouse","bin_location":"A1-R01-L3-B1","location_id":"A1-R01-L3-B1","carton_id":null,"batch_no":null,"serial_no":null,"qty_change":-5,"q
[2026-01-14 13:53:39] INFO: TransactionHistoryService: Deserialized first transaction - ID: 32, TransactionNumber: TXN-20260114-00346, TransactionDate: 1/14/2026 10:50:40 AM, ItemCode: SKU-SHOES-101-BLK-43, TransactionType: Picking
[2026-01-14 13:53:39] INFO: TransactionHistoryService: Parsed 27 transactions from API response
[2026-01-14 13:53:39] INFO: TransactionHistoryViewModel: Service returned 27 transactions
[2026-01-14 13:53:39] INFO: TransactionHistoryViewModel: Loaded 27 transactions
[2026-01-14 13:58:44] INFO: ItemLocationBreakdownViewModel: Refreshing location data for SKU-HAT-301-BLU-OS
[2026-01-14 13:58:44] INFO: ItemLocationBreakdownViewModel: Loading location data for SKU-HAT-301-BLU-OS, trying warehouses: WH-MAIN, Main Warehouse, WH-Main
[2026-01-14 13:58:44] INFO: ItemLocationBreakdownViewModel: Inventory mode is BinLevel
[2026-01-14 13:58:44] INFO: ItemLocationBreakdownViewModel: Found 3 entries in warehouse 'WH-MAIN'
[2026-01-14 13:58:44] INFO: ItemLocationBreakdownViewModel: Found 3 stock ledger entries for SKU-HAT-301-BLU-OS in warehouse 'WH-MAIN'
[2026-01-14 13:58:44] INFO: ItemLocationBreakdownViewModel: Direct match found location_id=A1-R01-L3-B1 for bin_location=A1-R01-L3-B1
[2026-01-14 13:58:44] INFO: ItemLocationBreakdownViewModel: Found 1 carton(s) in tabCartonStock for item SKU-HAT-301-BLU-OS at bin A1-R01-L3-B1 (warehouse: WH-MAIN)
[2026-01-14 13:58:44] INFO: ItemLocationBreakdownViewModel: Added carton 'CTN-555444' with qty 98 for item SKU-HAT-301-BLU-OS at bin A1-R01-L3-B1
[2026-01-14 13:58:44] INFO: ItemLocationBreakdownViewModel: Direct match found location_id=A1-R02-L1-B2 for bin_location=A1-R02-L1-B2
[2026-01-14 13:58:44] INFO: ItemLocationBreakdownViewModel: Found 1 carton(s) in tabCartonStock for item SKU-HAT-301-BLU-OS at bin A1-R02-L1-B2 (warehouse: WH-MAIN)
[2026-01-14 13:58:44] INFO: ItemLocationBreakdownViewModel: Added carton 'CTN-9444537' with qty 100 for item SKU-HAT-301-BLU-OS at bin A1-R02-L1-B2
[2026-01-14 13:58:44] INFO: ItemLocationBreakdownViewModel: Direct match found location_id=B3-R01-L1-B3 for bin_location=B3-R01-L1-B3
[2026-01-14 13:58:44] INFO: ItemLocationBreakdownViewModel: Found 1 carton(s) in tabCartonStock for item SKU-HAT-301-BLU-OS at bin B3-R01-L1-B3 (warehouse: WH-MAIN)
[2026-01-14 13:58:44] INFO: ItemLocationBreakdownViewModel: Added carton 'CTN-555445' with qty 150 for item SKU-HAT-301-BLU-OS at bin B3-R01-L1-B3
[2026-01-14 13:58:44] INFO: ItemLocationBreakdownViewModel: Grouped 3 location detail(s) into 3 unique Location+Carton combination(s)
[2026-01-14 13:58:44] INFO: ItemLocationBreakdownViewModel: Cleared locations collection, current count: 0
[2026-01-14 13:58:44] INFO: ItemLocationBreakdownViewModel: Processing 3 grouped location detail(s) for 3 stock ledger entr(y/ies)
[2026-01-14 13:58:44] INFO: ItemLocationBreakdownViewModel: Added location A1-R01-L3-B1 (Zone: Zone A, Rack: Rack 01, Bin: B1, Carton: CTN-555444, Qty: 98)
[2026-01-14 13:58:44] INFO: ItemLocationBreakdownViewModel: Added location A1-R02-L1-B2 (Zone: Zone A, Rack: Rack 02, Bin: B2, Carton: CTN-9444537, Qty: 100)
[2026-01-14 13:58:44] INFO: ItemLocationBreakdownViewModel: Added location B3-R01-L1-B3 (Zone: Zone B, Rack: Rack 01, Bin: B3, Carton: CTN-555445, Qty: 150)
[2026-01-14 13:58:44] INFO: ItemLocationBreakdownViewModel: Final count - Added 3 locations, Total Qty: 348, Collection Count: 3
[2026-01-14 14:53:15] INFO: ItemLocationBreakdownViewModel: Refreshing location data for SKU-HAT-301-BLU-OS using API
[2026-01-14 14:53:15] INFO: ItemLocationBreakdownViewModel: Loading location data for SKU-HAT-301-BLU-OS, trying warehouses: WH-MAIN, Main Warehouse, WH-Main
[2026-01-14 14:53:15] INFO: ItemLocationStockService: Calling API: http://localhost:3000/api/stock/item/SKU-HAT-301-BLU-OS/warehouse/WH-MAIN?format=grouped
[2026-01-14 14:53:17] INFO: ItemLocationStockService: Received 3 location(s) from API
[2026-01-14 14:53:17] INFO: ItemLocationBreakdownViewModel: Found 3 location(s) in warehouse 'WH-MAIN' via API
[2026-01-14 14:53:17] INFO: ItemLocationBreakdownViewModel: Processing 3 location(s) from API for SKU-HAT-301-BLU-OS in warehouse 'WH-MAIN'
[2026-01-14 14:53:17] INFO: ItemLocationBreakdownViewModel: Processed 3 location detail(s) from API
[2026-01-14 14:53:17] INFO: ItemLocationBreakdownViewModel: Cleared locations collection, current count: 0
[2026-01-14 14:53:17] INFO: ItemLocationBreakdownViewModel: Added location A1-R01-L3-B1 (Zone: Zone A, Rack: Rack 01, Bin: B1, Carton: CTN-555444, Available Qty: 98)
[2026-01-14 14:53:17] INFO: ItemLocationBreakdownViewModel: Added location A1-R02-L1-B2 (Zone: Zone A, Rack: Rack 02, Bin: B2, Carton: CTN-9444537, Available Qty: 100)
[2026-01-14 14:53:17] INFO: ItemLocationBreakdownViewModel: Added location B3-R01-L1-B3 (Zone: Zone B, Rack: Rack 01, Bin: B3, Carton: CTN-555445, Available Qty: 150)
[2026-01-14 14:53:17] INFO: ItemLocationBreakdownViewModel: Final count - Added 3 locations, Total Available Qty: 348, Collection Count: 3
[2026-01-14 14:53:26] INFO: ItemLocationBreakdownViewModel: Refreshing location data for SKU-HAT-301-GRN-OS using API
[2026-01-14 14:53:26] INFO: ItemLocationBreakdownViewModel: Loading location data for SKU-HAT-301-GRN-OS, trying warehouses: WH-MAIN, Main Warehouse, WH-Main
[2026-01-14 14:53:26] INFO: ItemLocationStockService: Calling API: http://localhost:3000/api/stock/item/SKU-HAT-301-GRN-OS/warehouse/WH-MAIN?format=grouped
[2026-01-14 14:53:28] INFO: ItemLocationStockService: Received 2 location(s) from API
[2026-01-14 14:53:28] INFO: ItemLocationBreakdownViewModel: Found 2 location(s) in warehouse 'WH-MAIN' via API
[2026-01-14 14:53:28] INFO: ItemLocationBreakdownViewModel: Processing 2 location(s) from API for SKU-HAT-301-GRN-OS in warehouse 'WH-MAIN'
[2026-01-14 14:53:28] INFO: ItemLocationBreakdownViewModel: Processed 2 location detail(s) from API
[2026-01-14 14:53:28] INFO: ItemLocationBreakdownViewModel: Cleared locations collection, current count: 0
[2026-01-14 14:53:28] INFO: ItemLocationBreakdownViewModel: Added location A1-R01-L3-B1 (Zone: Zone A, Rack: Rack 01, Bin: B1, Carton: CTN-555444, Available Qty: 100)
[2026-01-14 14:53:28] INFO: ItemLocationBreakdownViewModel: Added location A1-R02-L1-B2 (Zone: Zone A, Rack: Rack 02, Bin: B2, Carton: CTN-9444537, Available Qty: 100)
[2026-01-14 14:53:28] INFO: ItemLocationBreakdownViewModel: Final count - Added 2 locations, Total Available Qty: 200, Collection Count: 2
[2026-01-14 14:53:49] INFO: ItemLocationBreakdownViewModel: Refreshing location data for SKU-HAT-301-BLU-OS using API
[2026-01-14 14:53:49] INFO: ItemLocationBreakdownViewModel: Loading location data for SKU-HAT-301-BLU-OS, trying warehouses: WH-MAIN, Main Warehouse, WH-Main
[2026-01-14 14:53:49] INFO: ItemLocationStockService: Calling API: http://localhost:3000/api/stock/item/SKU-HAT-301-BLU-OS/warehouse/WH-MAIN?format=grouped
[2026-01-14 14:53:51] INFO: ItemLocationStockService: Received 3 location(s) from API
[2026-01-14 14:53:51] INFO: ItemLocationBreakdownViewModel: Found 3 location(s) in warehouse 'WH-MAIN' via API
[2026-01-14 14:53:51] INFO: ItemLocationBreakdownViewModel: Processing 3 location(s) from API for SKU-HAT-301-BLU-OS in warehouse 'WH-MAIN'
[2026-01-14 14:53:51] INFO: ItemLocationBreakdownViewModel: Processed 3 location detail(s) from API
[2026-01-14 14:53:51] INFO: ItemLocationBreakdownViewModel: Cleared locations collection, current count: 0
[2026-01-14 14:53:51] INFO: ItemLocationBreakdownViewModel: Added location A1-R01-L3-B1 (Zone: Zone A, Rack: Rack 01, Bin: B1, Carton: CTN-555444, Available Qty: 98)
[2026-01-14 14:53:51] INFO: ItemLocationBreakdownViewModel: Added location A1-R02-L1-B2 (Zone: Zone A, Rack: Rack 02, Bin: B2, Carton: CTN-9444537, Available Qty: 100)
[2026-01-14 14:53:51] INFO: ItemLocationBreakdownViewModel: Added location B3-R01-L1-B3 (Zone: Zone B, Rack: Rack 01, Bin: B3, Carton: CTN-555445, Available Qty: 150)
[2026-01-14 14:53:51] INFO: ItemLocationBreakdownViewModel: Final count - Added 3 locations, Total Available Qty: 348, Collection Count: 3
[2026-01-14 14:56:22] INFO: ItemLocationBreakdownViewModel: Refreshing location data for SKU-JACKET-201-BLK-M using API
[2026-01-14 14:56:22] INFO: ItemLocationBreakdownViewModel: Loading location data for SKU-JACKET-201-BLK-M, trying warehouses: WH-MAIN, Main Warehouse, WH-Main
[2026-01-14 14:56:22] INFO: ItemLocationStockService: Calling API: http://localhost:3000/api/stock/item/SKU-JACKET-201-BLK-M/warehouse/WH-MAIN?format=grouped
[2026-01-14 14:56:24] INFO: ItemLocationStockService: Received 1 location(s) from API
[2026-01-14 14:56:24] INFO: ItemLocationBreakdownViewModel: Found 1 location(s) in warehouse 'WH-MAIN' via API
[2026-01-14 14:56:24] INFO: ItemLocationBreakdownViewModel: Processing 1 location(s) from API for SKU-JACKET-201-BLK-M in warehouse 'WH-MAIN'
[2026-01-14 14:56:24] INFO: ItemLocationBreakdownViewModel: Processed 1 location detail(s) from API
[2026-01-14 14:56:24] INFO: ItemLocationBreakdownViewModel: Cleared locations collection, current count: 0
[2026-01-14 14:56:24] INFO: ItemLocationBreakdownViewModel: Added location A1-R02-L1-B2 (Zone: Zone A, Rack: Rack 02, Bin: B2, Carton: CTN-9444537, Available Qty: 100)
[2026-01-14 14:56:24] INFO: ItemLocationBreakdownViewModel: Final count - Added 1 locations, Total Available Qty: 100, Collection Count: 1
[2026-01-14 14:56:44] INFO: ItemLocationBreakdownViewModel: Refreshing location data for SKU-HAT-301-BLU-OS using API
[2026-01-14 14:56:44] INFO: ItemLocationBreakdownViewModel: Loading location data for SKU-HAT-301-BLU-OS, trying warehouses: WH-MAIN, Main Warehouse, WH-Main
[2026-01-14 14:56:44] INFO: ItemLocationStockService: Calling API: http://localhost:3000/api/stock/item/SKU-HAT-301-BLU-OS/warehouse/WH-MAIN?format=grouped
[2026-01-14 14:56:46] INFO: ItemLocationStockService: Received 3 location(s) from API
[2026-01-14 14:56:46] INFO: ItemLocationBreakdownViewModel: Found 3 location(s) in warehouse 'WH-MAIN' via API
[2026-01-14 14:56:46] INFO: ItemLocationBreakdownViewModel: Processing 3 location(s) from API for SKU-HAT-301-BLU-OS in warehouse 'WH-MAIN'
[2026-01-14 14:56:46] INFO: ItemLocationBreakdownViewModel: Processed 3 location detail(s) from API
[2026-01-14 14:56:46] INFO: ItemLocationBreakdownViewModel: Cleared locations collection, current count: 0
[2026-01-14 14:56:46] INFO: ItemLocationBreakdownViewModel: Added location A1-R01-L3-B1 (Zone: Zone A, Rack: Rack 01, Bin: B1, Carton: CTN-555444, Available Qty: 98)
[2026-01-14 14:56:46] INFO: ItemLocationBreakdownViewModel: Added location A1-R02-L1-B2 (Zone: Zone A, Rack: Rack 02, Bin: B2, Carton: CTN-9444537, Available Qty: 100)
[2026-01-14 14:56:46] INFO: ItemLocationBreakdownViewModel: Added location B3-R01-L1-B3 (Zone: Zone B, Rack: Rack 01, Bin: B3, Carton: CTN-555445, Available Qty: 150)
[2026-01-14 14:56:46] INFO: ItemLocationBreakdownViewModel: Final count - Added 3 locations, Total Available Qty: 348, Collection Count: 3
[2026-01-14 14:56:55] INFO: TransactionHistoryViewModel: Loading data with filters - FromDate: 2025-10-16, ToDate: 2026-01-15
[2026-01-14 14:56:55] INFO: TransactionHistoryService: Calling API: http://localhost:3000/api/transaction-history?from_date=2025-10-16&to_date=2026-01-15&limit=10000
[2026-01-14 14:56:57] INFO: TransactionHistoryService: API Response received (length: 20378)
[2026-01-14 14:56:57] INFO: TransactionHistoryService: Sample transaction from API (first 500 chars): {"id":32,"transaction_id":346,"transaction_number":"TXN-20260114-00346","transaction_date":"2026-01-14T10:50:40.000Z","transaction_type":"Picking","reference_doc_type":"Material Request","reference_doc":"MR-1401265","wms_transaction_title":null,"item_code":"SKU-SHOES-101-BLK-43","item_name":"Running Shoes Black 43","warehouse":"WH-MAIN","warehouse_name":"Main Warehouse","bin_location":"A1-R01-L3-B1","location_id":"A1-R01-L3-B1","carton_id":null,"batch_no":null,"serial_no":null,"qty_change":-5,"q
[2026-01-14 14:56:57] INFO: TransactionHistoryService: Deserialized first transaction - ID: 32, TransactionNumber: TXN-20260114-00346, TransactionDate: 1/14/2026 10:50:40 AM, ItemCode: SKU-SHOES-101-BLK-43, TransactionType: Picking
[2026-01-14 14:56:57] INFO: TransactionHistoryService: Parsed 27 transactions from API response
[2026-01-14 14:56:57] INFO: TransactionHistoryViewModel: Service returned 27 transactions
[2026-01-14 14:56:57] INFO: TransactionHistoryViewModel: Loaded 27 transactions
[2026-01-14 14:57:01] INFO: TransactionHistoryViewModel: Loading data with filters - FromDate: 2025-10-16, ToDate: 2026-01-15
[2026-01-14 14:57:01] INFO: TransactionHistoryService: Calling API: http://localhost:3000/api/transaction-history?from_date=2025-10-16&to_date=2026-01-15&limit=10000
[2026-01-14 14:57:03] INFO: TransactionHistoryService: API Response received (length: 20378)
[2026-01-14 14:57:03] INFO: TransactionHistoryService: Sample transaction from API (first 500 chars): {"id":32,"transaction_id":346,"transaction_number":"TXN-20260114-00346","transaction_date":"2026-01-14T10:50:40.000Z","transaction_type":"Picking","reference_doc_type":"Material Request","reference_doc":"MR-1401265","wms_transaction_title":null,"item_code":"SKU-SHOES-101-BLK-43","item_name":"Running Shoes Black 43","warehouse":"WH-MAIN","warehouse_name":"Main Warehouse","bin_location":"A1-R01-L3-B1","location_id":"A1-R01-L3-B1","carton_id":null,"batch_no":null,"serial_no":null,"qty_change":-5,"q
[2026-01-14 14:57:03] INFO: TransactionHistoryService: Deserialized first transaction - ID: 32, TransactionNumber: TXN-20260114-00346, TransactionDate: 1/14/2026 10:50:40 AM, ItemCode: SKU-SHOES-101-BLK-43, TransactionType: Picking
[2026-01-14 14:57:03] INFO: TransactionHistoryService: Parsed 27 transactions from API response
[2026-01-14 14:57:03] INFO: TransactionHistoryViewModel: Service returned 27 transactions
[2026-01-14 14:57:03] INFO: TransactionHistoryViewModel: Loaded 27 transactions
[2026-01-14 14:59:05] INFO: TransactionHistoryViewModel: Loading data with filters - FromDate: 2025-10-16, ToDate: 2026-01-15
[2026-01-14 14:59:05] INFO: TransactionHistoryService: Calling API: http://localhost:3000/api/transaction-history?from_date=2025-10-16&to_date=2026-01-15&limit=10000
[2026-01-14 14:59:07] INFO: TransactionHistoryService: API Response received (length: 20378)
[2026-01-14 14:59:07] INFO: TransactionHistoryService: Sample transaction from API (first 500 chars): {"id":32,"transaction_id":346,"transaction_number":"TXN-20260114-00346","transaction_date":"2026-01-14T10:50:40.000Z","transaction_type":"Picking","reference_doc_type":"Material Request","reference_doc":"MR-1401265","wms_transaction_title":null,"item_code":"SKU-SHOES-101-BLK-43","item_name":"Running Shoes Black 43","warehouse":"WH-MAIN","warehouse_name":"Main Warehouse","bin_location":"A1-R01-L3-B1","location_id":"A1-R01-L3-B1","carton_id":null,"batch_no":null,"serial_no":null,"qty_change":-5,"q
[2026-01-14 14:59:07] INFO: TransactionHistoryService: Deserialized first transaction - ID: 32, TransactionNumber: TXN-20260114-00346, TransactionDate: 1/14/2026 10:50:40 AM, ItemCode: SKU-SHOES-101-BLK-43, TransactionType: Picking
[2026-01-14 14:59:07] INFO: TransactionHistoryService: Parsed 27 transactions from API response
[2026-01-14 14:59:07] INFO: TransactionHistoryViewModel: Service returned 27 transactions
[2026-01-14 14:59:07] INFO: TransactionHistoryViewModel: Loaded 27 transactions
[2026-01-14 15:04:24] INFO: ItemLocationBreakdownViewModel: Refreshing location data for SKU-HAT-301-BLU-OS using API
[2026-01-14 15:04:24] INFO: ItemLocationBreakdownViewModel: Loading location data for SKU-HAT-301-BLU-OS, trying warehouses: WH-MAIN, Main Warehouse, WH-Main
[2026-01-14 15:04:24] INFO: ItemLocationStockService: Calling API: http://localhost:3000/api/stock/item/SKU-HAT-301-BLU-OS/warehouse/WH-MAIN?format=grouped
[2026-01-14 15:04:26] INFO: ItemLocationStockService: Received 3 location(s) from API
[2026-01-14 15:04:26] INFO: ItemLocationBreakdownViewModel: Found 3 location(s) in warehouse 'WH-MAIN' via API
[2026-01-14 15:04:26] INFO: ItemLocationBreakdownViewModel: Processing 3 location(s) from API for SKU-HAT-301-BLU-OS in warehouse 'WH-MAIN'
[2026-01-14 15:04:26] INFO: ItemLocationBreakdownViewModel: Processed 3 location detail(s) from API
[2026-01-14 15:04:26] INFO: ItemLocationBreakdownViewModel: Cleared locations collection, current count: 0
[2026-01-14 15:04:26] INFO: ItemLocationBreakdownViewModel: Added location A1-R01-L3-B1 (Zone: Zone A, Rack: Rack 01, Bin: B1, Carton: CTN-555444, Available Qty: 98)
[2026-01-14 15:04:26] INFO: ItemLocationBreakdownViewModel: Added location A1-R02-L1-B2 (Zone: Zone A, Rack: Rack 02, Bin: B2, Carton: CTN-9444537, Available Qty: 100)
[2026-01-14 15:04:26] INFO: ItemLocationBreakdownViewModel: Added location B3-R01-L1-B3 (Zone: Zone B, Rack: Rack 01, Bin: B3, Carton: CTN-555445, Available Qty: 150)
[2026-01-14 15:04:26] INFO: ItemLocationBreakdownViewModel: Final count - Added 3 locations, Total Available Qty: 348, Collection Count: 3
[2026-01-14 15:04:49] INFO: TransactionHistoryViewModel: Loading data with filters - FromDate: 2025-10-16, ToDate: 2026-01-15
[2026-01-14 15:04:49] INFO: TransactionHistoryService: Calling API: http://localhost:3000/api/transaction-history?from_date=2025-10-16&to_date=2026-01-15&limit=10000
[2026-01-14 15:04:51] INFO: TransactionHistoryService: API Response received (length: 21860)
[2026-01-14 15:04:51] INFO: TransactionHistoryService: Sample transaction from API (first 500 chars): {"id":34,"transaction_id":348,"transaction_number":"TXN-20260114-00348","transaction_date":"2026-01-14T12:04:17.000Z","transaction_type":"Picking","reference_doc_type":"Material Request","reference_doc":"MR-1401265","wms_transaction_title":null,"item_code":"SKU-SHOES-101-BLK-43","item_name":"Running Shoes Black 43","warehouse":"WH-MAIN","warehouse_name":"Main Warehouse","bin_location":"A1-R01-L3-B1","location_id":"A1-R01-L3-B1","carton_id":null,"batch_no":null,"serial_no":null,"qty_change":-5,"q
[2026-01-14 15:04:51] INFO: TransactionHistoryService: Deserialized first transaction - ID: 34, TransactionNumber: TXN-20260114-00348, TransactionDate: 1/14/2026 12:04:17 PM, ItemCode: SKU-SHOES-101-BLK-43, TransactionType: Picking
[2026-01-14 15:04:51] INFO: TransactionHistoryService: Parsed 29 transactions from API response
[2026-01-14 15:04:51] INFO: TransactionHistoryViewModel: Service returned 29 transactions
[2026-01-14 15:04:51] INFO: TransactionHistoryViewModel: Loaded 29 transactions
[2026-01-14 15:05:04] INFO: ItemLocationBreakdownViewModel: Refreshing location data for SKU-HAT-301-BLU-OS using API
[2026-01-14 15:05:04] INFO: ItemLocationBreakdownViewModel: Loading location data for SKU-HAT-301-BLU-OS, trying warehouses: WH-MAIN, Main Warehouse, WH-Main
[2026-01-14 15:05:04] INFO: ItemLocationStockService: Calling API: http://localhost:3000/api/stock/item/SKU-HAT-301-BLU-OS/warehouse/WH-MAIN?format=grouped
[2026-01-14 15:05:06] INFO: ItemLocationStockService: Received 3 location(s) from API
[2026-01-14 15:05:06] INFO: ItemLocationBreakdownViewModel: Found 3 location(s) in warehouse 'WH-MAIN' via API
[2026-01-14 15:05:06] INFO: ItemLocationBreakdownViewModel: Processing 3 location(s) from API for SKU-HAT-301-BLU-OS in warehouse 'WH-MAIN'
[2026-01-14 15:05:06] INFO: ItemLocationBreakdownViewModel: Processed 3 location detail(s) from API
[2026-01-14 15:05:06] INFO: ItemLocationBreakdownViewModel: Cleared locations collection, current count: 0
[2026-01-14 15:05:06] INFO: ItemLocationBreakdownViewModel: Added location A1-R01-L3-B1 (Zone: Zone A, Rack: Rack 01, Bin: B1, Carton: CTN-555444, Available Qty: 98)
[2026-01-14 15:05:06] INFO: ItemLocationBreakdownViewModel: Added location A1-R02-L1-B2 (Zone: Zone A, Rack: Rack 02, Bin: B2, Carton: CTN-9444537, Available Qty: 100)
[2026-01-14 15:05:06] INFO: ItemLocationBreakdownViewModel: Added location B3-R01-L1-B3 (Zone: Zone B, Rack: Rack 01, Bin: B3, Carton: CTN-555445, Available Qty: 150)
[2026-01-14 15:05:06] INFO: ItemLocationBreakdownViewModel: Final count - Added 3 locations, Total Available Qty: 348, Collection Count: 3
[2026-01-14 15:07:34] INFO: TransactionHistoryViewModel: Loading data with filters - FromDate: 2025-10-16, ToDate: 2026-01-15
[2026-01-14 15:07:34] INFO: TransactionHistoryService: Calling API: http://localhost:3000/api/transaction-history?from_date=2025-10-16&to_date=2026-01-15&limit=10000
[2026-01-14 15:07:36] INFO: TransactionHistoryService: API Response received (length: 21860)
[2026-01-14 15:07:36] INFO: TransactionHistoryService: Sample transaction from API (first 500 chars): {"id":34,"transaction_id":348,"transaction_number":"TXN-20260114-00348","transaction_date":"2026-01-14T12:04:17.000Z","transaction_type":"Picking","reference_doc_type":"Material Request","reference_doc":"MR-1401265","wms_transaction_title":null,"item_code":"SKU-SHOES-101-BLK-43","item_name":"Running Shoes Black 43","warehouse":"WH-MAIN","warehouse_name":"Main Warehouse","bin_location":"A1-R01-L3-B1","location_id":"A1-R01-L3-B1","carton_id":null,"batch_no":null,"serial_no":null,"qty_change":-5,"q
[2026-01-14 15:07:36] INFO: TransactionHistoryService: Deserialized first transaction - ID: 34, TransactionNumber: TXN-20260114-00348, TransactionDate: 1/14/2026 12:04:17 PM, ItemCode: SKU-SHOES-101-BLK-43, TransactionType: Picking
[2026-01-14 15:07:36] INFO: TransactionHistoryService: Parsed 29 transactions from API response
[2026-01-14 15:07:36] INFO: TransactionHistoryViewModel: Service returned 29 transactions
[2026-01-14 15:07:36] INFO: TransactionHistoryViewModel: Loaded 29 transactions
[2026-01-14 15:08:12] INFO: TransactionHistoryViewModel: Loading data with filters - FromDate: 2025-10-16, ToDate: 2026-01-15
[2026-01-14 15:08:12] INFO: TransactionHistoryService: Calling API: http://localhost:3000/api/transaction-history?item_code=SKU-HAT-301-BLU-OS&from_date=2025-10-16&to_date=2026-01-15&limit=10000
[2026-01-14 15:08:14] INFO: TransactionHistoryService: API Response received (length: 9016)
[2026-01-14 15:08:14] INFO: TransactionHistoryService: Sample transaction from API (first 500 chars): {"id":33,"transaction_id":347,"transaction_number":"TXN-20260114-00347","transaction_date":"2026-01-14T12:04:12.000Z","transaction_type":"Picking","reference_doc_type":"Material Request","reference_doc":"MR-1401265","wms_transaction_title":null,"item_code":"SKU-HAT-301-BLU-OS","item_name":"Baseball Cap Blue One Size","warehouse":"WH-MAIN","warehouse_name":"Main Warehouse","bin_location":"A1-R01-L3-B1","location_id":"A1-R01-L3-B1","carton_id":null,"batch_no":null,"serial_no":null,"qty_change":-2,
[2026-01-14 15:08:14] INFO: TransactionHistoryService: Deserialized first transaction - ID: 33, TransactionNumber: TXN-20260114-00347, TransactionDate: 1/14/2026 12:04:12 PM, ItemCode: SKU-HAT-301-BLU-OS, TransactionType: Picking
[2026-01-14 15:08:14] INFO: TransactionHistoryService: Parsed 12 transactions from API response
[2026-01-14 15:08:14] INFO: TransactionHistoryViewModel: Service returned 12 transactions
[2026-01-14 15:08:14] INFO: TransactionHistoryViewModel: Loaded 12 transactions
[2026-01-14 15:08:36] INFO: TransactionHistoryViewModel: Loading data with filters - FromDate: 2025-10-16, ToDate: 2026-01-15
[2026-01-14 15:08:36] INFO: TransactionHistoryService: Calling API: http://localhost:3000/api/transaction-history?item_code=SKU-HAT-301-BLU-OS&bin_location=A1-R01-L3-B1&from_date=2025-10-16&to_date=2026-01-15&limit=10000
[2026-01-14 15:08:38] INFO: TransactionHistoryService: API Response received (length: 5233)
[2026-01-14 15:08:38] INFO: TransactionHistoryService: Sample transaction from API (first 500 chars): {"id":33,"transaction_id":347,"transaction_number":"TXN-20260114-00347","transaction_date":"2026-01-14T12:04:12.000Z","transaction_type":"Picking","reference_doc_type":"Material Request","reference_doc":"MR-1401265","wms_transaction_title":null,"item_code":"SKU-HAT-301-BLU-OS","item_name":"Baseball Cap Blue One Size","warehouse":"WH-MAIN","warehouse_name":"Main Warehouse","bin_location":"A1-R01-L3-B1","location_id":"A1-R01-L3-B1","carton_id":null,"batch_no":null,"serial_no":null,"qty_change":-2,
[2026-01-14 15:08:38] INFO: TransactionHistoryService: Deserialized first transaction - ID: 33, TransactionNumber: TXN-20260114-00347, TransactionDate: 1/14/2026 12:04:12 PM, ItemCode: SKU-HAT-301-BLU-OS, TransactionType: Picking
[2026-01-14 15:08:38] INFO: TransactionHistoryService: Parsed 7 transactions from API response
[2026-01-14 15:08:38] INFO: TransactionHistoryViewModel: Service returned 7 transactions
[2026-01-14 15:08:38] INFO: TransactionHistoryViewModel: Loaded 7 transactions
[2026-01-14 15:09:41] INFO: ItemLocationBreakdownViewModel: Refreshing location data for SKU-HAT-301-BLU-OS using API
[2026-01-14 15:09:41] INFO: ItemLocationBreakdownViewModel: Loading location data for SKU-HAT-301-BLU-OS, trying warehouses: WH-MAIN, Main Warehouse, WH-Main
[2026-01-14 15:09:41] INFO: ItemLocationStockService: Calling API: http://localhost:3000/api/stock/item/SKU-HAT-301-BLU-OS/warehouse/WH-MAIN?format=grouped
[2026-01-14 15:09:43] INFO: ItemLocationStockService: Received 3 location(s) from API
[2026-01-14 15:09:43] INFO: ItemLocationBreakdownViewModel: Found 3 location(s) in warehouse 'WH-MAIN' via API
[2026-01-14 15:09:43] INFO: ItemLocationBreakdownViewModel: Processing 3 location(s) from API for SKU-HAT-301-BLU-OS in warehouse 'WH-MAIN'
[2026-01-14 15:09:43] INFO: ItemLocationBreakdownViewModel: Processed 3 location detail(s) from API
[2026-01-14 15:09:43] INFO: ItemLocationBreakdownViewModel: Cleared locations collection, current count: 0
[2026-01-14 15:09:43] INFO: ItemLocationBreakdownViewModel: Added location A1-R01-L3-B1 (Zone: Zone A, Rack: Rack 01, Bin: B1, Carton: CTN-555444, Available Qty: 98)
[2026-01-14 15:09:43] INFO: ItemLocationBreakdownViewModel: Added location A1-R02-L1-B2 (Zone: Zone A, Rack: Rack 02, Bin: B2, Carton: CTN-9444537, Available Qty: 100)
[2026-01-14 15:09:43] INFO: ItemLocationBreakdownViewModel: Added location B3-R01-L1-B3 (Zone: Zone B, Rack: Rack 01, Bin: B3, Carton: CTN-555445, Available Qty: 150)
[2026-01-14 15:09:43] INFO: ItemLocationBreakdownViewModel: Final count - Added 3 locations, Total Available Qty: 348, Collection Count: 3
[2026-01-14 15:13:22] INFO: ItemLocationBreakdownViewModel: Refreshing location data for SKU-HAT-301-BLU-OS using API
[2026-01-14 15:13:22] INFO: ItemLocationBreakdownViewModel: Loading location data for SKU-HAT-301-BLU-OS, trying warehouses: WH-MAIN, Main Warehouse, WH-Main
[2026-01-14 15:13:22] INFO: ItemLocationStockService: Calling API: http://localhost:3000/api/stock/item/SKU-HAT-301-BLU-OS/warehouse/WH-MAIN?format=grouped
[2026-01-14 15:13:24] INFO: ItemLocationStockService: Received 1 location(s) from API
[2026-01-14 15:13:24] INFO: ItemLocationBreakdownViewModel: Found 1 location(s) in warehouse 'WH-MAIN' via API
[2026-01-14 15:13:24] INFO: ItemLocationBreakdownViewModel: Processing 1 location(s) from API for SKU-HAT-301-BLU-OS in warehouse 'WH-MAIN'
[2026-01-14 15:13:24] INFO: ItemLocationBreakdownViewModel: Processed 1 location detail(s) from API
[2026-01-14 15:13:24] INFO: ItemLocationBreakdownViewModel: Cleared locations collection, current count: 0
[2026-01-14 15:13:24] INFO: ItemLocationBreakdownViewModel: Added location A1-R01-L3-B1 (Zone: Zone A, Rack: Rack 01, Bin: B1, Carton: CTN-555444, Available Qty: 100)
[2026-01-14 15:13:24] INFO: ItemLocationBreakdownViewModel: Final count - Added 1 locations, Total Available Qty: 100, Collection Count: 1
[2026-01-14 15:13:32] INFO: TransactionHistoryViewModel: Loading data with filters - FromDate: 2025-10-16, ToDate: 2026-01-15
[2026-01-14 15:13:32] INFO: TransactionHistoryService: Calling API: http://localhost:3000/api/transaction-history?from_date=2025-10-16&to_date=2026-01-15&limit=10000
[2026-01-14 15:13:34] INFO: TransactionHistoryService: API Response received (length: 789)
[2026-01-14 15:13:34] INFO: TransactionHistoryService: Sample transaction from API (first 500 chars): {"id":35,"transaction_id":349,"transaction_number":"TXN-20260114-00349","transaction_date":"2026-01-14T12:13:15.000Z","transaction_type":"CycleCount","reference_doc_type":"Cycle Count Task","reference_doc":"CC-A1-R01-L3-B1-MKDZEELB","wms_transaction_title":null,"item_code":"SKU-HAT-301-BLU-OS","item_name":"Baseball Cap Blue One Size","warehouse":"WH-MAIN","warehouse_name":"Main Warehouse","bin_location":"A1-R01-L3-B1","location_id":"A1-R01-L3-B1","carton_id":null,"batch_no":null,"serial_no":null
[2026-01-14 15:13:34] INFO: TransactionHistoryService: Deserialized first transaction - ID: 35, TransactionNumber: TXN-20260114-00349, TransactionDate: 1/14/2026 12:13:15 PM, ItemCode: SKU-HAT-301-BLU-OS, TransactionType: CycleCount
[2026-01-14 15:13:34] INFO: TransactionHistoryService: Parsed 1 transactions from API response
[2026-01-14 15:13:34] INFO: TransactionHistoryViewModel: Service returned 1 transactions
[2026-01-14 15:13:34] INFO: TransactionHistoryViewModel: Loaded 1 transactions
[2026-01-14 15:16:59] INFO: ItemLocationBreakdownViewModel: Refreshing location data for SKU-HAT-301-BLU-OS using API
[2026-01-14 15:16:59] INFO: ItemLocationBreakdownViewModel: Loading location data for SKU-HAT-301-BLU-OS, trying warehouses: WH-MAIN, Main Warehouse, WH-Main
[2026-01-14 15:16:59] INFO: ItemLocationStockService: Calling API: http://localhost:3000/api/stock/item/SKU-HAT-301-BLU-OS/warehouse/WH-MAIN?format=grouped
[2026-01-14 15:17:01] INFO: ItemLocationStockService: Received 1 location(s) from API
[2026-01-14 15:17:01] INFO: ItemLocationBreakdownViewModel: Found 1 location(s) in warehouse 'WH-MAIN' via API
[2026-01-14 15:17:01] INFO: ItemLocationBreakdownViewModel: Processing 1 location(s) from API for SKU-HAT-301-BLU-OS in warehouse 'WH-MAIN'
[2026-01-14 15:17:01] INFO: ItemLocationBreakdownViewModel: Processed 1 location detail(s) from API
[2026-01-14 15:17:01] INFO: ItemLocationBreakdownViewModel: Cleared locations collection, current count: 0
[2026-01-14 15:17:01] INFO: ItemLocationBreakdownViewModel: Added location A1-R01-L3-B1 (Zone: Zone A, Rack: Rack 01, Bin: B1, Carton: CTN-555444, Available Qty: 98)
[2026-01-14 15:17:01] INFO: ItemLocationBreakdownViewModel: Final count - Added 1 locations, Total Available Qty: 98, Collection Count: 1
[2026-01-14 15:17:07] INFO: TransactionHistoryViewModel: Loading data with filters - FromDate: 2025-10-16, ToDate: 2026-01-15
[2026-01-14 15:17:07] INFO: TransactionHistoryService: Calling API: http://localhost:3000/api/transaction-history?from_date=2025-10-16&to_date=2026-01-15&limit=10000
[2026-01-14 15:17:09] INFO: TransactionHistoryService: API Response received (length: 3799)
[2026-01-14 15:17:09] INFO: TransactionHistoryService: Sample transaction from API (first 500 chars): {"id":39,"transaction_id":353,"transaction_number":"TXN-20260114-00353","transaction_date":"2026-01-14T12:16:51.000Z","transaction_type":"Picking","reference_doc_type":"Material Request","reference_doc":"MR-1401265","wms_transaction_title":null,"item_code":"SKU-SHOES-101-BLK-43","item_name":"Running Shoes Black 43","warehouse":"WH-MAIN","warehouse_name":"Main Warehouse","bin_location":"A1-R01-L3-B1","location_id":"A1-R01-L3-B1","carton_id":null,"batch_no":null,"serial_no":null,"qty_change":-5,"q
[2026-01-14 15:17:09] INFO: TransactionHistoryService: Deserialized first transaction - ID: 39, TransactionNumber: TXN-20260114-00353, TransactionDate: 1/14/2026 12:16:51 PM, ItemCode: SKU-SHOES-101-BLK-43, TransactionType: Picking
[2026-01-14 15:17:09] INFO: TransactionHistoryService: Parsed 5 transactions from API response
[2026-01-14 15:17:09] INFO: TransactionHistoryViewModel: Service returned 5 transactions
[2026-01-14 15:17:09] INFO: TransactionHistoryViewModel: Loaded 5 transactions
[2026-01-14 15:18:11] INFO: TransactionHistoryViewModel: Loading data with filters - FromDate: 2025-10-16, ToDate: 2026-01-15
[2026-01-14 15:18:11] INFO: TransactionHistoryService: Calling API: http://localhost:3000/api/transaction-history?from_date=2025-10-16&to_date=2026-01-15&limit=10000
[2026-01-14 15:18:13] INFO: TransactionHistoryService: API Response received (length: 3799)
[2026-01-14 15:18:13] INFO: TransactionHistoryService: Sample transaction from API (first 500 chars): {"id":39,"transaction_id":353,"transaction_number":"TXN-20260114-00353","transaction_date":"2026-01-14T12:16:51.000Z","transaction_type":"Picking","reference_doc_type":"Material Request","reference_doc":"MR-1401265","wms_transaction_title":null,"item_code":"SKU-SHOES-101-BLK-43","item_name":"Running Shoes Black 43","warehouse":"WH-MAIN","warehouse_name":"Main Warehouse","bin_location":"A1-R01-L3-B1","location_id":"A1-R01-L3-B1","carton_id":null,"batch_no":null,"serial_no":null,"qty_change":-5,"q
[2026-01-14 15:18:13] INFO: TransactionHistoryService: Deserialized first transaction - ID: 39, TransactionNumber: TXN-20260114-00353, TransactionDate: 1/14/2026 12:16:51 PM, ItemCode: SKU-SHOES-101-BLK-43, TransactionType: Picking
[2026-01-14 15:18:13] INFO: TransactionHistoryService: Parsed 5 transactions from API response
[2026-01-14 15:18:13] INFO: TransactionHistoryViewModel: Service returned 5 transactions
[2026-01-14 15:18:13] INFO: TransactionHistoryViewModel: Loaded 5 transactions
[2026-01-14 15:18:28] INFO: ItemLocationBreakdownViewModel: Refreshing location data for SKU-HAT-301-BLU-OS using API
[2026-01-14 15:18:28] INFO: ItemLocationBreakdownViewModel: Loading location data for SKU-HAT-301-BLU-OS, trying warehouses: WH-MAIN, Main Warehouse, WH-Main
[2026-01-14 15:18:28] INFO: ItemLocationStockService: Calling API: http://localhost:3000/api/stock/item/SKU-HAT-301-BLU-OS/warehouse/WH-MAIN?format=grouped
[2026-01-14 15:18:30] INFO: ItemLocationStockService: Received 1 location(s) from API
[2026-01-14 15:18:30] INFO: ItemLocationBreakdownViewModel: Found 1 location(s) in warehouse 'WH-MAIN' via API
[2026-01-14 15:18:30] INFO: ItemLocationBreakdownViewModel: Processing 1 location(s) from API for SKU-HAT-301-BLU-OS in warehouse 'WH-MAIN'
[2026-01-14 15:18:30] INFO: ItemLocationBreakdownViewModel: Processed 1 location detail(s) from API
[2026-01-14 15:18:30] INFO: ItemLocationBreakdownViewModel: Cleared locations collection, current count: 0
[2026-01-14 15:18:30] INFO: ItemLocationBreakdownViewModel: Added location A1-R01-L3-B1 (Zone: Zone A, Rack: Rack 01, Bin: B1, Carton: CTN-555444, Available Qty: 98)
[2026-01-14 15:18:30] INFO: ItemLocationBreakdownViewModel: Final count - Added 1 locations, Total Available Qty: 98, Collection Count: 1
[2026-01-14 15:24:19] INFO: TransactionHistoryViewModel: Loading data with filters - FromDate: 2025-10-16, ToDate: 2026-01-15
[2026-01-14 15:24:19] INFO: TransactionHistoryService: Calling API: http://localhost:3000/api/transaction-history?from_date=2025-10-16&to_date=2026-01-15&limit=10000
[2026-01-14 15:24:21] INFO: TransactionHistoryService: API Response received (length: 3839)
[2026-01-14 15:24:21] INFO: TransactionHistoryService: Sample transaction from API (first 500 chars): {"id":39,"transaction_id":353,"transaction_number":"TXN-20260114-00353","transaction_date":"2026-01-14T12:21:39.000Z","transaction_type":"Picking","reference_doc_type":"Material Request","reference_doc":"MR-1401265","wms_transaction_title":null,"item_code":"SKU-SHOES-101-BLK-43","item_name":"Running Shoes Black 43","warehouse":"WH-MAIN","warehouse_name":"Main Warehouse","bin_location":"A1-R01-L3-B1","location_id":"A1-R01-L3-B1","carton_id":"CTN-555444","batch_no":null,"serial_no":null,"qty_chang
[2026-01-14 15:24:21] INFO: TransactionHistoryService: Deserialized first transaction - ID: 39, TransactionNumber: TXN-20260114-00353, TransactionDate: 1/14/2026 12:21:39 PM, ItemCode: SKU-SHOES-101-BLK-43, TransactionType: Picking
[2026-01-14 15:24:21] INFO: TransactionHistoryService: Parsed 5 transactions from API response
[2026-01-14 15:24:21] INFO: TransactionHistoryViewModel: Service returned 5 transactions
[2026-01-14 15:24:21] INFO: TransactionHistoryViewModel: Loaded 5 transactions
[2026-01-14 15:24:21] INFO: TransactionHistoryViewModel: Loading data with filters - FromDate: 2025-10-16, ToDate: 2026-01-15
[2026-01-14 15:24:21] INFO: TransactionHistoryService: Calling API: http://localhost:3000/api/transaction-history?from_date=2025-10-16&to_date=2026-01-15&limit=10000
[2026-01-14 15:24:23] INFO: TransactionHistoryService: API Response received (length: 3839)
[2026-01-14 15:24:23] INFO: TransactionHistoryService: Sample transaction from API (first 500 chars): {"id":39,"transaction_id":353,"transaction_number":"TXN-20260114-00353","transaction_date":"2026-01-14T12:21:39.000Z","transaction_type":"Picking","reference_doc_type":"Material Request","reference_doc":"MR-1401265","wms_transaction_title":null,"item_code":"SKU-SHOES-101-BLK-43","item_name":"Running Shoes Black 43","warehouse":"WH-MAIN","warehouse_name":"Main Warehouse","bin_location":"A1-R01-L3-B1","location_id":"A1-R01-L3-B1","carton_id":"CTN-555444","batch_no":null,"serial_no":null,"qty_chang
[2026-01-14 15:24:23] INFO: TransactionHistoryService: Deserialized first transaction - ID: 39, TransactionNumber: TXN-20260114-00353, TransactionDate: 1/14/2026 12:21:39 PM, ItemCode: SKU-SHOES-101-BLK-43, TransactionType: Picking
[2026-01-14 15:24:23] INFO: TransactionHistoryService: Parsed 5 transactions from API response
[2026-01-14 15:24:23] INFO: TransactionHistoryViewModel: Service returned 5 transactions
[2026-01-14 15:24:23] INFO: TransactionHistoryViewModel: Loaded 5 transactions
[2026-01-14 15:24:29] INFO: TransactionHistoryViewModel: Loading data with filters - FromDate: 2025-10-16, ToDate: 2026-01-15
[2026-01-14 15:24:29] INFO: TransactionHistoryService: Calling API: http://localhost:3000/api/transaction-history?from_date=2025-10-16&to_date=2026-01-15&limit=10000
[2026-01-14 15:24:30] INFO: TransactionHistoryViewModel: Loading data with filters - FromDate: 2025-10-16, ToDate: 2026-01-15
[2026-01-14 15:24:30] INFO: TransactionHistoryService: Calling API: http://localhost:3000/api/transaction-history?from_date=2025-10-16&to_date=2026-01-15&limit=10000
[2026-01-14 15:24:31] INFO: TransactionHistoryService: API Response received (length: 3839)
[2026-01-14 15:24:31] INFO: TransactionHistoryService: Sample transaction from API (first 500 chars): {"id":39,"transaction_id":353,"transaction_number":"TXN-20260114-00353","transaction_date":"2026-01-14T12:21:39.000Z","transaction_type":"Picking","reference_doc_type":"Material Request","reference_doc":"MR-1401265","wms_transaction_title":null,"item_code":"SKU-SHOES-101-BLK-43","item_name":"Running Shoes Black 43","warehouse":"WH-MAIN","warehouse_name":"Main Warehouse","bin_location":"A1-R01-L3-B1","location_id":"A1-R01-L3-B1","carton_id":"CTN-555444","batch_no":null,"serial_no":null,"qty_chang
[2026-01-14 15:24:31] INFO: TransactionHistoryService: Deserialized first transaction - ID: 39, TransactionNumber: TXN-20260114-00353, TransactionDate: 1/14/2026 12:21:39 PM, ItemCode: SKU-SHOES-101-BLK-43, TransactionType: Picking
[2026-01-14 15:24:31] INFO: TransactionHistoryService: Parsed 5 transactions from API response
[2026-01-14 15:24:31] INFO: TransactionHistoryViewModel: Service returned 5 transactions
[2026-01-14 15:24:31] INFO: TransactionHistoryViewModel: Loaded 5 transactions
[2026-01-14 15:24:32] INFO: TransactionHistoryService: API Response received (length: 3839)
[2026-01-14 15:24:32] INFO: TransactionHistoryService: Sample transaction from API (first 500 chars): {"id":39,"transaction_id":353,"transaction_number":"TXN-20260114-00353","transaction_date":"2026-01-14T12:21:39.000Z","transaction_type":"Picking","reference_doc_type":"Material Request","reference_doc":"MR-1401265","wms_transaction_title":null,"item_code":"SKU-SHOES-101-BLK-43","item_name":"Running Shoes Black 43","warehouse":"WH-MAIN","warehouse_name":"Main Warehouse","bin_location":"A1-R01-L3-B1","location_id":"A1-R01-L3-B1","carton_id":"CTN-555444","batch_no":null,"serial_no":null,"qty_chang
[2026-01-14 15:24:32] INFO: TransactionHistoryService: Deserialized first transaction - ID: 39, TransactionNumber: TXN-20260114-00353, TransactionDate: 1/14/2026 12:21:39 PM, ItemCode: SKU-SHOES-101-BLK-43, TransactionType: Picking
[2026-01-14 15:24:32] INFO: TransactionHistoryService: Parsed 5 transactions from API response
[2026-01-14 15:24:32] INFO: TransactionHistoryViewModel: Service returned 5 transactions
[2026-01-14 15:24:32] INFO: TransactionHistoryViewModel: Loaded 5 transactions
[2026-01-14 15:25:53] INFO: ItemLocationBreakdownViewModel: Refreshing location data for SKU-HAT-301-BLU-OS using API
[2026-01-14 15:25:53] INFO: ItemLocationBreakdownViewModel: Loading location data for SKU-HAT-301-BLU-OS, trying warehouses: WH-MAIN, Main Warehouse, WH-Main
[2026-01-14 15:25:53] INFO: ItemLocationStockService: Calling API: http://localhost:3000/api/stock/item/SKU-HAT-301-BLU-OS/warehouse/WH-MAIN?format=grouped
[2026-01-14 15:25:55] INFO: ItemLocationStockService: Received 1 location(s) from API
[2026-01-14 15:25:55] INFO: ItemLocationBreakdownViewModel: Found 1 location(s) in warehouse 'WH-MAIN' via API
[2026-01-14 15:25:55] INFO: ItemLocationBreakdownViewModel: Processing 1 location(s) from API for SKU-HAT-301-BLU-OS in warehouse 'WH-MAIN'
[2026-01-14 15:25:55] INFO: ItemLocationBreakdownViewModel: Processed 1 location detail(s) from API
[2026-01-14 15:25:55] INFO: ItemLocationBreakdownViewModel: Cleared locations collection, current count: 0
[2026-01-14 15:25:55] INFO: ItemLocationBreakdownViewModel: Added location A1-R01-L3-B1 (Zone: Zone A, Rack: Rack 01, Bin: B1, Carton: CTN-555444, Available Qty: 98)
[2026-01-14 15:25:55] INFO: ItemLocationBreakdownViewModel: Final count - Added 1 locations, Total Available Qty: 98, Collection Count: 1
[2026-01-14 15:32:11] INFO: ItemLocationBreakdownViewModel: Refreshing location data for SKU-HAT-301-BLU-OS using API
[2026-01-14 15:32:11] INFO: ItemLocationBreakdownViewModel: Loading location data for SKU-HAT-301-BLU-OS, trying warehouses: WH-MAIN, Main Warehouse, WH-Main
[2026-01-14 15:32:11] INFO: ItemLocationStockService: Calling API: http://localhost:3000/api/stock/item/SKU-HAT-301-BLU-OS/warehouse/WH-MAIN?format=grouped
[2026-01-14 15:32:14] INFO: ItemLocationStockService: Received 1 location(s) from API
[2026-01-14 15:32:14] INFO: ItemLocationBreakdownViewModel: Found 1 location(s) in warehouse 'WH-MAIN' via API
[2026-01-14 15:32:14] INFO: ItemLocationBreakdownViewModel: Processing 1 location(s) from API for SKU-HAT-301-BLU-OS in warehouse 'WH-MAIN'
[2026-01-14 15:32:14] INFO: ItemLocationBreakdownViewModel: Processed 1 location detail(s) from API
[2026-01-14 15:32:14] INFO: ItemLocationBreakdownViewModel: Cleared locations collection, current count: 0
[2026-01-14 15:32:14] INFO: ItemLocationBreakdownViewModel: Added location A1-R01-L3-B1 (Zone: Zone A, Rack: Rack 01, Bin: B1, Carton: CTN-555444, Available Qty: 98)
[2026-01-14 15:32:14] INFO: ItemLocationBreakdownViewModel: Final count - Added 1 locations, Total Available Qty: 98, Collection Count: 1
[2026-01-14 15:32:22] INFO: ItemLocationBreakdownViewModel: Refreshing location data for SKU-HAT-301-BLU-OS using API
[2026-01-14 15:32:22] INFO: ItemLocationBreakdownViewModel: Loading location data for SKU-HAT-301-BLU-OS, trying warehouses: WH-MAIN, Main Warehouse, WH-Main
[2026-01-14 15:32:22] INFO: ItemLocationStockService: Calling API: http://localhost:3000/api/stock/item/SKU-HAT-301-BLU-OS/warehouse/WH-MAIN?format=grouped
[2026-01-14 15:32:24] INFO: ItemLocationStockService: Received 1 location(s) from API
[2026-01-14 15:32:24] INFO: ItemLocationBreakdownViewModel: Found 1 location(s) in warehouse 'WH-MAIN' via API
[2026-01-14 15:32:24] INFO: ItemLocationBreakdownViewModel: Processing 1 location(s) from API for SKU-HAT-301-BLU-OS in warehouse 'WH-MAIN'
[2026-01-14 15:32:24] INFO: ItemLocationBreakdownViewModel: Processed 1 location detail(s) from API
[2026-01-14 15:32:24] INFO: ItemLocationBreakdownViewModel: Cleared locations collection, current count: 0
[2026-01-14 15:32:24] INFO: ItemLocationBreakdownViewModel: Added location A1-R01-L3-B1 (Zone: Zone A, Rack: Rack 01, Bin: B1, Carton: CTN-555444, Available Qty: 98)
[2026-01-14 15:32:24] INFO: ItemLocationBreakdownViewModel: Final count - Added 1 locations, Total Available Qty: 98, Collection Count: 1
[2026-01-14 15:32:26] INFO: ItemLocationBreakdownViewModel: Refreshing location data for SKU-HAT-301-BLU-OS using API
[2026-01-14 15:32:26] INFO: ItemLocationBreakdownViewModel: Loading location data for SKU-HAT-301-BLU-OS, trying warehouses: WH-MAIN, Main Warehouse, WH-Main
[2026-01-14 15:32:26] INFO: ItemLocationStockService: Calling API: http://localhost:3000/api/stock/item/SKU-HAT-301-BLU-OS/warehouse/WH-MAIN?format=grouped
[2026-01-14 15:32:28] INFO: ItemLocationStockService: Received 1 location(s) from API
[2026-01-14 15:32:28] INFO: ItemLocationBreakdownViewModel: Found 1 location(s) in warehouse 'WH-MAIN' via API
[2026-01-14 15:32:28] INFO: ItemLocationBreakdownViewModel: Processing 1 location(s) from API for SKU-HAT-301-BLU-OS in warehouse 'WH-MAIN'
[2026-01-14 15:32:28] INFO: ItemLocationBreakdownViewModel: Processed 1 location detail(s) from API
[2026-01-14 15:32:28] INFO: ItemLocationBreakdownViewModel: Cleared locations collection, current count: 0
[2026-01-14 15:32:28] INFO: ItemLocationBreakdownViewModel: Added location A1-R01-L3-B1 (Zone: Zone A, Rack: Rack 01, Bin: B1, Carton: CTN-555444, Available Qty: 98)
[2026-01-14 15:32:28] INFO: ItemLocationBreakdownViewModel: Final count - Added 1 locations, Total Available Qty: 98, Collection Count: 1
[2026-01-14 15:32:38] INFO: TransactionHistoryViewModel: Loading data with filters - FromDate: 2025-10-16, ToDate: 2026-01-15
[2026-01-14 15:32:38] INFO: TransactionHistoryService: Calling API: http://localhost:3000/api/transaction-history?from_date=2025-10-16&to_date=2026-01-15&limit=1000
[2026-01-14 15:32:40] INFO: TransactionHistoryService: API Response received (length: 3839)
[2026-01-14 15:32:40] INFO: TransactionHistoryService: Sample transaction from API (first 500 chars): {"id":39,"transaction_id":353,"transaction_number":"TXN-20260114-00353","transaction_date":"2026-01-14T12:21:39.000Z","transaction_type":"Picking","reference_doc_type":"Material Request","reference_doc":"MR-1401265","wms_transaction_title":null,"item_code":"SKU-SHOES-101-BLK-43","item_name":"Running Shoes Black 43","warehouse":"WH-MAIN","warehouse_name":"Main Warehouse","bin_location":"A1-R01-L3-B1","location_id":"A1-R01-L3-B1","carton_id":"CTN-555444","batch_no":null,"serial_no":null,"qty_chang
[2026-01-14 15:32:40] INFO: TransactionHistoryService: Deserialized first transaction - ID: 39, TransactionNumber: TXN-20260114-00353, TransactionDate: 1/14/2026 12:21:39 PM, ItemCode: SKU-SHOES-101-BLK-43, TransactionType: Picking
[2026-01-14 15:32:40] INFO: TransactionHistoryService: Parsed 5 transactions from API response
[2026-01-14 15:32:40] INFO: TransactionHistoryViewModel: Service returned 5 transactions
[2026-01-14 15:32:40] INFO: TransactionHistoryViewModel: Loaded 5 transactions
[2026-01-14 15:46:19] INFO: TransactionHistoryViewModel: Loading data with filters - FromDate: 2025-10-16, ToDate: 2026-01-15
[2026-01-14 15:46:19] INFO: TransactionHistoryService: Calling API: http://localhost:3000/api/transaction-history?from_date=2025-10-16&to_date=2026-01-15&limit=1000
[2026-01-14 15:46:21] INFO: TransactionHistoryService: API Response received (length: 3839)
[2026-01-14 15:46:21] INFO: TransactionHistoryService: Sample transaction from API (first 500 chars): {"id":39,"transaction_id":353,"transaction_number":"TXN-20260114-00353","transaction_date":"2026-01-14T12:21:39.000Z","transaction_type":"Picking","reference_doc_type":"Material Request","reference_doc":"MR-1401265","wms_transaction_title":null,"item_code":"SKU-SHOES-101-BLK-43","item_name":"Running Shoes Black 43","warehouse":"WH-MAIN","warehouse_name":"Main Warehouse","bin_location":"A1-R01-L3-B1","location_id":"A1-R01-L3-B1","carton_id":"CTN-555444","batch_no":null,"serial_no":null,"qty_chang
[2026-01-14 15:46:21] INFO: TransactionHistoryService: Deserialized first transaction - ID: 39, TransactionNumber: TXN-20260114-00353, TransactionDate: 1/14/2026 12:21:39 PM, ItemCode: SKU-SHOES-101-BLK-43, TransactionType: Picking
[2026-01-14 15:46:21] INFO: TransactionHistoryService: Parsed 5 transactions from API response
[2026-01-14 15:46:21] INFO: TransactionHistoryViewModel: Service returned 5 transactions
[2026-01-14 15:46:21] INFO: TransactionHistoryViewModel: Loaded 5 transactions
[2026-01-14 16:14:33] INFO: ItemLocationBreakdownViewModel: Refreshing location data for SKU-HAT-301-RED-OS using API
[2026-01-14 16:14:33] INFO: ItemLocationBreakdownViewModel: Loading location data for SKU-HAT-301-RED-OS, trying warehouses: WH-MAIN, Main Warehouse, WH-Main
[2026-01-14 16:14:33] INFO: ItemLocationStockService: Calling API: http://localhost:3000/api/stock/item/SKU-HAT-301-RED-OS/warehouse/WH-MAIN?format=grouped
[2026-01-14 16:14:35] INFO: ItemLocationStockService: Received 1 location(s) from API
[2026-01-14 16:14:35] INFO: ItemLocationBreakdownViewModel: Found 1 location(s) in warehouse 'WH-MAIN' via API
[2026-01-14 16:14:35] INFO: ItemLocationBreakdownViewModel: Processing 1 location(s) from API for SKU-HAT-301-RED-OS in warehouse 'WH-MAIN'
[2026-01-14 16:14:35] INFO: ItemLocationBreakdownViewModel: Processed 1 location detail(s) from API
[2026-01-14 16:14:35] INFO: ItemLocationBreakdownViewModel: Cleared locations collection, current count: 0
[2026-01-14 16:14:35] INFO: ItemLocationBreakdownViewModel: Added location A1-R02-L1-B2 (Zone: Zone A, Rack: Rack 02, Bin: B2, Carton: NULL, Available Qty: 2)
[2026-01-14 16:14:35] INFO: ItemLocationBreakdownViewModel: Final count - Added 1 locations, Total Available Qty: 2, Collection Count: 1
[2026-01-14 16:15:10] INFO: TransactionHistoryViewModel: Loading data with filters - FromDate: 2025-10-16, ToDate: 2026-01-15
[2026-01-14 16:15:10] INFO: TransactionHistoryService: Calling API: http://localhost:3000/api/transaction-history?from_date=2025-10-16&to_date=2026-01-15&limit=1000
[2026-01-14 16:15:13] INFO: TransactionHistoryService: API Response received (length: 4579)
[2026-01-14 16:15:13] INFO: TransactionHistoryService: Sample transaction from API (first 500 chars): {"id":40,"transaction_id":354,"transaction_number":"TXN-20260114-00354","transaction_date":"2026-01-14T13:14:14.000Z","transaction_type":"Putaway","reference_doc_type":"Putaway Task","reference_doc":"PUT-20260114-0001","wms_transaction_title":null,"item_code":"SKU-HAT-301-RED-OS","item_name":"Baseball Cap Red One Size","warehouse":"WH-MAIN","warehouse_name":"Main Warehouse","bin_location":"A1-R02-L1-B2","location_id":"A1-R02-L1-B2","carton_id":null,"batch_no":null,"serial_no":null,"qty_change":2
[2026-01-14 16:15:13] INFO: TransactionHistoryService: Deserialized first transaction - ID: 40, TransactionNumber: TXN-20260114-00354, TransactionDate: 1/14/2026 1:14:14 PM, ItemCode: SKU-HAT-301-RED-OS, TransactionType: Putaway
[2026-01-14 16:15:13] INFO: TransactionHistoryService: Parsed 6 transactions from API response
[2026-01-14 16:15:13] INFO: TransactionHistoryViewModel: Service returned 6 transactions
[2026-01-14 16:15:13] INFO: TransactionHistoryViewModel: Loaded 6 transactions
[2026-01-14 16:15:17] INFO: TransactionHistoryViewModel: Loading data with filters - FromDate: 2025-10-16, ToDate: 2026-01-15
[2026-01-14 16:15:17] INFO: TransactionHistoryService: Calling API: http://localhost:3000/api/transaction-history?from_date=2025-10-16&to_date=2026-01-15&limit=1000
[2026-01-14 16:15:19] INFO: TransactionHistoryService: API Response received (length: 4579)
[2026-01-14 16:15:19] INFO: TransactionHistoryService: Sample transaction from API (first 500 chars): {"id":40,"transaction_id":354,"transaction_number":"TXN-20260114-00354","transaction_date":"2026-01-14T13:14:14.000Z","transaction_type":"Putaway","reference_doc_type":"Putaway Task","reference_doc":"PUT-20260114-0001","wms_transaction_title":null,"item_code":"SKU-HAT-301-RED-OS","item_name":"Baseball Cap Red One Size","warehouse":"WH-MAIN","warehouse_name":"Main Warehouse","bin_location":"A1-R02-L1-B2","location_id":"A1-R02-L1-B2","carton_id":null,"batch_no":null,"serial_no":null,"qty_change":2
[2026-01-14 16:15:19] INFO: TransactionHistoryService: Deserialized first transaction - ID: 40, TransactionNumber: TXN-20260114-00354, TransactionDate: 1/14/2026 1:14:14 PM, ItemCode: SKU-HAT-301-RED-OS, TransactionType: Putaway
[2026-01-14 16:15:19] INFO: TransactionHistoryService: Parsed 6 transactions from API response
[2026-01-14 16:15:19] INFO: TransactionHistoryViewModel: Service returned 6 transactions
[2026-01-14 16:15:19] INFO: TransactionHistoryViewModel: Loaded 6 transactions
[2026-01-14 16:15:37] INFO: ItemLocationBreakdownViewModel: Refreshing location data for SKU-HAT-301-RED-OS using API
[2026-01-14 16:15:37] INFO: ItemLocationBreakdownViewModel: Loading location data for SKU-HAT-301-RED-OS, trying warehouses: WH-MAIN, Main Warehouse, WH-Main
[2026-01-14 16:15:37] INFO: ItemLocationStockService: Calling API: http://localhost:3000/api/stock/item/SKU-HAT-301-RED-OS/warehouse/WH-MAIN?format=grouped
[2026-01-14 16:15:39] INFO: ItemLocationStockService: Received 1 location(s) from API
[2026-01-14 16:15:39] INFO: ItemLocationBreakdownViewModel: Found 1 location(s) in warehouse 'WH-MAIN' via API
[2026-01-14 16:15:39] INFO: ItemLocationBreakdownViewModel: Processing 1 location(s) from API for SKU-HAT-301-RED-OS in warehouse 'WH-MAIN'
[2026-01-14 16:15:39] INFO: ItemLocationBreakdownViewModel: Processed 1 location detail(s) from API
[2026-01-14 16:15:39] INFO: ItemLocationBreakdownViewModel: Cleared locations collection, current count: 0
[2026-01-14 16:15:39] INFO: ItemLocationBreakdownViewModel: Added location A1-R02-L1-B2 (Zone: Zone A, Rack: Rack 02, Bin: B2, Carton: NULL, Available Qty: 2)
[2026-01-14 16:15:39] INFO: ItemLocationBreakdownViewModel: Final count - Added 1 locations, Total Available Qty: 2, Collection Count: 1
[2026-01-14 16:26:17] INFO: ItemLocationBreakdownViewModel: Refreshing location data for SKU-JACKET-201-BLK-L using API
[2026-01-14 16:26:17] INFO: ItemLocationBreakdownViewModel: Loading location data for SKU-JACKET-201-BLK-L, trying warehouses: WH-MAIN, Main Warehouse, WH-Main
[2026-01-14 16:26:17] INFO: ItemLocationStockService: Calling API: http://localhost:3000/api/stock/item/SKU-JACKET-201-BLK-L/warehouse/WH-MAIN?format=grouped
[2026-01-14 16:26:19] INFO: ItemLocationStockService: Received 1 location(s) from API
[2026-01-14 16:26:19] INFO: ItemLocationBreakdownViewModel: Found 1 location(s) in warehouse 'WH-MAIN' via API
[2026-01-14 16:26:19] INFO: ItemLocationBreakdownViewModel: Processing 1 location(s) from API for SKU-JACKET-201-BLK-L in warehouse 'WH-MAIN'
[2026-01-14 16:26:19] INFO: ItemLocationBreakdownViewModel: Processed 1 location detail(s) from API
[2026-01-14 16:26:19] INFO: ItemLocationBreakdownViewModel: Cleared locations collection, current count: 0
[2026-01-14 16:26:19] INFO: ItemLocationBreakdownViewModel: Added location A1-R02-L1-B2 (Zone: Zone A, Rack: Rack 02, Bin: B2, Carton: NULL, Available Qty: 2)
[2026-01-14 16:26:19] INFO: ItemLocationBreakdownViewModel: Final count - Added 1 locations, Total Available Qty: 2, Collection Count: 1
[2026-01-14 16:31:38] INFO: ItemLocationBreakdownViewModel: Refreshing location data for SKU-HAT-301-RED-OS using API
[2026-01-14 16:31:38] INFO: ItemLocationBreakdownViewModel: Loading location data for SKU-HAT-301-RED-OS, trying warehouses: WH-MAIN, Main Warehouse, WH-Main
[2026-01-14 16:31:38] INFO: ItemLocationStockService: Calling API: http://localhost:3000/api/stock/item/SKU-HAT-301-RED-OS/warehouse/WH-MAIN?format=grouped
[2026-01-14 16:31:40] INFO: ItemLocationStockService: Received 1 location(s) from API
[2026-01-14 16:31:40] INFO: ItemLocationBreakdownViewModel: Found 1 location(s) in warehouse 'WH-MAIN' via API
[2026-01-14 16:31:40] INFO: ItemLocationBreakdownViewModel: Processing 1 location(s) from API for SKU-HAT-301-RED-OS in warehouse 'WH-MAIN'
[2026-01-14 16:31:40] INFO: ItemLocationBreakdownViewModel: Processed 1 location detail(s) from API
[2026-01-14 16:31:40] INFO: ItemLocationBreakdownViewModel: Cleared locations collection, current count: 0
[2026-01-14 16:31:40] INFO: ItemLocationBreakdownViewModel: Added location A1-R02-L1-B2 (Zone: Zone A, Rack: Rack 02, Bin: B2, Carton: NULL, Available Qty: 2)
[2026-01-14 16:31:40] INFO: ItemLocationBreakdownViewModel: Final count - Added 1 locations, Total Available Qty: 2, Collection Count: 1
[2026-01-14 16:31:43] INFO: ItemLocationBreakdownViewModel: Refreshing location data for SKU-JACKET-201-BLK-L using API
[2026-01-14 16:31:43] INFO: ItemLocationBreakdownViewModel: Loading location data for SKU-JACKET-201-BLK-L, trying warehouses: WH-MAIN, Main Warehouse, WH-Main
[2026-01-14 16:31:43] INFO: ItemLocationStockService: Calling API: http://localhost:3000/api/stock/item/SKU-JACKET-201-BLK-L/warehouse/WH-MAIN?format=grouped
[2026-01-14 16:31:45] INFO: ItemLocationStockService: Received 1 location(s) from API
[2026-01-14 16:31:45] INFO: ItemLocationBreakdownViewModel: Found 1 location(s) in warehouse 'WH-MAIN' via API
[2026-01-14 16:31:45] INFO: ItemLocationBreakdownViewModel: Processing 1 location(s) from API for SKU-JACKET-201-BLK-L in warehouse 'WH-MAIN'
[2026-01-14 16:31:45] INFO: ItemLocationBreakdownViewModel: Processed 1 location detail(s) from API
[2026-01-14 16:31:45] INFO: ItemLocationBreakdownViewModel: Cleared locations collection, current count: 0
[2026-01-14 16:31:45] INFO: ItemLocationBreakdownViewModel: Added location A1-R02-L1-B2 (Zone: Zone A, Rack: Rack 02, Bin: B2, Carton: NULL, Available Qty: 2)
[2026-01-14 16:31:45] INFO: ItemLocationBreakdownViewModel: Final count - Added 1 locations, Total Available Qty: 2, Collection Count: 1
[2026-01-14 16:31:47] INFO: ItemLocationBreakdownViewModel: Refreshing location data for SKU-JACKET-201-BLK-M using API
[2026-01-14 16:31:47] INFO: ItemLocationBreakdownViewModel: Loading location data for SKU-JACKET-201-BLK-M, trying warehouses: WH-MAIN, Main Warehouse, WH-Main
[2026-01-14 16:31:47] INFO: ItemLocationStockService: Calling API: http://localhost:3000/api/stock/item/SKU-JACKET-201-BLK-M/warehouse/WH-MAIN?format=grouped
[2026-01-14 16:31:49] INFO: ItemLocationStockService: Received 1 location(s) from API
[2026-01-14 16:31:49] INFO: ItemLocationBreakdownViewModel: Found 1 location(s) in warehouse 'WH-MAIN' via API
[2026-01-14 16:31:49] INFO: ItemLocationBreakdownViewModel: Processing 1 location(s) from API for SKU-JACKET-201-BLK-M in warehouse 'WH-MAIN'
[2026-01-14 16:31:49] INFO: ItemLocationBreakdownViewModel: Processed 1 location detail(s) from API
[2026-01-14 16:31:49] INFO: ItemLocationBreakdownViewModel: Cleared locations collection, current count: 0
[2026-01-14 16:31:49] INFO: ItemLocationBreakdownViewModel: Added location A1-R01-L3-B1 (Zone: Zone A, Rack: Rack 01, Bin: B1, Carton: NULL, Available Qty: 2)
[2026-01-14 16:31:49] INFO: ItemLocationBreakdownViewModel: Final count - Added 1 locations, Total Available Qty: 2, Collection Count: 1
[2026-01-14 18:34:58] INFO: TransferCartonListView: Loaded event fired
[2026-01-14 18:34:58] INFO: TransferCartonListView: Calling RefreshAsync on ViewModel
[2026-01-14 18:34:58] INFO: TransferCartonListViewModel: Starting to load transfer cartons
[2026-01-14 18:34:58] INFO: Loading Transfer Cartons from database...
[2026-01-14 18:34:58] INFO: TransferCartonDataService: Starting schema detection
[2026-01-14 18:34:58] INFO: TransferCartonDataService: Found column 'asn_no'
[2026-01-14 18:34:58] INFO: TransferCartonDataService: Found column 'to_no'
[2026-01-14 18:34:58] INFO: TransferCartonDataService: Returning - AsnColumn=asn_no, ToColumn=to_no
[2026-01-14 18:34:58] INFO: Detected schema: AsnColumn=asn_no, ToColumn=to_no
[2026-01-14 18:34:58] INFO: Executing query: SELECT tc_id, status, asn_no, to_no, store, 
                               created_by, created_on, sealed_by, sealed_on, dispatched_on, remarks
                        FROM tabTransferCarton
                        ORDER BY created_on DESC, tc_id
[2026-01-14 18:34:58] INFO: Loaded 1 transfer cartons from database
[2026-01-14 18:34:58] INFO: TransferCartonListViewModel: Received 1 transfer cartons from service
[2026-01-14 18:34:58] INFO: TransferCartonListViewModel: Added 1 transfer cartons to collection
[2026-01-14 18:34:58] INFO: TransferCartonListView: RefreshAsync completed
[2026-01-14 18:35:01] INFO: TransferCartonDetailViewModel: Loading data for TC-MR-1401265-1768394034711
[2026-01-14 18:35:01] INFO: TransferCartonDetailViewModel: Loaded ASN 
[2026-01-14 18:35:01] INFO: TransferCartonDetailViewModel: Loaded Transfer Order MR-1401265
[2026-01-14 18:35:01] INFO: TransferCartonService: Loading contents for transfer carton TC-MR-1401265-1768394034711
[2026-01-14 18:35:01] INFO: TransferCartonService: Executing query with tc_id = 'TC-MR-1401265-1768394034711'
[2026-01-14 18:35:01] INFO: TransferCartonService: SQL = SELECT 
                            item_code,
                            carton_id AS source_carton,
                            SUM(qty) AS quantity,
                            MAX(user_id) AS packed_by,
                            MAX(event_time) AS packed_on
                        FROM tabWmsScanEvent
                        WHERE tc_id = @tc_id
                        AND event_type IN ('PACK_BOX_TO_TC', 'PACK_ITEM_TO_TC')
                        AND item_code IS NOT NULL
                        AND item_code != ''
                        AND qty > 0
                        GROUP BY item_code, carton_id
                        ORDER BY packed_on DESC
[2026-01-14 18:35:01] INFO: TransferCartonService: Total events with tc_id = 'TC-MR-1401265-1768394034711': 2
[2026-01-14 18:35:01] INFO: TransferCartonService: Events with item_code: 2
[2026-01-14 18:35:01] INFO: TransferCartonService: PACK_BOX_TO_TC events: 0
[2026-01-14 18:35:01] INFO: TransferCartonService: Found grouped item - ItemCode: SKU-SHOES-101-BLK-43, SourceCarton: CTN-555444, Quantity: 5
[2026-01-14 18:35:01] INFO: TransferCartonService: Found grouped item - ItemCode: SKU-HAT-301-BLU-OS, SourceCarton: CTN-555444, Quantity: 2
[2026-01-14 18:35:01] INFO: TransferCartonService: Processed 2 rows from database
[2026-01-14 18:35:01] INFO: TransferCartonService: Found 2 unique items for transfer carton TC-MR-1401265-1768394034711
[2026-01-14 18:35:01] INFO: TransferCartonDetailViewModel: Loaded 2 items for transfer carton TC-MR-1401265-1768394034711
[2026-01-14 18:35:06] INFO: SortBoxListView: Loaded event fired
[2026-01-14 18:35:06] INFO: SortBoxListView: Calling RefreshAsync on ViewModel
[2026-01-14 18:35:06] INFO: SortBoxListViewModel: Starting to load sort boxes
[2026-01-14 18:35:06] INFO: Loading Sort Boxes from database...
[2026-01-14 18:35:06] INFO: Executing query: SELECT box_id, status, advance_shipping_notice, transfer_order, store, 
                               purpose, created_by, created_on, closed_by, closed_on, 
                               dispatched_on, received_at_store_on, remarks
                        FROM tabSortBox
                        ORDER BY created_on DESC, box_id
[2026-01-14 18:35:06] INFO: Loaded 0 sort boxes from database
[2026-01-14 18:35:06] INFO: SortBoxListViewModel: Received 0 sort boxes from service
[2026-01-14 18:35:06] INFO: SortBoxListViewModel: Added 0 sort boxes to collection
[2026-01-14 18:35:06] INFO: SortBoxListView: RefreshAsync completed
[2026-01-14 18:35:07] INFO: SortBoxListView: Loaded event fired
[2026-01-14 18:35:07] INFO: SortBoxListView: Calling RefreshAsync on ViewModel
[2026-01-14 18:35:07] INFO: SortBoxListViewModel: Starting to load sort boxes
[2026-01-14 18:35:07] INFO: Loading Sort Boxes from database...
[2026-01-14 18:35:07] INFO: Executing query: SELECT box_id, status, advance_shipping_notice, transfer_order, store, 
                               purpose, created_by, created_on, closed_by, closed_on, 
                               dispatched_on, received_at_store_on, remarks
                        FROM tabSortBox
                        ORDER BY created_on DESC, box_id
[2026-01-14 18:35:07] INFO: Loaded 0 sort boxes from database
[2026-01-14 18:35:07] INFO: SortBoxListViewModel: Received 0 sort boxes from service
[2026-01-14 18:35:07] INFO: SortBoxListViewModel: Added 0 sort boxes to collection
[2026-01-14 18:35:07] INFO: SortBoxListView: RefreshAsync completed
[2026-01-14 18:35:07] INFO: SortBoxListView: Loaded event fired
[2026-01-14 18:35:07] INFO: SortBoxListView: Calling RefreshAsync on ViewModel
[2026-01-14 18:35:07] INFO: SortBoxListViewModel: Starting to load sort boxes
[2026-01-14 18:35:07] INFO: Loading Sort Boxes from database...
[2026-01-14 18:35:07] INFO: Executing query: SELECT box_id, status, advance_shipping_notice, transfer_order, store, 
                               purpose, created_by, created_on, closed_by, closed_on, 
                               dispatched_on, received_at_store_on, remarks
                        FROM tabSortBox
                        ORDER BY created_on DESC, box_id
[2026-01-14 18:35:07] INFO: Loaded 0 sort boxes from database
[2026-01-14 18:35:07] INFO: SortBoxListViewModel: Received 0 sort boxes from service
[2026-01-14 18:35:07] INFO: SortBoxListViewModel: Added 0 sort boxes to collection
[2026-01-14 18:35:07] INFO: SortBoxListView: RefreshAsync completed
[2026-01-14 18:41:19] INFO: TransactionHistoryViewModel: Loading data with filters - FromDate: 2025-10-16, ToDate: 2026-01-15
[2026-01-14 18:41:19] INFO: TransactionHistoryService: Calling API: http://localhost:3000/api/transaction-history?from_date=2025-10-16&to_date=2026-01-15&limit=1000
[2026-01-14 18:41:21] INFO: TransactionHistoryService: API Response received (length: 6055)
[2026-01-14 18:41:21] INFO: TransactionHistoryService: Sample transaction from API (first 500 chars): {"id":42,"transaction_id":356,"transaction_number":"TXN-20260114-00356","transaction_date":"2026-01-14T13:31:18.000Z","transaction_type":"Putaway","reference_doc_type":"Putaway Task","reference_doc":"PUT-20260114-0003","wms_transaction_title":null,"item_code":"SKU-JACKET-201-BLK-M","item_name":"Winter Jacket Black M","warehouse":"WH-MAIN","warehouse_name":"Main Warehouse","bin_location":"A1-R01-L3-B1","location_id":"A1-R01-L3-B1","carton_id":null,"batch_no":null,"serial_no":null,"qty_change":2,"
[2026-01-14 18:41:21] INFO: TransactionHistoryService: Deserialized first transaction - ID: 42, TransactionNumber: TXN-20260114-00356, TransactionDate: 1/14/2026 1:31:18 PM, ItemCode: SKU-JACKET-201-BLK-M, TransactionType: Putaway
[2026-01-14 18:41:21] INFO: TransactionHistoryService: Parsed 8 transactions from API response
[2026-01-14 18:41:21] INFO: TransactionHistoryViewModel: Service returned 8 transactions
[2026-01-14 18:41:21] INFO: TransactionHistoryViewModel: Loaded 8 transactions
[2026-01-14 18:59:49] INFO: TransactionHistoryViewModel: Loading data with filters - FromDate: 2025-10-16, ToDate: 2026-01-15
[2026-01-14 18:59:49] INFO: TransactionHistoryService: Calling API: http://localhost:3000/api/transaction-history?from_date=2025-10-16&to_date=2026-01-15&limit=1000
[2026-01-14 18:59:51] INFO: TransactionHistoryService: API Response received (length: 6797)
[2026-01-14 18:59:51] INFO: TransactionHistoryService: Sample transaction from API (first 500 chars): {"id":43,"transaction_id":357,"transaction_number":"TXN-20260114-00357","transaction_date":"2026-01-14T15:59:25.000Z","transaction_type":"Putaway","reference_doc_type":"Putaway Task","reference_doc":"PUT-20260114-0006","wms_transaction_title":null,"item_code":"SKU-HAT-301-GRN-OS","item_name":"Baseball Cap Green One Size","warehouse":"WH-MAIN","warehouse_name":"Main Warehouse","bin_location":"A1-R02-L1-B2","location_id":"A1-R02-L1-B2","carton_id":null,"batch_no":null,"serial_no":null,"qty_change"
[2026-01-14 18:59:51] INFO: TransactionHistoryService: Deserialized first transaction - ID: 43, TransactionNumber: TXN-20260114-00357, TransactionDate: 1/14/2026 3:59:25 PM, ItemCode: SKU-HAT-301-GRN-OS, TransactionType: Putaway
[2026-01-14 18:59:51] INFO: TransactionHistoryService: Parsed 9 transactions from API response
[2026-01-14 18:59:51] INFO: TransactionHistoryViewModel: Service returned 9 transactions
[2026-01-14 18:59:51] INFO: TransactionHistoryViewModel: Loaded 9 transactions
[2026-01-14 18:59:56] INFO: TransactionHistoryViewModel: Loading data with filters - FromDate: 2025-10-16, ToDate: 2026-01-15
[2026-01-14 18:59:56] INFO: TransactionHistoryService: Calling API: http://localhost:3000/api/transaction-history?from_date=2025-10-16&to_date=2026-01-15&limit=1000
[2026-01-14 18:59:58] INFO: TransactionHistoryService: API Response received (length: 6797)
[2026-01-14 18:59:58] INFO: TransactionHistoryService: Sample transaction from API (first 500 chars): {"id":43,"transaction_id":357,"transaction_number":"TXN-20260114-00357","transaction_date":"2026-01-14T15:59:25.000Z","transaction_type":"Putaway","reference_doc_type":"Putaway Task","reference_doc":"PUT-20260114-0006","wms_transaction_title":null,"item_code":"SKU-HAT-301-GRN-OS","item_name":"Baseball Cap Green One Size","warehouse":"WH-MAIN","warehouse_name":"Main Warehouse","bin_location":"A1-R02-L1-B2","location_id":"A1-R02-L1-B2","carton_id":null,"batch_no":null,"serial_no":null,"qty_change"
[2026-01-14 18:59:58] INFO: TransactionHistoryService: Deserialized first transaction - ID: 43, TransactionNumber: TXN-20260114-00357, TransactionDate: 1/14/2026 3:59:25 PM, ItemCode: SKU-HAT-301-GRN-OS, TransactionType: Putaway
[2026-01-14 18:59:58] INFO: TransactionHistoryService: Parsed 9 transactions from API response
[2026-01-14 18:59:58] INFO: TransactionHistoryViewModel: Service returned 9 transactions
[2026-01-14 18:59:58] INFO: TransactionHistoryViewModel: Loaded 9 transactions
[2026-01-14 19:00:14] INFO: ItemLocationBreakdownViewModel: Refreshing location data for SKU-JACKET-201-BLK-M using API
[2026-01-14 19:00:14] INFO: ItemLocationBreakdownViewModel: Loading location data for SKU-JACKET-201-BLK-M, trying warehouses: WH-MAIN, Main Warehouse, WH-Main
[2026-01-14 19:00:14] INFO: ItemLocationStockService: Calling API: http://localhost:3000/api/stock/item/SKU-JACKET-201-BLK-M/warehouse/WH-MAIN?format=grouped
[2026-01-14 19:00:16] INFO: ItemLocationStockService: Received 1 location(s) from API
[2026-01-14 19:00:16] INFO: ItemLocationBreakdownViewModel: Found 1 location(s) in warehouse 'WH-MAIN' via API
[2026-01-14 19:00:16] INFO: ItemLocationBreakdownViewModel: Processing 1 location(s) from API for SKU-JACKET-201-BLK-M in warehouse 'WH-MAIN'
[2026-01-14 19:00:16] INFO: ItemLocationBreakdownViewModel: Processed 1 location detail(s) from API
[2026-01-14 19:00:16] INFO: ItemLocationBreakdownViewModel: Cleared locations collection, current count: 0
[2026-01-14 19:00:16] INFO: ItemLocationBreakdownViewModel: Added location A1-R01-L3-B1 (Zone: Zone A, Rack: Rack 01, Bin: B1, Carton: NULL, Available Qty: 2)
[2026-01-14 19:00:16] INFO: ItemLocationBreakdownViewModel: Final count - Added 1 locations, Total Available Qty: 2, Collection Count: 1
[2026-01-14 19:00:34] INFO: PutawayTaskDataService: Loaded task PUT-20260114-0001 with status Completed
[2026-01-14 19:00:34] INFO: PutawayTaskDataService: Loaded task PUT-20260114-0002 with status Completed
[2026-01-14 19:00:34] INFO: PutawayTaskDataService: Loaded task PUT-20260114-0003 with status Completed
[2026-01-14 19:00:34] INFO: PutawayTaskDataService: Loaded task PUT-20260114-0004 with status Draft
[2026-01-14 19:00:34] INFO: PutawayTaskDataService: Loaded task PUT-20260114-0005 with status Draft
[2026-01-14 19:00:34] INFO: PutawayTaskDataService: Loaded task PUT-20260114-0006 with status Completed
[2026-01-14 19:00:34] INFO: PutawayTaskDataService: SQL Query: SELECT pl.parent_title, pl.carton_id, pl.item_code, SUM(pl.qty) as qty, pl.rack, pl.bin, pl.location_id
                         FROM tabPutawayLine pl
                         WHERE pl.parent_title IN (@title0,@title1,@title2,@title3,@title4,@title5)
                         GROUP BY pl.parent_title, pl.carton_id, pl.item_code, pl.rack, pl.bin, pl.location_id
                         ORDER BY pl.parent_title, pl.item_code
[2026-01-14 19:00:34] INFO: PutawayTaskDataService: Querying lines for 6 tasks: PUT-20260114-0001, PUT-20260114-0002, PUT-20260114-0003, PUT-20260114-0004, PUT-20260114-0005, PUT-20260114-0006
[2026-01-14 19:00:34] INFO: PutawayTaskDataService: Read 7 lines, now looking up location_ids from tabLocation
[2026-01-14 19:00:34] INFO: PutawayTaskDataService: Added line for PUT-20260114-0001: SKU-HAT-301-RED-OS (Qty: 2, Carton: NULL)
[2026-01-14 19:00:34] INFO: PutawayTaskDataService: Added line for PUT-20260114-0002: SKU-JACKET-201-BLK-L (Qty: 2, Carton: NULL)
[2026-01-14 19:00:34] INFO: PutawayTaskDataService: Added line for PUT-20260114-0003: SKU-JACKET-201-BLK-M (Qty: 2, Carton: NULL)
[2026-01-14 19:00:34] INFO: PutawayTaskDataService: Using fallback location_id=TBD-TBD for rack='TBD', bin='TBD'
[2026-01-14 19:00:34] INFO: PutawayTaskDataService: Added line for PUT-20260114-0004: SKU-HAT-301-BLU-OS (Qty: 2, Carton: NULL)
[2026-01-14 19:00:34] INFO: PutawayTaskDataService: Using fallback location_id=TBD-TBD for rack='TBD', bin='TBD'
[2026-01-14 19:00:34] INFO: PutawayTaskDataService: Added line for PUT-20260114-0004: SKU-HAT-301-GRN-OS (Qty: 2, Carton: NULL)
[2026-01-14 19:00:34] INFO: PutawayTaskDataService: Using fallback location_id=TBD-TBD for rack='TBD', bin='TBD'
[2026-01-14 19:00:34] INFO: PutawayTaskDataService: Added line for PUT-20260114-0005: SKU-HAT-301-BLU-OS (Qty: 2, Carton: NULL)
[2026-01-14 19:00:34] INFO: PutawayTaskDataService: Added line for PUT-20260114-0006: SKU-HAT-301-GRN-OS (Qty: 2, Carton: NULL)
[2026-01-14 19:00:34] INFO: PutawayTaskDataService: Total lines read from database: 14, Unique parent titles with lines: 6
[2026-01-14 19:00:34] INFO: PutawayTaskDataService: Task PUT-20260114-0001 has 1 line(s)
[2026-01-14 19:00:34] INFO: PutawayTaskDataService: Task PUT-20260114-0002 has 1 line(s)
[2026-01-14 19:00:34] INFO: PutawayTaskDataService: Task PUT-20260114-0003 has 1 line(s)
[2026-01-14 19:00:34] INFO: PutawayTaskDataService: Task PUT-20260114-0004 has 2 line(s)
[2026-01-14 19:00:34] INFO: PutawayTaskDataService: Task PUT-20260114-0005 has 1 line(s)
[2026-01-14 19:00:34] INFO: PutawayTaskDataService: Task PUT-20260114-0006 has 1 line(s)
[2026-01-14 19:00:34] INFO: PutawayTaskDataService: Total tasks loaded: 6
[2026-01-14 19:00:34] INFO: PutawayTaskListViewModel: Loaded 6 putaway tasks from database, 6 unique tasks displayed
[2026-01-14 19:23:04] INFO: TransactionHistoryViewModel: Loading data with filters - FromDate: 2025-10-16, ToDate: 2026-01-15
[2026-01-14 19:23:04] INFO: TransactionHistoryService: Calling API: http://localhost:3000/api/transaction-history?from_date=2025-10-16&to_date=2026-01-15&limit=1000
[2026-01-14 19:23:06] INFO: TransactionHistoryService: API Response received (length: 7538)
[2026-01-14 19:23:06] INFO: TransactionHistoryService: Sample transaction from API (first 500 chars): {"id":44,"transaction_id":358,"transaction_number":"TXN-20260114-00358","transaction_date":"2026-01-14T16:04:09.000Z","transaction_type":"Putaway","reference_doc_type":"Putaway Task","reference_doc":"PUT-20260114-0005","wms_transaction_title":null,"item_code":"SKU-HAT-301-BLU-OS","item_name":"Baseball Cap Blue One Size","warehouse":"WH-MAIN","warehouse_name":"Main Warehouse","bin_location":"A1-R02-L1-B2","location_id":"A1-R02-L1-B2","carton_id":null,"batch_no":null,"serial_no":null,"qty_change":
[2026-01-14 19:23:06] INFO: TransactionHistoryService: Deserialized first transaction - ID: 44, TransactionNumber: TXN-20260114-00358, TransactionDate: 1/14/2026 4:04:09 PM, ItemCode: SKU-HAT-301-BLU-OS, TransactionType: Putaway
[2026-01-14 19:23:06] INFO: TransactionHistoryService: Parsed 10 transactions from API response
[2026-01-14 19:23:06] INFO: TransactionHistoryViewModel: Service returned 10 transactions
[2026-01-14 19:23:06] INFO: TransactionHistoryViewModel: Loaded 10 transactions
[2026-01-14 19:23:10] INFO: SortBoxListView: Loaded event fired
[2026-01-14 19:23:10] INFO: SortBoxListView: Calling RefreshAsync on ViewModel
[2026-01-14 19:23:10] INFO: SortBoxListViewModel: Starting to load sort boxes
[2026-01-14 19:23:10] INFO: Loading Sort Boxes from database...
[2026-01-14 19:23:10] INFO: Executing query: SELECT box_id, status, advance_shipping_notice, transfer_order, store, 
                               purpose, created_by, created_on, closed_by, closed_on, 
                               dispatched_on, received_at_store_on, remarks
                        FROM tabSortBox
                        ORDER BY created_on DESC, box_id
[2026-01-14 19:23:10] INFO: Loaded 0 sort boxes from database
[2026-01-14 19:23:10] INFO: SortBoxListViewModel: Received 0 sort boxes from service
[2026-01-14 19:23:10] INFO: SortBoxListViewModel: Added 0 sort boxes to collection
[2026-01-14 19:23:10] INFO: SortBoxListView: RefreshAsync completed
[2026-01-14 19:23:27] INFO: WmsTransactionDataService: Saving transaction 'WMS-TRANS-0001'
[2026-01-14 19:23:27] INFO: WmsTransactionDataService: Successfully saved transaction 'WMS-TRANS-0001'
[2026-01-14 19:23:27] INFO: WmsTransactionAutoCreateService: Created Putaway transaction WMS-TRANS-0001 for task PUT-20260114-0001
[2026-01-14 19:23:27] INFO: WmsTransactionDataService: Saving transaction 'WMS-TRANS-0002'
[2026-01-14 19:23:27] INFO: WmsTransactionDataService: Successfully saved transaction 'WMS-TRANS-0002'
[2026-01-14 19:23:27] INFO: WmsTransactionAutoCreateService: Created Putaway transaction WMS-TRANS-0002 for task PUT-20260114-0002
[2026-01-14 19:23:27] INFO: WmsTransactionDataService: Saving transaction 'WMS-TRANS-0003'
[2026-01-14 19:23:27] INFO: WmsTransactionDataService: Successfully saved transaction 'WMS-TRANS-0003'
[2026-01-14 19:23:27] INFO: WmsTransactionAutoCreateService: Created Putaway transaction WMS-TRANS-0003 for task PUT-20260114-0003
[2026-01-14 19:23:27] INFO: WmsTransactionDataService: Saving transaction 'WMS-TRANS-0004'
[2026-01-14 19:23:27] INFO: WmsTransactionDataService: Successfully saved transaction 'WMS-TRANS-0004'
[2026-01-14 19:23:27] INFO: WmsTransactionAutoCreateService: Created Putaway transaction WMS-TRANS-0004 for task PUT-20260114-0005
[2026-01-14 19:23:28] INFO: WmsTransactionDataService: Saving transaction 'WMS-TRANS-0005'
[2026-01-14 19:23:28] INFO: WmsTransactionDataService: Successfully saved transaction 'WMS-TRANS-0005'
[2026-01-14 19:23:28] INFO: WmsTransactionAutoCreateService: Created Putaway transaction WMS-TRANS-0005 for task PUT-20260114-0006
[2026-01-14 19:23:28] INFO: WmsTransactionDataService: Saving transaction 'WMS-TRANS-0006'
[2026-01-14 19:23:28] INFO: WmsTransactionDataService: Successfully saved transaction 'WMS-TRANS-0006'
[2026-01-14 19:23:28] INFO: WmsTransactionAutoCreateService: Created Putaway transaction WMS-TRANS-0006 for task PUT-20260114-0004
[2026-01-14 19:23:28] INFO: WmsTransactionDataService: Saving transaction 'WMS-TRANS-0007'
[2026-01-14 19:23:28] INFO: WmsTransactionDataService: Successfully saved transaction 'WMS-TRANS-0007'
[2026-01-14 19:23:28] INFO: WmsTransactionAutoCreateService: Created Putaway transaction WMS-TRANS-0007 for task PUT-20260114-0007
[2026-01-14 19:23:28] INFO: WmsTransactionDataService: Saving transaction 'WMS-TRANS-0008'
[2026-01-14 19:23:28] INFO: WmsTransactionDataService: Successfully saved transaction 'WMS-TRANS-0008'
[2026-01-14 19:23:28] INFO: WmsTransactionAutoCreateService: Created Putaway transaction WMS-TRANS-0008 for task PUT-20260114-0008
[2026-01-14 19:23:28] INFO: Loading WMS Transactions from database...
[2026-01-14 19:23:28] INFO: Loaded 8 WMS Transactions from database
[2026-01-14 19:23:58] INFO: Loading WMS Transactions from database...
[2026-01-14 19:23:58] INFO: Loaded 8 WMS Transactions from database
[2026-01-14 19:24:23] INFO: TransactionHistoryViewModel: Loading data with filters - FromDate: 2025-10-16, ToDate: 2026-01-15
[2026-01-14 19:24:23] INFO: TransactionHistoryService: Calling API: http://localhost:3000/api/transaction-history?from_date=2025-10-16&to_date=2026-01-15&limit=1000
[2026-01-14 19:24:25] INFO: TransactionHistoryService: API Response received (length: 7538)
[2026-01-14 19:24:25] INFO: TransactionHistoryService: Sample transaction from API (first 500 chars): {"id":44,"transaction_id":358,"transaction_number":"TXN-20260114-00358","transaction_date":"2026-01-14T16:04:09.000Z","transaction_type":"Putaway","reference_doc_type":"Putaway Task","reference_doc":"PUT-20260114-0005","wms_transaction_title":null,"item_code":"SKU-HAT-301-BLU-OS","item_name":"Baseball Cap Blue One Size","warehouse":"WH-MAIN","warehouse_name":"Main Warehouse","bin_location":"A1-R02-L1-B2","location_id":"A1-R02-L1-B2","carton_id":null,"batch_no":null,"serial_no":null,"qty_change":
[2026-01-14 19:24:25] INFO: TransactionHistoryService: Deserialized first transaction - ID: 44, TransactionNumber: TXN-20260114-00358, TransactionDate: 1/14/2026 4:04:09 PM, ItemCode: SKU-HAT-301-BLU-OS, TransactionType: Putaway
[2026-01-14 19:24:25] INFO: TransactionHistoryService: Parsed 10 transactions from API response
[2026-01-14 19:24:25] INFO: TransactionHistoryViewModel: Service returned 10 transactions
[2026-01-14 19:24:25] INFO: TransactionHistoryViewModel: Loaded 10 transactions
[2026-01-14 19:32:57] INFO: TransactionHistoryViewModel: Loading data with filters - FromDate: 2025-10-16, ToDate: 2026-01-15
[2026-01-14 19:32:57] INFO: TransactionHistoryService: Calling API: http://localhost:3000/api/transaction-history?from_date=2025-10-16&to_date=2026-01-15&limit=1000
[2026-01-14 19:32:59] INFO: TransactionHistoryService: API Response received (length: 7538)
[2026-01-14 19:32:59] INFO: TransactionHistoryService: Sample transaction from API (first 500 chars): {"id":44,"transaction_id":358,"transaction_number":"TXN-20260114-00358","transaction_date":"2026-01-14T16:04:09.000Z","transaction_type":"Putaway","reference_doc_type":"Putaway Task","reference_doc":"PUT-20260114-0005","wms_transaction_title":null,"item_code":"SKU-HAT-301-BLU-OS","item_name":"Baseball Cap Blue One Size","warehouse":"WH-MAIN","warehouse_name":"Main Warehouse","bin_location":"A1-R02-L1-B2","location_id":"A1-R02-L1-B2","carton_id":null,"batch_no":null,"serial_no":null,"qty_change":
[2026-01-14 19:32:59] INFO: TransactionHistoryService: Deserialized first transaction - ID: 44, TransactionNumber: TXN-20260114-00358, TransactionDate: 1/14/2026 4:04:09 PM, ItemCode: SKU-HAT-301-BLU-OS, TransactionType: Putaway
[2026-01-14 19:32:59] INFO: TransactionHistoryService: Parsed 10 transactions from API response
[2026-01-14 19:32:59] INFO: TransactionHistoryViewModel: Service returned 10 transactions
[2026-01-14 19:32:59] INFO: TransactionHistoryViewModel: Loaded 10 transactions
[2026-01-14 19:33:04] INFO: TransactionHistoryViewModel: Loading data with filters - FromDate: 2025-10-16, ToDate: 2026-01-15
[2026-01-14 19:33:04] INFO: TransactionHistoryService: Calling API: http://localhost:3000/api/transaction-history?from_date=2025-10-16&to_date=2026-01-15&limit=1000
[2026-01-14 19:33:06] INFO: TransactionHistoryService: API Response received (length: 7538)
[2026-01-14 19:33:06] INFO: TransactionHistoryService: Sample transaction from API (first 500 chars): {"id":44,"transaction_id":358,"transaction_number":"TXN-20260114-00358","transaction_date":"2026-01-14T16:04:09.000Z","transaction_type":"Putaway","reference_doc_type":"Putaway Task","reference_doc":"PUT-20260114-0005","wms_transaction_title":null,"item_code":"SKU-HAT-301-BLU-OS","item_name":"Baseball Cap Blue One Size","warehouse":"WH-MAIN","warehouse_name":"Main Warehouse","bin_location":"A1-R02-L1-B2","location_id":"A1-R02-L1-B2","carton_id":null,"batch_no":null,"serial_no":null,"qty_change":
[2026-01-14 19:33:06] INFO: TransactionHistoryService: Deserialized first transaction - ID: 44, TransactionNumber: TXN-20260114-00358, TransactionDate: 1/14/2026 4:04:09 PM, ItemCode: SKU-HAT-301-BLU-OS, TransactionType: Putaway
[2026-01-14 19:33:06] INFO: TransactionHistoryService: Parsed 10 transactions from API response
[2026-01-14 19:33:06] INFO: TransactionHistoryViewModel: Service returned 10 transactions
[2026-01-14 19:33:06] INFO: TransactionHistoryViewModel: Loaded 10 transactions
[2026-01-14 19:33:07] INFO: PutawayTaskDataService: Loaded task PUT-20260114-0001 with status Completed
[2026-01-14 19:33:07] INFO: PutawayTaskDataService: Loaded task PUT-20260114-0002 with status Completed
[2026-01-14 19:33:07] INFO: PutawayTaskDataService: Loaded task PUT-20260114-0003 with status Completed
[2026-01-14 19:33:07] INFO: PutawayTaskDataService: Loaded task PUT-20260114-0004 with status In Progress
[2026-01-14 19:33:07] INFO: PutawayTaskDataService: Loaded task PUT-20260114-0005 with status Completed
[2026-01-14 19:33:07] INFO: PutawayTaskDataService: Loaded task PUT-20260114-0006 with status Completed
[2026-01-14 19:33:07] INFO: PutawayTaskDataService: Loaded task PUT-20260114-0007 with status In Progress
[2026-01-14 19:33:07] INFO: PutawayTaskDataService: Loaded task PUT-20260114-0008 with status In Progress
[2026-01-14 19:33:07] INFO: PutawayTaskDataService: SQL Query: SELECT pl.parent_title, pl.carton_id, pl.item_code, SUM(pl.qty) as qty, pl.rack, pl.bin, pl.location_id
                         FROM tabPutawayLine pl
                         WHERE pl.parent_title IN (@title0,@title1,@title2,@title3,@title4,@title5,@title6,@title7)
                         GROUP BY pl.parent_title, pl.carton_id, pl.item_code, pl.rack, pl.bin, pl.location_id
                         ORDER BY pl.parent_title, pl.item_code
[2026-01-14 19:33:07] INFO: PutawayTaskDataService: Querying lines for 8 tasks: PUT-20260114-0001, PUT-20260114-0002, PUT-20260114-0003, PUT-20260114-0004, PUT-20260114-0005, PUT-20260114-0006, PUT-20260114-0007, PUT-20260114-0008
[2026-01-14 19:33:07] INFO: PutawayTaskDataService: Read 9 lines, now looking up location_ids from tabLocation
[2026-01-14 19:33:07] INFO: PutawayTaskDataService: Added line for PUT-20260114-0001: SKU-HAT-301-RED-OS (Qty: 2, Carton: NULL)
[2026-01-14 19:33:07] INFO: PutawayTaskDataService: Added line for PUT-20260114-0002: SKU-JACKET-201-BLK-L (Qty: 2, Carton: NULL)
[2026-01-14 19:33:07] INFO: PutawayTaskDataService: Added line for PUT-20260114-0003: SKU-JACKET-201-BLK-M (Qty: 2, Carton: NULL)
[2026-01-14 19:33:07] INFO: PutawayTaskDataService: Added line for PUT-20260114-0004: SKU-HAT-301-BLU-OS (Qty: 2, Carton: NULL)
[2026-01-14 19:33:07] INFO: PutawayTaskDataService: Added line for PUT-20260114-0004: SKU-HAT-301-GRN-OS (Qty: 2, Carton: NULL)
[2026-01-14 19:33:07] INFO: PutawayTaskDataService: Added line for PUT-20260114-0005: SKU-HAT-301-BLU-OS (Qty: 2, Carton: NULL)
[2026-01-14 19:33:07] INFO: PutawayTaskDataService: Added line for PUT-20260114-0006: SKU-HAT-301-GRN-OS (Qty: 2, Carton: NULL)
[2026-01-14 19:33:07] INFO: PutawayTaskDataService: Added line for PUT-20260114-0007: SKU-HAT-301-RED-OS (Qty: 2, Carton: NULL)
[2026-01-14 19:33:07] INFO: PutawayTaskDataService: Added line for PUT-20260114-0008: SKU-JACKET-201-BLK-L (Qty: 2, Carton: NULL)
[2026-01-14 19:33:07] INFO: PutawayTaskDataService: Total lines read from database: 18, Unique parent titles with lines: 8
[2026-01-14 19:33:07] INFO: PutawayTaskDataService: Task PUT-20260114-0001 has 1 line(s)
[2026-01-14 19:33:07] INFO: PutawayTaskDataService: Task PUT-20260114-0002 has 1 line(s)
[2026-01-14 19:33:07] INFO: PutawayTaskDataService: Task PUT-20260114-0003 has 1 line(s)
[2026-01-14 19:33:07] INFO: PutawayTaskDataService: Task PUT-20260114-0004 has 2 line(s)
[2026-01-14 19:33:07] INFO: PutawayTaskDataService: Task PUT-20260114-0005 has 1 line(s)
[2026-01-14 19:33:07] INFO: PutawayTaskDataService: Task PUT-20260114-0006 has 1 line(s)
[2026-01-14 19:33:07] INFO: PutawayTaskDataService: Task PUT-20260114-0007 has 1 line(s)
[2026-01-14 19:33:07] INFO: PutawayTaskDataService: Task PUT-20260114-0008 has 1 line(s)
[2026-01-14 19:33:07] INFO: PutawayTaskDataService: Total tasks loaded: 8
[2026-01-14 19:33:07] INFO: PutawayTaskListViewModel: Loaded 8 putaway tasks from database, 8 unique tasks displayed
[2026-01-14 19:50:12] INFO: PutawayTaskDataService: Loaded task PUT-20260114-0001 with status Completed
[2026-01-14 19:50:12] INFO: PutawayTaskDataService: Loaded task PUT-20260114-0002 with status Completed
[2026-01-14 19:50:12] INFO: PutawayTaskDataService: Loaded task PUT-20260114-0003 with status Completed
[2026-01-14 19:50:12] INFO: PutawayTaskDataService: Loaded task PUT-20260114-0004 with status In Progress
[2026-01-14 19:50:12] INFO: PutawayTaskDataService: Loaded task PUT-20260114-0005 with status Completed
[2026-01-14 19:50:12] INFO: PutawayTaskDataService: Loaded task PUT-20260114-0006 with status Completed
[2026-01-14 19:50:12] INFO: PutawayTaskDataService: Loaded task PUT-20260114-0007 with status Completed
[2026-01-14 19:50:12] INFO: PutawayTaskDataService: Loaded task PUT-20260114-0008 with status In Progress
[2026-01-14 19:50:12] INFO: PutawayTaskDataService: SQL Query: SELECT pl.parent_title, pl.carton_id, pl.item_code, SUM(pl.qty) as qty, pl.rack, pl.bin, pl.location_id
                         FROM tabPutawayLine pl
                         WHERE pl.parent_title IN (@title0,@title1,@title2,@title3,@title4,@title5,@title6,@title7)
                         GROUP BY pl.parent_title, pl.carton_id, pl.item_code, pl.rack, pl.bin, pl.location_id
                         ORDER BY pl.parent_title, pl.item_code
[2026-01-14 19:50:12] INFO: PutawayTaskDataService: Querying lines for 8 tasks: PUT-20260114-0001, PUT-20260114-0002, PUT-20260114-0003, PUT-20260114-0004, PUT-20260114-0005, PUT-20260114-0006, PUT-20260114-0007, PUT-20260114-0008
[2026-01-14 19:50:12] INFO: PutawayTaskDataService: Read 11 lines, now looking up location_ids from tabLocation
[2026-01-14 19:50:12] INFO: PutawayTaskDataService: Added line for PUT-20260114-0001: SKU-HAT-301-RED-OS (Qty: 2, Carton: NULL)
[2026-01-14 19:50:12] INFO: PutawayTaskDataService: Added line for PUT-20260114-0002: SKU-JACKET-201-BLK-L (Qty: 2, Carton: NULL)
[2026-01-14 19:50:12] INFO: PutawayTaskDataService: Added line for PUT-20260114-0003: SKU-JACKET-201-BLK-M (Qty: 2, Carton: NULL)
[2026-01-14 19:50:12] INFO: PutawayTaskDataService: Added line for PUT-20260114-0004: SKU-HAT-301-BLU-OS (Qty: 2, Carton: NULL)
[2026-01-14 19:50:12] INFO: PutawayTaskDataService: Added line for PUT-20260114-0004: SKU-HAT-301-GRN-OS (Qty: 2, Carton: NULL)
[2026-01-14 19:50:12] INFO: PutawayTaskDataService: Added line for PUT-20260114-0005: SKU-HAT-301-BLU-OS (Qty: 2, Carton: NULL)
[2026-01-14 19:50:12] INFO: PutawayTaskDataService: Added line for PUT-20260114-0006: SKU-HAT-301-GRN-OS (Qty: 2, Carton: NULL)
[2026-01-14 19:50:12] INFO: PutawayTaskDataService: Added line for PUT-20260114-0007: SKU-HAT-301-BLU-OS (Qty: 10, Carton: BOX-12345)
[2026-01-14 19:50:12] INFO: PutawayTaskDataService: Added line for PUT-20260114-0007: SKU-HAT-301-GRN-OS (Qty: 5, Carton: BOX-12345)
[2026-01-14 19:50:12] INFO: PutawayTaskDataService: Added line for PUT-20260114-0007: SKU-HAT-301-RED-OS (Qty: 2, Carton: NULL)
[2026-01-14 19:50:12] INFO: PutawayTaskDataService: Added line for PUT-20260114-0008: SKU-JACKET-201-BLK-L (Qty: 2, Carton: NULL)
[2026-01-14 19:50:12] INFO: PutawayTaskDataService: Total lines read from database: 22, Unique parent titles with lines: 8
[2026-01-14 19:50:12] INFO: PutawayTaskDataService: Task PUT-20260114-0001 has 1 line(s)
[2026-01-14 19:50:12] INFO: PutawayTaskDataService: Task PUT-20260114-0002 has 1 line(s)
[2026-01-14 19:50:12] INFO: PutawayTaskDataService: Task PUT-20260114-0003 has 1 line(s)
[2026-01-14 19:50:12] INFO: PutawayTaskDataService: Task PUT-20260114-0004 has 2 line(s)
[2026-01-14 19:50:12] INFO: PutawayTaskDataService: Task PUT-20260114-0005 has 1 line(s)
[2026-01-14 19:50:12] INFO: PutawayTaskDataService: Task PUT-20260114-0006 has 1 line(s)
[2026-01-14 19:50:12] INFO: PutawayTaskDataService: Task PUT-20260114-0007 has 3 line(s)
[2026-01-14 19:50:12] INFO: PutawayTaskDataService: Task PUT-20260114-0008 has 1 line(s)
[2026-01-14 19:50:12] INFO: PutawayTaskDataService: Total tasks loaded: 8
[2026-01-14 19:50:12] INFO: PutawayTaskListViewModel: Loaded 8 putaway tasks from database, 8 unique tasks displayed
[2026-01-14 19:50:21] INFO: TransactionHistoryViewModel: Loading data with filters - FromDate: 2025-10-16, ToDate: 2026-01-15
[2026-01-14 19:50:21] INFO: TransactionHistoryService: Calling API: http://localhost:3000/api/transaction-history?from_date=2025-10-16&to_date=2026-01-15&limit=1000
[2026-01-14 19:50:23] INFO: TransactionHistoryService: API Response received (length: 9031)
[2026-01-14 19:50:23] INFO: TransactionHistoryService: Sample transaction from API (first 500 chars): {"id":46,"transaction_id":360,"transaction_number":"TXN-20260114-00360","transaction_date":"2026-01-14T16:49:49.000Z","transaction_type":"Putaway","reference_doc_type":"Putaway Task","reference_doc":"PUT-20260114-0007","wms_transaction_title":null,"item_code":"SKU-HAT-301-GRN-OS","item_name":"Baseball Cap Green One Size","warehouse":"WH-MAIN","warehouse_name":"Main Warehouse","bin_location":"A1-R02-L1-B2","location_id":"A1-R02-L1-B2","carton_id":"BOX-12345","batch_no":null,"serial_no":null,"qty_
[2026-01-14 19:50:23] INFO: TransactionHistoryService: Deserialized first transaction - ID: 46, TransactionNumber: TXN-20260114-00360, TransactionDate: 1/14/2026 4:49:49 PM, ItemCode: SKU-HAT-301-GRN-OS, TransactionType: Putaway
[2026-01-14 19:50:23] INFO: TransactionHistoryService: Parsed 12 transactions from API response
[2026-01-14 19:50:23] INFO: TransactionHistoryViewModel: Service returned 12 transactions
[2026-01-14 19:50:23] INFO: TransactionHistoryViewModel: Loaded 12 transactions
[2026-01-14 19:50:43] INFO: ItemLocationBreakdownViewModel: Refreshing location data for SKU-HAT-301-RED-OS using API
[2026-01-14 19:50:43] INFO: ItemLocationBreakdownViewModel: Loading location data for SKU-HAT-301-RED-OS, trying warehouses: WH-MAIN, Main Warehouse, WH-Main
[2026-01-14 19:50:43] INFO: ItemLocationStockService: Calling API: http://localhost:3000/api/stock/item/SKU-HAT-301-RED-OS/warehouse/WH-MAIN?format=grouped
[2026-01-14 19:50:45] INFO: ItemLocationStockService: Received 1 location(s) from API
[2026-01-14 19:50:45] INFO: ItemLocationBreakdownViewModel: Found 1 location(s) in warehouse 'WH-MAIN' via API
[2026-01-14 19:50:45] INFO: ItemLocationBreakdownViewModel: Processing 1 location(s) from API for SKU-HAT-301-RED-OS in warehouse 'WH-MAIN'
[2026-01-14 19:50:45] INFO: ItemLocationBreakdownViewModel: Processed 1 location detail(s) from API
[2026-01-14 19:50:45] INFO: ItemLocationBreakdownViewModel: Cleared locations collection, current count: 0
[2026-01-14 19:50:45] INFO: ItemLocationBreakdownViewModel: Added location A1-R02-L1-B2 (Zone: Zone A, Rack: Rack 02, Bin: B2, Carton: NULL, Available Qty: 2)
[2026-01-14 19:50:45] INFO: ItemLocationBreakdownViewModel: Final count - Added 1 locations, Total Available Qty: 2, Collection Count: 1
[2026-01-14 19:50:59] INFO: ItemLocationBreakdownViewModel: Refreshing location data for SKU-SHOES-101-BLK-43 using API
[2026-01-14 19:50:59] INFO: ItemLocationBreakdownViewModel: Loading location data for SKU-SHOES-101-BLK-43, trying warehouses: WH-MAIN, Main Warehouse, WH-Main
[2026-01-14 19:50:59] INFO: ItemLocationStockService: Calling API: http://localhost:3000/api/stock/item/SKU-SHOES-101-BLK-43/warehouse/WH-MAIN?format=grouped
[2026-01-14 19:51:01] INFO: ItemLocationStockService: Received 1 location(s) from API
[2026-01-14 19:51:01] INFO: ItemLocationBreakdownViewModel: Found 1 location(s) in warehouse 'WH-MAIN' via API
[2026-01-14 19:51:01] INFO: ItemLocationBreakdownViewModel: Processing 1 location(s) from API for SKU-SHOES-101-BLK-43 in warehouse 'WH-MAIN'
[2026-01-14 19:51:01] INFO: ItemLocationBreakdownViewModel: Processed 1 location detail(s) from API
[2026-01-14 19:51:01] INFO: ItemLocationBreakdownViewModel: Cleared locations collection, current count: 0
[2026-01-14 19:51:01] INFO: ItemLocationBreakdownViewModel: Added location A1-R01-L3-B1 (Zone: Zone A, Rack: Rack 01, Bin: B1, Carton: CTN-555444, Available Qty: 95)
[2026-01-14 19:51:01] INFO: ItemLocationBreakdownViewModel: Final count - Added 1 locations, Total Available Qty: 95, Collection Count: 1
[2026-01-14 19:51:26] INFO: ItemLocationBreakdownViewModel: Refreshing location data for SKU-HAT-301-GRN-OS using API
[2026-01-14 19:51:26] INFO: ItemLocationBreakdownViewModel: Loading location data for SKU-HAT-301-GRN-OS, trying warehouses: WH-MAIN, Main Warehouse, WH-Main
[2026-01-14 19:51:26] INFO: ItemLocationStockService: Calling API: http://localhost:3000/api/stock/item/SKU-HAT-301-GRN-OS/warehouse/WH-MAIN?format=grouped
[2026-01-14 19:51:28] INFO: ItemLocationStockService: Received 1 location(s) from API
[2026-01-14 19:51:28] INFO: ItemLocationBreakdownViewModel: Found 1 location(s) in warehouse 'WH-MAIN' via API
[2026-01-14 19:51:28] INFO: ItemLocationBreakdownViewModel: Processing 1 location(s) from API for SKU-HAT-301-GRN-OS in warehouse 'WH-MAIN'
[2026-01-14 19:51:28] INFO: ItemLocationBreakdownViewModel: Processed 1 location detail(s) from API
[2026-01-14 19:51:28] INFO: ItemLocationBreakdownViewModel: Cleared locations collection, current count: 0
[2026-01-14 19:51:28] INFO: ItemLocationBreakdownViewModel: Added location A1-R02-L1-B2 (Zone: Zone A, Rack: Rack 02, Bin: B2, Carton: BOX-12345, Available Qty: 5)
[2026-01-14 19:51:28] INFO: ItemLocationBreakdownViewModel: Final count - Added 1 locations, Total Available Qty: 5, Collection Count: 1
[2026-01-14 19:51:53] INFO: ItemLocationBreakdownViewModel: Refreshing location data for SKU-SHOES-101-BLK-43 using API
[2026-01-14 19:51:53] INFO: ItemLocationBreakdownViewModel: Loading location data for SKU-SHOES-101-BLK-43, trying warehouses: WH-MAIN, Main Warehouse, WH-Main
[2026-01-14 19:51:53] INFO: ItemLocationStockService: Calling API: http://localhost:3000/api/stock/item/SKU-SHOES-101-BLK-43/warehouse/WH-MAIN?format=grouped
[2026-01-14 19:51:55] INFO: ItemLocationStockService: Received 1 location(s) from API
[2026-01-14 19:51:55] INFO: ItemLocationBreakdownViewModel: Found 1 location(s) in warehouse 'WH-MAIN' via API
[2026-01-14 19:51:55] INFO: ItemLocationBreakdownViewModel: Processing 1 location(s) from API for SKU-SHOES-101-BLK-43 in warehouse 'WH-MAIN'
[2026-01-14 19:51:55] INFO: ItemLocationBreakdownViewModel: Processed 1 location detail(s) from API
[2026-01-14 19:51:55] INFO: ItemLocationBreakdownViewModel: Cleared locations collection, current count: 0
[2026-01-14 19:51:55] INFO: ItemLocationBreakdownViewModel: Added location A1-R01-L3-B1 (Zone: Zone A, Rack: Rack 01, Bin: B1, Carton: CTN-555444, Available Qty: 95)
[2026-01-14 19:51:55] INFO: ItemLocationBreakdownViewModel: Final count - Added 1 locations, Total Available Qty: 95, Collection Count: 1
[2026-01-14 19:52:04] INFO: PutawayTaskDataService: Loaded task PUT-20260114-0001 with status Completed
[2026-01-14 19:52:04] INFO: PutawayTaskDataService: Loaded task PUT-20260114-0002 with status Completed
[2026-01-14 19:52:04] INFO: PutawayTaskDataService: Loaded task PUT-20260114-0003 with status Completed
[2026-01-14 19:52:04] INFO: PutawayTaskDataService: Loaded task PUT-20260114-0004 with status In Progress
[2026-01-14 19:52:04] INFO: PutawayTaskDataService: Loaded task PUT-20260114-0005 with status Completed
[2026-01-14 19:52:04] INFO: PutawayTaskDataService: Loaded task PUT-20260114-0006 with status Completed
[2026-01-14 19:52:04] INFO: PutawayTaskDataService: Loaded task PUT-20260114-0007 with status Completed
[2026-01-14 19:52:04] INFO: PutawayTaskDataService: Loaded task PUT-20260114-0008 with status In Progress
[2026-01-14 19:52:04] INFO: PutawayTaskDataService: SQL Query: SELECT pl.parent_title, pl.carton_id, pl.item_code, SUM(pl.qty) as qty, pl.rack, pl.bin, pl.location_id
                         FROM tabPutawayLine pl
                         WHERE pl.parent_title IN (@title0,@title1,@title2,@title3,@title4,@title5,@title6,@title7)
                         GROUP BY pl.parent_title, pl.carton_id, pl.item_code, pl.rack, pl.bin, pl.location_id
                         ORDER BY pl.parent_title, pl.item_code
[2026-01-14 19:52:04] INFO: PutawayTaskDataService: Querying lines for 8 tasks: PUT-20260114-0001, PUT-20260114-0002, PUT-20260114-0003, PUT-20260114-0004, PUT-20260114-0005, PUT-20260114-0006, PUT-20260114-0007, PUT-20260114-0008
[2026-01-14 19:52:04] INFO: PutawayTaskDataService: Read 11 lines, now looking up location_ids from tabLocation
[2026-01-14 19:52:04] INFO: PutawayTaskDataService: Added line for PUT-20260114-0001: SKU-HAT-301-RED-OS (Qty: 2, Carton: NULL)
[2026-01-14 19:52:04] INFO: PutawayTaskDataService: Added line for PUT-20260114-0002: SKU-JACKET-201-BLK-L (Qty: 2, Carton: NULL)
[2026-01-14 19:52:04] INFO: PutawayTaskDataService: Added line for PUT-20260114-0003: SKU-JACKET-201-BLK-M (Qty: 2, Carton: NULL)
[2026-01-14 19:52:04] INFO: PutawayTaskDataService: Added line for PUT-20260114-0004: SKU-HAT-301-BLU-OS (Qty: 2, Carton: NULL)
[2026-01-14 19:52:04] INFO: PutawayTaskDataService: Added line for PUT-20260114-0004: SKU-HAT-301-GRN-OS (Qty: 2, Carton: NULL)
[2026-01-14 19:52:04] INFO: PutawayTaskDataService: Added line for PUT-20260114-0005: SKU-HAT-301-BLU-OS (Qty: 2, Carton: NULL)
[2026-01-14 19:52:04] INFO: PutawayTaskDataService: Added line for PUT-20260114-0006: SKU-HAT-301-GRN-OS (Qty: 2, Carton: NULL)
[2026-01-14 19:52:04] INFO: PutawayTaskDataService: Added line for PUT-20260114-0007: SKU-HAT-301-BLU-OS (Qty: 10, Carton: BOX-12345)
[2026-01-14 19:52:04] INFO: PutawayTaskDataService: Added line for PUT-20260114-0007: SKU-HAT-301-GRN-OS (Qty: 5, Carton: BOX-12345)
[2026-01-14 19:52:04] INFO: PutawayTaskDataService: Added line for PUT-20260114-0007: SKU-HAT-301-RED-OS (Qty: 2, Carton: NULL)
[2026-01-14 19:52:04] INFO: PutawayTaskDataService: Added line for PUT-20260114-0008: SKU-JACKET-201-BLK-L (Qty: 2, Carton: NULL)
[2026-01-14 19:52:04] INFO: PutawayTaskDataService: Total lines read from database: 22, Unique parent titles with lines: 8
[2026-01-14 19:52:04] INFO: PutawayTaskDataService: Task PUT-20260114-0001 has 1 line(s)
[2026-01-14 19:52:04] INFO: PutawayTaskDataService: Task PUT-20260114-0002 has 1 line(s)
[2026-01-14 19:52:04] INFO: PutawayTaskDataService: Task PUT-20260114-0003 has 1 line(s)
[2026-01-14 19:52:04] INFO: PutawayTaskDataService: Task PUT-20260114-0004 has 2 line(s)
[2026-01-14 19:52:04] INFO: PutawayTaskDataService: Task PUT-20260114-0005 has 1 line(s)
[2026-01-14 19:52:04] INFO: PutawayTaskDataService: Task PUT-20260114-0006 has 1 line(s)
[2026-01-14 19:52:04] INFO: PutawayTaskDataService: Task PUT-20260114-0007 has 3 line(s)
[2026-01-14 19:52:04] INFO: PutawayTaskDataService: Task PUT-20260114-0008 has 1 line(s)
[2026-01-14 19:52:04] INFO: PutawayTaskDataService: Total tasks loaded: 8
[2026-01-14 19:52:04] INFO: PutawayTaskListViewModel: Loaded 8 putaway tasks from database, 8 unique tasks displayed
[2026-01-14 19:54:08] INFO: TransactionHistoryViewModel: Loading data with filters - FromDate: 2025-10-16, ToDate: 2026-01-15
[2026-01-14 19:54:08] INFO: TransactionHistoryService: Calling API: http://localhost:3000/api/transaction-history?from_date=2025-10-16&to_date=2026-01-15&limit=1000
[2026-01-14 19:54:10] INFO: TransactionHistoryService: API Response received (length: 9031)
[2026-01-14 19:54:10] INFO: TransactionHistoryService: Sample transaction from API (first 500 chars): {"id":46,"transaction_id":360,"transaction_number":"TXN-20260114-00360","transaction_date":"2026-01-14T16:49:49.000Z","transaction_type":"Putaway","reference_doc_type":"Putaway Task","reference_doc":"PUT-20260114-0007","wms_transaction_title":null,"item_code":"SKU-HAT-301-GRN-OS","item_name":"Baseball Cap Green One Size","warehouse":"WH-MAIN","warehouse_name":"Main Warehouse","bin_location":"A1-R02-L1-B2","location_id":"A1-R02-L1-B2","carton_id":"BOX-12345","batch_no":null,"serial_no":null,"qty_
[2026-01-14 19:54:10] INFO: TransactionHistoryService: Deserialized first transaction - ID: 46, TransactionNumber: TXN-20260114-00360, TransactionDate: 1/14/2026 4:49:49 PM, ItemCode: SKU-HAT-301-GRN-OS, TransactionType: Putaway
[2026-01-14 19:54:10] INFO: TransactionHistoryService: Parsed 12 transactions from API response
[2026-01-14 19:54:10] INFO: TransactionHistoryViewModel: Service returned 12 transactions
[2026-01-14 19:54:10] INFO: TransactionHistoryViewModel: Loaded 12 transactions
[2026-01-14 20:00:17] INFO: TransactionHistoryViewModel: Loading data with filters - FromDate: 2025-10-16, ToDate: 2026-01-15
[2026-01-14 20:00:17] INFO: TransactionHistoryService: Calling API: http://localhost:3000/api/transaction-history?from_date=2025-10-16&to_date=2026-01-15&limit=1000
[2026-01-14 20:00:19] INFO: TransactionHistoryService: API Response received (length: 9031)
[2026-01-14 20:00:19] INFO: TransactionHistoryService: Sample transaction from API (first 500 chars): {"id":46,"transaction_id":360,"transaction_number":"TXN-20260114-00360","transaction_date":"2026-01-14T16:49:49.000Z","transaction_type":"Putaway","reference_doc_type":"Putaway Task","reference_doc":"PUT-20260114-0007","wms_transaction_title":null,"item_code":"SKU-HAT-301-GRN-OS","item_name":"Baseball Cap Green One Size","warehouse":"WH-MAIN","warehouse_name":"Main Warehouse","bin_location":"A1-R02-L1-B2","location_id":"A1-R02-L1-B2","carton_id":"BOX-12345","batch_no":null,"serial_no":null,"qty_
[2026-01-14 20:00:19] INFO: TransactionHistoryService: Deserialized first transaction - ID: 46, TransactionNumber: TXN-20260114-00360, TransactionDate: 1/14/2026 4:49:49 PM, ItemCode: SKU-HAT-301-GRN-OS, TransactionType: Putaway
[2026-01-14 20:00:19] INFO: TransactionHistoryService: Parsed 12 transactions from API response
[2026-01-14 20:00:19] INFO: TransactionHistoryViewModel: Service returned 12 transactions
[2026-01-14 20:00:19] INFO: TransactionHistoryViewModel: Loaded 12 transactions
[2026-01-14 20:05:56] INFO: TransactionHistoryViewModel: Loading data with filters - FromDate: 2025-10-16, ToDate: 2026-01-15
[2026-01-14 20:05:56] INFO: TransactionHistoryService: Calling API: http://localhost:3000/api/transaction-history?from_date=2025-10-16&to_date=2026-01-15&limit=1000
[2026-01-14 20:05:58] INFO: TransactionHistoryService: API Response received (length: 21)
[2026-01-14 20:05:58] INFO: TransactionHistoryService: Parsed 0 transactions from API response
[2026-01-14 20:05:58] INFO: TransactionHistoryViewModel: Service returned 0 transactions
[2026-01-14 20:05:58] INFO: TransactionHistoryViewModel: No transactions found. Check API endpoint and filters.
[2026-01-14 20:11:04] INFO: PutawayTaskDataService: Loaded task PUT-20260114-0001 with status In Progress
[2026-01-14 20:11:04] INFO: PutawayTaskDataService: SQL Query: SELECT pl.parent_title, pl.carton_id, pl.item_code, SUM(pl.qty) as qty, pl.rack, pl.bin, pl.location_id
                         FROM tabPutawayLine pl
                         WHERE pl.parent_title IN (@title0)
                         GROUP BY pl.parent_title, pl.carton_id, pl.item_code, pl.rack, pl.bin, pl.location_id
                         ORDER BY pl.parent_title, pl.item_code
[2026-01-14 20:11:04] INFO: PutawayTaskDataService: Querying lines for 1 tasks: PUT-20260114-0001
[2026-01-14 20:11:04] INFO: PutawayTaskDataService: Read 2 lines, now looking up location_ids from tabLocation
[2026-01-14 20:11:04] INFO: PutawayTaskDataService: Added line for PUT-20260114-0001: SKU-HAT-301-BLU-OS (Qty: 2, Carton: NULL)
[2026-01-14 20:11:04] INFO: PutawayTaskDataService: Added line for PUT-20260114-0001: SKU-HAT-301-GRN-OS (Qty: 2, Carton: NULL)
[2026-01-14 20:11:04] INFO: PutawayTaskDataService: Total lines read from database: 4, Unique parent titles with lines: 1
[2026-01-14 20:11:04] INFO: PutawayTaskDataService: Task PUT-20260114-0001 has 2 line(s)
[2026-01-14 20:11:04] INFO: PutawayTaskDataService: Total tasks loaded: 1
[2026-01-14 20:11:04] INFO: PutawayTaskListViewModel: Loaded 1 putaway tasks from database, 1 unique tasks displayed
[2026-01-14 20:13:01] INFO: TransferCartonListView: Loaded event fired
[2026-01-14 20:13:01] INFO: TransferCartonListView: Calling RefreshAsync on ViewModel
[2026-01-14 20:13:01] INFO: TransferCartonListViewModel: Starting to load transfer cartons
[2026-01-14 20:13:01] INFO: Loading Transfer Cartons from database...
[2026-01-14 20:13:01] INFO: TransferCartonDataService: Starting schema detection
[2026-01-14 20:13:01] INFO: TransferCartonDataService: Found column 'asn_no'
[2026-01-14 20:13:01] INFO: TransferCartonDataService: Found column 'to_no'
[2026-01-14 20:13:01] INFO: TransferCartonDataService: Returning - AsnColumn=asn_no, ToColumn=to_no
[2026-01-14 20:13:01] INFO: Detected schema: AsnColumn=asn_no, ToColumn=to_no
[2026-01-14 20:13:01] INFO: Executing query: SELECT tc_id, status, asn_no, to_no, store, 
                               created_by, created_on, sealed_by, sealed_on, dispatched_on, remarks
                        FROM tabTransferCarton
                        ORDER BY created_on DESC, tc_id
[2026-01-14 20:13:01] INFO: Loaded 0 transfer cartons from database
[2026-01-14 20:13:01] INFO: TransferCartonListViewModel: Received 0 transfer cartons from service
[2026-01-14 20:13:01] INFO: TransferCartonListViewModel: Added 0 transfer cartons to collection
[2026-01-14 20:13:01] INFO: TransferCartonListView: RefreshAsync completed
[2026-01-14 20:13:01] INFO: PutawayTaskDataService: Loaded task PUT-20260114-0001 with status Completed
[2026-01-14 20:13:01] INFO: PutawayTaskDataService: SQL Query: SELECT pl.parent_title, pl.carton_id, pl.item_code, SUM(pl.qty) as qty, pl.rack, pl.bin, pl.location_id
                         FROM tabPutawayLine pl
                         WHERE pl.parent_title IN (@title0)
                         GROUP BY pl.parent_title, pl.carton_id, pl.item_code, pl.rack, pl.bin, pl.location_id
                         ORDER BY pl.parent_title, pl.item_code
[2026-01-14 20:13:01] INFO: PutawayTaskDataService: Querying lines for 1 tasks: PUT-20260114-0001
[2026-01-14 20:13:01] INFO: PutawayTaskDataService: Read 4 lines, now looking up location_ids from tabLocation
[2026-01-14 20:13:01] INFO: PutawayTaskDataService: Added line for PUT-20260114-0001: SKU-HAT-301-BLU-OS (Qty: 2, Carton: NULL)
[2026-01-14 20:13:01] INFO: PutawayTaskDataService: Added line for PUT-20260114-0001: SKU-HAT-301-BLU-OS (Qty: 10, Carton: BOX-12345)
[2026-01-14 20:13:01] INFO: PutawayTaskDataService: Added line for PUT-20260114-0001: SKU-HAT-301-GRN-OS (Qty: 2, Carton: NULL)
[2026-01-14 20:13:01] INFO: PutawayTaskDataService: Added line for PUT-20260114-0001: SKU-HAT-301-GRN-OS (Qty: 5, Carton: BOX-12345)
[2026-01-14 20:13:01] INFO: PutawayTaskDataService: Total lines read from database: 8, Unique parent titles with lines: 1
[2026-01-14 20:13:01] INFO: PutawayTaskDataService: Task PUT-20260114-0001 has 4 line(s)
[2026-01-14 20:13:01] INFO: PutawayTaskDataService: Total tasks loaded: 1
[2026-01-14 20:13:01] INFO: PutawayTaskListViewModel: Loaded 1 putaway tasks from database, 1 unique tasks displayed
[2026-01-14 20:33:22] INFO: TransferCartonListView: Loaded event fired
[2026-01-14 20:33:22] INFO: TransferCartonListView: Calling RefreshAsync on ViewModel
[2026-01-14 20:33:22] INFO: TransferCartonListViewModel: Starting to load transfer cartons
[2026-01-14 20:33:22] INFO: Loading Transfer Cartons from database...
[2026-01-14 20:33:22] INFO: TransferCartonDataService: Starting schema detection
[2026-01-14 20:33:22] INFO: TransferCartonDataService: Found column 'asn_no'
[2026-01-14 20:33:22] INFO: TransferCartonDataService: Found column 'to_no'
[2026-01-14 20:33:22] INFO: TransferCartonDataService: Returning - AsnColumn=asn_no, ToColumn=to_no
[2026-01-14 20:33:22] INFO: Detected schema: AsnColumn=asn_no, ToColumn=to_no
[2026-01-14 20:33:22] INFO: Executing query: SELECT tc_id, status, asn_no, to_no, store, 
                               created_by, created_on, sealed_by, sealed_on, dispatched_on, remarks
                        FROM tabTransferCarton
                        ORDER BY created_on DESC, tc_id
[2026-01-14 20:33:22] INFO: Loaded 0 transfer cartons from database
[2026-01-14 20:33:22] INFO: TransferCartonListViewModel: Received 0 transfer cartons from service
[2026-01-14 20:33:22] INFO: TransferCartonListViewModel: Added 0 transfer cartons to collection
[2026-01-14 20:33:22] INFO: TransferCartonListView: RefreshAsync completed
[2026-01-14 20:33:22] INFO: PutawayTaskDataService: Loaded task PUT-20260114-0001 with status Completed
[2026-01-14 20:33:22] INFO: PutawayTaskDataService: Loaded task PUT-20260114-0002 with status In Progress
[2026-01-14 20:33:22] INFO: PutawayTaskDataService: Loaded task PUT-20260114-0003 with status Completed
[2026-01-14 20:33:22] INFO: PutawayTaskDataService: SQL Query: SELECT pl.parent_title, pl.carton_id, pl.item_code, SUM(pl.qty) as qty, pl.rack, pl.bin, pl.location_id
                         FROM tabPutawayLine pl
                         WHERE pl.parent_title IN (@title0,@title1,@title2)
                         GROUP BY pl.parent_title, pl.carton_id, pl.item_code, pl.rack, pl.bin, pl.location_id
                         ORDER BY pl.parent_title, pl.item_code
[2026-01-14 20:33:22] INFO: PutawayTaskDataService: Querying lines for 3 tasks: PUT-20260114-0001, PUT-20260114-0002, PUT-20260114-0003
[2026-01-14 20:33:22] INFO: PutawayTaskDataService: Read 7 lines, now looking up location_ids from tabLocation
[2026-01-14 20:33:22] INFO: PutawayTaskDataService: Added line for PUT-20260114-0001: SKU-HAT-301-BLU-OS (Qty: 2, Carton: NULL)
[2026-01-14 20:33:22] INFO: PutawayTaskDataService: Added line for PUT-20260114-0001: SKU-HAT-301-BLU-OS (Qty: 10, Carton: BOX-12345)
[2026-01-14 20:33:22] INFO: PutawayTaskDataService: Added line for PUT-20260114-0001: SKU-HAT-301-GRN-OS (Qty: 2, Carton: NULL)
[2026-01-14 20:33:22] INFO: PutawayTaskDataService: Added line for PUT-20260114-0001: SKU-HAT-301-GRN-OS (Qty: 5, Carton: BOX-12345)
[2026-01-14 20:33:22] INFO: PutawayTaskDataService: Added line for PUT-20260114-0002: SKU-HAT-301-RED-OS (Qty: 2, Carton: NULL)
[2026-01-14 20:33:22] INFO: PutawayTaskDataService: Added line for PUT-20260114-0003: SKU-JACKET-201-BLK-L (Qty: 2, Carton: TI-PUT-20260114-0003)
[2026-01-14 20:33:22] INFO: PutawayTaskDataService: Added line for PUT-20260114-0003: SKU-JACKET-201-BLK-L (Qty: 2, Carton: NULL)
[2026-01-14 20:33:22] INFO: PutawayTaskDataService: Total lines read from database: 14, Unique parent titles with lines: 3
[2026-01-14 20:33:22] INFO: PutawayTaskDataService: Task PUT-20260114-0001 has 4 line(s)
[2026-01-14 20:33:22] INFO: PutawayTaskDataService: Task PUT-20260114-0002 has 1 line(s)
[2026-01-14 20:33:22] INFO: PutawayTaskDataService: Task PUT-20260114-0003 has 2 line(s)
[2026-01-14 20:33:22] INFO: PutawayTaskDataService: Total tasks loaded: 3
[2026-01-14 20:33:23] INFO: PutawayTaskListViewModel: Loaded 3 putaway tasks from database, 3 unique tasks displayed
[2026-01-14 20:33:39] INFO: TransactionHistoryViewModel: Loading data with filters - FromDate: 2025-10-16, ToDate: 2026-01-15
[2026-01-14 20:33:39] INFO: TransactionHistoryService: Calling API: http://localhost:3000/api/transaction-history?from_date=2025-10-16&to_date=2026-01-15&limit=1000
[2026-01-14 20:33:41] INFO: TransactionHistoryService: API Response received (length: 2267)
[2026-01-14 20:33:41] INFO: TransactionHistoryService: Sample transaction from API (first 500 chars): {"id":49,"transaction_id":363,"transaction_number":"TXN-20260114-00363","transaction_date":"2026-01-14T17:33:04.000Z","transaction_type":"Putaway","reference_doc_type":"Putaway Task","reference_doc":"PUT-20260114-0003","wms_transaction_title":null,"item_code":"SKU-JACKET-201-BLK-L","item_name":"Winter Jacket Black L","warehouse":"WH-MAIN","warehouse_name":"Main Warehouse","bin_location":"A1-R02-L1-B2","location_id":"A1-R02-L1-B2","carton_id":"TI-PUT-20260114-0003","batch_no":null,"serial_no":nul
[2026-01-14 20:33:41] INFO: TransactionHistoryService: Deserialized first transaction - ID: 49, TransactionNumber: TXN-20260114-00363, TransactionDate: 1/14/2026 5:33:04 PM, ItemCode: SKU-JACKET-201-BLK-L, TransactionType: Putaway
[2026-01-14 20:33:41] INFO: TransactionHistoryService: Parsed 3 transactions from API response
[2026-01-14 20:33:41] INFO: TransactionHistoryViewModel: Service returned 3 transactions
[2026-01-14 20:33:41] INFO: TransactionHistoryViewModel: Loaded 3 transactions
[2026-01-14 20:34:02] INFO: PutawayTaskDataService: Loaded task PUT-20260114-0001 with status Completed
[2026-01-14 20:34:02] INFO: PutawayTaskDataService: Loaded task PUT-20260114-0002 with status In Progress
[2026-01-14 20:34:02] INFO: PutawayTaskDataService: Loaded task PUT-20260114-0003 with status Completed
[2026-01-14 20:34:02] INFO: PutawayTaskDataService: SQL Query: SELECT pl.parent_title, pl.carton_id, pl.item_code, SUM(pl.qty) as qty, pl.rack, pl.bin, pl.location_id
                         FROM tabPutawayLine pl
                         WHERE pl.parent_title IN (@title0,@title1,@title2)
                         GROUP BY pl.parent_title, pl.carton_id, pl.item_code, pl.rack, pl.bin, pl.location_id
                         ORDER BY pl.parent_title, pl.item_code
[2026-01-14 20:34:02] INFO: PutawayTaskDataService: Querying lines for 3 tasks: PUT-20260114-0001, PUT-20260114-0002, PUT-20260114-0003
[2026-01-14 20:34:02] INFO: PutawayTaskDataService: Read 7 lines, now looking up location_ids from tabLocation
[2026-01-14 20:34:02] INFO: PutawayTaskDataService: Added line for PUT-20260114-0001: SKU-HAT-301-BLU-OS (Qty: 2, Carton: NULL)
[2026-01-14 20:34:02] INFO: PutawayTaskDataService: Added line for PUT-20260114-0001: SKU-HAT-301-BLU-OS (Qty: 10, Carton: BOX-12345)
[2026-01-14 20:34:02] INFO: PutawayTaskDataService: Added line for PUT-20260114-0001: SKU-HAT-301-GRN-OS (Qty: 2, Carton: NULL)
[2026-01-14 20:34:02] INFO: PutawayTaskDataService: Added line for PUT-20260114-0001: SKU-HAT-301-GRN-OS (Qty: 5, Carton: BOX-12345)
[2026-01-14 20:34:02] INFO: PutawayTaskDataService: Added line for PUT-20260114-0002: SKU-HAT-301-RED-OS (Qty: 2, Carton: NULL)
[2026-01-14 20:34:02] INFO: PutawayTaskDataService: Added line for PUT-20260114-0003: SKU-JACKET-201-BLK-L (Qty: 2, Carton: TI-PUT-20260114-0003)
[2026-01-14 20:34:02] INFO: PutawayTaskDataService: Added line for PUT-20260114-0003: SKU-JACKET-201-BLK-L (Qty: 2, Carton: NULL)
[2026-01-14 20:34:02] INFO: PutawayTaskDataService: Total lines read from database: 14, Unique parent titles with lines: 3
[2026-01-14 20:34:02] INFO: PutawayTaskDataService: Task PUT-20260114-0001 has 4 line(s)
[2026-01-14 20:34:02] INFO: PutawayTaskDataService: Task PUT-20260114-0002 has 1 line(s)
[2026-01-14 20:34:02] INFO: PutawayTaskDataService: Task PUT-20260114-0003 has 2 line(s)
[2026-01-14 20:34:02] INFO: PutawayTaskDataService: Total tasks loaded: 3
[2026-01-14 20:34:02] INFO: PutawayTaskListViewModel: Loaded 3 putaway tasks from database, 3 unique tasks displayed
[2026-01-14 20:34:18] INFO: ItemLocationBreakdownViewModel: Refreshing location data for SKU-HAT-301-BLU-OS using API
[2026-01-14 20:34:18] INFO: ItemLocationBreakdownViewModel: Loading location data for SKU-HAT-301-BLU-OS, trying warehouses: WH-MAIN, Main Warehouse, WH-Main
[2026-01-14 20:34:18] INFO: ItemLocationStockService: Calling API: http://localhost:3000/api/stock/item/SKU-HAT-301-BLU-OS/warehouse/WH-MAIN?format=grouped
[2026-01-14 20:34:20] INFO: ItemLocationStockService: Received 1 location(s) from API
[2026-01-14 20:34:20] INFO: ItemLocationBreakdownViewModel: Found 1 location(s) in warehouse 'WH-MAIN' via API
[2026-01-14 20:34:20] INFO: ItemLocationBreakdownViewModel: Processing 1 location(s) from API for SKU-HAT-301-BLU-OS in warehouse 'WH-MAIN'
[2026-01-14 20:34:20] INFO: ItemLocationBreakdownViewModel: Processed 1 location detail(s) from API
[2026-01-14 20:34:20] INFO: ItemLocationBreakdownViewModel: Cleared locations collection, current count: 0
[2026-01-14 20:34:20] INFO: ItemLocationBreakdownViewModel: Added location A1-R02-L1-B2 (Zone: Zone A, Rack: Rack 02, Bin: B2, Carton: BOX-12345, Available Qty: 2)
[2026-01-14 20:34:20] INFO: ItemLocationBreakdownViewModel: Final count - Added 1 locations, Total Available Qty: 2, Collection Count: 1
[2026-01-14 20:40:33] INFO: TransactionHistoryViewModel: Loading data with filters - FromDate: 2025-10-16, ToDate: 2026-01-15
[2026-01-14 20:40:33] INFO: TransactionHistoryService: Calling API: http://localhost:3000/api/transaction-history?from_date=2025-10-16&to_date=2026-01-15&limit=1000
[2026-01-14 20:40:35] INFO: TransactionHistoryService: API Response received (length: 3023)
[2026-01-14 20:40:35] INFO: TransactionHistoryService: Sample transaction from API (first 500 chars): {"id":50,"transaction_id":364,"transaction_number":"TXN-20260114-00364","transaction_date":"2026-01-14T17:40:04.000Z","transaction_type":"Putaway","reference_doc_type":"Putaway Task","reference_doc":"PUT-20260114-0004","wms_transaction_title":null,"item_code":"SKU-JACKET-201-BLK-M","item_name":"Winter Jacket Black M","warehouse":"WH-MAIN","warehouse_name":"Main Warehouse","bin_location":"A1-R02-L1-B2","location_id":"A1-R02-L1-B2","carton_id":"TI-PUT-20260114-0004","batch_no":null,"serial_no":nul
[2026-01-14 20:40:35] INFO: TransactionHistoryService: Deserialized first transaction - ID: 50, TransactionNumber: TXN-20260114-00364, TransactionDate: 1/14/2026 5:40:04 PM, ItemCode: SKU-JACKET-201-BLK-M, TransactionType: Putaway
[2026-01-14 20:40:35] INFO: TransactionHistoryService: Parsed 4 transactions from API response
[2026-01-14 20:40:35] INFO: TransactionHistoryViewModel: Service returned 4 transactions
[2026-01-14 20:40:35] INFO: TransactionHistoryViewModel: Loaded 4 transactions
[2026-01-14 20:40:43] INFO: PutawayTaskDataService: Loaded task PUT-20260114-0001 with status Completed
[2026-01-14 20:40:43] INFO: PutawayTaskDataService: Loaded task PUT-20260114-0002 with status In Progress
[2026-01-14 20:40:43] INFO: PutawayTaskDataService: Loaded task PUT-20260114-0003 with status Completed
[2026-01-14 20:40:43] INFO: PutawayTaskDataService: Loaded task PUT-20260114-0004 with status Completed
[2026-01-14 20:40:43] INFO: PutawayTaskDataService: SQL Query: SELECT pl.parent_title, pl.carton_id, pl.item_code, SUM(pl.qty) as qty, pl.rack, pl.bin, pl.location_id
                         FROM tabPutawayLine pl
                         WHERE pl.parent_title IN (@title0,@title1,@title2,@title3)
                         GROUP BY pl.parent_title, pl.carton_id, pl.item_code, pl.rack, pl.bin, pl.location_id
                         ORDER BY pl.parent_title, pl.item_code
[2026-01-14 20:40:43] INFO: PutawayTaskDataService: Querying lines for 4 tasks: PUT-20260114-0001, PUT-20260114-0002, PUT-20260114-0003, PUT-20260114-0004
[2026-01-14 20:40:43] INFO: PutawayTaskDataService: Read 9 lines, now looking up location_ids from tabLocation
[2026-01-14 20:40:43] INFO: PutawayTaskDataService: Added line for PUT-20260114-0001: SKU-HAT-301-BLU-OS (Qty: 2, Carton: NULL)
[2026-01-14 20:40:43] INFO: PutawayTaskDataService: Added line for PUT-20260114-0001: SKU-HAT-301-BLU-OS (Qty: 10, Carton: BOX-12345)
[2026-01-14 20:40:43] INFO: PutawayTaskDataService: Added line for PUT-20260114-0001: SKU-HAT-301-GRN-OS (Qty: 2, Carton: NULL)
[2026-01-14 20:40:43] INFO: PutawayTaskDataService: Added line for PUT-20260114-0001: SKU-HAT-301-GRN-OS (Qty: 5, Carton: BOX-12345)
[2026-01-14 20:40:43] INFO: PutawayTaskDataService: Added line for PUT-20260114-0002: SKU-HAT-301-RED-OS (Qty: 2, Carton: NULL)
[2026-01-14 20:40:43] INFO: PutawayTaskDataService: Added line for PUT-20260114-0003: SKU-JACKET-201-BLK-L (Qty: 2, Carton: TI-PUT-20260114-0003)
[2026-01-14 20:40:43] INFO: PutawayTaskDataService: Added line for PUT-20260114-0003: SKU-JACKET-201-BLK-L (Qty: 2, Carton: NULL)
[2026-01-14 20:40:43] INFO: PutawayTaskDataService: Added line for PUT-20260114-0004: SKU-JACKET-201-BLK-M (Qty: 2, Carton: TI-PUT-20260114-0004)
[2026-01-14 20:40:43] INFO: PutawayTaskDataService: Added line for PUT-20260114-0004: SKU-JACKET-201-BLK-M (Qty: 2, Carton: NULL)
[2026-01-14 20:40:43] INFO: PutawayTaskDataService: Total lines read from database: 18, Unique parent titles with lines: 4
[2026-01-14 20:40:43] INFO: PutawayTaskDataService: Task PUT-20260114-0001 has 4 line(s)
[2026-01-14 20:40:43] INFO: PutawayTaskDataService: Task PUT-20260114-0002 has 1 line(s)
[2026-01-14 20:40:43] INFO: PutawayTaskDataService: Task PUT-20260114-0003 has 2 line(s)
[2026-01-14 20:40:43] INFO: PutawayTaskDataService: Task PUT-20260114-0004 has 2 line(s)
[2026-01-14 20:40:43] INFO: PutawayTaskDataService: Total tasks loaded: 4
[2026-01-14 20:40:43] INFO: PutawayTaskListViewModel: Loaded 4 putaway tasks from database, 4 unique tasks displayed
[2026-01-14 20:41:23] INFO: ItemLocationBreakdownViewModel: Refreshing location data for SKU-JACKET-201-BLK-L using API
[2026-01-14 20:41:23] INFO: ItemLocationBreakdownViewModel: Loading location data for SKU-JACKET-201-BLK-L, trying warehouses: WH-MAIN, Main Warehouse, WH-Main
[2026-01-14 20:41:23] INFO: ItemLocationStockService: Calling API: http://localhost:3000/api/stock/item/SKU-JACKET-201-BLK-L/warehouse/WH-MAIN?format=grouped
[2026-01-14 20:41:25] INFO: ItemLocationStockService: Received 1 location(s) from API
[2026-01-14 20:41:25] INFO: ItemLocationBreakdownViewModel: Found 1 location(s) in warehouse 'WH-MAIN' via API
[2026-01-14 20:41:25] INFO: ItemLocationBreakdownViewModel: Processing 1 location(s) from API for SKU-JACKET-201-BLK-L in warehouse 'WH-MAIN'
[2026-01-14 20:41:25] INFO: ItemLocationBreakdownViewModel: Processed 1 location detail(s) from API
[2026-01-14 20:41:25] INFO: ItemLocationBreakdownViewModel: Cleared locations collection, current count: 0
[2026-01-14 20:41:25] INFO: ItemLocationBreakdownViewModel: Added location A1-R02-L1-B2 (Zone: Zone A, Rack: Rack 02, Bin: B2, Carton: TI-PUT-20260114-0003, Available Qty: 2)
[2026-01-14 20:41:25] INFO: ItemLocationBreakdownViewModel: Final count - Added 1 locations, Total Available Qty: 2, Collection Count: 1
[2026-01-14 20:42:33] INFO: PutawayTaskDataService: Loaded task PUT-20260114-0001 with status Completed
[2026-01-14 20:42:33] INFO: PutawayTaskDataService: Loaded task PUT-20260114-0002 with status In Progress
[2026-01-14 20:42:33] INFO: PutawayTaskDataService: Loaded task PUT-20260114-0003 with status Completed
[2026-01-14 20:42:33] INFO: PutawayTaskDataService: Loaded task PUT-20260114-0004 with status Completed
[2026-01-14 20:42:33] INFO: PutawayTaskDataService: SQL Query: SELECT pl.parent_title, pl.carton_id, pl.item_code, SUM(pl.qty) as qty, pl.rack, pl.bin, pl.location_id
                         FROM tabPutawayLine pl
                         WHERE pl.parent_title IN (@title0,@title1,@title2,@title3)
                         GROUP BY pl.parent_title, pl.carton_id, pl.item_code, pl.rack, pl.bin, pl.location_id
                         ORDER BY pl.parent_title, pl.item_code
[2026-01-14 20:42:33] INFO: PutawayTaskDataService: Querying lines for 4 tasks: PUT-20260114-0001, PUT-20260114-0002, PUT-20260114-0003, PUT-20260114-0004
[2026-01-14 20:42:33] INFO: PutawayTaskDataService: Read 9 lines, now looking up location_ids from tabLocation
[2026-01-14 20:42:33] INFO: PutawayTaskDataService: Added line for PUT-20260114-0001: SKU-HAT-301-BLU-OS (Qty: 2, Carton: NULL)
[2026-01-14 20:42:33] INFO: PutawayTaskDataService: Added line for PUT-20260114-0001: SKU-HAT-301-BLU-OS (Qty: 10, Carton: BOX-12345)
[2026-01-14 20:42:33] INFO: PutawayTaskDataService: Added line for PUT-20260114-0001: SKU-HAT-301-GRN-OS (Qty: 2, Carton: NULL)
[2026-01-14 20:42:33] INFO: PutawayTaskDataService: Added line for PUT-20260114-0001: SKU-HAT-301-GRN-OS (Qty: 5, Carton: BOX-12345)
[2026-01-14 20:42:33] INFO: PutawayTaskDataService: Added line for PUT-20260114-0002: SKU-HAT-301-RED-OS (Qty: 2, Carton: NULL)
[2026-01-14 20:42:33] INFO: PutawayTaskDataService: Added line for PUT-20260114-0003: SKU-JACKET-201-BLK-L (Qty: 2, Carton: TI-PUT-20260114-0003)
[2026-01-14 20:42:33] INFO: PutawayTaskDataService: Added line for PUT-20260114-0003: SKU-JACKET-201-BLK-L (Qty: 2, Carton: NULL)
[2026-01-14 20:42:33] INFO: PutawayTaskDataService: Added line for PUT-20260114-0004: SKU-JACKET-201-BLK-M (Qty: 2, Carton: TI-PUT-20260114-0004)
[2026-01-14 20:42:33] INFO: PutawayTaskDataService: Added line for PUT-20260114-0004: SKU-JACKET-201-BLK-M (Qty: 2, Carton: NULL)
[2026-01-14 20:42:33] INFO: PutawayTaskDataService: Total lines read from database: 18, Unique parent titles with lines: 4
[2026-01-14 20:42:33] INFO: PutawayTaskDataService: Task PUT-20260114-0001 has 4 line(s)
[2026-01-14 20:42:33] INFO: PutawayTaskDataService: Task PUT-20260114-0002 has 1 line(s)
[2026-01-14 20:42:33] INFO: PutawayTaskDataService: Task PUT-20260114-0003 has 2 line(s)
[2026-01-14 20:42:33] INFO: PutawayTaskDataService: Task PUT-20260114-0004 has 2 line(s)
[2026-01-14 20:42:33] INFO: PutawayTaskDataService: Total tasks loaded: 4
[2026-01-14 20:42:33] INFO: PutawayTaskListViewModel: Loaded 4 putaway tasks from database, 4 unique tasks displayed
[2026-01-14 20:51:38] INFO: TransferCartonListView: Loaded event fired
[2026-01-14 20:51:38] INFO: TransferCartonListView: Calling RefreshAsync on ViewModel
[2026-01-14 20:51:38] INFO: TransferCartonListViewModel: Starting to load transfer cartons
[2026-01-14 20:51:38] INFO: Loading Transfer Cartons from database...
[2026-01-14 20:51:38] INFO: TransferCartonDataService: Starting schema detection
[2026-01-14 20:51:38] INFO: TransferCartonDataService: Found column 'asn_no'
[2026-01-14 20:51:38] INFO: TransferCartonDataService: Found column 'to_no'
[2026-01-14 20:51:38] INFO: TransferCartonDataService: Returning - AsnColumn=asn_no, ToColumn=to_no
[2026-01-14 20:51:38] INFO: Detected schema: AsnColumn=asn_no, ToColumn=to_no
[2026-01-14 20:51:38] INFO: Executing query: SELECT tc_id, status, asn_no, to_no, store, 
                               created_by, created_on, sealed_by, sealed_on, dispatched_on, remarks
                        FROM tabTransferCarton
                        ORDER BY created_on DESC, tc_id
[2026-01-14 20:51:38] INFO: Loaded 0 transfer cartons from database
[2026-01-14 20:51:38] INFO: TransferCartonListViewModel: Received 0 transfer cartons from service
[2026-01-14 20:51:38] INFO: TransferCartonListViewModel: Added 0 transfer cartons to collection
[2026-01-14 20:51:38] INFO: TransferCartonListView: RefreshAsync completed
[2026-01-14 20:51:38] INFO: PutawayTaskDataService: Loaded task PUT-20260114-0001 with status Completed
[2026-01-14 20:51:38] INFO: PutawayTaskDataService: Loaded task PUT-20260114-0002 with status In Progress
[2026-01-14 20:51:38] INFO: PutawayTaskDataService: Loaded task PUT-20260114-0003 with status Completed
[2026-01-14 20:51:38] INFO: PutawayTaskDataService: Loaded task PUT-20260114-0004 with status Completed
[2026-01-14 20:51:38] INFO: PutawayTaskDataService: Loaded task PUT-20260114-0005 with status Completed
[2026-01-14 20:51:38] INFO: PutawayTaskDataService: SQL Query: SELECT pl.parent_title, pl.carton_id, pl.item_code, SUM(pl.qty) as qty, pl.rack, pl.bin, pl.location_id
                         FROM tabPutawayLine pl
                         WHERE pl.parent_title IN (@title0,@title1,@title2,@title3,@title4)
                         GROUP BY pl.parent_title, pl.carton_id, pl.item_code, pl.rack, pl.bin, pl.location_id
                         ORDER BY pl.parent_title, pl.item_code
[2026-01-14 20:51:38] INFO: PutawayTaskDataService: Querying lines for 5 tasks: PUT-20260114-0001, PUT-20260114-0002, PUT-20260114-0003, PUT-20260114-0004, PUT-20260114-0005
[2026-01-14 20:51:38] INFO: PutawayTaskDataService: Read 11 lines, now looking up location_ids from tabLocation
[2026-01-14 20:51:38] INFO: PutawayTaskDataService: Added line for PUT-20260114-0001: SKU-HAT-301-BLU-OS (Qty: 2, Carton: NULL)
[2026-01-14 20:51:38] INFO: PutawayTaskDataService: Added line for PUT-20260114-0001: SKU-HAT-301-BLU-OS (Qty: 10, Carton: BOX-12345)
[2026-01-14 20:51:38] INFO: PutawayTaskDataService: Added line for PUT-20260114-0001: SKU-HAT-301-GRN-OS (Qty: 2, Carton: NULL)
[2026-01-14 20:51:38] INFO: PutawayTaskDataService: Added line for PUT-20260114-0001: SKU-HAT-301-GRN-OS (Qty: 5, Carton: BOX-12345)
[2026-01-14 20:51:38] INFO: PutawayTaskDataService: Added line for PUT-20260114-0002: SKU-HAT-301-RED-OS (Qty: 2, Carton: NULL)
[2026-01-14 20:51:38] INFO: PutawayTaskDataService: Added line for PUT-20260114-0003: SKU-JACKET-201-BLK-L (Qty: 2, Carton: TI-PUT-20260114-0003)
[2026-01-14 20:51:38] INFO: PutawayTaskDataService: Added line for PUT-20260114-0003: SKU-JACKET-201-BLK-L (Qty: 2, Carton: NULL)
[2026-01-14 20:51:38] INFO: PutawayTaskDataService: Added line for PUT-20260114-0004: SKU-JACKET-201-BLK-M (Qty: 2, Carton: TI-PUT-20260114-0004)
[2026-01-14 20:51:38] INFO: PutawayTaskDataService: Added line for PUT-20260114-0004: SKU-JACKET-201-BLK-M (Qty: 2, Carton: NULL)
[2026-01-14 20:51:38] INFO: PutawayTaskDataService: Added line for PUT-20260114-0005: SKU-HAT-301-BLU-OS (Qty: 2, Carton: TI-PUT-20260114-0005)
[2026-01-14 20:51:38] INFO: PutawayTaskDataService: Added line for PUT-20260114-0005: SKU-HAT-301-BLU-OS (Qty: 2, Carton: NULL)
[2026-01-14 20:51:38] INFO: PutawayTaskDataService: Total lines read from database: 22, Unique parent titles with lines: 5
[2026-01-14 20:51:38] INFO: PutawayTaskDataService: Task PUT-20260114-0001 has 4 line(s)
[2026-01-14 20:51:38] INFO: PutawayTaskDataService: Task PUT-20260114-0002 has 1 line(s)
[2026-01-14 20:51:38] INFO: PutawayTaskDataService: Task PUT-20260114-0003 has 2 line(s)
[2026-01-14 20:51:38] INFO: PutawayTaskDataService: Task PUT-20260114-0004 has 2 line(s)
[2026-01-14 20:51:38] INFO: PutawayTaskDataService: Task PUT-20260114-0005 has 2 line(s)
[2026-01-14 20:51:38] INFO: PutawayTaskDataService: Total tasks loaded: 5
[2026-01-14 20:51:38] INFO: PutawayTaskListViewModel: Loaded 5 putaway tasks from database, 5 unique tasks displayed
[2026-01-14 20:57:38] INFO: TransferCartonListView: Loaded event fired
[2026-01-14 20:57:38] INFO: TransferCartonListView: Calling RefreshAsync on ViewModel
[2026-01-14 20:57:38] INFO: TransferCartonListViewModel: Starting to load transfer cartons
[2026-01-14 20:57:38] INFO: Loading Transfer Cartons from database...
[2026-01-14 20:57:38] INFO: TransferCartonDataService: Starting schema detection
[2026-01-14 20:57:38] INFO: TransferCartonDataService: Found column 'asn_no'
[2026-01-14 20:57:38] INFO: TransferCartonDataService: Found column 'to_no'
[2026-01-14 20:57:38] INFO: TransferCartonDataService: Returning - AsnColumn=asn_no, ToColumn=to_no
[2026-01-14 20:57:38] INFO: Detected schema: AsnColumn=asn_no, ToColumn=to_no
[2026-01-14 20:57:38] INFO: Executing query: SELECT tc_id, status, asn_no, to_no, store, 
                               created_by, created_on, sealed_by, sealed_on, dispatched_on, remarks
                        FROM tabTransferCarton
                        ORDER BY created_on DESC, tc_id
[2026-01-14 20:57:38] INFO: Loaded 0 transfer cartons from database
[2026-01-14 20:57:38] INFO: TransferCartonListViewModel: Received 0 transfer cartons from service
[2026-01-14 20:57:38] INFO: TransferCartonListViewModel: Added 0 transfer cartons to collection
[2026-01-14 20:57:38] INFO: TransferCartonListView: RefreshAsync completed
[2026-01-14 20:57:38] INFO: PutawayTaskDataService: Loaded task PUT-20260114-0001 with status Completed
[2026-01-14 20:57:38] INFO: PutawayTaskDataService: Loaded task PUT-20260114-0002 with status In Progress
[2026-01-14 20:57:38] INFO: PutawayTaskDataService: Loaded task PUT-20260114-0003 with status Completed
[2026-01-14 20:57:38] INFO: PutawayTaskDataService: Loaded task PUT-20260114-0004 with status Completed
[2026-01-14 20:57:38] INFO: PutawayTaskDataService: Loaded task PUT-20260114-0005 with status Completed
[2026-01-14 20:57:38] INFO: PutawayTaskDataService: Loaded task PUT-20260114-0006 with status Completed
[2026-01-14 20:57:38] INFO: PutawayTaskDataService: SQL Query: SELECT pl.parent_title, pl.carton_id, pl.item_code, SUM(pl.qty) as qty, pl.rack, pl.bin, pl.location_id
                         FROM tabPutawayLine pl
                         WHERE pl.parent_title IN (@title0,@title1,@title2,@title3,@title4,@title5)
                         GROUP BY pl.parent_title, pl.carton_id, pl.item_code, pl.rack, pl.bin, pl.location_id
                         ORDER BY pl.parent_title, pl.item_code
[2026-01-14 20:57:38] INFO: PutawayTaskDataService: Querying lines for 6 tasks: PUT-20260114-0001, PUT-20260114-0002, PUT-20260114-0003, PUT-20260114-0004, PUT-20260114-0005, PUT-20260114-0006
[2026-01-14 20:57:38] INFO: PutawayTaskDataService: Read 13 lines, now looking up location_ids from tabLocation
[2026-01-14 20:57:38] INFO: PutawayTaskDataService: Added line for PUT-20260114-0001: SKU-HAT-301-BLU-OS (Qty: 2, Carton: NULL)
[2026-01-14 20:57:38] INFO: PutawayTaskDataService: Added line for PUT-20260114-0001: SKU-HAT-301-BLU-OS (Qty: 10, Carton: BOX-12345)
[2026-01-14 20:57:38] INFO: PutawayTaskDataService: Added line for PUT-20260114-0001: SKU-HAT-301-GRN-OS (Qty: 2, Carton: NULL)
[2026-01-14 20:57:38] INFO: PutawayTaskDataService: Added line for PUT-20260114-0001: SKU-HAT-301-GRN-OS (Qty: 5, Carton: BOX-12345)
[2026-01-14 20:57:38] INFO: PutawayTaskDataService: Added line for PUT-20260114-0002: SKU-HAT-301-RED-OS (Qty: 2, Carton: NULL)
[2026-01-14 20:57:38] INFO: PutawayTaskDataService: Added line for PUT-20260114-0003: SKU-JACKET-201-BLK-L (Qty: 2, Carton: TI-PUT-20260114-0003)
[2026-01-14 20:57:38] INFO: PutawayTaskDataService: Added line for PUT-20260114-0003: SKU-JACKET-201-BLK-L (Qty: 2, Carton: NULL)
[2026-01-14 20:57:38] INFO: PutawayTaskDataService: Added line for PUT-20260114-0004: SKU-JACKET-201-BLK-M (Qty: 2, Carton: TI-PUT-20260114-0004)
[2026-01-14 20:57:38] INFO: PutawayTaskDataService: Added line for PUT-20260114-0004: SKU-JACKET-201-BLK-M (Qty: 2, Carton: NULL)
[2026-01-14 20:57:38] INFO: PutawayTaskDataService: Added line for PUT-20260114-0005: SKU-HAT-301-BLU-OS (Qty: 2, Carton: TI-PUT-20260114-0005)
[2026-01-14 20:57:38] INFO: PutawayTaskDataService: Added line for PUT-20260114-0005: SKU-HAT-301-BLU-OS (Qty: 2, Carton: NULL)
[2026-01-14 20:57:38] INFO: PutawayTaskDataService: Added line for PUT-20260114-0006: SKU-HAT-301-GRN-OS (Qty: 2, Carton: TI-PUT-20260114-0006)
[2026-01-14 20:57:38] INFO: PutawayTaskDataService: Added line for PUT-20260114-0006: SKU-HAT-301-GRN-OS (Qty: 2, Carton: NULL)
[2026-01-14 20:57:38] INFO: PutawayTaskDataService: Total lines read from database: 26, Unique parent titles with lines: 6
[2026-01-14 20:57:38] INFO: PutawayTaskDataService: Task PUT-20260114-0001 has 4 line(s)
[2026-01-14 20:57:38] INFO: PutawayTaskDataService: Task PUT-20260114-0002 has 1 line(s)
[2026-01-14 20:57:38] INFO: PutawayTaskDataService: Task PUT-20260114-0003 has 2 line(s)
[2026-01-14 20:57:38] INFO: PutawayTaskDataService: Task PUT-20260114-0004 has 2 line(s)
[2026-01-14 20:57:38] INFO: PutawayTaskDataService: Task PUT-20260114-0005 has 2 line(s)
[2026-01-14 20:57:38] INFO: PutawayTaskDataService: Task PUT-20260114-0006 has 2 line(s)
[2026-01-14 20:57:38] INFO: PutawayTaskDataService: Total tasks loaded: 6
[2026-01-14 20:57:38] INFO: PutawayTaskListViewModel: Loaded 6 putaway tasks from database, 6 unique tasks displayed
