[2026-04-21 11:30:32] INFO: AuthService: Attempting login to http://localhost:3000/api/auth/login for user sysadmin
[2026-04-21 11:30:34] INFO: AuthService: Login response status: OK
[2026-04-21 11:30:34] INFO: AuthService: Login successful for user sysadmin
[2026-04-21 11:30:40] INFO: TransferCartonListView: Loaded event fired
[2026-04-21 11:30:40] INFO: TransferCartonListView: Calling RefreshAsync on ViewModel
[2026-04-21 11:30:40] INFO: TransferCartonListViewModel: Starting to load transfer cartons
[2026-04-21 11:30:40] INFO: Loading Transfer Cartons from database...
[2026-04-21 11:30:40] INFO: TransferCartonDataService: Starting schema detection
[2026-04-21 11:30:40] INFO: TransferCartonDataService: Found column 'asn_no'
[2026-04-21 11:30:40] INFO: TransferCartonDataService: Found column 'to_no'
[2026-04-21 11:30:40] INFO: TransferCartonDataService: Returning - AsnColumn=asn_no, ToColumn=to_no
[2026-04-21 11:30:40] INFO: Detected schema: AsnColumn=asn_no, ToColumn=to_no
[2026-04-21 11:30:40] INFO: Executing query: SELECT tc_id, status, asn_no, to_no, store, 
                               created_by, created_on, sealed_by, sealed_on, dispatched_on, remarks,
                               purchase_receipt_no, purchase_receipt_docstatus, purchase_receipt_created, purchase_receipt_submitted,
                               warehouse_transfer_no, warehouse_transfer_created
                        FROM tabTransferCarton
                        ORDER BY created_on DESC, tc_id
[2026-04-21 11:30:40] INFO: Loaded 1 transfer cartons from database
[2026-04-21 11:30:40] INFO: TransferCartonListViewModel: Received 1 transfer cartons from service
[2026-04-21 11:30:40] INFO: TransferCartonListViewModel: Added 1 transfer cartons to collection
[2026-04-21 11:30:40] INFO: TransferCartonListView: RefreshAsync completed
[2026-04-21 11:30:42] INFO: TransferCartonDetailViewModel: Loading data for TC-0002-1776759189124
[2026-04-21 11:30:42] INFO: ASN ASN-0001 Carton CNWH12858: Assigned=Assigned, Actual=Assigned, ReceivedQty=0
[2026-04-21 11:30:42] INFO: ASN ASN-0001 Carton CNWH12854: Assigned=Assigned, Actual=Assigned, ReceivedQty=0
[2026-04-21 11:30:42] INFO: ASN ASN-0001 Carton CNWH15390: Assigned=Assigned, Actual=Assigned, ReceivedQty=0
[2026-04-21 11:30:42] INFO: ASN ASN-0001 Carton CNWH42441: Assigned=Assigned, Actual=Assigned, ReceivedQty=0
[2026-04-21 11:30:42] INFO: ASN ASN-0001 Carton CNWH64571: Assigned=Assigned, Actual=Assigned, ReceivedQty=0
[2026-04-21 11:30:42] INFO: ASN ASN-0001 Carton CNWH64521: Assigned=Assigned, Actual=Assigned, ReceivedQty=0
[2026-04-21 11:30:42] INFO: ASN ASN-0001 Carton CNWH63561: Assigned=Assigned, Actual=Assigned, ReceivedQty=0
[2026-04-21 11:30:42] INFO: ASN ASN-0001 Carton CNWH63609: Assigned=Assigned, Actual=Assigned, ReceivedQty=0
[2026-04-21 11:30:42] INFO: ASN ASN-0002 Carton CNWH12858: Assigned=Received, Actual=Received, ReceivedQty=100
[2026-04-21 11:30:42] INFO: ASN ASN-0002 Carton CNWH12854: Assigned=Received, Actual=Received, ReceivedQty=100
[2026-04-21 11:30:42] INFO: TransferCartonDetailViewModel: Loaded ASN ASN-0002
[2026-04-21 11:30:42] INFO: TransferCartonDetailViewModel: Loaded Transfer Order WMS-TO-00001
[2026-04-21 11:30:42] INFO: TransferCartonService: Loading contents for transfer carton TC-0002-1776759189124
[2026-04-21 11:30:42] INFO: TransferCartonService: Executing query with tc_id = 'TC-0002-1776759189124'
[2026-04-21 11:30:42] INFO: TransferCartonService: SQL = SELECT 
                            item_code,
                            carton_id AS source_carton,
                            SUM(qty) AS quantity,
                            MAX(user_id) AS packed_by,
                            MAX(event_time) AS packed_on
                        FROM tabWmsScanEvent
                        WHERE tc_id = @tc_id
                        AND event_type IN ('PACK_BOX_TO_TC', 'PACK_ITEM_TO_TC')
                        AND item_code IS NOT NULL
                        AND item_code != ''
                        AND qty > 0
                        GROUP BY item_code, carton_id
                        ORDER BY packed_on DESC
[2026-04-21 11:30:42] INFO: TransferCartonService: Total events with tc_id = 'TC-0002-1776759189124': 2
[2026-04-21 11:30:42] INFO: TransferCartonService: Events with item_code: 2
[2026-04-21 11:30:42] INFO: TransferCartonService: PACK_BOX_TO_TC events: 2
[2026-04-21 11:30:42] INFO: TransferCartonService: Found grouped item - ItemCode: 247775, SourceCarton: CNWH12858, Quantity: 25
[2026-04-21 11:30:42] INFO: TransferCartonService: Found grouped item - ItemCode: 247787, SourceCarton: CNWH12854, Quantity: 25
[2026-04-21 11:30:42] INFO: TransferCartonService: Processed 2 rows from database
[2026-04-21 11:30:42] INFO: TransferCartonService: Found 2 unique items for transfer carton TC-0002-1776759189124
[2026-04-21 11:30:42] INFO: TransferCartonDetailViewModel: Loaded 2 items for transfer carton TC-0002-1776759189124
[2026-04-21 11:30:42] INFO: ErpNextWmsSyncApiService: GetPrStatusForAsn GET http://printechsdammam.dyndns.org:88/api/method/printechs_wms.api.asn_to_purchase_receipt.get_pr_status_for_asn?asn_no=ASN-0002
[2026-04-21 11:30:47] INFO: TransferCartonService: Loading contents for transfer carton TC-0002-1776759189124
[2026-04-21 11:30:47] INFO: TransferCartonService: Executing query with tc_id = 'TC-0002-1776759189124'
[2026-04-21 11:30:47] INFO: TransferCartonService: SQL = SELECT 
                            item_code,
                            carton_id AS source_carton,
                            SUM(qty) AS quantity,
                            MAX(user_id) AS packed_by,
                            MAX(event_time) AS packed_on
                        FROM tabWmsScanEvent
                        WHERE tc_id = @tc_id
                        AND event_type IN ('PACK_BOX_TO_TC', 'PACK_ITEM_TO_TC')
                        AND item_code IS NOT NULL
                        AND item_code != ''
                        AND qty > 0
                        GROUP BY item_code, carton_id
                        ORDER BY packed_on DESC
[2026-04-21 11:30:47] INFO: TransferCartonService: Total events with tc_id = 'TC-0002-1776759189124': 2
[2026-04-21 11:30:47] INFO: TransferCartonService: Events with item_code: 2
[2026-04-21 11:30:47] INFO: TransferCartonService: PACK_BOX_TO_TC events: 2
[2026-04-21 11:30:47] INFO: TransferCartonService: Found grouped item - ItemCode: 247775, SourceCarton: CNWH12858, Quantity: 25
[2026-04-21 11:30:47] INFO: TransferCartonService: Found grouped item - ItemCode: 247787, SourceCarton: CNWH12854, Quantity: 25
[2026-04-21 11:30:47] INFO: TransferCartonService: Processed 2 rows from database
[2026-04-21 11:30:47] INFO: TransferCartonService: Found 2 unique items for transfer carton TC-0002-1776759189124
[2026-04-21 11:30:48] INFO: PrintService: Packing list for 1 transfer carton(s)
[2026-04-21 11:30:59] INFO: PrintService: Packing list printed
[2026-04-21 11:31:27] INFO: TransferCartonService: Loading contents for transfer carton TC-0002-1776759189124
[2026-04-21 11:31:27] INFO: TransferCartonService: Executing query with tc_id = 'TC-0002-1776759189124'
[2026-04-21 11:31:27] INFO: TransferCartonService: SQL = SELECT 
                            item_code,
                            carton_id AS source_carton,
                            SUM(qty) AS quantity,
                            MAX(user_id) AS packed_by,
                            MAX(event_time) AS packed_on
                        FROM tabWmsScanEvent
                        WHERE tc_id = @tc_id
                        AND event_type IN ('PACK_BOX_TO_TC', 'PACK_ITEM_TO_TC')
                        AND item_code IS NOT NULL
                        AND item_code != ''
                        AND qty > 0
                        GROUP BY item_code, carton_id
                        ORDER BY packed_on DESC
[2026-04-21 11:31:27] INFO: TransferCartonService: Total events with tc_id = 'TC-0002-1776759189124': 2
[2026-04-21 11:31:27] INFO: TransferCartonService: Events with item_code: 2
[2026-04-21 11:31:27] INFO: TransferCartonService: PACK_BOX_TO_TC events: 2
[2026-04-21 11:31:27] INFO: TransferCartonService: Found grouped item - ItemCode: 247775, SourceCarton: CNWH12858, Quantity: 25
[2026-04-21 11:31:27] INFO: TransferCartonService: Found grouped item - ItemCode: 247787, SourceCarton: CNWH12854, Quantity: 25
[2026-04-21 11:31:27] INFO: TransferCartonService: Processed 2 rows from database
[2026-04-21 11:31:27] INFO: TransferCartonService: Found 2 unique items for transfer carton TC-0002-1776759189124
[2026-04-21 11:31:27] INFO: PrintService: Packing list for 1 transfer carton(s)
[2026-04-21 11:31:37] INFO: PrintService: Packing list printed
[2026-04-21 11:31:57] INFO: TransferCartonDetailViewModel: Loading data for TC-0002-1776759189124
[2026-04-21 11:31:57] INFO: ASN ASN-0001 Carton CNWH12858: Assigned=Assigned, Actual=Assigned, ReceivedQty=0
[2026-04-21 11:31:57] INFO: ASN ASN-0001 Carton CNWH12854: Assigned=Assigned, Actual=Assigned, ReceivedQty=0
[2026-04-21 11:31:57] INFO: ASN ASN-0001 Carton CNWH15390: Assigned=Assigned, Actual=Assigned, ReceivedQty=0
[2026-04-21 11:31:57] INFO: ASN ASN-0001 Carton CNWH42441: Assigned=Assigned, Actual=Assigned, ReceivedQty=0
[2026-04-21 11:31:57] INFO: ASN ASN-0001 Carton CNWH64571: Assigned=Assigned, Actual=Assigned, ReceivedQty=0
[2026-04-21 11:31:57] INFO: ASN ASN-0001 Carton CNWH64521: Assigned=Assigned, Actual=Assigned, ReceivedQty=0
[2026-04-21 11:31:57] INFO: ASN ASN-0001 Carton CNWH63561: Assigned=Assigned, Actual=Assigned, ReceivedQty=0
[2026-04-21 11:31:57] INFO: ASN ASN-0001 Carton CNWH63609: Assigned=Assigned, Actual=Assigned, ReceivedQty=0
[2026-04-21 11:31:57] INFO: ASN ASN-0002 Carton CNWH12858: Assigned=Received, Actual=Received, ReceivedQty=100
[2026-04-21 11:31:57] INFO: ASN ASN-0002 Carton CNWH12854: Assigned=Received, Actual=Received, ReceivedQty=100
[2026-04-21 11:31:57] INFO: TransferCartonDetailViewModel: Loaded ASN ASN-0002
[2026-04-21 11:31:57] INFO: TransferCartonDetailViewModel: Loaded Transfer Order WMS-TO-00001
[2026-04-21 11:31:57] INFO: TransferCartonService: Loading contents for transfer carton TC-0002-1776759189124
[2026-04-21 11:31:57] INFO: TransferCartonService: Executing query with tc_id = 'TC-0002-1776759189124'
[2026-04-21 11:31:57] INFO: TransferCartonService: SQL = SELECT 
                            item_code,
                            carton_id AS source_carton,
                            SUM(qty) AS quantity,
                            MAX(user_id) AS packed_by,
                            MAX(event_time) AS packed_on
                        FROM tabWmsScanEvent
                        WHERE tc_id = @tc_id
                        AND event_type IN ('PACK_BOX_TO_TC', 'PACK_ITEM_TO_TC')
                        AND item_code IS NOT NULL
                        AND item_code != ''
                        AND qty > 0
                        GROUP BY item_code, carton_id
                        ORDER BY packed_on DESC
[2026-04-21 11:31:57] INFO: TransferCartonService: Total events with tc_id = 'TC-0002-1776759189124': 2
[2026-04-21 11:31:57] INFO: TransferCartonService: Events with item_code: 2
[2026-04-21 11:31:57] INFO: TransferCartonService: PACK_BOX_TO_TC events: 2
[2026-04-21 11:31:57] INFO: TransferCartonService: Found grouped item - ItemCode: 247775, SourceCarton: CNWH12858, Quantity: 25
[2026-04-21 11:31:57] INFO: TransferCartonService: Found grouped item - ItemCode: 247787, SourceCarton: CNWH12854, Quantity: 25
[2026-04-21 11:31:57] INFO: TransferCartonService: Processed 2 rows from database
[2026-04-21 11:31:57] INFO: TransferCartonService: Found 2 unique items for transfer carton TC-0002-1776759189124
[2026-04-21 11:31:57] INFO: TransferCartonDetailViewModel: Loaded 2 items for transfer carton TC-0002-1776759189124
[2026-04-21 11:31:57] INFO: ErpNextWmsSyncApiService: GetPrStatusForAsn GET http://printechsdammam.dyndns.org:88/api/method/printechs_wms.api.asn_to_purchase_receipt.get_pr_status_for_asn?asn_no=ASN-0002
[2026-04-21 11:32:09] INFO: PutawayTaskDataService: Loaded task PUT-20260421-0001 with status Open
[2026-04-21 11:32:09] INFO: PutawayTaskDataService: Loaded task PUT-20260421-0002 with status Open
[2026-04-21 11:32:09] INFO: PutawayTaskDataService: SQL Query: SELECT pl.parent_title, pl.carton_id, pl.item_code, SUM(pl.qty) as qty, pl.rack, pl.bin, pl.location_id
                         FROM tabPutawayLine pl
                         WHERE pl.parent_title IN (@title0,@title1)
                         GROUP BY pl.parent_title, pl.carton_id, pl.item_code, pl.rack, pl.bin, pl.location_id
                         ORDER BY pl.parent_title, pl.item_code
[2026-04-21 11:32:09] INFO: PutawayTaskDataService: Querying lines for 2 tasks: PUT-20260421-0001, PUT-20260421-0002
[2026-04-21 11:32:09] INFO: PutawayTaskDataService: Read 2 lines, now looking up location_ids from tabLocation
[2026-04-21 11:32:09] INFO: PutawayTaskDataService: Added line for PUT-20260421-0001: 247787 (Qty: 50, Carton: PAW-ASN0002-1776758068971)
[2026-04-21 11:32:09] INFO: PutawayTaskDataService: Added line for PUT-20260421-0002: 247775 (Qty: 50, Carton: PAW-ASN0002-1776758270428)
[2026-04-21 11:32:09] INFO: PutawayTaskDataService: Total lines read from database: 4, Unique parent titles with lines: 2
[2026-04-21 11:32:09] INFO: PutawayTaskDataService: Task PUT-20260421-0001 has 1 line(s)
[2026-04-21 11:32:09] INFO: PutawayTaskDataService: Task PUT-20260421-0002 has 1 line(s)
[2026-04-21 11:32:09] INFO: PutawayTaskDataService: Total tasks loaded: 2
[2026-04-21 11:32:09] INFO: PutawayTaskListViewModel: Loaded 2 putaway tasks from database, 2 unique tasks displayed
[2026-04-21 11:32:10] INFO: TransferCartonListView: Loaded event fired
[2026-04-21 11:32:10] INFO: TransferCartonListView: Calling RefreshAsync on ViewModel
[2026-04-21 11:32:10] INFO: TransferCartonListViewModel: Starting to load transfer cartons
[2026-04-21 11:32:10] INFO: Loading Transfer Cartons from database...
[2026-04-21 11:32:10] INFO: TransferCartonDataService: Starting schema detection
[2026-04-21 11:32:10] INFO: TransferCartonDataService: Found column 'asn_no'
[2026-04-21 11:32:10] INFO: TransferCartonDataService: Found column 'to_no'
[2026-04-21 11:32:10] INFO: TransferCartonDataService: Returning - AsnColumn=asn_no, ToColumn=to_no
[2026-04-21 11:32:10] INFO: Detected schema: AsnColumn=asn_no, ToColumn=to_no
[2026-04-21 11:32:10] INFO: Executing query: SELECT tc_id, status, asn_no, to_no, store, 
                               created_by, created_on, sealed_by, sealed_on, dispatched_on, remarks,
                               purchase_receipt_no, purchase_receipt_docstatus, purchase_receipt_created, purchase_receipt_submitted,
                               warehouse_transfer_no, warehouse_transfer_created
                        FROM tabTransferCarton
                        ORDER BY created_on DESC, tc_id
[2026-04-21 11:32:10] INFO: Loaded 1 transfer cartons from database
[2026-04-21 11:32:10] INFO: TransferCartonListViewModel: Received 1 transfer cartons from service
[2026-04-21 11:32:10] INFO: TransferCartonListViewModel: Added 1 transfer cartons to collection
[2026-04-21 11:32:10] INFO: TransferCartonListView: RefreshAsync completed
[2026-04-21 11:32:13] INFO: TransferCartonService: Loading contents for transfer carton TC-0002-1776759189124
[2026-04-21 11:32:13] INFO: TransferCartonService: Executing query with tc_id = 'TC-0002-1776759189124'
[2026-04-21 11:32:13] INFO: TransferCartonService: SQL = SELECT 
                            item_code,
                            carton_id AS source_carton,
                            SUM(qty) AS quantity,
                            MAX(user_id) AS packed_by,
                            MAX(event_time) AS packed_on
                        FROM tabWmsScanEvent
                        WHERE tc_id = @tc_id
                        AND event_type IN ('PACK_BOX_TO_TC', 'PACK_ITEM_TO_TC')
                        AND item_code IS NOT NULL
                        AND item_code != ''
                        AND qty > 0
                        GROUP BY item_code, carton_id
                        ORDER BY packed_on DESC
[2026-04-21 11:32:13] INFO: TransferCartonService: Total events with tc_id = 'TC-0002-1776759189124': 2
[2026-04-21 11:32:13] INFO: TransferCartonService: Events with item_code: 2
[2026-04-21 11:32:13] INFO: TransferCartonService: PACK_BOX_TO_TC events: 2
[2026-04-21 11:32:13] INFO: TransferCartonService: Found grouped item - ItemCode: 247775, SourceCarton: CNWH12858, Quantity: 25
[2026-04-21 11:32:13] INFO: TransferCartonService: Found grouped item - ItemCode: 247787, SourceCarton: CNWH12854, Quantity: 25
[2026-04-21 11:32:13] INFO: TransferCartonService: Processed 2 rows from database
[2026-04-21 11:32:13] INFO: TransferCartonService: Found 2 unique items for transfer carton TC-0002-1776759189124
[2026-04-21 11:32:13] INFO: PrintService: Packing list for 1 transfer carton(s)
[2026-04-21 11:32:14] INFO: PrintService: Packing list print cancelled
[2026-04-21 11:32:19] INFO: SortBoxListView: Loaded event fired
[2026-04-21 11:32:19] INFO: SortBoxListView: Calling RefreshAsync on ViewModel
[2026-04-21 11:32:19] INFO: SortBoxListViewModel: Starting to load sort boxes
[2026-04-21 11:32:19] INFO: Loading Sort Boxes from database...
[2026-04-21 11:32:19] INFO: Executing query: SELECT box_id, status, advance_shipping_notice, transfer_order, store, 
                               purpose, created_by, created_on, closed_by, closed_on, 
                               dispatched_on, received_at_store_on, remarks
                        FROM tabSortBox
                        ORDER BY created_on DESC, box_id
[2026-04-21 11:32:19] INFO: Loaded 6 sort boxes from database
[2026-04-21 11:32:19] INFO: SortBoxListViewModel: Received 6 sort boxes from service
[2026-04-21 11:32:19] INFO: SortBoxListViewModel: Added 6 sort boxes to collection
[2026-04-21 11:32:19] INFO: SortBoxListView: RefreshAsync completed
[2026-04-21 11:32:21] INFO: TransferCartonListView: Loaded event fired
[2026-04-21 11:32:21] INFO: TransferCartonListView: Calling RefreshAsync on ViewModel
[2026-04-21 11:32:21] INFO: TransferCartonListViewModel: Starting to load transfer cartons
[2026-04-21 11:32:21] INFO: Loading Transfer Cartons from database...
[2026-04-21 11:32:21] INFO: TransferCartonDataService: Starting schema detection
[2026-04-21 11:32:21] INFO: TransferCartonDataService: Found column 'asn_no'
[2026-04-21 11:32:21] INFO: TransferCartonDataService: Found column 'to_no'
[2026-04-21 11:32:21] INFO: TransferCartonDataService: Returning - AsnColumn=asn_no, ToColumn=to_no
[2026-04-21 11:32:21] INFO: Detected schema: AsnColumn=asn_no, ToColumn=to_no
[2026-04-21 11:32:21] INFO: Executing query: SELECT tc_id, status, asn_no, to_no, store, 
                               created_by, created_on, sealed_by, sealed_on, dispatched_on, remarks,
                               purchase_receipt_no, purchase_receipt_docstatus, purchase_receipt_created, purchase_receipt_submitted,
                               warehouse_transfer_no, warehouse_transfer_created
                        FROM tabTransferCarton
                        ORDER BY created_on DESC, tc_id
[2026-04-21 11:32:21] INFO: Loaded 1 transfer cartons from database
[2026-04-21 11:32:21] INFO: TransferCartonListViewModel: Received 1 transfer cartons from service
[2026-04-21 11:32:21] INFO: TransferCartonListViewModel: Added 1 transfer cartons to collection
[2026-04-21 11:32:21] INFO: TransferCartonListView: RefreshAsync completed
[2026-04-21 11:32:23] INFO: SortBoxListView: Loaded event fired
[2026-04-21 11:32:23] INFO: SortBoxListView: Calling RefreshAsync on ViewModel
[2026-04-21 11:32:23] INFO: SortBoxListViewModel: Starting to load sort boxes
[2026-04-21 11:32:23] INFO: Loading Sort Boxes from database...
[2026-04-21 11:32:23] INFO: Executing query: SELECT box_id, status, advance_shipping_notice, transfer_order, store, 
                               purpose, created_by, created_on, closed_by, closed_on, 
                               dispatched_on, received_at_store_on, remarks
                        FROM tabSortBox
                        ORDER BY created_on DESC, box_id
[2026-04-21 11:32:23] INFO: Loaded 6 sort boxes from database
[2026-04-21 11:32:23] INFO: SortBoxListViewModel: Received 6 sort boxes from service
[2026-04-21 11:32:23] INFO: SortBoxListViewModel: Added 6 sort boxes to collection
[2026-04-21 11:32:23] INFO: SortBoxListView: RefreshAsync completed
[2026-04-21 11:33:11] INFO: TransferCartonListView: Loaded event fired
[2026-04-21 11:33:11] INFO: TransferCartonListView: Calling RefreshAsync on ViewModel
[2026-04-21 11:33:11] INFO: TransferCartonListViewModel: Starting to load transfer cartons
[2026-04-21 11:33:11] INFO: Loading Transfer Cartons from database...
[2026-04-21 11:33:11] INFO: TransferCartonDataService: Starting schema detection
[2026-04-21 11:33:11] INFO: TransferCartonDataService: Found column 'asn_no'
[2026-04-21 11:33:11] INFO: TransferCartonDataService: Found column 'to_no'
[2026-04-21 11:33:11] INFO: TransferCartonDataService: Returning - AsnColumn=asn_no, ToColumn=to_no
[2026-04-21 11:33:11] INFO: Detected schema: AsnColumn=asn_no, ToColumn=to_no
[2026-04-21 11:33:11] INFO: Executing query: SELECT tc_id, status, asn_no, to_no, store, 
                               created_by, created_on, sealed_by, sealed_on, dispatched_on, remarks,
                               purchase_receipt_no, purchase_receipt_docstatus, purchase_receipt_created, purchase_receipt_submitted,
                               warehouse_transfer_no, warehouse_transfer_created
                        FROM tabTransferCarton
                        ORDER BY created_on DESC, tc_id
[2026-04-21 11:33:11] INFO: Loaded 1 transfer cartons from database
[2026-04-21 11:33:11] INFO: TransferCartonListViewModel: Received 1 transfer cartons from service
[2026-04-21 11:33:11] INFO: TransferCartonListViewModel: Added 1 transfer cartons to collection
[2026-04-21 11:33:11] INFO: TransferCartonListView: RefreshAsync completed
[2026-04-21 11:33:13] INFO: TransferCartonListView: Loaded event fired
[2026-04-21 11:33:13] INFO: TransferCartonListView: Calling RefreshAsync on ViewModel
[2026-04-21 11:33:13] INFO: TransferCartonListViewModel: Starting to load transfer cartons
[2026-04-21 11:33:13] INFO: Loading Transfer Cartons from database...
[2026-04-21 11:33:13] INFO: TransferCartonDataService: Starting schema detection
[2026-04-21 11:33:13] INFO: TransferCartonDataService: Found column 'asn_no'
[2026-04-21 11:33:13] INFO: TransferCartonDataService: Found column 'to_no'
[2026-04-21 11:33:13] INFO: TransferCartonDataService: Returning - AsnColumn=asn_no, ToColumn=to_no
[2026-04-21 11:33:13] INFO: Detected schema: AsnColumn=asn_no, ToColumn=to_no
[2026-04-21 11:33:13] INFO: Executing query: SELECT tc_id, status, asn_no, to_no, store, 
                               created_by, created_on, sealed_by, sealed_on, dispatched_on, remarks,
                               purchase_receipt_no, purchase_receipt_docstatus, purchase_receipt_created, purchase_receipt_submitted,
                               warehouse_transfer_no, warehouse_transfer_created
                        FROM tabTransferCarton
                        ORDER BY created_on DESC, tc_id
[2026-04-21 11:33:13] INFO: Loaded 1 transfer cartons from database
[2026-04-21 11:33:13] INFO: TransferCartonListViewModel: Received 1 transfer cartons from service
[2026-04-21 11:33:13] INFO: TransferCartonListViewModel: Added 1 transfer cartons to collection
[2026-04-21 11:33:13] INFO: TransferCartonListView: RefreshAsync completed
[2026-04-21 11:33:14] INFO: SortBoxListView: Loaded event fired
[2026-04-21 11:33:14] INFO: SortBoxListView: Calling RefreshAsync on ViewModel
[2026-04-21 11:33:14] INFO: SortBoxListViewModel: Starting to load sort boxes
[2026-04-21 11:33:14] INFO: Loading Sort Boxes from database...
[2026-04-21 11:33:14] INFO: Executing query: SELECT box_id, status, advance_shipping_notice, transfer_order, store, 
                               purpose, created_by, created_on, closed_by, closed_on, 
                               dispatched_on, received_at_store_on, remarks
                        FROM tabSortBox
                        ORDER BY created_on DESC, box_id
[2026-04-21 11:33:14] INFO: Loaded 6 sort boxes from database
[2026-04-21 11:33:14] INFO: SortBoxListViewModel: Received 6 sort boxes from service
[2026-04-21 11:33:14] INFO: SortBoxListViewModel: Added 6 sort boxes to collection
[2026-04-21 11:33:15] INFO: SortBoxListView: RefreshAsync completed
[2026-04-21 11:33:51] INFO: TransferCartonListView: Loaded event fired
[2026-04-21 11:33:51] INFO: TransferCartonListView: Calling RefreshAsync on ViewModel
[2026-04-21 11:33:51] INFO: TransferCartonListViewModel: Starting to load transfer cartons
[2026-04-21 11:33:51] INFO: Loading Transfer Cartons from database...
[2026-04-21 11:33:51] INFO: TransferCartonDataService: Starting schema detection
[2026-04-21 11:33:51] INFO: TransferCartonDataService: Found column 'asn_no'
[2026-04-21 11:33:51] INFO: TransferCartonDataService: Found column 'to_no'
[2026-04-21 11:33:51] INFO: TransferCartonDataService: Returning - AsnColumn=asn_no, ToColumn=to_no
[2026-04-21 11:33:51] INFO: Detected schema: AsnColumn=asn_no, ToColumn=to_no
[2026-04-21 11:33:51] INFO: Executing query: SELECT tc_id, status, asn_no, to_no, store, 
                               created_by, created_on, sealed_by, sealed_on, dispatched_on, remarks,
                               purchase_receipt_no, purchase_receipt_docstatus, purchase_receipt_created, purchase_receipt_submitted,
                               warehouse_transfer_no, warehouse_transfer_created
                        FROM tabTransferCarton
                        ORDER BY created_on DESC, tc_id
[2026-04-21 11:33:51] INFO: Loaded 1 transfer cartons from database
[2026-04-21 11:33:51] INFO: TransferCartonListViewModel: Received 1 transfer cartons from service
[2026-04-21 11:33:51] INFO: TransferCartonListViewModel: Added 1 transfer cartons to collection
[2026-04-21 11:33:51] INFO: TransferCartonListView: RefreshAsync completed
[2026-04-21 11:33:52] INFO: TransferCartonDetailViewModel: Loading data for TC-0002-1776759189124
[2026-04-21 11:33:52] INFO: ASN ASN-0001 Carton CNWH12858: Assigned=Assigned, Actual=Assigned, ReceivedQty=0
[2026-04-21 11:33:52] INFO: ASN ASN-0001 Carton CNWH12854: Assigned=Assigned, Actual=Assigned, ReceivedQty=0
[2026-04-21 11:33:52] INFO: ASN ASN-0001 Carton CNWH15390: Assigned=Assigned, Actual=Assigned, ReceivedQty=0
[2026-04-21 11:33:52] INFO: ASN ASN-0001 Carton CNWH42441: Assigned=Assigned, Actual=Assigned, ReceivedQty=0
[2026-04-21 11:33:52] INFO: ASN ASN-0001 Carton CNWH64571: Assigned=Assigned, Actual=Assigned, ReceivedQty=0
[2026-04-21 11:33:52] INFO: ASN ASN-0001 Carton CNWH64521: Assigned=Assigned, Actual=Assigned, ReceivedQty=0
[2026-04-21 11:33:52] INFO: ASN ASN-0001 Carton CNWH63561: Assigned=Assigned, Actual=Assigned, ReceivedQty=0
[2026-04-21 11:33:52] INFO: ASN ASN-0001 Carton CNWH63609: Assigned=Assigned, Actual=Assigned, ReceivedQty=0
[2026-04-21 11:33:52] INFO: ASN ASN-0002 Carton CNWH12858: Assigned=Received, Actual=Received, ReceivedQty=100
[2026-04-21 11:33:52] INFO: ASN ASN-0002 Carton CNWH12854: Assigned=Received, Actual=Received, ReceivedQty=100
[2026-04-21 11:33:52] INFO: TransferCartonDetailViewModel: Loaded ASN ASN-0002
[2026-04-21 11:33:52] INFO: TransferCartonDetailViewModel: Loaded Transfer Order WMS-TO-00001
[2026-04-21 11:33:52] INFO: TransferCartonService: Loading contents for transfer carton TC-0002-1776759189124
[2026-04-21 11:33:52] INFO: TransferCartonService: Executing query with tc_id = 'TC-0002-1776759189124'
[2026-04-21 11:33:52] INFO: TransferCartonService: SQL = SELECT 
                            item_code,
                            carton_id AS source_carton,
                            SUM(qty) AS quantity,
                            MAX(user_id) AS packed_by,
                            MAX(event_time) AS packed_on
                        FROM tabWmsScanEvent
                        WHERE tc_id = @tc_id
                        AND event_type IN ('PACK_BOX_TO_TC', 'PACK_ITEM_TO_TC')
                        AND item_code IS NOT NULL
                        AND item_code != ''
                        AND qty > 0
                        GROUP BY item_code, carton_id
                        ORDER BY packed_on DESC
[2026-04-21 11:33:52] INFO: TransferCartonService: Total events with tc_id = 'TC-0002-1776759189124': 2
[2026-04-21 11:33:52] INFO: TransferCartonService: Events with item_code: 2
[2026-04-21 11:33:52] INFO: TransferCartonService: PACK_BOX_TO_TC events: 2
[2026-04-21 11:33:52] INFO: TransferCartonService: Found grouped item - ItemCode: 247775, SourceCarton: CNWH12858, Quantity: 25
[2026-04-21 11:33:52] INFO: TransferCartonService: Found grouped item - ItemCode: 247787, SourceCarton: CNWH12854, Quantity: 25
[2026-04-21 11:33:52] INFO: TransferCartonService: Processed 2 rows from database
[2026-04-21 11:33:52] INFO: TransferCartonService: Found 2 unique items for transfer carton TC-0002-1776759189124
[2026-04-21 11:33:52] INFO: TransferCartonDetailViewModel: Loaded 2 items for transfer carton TC-0002-1776759189124
[2026-04-21 11:33:52] INFO: ErpNextWmsSyncApiService: GetPrStatusForAsn GET http://printechsdammam.dyndns.org:88/api/method/printechs_wms.api.asn_to_purchase_receipt.get_pr_status_for_asn?asn_no=ASN-0002
[2026-04-21 11:39:09] INFO: AuthService: Attempting login to http://localhost:3000/api/auth/login for user sysadmin
[2026-04-21 11:39:11] INFO: AuthService: Login response status: OK
[2026-04-21 11:39:11] INFO: AuthService: Login successful for user sysadmin
[2026-04-21 11:39:14] INFO: TransferCartonListView: Loaded event fired
[2026-04-21 11:39:14] INFO: TransferCartonListView: Calling RefreshAsync on ViewModel
[2026-04-21 11:39:14] INFO: TransferCartonListViewModel: Starting to load transfer cartons
[2026-04-21 11:39:14] INFO: Loading Transfer Cartons from database...
[2026-04-21 11:39:15] INFO: TransferCartonDataService: Starting schema detection
[2026-04-21 11:39:15] INFO: TransferCartonDataService: Found column 'asn_no'
[2026-04-21 11:39:15] INFO: TransferCartonDataService: Found column 'to_no'
[2026-04-21 11:39:15] INFO: TransferCartonDataService: Returning - AsnColumn=asn_no, ToColumn=to_no
[2026-04-21 11:39:15] INFO: Detected schema: AsnColumn=asn_no, ToColumn=to_no
[2026-04-21 11:39:15] INFO: Executing query: SELECT tc_id, status, asn_no, to_no, store, 
                               created_by, created_on, sealed_by, sealed_on, dispatched_on, remarks,
                               purchase_receipt_no, purchase_receipt_docstatus, purchase_receipt_created, purchase_receipt_submitted,
                               warehouse_transfer_no, warehouse_transfer_created
                        FROM tabTransferCarton
                        ORDER BY created_on DESC, tc_id
[2026-04-21 11:39:15] INFO: Loaded 1 transfer cartons from database
[2026-04-21 11:39:15] INFO: TransferCartonListViewModel: Received 1 transfer cartons from service
[2026-04-21 11:39:15] INFO: TransferCartonListViewModel: Added 1 transfer cartons to collection
[2026-04-21 11:39:15] INFO: TransferCartonListView: RefreshAsync completed
[2026-04-21 11:39:16] INFO: TransferCartonDetailViewModel: Loading data for TC-0002-1776759189124
[2026-04-21 11:39:16] INFO: ASN ASN-0001 Carton CNWH12858: Assigned=Assigned, Actual=Assigned, ReceivedQty=0
[2026-04-21 11:39:16] INFO: ASN ASN-0001 Carton CNWH12854: Assigned=Assigned, Actual=Assigned, ReceivedQty=0
[2026-04-21 11:39:16] INFO: ASN ASN-0001 Carton CNWH15390: Assigned=Assigned, Actual=Assigned, ReceivedQty=0
[2026-04-21 11:39:16] INFO: ASN ASN-0001 Carton CNWH42441: Assigned=Assigned, Actual=Assigned, ReceivedQty=0
[2026-04-21 11:39:16] INFO: ASN ASN-0001 Carton CNWH64571: Assigned=Assigned, Actual=Assigned, ReceivedQty=0
[2026-04-21 11:39:16] INFO: ASN ASN-0001 Carton CNWH64521: Assigned=Assigned, Actual=Assigned, ReceivedQty=0
[2026-04-21 11:39:16] INFO: ASN ASN-0001 Carton CNWH63561: Assigned=Assigned, Actual=Assigned, ReceivedQty=0
[2026-04-21 11:39:16] INFO: ASN ASN-0001 Carton CNWH63609: Assigned=Assigned, Actual=Assigned, ReceivedQty=0
[2026-04-21 11:39:16] INFO: ASN ASN-0002 Carton CNWH12858: Assigned=Received, Actual=Received, ReceivedQty=100
[2026-04-21 11:39:16] INFO: ASN ASN-0002 Carton CNWH12854: Assigned=Received, Actual=Received, ReceivedQty=100
[2026-04-21 11:39:16] INFO: TransferCartonDetailViewModel: Loaded ASN ASN-0002
[2026-04-21 11:39:16] INFO: TransferCartonDetailViewModel: Loaded Transfer Order WMS-TO-00001
[2026-04-21 11:39:16] INFO: TransferCartonService: Loading contents for transfer carton TC-0002-1776759189124
[2026-04-21 11:39:16] INFO: TransferCartonService: Executing query with tc_id = 'TC-0002-1776759189124'
[2026-04-21 11:39:16] INFO: TransferCartonService: SQL = SELECT 
                            item_code,
                            carton_id AS source_carton,
                            SUM(qty) AS quantity,
                            MAX(user_id) AS packed_by,
                            MAX(event_time) AS packed_on
                        FROM tabWmsScanEvent
                        WHERE tc_id = @tc_id
                        AND event_type IN ('PACK_BOX_TO_TC', 'PACK_ITEM_TO_TC')
                        AND item_code IS NOT NULL
                        AND item_code != ''
                        AND qty > 0
                        GROUP BY item_code, carton_id
                        ORDER BY packed_on DESC
[2026-04-21 11:39:16] INFO: TransferCartonService: Total events with tc_id = 'TC-0002-1776759189124': 2
[2026-04-21 11:39:16] INFO: TransferCartonService: Events with item_code: 2
[2026-04-21 11:39:16] INFO: TransferCartonService: PACK_BOX_TO_TC events: 2
[2026-04-21 11:39:16] INFO: TransferCartonService: Found grouped item - ItemCode: 247775, SourceCarton: CNWH12858, Quantity: 25
[2026-04-21 11:39:16] INFO: TransferCartonService: Found grouped item - ItemCode: 247787, SourceCarton: CNWH12854, Quantity: 25
[2026-04-21 11:39:16] INFO: TransferCartonService: Processed 2 rows from database
[2026-04-21 11:39:16] INFO: TransferCartonService: Found 2 unique items for transfer carton TC-0002-1776759189124
[2026-04-21 11:39:16] INFO: TransferCartonDetailViewModel: Loaded 2 items for transfer carton TC-0002-1776759189124
[2026-04-21 11:39:16] INFO: ErpNextWmsSyncApiService: GetPrStatusForAsn GET http://printechsdammam.dyndns.org:88/api/method/printechs_wms.api.asn_to_purchase_receipt.get_pr_status_for_asn?asn_no=ASN-0002
[2026-04-21 11:39:21] INFO: PrintService: Sort-box packing list — 2 box group(s), 2 line(s)
[2026-04-21 11:39:31] INFO: PrintService: Sort-box packing list printed
[2026-04-21 11:41:27] INFO: PrintService: Sort-box packing list — 2 box group(s), 2 line(s)
[2026-04-21 11:41:37] INFO: PrintService: Sort-box packing list printed
[2026-04-21 11:42:59] INFO: TransferCartonDetailViewModel: Loading data for TC-0002-1776759189124
[2026-04-21 11:42:59] INFO: ASN ASN-0001 Carton CNWH12858: Assigned=Assigned, Actual=Assigned, ReceivedQty=0
[2026-04-21 11:42:59] INFO: ASN ASN-0001 Carton CNWH12854: Assigned=Assigned, Actual=Assigned, ReceivedQty=0
[2026-04-21 11:42:59] INFO: ASN ASN-0001 Carton CNWH15390: Assigned=Assigned, Actual=Assigned, ReceivedQty=0
[2026-04-21 11:42:59] INFO: ASN ASN-0001 Carton CNWH42441: Assigned=Assigned, Actual=Assigned, ReceivedQty=0
[2026-04-21 11:42:59] INFO: ASN ASN-0001 Carton CNWH64571: Assigned=Assigned, Actual=Assigned, ReceivedQty=0
[2026-04-21 11:42:59] INFO: ASN ASN-0001 Carton CNWH64521: Assigned=Assigned, Actual=Assigned, ReceivedQty=0
[2026-04-21 11:42:59] INFO: ASN ASN-0001 Carton CNWH63561: Assigned=Assigned, Actual=Assigned, ReceivedQty=0
[2026-04-21 11:42:59] INFO: ASN ASN-0001 Carton CNWH63609: Assigned=Assigned, Actual=Assigned, ReceivedQty=0
[2026-04-21 11:42:59] INFO: ASN ASN-0002 Carton CNWH12858: Assigned=Received, Actual=Received, ReceivedQty=100
[2026-04-21 11:42:59] INFO: ASN ASN-0002 Carton CNWH12854: Assigned=Received, Actual=Received, ReceivedQty=100
[2026-04-21 11:42:59] INFO: TransferCartonDetailViewModel: Loaded ASN ASN-0002
[2026-04-21 11:42:59] INFO: TransferCartonDetailViewModel: Loaded Transfer Order WMS-TO-00001
[2026-04-21 11:42:59] INFO: TransferCartonService: Loading contents for transfer carton TC-0002-1776759189124
[2026-04-21 11:42:59] INFO: TransferCartonService: Executing query with tc_id = 'TC-0002-1776759189124'
[2026-04-21 11:42:59] INFO: TransferCartonService: SQL = SELECT 
                            item_code,
                            carton_id AS source_carton,
                            SUM(qty) AS quantity,
                            MAX(user_id) AS packed_by,
                            MAX(event_time) AS packed_on
                        FROM tabWmsScanEvent
                        WHERE tc_id = @tc_id
                        AND event_type IN ('PACK_BOX_TO_TC', 'PACK_ITEM_TO_TC')
                        AND item_code IS NOT NULL
                        AND item_code != ''
                        AND qty > 0
                        GROUP BY item_code, carton_id
                        ORDER BY packed_on DESC
[2026-04-21 11:42:59] INFO: TransferCartonService: Total events with tc_id = 'TC-0002-1776759189124': 2
[2026-04-21 11:42:59] INFO: TransferCartonService: Events with item_code: 2
[2026-04-21 11:42:59] INFO: TransferCartonService: PACK_BOX_TO_TC events: 2
[2026-04-21 11:42:59] INFO: TransferCartonService: Found grouped item - ItemCode: 247775, SourceCarton: CNWH12858, Quantity: 25
[2026-04-21 11:42:59] INFO: TransferCartonService: Found grouped item - ItemCode: 247787, SourceCarton: CNWH12854, Quantity: 25
[2026-04-21 11:42:59] INFO: TransferCartonService: Processed 2 rows from database
[2026-04-21 11:42:59] INFO: TransferCartonService: Found 2 unique items for transfer carton TC-0002-1776759189124
[2026-04-21 11:42:59] INFO: TransferCartonDetailViewModel: Loaded 2 items for transfer carton TC-0002-1776759189124
[2026-04-21 11:42:59] INFO: ErpNextWmsSyncApiService: GetPrStatusForAsn GET http://printechsdammam.dyndns.org:88/api/method/printechs_wms.api.asn_to_purchase_receipt.get_pr_status_for_asn?asn_no=ASN-0002
[2026-04-21 11:45:12] INFO: AuthService: Attempting login to http://localhost:3000/api/auth/login for user sysadmin
[2026-04-21 11:45:14] INFO: AuthService: Login response status: OK
[2026-04-21 11:45:14] INFO: AuthService: Login successful for user sysadmin
[2026-04-21 11:45:16] INFO: TransferCartonListView: Loaded event fired
[2026-04-21 11:45:16] INFO: TransferCartonListView: Calling RefreshAsync on ViewModel
[2026-04-21 11:45:16] INFO: TransferCartonListViewModel: Starting to load transfer cartons
[2026-04-21 11:45:16] INFO: Loading Transfer Cartons from database...
[2026-04-21 11:45:16] INFO: TransferCartonDataService: Starting schema detection
[2026-04-21 11:45:16] INFO: TransferCartonDataService: Found column 'asn_no'
[2026-04-21 11:45:16] INFO: TransferCartonDataService: Found column 'to_no'
[2026-04-21 11:45:16] INFO: TransferCartonDataService: Returning - AsnColumn=asn_no, ToColumn=to_no
[2026-04-21 11:45:16] INFO: Detected schema: AsnColumn=asn_no, ToColumn=to_no
[2026-04-21 11:45:16] INFO: Executing query: SELECT tc_id, status, asn_no, to_no, store, 
                               created_by, created_on, sealed_by, sealed_on, dispatched_on, remarks,
                               purchase_receipt_no, purchase_receipt_docstatus, purchase_receipt_created, purchase_receipt_submitted,
                               warehouse_transfer_no, warehouse_transfer_created
                        FROM tabTransferCarton
                        ORDER BY created_on DESC, tc_id
[2026-04-21 11:45:16] INFO: Loaded 1 transfer cartons from database
[2026-04-21 11:45:16] INFO: TransferCartonListViewModel: Received 1 transfer cartons from service
[2026-04-21 11:45:16] INFO: TransferCartonListViewModel: Added 1 transfer cartons to collection
[2026-04-21 11:45:16] INFO: TransferCartonListView: RefreshAsync completed
[2026-04-21 11:45:19] INFO: TransferCartonDetailViewModel: Loading data for TC-0002-1776759189124
[2026-04-21 11:45:19] INFO: ASN ASN-0001 Carton CNWH12858: Assigned=Assigned, Actual=Assigned, ReceivedQty=0
[2026-04-21 11:45:19] INFO: ASN ASN-0001 Carton CNWH12854: Assigned=Assigned, Actual=Assigned, ReceivedQty=0
[2026-04-21 11:45:19] INFO: ASN ASN-0001 Carton CNWH15390: Assigned=Assigned, Actual=Assigned, ReceivedQty=0
[2026-04-21 11:45:19] INFO: ASN ASN-0001 Carton CNWH42441: Assigned=Assigned, Actual=Assigned, ReceivedQty=0
[2026-04-21 11:45:19] INFO: ASN ASN-0001 Carton CNWH64571: Assigned=Assigned, Actual=Assigned, ReceivedQty=0
[2026-04-21 11:45:19] INFO: ASN ASN-0001 Carton CNWH64521: Assigned=Assigned, Actual=Assigned, ReceivedQty=0
[2026-04-21 11:45:19] INFO: ASN ASN-0001 Carton CNWH63561: Assigned=Assigned, Actual=Assigned, ReceivedQty=0
[2026-04-21 11:45:19] INFO: ASN ASN-0001 Carton CNWH63609: Assigned=Assigned, Actual=Assigned, ReceivedQty=0
[2026-04-21 11:45:19] INFO: ASN ASN-0002 Carton CNWH12858: Assigned=Received, Actual=Received, ReceivedQty=100
[2026-04-21 11:45:19] INFO: ASN ASN-0002 Carton CNWH12854: Assigned=Received, Actual=Received, ReceivedQty=100
[2026-04-21 11:45:19] INFO: TransferCartonDetailViewModel: Loaded ASN ASN-0002
[2026-04-21 11:45:19] INFO: TransferCartonDetailViewModel: Loaded Transfer Order WMS-TO-00001
[2026-04-21 11:45:19] INFO: TransferCartonService: Loading contents for transfer carton TC-0002-1776759189124
[2026-04-21 11:45:19] INFO: TransferCartonService: Executing query with tc_id = 'TC-0002-1776759189124'
[2026-04-21 11:45:19] INFO: TransferCartonService: SQL = SELECT 
                            item_code,
                            carton_id AS source_carton,
                            SUM(qty) AS quantity,
                            MAX(user_id) AS packed_by,
                            MAX(event_time) AS packed_on
                        FROM tabWmsScanEvent
                        WHERE tc_id = @tc_id
                        AND event_type IN ('PACK_BOX_TO_TC', 'PACK_ITEM_TO_TC')
                        AND item_code IS NOT NULL
                        AND item_code != ''
                        AND qty > 0
                        GROUP BY item_code, carton_id
                        ORDER BY packed_on DESC
[2026-04-21 11:45:19] INFO: TransferCartonService: Total events with tc_id = 'TC-0002-1776759189124': 2
[2026-04-21 11:45:19] INFO: TransferCartonService: Events with item_code: 2
[2026-04-21 11:45:19] INFO: TransferCartonService: PACK_BOX_TO_TC events: 2
[2026-04-21 11:45:19] INFO: TransferCartonService: Found grouped item - ItemCode: 247775, SourceCarton: CNWH12858, Quantity: 25
[2026-04-21 11:45:19] INFO: TransferCartonService: Found grouped item - ItemCode: 247787, SourceCarton: CNWH12854, Quantity: 25
[2026-04-21 11:45:19] INFO: TransferCartonService: Processed 2 rows from database
[2026-04-21 11:45:19] INFO: TransferCartonService: Found 2 unique items for transfer carton TC-0002-1776759189124
[2026-04-21 11:45:19] INFO: TransferCartonDetailViewModel: Loaded 2 items for transfer carton TC-0002-1776759189124
[2026-04-21 11:45:19] INFO: ErpNextWmsSyncApiService: GetPrStatusForAsn GET http://printechsdammam.dyndns.org:88/api/method/printechs_wms.api.asn_to_purchase_receipt.get_pr_status_for_asn?asn_no=ASN-0002
[2026-04-21 11:47:50] INFO: AuthService: Attempting login to http://localhost:3000/api/auth/login for user sysadmin
[2026-04-21 11:47:52] INFO: AuthService: Login response status: OK
[2026-04-21 11:47:52] INFO: AuthService: Login successful for user sysadmin
[2026-04-21 11:47:54] INFO: TransferCartonListView: Loaded event fired
[2026-04-21 11:47:54] INFO: TransferCartonListView: Calling RefreshAsync on ViewModel
[2026-04-21 11:47:54] INFO: TransferCartonListViewModel: Starting to load transfer cartons
[2026-04-21 11:47:54] INFO: Loading Transfer Cartons from database...
[2026-04-21 11:47:54] INFO: TransferCartonDataService: Starting schema detection
[2026-04-21 11:47:54] INFO: TransferCartonDataService: Found column 'asn_no'
[2026-04-21 11:47:54] INFO: TransferCartonDataService: Found column 'to_no'
[2026-04-21 11:47:54] INFO: TransferCartonDataService: Returning - AsnColumn=asn_no, ToColumn=to_no
[2026-04-21 11:47:54] INFO: Detected schema: AsnColumn=asn_no, ToColumn=to_no
[2026-04-21 11:47:54] INFO: Executing query: SELECT tc_id, status, asn_no, to_no, store, 
                               created_by, created_on, sealed_by, sealed_on, dispatched_on, remarks,
                               purchase_receipt_no, purchase_receipt_docstatus, purchase_receipt_created, purchase_receipt_submitted,
                               warehouse_transfer_no, warehouse_transfer_created
                        FROM tabTransferCarton
                        ORDER BY created_on DESC, tc_id
[2026-04-21 11:47:54] INFO: Loaded 1 transfer cartons from database
[2026-04-21 11:47:54] INFO: TransferCartonListViewModel: Received 1 transfer cartons from service
[2026-04-21 11:47:54] INFO: TransferCartonListViewModel: Added 1 transfer cartons to collection
[2026-04-21 11:47:54] INFO: TransferCartonListView: RefreshAsync completed
[2026-04-21 11:47:55] INFO: TransferCartonDetailViewModel: Loading data for TC-0002-1776759189124
[2026-04-21 11:47:55] INFO: ASN ASN-0001 Carton CNWH12858: Assigned=Assigned, Actual=Assigned, ReceivedQty=0
[2026-04-21 11:47:55] INFO: ASN ASN-0001 Carton CNWH12854: Assigned=Assigned, Actual=Assigned, ReceivedQty=0
[2026-04-21 11:47:55] INFO: ASN ASN-0001 Carton CNWH15390: Assigned=Assigned, Actual=Assigned, ReceivedQty=0
[2026-04-21 11:47:55] INFO: ASN ASN-0001 Carton CNWH42441: Assigned=Assigned, Actual=Assigned, ReceivedQty=0
[2026-04-21 11:47:55] INFO: ASN ASN-0001 Carton CNWH64571: Assigned=Assigned, Actual=Assigned, ReceivedQty=0
[2026-04-21 11:47:55] INFO: ASN ASN-0001 Carton CNWH64521: Assigned=Assigned, Actual=Assigned, ReceivedQty=0
[2026-04-21 11:47:55] INFO: ASN ASN-0001 Carton CNWH63561: Assigned=Assigned, Actual=Assigned, ReceivedQty=0
[2026-04-21 11:47:55] INFO: ASN ASN-0001 Carton CNWH63609: Assigned=Assigned, Actual=Assigned, ReceivedQty=0
[2026-04-21 11:47:55] INFO: ASN ASN-0002 Carton CNWH12858: Assigned=Received, Actual=Received, ReceivedQty=100
[2026-04-21 11:47:55] INFO: ASN ASN-0002 Carton CNWH12854: Assigned=Received, Actual=Received, ReceivedQty=100
[2026-04-21 11:47:55] INFO: TransferCartonDetailViewModel: Loaded ASN ASN-0002
[2026-04-21 11:47:56] INFO: TransferCartonDetailViewModel: Loaded Transfer Order WMS-TO-00001
[2026-04-21 11:47:56] INFO: TransferCartonService: Loading contents for transfer carton TC-0002-1776759189124
[2026-04-21 11:47:56] INFO: TransferCartonService: Executing query with tc_id = 'TC-0002-1776759189124'
[2026-04-21 11:47:56] INFO: TransferCartonService: SQL = SELECT 
                            item_code,
                            carton_id AS source_carton,
                            SUM(qty) AS quantity,
                            MAX(user_id) AS packed_by,
                            MAX(event_time) AS packed_on
                        FROM tabWmsScanEvent
                        WHERE tc_id = @tc_id
                        AND event_type IN ('PACK_BOX_TO_TC', 'PACK_ITEM_TO_TC')
                        AND item_code IS NOT NULL
                        AND item_code != ''
                        AND qty > 0
                        GROUP BY item_code, carton_id
                        ORDER BY packed_on DESC
[2026-04-21 11:47:56] INFO: TransferCartonService: Total events with tc_id = 'TC-0002-1776759189124': 2
[2026-04-21 11:47:56] INFO: TransferCartonService: Events with item_code: 2
[2026-04-21 11:47:56] INFO: TransferCartonService: PACK_BOX_TO_TC events: 2
[2026-04-21 11:47:56] INFO: TransferCartonService: Found grouped item - ItemCode: 247775, SourceCarton: CNWH12858, Quantity: 25
[2026-04-21 11:47:56] INFO: TransferCartonService: Found grouped item - ItemCode: 247787, SourceCarton: CNWH12854, Quantity: 25
[2026-04-21 11:47:56] INFO: TransferCartonService: Processed 2 rows from database
[2026-04-21 11:47:56] INFO: TransferCartonService: Found 2 unique items for transfer carton TC-0002-1776759189124
[2026-04-21 11:47:56] INFO: TransferCartonDetailViewModel: Loaded 2 items for transfer carton TC-0002-1776759189124
[2026-04-21 11:47:56] INFO: ErpNextWmsSyncApiService: GetPrStatusForAsn GET http://printechsdammam.dyndns.org:88/api/method/printechs_wms.api.asn_to_purchase_receipt.get_pr_status_for_asn?asn_no=ASN-0002
[2026-04-21 11:47:59] INFO: TransferCartonDetailViewModel: Print sort-box packing list for 'TC-0002-1776759189124'
[2026-04-21 11:47:59] INFO: PrintService: Sort-box packing list — 2 box group(s), 2 line(s)
[2026-04-21 11:48:06] INFO: PrintService: Sort-box packing list printed
[2026-04-21 11:55:08] INFO: AuthService: Attempting login to http://localhost:3000/api/auth/login for user sysadmin
[2026-04-21 11:55:10] INFO: AuthService: Login response status: OK
[2026-04-21 11:55:10] INFO: AuthService: Login successful for user sysadmin
[2026-04-21 11:55:13] INFO: TransferCartonListView: Loaded event fired
[2026-04-21 11:55:13] INFO: TransferCartonListView: Calling RefreshAsync on ViewModel
[2026-04-21 11:55:13] INFO: TransferCartonListViewModel: Starting to load transfer cartons
[2026-04-21 11:55:13] INFO: Loading Transfer Cartons from database...
[2026-04-21 11:55:13] INFO: TransferCartonDataService: Starting schema detection
[2026-04-21 11:55:13] INFO: TransferCartonDataService: Found column 'asn_no'
[2026-04-21 11:55:13] INFO: TransferCartonDataService: Found column 'to_no'
[2026-04-21 11:55:13] INFO: TransferCartonDataService: Returning - AsnColumn=asn_no, ToColumn=to_no
[2026-04-21 11:55:13] INFO: Detected schema: AsnColumn=asn_no, ToColumn=to_no
[2026-04-21 11:55:13] INFO: Executing query: SELECT tc_id, status, asn_no, to_no, store, 
                               created_by, created_on, sealed_by, sealed_on, dispatched_on, remarks,
                               purchase_receipt_no, purchase_receipt_docstatus, purchase_receipt_created, purchase_receipt_submitted,
                               warehouse_transfer_no, warehouse_transfer_created
                        FROM tabTransferCarton
                        ORDER BY created_on DESC, tc_id
[2026-04-21 11:55:13] INFO: Loaded 1 transfer cartons from database
[2026-04-21 11:55:13] INFO: TransferCartonListViewModel: Received 1 transfer cartons from service
[2026-04-21 11:55:13] INFO: TransferCartonListViewModel: Added 1 transfer cartons to collection
[2026-04-21 11:55:13] INFO: TransferCartonListView: RefreshAsync completed
[2026-04-21 11:55:14] INFO: TransferCartonDetailViewModel: Loading data for TC-0002-1776759189124
[2026-04-21 11:55:14] INFO: ASN ASN-0001 Carton CNWH12858: Assigned=Assigned, Actual=Assigned, ReceivedQty=0
[2026-04-21 11:55:14] INFO: ASN ASN-0001 Carton CNWH12854: Assigned=Assigned, Actual=Assigned, ReceivedQty=0
[2026-04-21 11:55:14] INFO: ASN ASN-0001 Carton CNWH15390: Assigned=Assigned, Actual=Assigned, ReceivedQty=0
[2026-04-21 11:55:14] INFO: ASN ASN-0001 Carton CNWH42441: Assigned=Assigned, Actual=Assigned, ReceivedQty=0
[2026-04-21 11:55:14] INFO: ASN ASN-0001 Carton CNWH64571: Assigned=Assigned, Actual=Assigned, ReceivedQty=0
[2026-04-21 11:55:14] INFO: ASN ASN-0001 Carton CNWH64521: Assigned=Assigned, Actual=Assigned, ReceivedQty=0
[2026-04-21 11:55:14] INFO: ASN ASN-0001 Carton CNWH63561: Assigned=Assigned, Actual=Assigned, ReceivedQty=0
[2026-04-21 11:55:14] INFO: ASN ASN-0001 Carton CNWH63609: Assigned=Assigned, Actual=Assigned, ReceivedQty=0
[2026-04-21 11:55:14] INFO: ASN ASN-0002 Carton CNWH12858: Assigned=Received, Actual=Received, ReceivedQty=100
[2026-04-21 11:55:14] INFO: ASN ASN-0002 Carton CNWH12854: Assigned=Received, Actual=Received, ReceivedQty=100
[2026-04-21 11:55:14] INFO: TransferCartonDetailViewModel: Loaded ASN ASN-0002
[2026-04-21 11:55:14] INFO: TransferCartonDetailViewModel: Loaded Transfer Order WMS-TO-00001
[2026-04-21 11:55:14] INFO: TransferCartonService: Loading contents for transfer carton TC-0002-1776759189124
[2026-04-21 11:55:14] INFO: TransferCartonService: Executing query with tc_id = 'TC-0002-1776759189124'
[2026-04-21 11:55:14] INFO: TransferCartonService: SQL = SELECT 
                            item_code,
                            carton_id AS source_carton,
                            SUM(qty) AS quantity,
                            MAX(user_id) AS packed_by,
                            MAX(event_time) AS packed_on
                        FROM tabWmsScanEvent
                        WHERE tc_id = @tc_id
                        AND event_type IN ('PACK_BOX_TO_TC', 'PACK_ITEM_TO_TC')
                        AND item_code IS NOT NULL
                        AND item_code != ''
                        AND qty > 0
                        GROUP BY item_code, carton_id
                        ORDER BY packed_on DESC
[2026-04-21 11:55:14] INFO: TransferCartonService: Total events with tc_id = 'TC-0002-1776759189124': 2
[2026-04-21 11:55:14] INFO: TransferCartonService: Events with item_code: 2
[2026-04-21 11:55:14] INFO: TransferCartonService: PACK_BOX_TO_TC events: 2
[2026-04-21 11:55:14] INFO: TransferCartonService: Found grouped item - ItemCode: 247775, SourceCarton: CNWH12858, Quantity: 25
[2026-04-21 11:55:14] INFO: TransferCartonService: Found grouped item - ItemCode: 247787, SourceCarton: CNWH12854, Quantity: 25
[2026-04-21 11:55:14] INFO: TransferCartonService: Processed 2 rows from database
[2026-04-21 11:55:14] INFO: TransferCartonService: Found 2 unique items for transfer carton TC-0002-1776759189124
[2026-04-21 11:55:14] INFO: TransferCartonDetailViewModel: Loaded 2 items for transfer carton TC-0002-1776759189124
[2026-04-21 11:55:14] INFO: ErpNextWmsSyncApiService: GetPrStatusForAsn GET http://printechsdammam.dyndns.org:88/api/method/printechs_wms.api.asn_to_purchase_receipt.get_pr_status_for_asn?asn_no=ASN-0002
[2026-04-21 11:55:16] INFO: TransferCartonDetailViewModel: Print carton contents (this carton only) for 'TC-0002-1776759189124'
[2026-04-21 11:55:25] INFO: PrintService: Single transfer carton contents printed for TC-0002-1776759189124
[2026-04-21 11:56:33] INFO: SortBoxListView: Loaded event fired
[2026-04-21 11:56:33] INFO: SortBoxListView: Calling RefreshAsync on ViewModel
[2026-04-21 11:56:33] INFO: SortBoxListViewModel: Starting to load sort boxes
[2026-04-21 11:56:33] INFO: Loading Sort Boxes from database...
[2026-04-21 11:56:33] INFO: Executing query: SELECT box_id, status, advance_shipping_notice, transfer_order, store, 
                               purpose, created_by, created_on, closed_by, closed_on, 
                               dispatched_on, received_at_store_on, remarks
                        FROM tabSortBox
                        ORDER BY created_on DESC, box_id
[2026-04-21 11:56:33] INFO: Loaded 6 sort boxes from database
[2026-04-21 11:56:33] INFO: SortBoxListViewModel: Received 6 sort boxes from service
[2026-04-21 11:56:33] INFO: SortBoxListViewModel: Added 6 sort boxes to collection
[2026-04-21 11:56:33] INFO: SortBoxListView: RefreshAsync completed
[2026-04-21 11:56:49] INFO: TransferCartonListView: Loaded event fired
[2026-04-21 11:56:49] INFO: TransferCartonListView: Calling RefreshAsync on ViewModel
[2026-04-21 11:56:49] INFO: TransferCartonListViewModel: Starting to load transfer cartons
[2026-04-21 11:56:49] INFO: Loading Transfer Cartons from database...
[2026-04-21 11:56:49] INFO: TransferCartonDataService: Starting schema detection
[2026-04-21 11:56:49] INFO: TransferCartonDataService: Found column 'asn_no'
[2026-04-21 11:56:49] INFO: TransferCartonDataService: Found column 'to_no'
[2026-04-21 11:56:49] INFO: TransferCartonDataService: Returning - AsnColumn=asn_no, ToColumn=to_no
[2026-04-21 11:56:49] INFO: Detected schema: AsnColumn=asn_no, ToColumn=to_no
[2026-04-21 11:56:49] INFO: Executing query: SELECT tc_id, status, asn_no, to_no, store, 
                               created_by, created_on, sealed_by, sealed_on, dispatched_on, remarks,
                               purchase_receipt_no, purchase_receipt_docstatus, purchase_receipt_created, purchase_receipt_submitted,
                               warehouse_transfer_no, warehouse_transfer_created
                        FROM tabTransferCarton
                        ORDER BY created_on DESC, tc_id
[2026-04-21 11:56:49] INFO: Loaded 1 transfer cartons from database
[2026-04-21 11:56:49] INFO: TransferCartonListViewModel: Received 1 transfer cartons from service
[2026-04-21 11:56:49] INFO: TransferCartonListViewModel: Added 1 transfer cartons to collection
[2026-04-21 11:56:49] INFO: TransferCartonListView: RefreshAsync completed
[2026-04-21 11:56:51] INFO: TransferCartonDetailViewModel: Loading data for TC-0002-1776759189124
[2026-04-21 11:56:51] INFO: ASN ASN-0001 Carton CNWH12858: Assigned=Assigned, Actual=Assigned, ReceivedQty=0
[2026-04-21 11:56:51] INFO: ASN ASN-0001 Carton CNWH12854: Assigned=Assigned, Actual=Assigned, ReceivedQty=0
[2026-04-21 11:56:51] INFO: ASN ASN-0001 Carton CNWH15390: Assigned=Assigned, Actual=Assigned, ReceivedQty=0
[2026-04-21 11:56:51] INFO: ASN ASN-0001 Carton CNWH42441: Assigned=Assigned, Actual=Assigned, ReceivedQty=0
[2026-04-21 11:56:51] INFO: ASN ASN-0001 Carton CNWH64571: Assigned=Assigned, Actual=Assigned, ReceivedQty=0
[2026-04-21 11:56:51] INFO: ASN ASN-0001 Carton CNWH64521: Assigned=Assigned, Actual=Assigned, ReceivedQty=0
[2026-04-21 11:56:51] INFO: ASN ASN-0001 Carton CNWH63561: Assigned=Assigned, Actual=Assigned, ReceivedQty=0
[2026-04-21 11:56:51] INFO: ASN ASN-0001 Carton CNWH63609: Assigned=Assigned, Actual=Assigned, ReceivedQty=0
[2026-04-21 11:56:51] INFO: ASN ASN-0002 Carton CNWH12858: Assigned=Received, Actual=Received, ReceivedQty=100
[2026-04-21 11:56:51] INFO: ASN ASN-0002 Carton CNWH12854: Assigned=Received, Actual=Received, ReceivedQty=100
[2026-04-21 11:56:51] INFO: TransferCartonDetailViewModel: Loaded ASN ASN-0002
[2026-04-21 11:56:51] INFO: TransferCartonDetailViewModel: Loaded Transfer Order WMS-TO-00001
[2026-04-21 11:56:51] INFO: TransferCartonService: Loading contents for transfer carton TC-0002-1776759189124
[2026-04-21 11:56:51] INFO: TransferCartonService: Executing query with tc_id = 'TC-0002-1776759189124'
[2026-04-21 11:56:51] INFO: TransferCartonService: SQL = SELECT 
                            item_code,
                            carton_id AS source_carton,
                            SUM(qty) AS quantity,
                            MAX(user_id) AS packed_by,
                            MAX(event_time) AS packed_on
                        FROM tabWmsScanEvent
                        WHERE tc_id = @tc_id
                        AND event_type IN ('PACK_BOX_TO_TC', 'PACK_ITEM_TO_TC')
                        AND item_code IS NOT NULL
                        AND item_code != ''
                        AND qty > 0
                        GROUP BY item_code, carton_id
                        ORDER BY packed_on DESC
[2026-04-21 11:56:51] INFO: TransferCartonService: Total events with tc_id = 'TC-0002-1776759189124': 2
[2026-04-21 11:56:51] INFO: TransferCartonService: Events with item_code: 2
[2026-04-21 11:56:51] INFO: TransferCartonService: PACK_BOX_TO_TC events: 2
[2026-04-21 11:56:51] INFO: TransferCartonService: Found grouped item - ItemCode: 247775, SourceCarton: CNWH12858, Quantity: 25
[2026-04-21 11:56:51] INFO: TransferCartonService: Found grouped item - ItemCode: 247787, SourceCarton: CNWH12854, Quantity: 25
[2026-04-21 11:56:51] INFO: TransferCartonService: Processed 2 rows from database
[2026-04-21 11:56:51] INFO: TransferCartonService: Found 2 unique items for transfer carton TC-0002-1776759189124
[2026-04-21 11:56:51] INFO: TransferCartonDetailViewModel: Loaded 2 items for transfer carton TC-0002-1776759189124
[2026-04-21 11:56:51] INFO: ErpNextWmsSyncApiService: GetPrStatusForAsn GET http://printechsdammam.dyndns.org:88/api/method/printechs_wms.api.asn_to_purchase_receipt.get_pr_status_for_asn?asn_no=ASN-0002
[2026-04-21 11:57:17] INFO: SortBoxListView: Loaded event fired
[2026-04-21 11:57:17] INFO: SortBoxListView: Calling RefreshAsync on ViewModel
[2026-04-21 11:57:17] INFO: SortBoxListViewModel: Starting to load sort boxes
[2026-04-21 11:57:17] INFO: Loading Sort Boxes from database...
[2026-04-21 11:57:17] INFO: Executing query: SELECT box_id, status, advance_shipping_notice, transfer_order, store, 
                               purpose, created_by, created_on, closed_by, closed_on, 
                               dispatched_on, received_at_store_on, remarks
                        FROM tabSortBox
                        ORDER BY created_on DESC, box_id
[2026-04-21 11:57:17] INFO: Loaded 6 sort boxes from database
[2026-04-21 11:57:17] INFO: SortBoxListViewModel: Received 6 sort boxes from service
[2026-04-21 11:57:17] INFO: SortBoxListViewModel: Added 6 sort boxes to collection
[2026-04-21 11:57:17] INFO: SortBoxListView: RefreshAsync completed
[2026-04-21 12:11:51] INFO: AuthService: Attempting login to http://localhost:3000/api/auth/login for user sysadmin
[2026-04-21 12:11:53] INFO: AuthService: Login response status: OK
[2026-04-21 12:11:53] INFO: AuthService: Login successful for user sysadmin
[2026-04-21 12:11:55] INFO: TransferCartonListView: Loaded event fired
[2026-04-21 12:11:55] INFO: TransferCartonListView: Calling RefreshAsync on ViewModel
[2026-04-21 12:11:55] INFO: TransferCartonListViewModel: Starting to load transfer cartons
[2026-04-21 12:11:55] INFO: Loading Transfer Cartons from database...
[2026-04-21 12:11:55] INFO: TransferCartonDataService: Starting schema detection
[2026-04-21 12:11:55] INFO: TransferCartonDataService: Found column 'asn_no'
[2026-04-21 12:11:55] INFO: TransferCartonDataService: Found column 'to_no'
[2026-04-21 12:11:55] INFO: TransferCartonDataService: Returning - AsnColumn=asn_no, ToColumn=to_no
[2026-04-21 12:11:55] INFO: Detected schema: AsnColumn=asn_no, ToColumn=to_no
[2026-04-21 12:11:55] INFO: Executing query: SELECT tc_id, status, asn_no, to_no, store, 
                               created_by, created_on, sealed_by, sealed_on, dispatched_on, remarks,
                               purchase_receipt_no, purchase_receipt_docstatus, purchase_receipt_created, purchase_receipt_submitted,
                               warehouse_transfer_no, warehouse_transfer_created
                        FROM tabTransferCarton
                        ORDER BY created_on DESC, tc_id
[2026-04-21 12:11:55] INFO: Loaded 1 transfer cartons from database
[2026-04-21 12:11:55] INFO: TransferCartonListViewModel: Received 1 transfer cartons from service
[2026-04-21 12:11:55] INFO: TransferCartonListViewModel: Added 1 transfer cartons to collection
[2026-04-21 12:11:56] INFO: TransferCartonListView: RefreshAsync completed
[2026-04-21 12:11:58] INFO: SortBoxListView: Loaded event fired
[2026-04-21 12:11:58] INFO: SortBoxListView: Calling RefreshAsync on ViewModel
[2026-04-21 12:11:58] INFO: SortBoxListViewModel: Starting to load sort boxes
[2026-04-21 12:11:58] INFO: Loading Sort Boxes from database...
[2026-04-21 12:11:58] INFO: Executing query: SELECT box_id, status, advance_shipping_notice, transfer_order, store, 
                               purpose, created_by, created_on, closed_by, closed_on, 
                               dispatched_on, received_at_store_on, remarks
                        FROM tabSortBox
                        ORDER BY created_on DESC, box_id
[2026-04-21 12:11:58] INFO: Loaded 6 sort boxes from database
[2026-04-21 12:11:58] INFO: SortBoxListViewModel: Received 6 sort boxes from service
[2026-04-21 12:11:58] INFO: SortBoxListViewModel: Added 6 sort boxes to collection
[2026-04-21 12:11:58] INFO: SortBoxListView: RefreshAsync completed
[2026-04-21 12:12:16] INFO: TransferCartonListView: Loaded event fired
[2026-04-21 12:12:16] INFO: TransferCartonListView: Calling RefreshAsync on ViewModel
[2026-04-21 12:12:16] INFO: TransferCartonListViewModel: Starting to load transfer cartons
[2026-04-21 12:12:16] INFO: Loading Transfer Cartons from database...
[2026-04-21 12:12:16] INFO: TransferCartonDataService: Starting schema detection
[2026-04-21 12:12:16] INFO: TransferCartonDataService: Found column 'asn_no'
[2026-04-21 12:12:16] INFO: TransferCartonDataService: Found column 'to_no'
[2026-04-21 12:12:16] INFO: TransferCartonDataService: Returning - AsnColumn=asn_no, ToColumn=to_no
[2026-04-21 12:12:16] INFO: Detected schema: AsnColumn=asn_no, ToColumn=to_no
[2026-04-21 12:12:16] INFO: Executing query: SELECT tc_id, status, asn_no, to_no, store, 
                               created_by, created_on, sealed_by, sealed_on, dispatched_on, remarks,
                               purchase_receipt_no, purchase_receipt_docstatus, purchase_receipt_created, purchase_receipt_submitted,
                               warehouse_transfer_no, warehouse_transfer_created
                        FROM tabTransferCarton
                        ORDER BY created_on DESC, tc_id
[2026-04-21 12:12:16] INFO: Loaded 1 transfer cartons from database
[2026-04-21 12:12:16] INFO: TransferCartonListViewModel: Received 1 transfer cartons from service
[2026-04-21 12:12:16] INFO: TransferCartonListViewModel: Added 1 transfer cartons to collection
[2026-04-21 12:12:16] INFO: TransferCartonListView: RefreshAsync completed
[2026-04-21 12:12:36] INFO: PutawayTaskDataService: Loaded task PUT-20260421-0001 with status Open
[2026-04-21 12:12:36] INFO: PutawayTaskDataService: Loaded task PUT-20260421-0002 with status Open
[2026-04-21 12:12:36] INFO: PutawayTaskDataService: SQL Query: SELECT pl.parent_title, pl.carton_id, pl.item_code, SUM(pl.qty) as qty, pl.rack, pl.bin, pl.location_id
                         FROM tabPutawayLine pl
                         WHERE pl.parent_title IN (@title0,@title1)
                         GROUP BY pl.parent_title, pl.carton_id, pl.item_code, pl.rack, pl.bin, pl.location_id
                         ORDER BY pl.parent_title, pl.item_code
[2026-04-21 12:12:36] INFO: PutawayTaskDataService: Querying lines for 2 tasks: PUT-20260421-0001, PUT-20260421-0002
[2026-04-21 12:12:36] INFO: PutawayTaskDataService: Read 2 lines, now looking up location_ids from tabLocation
[2026-04-21 12:12:36] INFO: PutawayTaskDataService: Added line for PUT-20260421-0001: 247787 (Qty: 50, Carton: PAW-ASN0002-1776758068971)
[2026-04-21 12:12:36] INFO: PutawayTaskDataService: Added line for PUT-20260421-0002: 247775 (Qty: 50, Carton: PAW-ASN0002-1776758270428)
[2026-04-21 12:12:36] INFO: PutawayTaskDataService: Total lines read from database: 4, Unique parent titles with lines: 2
[2026-04-21 12:12:36] INFO: PutawayTaskDataService: Task PUT-20260421-0001 has 1 line(s)
[2026-04-21 12:12:36] INFO: PutawayTaskDataService: Task PUT-20260421-0002 has 1 line(s)
[2026-04-21 12:12:36] INFO: PutawayTaskDataService: Total tasks loaded: 2
[2026-04-21 12:12:36] INFO: PutawayTaskListViewModel: Loaded 2 putaway tasks from database, 2 unique tasks displayed
[2026-04-21 12:12:36] INFO: TransferCartonListView: Loaded event fired
[2026-04-21 12:12:36] INFO: TransferCartonListView: Calling RefreshAsync on ViewModel
[2026-04-21 12:12:36] INFO: TransferCartonListViewModel: Starting to load transfer cartons
[2026-04-21 12:12:36] INFO: Loading Transfer Cartons from database...
[2026-04-21 12:12:36] INFO: TransferCartonDataService: Starting schema detection
[2026-04-21 12:12:36] INFO: TransferCartonDataService: Found column 'asn_no'
[2026-04-21 12:12:36] INFO: TransferCartonDataService: Found column 'to_no'
[2026-04-21 12:12:36] INFO: TransferCartonDataService: Returning - AsnColumn=asn_no, ToColumn=to_no
[2026-04-21 12:12:36] INFO: Detected schema: AsnColumn=asn_no, ToColumn=to_no
[2026-04-21 12:12:36] INFO: Executing query: SELECT tc_id, status, asn_no, to_no, store, 
                               created_by, created_on, sealed_by, sealed_on, dispatched_on, remarks,
                               purchase_receipt_no, purchase_receipt_docstatus, purchase_receipt_created, purchase_receipt_submitted,
                               warehouse_transfer_no, warehouse_transfer_created
                        FROM tabTransferCarton
                        ORDER BY created_on DESC, tc_id
[2026-04-21 12:12:36] INFO: Loaded 2 transfer cartons from database
[2026-04-21 12:12:36] INFO: TransferCartonListViewModel: Received 2 transfer cartons from service
[2026-04-21 12:12:36] INFO: TransferCartonListViewModel: Added 2 transfer cartons to collection
[2026-04-21 12:12:36] INFO: TransferCartonListView: RefreshAsync completed
[2026-04-21 12:12:38] INFO: TransferCartonDetailViewModel: Loading data for TC-0002-1776762740020
[2026-04-21 12:12:38] INFO: ASN ASN-0001 Carton CNWH12858: Assigned=Assigned, Actual=Assigned, ReceivedQty=0
[2026-04-21 12:12:38] INFO: ASN ASN-0001 Carton CNWH12854: Assigned=Assigned, Actual=Assigned, ReceivedQty=0
[2026-04-21 12:12:38] INFO: ASN ASN-0001 Carton CNWH15390: Assigned=Assigned, Actual=Assigned, ReceivedQty=0
[2026-04-21 12:12:38] INFO: ASN ASN-0001 Carton CNWH42441: Assigned=Assigned, Actual=Assigned, ReceivedQty=0
[2026-04-21 12:12:38] INFO: ASN ASN-0001 Carton CNWH64571: Assigned=Assigned, Actual=Assigned, ReceivedQty=0
[2026-04-21 12:12:38] INFO: ASN ASN-0001 Carton CNWH64521: Assigned=Assigned, Actual=Assigned, ReceivedQty=0
[2026-04-21 12:12:38] INFO: ASN ASN-0001 Carton CNWH63561: Assigned=Assigned, Actual=Assigned, ReceivedQty=0
[2026-04-21 12:12:38] INFO: ASN ASN-0001 Carton CNWH63609: Assigned=Assigned, Actual=Assigned, ReceivedQty=0
[2026-04-21 12:12:38] INFO: ASN ASN-0002 Carton CNWH12858: Assigned=Received, Actual=Received, ReceivedQty=100
[2026-04-21 12:12:38] INFO: ASN ASN-0002 Carton CNWH12854: Assigned=Received, Actual=Received, ReceivedQty=100
[2026-04-21 12:12:38] INFO: TransferCartonDetailViewModel: Loaded ASN ASN-0002
[2026-04-21 12:12:38] INFO: TransferCartonDetailViewModel: Loaded Transfer Order WMS-TO-00001
[2026-04-21 12:12:38] INFO: TransferCartonService: Loading contents for transfer carton TC-0002-1776762740020
[2026-04-21 12:12:38] INFO: TransferCartonService: Executing query with tc_id = 'TC-0002-1776762740020'
[2026-04-21 12:12:39] INFO: TransferCartonService: SQL = SELECT 
                            item_code,
                            carton_id AS source_carton,
                            MAX(NULLIF(TRIM(box_id), '')) AS sort_box_id,
                            SUM(qty) AS quantity,
                            MAX(user_id) AS packed_by,
                            MAX(event_time) AS packed_on
                        FROM tabWmsScanEvent
                        WHERE tc_id = @tc_id
                        AND event_type IN ('PACK_BOX_TO_TC', 'PACK_ITEM_TO_TC')
                        AND item_code IS NOT NULL
                        AND item_code != ''
                        AND qty > 0
                        GROUP BY item_code, carton_id
                        ORDER BY packed_on DESC
[2026-04-21 12:12:39] INFO: TransferCartonService: Total events with tc_id = 'TC-0002-1776762740020': 2
[2026-04-21 12:12:39] INFO: TransferCartonService: Events with item_code: 2
[2026-04-21 12:12:39] INFO: TransferCartonService: PACK_BOX_TO_TC events: 2
[2026-04-21 12:12:39] INFO: TransferCartonService: Found grouped item - ItemCode: 247775, SourceCarton: CNWH12858, BoxId: BOX-004ALRAS-281479, Quantity: 25
[2026-04-21 12:12:39] INFO: TransferCartonService: Found grouped item - ItemCode: 247787, SourceCarton: CNWH12854, BoxId: BOX-004ALRAS-095994, Quantity: 25
[2026-04-21 12:12:39] INFO: TransferCartonService: Processed 2 rows from database
[2026-04-21 12:12:39] INFO: TransferCartonService: Found 2 unique items for transfer carton TC-0002-1776762740020
[2026-04-21 12:12:39] INFO: TransferCartonDetailViewModel: Loaded 2 items for transfer carton TC-0002-1776762740020
[2026-04-21 12:12:39] INFO: ErpNextWmsSyncApiService: GetPrStatusForAsn GET http://printechsdammam.dyndns.org:88/api/method/printechs_wms.api.asn_to_purchase_receipt.get_pr_status_for_asn?asn_no=ASN-0002
[2026-04-21 12:12:50] INFO: TransferCartonDetailViewModel: Dispatching transfer carton 'TC-0002-1776762740020'
[2026-04-21 12:12:50] INFO: TransferCartonDataService: Dispatching transfer carton TC-0002-1776762740020
[2026-04-21 12:12:50] INFO: TransferCartonDataService: Starting schema detection
[2026-04-21 12:12:50] INFO: TransferCartonDataService: Found column 'asn_no'
[2026-04-21 12:12:50] INFO: TransferCartonDataService: Found column 'to_no'
[2026-04-21 12:12:50] INFO: TransferCartonDataService: Returning - AsnColumn=asn_no, ToColumn=to_no
[2026-04-21 12:12:50] INFO: TransferCartonDataService: Successfully dispatched transfer carton TC-0002-1776762740020
[2026-04-21 12:12:50] INFO: ErpNextWmsSyncApiService: Pushing WMS snapshot (event_uuid=SYNC-20260421-FA6B, 0 txns, 0 carton_stock, 0 cartons) to http://printechsdammam.dyndns.org:88/api/method/printechs_wms.api.offline_sync.push_wms_snapshot
[2026-04-21 12:12:50] INFO: ErpNextWmsSyncApiService: WMS snapshot updated successfully.
[2026-04-21 12:12:50] INFO: WmsSnapshotDataService: Snapshot pushed to ERPNext after transaction.
[2026-04-21 12:12:52] INFO: TransferCartonDetailViewModel: Transfer carton TC-0002-1776762740020 dispatched successfully
[2026-04-21 12:12:56] INFO: PutawayTaskDataService: Loaded task PUT-20260421-0001 with status Open
[2026-04-21 12:12:56] INFO: PutawayTaskDataService: Loaded task PUT-20260421-0002 with status Open
[2026-04-21 12:12:56] INFO: PutawayTaskDataService: SQL Query: SELECT pl.parent_title, pl.carton_id, pl.item_code, SUM(pl.qty) as qty, pl.rack, pl.bin, pl.location_id
                         FROM tabPutawayLine pl
                         WHERE pl.parent_title IN (@title0,@title1)
                         GROUP BY pl.parent_title, pl.carton_id, pl.item_code, pl.rack, pl.bin, pl.location_id
                         ORDER BY pl.parent_title, pl.item_code
[2026-04-21 12:12:56] INFO: PutawayTaskDataService: Querying lines for 2 tasks: PUT-20260421-0001, PUT-20260421-0002
[2026-04-21 12:12:56] INFO: PutawayTaskDataService: Read 2 lines, now looking up location_ids from tabLocation
[2026-04-21 12:12:56] INFO: PutawayTaskDataService: Added line for PUT-20260421-0001: 247787 (Qty: 50, Carton: PAW-ASN0002-1776758068971)
[2026-04-21 12:12:56] INFO: PutawayTaskDataService: Added line for PUT-20260421-0002: 247775 (Qty: 50, Carton: PAW-ASN0002-1776758270428)
[2026-04-21 12:12:56] INFO: PutawayTaskDataService: Total lines read from database: 4, Unique parent titles with lines: 2
[2026-04-21 12:12:56] INFO: PutawayTaskDataService: Task PUT-20260421-0001 has 1 line(s)
[2026-04-21 12:12:56] INFO: PutawayTaskDataService: Task PUT-20260421-0002 has 1 line(s)
[2026-04-21 12:12:56] INFO: PutawayTaskDataService: Total tasks loaded: 2
[2026-04-21 12:12:56] INFO: PutawayTaskListViewModel: Loaded 2 putaway tasks from database, 2 unique tasks displayed
[2026-04-21 12:12:56] INFO: TransferCartonListView: Loaded event fired
[2026-04-21 12:12:56] INFO: TransferCartonListView: Calling RefreshAsync on ViewModel
[2026-04-21 12:12:56] INFO: TransferCartonListViewModel: Starting to load transfer cartons
[2026-04-21 12:12:56] INFO: Loading Transfer Cartons from database...
[2026-04-21 12:12:56] INFO: TransferCartonDataService: Starting schema detection
[2026-04-21 12:12:57] INFO: TransferCartonDataService: Found column 'asn_no'
[2026-04-21 12:12:57] INFO: TransferCartonDataService: Found column 'to_no'
[2026-04-21 12:12:57] INFO: TransferCartonDataService: Returning - AsnColumn=asn_no, ToColumn=to_no
[2026-04-21 12:12:57] INFO: Detected schema: AsnColumn=asn_no, ToColumn=to_no
[2026-04-21 12:12:57] INFO: Executing query: SELECT tc_id, status, asn_no, to_no, store, 
                               created_by, created_on, sealed_by, sealed_on, dispatched_on, remarks,
                               purchase_receipt_no, purchase_receipt_docstatus, purchase_receipt_created, purchase_receipt_submitted,
                               warehouse_transfer_no, warehouse_transfer_created
                        FROM tabTransferCarton
                        ORDER BY created_on DESC, tc_id
[2026-04-21 12:12:57] INFO: Loaded 2 transfer cartons from database
[2026-04-21 12:12:57] INFO: TransferCartonListViewModel: Received 2 transfer cartons from service
[2026-04-21 12:12:57] INFO: TransferCartonListViewModel: Added 2 transfer cartons to collection
[2026-04-21 12:12:57] INFO: TransferCartonListView: RefreshAsync completed
[2026-04-21 12:13:39] INFO: TransferCartonDetailViewModel: Loading data for TC-0002-1776762740020
[2026-04-21 12:13:39] INFO: ASN ASN-0001 Carton CNWH12858: Assigned=Assigned, Actual=Assigned, ReceivedQty=0
[2026-04-21 12:13:39] INFO: ASN ASN-0001 Carton CNWH12854: Assigned=Assigned, Actual=Assigned, ReceivedQty=0
[2026-04-21 12:13:39] INFO: ASN ASN-0001 Carton CNWH15390: Assigned=Assigned, Actual=Assigned, ReceivedQty=0
[2026-04-21 12:13:39] INFO: ASN ASN-0001 Carton CNWH42441: Assigned=Assigned, Actual=Assigned, ReceivedQty=0
[2026-04-21 12:13:39] INFO: ASN ASN-0001 Carton CNWH64571: Assigned=Assigned, Actual=Assigned, ReceivedQty=0
[2026-04-21 12:13:39] INFO: ASN ASN-0001 Carton CNWH64521: Assigned=Assigned, Actual=Assigned, ReceivedQty=0
[2026-04-21 12:13:39] INFO: ASN ASN-0001 Carton CNWH63561: Assigned=Assigned, Actual=Assigned, ReceivedQty=0
[2026-04-21 12:13:39] INFO: ASN ASN-0001 Carton CNWH63609: Assigned=Assigned, Actual=Assigned, ReceivedQty=0
[2026-04-21 12:13:39] INFO: ASN ASN-0002 Carton CNWH12858: Assigned=Received, Actual=Received, ReceivedQty=100
[2026-04-21 12:13:39] INFO: ASN ASN-0002 Carton CNWH12854: Assigned=Received, Actual=Received, ReceivedQty=100
[2026-04-21 12:13:39] INFO: TransferCartonDetailViewModel: Loaded ASN ASN-0002
[2026-04-21 12:13:39] INFO: TransferCartonDetailViewModel: Loaded Transfer Order WMS-TO-00001
[2026-04-21 12:13:39] INFO: TransferCartonService: Loading contents for transfer carton TC-0002-1776762740020
[2026-04-21 12:13:39] INFO: TransferCartonService: Executing query with tc_id = 'TC-0002-1776762740020'
[2026-04-21 12:13:39] INFO: TransferCartonService: SQL = SELECT 
                            item_code,
                            carton_id AS source_carton,
                            MAX(NULLIF(TRIM(box_id), '')) AS sort_box_id,
                            SUM(qty) AS quantity,
                            MAX(user_id) AS packed_by,
                            MAX(event_time) AS packed_on
                        FROM tabWmsScanEvent
                        WHERE tc_id = @tc_id
                        AND event_type IN ('PACK_BOX_TO_TC', 'PACK_ITEM_TO_TC')
                        AND item_code IS NOT NULL
                        AND item_code != ''
                        AND qty > 0
                        GROUP BY item_code, carton_id
                        ORDER BY packed_on DESC
[2026-04-21 12:13:39] INFO: TransferCartonService: Total events with tc_id = 'TC-0002-1776762740020': 2
[2026-04-21 12:13:39] INFO: TransferCartonService: Events with item_code: 2
[2026-04-21 12:13:39] INFO: TransferCartonService: PACK_BOX_TO_TC events: 2
[2026-04-21 12:13:39] INFO: TransferCartonService: Found grouped item - ItemCode: 247775, SourceCarton: CNWH12858, BoxId: BOX-004ALRAS-281479, Quantity: 25
[2026-04-21 12:13:39] INFO: TransferCartonService: Found grouped item - ItemCode: 247787, SourceCarton: CNWH12854, BoxId: BOX-004ALRAS-095994, Quantity: 25
[2026-04-21 12:13:39] INFO: TransferCartonService: Processed 2 rows from database
[2026-04-21 12:13:39] INFO: TransferCartonService: Found 2 unique items for transfer carton TC-0002-1776762740020
[2026-04-21 12:13:39] INFO: TransferCartonDetailViewModel: Loaded 2 items for transfer carton TC-0002-1776762740020
[2026-04-21 12:13:39] INFO: ErpNextWmsSyncApiService: GetPrStatusForAsn GET http://printechsdammam.dyndns.org:88/api/method/printechs_wms.api.asn_to_purchase_receipt.get_pr_status_for_asn?asn_no=ASN-0002
[2026-04-21 12:13:49] INFO: ErpNextWmsSyncApiService: GetPrStatusForAsn GET http://printechsdammam.dyndns.org:88/api/method/printechs_wms.api.asn_to_purchase_receipt.get_pr_status_for_asn?asn_no=ASN-0002
[2026-04-21 12:13:52] INFO: TransferCartonDetailViewModel: Printing out slip for 'TC-0002-1776762740020'
[2026-04-21 12:13:52] INFO: PrintService: Starting out slip print job for 'TC-0002-1776762740020'
[2026-04-21 12:13:54] INFO: PrintService: Print dialog cancelled by user
[2026-04-21 12:18:43] INFO: PutawayTaskDataService: Loaded task PUT-20260421-0001 with status Open
[2026-04-21 12:18:43] INFO: PutawayTaskDataService: Loaded task PUT-20260421-0002 with status Completed
[2026-04-21 12:18:43] INFO: PutawayTaskDataService: SQL Query: SELECT pl.parent_title, pl.carton_id, pl.item_code, SUM(pl.qty) as qty, pl.rack, pl.bin, pl.location_id
                         FROM tabPutawayLine pl
                         WHERE pl.parent_title IN (@title0,@title1)
                         GROUP BY pl.parent_title, pl.carton_id, pl.item_code, pl.rack, pl.bin, pl.location_id
                         ORDER BY pl.parent_title, pl.item_code
[2026-04-21 12:18:43] INFO: PutawayTaskDataService: Querying lines for 2 tasks: PUT-20260421-0001, PUT-20260421-0002
[2026-04-21 12:18:43] INFO: PutawayTaskDataService: Read 2 lines, now looking up location_ids from tabLocation
[2026-04-21 12:18:43] INFO: PutawayTaskDataService: Added line for PUT-20260421-0001: 247787 (Qty: 50, Carton: PAW-ASN0002-1776758068971)
[2026-04-21 12:18:43] INFO: PutawayTaskDataService: Added line for PUT-20260421-0002: 247775 (Qty: 50, Carton: PAW-ASN0002-1776758270428)
[2026-04-21 12:18:43] INFO: PutawayTaskDataService: Total lines read from database: 4, Unique parent titles with lines: 2
[2026-04-21 12:18:43] INFO: PutawayTaskDataService: Task PUT-20260421-0001 has 1 line(s)
[2026-04-21 12:18:43] INFO: PutawayTaskDataService: Task PUT-20260421-0002 has 1 line(s)
[2026-04-21 12:18:43] INFO: PutawayTaskDataService: Total tasks loaded: 2
[2026-04-21 12:18:43] INFO: PutawayTaskListViewModel: Loaded 2 putaway tasks from database, 2 unique tasks displayed
[2026-04-21 12:24:16] INFO: ItemLocationBreakdownViewModel: Loading location data for 247775 from transaction history
[2026-04-21 12:24:16] INFO: ItemLocationBreakdownViewModel: Found 1 location/carton entries from transaction history
[2026-04-21 12:24:25] INFO: ItemLocationBreakdownViewModel: Loading location data for 247775 from transaction history
[2026-04-21 12:24:25] INFO: ItemLocationBreakdownViewModel: Found 1 location/carton entries from transaction history
[2026-04-21 12:24:25] INFO: ItemLocationBreakdownViewModel: Loading location data for 247775 from transaction history
[2026-04-21 12:24:25] INFO: ItemLocationBreakdownViewModel: Found 1 location/carton entries from transaction history
[2026-04-21 12:24:33] INFO: PutawayTaskDataService: Loaded task PUT-20260421-0001 with status Open
[2026-04-21 12:24:33] INFO: PutawayTaskDataService: Loaded task PUT-20260421-0002 with status Completed
[2026-04-21 12:24:33] INFO: PutawayTaskDataService: SQL Query: SELECT pl.parent_title, pl.carton_id, pl.item_code, SUM(pl.qty) as qty, pl.rack, pl.bin, pl.location_id
                         FROM tabPutawayLine pl
                         WHERE pl.parent_title IN (@title0,@title1)
                         GROUP BY pl.parent_title, pl.carton_id, pl.item_code, pl.rack, pl.bin, pl.location_id
                         ORDER BY pl.parent_title, pl.item_code
[2026-04-21 12:24:33] INFO: PutawayTaskDataService: Querying lines for 2 tasks: PUT-20260421-0001, PUT-20260421-0002
[2026-04-21 12:24:33] INFO: PutawayTaskDataService: Read 2 lines, now looking up location_ids from tabLocation
[2026-04-21 12:24:33] INFO: PutawayTaskDataService: Added line for PUT-20260421-0001: 247787 (Qty: 50, Carton: PAW-ASN0002-1776758068971)
[2026-04-21 12:24:33] INFO: PutawayTaskDataService: Added line for PUT-20260421-0002: 247775 (Qty: 50, Carton: PAW-ASN0002-1776758270428)
[2026-04-21 12:24:33] INFO: PutawayTaskDataService: Total lines read from database: 4, Unique parent titles with lines: 2
[2026-04-21 12:24:33] INFO: PutawayTaskDataService: Task PUT-20260421-0001 has 1 line(s)
[2026-04-21 12:24:33] INFO: PutawayTaskDataService: Task PUT-20260421-0002 has 1 line(s)
[2026-04-21 12:24:33] INFO: PutawayTaskDataService: Total tasks loaded: 2
[2026-04-21 12:24:33] INFO: PutawayTaskListViewModel: Loaded 2 putaway tasks from database, 2 unique tasks displayed
[2026-04-21 12:39:34] INFO: TransferCartonListView: Loaded event fired
[2026-04-21 12:39:34] INFO: TransferCartonListView: Calling RefreshAsync on ViewModel
[2026-04-21 12:39:34] INFO: TransferCartonListViewModel: Starting to load transfer cartons
[2026-04-21 12:39:34] INFO: Loading Transfer Cartons from database...
[2026-04-21 12:39:34] INFO: TransferCartonDataService: Starting schema detection
[2026-04-21 12:39:34] INFO: TransferCartonDataService: Found column 'asn_no'
[2026-04-21 12:39:34] INFO: TransferCartonDataService: Found column 'to_no'
[2026-04-21 12:39:34] INFO: TransferCartonDataService: Returning - AsnColumn=asn_no, ToColumn=to_no
[2026-04-21 12:39:34] INFO: Detected schema: AsnColumn=asn_no, ToColumn=to_no
[2026-04-21 12:39:34] INFO: Executing query: SELECT tc_id, status, asn_no, to_no, store, 
                               created_by, created_on, sealed_by, sealed_on, dispatched_on, remarks,
                               purchase_receipt_no, purchase_receipt_docstatus, purchase_receipt_created, purchase_receipt_submitted,
                               warehouse_transfer_no, warehouse_transfer_created
                        FROM tabTransferCarton
                        ORDER BY created_on DESC, tc_id
[2026-04-21 12:39:34] INFO: Loaded 2 transfer cartons from database
[2026-04-21 12:39:34] INFO: TransferCartonListViewModel: Received 2 transfer cartons from service
[2026-04-21 12:39:34] INFO: TransferCartonListViewModel: Added 2 transfer cartons to collection
[2026-04-21 12:39:34] INFO: TransferCartonListView: RefreshAsync completed
[2026-04-21 12:39:35] INFO: PutawayTaskDataService: Loaded task PUT-20260421-0001 with status Open
[2026-04-21 12:39:35] INFO: PutawayTaskDataService: Loaded task PUT-20260421-0002 with status Completed
[2026-04-21 12:39:35] INFO: PutawayTaskDataService: SQL Query: SELECT pl.parent_title, pl.carton_id, pl.item_code, SUM(pl.qty) as qty, pl.rack, pl.bin, pl.location_id
                         FROM tabPutawayLine pl
                         WHERE pl.parent_title IN (@title0,@title1)
                         GROUP BY pl.parent_title, pl.carton_id, pl.item_code, pl.rack, pl.bin, pl.location_id
                         ORDER BY pl.parent_title, pl.item_code
[2026-04-21 12:39:35] INFO: PutawayTaskDataService: Querying lines for 2 tasks: PUT-20260421-0001, PUT-20260421-0002
[2026-04-21 12:39:35] INFO: PutawayTaskDataService: Read 2 lines, now looking up location_ids from tabLocation
[2026-04-21 12:39:35] INFO: PutawayTaskDataService: Added line for PUT-20260421-0001: 247787 (Qty: 50, Carton: PAW-ASN0002-1776758068971)
[2026-04-21 12:39:35] INFO: PutawayTaskDataService: Added line for PUT-20260421-0002: 247775 (Qty: 50, Carton: PAW-ASN0002-1776758270428)
[2026-04-21 12:39:35] INFO: PutawayTaskDataService: Total lines read from database: 4, Unique parent titles with lines: 2
[2026-04-21 12:39:35] INFO: PutawayTaskDataService: Task PUT-20260421-0001 has 1 line(s)
[2026-04-21 12:39:35] INFO: PutawayTaskDataService: Task PUT-20260421-0002 has 1 line(s)
[2026-04-21 12:39:35] INFO: PutawayTaskDataService: Total tasks loaded: 2
[2026-04-21 12:39:35] INFO: PutawayTaskListViewModel: Loaded 2 putaway tasks from database, 2 unique tasks displayed
[2026-04-21 13:14:39] INFO: ASN sync from ERPNext started.
[2026-04-21 13:14:39] INFO: ErpNextWmsSyncApiService: [Item Group] Fetching ASNs from http://printechsdammam.dyndns.org:88/api/method/printechs_wms.api.wms_sync.get_asns_for_wms?export_pending=1&include_items=1
[2026-04-21 13:14:39] INFO: ErpNextWmsSyncApiService: [Item Group] Fetched 3 ASNs
[2026-04-21 13:14:39] INFO: ErpNextWmsSyncApiService: [ASN] Fetching ASNs from http://printechsdammam.dyndns.org:88/api/method/printechs_wms.api.wms_sync.get_asns_for_wms?export_pending=1&include_items=1
[2026-04-21 13:14:39] INFO: ErpNextWmsSyncApiService: [ASN] Fetched 3 ASNs
[2026-04-21 13:14:39] INFO: ErpNextWmsSyncApiService: [ASN Status] Fetching ASNs from http://printechsdammam.dyndns.org:88/api/method/printechs_wms.api.wms_sync.get_asns_for_wms?export_pending=1&include_items=1
[2026-04-21 13:14:39] INFO: ErpNextWmsSyncApiService: [ASN Status] Fetched 3 ASNs
[2026-04-21 13:14:39] INFO: ErpNextWmsSyncApiService: [MR] Fetching ASNs from http://printechsdammam.dyndns.org:88/api/method/printechs_wms.api.wms_sync.get_asns_for_wms?export_pending=1&include_items=1
[2026-04-21 13:14:39] INFO: ErpNextWmsSyncApiService: [MR] Fetched 3 ASNs
[2026-04-21 13:14:39] INFO: ErpNextWmsSyncApiService: [ERPNext 9] Fetching ASNs from http://printechsdammam.dyndns.org:88/api/method/printechs_wms.api.wms_sync.get_asns_for_wms?export_pending=1&include_items=1
[2026-04-21 13:14:39] INFO: ErpNextWmsSyncApiService: [ERPNext 9] Fetched 3 ASNs
[2026-04-21 13:14:39] INFO: ErpNextWmsSyncApiService: [Stock Entry] Fetching ASNs from http://printechsdammam.dyndns.org:88/api/method/printechs_wms.api.wms_sync.get_asns_for_wms?export_pending=1&include_items=1
[2026-04-21 13:14:39] INFO: ErpNextWmsSyncApiService: [Stock Entry] Fetched 3 ASNs
[2026-04-21 13:14:39] INFO: ErpNextWmsSyncApiService: [ERPNext 11] Fetching ASNs from http://printechsdammam.dyndns.org:88/api/method/printechs_wms.api.wms_sync.get_asns_for_wms?export_pending=1&include_items=1
[2026-04-21 13:14:40] INFO: ErpNextWmsSyncApiService: [ERPNext 11] Fetched 3 ASNs
[2026-04-21 13:14:40] INFO: ErpNextWmsSyncApiService: ERPNext 13 API URL or key not configured
[2026-04-21 13:14:40] INFO: AsnSyncFromErpNextService: Syncing 3 ASN(s) with items.
[2026-04-21 13:14:40] INFO: ASN sync from ERPNext completed. Fetched: 3, ASNs inserted: 1, updated: 2, items: 12, errors: 0
[2026-04-21 13:14:40] INFO: ErpNextWmsSyncApiService: Posting ASN WMS-ASN-EXT-127211 status=Exported to http://printechsdammam.dyndns.org:88/api/method/printechs_wms.api.wms_sync.update_asn_wms_status
[2026-04-21 13:14:40] INFO: ErpNextWmsSyncApiService: ASN status updated successfully.
[2026-04-21 13:14:40] INFO: ErpNextWmsSyncApiService: Posting ASN ASN-0002 status=Exported to http://printechsdammam.dyndns.org:88/api/method/printechs_wms.api.wms_sync.update_asn_wms_status
[2026-04-21 13:14:40] ERROR: ErpNextWmsSyncApiService: ASN status API returned ExpectationFailed: {"exception":"frappe.exceptions.ValidationError:  Status cannot be \"Received\". It should be one of \"Draft\", \"Open\", \"Completed\", \"Cancelled\"","exc_type":"ValidationError","_exc_source":"printechs_wms (app)","exc":"[\"Traceback (most recent call last):\\n  File \\\"apps/frappe/frappe/app.py\\\", line 120, in application\\n    response = frappe.api.handle(request)\\n               ^^^^^^^^^^^^^^^^^^^^^^^^^^\\n  File \\\"apps/frappe/frappe/api/__init__.py\\\", line 52, in handle\\n    data = endpoint(**arguments)\\n           ^^^^^^^^^^^^^^^^^^^^^\\n  File \\\"apps/frappe/frappe/api/v1.py\\\", line 40, in handle_rpc_call\\n    return frappe.handler.handle()\\n           ^^^^^^^^^^^^^^^^^^^^^^^\\n  File \\\"apps/frappe/frappe/handler.py\\\", line 52, in handle\\n    data = execute_cmd(cmd)\\n           ^^^^^^^^^^^^^^^^\\n  File \\\"apps/frappe/frappe/handler.py\\\", line 85, in execute_cmd\\n    return frappe.call(method, **frappe.form_dict)\\n           ^^^^^^^^^^^^^^^^^^^^^^^^^^^^^^^^^^^^^^^\\n  File \\\"apps/frappe/frappe/__init__.py\\\", line 1754, in call\\n    return fn(*args, **newargs)\\n           ^^^^^^^^^^^^^^^^^^^^\\n  File \\\"apps/frappe/frappe/utils/typing_validations.py\\\", line 32, in wrapper\\n    return func(*args, **kwargs)\\n           ^^^^^^^^^^^^^^^^^^^^^\\n  File \\\"apps/printechs_wms/printechs_wms/api/wms_sync.py\\\", line 379, in update_asn_wms_status\\n    doc.save()\\n  File \\\"apps/frappe/frappe/model/document.py\\\", line 378, in save\\n    return self._save(*args, **kwargs)\\n           ^^^^^^^^^^^^^^^^^^^^^^^^^^^\\n  File \\\"apps/frappe/frappe/model/document.py\\\", line 417, in _save\\n    self._validate()\\n  File \\\"apps/frappe/frappe/model/document.py\\\", line 624, in _validate\\n    self._validate_selects()\\n  File \\\"apps/frappe/frappe/model/base_document.py\\\", line 913, in _validate_selects\\n    frappe.throw(\\n  File \\\"apps/frappe/frappe/__init__.py\\\", line 609, in throw\\n    msgprint(\\n  File \\\"apps/frappe/frappe/__init__.py\\\", line 574, in msgprint\\n    _raise_exception()\\n  File \\\"apps/frappe/frappe/__init__.py\\\", line 525, in _raise_exception\\n    raise exc\\nfrappe.exceptions.ValidationError:  Status cannot be \\\"Received\\\". It should be one of \\\"Draft\\\", \\\"Open\\\", \\\"Completed\\\", \\\"Cancelled\\\"\\n\"]","_server_messages":"[\"{\\\"message\\\": \\\" Status cannot be \\\\\\\"Received\\\\\\\". It should be one of \\\\\\\"Draft\\\\\\\", \\\\\\\"Open\\\\\\\", \\\\\\\"Completed\\\\\\\", \\\\\\\"Cancelled\\\\\\\"\\\", \\\"title\\\": \\\"Message\\\", \\\"indicator\\\": \\\"red\\\", \\\"raise_exception\\\": 1, \\\"__frappe_exc_id\\\": \\\"799ad91d85754d782dbf77edfd294ef840ba5ad3c8a8b3b9f5508d96\\\"}\"]"}
--------------------------------------------------------------------------------
[2026-04-21 13:14:40] ERROR: AsnSyncFromErpNextService: Failed to post ASN ASN-0002 status to ERPNext: ExpectationFailed: {"exception":"frappe.exceptions.ValidationError:  Status cannot be \"Received\". It should be one of \"Draft\", \"Open\", \"Completed\", \"Cancelled\"","exc_type":"ValidationError","_exc_source":"printechs_wms (app)","exc":"[\"Traceback (most recent call last):\\n  File \\\"apps/frappe/frappe/app.py\\\", line 120, in application\\n    response = frappe.api.handle(request)\\n               ^^^^^^^^^^^^^^^^^^^^^^^^^^\\n  File \\\"apps/frappe/frappe/api/__init__.py\\\", line 52, in handle\\n    data = endpoint(**arguments)\\n           ^^^^^^^^^^^^^^^^^^^^^\\n  File \\\"apps/frappe/frappe/api/v1.py\\\", line 40, in handle_rpc_call\\n    return frappe.handler.handle()\\n           ^^^^^^^^^^^^^^^^^^^^^^^\\n  File \\\"apps/frappe/frappe/handler.py\\\", line 52, in handle\\n    data = execute_cmd(cmd)\\n           ^^^^^^^^^^^^^^^^\\n  File \\\"apps/frappe/frappe/handler.py\\\", line 85, in execute_cmd\\n    return frappe.call(method, **frappe.form_dict)\\n           ^^^^^^^^^^^^^^^^^^^^^^^^^^^^^^^^^^^^^^^\\n  File \\\"apps/frappe/frappe/__init__.py\\\", line 1754, in call\\n    return fn(*args, **newargs)\\n           ^^^^^^^^^^^^^^^^^^^^\\n  File \\\"apps/frappe/frappe/utils/typing_validations.py\\\", line 32, in wrapper\\n    return func(*args, **kwargs)\\n           ^^^^^^^^^^^^^^^^^^^^^\\n  File \\\"apps/printechs_wms/printechs_wms/api/wms_sync.py\\\", line 379, in update_asn_wms_status\\n    doc.save()\\n  File \\\"apps/frappe/frappe/model/document.py\\\", line 378, in save\\n    return self._save(*args, **kwargs)\\n           ^^^^^^^^^^^^^^^^^^^^^^^^^^^\\n  File \\\"apps/frappe/frappe/model/document.py\\\", line 417, in _save\\n    self._validate()\\n  File \\\"apps/frappe/frappe/model/document.py\\\", line 624, in _validate\\n    self._validate_selects()\\n  File \\\"apps/frappe/frappe/model/base_document.py\\\", line 913, in _validate_selects\\n    frappe.throw(\\n  File \\\"apps/frappe/frappe/__init__.py\\\", line 609, in throw\\n    msgprint(\\n  File \\\"apps/frappe/frappe/__init__.py\\\", line 574, in msgprint\\n    _raise_exception()\\n  File \\\"apps/frappe/frappe/__init__.py\\\", line 525, in _raise_exception\\n    raise exc\\nfrappe.exceptions.ValidationError:  Status cannot be \\\"Received\\\". It should be one of \\\"Draft\\\", \\\"Open\\\", \\\"Completed\\\", \\\"Cancelled\\\"\\n\"]","_server_messages":"[\"{\\\"message\\\": \\\" Status cannot be \\\\\\\"Received\\\\\\\". It should be one of \\\\\\\"Draft\\\\\\\", \\\\\\\"Open\\\\\\\", \\\\\\\"Completed\\\\\\\", \\\\\\\"Cancelled\\\\\\\"\\\", \\\"title\\\": \\\"Message\\\", \\\"indicator\\\": \\\"red\\\", \\\"raise_exception\\\": 1, \\\"__frappe_exc_id\\\": \\\"799ad91d85754d782dbf77edfd294ef840ba5ad3c8a8b3b9f5508d96\\\"}\"]"}
--------------------------------------------------------------------------------
[2026-04-21 13:14:40] INFO: ErpNextWmsSyncApiService: Posting ASN ASN-0001 status=Exported to http://printechsdammam.dyndns.org:88/api/method/printechs_wms.api.wms_sync.update_asn_wms_status
[2026-04-21 13:14:40] ERROR: ErpNextWmsSyncApiService: ASN status API returned ExpectationFailed: {"exception":"frappe.exceptions.ValidationError:  Status cannot be \"Partially Received\". It should be one of \"Draft\", \"Open\", \"Completed\", \"Cancelled\"","exc_type":"ValidationError","_exc_source":"printechs_wms (app)","exc":"[\"Traceback (most recent call last):\\n  File \\\"apps/frappe/frappe/app.py\\\", line 120, in application\\n    response = frappe.api.handle(request)\\n               ^^^^^^^^^^^^^^^^^^^^^^^^^^\\n  File \\\"apps/frappe/frappe/api/__init__.py\\\", line 52, in handle\\n    data = endpoint(**arguments)\\n           ^^^^^^^^^^^^^^^^^^^^^\\n  File \\\"apps/frappe/frappe/api/v1.py\\\", line 40, in handle_rpc_call\\n    return frappe.handler.handle()\\n           ^^^^^^^^^^^^^^^^^^^^^^^\\n  File \\\"apps/frappe/frappe/handler.py\\\", line 52, in handle\\n    data = execute_cmd(cmd)\\n           ^^^^^^^^^^^^^^^^\\n  File \\\"apps/frappe/frappe/handler.py\\\", line 85, in execute_cmd\\n    return frappe.call(method, **frappe.form_dict)\\n           ^^^^^^^^^^^^^^^^^^^^^^^^^^^^^^^^^^^^^^^\\n  File \\\"apps/frappe/frappe/__init__.py\\\", line 1754, in call\\n    return fn(*args, **newargs)\\n           ^^^^^^^^^^^^^^^^^^^^\\n  File \\\"apps/frappe/frappe/utils/typing_validations.py\\\", line 32, in wrapper\\n    return func(*args, **kwargs)\\n           ^^^^^^^^^^^^^^^^^^^^^\\n  File \\\"apps/printechs_wms/printechs_wms/api/wms_sync.py\\\", line 379, in update_asn_wms_status\\n    doc.save()\\n  File \\\"apps/frappe/frappe/model/document.py\\\", line 378, in save\\n    return self._save(*args, **kwargs)\\n           ^^^^^^^^^^^^^^^^^^^^^^^^^^^\\n  File \\\"apps/frappe/frappe/model/document.py\\\", line 417, in _save\\n    self._validate()\\n  File \\\"apps/frappe/frappe/model/document.py\\\", line 624, in _validate\\n    self._validate_selects()\\n  File \\\"apps/frappe/frappe/model/base_document.py\\\", line 913, in _validate_selects\\n    frappe.throw(\\n  File \\\"apps/frappe/frappe/__init__.py\\\", line 609, in throw\\n    msgprint(\\n  File \\\"apps/frappe/frappe/__init__.py\\\", line 574, in msgprint\\n    _raise_exception()\\n  File \\\"apps/frappe/frappe/__init__.py\\\", line 525, in _raise_exception\\n    raise exc\\nfrappe.exceptions.ValidationError:  Status cannot be \\\"Partially Received\\\". It should be one of \\\"Draft\\\", \\\"Open\\\", \\\"Completed\\\", \\\"Cancelled\\\"\\n\"]","_server_messages":"[\"{\\\"message\\\": \\\" Status cannot be \\\\\\\"Partially Received\\\\\\\". It should be one of \\\\\\\"Draft\\\\\\\", \\\\\\\"Open\\\\\\\", \\\\\\\"Completed\\\\\\\", \\\\\\\"Cancelled\\\\\\\"\\\", \\\"title\\\": \\\"Message\\\", \\\"indicator\\\": \\\"red\\\", \\\"raise_exception\\\": 1, \\\"__frappe_exc_id\\\": \\\"37a35ad28723152addb42bd698f004f9fd77013d8e9ac2be045760d3\\\"}\"]"}
--------------------------------------------------------------------------------
[2026-04-21 13:14:40] ERROR: AsnSyncFromErpNextService: Failed to post ASN ASN-0001 status to ERPNext: ExpectationFailed: {"exception":"frappe.exceptions.ValidationError:  Status cannot be \"Partially Received\". It should be one of \"Draft\", \"Open\", \"Completed\", \"Cancelled\"","exc_type":"ValidationError","_exc_source":"printechs_wms (app)","exc":"[\"Traceback (most recent call last):\\n  File \\\"apps/frappe/frappe/app.py\\\", line 120, in application\\n    response = frappe.api.handle(request)\\n               ^^^^^^^^^^^^^^^^^^^^^^^^^^\\n  File \\\"apps/frappe/frappe/api/__init__.py\\\", line 52, in handle\\n    data = endpoint(**arguments)\\n           ^^^^^^^^^^^^^^^^^^^^^\\n  File \\\"apps/frappe/frappe/api/v1.py\\\", line 40, in handle_rpc_call\\n    return frappe.handler.handle()\\n           ^^^^^^^^^^^^^^^^^^^^^^^\\n  File \\\"apps/frappe/frappe/handler.py\\\", line 52, in handle\\n    data = execute_cmd(cmd)\\n           ^^^^^^^^^^^^^^^^\\n  File \\\"apps/frappe/frappe/handler.py\\\", line 85, in execute_cmd\\n    return frappe.call(method, **frappe.form_dict)\\n           ^^^^^^^^^^^^^^^^^^^^^^^^^^^^^^^^^^^^^^^\\n  File \\\"apps/frappe/frappe/__init__.py\\\", line 1754, in call\\n    return fn(*args, **newargs)\\n           ^^^^^^^^^^^^^^^^^^^^\\n  File \\\"apps/frappe/frappe/utils/typing_validations.py\\\", line 32, in wrapper\\n    return func(*args, **kwargs)\\n           ^^^^^^^^^^^^^^^^^^^^^\\n  File \\\"apps/printechs_wms/printechs_wms/api/wms_sync.py\\\", line 379, in update_asn_wms_status\\n    doc.save()\\n  File \\\"apps/frappe/frappe/model/document.py\\\", line 378, in save\\n    return self._save(*args, **kwargs)\\n           ^^^^^^^^^^^^^^^^^^^^^^^^^^^\\n  File \\\"apps/frappe/frappe/model/document.py\\\", line 417, in _save\\n    self._validate()\\n  File \\\"apps/frappe/frappe/model/document.py\\\", line 624, in _validate\\n    self._validate_selects()\\n  File \\\"apps/frappe/frappe/model/base_document.py\\\", line 913, in _validate_selects\\n    frappe.throw(\\n  File \\\"apps/frappe/frappe/__init__.py\\\", line 609, in throw\\n    msgprint(\\n  File \\\"apps/frappe/frappe/__init__.py\\\", line 574, in msgprint\\n    _raise_exception()\\n  File \\\"apps/frappe/frappe/__init__.py\\\", line 525, in _raise_exception\\n    raise exc\\nfrappe.exceptions.ValidationError:  Status cannot be \\\"Partially Received\\\". It should be one of \\\"Draft\\\", \\\"Open\\\", \\\"Completed\\\", \\\"Cancelled\\\"\\n\"]","_server_messages":"[\"{\\\"message\\\": \\\" Status cannot be \\\\\\\"Partially Received\\\\\\\". It should be one of \\\\\\\"Draft\\\\\\\", \\\\\\\"Open\\\\\\\", \\\\\\\"Completed\\\\\\\", \\\\\\\"Cancelled\\\\\\\"\\\", \\\"title\\\": \\\"Message\\\", \\\"indicator\\\": \\\"red\\\", \\\"raise_exception\\\": 1, \\\"__frappe_exc_id\\\": \\\"37a35ad28723152addb42bd698f004f9fd77013d8e9ac2be045760d3\\\"}\"]"}
--------------------------------------------------------------------------------
[2026-04-21 13:14:40] INFO: AsnSyncFromErpNextService: ASN status posted to ERPNext: 1/3 updated (update_asn_wms_status per ASN)
[2026-04-21 13:14:40] INFO: Transfer Order sync from ERPNext started.
[2026-04-21 13:14:40] INFO: ErpNextWmsSyncApiService: [Item Group] Fetching Transfer Orders from http://printechsdammam.dyndns.org:88/api/method/printechs_wms.api.wms_sync.get_tos_for_wms?export_pending=1&include_items=1&docstatus=1
[2026-04-21 13:14:40] INFO: ErpNextWmsSyncApiService: [Item Group] Fetched 1 Transfer Orders
[2026-04-21 13:14:40] INFO: ErpNextWmsSyncApiService: [TO] Fetching Transfer Orders from http://printechsdammam.dyndns.org:88/api/method/printechs_wms.api.wms_sync.get_tos_for_wms?export_pending=1&include_items=1&docstatus=1
[2026-04-21 13:14:40] INFO: ErpNextWmsSyncApiService: [TO] Fetched 1 Transfer Orders
[2026-04-21 13:14:40] INFO: ErpNextWmsSyncApiService: [TO Status] Fetching Transfer Orders from http://printechsdammam.dyndns.org:88/api/method/printechs_wms.api.wms_sync.get_tos_for_wms?export_pending=1&include_items=1&docstatus=1
[2026-04-21 13:14:40] INFO: ErpNextWmsSyncApiService: [TO Status] Fetched 1 Transfer Orders
[2026-04-21 13:14:40] INFO: ErpNextWmsSyncApiService: [MR] Fetching Transfer Orders from http://printechsdammam.dyndns.org:88/api/method/printechs_wms.api.wms_sync.get_tos_for_wms?export_pending=1&include_items=1&docstatus=1
[2026-04-21 13:14:40] INFO: ErpNextWmsSyncApiService: [MR] Fetched 1 Transfer Orders
[2026-04-21 13:14:40] INFO: ErpNextWmsSyncApiService: [ERPNext 9] Fetching Transfer Orders from http://printechsdammam.dyndns.org:88/api/method/printechs_wms.api.wms_sync.get_tos_for_wms?export_pending=1&include_items=1&docstatus=1
[2026-04-21 13:14:40] INFO: ErpNextWmsSyncApiService: [ERPNext 9] Fetched 1 Transfer Orders
[2026-04-21 13:14:40] INFO: ErpNextWmsSyncApiService: [Stock Entry] Fetching Transfer Orders from http://printechsdammam.dyndns.org:88/api/method/printechs_wms.api.wms_sync.get_tos_for_wms?export_pending=1&include_items=1&docstatus=1
[2026-04-21 13:14:40] INFO: ErpNextWmsSyncApiService: [Stock Entry] Fetched 1 Transfer Orders
[2026-04-21 13:14:40] INFO: ErpNextWmsSyncApiService: [ERPNext 11] Fetching Transfer Orders from http://printechsdammam.dyndns.org:88/api/method/printechs_wms.api.wms_sync.get_tos_for_wms?export_pending=1&include_items=1&docstatus=1
[2026-04-21 13:14:41] INFO: ErpNextWmsSyncApiService: [ERPNext 11] Fetched 1 Transfer Orders
[2026-04-21 13:14:41] INFO: ErpNextWmsSyncApiService: ERPNext 13 API URL or key not configured
[2026-04-21 13:14:41] INFO: TransferOrderSyncFromErpNextService: Syncing 1 TO(s) with items.
[2026-04-21 13:14:41] INFO: Transfer Order sync from ERPNext completed. Fetched: 1, TOs inserted: 0, updated: 1, items: 4, errors: 0
[2026-04-21 13:14:41] ERROR: ErpNextWmsSyncApiService: TO status API returned ExpectationFailed: {"exception":"frappe.exceptions.ValidationError: Failed to get method for command printechs_wms.api.wms_sync.update_transfer_order_wms_status with module 'printechs_wms.api.wms_sync' has no attribute 'update_transfer_order_wms_status'","exc_type":"ValidationError","exc":"[\"Traceback (most recent call last):\\n  File \\\"apps/frappe/frappe/handler.py\\\", line 74, in execute_cmd\\n    method = get_attr(cmd)\\n             ^^^^^^^^^^^^^\\n  File \\\"apps/frappe/frappe/handler.py\\\", line 292, in get_attr\\n    method = frappe.get_attr(cmd)\\n             ^^^^^^^^^^^^^^^^^^^^\\n  File \\\"apps/frappe/frappe/__init__.py\\\", line 1744, in get_attr\\n    return getattr(get_module(modulename), methodname)\\n           ^^^^^^^^^^^^^^^^^^^^^^^^^^^^^^^^^^^^^^^^^^^\\nAttributeError: module 'printechs_wms.api.wms_sync' has no attribute 'update_transfer_order_wms_status'\\n\\nDuring handling of the above exception, another exception occurred:\\n\\nTraceback (most recent call last):\\n  File \\\"apps/frappe/frappe/app.py\\\", line 120, in application\\n    response = frappe.api.handle(request)\\n               ^^^^^^^^^^^^^^^^^^^^^^^^^^\\n  File \\\"apps/frappe/frappe/api/__init__.py\\\", line 52, in handle\\n    data = endpoint(**arguments)\\n           ^^^^^^^^^^^^^^^^^^^^^\\n  File \\\"apps/frappe/frappe/api/v1.py\\\", line 40, in handle_rpc_call\\n    return frappe.handler.handle()\\n           ^^^^^^^^^^^^^^^^^^^^^^^\\n  File \\\"apps/frappe/frappe/handler.py\\\", line 52, in handle\\n    data = execute_cmd(cmd)\\n           ^^^^^^^^^^^^^^^^\\n  File \\\"apps/frappe/frappe/handler.py\\\", line 76, in execute_cmd\\n    frappe.throw(_(\\\"Failed to get method for command {0} with {1}\\\").format(cmd, e))\\n  File \\\"apps/frappe/frappe/__init__.py\\\", line 609, in throw\\n    msgprint(\\n  File \\\"apps/frappe/frappe/__init__.py\\\", line 574, in msgprint\\n    _raise_exception()\\n  File \\\"apps/frappe/frappe/__init__.py\\\", line 525, in _raise_exception\\n    raise exc\\nfrappe.exceptions.ValidationError: Failed to get method for command printechs_wms.api.wms_sync.update_transfer_order_wms_status with module 'printechs_wms.api.wms_sync' has no attribute 'update_transfer_order_wms_status'\\n\"]","_server_messages":"[\"{\\\"message\\\": \\\"Failed to get method for command printechs_wms.api.wms_sync.update_transfer_order_wms_status with module 'printechs_wms.api.wms_sync' has no attribute 'update_transfer_order_wms_status'\\\", \\\"title\\\": \\\"Message\\\", \\\"indicator\\\": \\\"red\\\", \\\"raise_exception\\\": 1, \\\"__frappe_exc_id\\\": \\\"1382a08c37d63847801fa194f6543039be80c947523c16cb8030f9bc\\\"}\"]"}
--------------------------------------------------------------------------------
[2026-04-21 13:14:41] ERROR: TransferOrderSyncFromErpNextService: Failed to post TO WMS-TO-00001 status to ERPNext: ExpectationFailed: {"exception":"frappe.exceptions.ValidationError: Failed to get method for command printechs_wms.api.wms_sync.update_transfer_order_wms_status with module 'printechs_wms.api.wms_sync' has no attribute 'update_transfer_order_wms_status'","exc_type":"ValidationError","exc":"[\"Traceback (most recent call last):\\n  File \\\"apps/frappe/frappe/handler.py\\\", line 74, in execute_cmd\\n    method = get_attr(cmd)\\n             ^^^^^^^^^^^^^\\n  File \\\"apps/frappe/frappe/handler.py\\\", line 292, in get_attr\\n    method = frappe.get_attr(cmd)\\n             ^^^^^^^^^^^^^^^^^^^^\\n  File \\\"apps/frappe/frappe/__init__.py\\\", line 1744, in get_attr\\n    return getattr(get_module(modulename), methodname)\\n           ^^^^^^^^^^^^^^^^^^^^^^^^^^^^^^^^^^^^^^^^^^^\\nAttributeError: module 'printechs_wms.api.wms_sync' has no attribute 'update_transfer_order_wms_status'\\n\\nDuring handling of the above exception, another exception occurred:\\n\\nTraceback (most recent call last):\\n  File \\\"apps/frappe/frappe/app.py\\\", line 120, in application\\n    response = frappe.api.handle(request)\\n               ^^^^^^^^^^^^^^^^^^^^^^^^^^\\n  File \\\"apps/frappe/frappe/api/__init__.py\\\", line 52, in handle\\n    data = endpoint(**arguments)\\n           ^^^^^^^^^^^^^^^^^^^^^\\n  File \\\"apps/frappe/frappe/api/v1.py\\\", line 40, in handle_rpc_call\\n    return frappe.handler.handle()\\n           ^^^^^^^^^^^^^^^^^^^^^^^\\n  File \\\"apps/frappe/frappe/handler.py\\\", line 52, in handle\\n    data = execute_cmd(cmd)\\n           ^^^^^^^^^^^^^^^^\\n  File \\\"apps/frappe/frappe/handler.py\\\", line 76, in execute_cmd\\n    frappe.throw(_(\\\"Failed to get method for command {0} with {1}\\\").format(cmd, e))\\n  File \\\"apps/frappe/frappe/__init__.py\\\", line 609, in throw\\n    msgprint(\\n  File \\\"apps/frappe/frappe/__init__.py\\\", line 574, in msgprint\\n    _raise_exception()\\n  File \\\"apps/frappe/frappe/__init__.py\\\", line 525, in _raise_exception\\n    raise exc\\nfrappe.exceptions.ValidationError: Failed to get method for command printechs_wms.api.wms_sync.update_transfer_order_wms_status with module 'printechs_wms.api.wms_sync' has no attribute 'update_transfer_order_wms_status'\\n\"]","_server_messages":"[\"{\\\"message\\\": \\\"Failed to get method for command printechs_wms.api.wms_sync.update_transfer_order_wms_status with module 'printechs_wms.api.wms_sync' has no attribute 'update_transfer_order_wms_status'\\\", \\\"title\\\": \\\"Message\\\", \\\"indicator\\\": \\\"red\\\", \\\"raise_exception\\\": 1, \\\"__frappe_exc_id\\\": \\\"1382a08c37d63847801fa194f6543039be80c947523c16cb8030f9bc\\\"}\"]"}
--------------------------------------------------------------------------------
[2026-04-21 13:14:41] INFO: TransferOrderSyncFromErpNextService: TO status posted to ERPNext: 0/1 updated (update_transfer_order_wms_status per TO)
[2026-04-21 13:14:41] INFO: Material Request sync from ERPNext started.
[2026-04-21 13:14:41] INFO: ErpNextWmsSyncApiService: [Item Group] Fetching Material Requests from http://printechsdammam.dyndns.org:88/api/method/printechs_wms.api.material_request.get_material_transfer_requests?from_warehouse=Main%20Warehouse%20-%20MAATC&state=Pending&docstatus=1&include_items=1&limit=200
[2026-04-21 13:14:41] INFO: ErpNextWmsSyncApiService: [Item Group] Fetched 1 Material Requests
[2026-04-21 13:14:41] INFO: ErpNextWmsSyncApiService: [MR] Fetching Material Requests from http://printechsdammam.dyndns.org:88/api/method/printechs_wms.api.material_request.get_material_transfer_requests?from_warehouse=Main%20Warehouse%20-%20MAATC&state=Pending&docstatus=1&include_items=1&limit=200
[2026-04-21 13:14:41] INFO: ErpNextWmsSyncApiService: [MR] Fetched 1 Material Requests
[2026-04-21 13:14:41] INFO: ErpNextWmsSyncApiService: [ERPNext 9] Fetching Material Requests from http://printechsdammam.dyndns.org:88/api/method/printechs_wms.api.material_request.get_material_transfer_requests?from_warehouse=Main%20Warehouse%20-%20MAATC&state=Pending&docstatus=1&include_items=1&limit=200
[2026-04-21 13:14:41] INFO: ErpNextWmsSyncApiService: [ERPNext 9] Fetched 1 Material Requests
[2026-04-21 13:14:41] INFO: ErpNextWmsSyncApiService: [Stock Entry] Fetching Material Requests from http://printechsdammam.dyndns.org:88/api/method/printechs_wms.api.material_request.get_material_transfer_requests?from_warehouse=Main%20Warehouse%20-%20MAATC&state=Pending&docstatus=1&include_items=1&limit=200
[2026-04-21 13:14:41] INFO: ErpNextWmsSyncApiService: [Stock Entry] Fetched 1 Material Requests
[2026-04-21 13:14:41] INFO: ErpNextWmsSyncApiService: [ERPNext 11] Fetching Material Requests from http://printechsdammam.dyndns.org:88/api/method/printechs_wms.api.material_request.get_material_transfer_requests?from_warehouse=Main%20Warehouse%20-%20MAATC&state=Pending&docstatus=1&include_items=1&limit=200
[2026-04-21 13:14:41] INFO: ErpNextWmsSyncApiService: [ERPNext 11] Fetched 1 Material Requests
[2026-04-21 13:14:41] INFO: ErpNextWmsSyncApiService: [ERPNext 13] Fetching Material Requests from /api/method/printechs_wms.api.asn_to_purchase_receipt.get_pr_status_for_asn?asn_no=<linked ASN>/api/method/printechs_wms.api.material_request.get_material_transfer_requests?from_warehouse=Main%20Warehouse%20-%20MAATC&state=Pending&docstatus=1&include_items=1&limit=200
[2026-04-21 13:14:41] ERROR: ErpNextWmsSyncApiService: [ERPNext 13] Error fetching Material Requests: An invalid request URI was provided. Either the request URI must be an absolute URI or BaseAddress must be set.
Exception Type: InvalidOperationException
Exception Message: An invalid request URI was provided. Either the request URI must be an absolute URI or BaseAddress must be set.
Stack Trace:    at System.Net.Http.HttpClient.PrepareRequestMessage(HttpRequestMessage request)
   at System.Net.Http.HttpClient.SendAsync(HttpRequestMessage request, HttpCompletionOption completionOption, CancellationToken cancellationToken)
   at Wms.Desktop.Services.ErpNextWmsSyncApiService.FetchMessageListAsync[T](String apiUrl, String apiKey, String label, String entityName) in D:\Development Project\Printechs WMS\Wms.Desktop\Services\ErpNextWmsSyncApiService.cs:line 523
--------------------------------------------------------------------------------
[2026-04-21 13:14:41] INFO: MaterialRequestSyncFromErpNextService: Syncing 1 Material Request(s) with items.
[2026-04-21 13:14:41] INFO: MaterialRequestSyncFromErpNextService: MR MAT-MR-2026-00001: inserting 2 item(s) (preserving local picked qty where higher).
[2026-04-21 13:14:41] INFO: Material Request sync from ERPNext completed. Fetched: 1, MRs inserted: 0, updated: 1, items: 2, errors: 0
[2026-04-21 13:14:41] INFO: Transfer In sync from ERPNext started (tabTransferIn / tabTransferInItem).
[2026-04-21 13:14:41] INFO: TransferInSyncFromErpNextService: Step 1 - Dropping legacy tabTransferInStockEntry tables if they exist.
[2026-04-21 13:14:41] INFO: DatabaseService: Dropped tabTransferInStockEntry and tabTransferInStockEntryItem if they existed.
[2026-04-21 13:14:41] INFO: TransferInSyncFromErpNextService: Step 2 - Connecting to database: wms_desktop, host: localhost
[2026-04-21 13:14:41] INFO: TransferInSyncFromErpNextService: Step 3 - Connection opened. Database: wms_desktop
[2026-04-21 13:14:41] INFO: TransferInSyncFromErpNextService: Step 4 - Using 6 endpoint(s) for Transfer In.
[2026-04-21 13:14:41] INFO: ErpNextWmsSyncApiService: [Item Group] Fetching Transfer In Stock Entries from http://printechsdammam.dyndns.org:88/api/method/printechs_wms.api.transfer_in_sync.get_material_transfer_stock_entries?add_to_transit=1&custom_receiving_warehouse=Main%20Warehouse%20-%20MAATC&docstatus=1
[2026-04-21 13:14:42] INFO: ErpNextWmsSyncApiService: [Item Group] Fetched 1 Transfer In Stock Entries
[2026-04-21 13:14:42] INFO: TransferInSyncFromErpNextService: Endpoint [Item Group] returned 1 raw entry(ies).
[2026-04-21 13:14:42] INFO: ErpNextWmsSyncApiService: [MR] Fetching Transfer In Stock Entries from http://printechsdammam.dyndns.org:88/api/method/printechs_wms.api.transfer_in_sync.get_material_transfer_stock_entries?add_to_transit=1&custom_receiving_warehouse=Main%20Warehouse%20-%20MAATC&docstatus=1
[2026-04-21 13:14:42] INFO: ErpNextWmsSyncApiService: [MR] Fetched 1 Transfer In Stock Entries
[2026-04-21 13:14:42] INFO: TransferInSyncFromErpNextService: Endpoint [MR] returned 1 raw entry(ies).
[2026-04-21 13:14:42] INFO: ErpNextWmsSyncApiService: [ERPNext 9] Fetching Transfer In Stock Entries from http://printechsdammam.dyndns.org:88/api/method/printechs_wms.api.transfer_in_sync.get_material_transfer_stock_entries?to_warehouse=Main%20Warehouse%20-%20MAATC&docstatus=1
[2026-04-21 13:14:42] INFO: ErpNextWmsSyncApiService: [ERPNext 9] Fetched 1 Transfer In Stock Entries
[2026-04-21 13:14:42] INFO: TransferInSyncFromErpNextService: Endpoint [ERPNext 9] returned 1 raw entry(ies).
[2026-04-21 13:14:42] INFO: ErpNextWmsSyncApiService: [Stock Entry] Fetching Transfer In Stock Entries from http://printechsdammam.dyndns.org:88/api/method/printechs_wms.api.transfer_in_sync.get_material_transfer_stock_entries?add_to_transit=1&custom_receiving_warehouse=Main%20Warehouse%20-%20MAATC&docstatus=1
[2026-04-21 13:14:42] INFO: ErpNextWmsSyncApiService: [Stock Entry] Fetched 1 Transfer In Stock Entries
[2026-04-21 13:14:42] INFO: TransferInSyncFromErpNextService: Endpoint [Stock Entry] returned 1 raw entry(ies).
[2026-04-21 13:14:42] INFO: ErpNextWmsSyncApiService: [ERPNext 11] Fetching Transfer In Stock Entries from http://printechsdammam.dyndns.org:88/api/method/printechs_wms.api.transfer_in_sync.get_material_transfer_stock_entries?add_to_transit=1&custom_receiving_warehouse=Main%20Warehouse%20-%20MAATC&docstatus=1
[2026-04-21 13:14:42] INFO: ErpNextWmsSyncApiService: [ERPNext 11] Fetched 1 Transfer In Stock Entries
[2026-04-21 13:14:42] INFO: TransferInSyncFromErpNextService: Endpoint [ERPNext 11] returned 1 raw entry(ies).
[2026-04-21 13:14:42] INFO: ErpNextWmsSyncApiService: [ERPNext 13] Fetching Transfer In Stock Entries from /api/method/printechs_wms.api.asn_to_purchase_receipt.get_pr_status_for_asn?asn_no=<linked ASN>/api/method/printechs_wms.api.transfer_in_sync.get_material_transfer_stock_entries?add_to_transit=1&custom_receiving_warehouse=Main%20Warehouse%20-%20MAATC&docstatus=1
[2026-04-21 13:14:42] ERROR: ErpNextWmsSyncApiService: [ERPNext 13] Error fetching Transfer In Stock Entries: An invalid request URI was provided. Either the request URI must be an absolute URI or BaseAddress must be set.
Exception Type: InvalidOperationException
Exception Message: An invalid request URI was provided. Either the request URI must be an absolute URI or BaseAddress must be set.
Stack Trace:    at System.Net.Http.HttpClient.PrepareRequestMessage(HttpRequestMessage request)
   at System.Net.Http.HttpClient.SendAsync(HttpRequestMessage request, HttpCompletionOption completionOption, CancellationToken cancellationToken)
   at Wms.Desktop.Services.ErpNextWmsSyncApiService.FetchMessageListAsync[T](String apiUrl, String apiKey, String label, String entityName) in D:\Development Project\Printechs WMS\Wms.Desktop\Services\ErpNextWmsSyncApiService.cs:line 523
--------------------------------------------------------------------------------
[2026-04-21 13:14:42] INFO: TransferInSyncFromErpNextService: Step 5 - Total raw entries from API: 5
[2026-04-21 13:14:42] INFO: TransferInSyncFromErpNextService: Step 6 - After dedupe: 2 unique Transfer In(s) to sync. Keys: [MAT-STE-2026-00002, MAT-STE-2026-00003]
[2026-04-21 13:14:42] INFO: TransferInSyncFromErpNextService: --- Processing entry: MAT-STE-2026-00002 ---
[2026-04-21 13:14:42] INFO: TransferInSyncFromErpNextService: tabTransferIn INSERT/UPDATE for MAT-STE-2026-00002 affected rows: 2 (1=inserted, 2=updated).
[2026-04-21 13:14:42] INFO: TransferInSyncFromErpNextService: DELETE old tabTransferInItem for MAT-STE-2026-00002 deleted rows: 2.
[2026-04-21 13:14:42] INFO: TransferInSyncFromErpNextService: Entry MAT-STE-2026-00002: inserting 2 item(s) into tabTransferInItem.
[2026-04-21 13:14:42] INFO: TransferInSyncFromErpNextService: Inserting tabTransferInItem: parent=MAT-STE-2026-00002, item_code=108231, qty=5.
[2026-04-21 13:14:42] INFO: TransferInSyncFromErpNextService: Item INSERT for 108231 affected rows: 1.
[2026-04-21 13:14:42] INFO: TransferInSyncFromErpNextService: Inserting tabTransferInItem: parent=MAT-STE-2026-00002, item_code=108229, qty=5.
[2026-04-21 13:14:42] INFO: TransferInSyncFromErpNextService: Item INSERT for 108229 affected rows: 1.
[2026-04-21 13:14:42] INFO: TransferInSyncFromErpNextService: Committing transaction for MAT-STE-2026-00002.
[2026-04-21 13:14:42] INFO: TransferInSyncFromErpNextService: Transaction committed for MAT-STE-2026-00002.
[2026-04-21 13:14:42] INFO: TransferInSyncFromErpNextService: Verification tabTransferInItem count for MAT-STE-2026-00002 => 2 row(s).
[2026-04-21 13:14:42] INFO: TransferInSyncFromErpNextService: --- Processing entry: MAT-STE-2026-00003 ---
[2026-04-21 13:14:42] INFO: TransferInSyncFromErpNextService: tabTransferIn INSERT/UPDATE for MAT-STE-2026-00003 affected rows: 2 (1=inserted, 2=updated).
[2026-04-21 13:14:42] INFO: TransferInSyncFromErpNextService: DELETE old tabTransferInItem for MAT-STE-2026-00003 deleted rows: 2.
[2026-04-21 13:14:42] INFO: TransferInSyncFromErpNextService: Entry MAT-STE-2026-00003: inserting 2 item(s) into tabTransferInItem.
[2026-04-21 13:14:42] INFO: TransferInSyncFromErpNextService: Inserting tabTransferInItem: parent=MAT-STE-2026-00003, item_code=108231, qty=5.
[2026-04-21 13:14:42] INFO: TransferInSyncFromErpNextService: Item INSERT for 108231 affected rows: 1.
[2026-04-21 13:14:42] INFO: TransferInSyncFromErpNextService: Inserting tabTransferInItem: parent=MAT-STE-2026-00003, item_code=108229, qty=5.
[2026-04-21 13:14:42] INFO: TransferInSyncFromErpNextService: Item INSERT for 108229 affected rows: 1.
[2026-04-21 13:14:42] INFO: TransferInSyncFromErpNextService: Committing transaction for MAT-STE-2026-00003.
[2026-04-21 13:14:42] INFO: TransferInSyncFromErpNextService: Transaction committed for MAT-STE-2026-00003.
[2026-04-21 13:14:42] INFO: TransferInSyncFromErpNextService: Verification tabTransferInItem count for MAT-STE-2026-00003 => 2 row(s).
[2026-04-21 13:14:42] INFO: Transfer In sync from ERPNext completed. Fetched: 2, entries inserted: 0, updated: 2, items: 4, errors: 0
[2026-04-21 13:14:42] INFO: ErpNextWmsSyncApiService: WMS snapshot updated successfully.
[2026-04-21 13:14:42] INFO: ErpNextWmsSyncApiService: Calling rebuild_wms_stock_balance for company=Mohammed Abdullah Almousa Trading Company, warehouse=Main Warehouse - MAATC
[2026-04-21 13:14:43] INFO: ErpNextWmsSyncApiService: rebuild_wms_stock_balance updated successfully.
[2026-04-21 13:14:43] INFO: ErpNextWmsSyncApiService: rebuild_wms_stock_balance completed successfully.
[2026-04-21 13:14:52] INFO: ASN ASN-0001 Carton CNWH12858: Assigned=Assigned, Actual=Assigned, ReceivedQty=0
[2026-04-21 13:14:52] INFO: ASN ASN-0001 Carton CNWH12854: Assigned=Assigned, Actual=Assigned, ReceivedQty=0
[2026-04-21 13:14:52] INFO: ASN ASN-0001 Carton CNWH15390: Assigned=Assigned, Actual=Assigned, ReceivedQty=0
[2026-04-21 13:14:52] INFO: ASN ASN-0001 Carton CNWH42441: Assigned=Assigned, Actual=Assigned, ReceivedQty=0
[2026-04-21 13:14:52] INFO: ASN ASN-0001 Carton CNWH64571: Assigned=Assigned, Actual=Assigned, ReceivedQty=0
[2026-04-21 13:14:52] INFO: ASN ASN-0001 Carton CNWH64521: Assigned=Assigned, Actual=Assigned, ReceivedQty=0
[2026-04-21 13:14:52] INFO: ASN ASN-0001 Carton CNWH63561: Assigned=Assigned, Actual=Assigned, ReceivedQty=0
[2026-04-21 13:14:52] INFO: ASN ASN-0001 Carton CNWH63609: Assigned=Assigned, Actual=Assigned, ReceivedQty=0
[2026-04-21 13:14:52] INFO: ASN ASN-0002 Carton CNWH12858: Assigned=Assigned, Actual=Received, ReceivedQty=100
[2026-04-21 13:14:52] INFO: ASN ASN-0002 Carton CNWH12854: Assigned=Assigned, Actual=Received, ReceivedQty=100
[2026-04-21 13:14:52] INFO: ASN WMS-ASN-EXT-127211 Carton CNWH12858: Assigned=Assigned, Actual=Assigned, ReceivedQty=0
[2026-04-21 13:14:52] INFO: ASN WMS-ASN-EXT-127211 Carton CNWH12854: Assigned=Assigned, Actual=Assigned, ReceivedQty=0
[2026-04-21 13:40:53] INFO: TransferOrderApiService: Fetching transfer orders from http://localhost:3000/api/master/transfer-orders
[2026-04-21 13:40:53] INFO: PutawayTaskDataService: Loaded task PUT-20260421-0001 with status Open
[2026-04-21 13:40:53] INFO: PutawayTaskDataService: Loaded task PUT-20260421-0002 with status Completed
[2026-04-21 13:40:53] INFO: PutawayTaskDataService: Loaded task PUT-20260421-0003 with status Completed
[2026-04-21 13:40:53] INFO: PutawayTaskDataService: SQL Query: SELECT pl.parent_title, pl.carton_id, pl.item_code, SUM(pl.qty) as qty, pl.rack, pl.bin, pl.location_id
                         FROM tabPutawayLine pl
                         WHERE pl.parent_title IN (@title0,@title1,@title2)
                         GROUP BY pl.parent_title, pl.carton_id, pl.item_code, pl.rack, pl.bin, pl.location_id
                         ORDER BY pl.parent_title, pl.item_code
[2026-04-21 13:40:53] INFO: PutawayTaskDataService: Querying lines for 3 tasks: PUT-20260421-0001, PUT-20260421-0002, PUT-20260421-0003
[2026-04-21 13:40:53] INFO: PutawayTaskDataService: Read 3 lines, now looking up location_ids from tabLocation
[2026-04-21 13:40:53] INFO: PutawayTaskDataService: Added line for PUT-20260421-0001: 247787 (Qty: 50, Carton: PAW-ASN0002-1776758068971)
[2026-04-21 13:40:53] INFO: PutawayTaskDataService: Added line for PUT-20260421-0002: 247775 (Qty: 50, Carton: PAW-ASN0002-1776758270428)
[2026-04-21 13:40:53] INFO: PutawayTaskDataService: Added line for PUT-20260421-0003: 247787 (Qty: 100, Carton: PAW-WMSASNEXT127211-1776766600702)
[2026-04-21 13:40:53] INFO: PutawayTaskDataService: Total lines read from database: 6, Unique parent titles with lines: 3
[2026-04-21 13:40:53] INFO: PutawayTaskDataService: Task PUT-20260421-0001 has 1 line(s)
[2026-04-21 13:40:53] INFO: PutawayTaskDataService: Task PUT-20260421-0002 has 1 line(s)
[2026-04-21 13:40:53] INFO: PutawayTaskDataService: Task PUT-20260421-0003 has 1 line(s)
[2026-04-21 13:40:53] INFO: PutawayTaskDataService: Total tasks loaded: 3
[2026-04-21 13:40:53] INFO: PutawayTaskListViewModel: Loaded 3 putaway tasks from database, 3 unique tasks displayed
[2026-04-21 13:40:55] INFO: TransferOrderApiService: Fetched 1 transfer order(s) from API
[2026-04-21 13:40:55] INFO: TransferOrderSyncService: Synced 0 new, 1 updated transfer order(s) from API
[2026-04-21 14:10:18] INFO: ASN sync from ERPNext started.
[2026-04-21 14:10:18] INFO: ErpNextWmsSyncApiService: [Item Group] Fetching ASNs from http://printechsdammam.dyndns.org:88/api/method/printechs_wms.api.wms_sync.get_asns_for_wms?export_pending=1&include_items=1
[2026-04-21 14:10:18] INFO: ErpNextWmsSyncApiService: [Item Group] Fetched 3 ASNs
[2026-04-21 14:10:18] INFO: ErpNextWmsSyncApiService: [ASN] Fetching ASNs from http://printechsdammam.dyndns.org:88/api/method/printechs_wms.api.wms_sync.get_asns_for_wms?export_pending=1&include_items=1
[2026-04-21 14:10:18] INFO: ErpNextWmsSyncApiService: [ASN] Fetched 3 ASNs
[2026-04-21 14:10:18] INFO: ErpNextWmsSyncApiService: [ASN Status] Fetching ASNs from http://printechsdammam.dyndns.org:88/api/method/printechs_wms.api.wms_sync.get_asns_for_wms?export_pending=1&include_items=1
[2026-04-21 14:10:18] INFO: ErpNextWmsSyncApiService: [ASN Status] Fetched 3 ASNs
[2026-04-21 14:10:18] INFO: ErpNextWmsSyncApiService: [MR] Fetching ASNs from http://printechsdammam.dyndns.org:88/api/method/printechs_wms.api.wms_sync.get_asns_for_wms?export_pending=1&include_items=1
[2026-04-21 14:10:18] INFO: ErpNextWmsSyncApiService: [MR] Fetched 3 ASNs
[2026-04-21 14:10:18] INFO: ErpNextWmsSyncApiService: [ERPNext 9] Fetching ASNs from http://printechsdammam.dyndns.org:88/api/method/printechs_wms.api.wms_sync.get_asns_for_wms?export_pending=1&include_items=1
[2026-04-21 14:10:18] INFO: ErpNextWmsSyncApiService: [ERPNext 9] Fetched 3 ASNs
[2026-04-21 14:10:18] INFO: ErpNextWmsSyncApiService: [Stock Entry] Fetching ASNs from http://printechsdammam.dyndns.org:88/api/method/printechs_wms.api.wms_sync.get_asns_for_wms?export_pending=1&include_items=1
[2026-04-21 14:10:18] INFO: ErpNextWmsSyncApiService: [Stock Entry] Fetched 3 ASNs
[2026-04-21 14:10:18] INFO: ErpNextWmsSyncApiService: [ERPNext 11] Fetching ASNs from http://printechsdammam.dyndns.org:88/api/method/printechs_wms.api.wms_sync.get_asns_for_wms?export_pending=1&include_items=1
[2026-04-21 14:10:18] INFO: ErpNextWmsSyncApiService: [ERPNext 11] Fetched 3 ASNs
[2026-04-21 14:10:18] INFO: ErpNextWmsSyncApiService: ERPNext 13 API URL or key not configured
[2026-04-21 14:10:18] INFO: AsnSyncFromErpNextService: Syncing 3 ASN(s) with items.
[2026-04-21 14:10:18] INFO: ASN sync from ERPNext completed. Fetched: 3, ASNs inserted: 3, updated: 0, items: 12, errors: 0
[2026-04-21 14:10:18] INFO: ErpNextWmsSyncApiService: Posting ASN WMS-ASN-EXT-127211 status=Exported to http://printechsdammam.dyndns.org:88/api/method/printechs_wms.api.wms_sync.update_asn_wms_status
[2026-04-21 14:10:19] INFO: ErpNextWmsSyncApiService: ASN status updated successfully.
[2026-04-21 14:10:19] INFO: ErpNextWmsSyncApiService: Posting ASN ASN-0002 status=Exported to http://printechsdammam.dyndns.org:88/api/method/printechs_wms.api.wms_sync.update_asn_wms_status
[2026-04-21 14:10:19] ERROR: ErpNextWmsSyncApiService: ASN status API returned ExpectationFailed: {"exception":"frappe.exceptions.ValidationError:  Status cannot be \"Received\". It should be one of \"Draft\", \"Open\", \"Completed\", \"Cancelled\"","exc_type":"ValidationError","_exc_source":"printechs_wms (app)","exc":"[\"Traceback (most recent call last):\\n  File \\\"apps/frappe/frappe/app.py\\\", line 120, in application\\n    response = frappe.api.handle(request)\\n               ^^^^^^^^^^^^^^^^^^^^^^^^^^\\n  File \\\"apps/frappe/frappe/api/__init__.py\\\", line 52, in handle\\n    data = endpoint(**arguments)\\n           ^^^^^^^^^^^^^^^^^^^^^\\n  File \\\"apps/frappe/frappe/api/v1.py\\\", line 40, in handle_rpc_call\\n    return frappe.handler.handle()\\n           ^^^^^^^^^^^^^^^^^^^^^^^\\n  File \\\"apps/frappe/frappe/handler.py\\\", line 52, in handle\\n    data = execute_cmd(cmd)\\n           ^^^^^^^^^^^^^^^^\\n  File \\\"apps/frappe/frappe/handler.py\\\", line 85, in execute_cmd\\n    return frappe.call(method, **frappe.form_dict)\\n           ^^^^^^^^^^^^^^^^^^^^^^^^^^^^^^^^^^^^^^^\\n  File \\\"apps/frappe/frappe/__init__.py\\\", line 1754, in call\\n    return fn(*args, **newargs)\\n           ^^^^^^^^^^^^^^^^^^^^\\n  File \\\"apps/frappe/frappe/utils/typing_validations.py\\\", line 32, in wrapper\\n    return func(*args, **kwargs)\\n           ^^^^^^^^^^^^^^^^^^^^^\\n  File \\\"apps/printechs_wms/printechs_wms/api/wms_sync.py\\\", line 379, in update_asn_wms_status\\n    doc.save()\\n  File \\\"apps/frappe/frappe/model/document.py\\\", line 378, in save\\n    return self._save(*args, **kwargs)\\n           ^^^^^^^^^^^^^^^^^^^^^^^^^^^\\n  File \\\"apps/frappe/frappe/model/document.py\\\", line 417, in _save\\n    self._validate()\\n  File \\\"apps/frappe/frappe/model/document.py\\\", line 624, in _validate\\n    self._validate_selects()\\n  File \\\"apps/frappe/frappe/model/base_document.py\\\", line 913, in _validate_selects\\n    frappe.throw(\\n  File \\\"apps/frappe/frappe/__init__.py\\\", line 609, in throw\\n    msgprint(\\n  File \\\"apps/frappe/frappe/__init__.py\\\", line 574, in msgprint\\n    _raise_exception()\\n  File \\\"apps/frappe/frappe/__init__.py\\\", line 525, in _raise_exception\\n    raise exc\\nfrappe.exceptions.ValidationError:  Status cannot be \\\"Received\\\". It should be one of \\\"Draft\\\", \\\"Open\\\", \\\"Completed\\\", \\\"Cancelled\\\"\\n\"]","_server_messages":"[\"{\\\"message\\\": \\\" Status cannot be \\\\\\\"Received\\\\\\\". It should be one of \\\\\\\"Draft\\\\\\\", \\\\\\\"Open\\\\\\\", \\\\\\\"Completed\\\\\\\", \\\\\\\"Cancelled\\\\\\\"\\\", \\\"title\\\": \\\"Message\\\", \\\"indicator\\\": \\\"red\\\", \\\"raise_exception\\\": 1, \\\"__frappe_exc_id\\\": \\\"e02b8752ca7db9d2dcf1449bb22f86f7134822d5c9deb163612facfa\\\"}\"]"}
--------------------------------------------------------------------------------
[2026-04-21 14:10:19] ERROR: AsnSyncFromErpNextService: Failed to post ASN ASN-0002 status to ERPNext: ExpectationFailed: {"exception":"frappe.exceptions.ValidationError:  Status cannot be \"Received\". It should be one of \"Draft\", \"Open\", \"Completed\", \"Cancelled\"","exc_type":"ValidationError","_exc_source":"printechs_wms (app)","exc":"[\"Traceback (most recent call last):\\n  File \\\"apps/frappe/frappe/app.py\\\", line 120, in application\\n    response = frappe.api.handle(request)\\n               ^^^^^^^^^^^^^^^^^^^^^^^^^^\\n  File \\\"apps/frappe/frappe/api/__init__.py\\\", line 52, in handle\\n    data = endpoint(**arguments)\\n           ^^^^^^^^^^^^^^^^^^^^^\\n  File \\\"apps/frappe/frappe/api/v1.py\\\", line 40, in handle_rpc_call\\n    return frappe.handler.handle()\\n           ^^^^^^^^^^^^^^^^^^^^^^^\\n  File \\\"apps/frappe/frappe/handler.py\\\", line 52, in handle\\n    data = execute_cmd(cmd)\\n           ^^^^^^^^^^^^^^^^\\n  File \\\"apps/frappe/frappe/handler.py\\\", line 85, in execute_cmd\\n    return frappe.call(method, **frappe.form_dict)\\n           ^^^^^^^^^^^^^^^^^^^^^^^^^^^^^^^^^^^^^^^\\n  File \\\"apps/frappe/frappe/__init__.py\\\", line 1754, in call\\n    return fn(*args, **newargs)\\n           ^^^^^^^^^^^^^^^^^^^^\\n  File \\\"apps/frappe/frappe/utils/typing_validations.py\\\", line 32, in wrapper\\n    return func(*args, **kwargs)\\n           ^^^^^^^^^^^^^^^^^^^^^\\n  File \\\"apps/printechs_wms/printechs_wms/api/wms_sync.py\\\", line 379, in update_asn_wms_status\\n    doc.save()\\n  File \\\"apps/frappe/frappe/model/document.py\\\", line 378, in save\\n    return self._save(*args, **kwargs)\\n           ^^^^^^^^^^^^^^^^^^^^^^^^^^^\\n  File \\\"apps/frappe/frappe/model/document.py\\\", line 417, in _save\\n    self._validate()\\n  File \\\"apps/frappe/frappe/model/document.py\\\", line 624, in _validate\\n    self._validate_selects()\\n  File \\\"apps/frappe/frappe/model/base_document.py\\\", line 913, in _validate_selects\\n    frappe.throw(\\n  File \\\"apps/frappe/frappe/__init__.py\\\", line 609, in throw\\n    msgprint(\\n  File \\\"apps/frappe/frappe/__init__.py\\\", line 574, in msgprint\\n    _raise_exception()\\n  File \\\"apps/frappe/frappe/__init__.py\\\", line 525, in _raise_exception\\n    raise exc\\nfrappe.exceptions.ValidationError:  Status cannot be \\\"Received\\\". It should be one of \\\"Draft\\\", \\\"Open\\\", \\\"Completed\\\", \\\"Cancelled\\\"\\n\"]","_server_messages":"[\"{\\\"message\\\": \\\" Status cannot be \\\\\\\"Received\\\\\\\". It should be one of \\\\\\\"Draft\\\\\\\", \\\\\\\"Open\\\\\\\", \\\\\\\"Completed\\\\\\\", \\\\\\\"Cancelled\\\\\\\"\\\", \\\"title\\\": \\\"Message\\\", \\\"indicator\\\": \\\"red\\\", \\\"raise_exception\\\": 1, \\\"__frappe_exc_id\\\": \\\"e02b8752ca7db9d2dcf1449bb22f86f7134822d5c9deb163612facfa\\\"}\"]"}
--------------------------------------------------------------------------------
[2026-04-21 14:10:19] INFO: ErpNextWmsSyncApiService: Posting ASN ASN-0001 status=Exported to http://printechsdammam.dyndns.org:88/api/method/printechs_wms.api.wms_sync.update_asn_wms_status
[2026-04-21 14:10:19] ERROR: ErpNextWmsSyncApiService: ASN status API returned ExpectationFailed: {"exception":"frappe.exceptions.ValidationError:  Status cannot be \"Partially Received\". It should be one of \"Draft\", \"Open\", \"Completed\", \"Cancelled\"","exc_type":"ValidationError","_exc_source":"printechs_wms (app)","exc":"[\"Traceback (most recent call last):\\n  File \\\"apps/frappe/frappe/app.py\\\", line 120, in application\\n    response = frappe.api.handle(request)\\n               ^^^^^^^^^^^^^^^^^^^^^^^^^^\\n  File \\\"apps/frappe/frappe/api/__init__.py\\\", line 52, in handle\\n    data = endpoint(**arguments)\\n           ^^^^^^^^^^^^^^^^^^^^^\\n  File \\\"apps/frappe/frappe/api/v1.py\\\", line 40, in handle_rpc_call\\n    return frappe.handler.handle()\\n           ^^^^^^^^^^^^^^^^^^^^^^^\\n  File \\\"apps/frappe/frappe/handler.py\\\", line 52, in handle\\n    data = execute_cmd(cmd)\\n           ^^^^^^^^^^^^^^^^\\n  File \\\"apps/frappe/frappe/handler.py\\\", line 85, in execute_cmd\\n    return frappe.call(method, **frappe.form_dict)\\n           ^^^^^^^^^^^^^^^^^^^^^^^^^^^^^^^^^^^^^^^\\n  File \\\"apps/frappe/frappe/__init__.py\\\", line 1754, in call\\n    return fn(*args, **newargs)\\n           ^^^^^^^^^^^^^^^^^^^^\\n  File \\\"apps/frappe/frappe/utils/typing_validations.py\\\", line 32, in wrapper\\n    return func(*args, **kwargs)\\n           ^^^^^^^^^^^^^^^^^^^^^\\n  File \\\"apps/printechs_wms/printechs_wms/api/wms_sync.py\\\", line 379, in update_asn_wms_status\\n    doc.save()\\n  File \\\"apps/frappe/frappe/model/document.py\\\", line 378, in save\\n    return self._save(*args, **kwargs)\\n           ^^^^^^^^^^^^^^^^^^^^^^^^^^^\\n  File \\\"apps/frappe/frappe/model/document.py\\\", line 417, in _save\\n    self._validate()\\n  File \\\"apps/frappe/frappe/model/document.py\\\", line 624, in _validate\\n    self._validate_selects()\\n  File \\\"apps/frappe/frappe/model/base_document.py\\\", line 913, in _validate_selects\\n    frappe.throw(\\n  File \\\"apps/frappe/frappe/__init__.py\\\", line 609, in throw\\n    msgprint(\\n  File \\\"apps/frappe/frappe/__init__.py\\\", line 574, in msgprint\\n    _raise_exception()\\n  File \\\"apps/frappe/frappe/__init__.py\\\", line 525, in _raise_exception\\n    raise exc\\nfrappe.exceptions.ValidationError:  Status cannot be \\\"Partially Received\\\". It should be one of \\\"Draft\\\", \\\"Open\\\", \\\"Completed\\\", \\\"Cancelled\\\"\\n\"]","_server_messages":"[\"{\\\"message\\\": \\\" Status cannot be \\\\\\\"Partially Received\\\\\\\". It should be one of \\\\\\\"Draft\\\\\\\", \\\\\\\"Open\\\\\\\", \\\\\\\"Completed\\\\\\\", \\\\\\\"Cancelled\\\\\\\"\\\", \\\"title\\\": \\\"Message\\\", \\\"indicator\\\": \\\"red\\\", \\\"raise_exception\\\": 1, \\\"__frappe_exc_id\\\": \\\"a662d4940894f524ecd58485ba285486dd1c4e7e0a0a0895c669becb\\\"}\"]"}
--------------------------------------------------------------------------------
[2026-04-21 14:10:19] ERROR: AsnSyncFromErpNextService: Failed to post ASN ASN-0001 status to ERPNext: ExpectationFailed: {"exception":"frappe.exceptions.ValidationError:  Status cannot be \"Partially Received\". It should be one of \"Draft\", \"Open\", \"Completed\", \"Cancelled\"","exc_type":"ValidationError","_exc_source":"printechs_wms (app)","exc":"[\"Traceback (most recent call last):\\n  File \\\"apps/frappe/frappe/app.py\\\", line 120, in application\\n    response = frappe.api.handle(request)\\n               ^^^^^^^^^^^^^^^^^^^^^^^^^^\\n  File \\\"apps/frappe/frappe/api/__init__.py\\\", line 52, in handle\\n    data = endpoint(**arguments)\\n           ^^^^^^^^^^^^^^^^^^^^^\\n  File \\\"apps/frappe/frappe/api/v1.py\\\", line 40, in handle_rpc_call\\n    return frappe.handler.handle()\\n           ^^^^^^^^^^^^^^^^^^^^^^^\\n  File \\\"apps/frappe/frappe/handler.py\\\", line 52, in handle\\n    data = execute_cmd(cmd)\\n           ^^^^^^^^^^^^^^^^\\n  File \\\"apps/frappe/frappe/handler.py\\\", line 85, in execute_cmd\\n    return frappe.call(method, **frappe.form_dict)\\n           ^^^^^^^^^^^^^^^^^^^^^^^^^^^^^^^^^^^^^^^\\n  File \\\"apps/frappe/frappe/__init__.py\\\", line 1754, in call\\n    return fn(*args, **newargs)\\n           ^^^^^^^^^^^^^^^^^^^^\\n  File \\\"apps/frappe/frappe/utils/typing_validations.py\\\", line 32, in wrapper\\n    return func(*args, **kwargs)\\n           ^^^^^^^^^^^^^^^^^^^^^\\n  File \\\"apps/printechs_wms/printechs_wms/api/wms_sync.py\\\", line 379, in update_asn_wms_status\\n    doc.save()\\n  File \\\"apps/frappe/frappe/model/document.py\\\", line 378, in save\\n    return self._save(*args, **kwargs)\\n           ^^^^^^^^^^^^^^^^^^^^^^^^^^^\\n  File \\\"apps/frappe/frappe/model/document.py\\\", line 417, in _save\\n    self._validate()\\n  File \\\"apps/frappe/frappe/model/document.py\\\", line 624, in _validate\\n    self._validate_selects()\\n  File \\\"apps/frappe/frappe/model/base_document.py\\\", line 913, in _validate_selects\\n    frappe.throw(\\n  File \\\"apps/frappe/frappe/__init__.py\\\", line 609, in throw\\n    msgprint(\\n  File \\\"apps/frappe/frappe/__init__.py\\\", line 574, in msgprint\\n    _raise_exception()\\n  File \\\"apps/frappe/frappe/__init__.py\\\", line 525, in _raise_exception\\n    raise exc\\nfrappe.exceptions.ValidationError:  Status cannot be \\\"Partially Received\\\". It should be one of \\\"Draft\\\", \\\"Open\\\", \\\"Completed\\\", \\\"Cancelled\\\"\\n\"]","_server_messages":"[\"{\\\"message\\\": \\\" Status cannot be \\\\\\\"Partially Received\\\\\\\". It should be one of \\\\\\\"Draft\\\\\\\", \\\\\\\"Open\\\\\\\", \\\\\\\"Completed\\\\\\\", \\\\\\\"Cancelled\\\\\\\"\\\", \\\"title\\\": \\\"Message\\\", \\\"indicator\\\": \\\"red\\\", \\\"raise_exception\\\": 1, \\\"__frappe_exc_id\\\": \\\"a662d4940894f524ecd58485ba285486dd1c4e7e0a0a0895c669becb\\\"}\"]"}
--------------------------------------------------------------------------------
[2026-04-21 14:10:19] INFO: AsnSyncFromErpNextService: ASN status posted to ERPNext: 1/3 updated (update_asn_wms_status per ASN)
[2026-04-21 14:10:19] INFO: Transfer Order sync from ERPNext started.
[2026-04-21 14:10:19] INFO: ErpNextWmsSyncApiService: [Item Group] Fetching Transfer Orders from http://printechsdammam.dyndns.org:88/api/method/printechs_wms.api.wms_sync.get_tos_for_wms?export_pending=1&include_items=1&docstatus=1
[2026-04-21 14:10:19] INFO: ErpNextWmsSyncApiService: [Item Group] Fetched 1 Transfer Orders
[2026-04-21 14:10:19] INFO: ErpNextWmsSyncApiService: [TO] Fetching Transfer Orders from http://printechsdammam.dyndns.org:88/api/method/printechs_wms.api.wms_sync.get_tos_for_wms?export_pending=1&include_items=1&docstatus=1
[2026-04-21 14:10:19] INFO: ErpNextWmsSyncApiService: [TO] Fetched 1 Transfer Orders
[2026-04-21 14:10:19] INFO: ErpNextWmsSyncApiService: [TO Status] Fetching Transfer Orders from http://printechsdammam.dyndns.org:88/api/method/printechs_wms.api.wms_sync.get_tos_for_wms?export_pending=1&include_items=1&docstatus=1
[2026-04-21 14:10:19] INFO: ErpNextWmsSyncApiService: [TO Status] Fetched 1 Transfer Orders
[2026-04-21 14:10:19] INFO: ErpNextWmsSyncApiService: [MR] Fetching Transfer Orders from http://printechsdammam.dyndns.org:88/api/method/printechs_wms.api.wms_sync.get_tos_for_wms?export_pending=1&include_items=1&docstatus=1
[2026-04-21 14:10:19] INFO: ErpNextWmsSyncApiService: [MR] Fetched 1 Transfer Orders
[2026-04-21 14:10:19] INFO: ErpNextWmsSyncApiService: [ERPNext 9] Fetching Transfer Orders from http://printechsdammam.dyndns.org:88/api/method/printechs_wms.api.wms_sync.get_tos_for_wms?export_pending=1&include_items=1&docstatus=1
[2026-04-21 14:10:19] INFO: ErpNextWmsSyncApiService: [ERPNext 9] Fetched 1 Transfer Orders
[2026-04-21 14:10:19] INFO: ErpNextWmsSyncApiService: [Stock Entry] Fetching Transfer Orders from http://printechsdammam.dyndns.org:88/api/method/printechs_wms.api.wms_sync.get_tos_for_wms?export_pending=1&include_items=1&docstatus=1
[2026-04-21 14:10:19] INFO: ErpNextWmsSyncApiService: [Stock Entry] Fetched 1 Transfer Orders
[2026-04-21 14:10:19] INFO: ErpNextWmsSyncApiService: [ERPNext 11] Fetching Transfer Orders from http://printechsdammam.dyndns.org:88/api/method/printechs_wms.api.wms_sync.get_tos_for_wms?export_pending=1&include_items=1&docstatus=1
[2026-04-21 14:10:19] INFO: ErpNextWmsSyncApiService: [ERPNext 11] Fetched 1 Transfer Orders
[2026-04-21 14:10:19] INFO: ErpNextWmsSyncApiService: ERPNext 13 API URL or key not configured
[2026-04-21 14:10:19] INFO: TransferOrderSyncFromErpNextService: Syncing 1 TO(s) with items.
[2026-04-21 14:10:19] INFO: Transfer Order sync from ERPNext completed. Fetched: 1, TOs inserted: 1, updated: 0, items: 4, errors: 0
[2026-04-21 14:10:19] ERROR: ErpNextWmsSyncApiService: TO status API returned ExpectationFailed: {"exception":"frappe.exceptions.ValidationError: Failed to get method for command printechs_wms.api.wms_sync.update_transfer_order_wms_status with module 'printechs_wms.api.wms_sync' has no attribute 'update_transfer_order_wms_status'","exc_type":"ValidationError","exc":"[\"Traceback (most recent call last):\\n  File \\\"apps/frappe/frappe/handler.py\\\", line 74, in execute_cmd\\n    method = get_attr(cmd)\\n             ^^^^^^^^^^^^^\\n  File \\\"apps/frappe/frappe/handler.py\\\", line 292, in get_attr\\n    method = frappe.get_attr(cmd)\\n             ^^^^^^^^^^^^^^^^^^^^\\n  File \\\"apps/frappe/frappe/__init__.py\\\", line 1744, in get_attr\\n    return getattr(get_module(modulename), methodname)\\n           ^^^^^^^^^^^^^^^^^^^^^^^^^^^^^^^^^^^^^^^^^^^\\nAttributeError: module 'printechs_wms.api.wms_sync' has no attribute 'update_transfer_order_wms_status'\\n\\nDuring handling of the above exception, another exception occurred:\\n\\nTraceback (most recent call last):\\n  File \\\"apps/frappe/frappe/app.py\\\", line 120, in application\\n    response = frappe.api.handle(request)\\n               ^^^^^^^^^^^^^^^^^^^^^^^^^^\\n  File \\\"apps/frappe/frappe/api/__init__.py\\\", line 52, in handle\\n    data = endpoint(**arguments)\\n           ^^^^^^^^^^^^^^^^^^^^^\\n  File \\\"apps/frappe/frappe/api/v1.py\\\", line 40, in handle_rpc_call\\n    return frappe.handler.handle()\\n           ^^^^^^^^^^^^^^^^^^^^^^^\\n  File \\\"apps/frappe/frappe/handler.py\\\", line 52, in handle\\n    data = execute_cmd(cmd)\\n           ^^^^^^^^^^^^^^^^\\n  File \\\"apps/frappe/frappe/handler.py\\\", line 76, in execute_cmd\\n    frappe.throw(_(\\\"Failed to get method for command {0} with {1}\\\").format(cmd, e))\\n  File \\\"apps/frappe/frappe/__init__.py\\\", line 609, in throw\\n    msgprint(\\n  File \\\"apps/frappe/frappe/__init__.py\\\", line 574, in msgprint\\n    _raise_exception()\\n  File \\\"apps/frappe/frappe/__init__.py\\\", line 525, in _raise_exception\\n    raise exc\\nfrappe.exceptions.ValidationError: Failed to get method for command printechs_wms.api.wms_sync.update_transfer_order_wms_status with module 'printechs_wms.api.wms_sync' has no attribute 'update_transfer_order_wms_status'\\n\"]","_server_messages":"[\"{\\\"message\\\": \\\"Failed to get method for command printechs_wms.api.wms_sync.update_transfer_order_wms_status with module 'printechs_wms.api.wms_sync' has no attribute 'update_transfer_order_wms_status'\\\", \\\"title\\\": \\\"Message\\\", \\\"indicator\\\": \\\"red\\\", \\\"raise_exception\\\": 1, \\\"__frappe_exc_id\\\": \\\"774fda3d75e6d5a0b9e560ab62c6894927a35c887ede105e188878d6\\\"}\"]"}
--------------------------------------------------------------------------------
[2026-04-21 14:10:19] ERROR: TransferOrderSyncFromErpNextService: Failed to post TO WMS-TO-00001 status to ERPNext: ExpectationFailed: {"exception":"frappe.exceptions.ValidationError: Failed to get method for command printechs_wms.api.wms_sync.update_transfer_order_wms_status with module 'printechs_wms.api.wms_sync' has no attribute 'update_transfer_order_wms_status'","exc_type":"ValidationError","exc":"[\"Traceback (most recent call last):\\n  File \\\"apps/frappe/frappe/handler.py\\\", line 74, in execute_cmd\\n    method = get_attr(cmd)\\n             ^^^^^^^^^^^^^\\n  File \\\"apps/frappe/frappe/handler.py\\\", line 292, in get_attr\\n    method = frappe.get_attr(cmd)\\n             ^^^^^^^^^^^^^^^^^^^^\\n  File \\\"apps/frappe/frappe/__init__.py\\\", line 1744, in get_attr\\n    return getattr(get_module(modulename), methodname)\\n           ^^^^^^^^^^^^^^^^^^^^^^^^^^^^^^^^^^^^^^^^^^^\\nAttributeError: module 'printechs_wms.api.wms_sync' has no attribute 'update_transfer_order_wms_status'\\n\\nDuring handling of the above exception, another exception occurred:\\n\\nTraceback (most recent call last):\\n  File \\\"apps/frappe/frappe/app.py\\\", line 120, in application\\n    response = frappe.api.handle(request)\\n               ^^^^^^^^^^^^^^^^^^^^^^^^^^\\n  File \\\"apps/frappe/frappe/api/__init__.py\\\", line 52, in handle\\n    data = endpoint(**arguments)\\n           ^^^^^^^^^^^^^^^^^^^^^\\n  File \\\"apps/frappe/frappe/api/v1.py\\\", line 40, in handle_rpc_call\\n    return frappe.handler.handle()\\n           ^^^^^^^^^^^^^^^^^^^^^^^\\n  File \\\"apps/frappe/frappe/handler.py\\\", line 52, in handle\\n    data = execute_cmd(cmd)\\n           ^^^^^^^^^^^^^^^^\\n  File \\\"apps/frappe/frappe/handler.py\\\", line 76, in execute_cmd\\n    frappe.throw(_(\\\"Failed to get method for command {0} with {1}\\\").format(cmd, e))\\n  File \\\"apps/frappe/frappe/__init__.py\\\", line 609, in throw\\n    msgprint(\\n  File \\\"apps/frappe/frappe/__init__.py\\\", line 574, in msgprint\\n    _raise_exception()\\n  File \\\"apps/frappe/frappe/__init__.py\\\", line 525, in _raise_exception\\n    raise exc\\nfrappe.exceptions.ValidationError: Failed to get method for command printechs_wms.api.wms_sync.update_transfer_order_wms_status with module 'printechs_wms.api.wms_sync' has no attribute 'update_transfer_order_wms_status'\\n\"]","_server_messages":"[\"{\\\"message\\\": \\\"Failed to get method for command printechs_wms.api.wms_sync.update_transfer_order_wms_status with module 'printechs_wms.api.wms_sync' has no attribute 'update_transfer_order_wms_status'\\\", \\\"title\\\": \\\"Message\\\", \\\"indicator\\\": \\\"red\\\", \\\"raise_exception\\\": 1, \\\"__frappe_exc_id\\\": \\\"774fda3d75e6d5a0b9e560ab62c6894927a35c887ede105e188878d6\\\"}\"]"}
--------------------------------------------------------------------------------
[2026-04-21 14:10:19] INFO: TransferOrderSyncFromErpNextService: TO status posted to ERPNext: 0/1 updated (update_transfer_order_wms_status per TO)
[2026-04-21 14:10:19] INFO: Material Request sync from ERPNext started.
[2026-04-21 14:10:19] INFO: ErpNextWmsSyncApiService: [Item Group] Fetching Material Requests from http://printechsdammam.dyndns.org:88/api/method/printechs_wms.api.material_request.get_material_transfer_requests?from_warehouse=Main%20Warehouse%20-%20MAATC&state=Pending&docstatus=1&include_items=1&limit=200
[2026-04-21 14:10:19] INFO: ErpNextWmsSyncApiService: [Item Group] Fetched 1 Material Requests
[2026-04-21 14:10:19] INFO: ErpNextWmsSyncApiService: [MR] Fetching Material Requests from http://printechsdammam.dyndns.org:88/api/method/printechs_wms.api.material_request.get_material_transfer_requests?from_warehouse=Main%20Warehouse%20-%20MAATC&state=Pending&docstatus=1&include_items=1&limit=200
[2026-04-21 14:10:19] INFO: ErpNextWmsSyncApiService: [MR] Fetched 1 Material Requests
[2026-04-21 14:10:19] INFO: ErpNextWmsSyncApiService: [ERPNext 9] Fetching Material Requests from http://printechsdammam.dyndns.org:88/api/method/printechs_wms.api.material_request.get_material_transfer_requests?from_warehouse=Main%20Warehouse%20-%20MAATC&state=Pending&docstatus=1&include_items=1&limit=200
[2026-04-21 14:10:20] INFO: ErpNextWmsSyncApiService: [ERPNext 9] Fetched 1 Material Requests
[2026-04-21 14:10:20] INFO: ErpNextWmsSyncApiService: [Stock Entry] Fetching Material Requests from http://printechsdammam.dyndns.org:88/api/method/printechs_wms.api.material_request.get_material_transfer_requests?from_warehouse=Main%20Warehouse%20-%20MAATC&state=Pending&docstatus=1&include_items=1&limit=200
[2026-04-21 14:10:20] INFO: ErpNextWmsSyncApiService: [Stock Entry] Fetched 1 Material Requests
[2026-04-21 14:10:20] INFO: ErpNextWmsSyncApiService: [ERPNext 11] Fetching Material Requests from http://printechsdammam.dyndns.org:88/api/method/printechs_wms.api.material_request.get_material_transfer_requests?from_warehouse=Main%20Warehouse%20-%20MAATC&state=Pending&docstatus=1&include_items=1&limit=200
[2026-04-21 14:10:20] INFO: ErpNextWmsSyncApiService: [ERPNext 11] Fetched 1 Material Requests
[2026-04-21 14:10:20] INFO: ErpNextWmsSyncApiService: [ERPNext 13] Fetching Material Requests from /api/method/printechs_wms.api.asn_to_purchase_receipt.get_pr_status_for_asn?asn_no=<linked ASN>/api/method/printechs_wms.api.material_request.get_material_transfer_requests?from_warehouse=Main%20Warehouse%20-%20MAATC&state=Pending&docstatus=1&include_items=1&limit=200
[2026-04-21 14:10:20] ERROR: ErpNextWmsSyncApiService: [ERPNext 13] Error fetching Material Requests: An invalid request URI was provided. Either the request URI must be an absolute URI or BaseAddress must be set.
Exception Type: InvalidOperationException
Exception Message: An invalid request URI was provided. Either the request URI must be an absolute URI or BaseAddress must be set.
Stack Trace:    at System.Net.Http.HttpClient.PrepareRequestMessage(HttpRequestMessage request)
   at System.Net.Http.HttpClient.GetAsync(String requestUri)
   at Wms.Desktop.Services.ErpNextWmsSyncApiService.FetchMessageListAsync[T](String apiUrl, String apiKey, String label, String entityName) in D:\Development Project\Printechs WMS\Wms.Desktop\Services\ErpNextWmsSyncApiService.cs:line 523
--------------------------------------------------------------------------------
[2026-04-21 14:10:20] INFO: MaterialRequestSyncFromErpNextService: Syncing 1 Material Request(s) with items.
[2026-04-21 14:10:20] INFO: MaterialRequestSyncFromErpNextService: MR MAT-MR-2026-00001: inserting 2 item(s) (preserving local picked qty where higher).
[2026-04-21 14:10:20] INFO: Material Request sync from ERPNext completed. Fetched: 1, MRs inserted: 1, updated: 0, items: 2, errors: 0
[2026-04-21 14:10:20] INFO: Transfer In sync from ERPNext started (tabTransferIn / tabTransferInItem).
[2026-04-21 14:10:20] INFO: TransferInSyncFromErpNextService: Step 1 - Dropping legacy tabTransferInStockEntry tables if they exist.
[2026-04-21 14:10:20] INFO: DatabaseService: Dropped tabTransferInStockEntry and tabTransferInStockEntryItem if they existed.
[2026-04-21 14:10:20] INFO: TransferInSyncFromErpNextService: Step 2 - Connecting to database: wms_desktop, host: localhost
[2026-04-21 14:10:20] INFO: TransferInSyncFromErpNextService: Step 3 - Connection opened. Database: wms_desktop
[2026-04-21 14:10:20] INFO: TransferInSyncFromErpNextService: Step 4 - Using 6 endpoint(s) for Transfer In.
[2026-04-21 14:10:20] INFO: ErpNextWmsSyncApiService: [Item Group] Fetching Transfer In Stock Entries from http://printechsdammam.dyndns.org:88/api/method/printechs_wms.api.transfer_in_sync.get_material_transfer_stock_entries?add_to_transit=1&custom_receiving_warehouse=Main%20Warehouse%20-%20MAATC&docstatus=1
[2026-04-21 14:10:20] INFO: ErpNextWmsSyncApiService: [Item Group] Fetched 1 Transfer In Stock Entries
[2026-04-21 14:10:20] INFO: TransferInSyncFromErpNextService: Endpoint [Item Group] returned 1 raw entry(ies).
[2026-04-21 14:10:20] INFO: ErpNextWmsSyncApiService: [MR] Fetching Transfer In Stock Entries from http://printechsdammam.dyndns.org:88/api/method/printechs_wms.api.transfer_in_sync.get_material_transfer_stock_entries?add_to_transit=1&custom_receiving_warehouse=Main%20Warehouse%20-%20MAATC&docstatus=1
[2026-04-21 14:10:20] INFO: ErpNextWmsSyncApiService: [MR] Fetched 1 Transfer In Stock Entries
[2026-04-21 14:10:20] INFO: TransferInSyncFromErpNextService: Endpoint [MR] returned 1 raw entry(ies).
[2026-04-21 14:10:20] INFO: ErpNextWmsSyncApiService: [ERPNext 9] Fetching Transfer In Stock Entries from http://printechsdammam.dyndns.org:88/api/method/printechs_wms.api.transfer_in_sync.get_material_transfer_stock_entries?to_warehouse=Main%20Warehouse%20-%20MAATC&docstatus=1
[2026-04-21 14:10:20] INFO: ErpNextWmsSyncApiService: [ERPNext 9] Fetched 1 Transfer In Stock Entries
[2026-04-21 14:10:20] INFO: TransferInSyncFromErpNextService: Endpoint [ERPNext 9] returned 1 raw entry(ies).
[2026-04-21 14:10:20] INFO: ErpNextWmsSyncApiService: [Stock Entry] Fetching Transfer In Stock Entries from http://printechsdammam.dyndns.org:88/api/method/printechs_wms.api.transfer_in_sync.get_material_transfer_stock_entries?add_to_transit=1&custom_receiving_warehouse=Main%20Warehouse%20-%20MAATC&docstatus=1
[2026-04-21 14:10:20] INFO: ErpNextWmsSyncApiService: [Stock Entry] Fetched 1 Transfer In Stock Entries
[2026-04-21 14:10:20] INFO: TransferInSyncFromErpNextService: Endpoint [Stock Entry] returned 1 raw entry(ies).
[2026-04-21 14:10:20] INFO: ErpNextWmsSyncApiService: [ERPNext 11] Fetching Transfer In Stock Entries from http://printechsdammam.dyndns.org:88/api/method/printechs_wms.api.transfer_in_sync.get_material_transfer_stock_entries?add_to_transit=1&custom_receiving_warehouse=Main%20Warehouse%20-%20MAATC&docstatus=1
[2026-04-21 14:10:20] INFO: ErpNextWmsSyncApiService: [ERPNext 11] Fetched 1 Transfer In Stock Entries
[2026-04-21 14:10:20] INFO: TransferInSyncFromErpNextService: Endpoint [ERPNext 11] returned 1 raw entry(ies).
[2026-04-21 14:10:20] INFO: ErpNextWmsSyncApiService: [ERPNext 13] Fetching Transfer In Stock Entries from /api/method/printechs_wms.api.asn_to_purchase_receipt.get_pr_status_for_asn?asn_no=<linked ASN>/api/method/printechs_wms.api.transfer_in_sync.get_material_transfer_stock_entries?add_to_transit=1&custom_receiving_warehouse=Main%20Warehouse%20-%20MAATC&docstatus=1
[2026-04-21 14:10:20] ERROR: ErpNextWmsSyncApiService: [ERPNext 13] Error fetching Transfer In Stock Entries: An invalid request URI was provided. Either the request URI must be an absolute URI or BaseAddress must be set.
Exception Type: InvalidOperationException
Exception Message: An invalid request URI was provided. Either the request URI must be an absolute URI or BaseAddress must be set.
Stack Trace:    at System.Net.Http.HttpClient.PrepareRequestMessage(HttpRequestMessage request)
   at System.Net.Http.HttpClient.GetAsync(String requestUri)
   at Wms.Desktop.Services.ErpNextWmsSyncApiService.FetchMessageListAsync[T](String apiUrl, String apiKey, String label, String entityName) in D:\Development Project\Printechs WMS\Wms.Desktop\Services\ErpNextWmsSyncApiService.cs:line 523
--------------------------------------------------------------------------------
[2026-04-21 14:10:20] INFO: TransferInSyncFromErpNextService: Step 5 - Total raw entries from API: 5
[2026-04-21 14:10:20] INFO: TransferInSyncFromErpNextService: Step 6 - After dedupe: 2 unique Transfer In(s) to sync. Keys: [MAT-STE-2026-00002, MAT-STE-2026-00003]
[2026-04-21 14:10:20] INFO: TransferInSyncFromErpNextService: --- Processing entry: MAT-STE-2026-00002 ---
[2026-04-21 14:10:20] INFO: TransferInSyncFromErpNextService: tabTransferIn INSERT/UPDATE for MAT-STE-2026-00002 affected rows: 1 (1=inserted, 2=updated).
[2026-04-21 14:10:20] INFO: TransferInSyncFromErpNextService: DELETE old tabTransferInItem for MAT-STE-2026-00002 deleted rows: 0.
[2026-04-21 14:10:20] INFO: TransferInSyncFromErpNextService: Entry MAT-STE-2026-00002: inserting 2 item(s) into tabTransferInItem.
[2026-04-21 14:10:20] INFO: TransferInSyncFromErpNextService: Inserting tabTransferInItem: parent=MAT-STE-2026-00002, item_code=108231, qty=5.
[2026-04-21 14:10:20] INFO: TransferInSyncFromErpNextService: Item INSERT for 108231 affected rows: 1.
[2026-04-21 14:10:20] INFO: TransferInSyncFromErpNextService: Inserting tabTransferInItem: parent=MAT-STE-2026-00002, item_code=108229, qty=5.
[2026-04-21 14:10:20] INFO: TransferInSyncFromErpNextService: Item INSERT for 108229 affected rows: 1.
[2026-04-21 14:10:20] INFO: TransferInSyncFromErpNextService: Committing transaction for MAT-STE-2026-00002.
[2026-04-21 14:10:20] INFO: TransferInSyncFromErpNextService: Transaction committed for MAT-STE-2026-00002.
[2026-04-21 14:10:20] INFO: TransferInSyncFromErpNextService: Verification tabTransferInItem count for MAT-STE-2026-00002 => 2 row(s).
[2026-04-21 14:10:20] INFO: TransferInSyncFromErpNextService: --- Processing entry: MAT-STE-2026-00003 ---
[2026-04-21 14:10:20] INFO: TransferInSyncFromErpNextService: tabTransferIn INSERT/UPDATE for MAT-STE-2026-00003 affected rows: 1 (1=inserted, 2=updated).
[2026-04-21 14:10:20] INFO: TransferInSyncFromErpNextService: DELETE old tabTransferInItem for MAT-STE-2026-00003 deleted rows: 0.
[2026-04-21 14:10:20] INFO: TransferInSyncFromErpNextService: Entry MAT-STE-2026-00003: inserting 2 item(s) into tabTransferInItem.
[2026-04-21 14:10:20] INFO: TransferInSyncFromErpNextService: Inserting tabTransferInItem: parent=MAT-STE-2026-00003, item_code=108231, qty=5.
[2026-04-21 14:10:20] INFO: TransferInSyncFromErpNextService: Item INSERT for 108231 affected rows: 1.
[2026-04-21 14:10:20] INFO: TransferInSyncFromErpNextService: Inserting tabTransferInItem: parent=MAT-STE-2026-00003, item_code=108229, qty=5.
[2026-04-21 14:10:20] INFO: TransferInSyncFromErpNextService: Item INSERT for 108229 affected rows: 1.
[2026-04-21 14:10:20] INFO: TransferInSyncFromErpNextService: Committing transaction for MAT-STE-2026-00003.
[2026-04-21 14:10:20] INFO: TransferInSyncFromErpNextService: Transaction committed for MAT-STE-2026-00003.
[2026-04-21 14:10:20] INFO: TransferInSyncFromErpNextService: Verification tabTransferInItem count for MAT-STE-2026-00003 => 2 row(s).
[2026-04-21 14:10:20] INFO: Transfer In sync from ERPNext completed. Fetched: 2, entries inserted: 2, updated: 0, items: 4, errors: 0
[2026-04-21 14:10:20] INFO: ErpNextWmsSyncApiService: WMS snapshot updated successfully.
[2026-04-21 14:10:20] INFO: ErpNextWmsSyncApiService: Calling rebuild_wms_stock_balance for company=Mohammed Abdullah Almousa Trading Company, warehouse=Main Warehouse - MAATC
[2026-04-21 14:10:21] INFO: ErpNextWmsSyncApiService: rebuild_wms_stock_balance updated successfully.
[2026-04-21 14:10:21] INFO: ErpNextWmsSyncApiService: rebuild_wms_stock_balance completed successfully.
[2026-04-21 14:10:27] INFO: ASN ASN-0001 Carton CNWH12858: Assigned=Assigned, Actual=Assigned, ReceivedQty=0
[2026-04-21 14:10:27] INFO: ASN ASN-0001 Carton CNWH12854: Assigned=Assigned, Actual=Assigned, ReceivedQty=0
[2026-04-21 14:10:27] INFO: ASN ASN-0001 Carton CNWH15390: Assigned=Assigned, Actual=Assigned, ReceivedQty=0
[2026-04-21 14:10:27] INFO: ASN ASN-0001 Carton CNWH42441: Assigned=Assigned, Actual=Assigned, ReceivedQty=0
[2026-04-21 14:10:27] INFO: ASN ASN-0001 Carton CNWH64571: Assigned=Assigned, Actual=Assigned, ReceivedQty=0
[2026-04-21 14:10:27] INFO: ASN ASN-0001 Carton CNWH64521: Assigned=Assigned, Actual=Assigned, ReceivedQty=0
[2026-04-21 14:10:27] INFO: ASN ASN-0001 Carton CNWH63561: Assigned=Assigned, Actual=Assigned, ReceivedQty=0
[2026-04-21 14:10:27] INFO: ASN ASN-0001 Carton CNWH63609: Assigned=Assigned, Actual=Assigned, ReceivedQty=0
[2026-04-21 14:10:27] INFO: ASN ASN-0002 Carton CNWH12858: Assigned=Assigned, Actual=Assigned, ReceivedQty=0
[2026-04-21 14:10:27] INFO: ASN ASN-0002 Carton CNWH12854: Assigned=Assigned, Actual=Assigned, ReceivedQty=0
[2026-04-21 14:10:27] INFO: ASN WMS-ASN-EXT-127211 Carton CNWH12858: Assigned=Assigned, Actual=Assigned, ReceivedQty=0
[2026-04-21 14:10:27] INFO: ASN WMS-ASN-EXT-127211 Carton CNWH12854: Assigned=Assigned, Actual=Assigned, ReceivedQty=0
[2026-04-21 14:20:32] INFO: PutawayTaskDataService: Loaded task PUT-20260421-0001 with status Open
[2026-04-21 14:20:32] INFO: PutawayTaskDataService: Loaded task PUT-20260421-0002 with status Open
[2026-04-21 14:20:32] INFO: PutawayTaskDataService: SQL Query: SELECT pl.parent_title, pl.carton_id, pl.item_code, SUM(pl.qty) as qty, pl.rack, pl.bin, pl.location_id
                         FROM tabPutawayLine pl
                         WHERE pl.parent_title IN (@title0,@title1)
                         GROUP BY pl.parent_title, pl.carton_id, pl.item_code, pl.rack, pl.bin, pl.location_id
                         ORDER BY pl.parent_title, pl.item_code
[2026-04-21 14:20:32] INFO: PutawayTaskDataService: Querying lines for 2 tasks: PUT-20260421-0001, PUT-20260421-0002
[2026-04-21 14:20:32] INFO: PutawayTaskDataService: Read 2 lines, now looking up location_ids from tabLocation
[2026-04-21 14:20:32] INFO: PutawayTaskDataService: Added line for PUT-20260421-0001: 247787 (Qty: 100, Carton: MOOSAASN-127211)
[2026-04-21 14:20:32] INFO: PutawayTaskDataService: Added line for PUT-20260421-0002: 247775 (Qty: 100, Carton: MOOSAASN-127212)
[2026-04-21 14:20:32] INFO: PutawayTaskDataService: Total lines read from database: 4, Unique parent titles with lines: 2
[2026-04-21 14:20:32] INFO: PutawayTaskDataService: Task PUT-20260421-0001 has 1 line(s)
[2026-04-21 14:20:32] INFO: PutawayTaskDataService: Task PUT-20260421-0002 has 1 line(s)
[2026-04-21 14:20:32] INFO: PutawayTaskDataService: Total tasks loaded: 2
[2026-04-21 14:20:32] INFO: PutawayTaskListViewModel: Loaded 2 putaway tasks from database, 2 unique tasks displayed
[2026-04-21 14:38:44] INFO: ItemLocationBreakdownViewModel: Loading location data for 247775 from transaction history
[2026-04-21 14:38:44] INFO: ItemLocationBreakdownViewModel: Found 1 location/carton entries from transaction history
[2026-04-21 14:39:30] INFO: PutawayTaskDataService: Loaded task PUT-20260421-0001 with status Open
[2026-04-21 14:39:30] INFO: PutawayTaskDataService: Loaded task PUT-20260421-0002 with status Completed
[2026-04-21 14:39:30] INFO: PutawayTaskDataService: SQL Query: SELECT pl.parent_title, pl.carton_id, pl.item_code, SUM(pl.qty) as qty, pl.rack, pl.bin, pl.location_id
                         FROM tabPutawayLine pl
                         WHERE pl.parent_title IN (@title0,@title1)
                         GROUP BY pl.parent_title, pl.carton_id, pl.item_code, pl.rack, pl.bin, pl.location_id
                         ORDER BY pl.parent_title, pl.item_code
[2026-04-21 14:39:30] INFO: PutawayTaskDataService: Querying lines for 2 tasks: PUT-20260421-0001, PUT-20260421-0002
[2026-04-21 14:39:30] INFO: PutawayTaskDataService: Read 2 lines, now looking up location_ids from tabLocation
[2026-04-21 14:39:30] INFO: PutawayTaskDataService: Added line for PUT-20260421-0001: 247787 (Qty: 100, Carton: MOOSAASN-127211)
[2026-04-21 14:39:30] INFO: PutawayTaskDataService: Added line for PUT-20260421-0002: 247775 (Qty: 100, Carton: MOOSAASN-127212)
[2026-04-21 14:39:30] INFO: PutawayTaskDataService: Total lines read from database: 4, Unique parent titles with lines: 2
[2026-04-21 14:39:30] INFO: PutawayTaskDataService: Task PUT-20260421-0001 has 1 line(s)
[2026-04-21 14:39:30] INFO: PutawayTaskDataService: Task PUT-20260421-0002 has 1 line(s)
[2026-04-21 14:39:30] INFO: PutawayTaskDataService: Total tasks loaded: 2
[2026-04-21 14:39:30] INFO: PutawayTaskListViewModel: Loaded 2 putaway tasks from database, 2 unique tasks displayed
[2026-04-21 14:40:43] INFO: PurchaseOrderListView: Loaded event fired, refreshing data
[2026-04-21 14:40:43] INFO: PurchaseOrderListView: Calling RefreshAsync on ViewModel
[2026-04-21 14:40:43] INFO: Loading Purchase Orders from database...
[2026-04-21 14:40:43] INFO: Loaded 0 Purchase Orders from database
[2026-04-21 14:40:43] INFO: PurchaseOrderListViewModel: Loaded 0 Purchase Orders from database
[2026-04-21 14:40:43] INFO: PurchaseOrderListView: RefreshAsync completed
[2026-04-21 14:40:43] INFO: PutawayTaskDataService: Total tasks loaded: 0
[2026-04-21 14:40:43] INFO: PutawayTaskListViewModel: Loaded 0 putaway tasks from database, 0 unique tasks displayed
[2026-04-21 14:40:45] INFO: ASN sync from ERPNext started.
[2026-04-21 14:40:45] INFO: ErpNextWmsSyncApiService: [Item Group] Fetching ASNs from http://printechsdammam.dyndns.org:88/api/method/printechs_wms.api.wms_sync.get_asns_for_wms?export_pending=1&include_items=1
[2026-04-21 14:40:45] INFO: ErpNextWmsSyncApiService: [Item Group] Fetched 3 ASNs
[2026-04-21 14:40:45] INFO: ErpNextWmsSyncApiService: [ASN] Fetching ASNs from http://printechsdammam.dyndns.org:88/api/method/printechs_wms.api.wms_sync.get_asns_for_wms?export_pending=1&include_items=1
[2026-04-21 14:40:45] INFO: ErpNextWmsSyncApiService: [ASN] Fetched 3 ASNs
[2026-04-21 14:40:45] INFO: ErpNextWmsSyncApiService: [ASN Status] Fetching ASNs from http://printechsdammam.dyndns.org:88/api/method/printechs_wms.api.wms_sync.get_asns_for_wms?export_pending=1&include_items=1
[2026-04-21 14:40:45] INFO: ErpNextWmsSyncApiService: [ASN Status] Fetched 3 ASNs
[2026-04-21 14:40:45] INFO: ErpNextWmsSyncApiService: [MR] Fetching ASNs from http://printechsdammam.dyndns.org:88/api/method/printechs_wms.api.wms_sync.get_asns_for_wms?export_pending=1&include_items=1
[2026-04-21 14:40:46] INFO: ErpNextWmsSyncApiService: [MR] Fetched 3 ASNs
[2026-04-21 14:40:46] INFO: ErpNextWmsSyncApiService: [ERPNext 9] Fetching ASNs from http://printechsdammam.dyndns.org:88/api/method/printechs_wms.api.wms_sync.get_asns_for_wms?export_pending=1&include_items=1
[2026-04-21 14:40:46] INFO: ErpNextWmsSyncApiService: [ERPNext 9] Fetched 3 ASNs
[2026-04-21 14:40:46] INFO: ErpNextWmsSyncApiService: [Stock Entry] Fetching ASNs from http://printechsdammam.dyndns.org:88/api/method/printechs_wms.api.wms_sync.get_asns_for_wms?export_pending=1&include_items=1
[2026-04-21 14:40:46] INFO: ErpNextWmsSyncApiService: [Stock Entry] Fetched 3 ASNs
[2026-04-21 14:40:46] INFO: ErpNextWmsSyncApiService: [ERPNext 11] Fetching ASNs from http://printechsdammam.dyndns.org:88/api/method/printechs_wms.api.wms_sync.get_asns_for_wms?export_pending=1&include_items=1
[2026-04-21 14:40:46] INFO: ErpNextWmsSyncApiService: [ERPNext 11] Fetched 3 ASNs
[2026-04-21 14:40:46] INFO: ErpNextWmsSyncApiService: ERPNext 13 API URL or key not configured
[2026-04-21 14:40:46] INFO: AsnSyncFromErpNextService: Syncing 3 ASN(s) with items.
[2026-04-21 14:40:46] INFO: ASN sync from ERPNext completed. Fetched: 3, ASNs inserted: 3, updated: 0, items: 12, errors: 0
[2026-04-21 14:40:46] INFO: ErpNextWmsSyncApiService: Posting ASN WMS-ASN-EXT-127211 status=Exported to http://printechsdammam.dyndns.org:88/api/method/printechs_wms.api.wms_sync.update_asn_wms_status
[2026-04-21 14:40:46] INFO: ErpNextWmsSyncApiService: ASN status updated successfully.
[2026-04-21 14:40:46] INFO: ErpNextWmsSyncApiService: Posting ASN ASN-0002 status=Exported to http://printechsdammam.dyndns.org:88/api/method/printechs_wms.api.wms_sync.update_asn_wms_status
[2026-04-21 14:40:46] ERROR: ErpNextWmsSyncApiService: ASN status API returned ExpectationFailed: {"exception":"frappe.exceptions.ValidationError:  Status cannot be \"Received\". It should be one of \"Draft\", \"Open\", \"Completed\", \"Cancelled\"","exc_type":"ValidationError","_exc_source":"printechs_wms (app)","exc":"[\"Traceback (most recent call last):\\n  File \\\"apps/frappe/frappe/app.py\\\", line 120, in application\\n    response = frappe.api.handle(request)\\n               ^^^^^^^^^^^^^^^^^^^^^^^^^^\\n  File \\\"apps/frappe/frappe/api/__init__.py\\\", line 52, in handle\\n    data = endpoint(**arguments)\\n           ^^^^^^^^^^^^^^^^^^^^^\\n  File \\\"apps/frappe/frappe/api/v1.py\\\", line 40, in handle_rpc_call\\n    return frappe.handler.handle()\\n           ^^^^^^^^^^^^^^^^^^^^^^^\\n  File \\\"apps/frappe/frappe/handler.py\\\", line 52, in handle\\n    data = execute_cmd(cmd)\\n           ^^^^^^^^^^^^^^^^\\n  File \\\"apps/frappe/frappe/handler.py\\\", line 85, in execute_cmd\\n    return frappe.call(method, **frappe.form_dict)\\n           ^^^^^^^^^^^^^^^^^^^^^^^^^^^^^^^^^^^^^^^\\n  File \\\"apps/frappe/frappe/__init__.py\\\", line 1754, in call\\n    return fn(*args, **newargs)\\n           ^^^^^^^^^^^^^^^^^^^^\\n  File \\\"apps/frappe/frappe/utils/typing_validations.py\\\", line 32, in wrapper\\n    return func(*args, **kwargs)\\n           ^^^^^^^^^^^^^^^^^^^^^\\n  File \\\"apps/printechs_wms/printechs_wms/api/wms_sync.py\\\", line 379, in update_asn_wms_status\\n    doc.save()\\n  File \\\"apps/frappe/frappe/model/document.py\\\", line 378, in save\\n    return self._save(*args, **kwargs)\\n           ^^^^^^^^^^^^^^^^^^^^^^^^^^^\\n  File \\\"apps/frappe/frappe/model/document.py\\\", line 417, in _save\\n    self._validate()\\n  File \\\"apps/frappe/frappe/model/document.py\\\", line 624, in _validate\\n    self._validate_selects()\\n  File \\\"apps/frappe/frappe/model/base_document.py\\\", line 913, in _validate_selects\\n    frappe.throw(\\n  File \\\"apps/frappe/frappe/__init__.py\\\", line 609, in throw\\n    msgprint(\\n  File \\\"apps/frappe/frappe/__init__.py\\\", line 574, in msgprint\\n    _raise_exception()\\n  File \\\"apps/frappe/frappe/__init__.py\\\", line 525, in _raise_exception\\n    raise exc\\nfrappe.exceptions.ValidationError:  Status cannot be \\\"Received\\\". It should be one of \\\"Draft\\\", \\\"Open\\\", \\\"Completed\\\", \\\"Cancelled\\\"\\n\"]","_server_messages":"[\"{\\\"message\\\": \\\" Status cannot be \\\\\\\"Received\\\\\\\". It should be one of \\\\\\\"Draft\\\\\\\", \\\\\\\"Open\\\\\\\", \\\\\\\"Completed\\\\\\\", \\\\\\\"Cancelled\\\\\\\"\\\", \\\"title\\\": \\\"Message\\\", \\\"indicator\\\": \\\"red\\\", \\\"raise_exception\\\": 1, \\\"__frappe_exc_id\\\": \\\"f51dcd28d0a784d11cc4b5ab75fd3f20d9090d531765660ce257003b\\\"}\"]"}
--------------------------------------------------------------------------------
[2026-04-21 14:40:46] ERROR: AsnSyncFromErpNextService: Failed to post ASN ASN-0002 status to ERPNext: ExpectationFailed: {"exception":"frappe.exceptions.ValidationError:  Status cannot be \"Received\". It should be one of \"Draft\", \"Open\", \"Completed\", \"Cancelled\"","exc_type":"ValidationError","_exc_source":"printechs_wms (app)","exc":"[\"Traceback (most recent call last):\\n  File \\\"apps/frappe/frappe/app.py\\\", line 120, in application\\n    response = frappe.api.handle(request)\\n               ^^^^^^^^^^^^^^^^^^^^^^^^^^\\n  File \\\"apps/frappe/frappe/api/__init__.py\\\", line 52, in handle\\n    data = endpoint(**arguments)\\n           ^^^^^^^^^^^^^^^^^^^^^\\n  File \\\"apps/frappe/frappe/api/v1.py\\\", line 40, in handle_rpc_call\\n    return frappe.handler.handle()\\n           ^^^^^^^^^^^^^^^^^^^^^^^\\n  File \\\"apps/frappe/frappe/handler.py\\\", line 52, in handle\\n    data = execute_cmd(cmd)\\n           ^^^^^^^^^^^^^^^^\\n  File \\\"apps/frappe/frappe/handler.py\\\", line 85, in execute_cmd\\n    return frappe.call(method, **frappe.form_dict)\\n           ^^^^^^^^^^^^^^^^^^^^^^^^^^^^^^^^^^^^^^^\\n  File \\\"apps/frappe/frappe/__init__.py\\\", line 1754, in call\\n    return fn(*args, **newargs)\\n           ^^^^^^^^^^^^^^^^^^^^\\n  File \\\"apps/frappe/frappe/utils/typing_validations.py\\\", line 32, in wrapper\\n    return func(*args, **kwargs)\\n           ^^^^^^^^^^^^^^^^^^^^^\\n  File \\\"apps/printechs_wms/printechs_wms/api/wms_sync.py\\\", line 379, in update_asn_wms_status\\n    doc.save()\\n  File \\\"apps/frappe/frappe/model/document.py\\\", line 378, in save\\n    return self._save(*args, **kwargs)\\n           ^^^^^^^^^^^^^^^^^^^^^^^^^^^\\n  File \\\"apps/frappe/frappe/model/document.py\\\", line 417, in _save\\n    self._validate()\\n  File \\\"apps/frappe/frappe/model/document.py\\\", line 624, in _validate\\n    self._validate_selects()\\n  File \\\"apps/frappe/frappe/model/base_document.py\\\", line 913, in _validate_selects\\n    frappe.throw(\\n  File \\\"apps/frappe/frappe/__init__.py\\\", line 609, in throw\\n    msgprint(\\n  File \\\"apps/frappe/frappe/__init__.py\\\", line 574, in msgprint\\n    _raise_exception()\\n  File \\\"apps/frappe/frappe/__init__.py\\\", line 525, in _raise_exception\\n    raise exc\\nfrappe.exceptions.ValidationError:  Status cannot be \\\"Received\\\". It should be one of \\\"Draft\\\", \\\"Open\\\", \\\"Completed\\\", \\\"Cancelled\\\"\\n\"]","_server_messages":"[\"{\\\"message\\\": \\\" Status cannot be \\\\\\\"Received\\\\\\\". It should be one of \\\\\\\"Draft\\\\\\\", \\\\\\\"Open\\\\\\\", \\\\\\\"Completed\\\\\\\", \\\\\\\"Cancelled\\\\\\\"\\\", \\\"title\\\": \\\"Message\\\", \\\"indicator\\\": \\\"red\\\", \\\"raise_exception\\\": 1, \\\"__frappe_exc_id\\\": \\\"f51dcd28d0a784d11cc4b5ab75fd3f20d9090d531765660ce257003b\\\"}\"]"}
--------------------------------------------------------------------------------
[2026-04-21 14:40:46] INFO: ErpNextWmsSyncApiService: Posting ASN ASN-0001 status=Exported to http://printechsdammam.dyndns.org:88/api/method/printechs_wms.api.wms_sync.update_asn_wms_status
[2026-04-21 14:40:46] ERROR: ErpNextWmsSyncApiService: ASN status API returned ExpectationFailed: {"exception":"frappe.exceptions.ValidationError:  Status cannot be \"Partially Received\". It should be one of \"Draft\", \"Open\", \"Completed\", \"Cancelled\"","exc_type":"ValidationError","_exc_source":"printechs_wms (app)","exc":"[\"Traceback (most recent call last):\\n  File \\\"apps/frappe/frappe/app.py\\\", line 120, in application\\n    response = frappe.api.handle(request)\\n               ^^^^^^^^^^^^^^^^^^^^^^^^^^\\n  File \\\"apps/frappe/frappe/api/__init__.py\\\", line 52, in handle\\n    data = endpoint(**arguments)\\n           ^^^^^^^^^^^^^^^^^^^^^\\n  File \\\"apps/frappe/frappe/api/v1.py\\\", line 40, in handle_rpc_call\\n    return frappe.handler.handle()\\n           ^^^^^^^^^^^^^^^^^^^^^^^\\n  File \\\"apps/frappe/frappe/handler.py\\\", line 52, in handle\\n    data = execute_cmd(cmd)\\n           ^^^^^^^^^^^^^^^^\\n  File \\\"apps/frappe/frappe/handler.py\\\", line 85, in execute_cmd\\n    return frappe.call(method, **frappe.form_dict)\\n           ^^^^^^^^^^^^^^^^^^^^^^^^^^^^^^^^^^^^^^^\\n  File \\\"apps/frappe/frappe/__init__.py\\\", line 1754, in call\\n    return fn(*args, **newargs)\\n           ^^^^^^^^^^^^^^^^^^^^\\n  File \\\"apps/frappe/frappe/utils/typing_validations.py\\\", line 32, in wrapper\\n    return func(*args, **kwargs)\\n           ^^^^^^^^^^^^^^^^^^^^^\\n  File \\\"apps/printechs_wms/printechs_wms/api/wms_sync.py\\\", line 379, in update_asn_wms_status\\n    doc.save()\\n  File \\\"apps/frappe/frappe/model/document.py\\\", line 378, in save\\n    return self._save(*args, **kwargs)\\n           ^^^^^^^^^^^^^^^^^^^^^^^^^^^\\n  File \\\"apps/frappe/frappe/model/document.py\\\", line 417, in _save\\n    self._validate()\\n  File \\\"apps/frappe/frappe/model/document.py\\\", line 624, in _validate\\n    self._validate_selects()\\n  File \\\"apps/frappe/frappe/model/base_document.py\\\", line 913, in _validate_selects\\n    frappe.throw(\\n  File \\\"apps/frappe/frappe/__init__.py\\\", line 609, in throw\\n    msgprint(\\n  File \\\"apps/frappe/frappe/__init__.py\\\", line 574, in msgprint\\n    _raise_exception()\\n  File \\\"apps/frappe/frappe/__init__.py\\\", line 525, in _raise_exception\\n    raise exc\\nfrappe.exceptions.ValidationError:  Status cannot be \\\"Partially Received\\\". It should be one of \\\"Draft\\\", \\\"Open\\\", \\\"Completed\\\", \\\"Cancelled\\\"\\n\"]","_server_messages":"[\"{\\\"message\\\": \\\" Status cannot be \\\\\\\"Partially Received\\\\\\\". It should be one of \\\\\\\"Draft\\\\\\\", \\\\\\\"Open\\\\\\\", \\\\\\\"Completed\\\\\\\", \\\\\\\"Cancelled\\\\\\\"\\\", \\\"title\\\": \\\"Message\\\", \\\"indicator\\\": \\\"red\\\", \\\"raise_exception\\\": 1, \\\"__frappe_exc_id\\\": \\\"1e0b3b08e87c0be38c29a021eed4cdd6df9468b3af004f0651389564\\\"}\"]"}
--------------------------------------------------------------------------------
[2026-04-21 14:40:46] ERROR: AsnSyncFromErpNextService: Failed to post ASN ASN-0001 status to ERPNext: ExpectationFailed: {"exception":"frappe.exceptions.ValidationError:  Status cannot be \"Partially Received\". It should be one of \"Draft\", \"Open\", \"Completed\", \"Cancelled\"","exc_type":"ValidationError","_exc_source":"printechs_wms (app)","exc":"[\"Traceback (most recent call last):\\n  File \\\"apps/frappe/frappe/app.py\\\", line 120, in application\\n    response = frappe.api.handle(request)\\n               ^^^^^^^^^^^^^^^^^^^^^^^^^^\\n  File \\\"apps/frappe/frappe/api/__init__.py\\\", line 52, in handle\\n    data = endpoint(**arguments)\\n           ^^^^^^^^^^^^^^^^^^^^^\\n  File \\\"apps/frappe/frappe/api/v1.py\\\", line 40, in handle_rpc_call\\n    return frappe.handler.handle()\\n           ^^^^^^^^^^^^^^^^^^^^^^^\\n  File \\\"apps/frappe/frappe/handler.py\\\", line 52, in handle\\n    data = execute_cmd(cmd)\\n           ^^^^^^^^^^^^^^^^\\n  File \\\"apps/frappe/frappe/handler.py\\\", line 85, in execute_cmd\\n    return frappe.call(method, **frappe.form_dict)\\n           ^^^^^^^^^^^^^^^^^^^^^^^^^^^^^^^^^^^^^^^\\n  File \\\"apps/frappe/frappe/__init__.py\\\", line 1754, in call\\n    return fn(*args, **newargs)\\n           ^^^^^^^^^^^^^^^^^^^^\\n  File \\\"apps/frappe/frappe/utils/typing_validations.py\\\", line 32, in wrapper\\n    return func(*args, **kwargs)\\n           ^^^^^^^^^^^^^^^^^^^^^\\n  File \\\"apps/printechs_wms/printechs_wms/api/wms_sync.py\\\", line 379, in update_asn_wms_status\\n    doc.save()\\n  File \\\"apps/frappe/frappe/model/document.py\\\", line 378, in save\\n    return self._save(*args, **kwargs)\\n           ^^^^^^^^^^^^^^^^^^^^^^^^^^^\\n  File \\\"apps/frappe/frappe/model/document.py\\\", line 417, in _save\\n    self._validate()\\n  File \\\"apps/frappe/frappe/model/document.py\\\", line 624, in _validate\\n    self._validate_selects()\\n  File \\\"apps/frappe/frappe/model/base_document.py\\\", line 913, in _validate_selects\\n    frappe.throw(\\n  File \\\"apps/frappe/frappe/__init__.py\\\", line 609, in throw\\n    msgprint(\\n  File \\\"apps/frappe/frappe/__init__.py\\\", line 574, in msgprint\\n    _raise_exception()\\n  File \\\"apps/frappe/frappe/__init__.py\\\", line 525, in _raise_exception\\n    raise exc\\nfrappe.exceptions.ValidationError:  Status cannot be \\\"Partially Received\\\". It should be one of \\\"Draft\\\", \\\"Open\\\", \\\"Completed\\\", \\\"Cancelled\\\"\\n\"]","_server_messages":"[\"{\\\"message\\\": \\\" Status cannot be \\\\\\\"Partially Received\\\\\\\". It should be one of \\\\\\\"Draft\\\\\\\", \\\\\\\"Open\\\\\\\", \\\\\\\"Completed\\\\\\\", \\\\\\\"Cancelled\\\\\\\"\\\", \\\"title\\\": \\\"Message\\\", \\\"indicator\\\": \\\"red\\\", \\\"raise_exception\\\": 1, \\\"__frappe_exc_id\\\": \\\"1e0b3b08e87c0be38c29a021eed4cdd6df9468b3af004f0651389564\\\"}\"]"}
--------------------------------------------------------------------------------
[2026-04-21 14:40:46] INFO: AsnSyncFromErpNextService: ASN status posted to ERPNext: 1/3 updated (update_asn_wms_status per ASN)
[2026-04-21 14:40:46] INFO: Transfer Order sync from ERPNext started.
[2026-04-21 14:40:46] INFO: ErpNextWmsSyncApiService: [Item Group] Fetching Transfer Orders from http://printechsdammam.dyndns.org:88/api/method/printechs_wms.api.wms_sync.get_tos_for_wms?export_pending=1&include_items=1&docstatus=1
[2026-04-21 14:40:46] INFO: ErpNextWmsSyncApiService: [Item Group] Fetched 1 Transfer Orders
[2026-04-21 14:40:46] INFO: ErpNextWmsSyncApiService: [TO] Fetching Transfer Orders from http://printechsdammam.dyndns.org:88/api/method/printechs_wms.api.wms_sync.get_tos_for_wms?export_pending=1&include_items=1&docstatus=1
[2026-04-21 14:40:46] INFO: ErpNextWmsSyncApiService: [TO] Fetched 1 Transfer Orders
[2026-04-21 14:40:46] INFO: ErpNextWmsSyncApiService: [TO Status] Fetching Transfer Orders from http://printechsdammam.dyndns.org:88/api/method/printechs_wms.api.wms_sync.get_tos_for_wms?export_pending=1&include_items=1&docstatus=1
[2026-04-21 14:40:46] INFO: ErpNextWmsSyncApiService: [TO Status] Fetched 1 Transfer Orders
[2026-04-21 14:40:46] INFO: ErpNextWmsSyncApiService: [MR] Fetching Transfer Orders from http://printechsdammam.dyndns.org:88/api/method/printechs_wms.api.wms_sync.get_tos_for_wms?export_pending=1&include_items=1&docstatus=1
[2026-04-21 14:40:46] INFO: ErpNextWmsSyncApiService: [MR] Fetched 1 Transfer Orders
[2026-04-21 14:40:46] INFO: ErpNextWmsSyncApiService: [ERPNext 9] Fetching Transfer Orders from http://printechsdammam.dyndns.org:88/api/method/printechs_wms.api.wms_sync.get_tos_for_wms?export_pending=1&include_items=1&docstatus=1
[2026-04-21 14:40:46] INFO: ErpNextWmsSyncApiService: [ERPNext 9] Fetched 1 Transfer Orders
[2026-04-21 14:40:46] INFO: ErpNextWmsSyncApiService: [Stock Entry] Fetching Transfer Orders from http://printechsdammam.dyndns.org:88/api/method/printechs_wms.api.wms_sync.get_tos_for_wms?export_pending=1&include_items=1&docstatus=1
[2026-04-21 14:40:46] INFO: ErpNextWmsSyncApiService: [Stock Entry] Fetched 1 Transfer Orders
[2026-04-21 14:40:46] INFO: ErpNextWmsSyncApiService: [ERPNext 11] Fetching Transfer Orders from http://printechsdammam.dyndns.org:88/api/method/printechs_wms.api.wms_sync.get_tos_for_wms?export_pending=1&include_items=1&docstatus=1
[2026-04-21 14:40:46] INFO: ErpNextWmsSyncApiService: [ERPNext 11] Fetched 1 Transfer Orders
[2026-04-21 14:40:46] INFO: ErpNextWmsSyncApiService: ERPNext 13 API URL or key not configured
[2026-04-21 14:40:46] INFO: TransferOrderSyncFromErpNextService: Syncing 1 TO(s) with items.
[2026-04-21 14:40:46] INFO: Transfer Order sync from ERPNext completed. Fetched: 1, TOs inserted: 1, updated: 0, items: 4, errors: 0
[2026-04-21 14:40:46] ERROR: ErpNextWmsSyncApiService: TO status API returned ExpectationFailed: {"exception":"frappe.exceptions.ValidationError: Failed to get method for command printechs_wms.api.wms_sync.update_transfer_order_wms_status with module 'printechs_wms.api.wms_sync' has no attribute 'update_transfer_order_wms_status'","exc_type":"ValidationError","exc":"[\"Traceback (most recent call last):\\n  File \\\"apps/frappe/frappe/handler.py\\\", line 74, in execute_cmd\\n    method = get_attr(cmd)\\n             ^^^^^^^^^^^^^\\n  File \\\"apps/frappe/frappe/handler.py\\\", line 292, in get_attr\\n    method = frappe.get_attr(cmd)\\n             ^^^^^^^^^^^^^^^^^^^^\\n  File \\\"apps/frappe/frappe/__init__.py\\\", line 1744, in get_attr\\n    return getattr(get_module(modulename), methodname)\\n           ^^^^^^^^^^^^^^^^^^^^^^^^^^^^^^^^^^^^^^^^^^^\\nAttributeError: module 'printechs_wms.api.wms_sync' has no attribute 'update_transfer_order_wms_status'\\n\\nDuring handling of the above exception, another exception occurred:\\n\\nTraceback (most recent call last):\\n  File \\\"apps/frappe/frappe/app.py\\\", line 120, in application\\n    response = frappe.api.handle(request)\\n               ^^^^^^^^^^^^^^^^^^^^^^^^^^\\n  File \\\"apps/frappe/frappe/api/__init__.py\\\", line 52, in handle\\n    data = endpoint(**arguments)\\n           ^^^^^^^^^^^^^^^^^^^^^\\n  File \\\"apps/frappe/frappe/api/v1.py\\\", line 40, in handle_rpc_call\\n    return frappe.handler.handle()\\n           ^^^^^^^^^^^^^^^^^^^^^^^\\n  File \\\"apps/frappe/frappe/handler.py\\\", line 52, in handle\\n    data = execute_cmd(cmd)\\n           ^^^^^^^^^^^^^^^^\\n  File \\\"apps/frappe/frappe/handler.py\\\", line 76, in execute_cmd\\n    frappe.throw(_(\\\"Failed to get method for command {0} with {1}\\\").format(cmd, e))\\n  File \\\"apps/frappe/frappe/__init__.py\\\", line 609, in throw\\n    msgprint(\\n  File \\\"apps/frappe/frappe/__init__.py\\\", line 574, in msgprint\\n    _raise_exception()\\n  File \\\"apps/frappe/frappe/__init__.py\\\", line 525, in _raise_exception\\n    raise exc\\nfrappe.exceptions.ValidationError: Failed to get method for command printechs_wms.api.wms_sync.update_transfer_order_wms_status with module 'printechs_wms.api.wms_sync' has no attribute 'update_transfer_order_wms_status'\\n\"]","_server_messages":"[\"{\\\"message\\\": \\\"Failed to get method for command printechs_wms.api.wms_sync.update_transfer_order_wms_status with module 'printechs_wms.api.wms_sync' has no attribute 'update_transfer_order_wms_status'\\\", \\\"title\\\": \\\"Message\\\", \\\"indicator\\\": \\\"red\\\", \\\"raise_exception\\\": 1, \\\"__frappe_exc_id\\\": \\\"38396aacea3cbfbae5a40b06a47080906f3dd306c00533b8d63adaf9\\\"}\"]"}
--------------------------------------------------------------------------------
[2026-04-21 14:40:46] ERROR: TransferOrderSyncFromErpNextService: Failed to post TO WMS-TO-00001 status to ERPNext: ExpectationFailed: {"exception":"frappe.exceptions.ValidationError: Failed to get method for command printechs_wms.api.wms_sync.update_transfer_order_wms_status with module 'printechs_wms.api.wms_sync' has no attribute 'update_transfer_order_wms_status'","exc_type":"ValidationError","exc":"[\"Traceback (most recent call last):\\n  File \\\"apps/frappe/frappe/handler.py\\\", line 74, in execute_cmd\\n    method = get_attr(cmd)\\n             ^^^^^^^^^^^^^\\n  File \\\"apps/frappe/frappe/handler.py\\\", line 292, in get_attr\\n    method = frappe.get_attr(cmd)\\n             ^^^^^^^^^^^^^^^^^^^^\\n  File \\\"apps/frappe/frappe/__init__.py\\\", line 1744, in get_attr\\n    return getattr(get_module(modulename), methodname)\\n           ^^^^^^^^^^^^^^^^^^^^^^^^^^^^^^^^^^^^^^^^^^^\\nAttributeError: module 'printechs_wms.api.wms_sync' has no attribute 'update_transfer_order_wms_status'\\n\\nDuring handling of the above exception, another exception occurred:\\n\\nTraceback (most recent call last):\\n  File \\\"apps/frappe/frappe/app.py\\\", line 120, in application\\n    response = frappe.api.handle(request)\\n               ^^^^^^^^^^^^^^^^^^^^^^^^^^\\n  File \\\"apps/frappe/frappe/api/__init__.py\\\", line 52, in handle\\n    data = endpoint(**arguments)\\n           ^^^^^^^^^^^^^^^^^^^^^\\n  File \\\"apps/frappe/frappe/api/v1.py\\\", line 40, in handle_rpc_call\\n    return frappe.handler.handle()\\n           ^^^^^^^^^^^^^^^^^^^^^^^\\n  File \\\"apps/frappe/frappe/handler.py\\\", line 52, in handle\\n    data = execute_cmd(cmd)\\n           ^^^^^^^^^^^^^^^^\\n  File \\\"apps/frappe/frappe/handler.py\\\", line 76, in execute_cmd\\n    frappe.throw(_(\\\"Failed to get method for command {0} with {1}\\\").format(cmd, e))\\n  File \\\"apps/frappe/frappe/__init__.py\\\", line 609, in throw\\n    msgprint(\\n  File \\\"apps/frappe/frappe/__init__.py\\\", line 574, in msgprint\\n    _raise_exception()\\n  File \\\"apps/frappe/frappe/__init__.py\\\", line 525, in _raise_exception\\n    raise exc\\nfrappe.exceptions.ValidationError: Failed to get method for command printechs_wms.api.wms_sync.update_transfer_order_wms_status with module 'printechs_wms.api.wms_sync' has no attribute 'update_transfer_order_wms_status'\\n\"]","_server_messages":"[\"{\\\"message\\\": \\\"Failed to get method for command printechs_wms.api.wms_sync.update_transfer_order_wms_status with module 'printechs_wms.api.wms_sync' has no attribute 'update_transfer_order_wms_status'\\\", \\\"title\\\": \\\"Message\\\", \\\"indicator\\\": \\\"red\\\", \\\"raise_exception\\\": 1, \\\"__frappe_exc_id\\\": \\\"38396aacea3cbfbae5a40b06a47080906f3dd306c00533b8d63adaf9\\\"}\"]"}
--------------------------------------------------------------------------------
[2026-04-21 14:40:46] INFO: TransferOrderSyncFromErpNextService: TO status posted to ERPNext: 0/1 updated (update_transfer_order_wms_status per TO)
[2026-04-21 14:40:46] INFO: Material Request sync from ERPNext started.
[2026-04-21 14:40:46] INFO: ErpNextWmsSyncApiService: [Item Group] Fetching Material Requests from http://printechsdammam.dyndns.org:88/api/method/printechs_wms.api.material_request.get_material_transfer_requests?from_warehouse=Main%20Warehouse%20-%20MAATC&state=Pending&docstatus=1&include_items=1&limit=200
[2026-04-21 14:40:46] INFO: ErpNextWmsSyncApiService: [Item Group] Fetched 1 Material Requests
[2026-04-21 14:40:46] INFO: ErpNextWmsSyncApiService: [MR] Fetching Material Requests from http://printechsdammam.dyndns.org:88/api/method/printechs_wms.api.material_request.get_material_transfer_requests?from_warehouse=Main%20Warehouse%20-%20MAATC&state=Pending&docstatus=1&include_items=1&limit=200
[2026-04-21 14:40:46] INFO: ErpNextWmsSyncApiService: [MR] Fetched 1 Material Requests
[2026-04-21 14:40:46] INFO: ErpNextWmsSyncApiService: [ERPNext 9] Fetching Material Requests from http://printechsdammam.dyndns.org:88/api/method/printechs_wms.api.material_request.get_material_transfer_requests?from_warehouse=Main%20Warehouse%20-%20MAATC&state=Pending&docstatus=1&include_items=1&limit=200
[2026-04-21 14:40:47] INFO: ErpNextWmsSyncApiService: [ERPNext 9] Fetched 1 Material Requests
[2026-04-21 14:40:47] INFO: ErpNextWmsSyncApiService: [Stock Entry] Fetching Material Requests from http://printechsdammam.dyndns.org:88/api/method/printechs_wms.api.material_request.get_material_transfer_requests?from_warehouse=Main%20Warehouse%20-%20MAATC&state=Pending&docstatus=1&include_items=1&limit=200
[2026-04-21 14:40:47] INFO: ErpNextWmsSyncApiService: [Stock Entry] Fetched 1 Material Requests
[2026-04-21 14:40:47] INFO: ErpNextWmsSyncApiService: [ERPNext 11] Fetching Material Requests from http://printechsdammam.dyndns.org:88/api/method/printechs_wms.api.material_request.get_material_transfer_requests?from_warehouse=Main%20Warehouse%20-%20MAATC&state=Pending&docstatus=1&include_items=1&limit=200
[2026-04-21 14:40:47] INFO: ErpNextWmsSyncApiService: [ERPNext 11] Fetched 1 Material Requests
[2026-04-21 14:40:47] INFO: ErpNextWmsSyncApiService: [ERPNext 13] Fetching Material Requests from /api/method/printechs_wms.api.asn_to_purchase_receipt.get_pr_status_for_asn?asn_no=<linked ASN>/api/method/printechs_wms.api.material_request.get_material_transfer_requests?from_warehouse=Main%20Warehouse%20-%20MAATC&state=Pending&docstatus=1&include_items=1&limit=200
[2026-04-21 14:40:47] ERROR: ErpNextWmsSyncApiService: [ERPNext 13] Error fetching Material Requests: An invalid request URI was provided. Either the request URI must be an absolute URI or BaseAddress must be set.
Exception Type: InvalidOperationException
Exception Message: An invalid request URI was provided. Either the request URI must be an absolute URI or BaseAddress must be set.
Stack Trace:    at System.Net.Http.HttpClient.PrepareRequestMessage(HttpRequestMessage request)
   at System.Net.Http.HttpClient.GetAsync(String requestUri)
   at Wms.Desktop.Services.ErpNextWmsSyncApiService.FetchMessageListAsync[T](String apiUrl, String apiKey, String label, String entityName) in D:\Development Project\Printechs WMS\Wms.Desktop\Services\ErpNextWmsSyncApiService.cs:line 523
--------------------------------------------------------------------------------
[2026-04-21 14:40:47] INFO: MaterialRequestSyncFromErpNextService: Syncing 1 Material Request(s) with items.
[2026-04-21 14:40:47] INFO: MaterialRequestSyncFromErpNextService: MR MAT-MR-2026-00001: inserting 2 item(s) (preserving local picked qty where higher).
[2026-04-21 14:40:47] INFO: Material Request sync from ERPNext completed. Fetched: 1, MRs inserted: 1, updated: 0, items: 2, errors: 0
[2026-04-21 14:40:47] INFO: Transfer In sync from ERPNext started (tabTransferIn / tabTransferInItem).
[2026-04-21 14:40:47] INFO: TransferInSyncFromErpNextService: Step 1 - Dropping legacy tabTransferInStockEntry tables if they exist.
[2026-04-21 14:40:47] INFO: DatabaseService: Dropped tabTransferInStockEntry and tabTransferInStockEntryItem if they existed.
[2026-04-21 14:40:47] INFO: TransferInSyncFromErpNextService: Step 2 - Connecting to database: wms_desktop, host: localhost
[2026-04-21 14:40:47] INFO: TransferInSyncFromErpNextService: Step 3 - Connection opened. Database: wms_desktop
[2026-04-21 14:40:47] INFO: TransferInSyncFromErpNextService: Step 4 - Using 6 endpoint(s) for Transfer In.
[2026-04-21 14:40:47] INFO: ErpNextWmsSyncApiService: [Item Group] Fetching Transfer In Stock Entries from http://printechsdammam.dyndns.org:88/api/method/printechs_wms.api.transfer_in_sync.get_material_transfer_stock_entries?add_to_transit=1&custom_receiving_warehouse=Main%20Warehouse%20-%20MAATC&docstatus=1
[2026-04-21 14:40:47] INFO: ErpNextWmsSyncApiService: [Item Group] Fetched 1 Transfer In Stock Entries
[2026-04-21 14:40:47] INFO: TransferInSyncFromErpNextService: Endpoint [Item Group] returned 1 raw entry(ies).
[2026-04-21 14:40:47] INFO: ErpNextWmsSyncApiService: [MR] Fetching Transfer In Stock Entries from http://printechsdammam.dyndns.org:88/api/method/printechs_wms.api.transfer_in_sync.get_material_transfer_stock_entries?add_to_transit=1&custom_receiving_warehouse=Main%20Warehouse%20-%20MAATC&docstatus=1
[2026-04-21 14:40:47] INFO: ErpNextWmsSyncApiService: [MR] Fetched 1 Transfer In Stock Entries
[2026-04-21 14:40:47] INFO: TransferInSyncFromErpNextService: Endpoint [MR] returned 1 raw entry(ies).
[2026-04-21 14:40:47] INFO: ErpNextWmsSyncApiService: [ERPNext 9] Fetching Transfer In Stock Entries from http://printechsdammam.dyndns.org:88/api/method/printechs_wms.api.transfer_in_sync.get_material_transfer_stock_entries?to_warehouse=Main%20Warehouse%20-%20MAATC&docstatus=1
[2026-04-21 14:40:47] INFO: ErpNextWmsSyncApiService: [ERPNext 9] Fetched 1 Transfer In Stock Entries
[2026-04-21 14:40:47] INFO: TransferInSyncFromErpNextService: Endpoint [ERPNext 9] returned 1 raw entry(ies).
[2026-04-21 14:40:47] INFO: ErpNextWmsSyncApiService: [Stock Entry] Fetching Transfer In Stock Entries from http://printechsdammam.dyndns.org:88/api/method/printechs_wms.api.transfer_in_sync.get_material_transfer_stock_entries?add_to_transit=1&custom_receiving_warehouse=Main%20Warehouse%20-%20MAATC&docstatus=1
[2026-04-21 14:40:47] INFO: ErpNextWmsSyncApiService: [Stock Entry] Fetched 1 Transfer In Stock Entries
[2026-04-21 14:40:47] INFO: TransferInSyncFromErpNextService: Endpoint [Stock Entry] returned 1 raw entry(ies).
[2026-04-21 14:40:47] INFO: ErpNextWmsSyncApiService: [ERPNext 11] Fetching Transfer In Stock Entries from http://printechsdammam.dyndns.org:88/api/method/printechs_wms.api.transfer_in_sync.get_material_transfer_stock_entries?add_to_transit=1&custom_receiving_warehouse=Main%20Warehouse%20-%20MAATC&docstatus=1
[2026-04-21 14:40:47] INFO: ErpNextWmsSyncApiService: [ERPNext 11] Fetched 1 Transfer In Stock Entries
[2026-04-21 14:40:47] INFO: TransferInSyncFromErpNextService: Endpoint [ERPNext 11] returned 1 raw entry(ies).
[2026-04-21 14:40:47] INFO: ErpNextWmsSyncApiService: [ERPNext 13] Fetching Transfer In Stock Entries from /api/method/printechs_wms.api.asn_to_purchase_receipt.get_pr_status_for_asn?asn_no=<linked ASN>/api/method/printechs_wms.api.transfer_in_sync.get_material_transfer_stock_entries?add_to_transit=1&custom_receiving_warehouse=Main%20Warehouse%20-%20MAATC&docstatus=1
[2026-04-21 14:40:47] ERROR: ErpNextWmsSyncApiService: [ERPNext 13] Error fetching Transfer In Stock Entries: An invalid request URI was provided. Either the request URI must be an absolute URI or BaseAddress must be set.
Exception Type: InvalidOperationException
Exception Message: An invalid request URI was provided. Either the request URI must be an absolute URI or BaseAddress must be set.
Stack Trace:    at System.Net.Http.HttpClient.PrepareRequestMessage(HttpRequestMessage request)
   at System.Net.Http.HttpClient.GetAsync(String requestUri)
   at Wms.Desktop.Services.ErpNextWmsSyncApiService.FetchMessageListAsync[T](String apiUrl, String apiKey, String label, String entityName) in D:\Development Project\Printechs WMS\Wms.Desktop\Services\ErpNextWmsSyncApiService.cs:line 523
--------------------------------------------------------------------------------
[2026-04-21 14:40:47] INFO: TransferInSyncFromErpNextService: Step 5 - Total raw entries from API: 5
[2026-04-21 14:40:47] INFO: TransferInSyncFromErpNextService: Step 6 - After dedupe: 2 unique Transfer In(s) to sync. Keys: [MAT-STE-2026-00002, MAT-STE-2026-00003]
[2026-04-21 14:40:47] INFO: TransferInSyncFromErpNextService: --- Processing entry: MAT-STE-2026-00002 ---
[2026-04-21 14:40:47] INFO: TransferInSyncFromErpNextService: tabTransferIn INSERT/UPDATE for MAT-STE-2026-00002 affected rows: 1 (1=inserted, 2=updated).
[2026-04-21 14:40:47] INFO: TransferInSyncFromErpNextService: DELETE old tabTransferInItem for MAT-STE-2026-00002 deleted rows: 0.
[2026-04-21 14:40:47] INFO: TransferInSyncFromErpNextService: Entry MAT-STE-2026-00002: inserting 2 item(s) into tabTransferInItem.
[2026-04-21 14:40:47] INFO: TransferInSyncFromErpNextService: Inserting tabTransferInItem: parent=MAT-STE-2026-00002, item_code=108231, qty=5.
[2026-04-21 14:40:47] INFO: TransferInSyncFromErpNextService: Item INSERT for 108231 affected rows: 1.
[2026-04-21 14:40:47] INFO: TransferInSyncFromErpNextService: Inserting tabTransferInItem: parent=MAT-STE-2026-00002, item_code=108229, qty=5.
[2026-04-21 14:40:47] INFO: TransferInSyncFromErpNextService: Item INSERT for 108229 affected rows: 1.
[2026-04-21 14:40:47] INFO: TransferInSyncFromErpNextService: Committing transaction for MAT-STE-2026-00002.
[2026-04-21 14:40:47] INFO: TransferInSyncFromErpNextService: Transaction committed for MAT-STE-2026-00002.
[2026-04-21 14:40:47] INFO: TransferInSyncFromErpNextService: Verification tabTransferInItem count for MAT-STE-2026-00002 => 2 row(s).
[2026-04-21 14:40:47] INFO: TransferInSyncFromErpNextService: --- Processing entry: MAT-STE-2026-00003 ---
[2026-04-21 14:40:47] INFO: TransferInSyncFromErpNextService: tabTransferIn INSERT/UPDATE for MAT-STE-2026-00003 affected rows: 1 (1=inserted, 2=updated).
[2026-04-21 14:40:47] INFO: TransferInSyncFromErpNextService: DELETE old tabTransferInItem for MAT-STE-2026-00003 deleted rows: 0.
[2026-04-21 14:40:47] INFO: TransferInSyncFromErpNextService: Entry MAT-STE-2026-00003: inserting 2 item(s) into tabTransferInItem.
[2026-04-21 14:40:47] INFO: TransferInSyncFromErpNextService: Inserting tabTransferInItem: parent=MAT-STE-2026-00003, item_code=108231, qty=5.
[2026-04-21 14:40:47] INFO: TransferInSyncFromErpNextService: Item INSERT for 108231 affected rows: 1.
[2026-04-21 14:40:47] INFO: TransferInSyncFromErpNextService: Inserting tabTransferInItem: parent=MAT-STE-2026-00003, item_code=108229, qty=5.
[2026-04-21 14:40:47] INFO: TransferInSyncFromErpNextService: Item INSERT for 108229 affected rows: 1.
[2026-04-21 14:40:47] INFO: TransferInSyncFromErpNextService: Committing transaction for MAT-STE-2026-00003.
[2026-04-21 14:40:47] INFO: TransferInSyncFromErpNextService: Transaction committed for MAT-STE-2026-00003.
[2026-04-21 14:40:47] INFO: TransferInSyncFromErpNextService: Verification tabTransferInItem count for MAT-STE-2026-00003 => 2 row(s).
[2026-04-21 14:40:47] INFO: Transfer In sync from ERPNext completed. Fetched: 2, entries inserted: 2, updated: 0, items: 4, errors: 0
[2026-04-21 14:40:47] INFO: ErpNextWmsSyncApiService: WMS snapshot updated successfully.
[2026-04-21 14:40:47] INFO: ErpNextWmsSyncApiService: Calling rebuild_wms_stock_balance for company=Mohammed Abdullah Almousa Trading Company, warehouse=Main Warehouse - MAATC
[2026-04-21 14:40:47] INFO: ErpNextWmsSyncApiService: rebuild_wms_stock_balance updated successfully.
[2026-04-21 14:40:47] INFO: ErpNextWmsSyncApiService: rebuild_wms_stock_balance completed successfully.
[2026-04-21 14:40:52] INFO: ASN ASN-0001 Carton CNWH12858: Assigned=Assigned, Actual=Assigned, ReceivedQty=0
[2026-04-21 14:40:52] INFO: ASN ASN-0001 Carton CNWH12854: Assigned=Assigned, Actual=Assigned, ReceivedQty=0
[2026-04-21 14:40:52] INFO: ASN ASN-0001 Carton CNWH15390: Assigned=Assigned, Actual=Assigned, ReceivedQty=0
[2026-04-21 14:40:52] INFO: ASN ASN-0001 Carton CNWH42441: Assigned=Assigned, Actual=Assigned, ReceivedQty=0
[2026-04-21 14:40:52] INFO: ASN ASN-0001 Carton CNWH64571: Assigned=Assigned, Actual=Assigned, ReceivedQty=0
[2026-04-21 14:40:52] INFO: ASN ASN-0001 Carton CNWH64521: Assigned=Assigned, Actual=Assigned, ReceivedQty=0
[2026-04-21 14:40:52] INFO: ASN ASN-0001 Carton CNWH63561: Assigned=Assigned, Actual=Assigned, ReceivedQty=0
[2026-04-21 14:40:52] INFO: ASN ASN-0001 Carton CNWH63609: Assigned=Assigned, Actual=Assigned, ReceivedQty=0
[2026-04-21 14:40:52] INFO: ASN ASN-0002 Carton CNWH12858: Assigned=Assigned, Actual=Assigned, ReceivedQty=0
[2026-04-21 14:40:52] INFO: ASN ASN-0002 Carton CNWH12854: Assigned=Assigned, Actual=Assigned, ReceivedQty=0
[2026-04-21 14:40:52] INFO: ASN WMS-ASN-EXT-127211 Carton CNWH12858: Assigned=Assigned, Actual=Assigned, ReceivedQty=0
[2026-04-21 14:40:52] INFO: ASN WMS-ASN-EXT-127211 Carton CNWH12854: Assigned=Assigned, Actual=Assigned, ReceivedQty=0
[2026-04-21 14:43:39] INFO: PutawayTaskDataService: Total tasks loaded: 0
[2026-04-21 14:43:39] INFO: PutawayTaskListViewModel: Loaded 0 putaway tasks from database, 0 unique tasks displayed
[2026-04-21 14:43:41] INFO: TransferCartonListView: Loaded event fired
[2026-04-21 14:43:41] INFO: TransferCartonListView: Calling RefreshAsync on ViewModel
[2026-04-21 14:43:41] INFO: TransferCartonListViewModel: Starting to load transfer cartons
[2026-04-21 14:43:41] INFO: Loading Transfer Cartons from database...
[2026-04-21 14:43:41] INFO: TransferCartonDataService: Starting schema detection
[2026-04-21 14:43:41] INFO: TransferCartonDataService: Found column 'asn_no'
[2026-04-21 14:43:41] INFO: TransferCartonDataService: Found column 'to_no'
[2026-04-21 14:43:41] INFO: TransferCartonDataService: Returning - AsnColumn=asn_no, ToColumn=to_no
[2026-04-21 14:43:41] INFO: Detected schema: AsnColumn=asn_no, ToColumn=to_no
[2026-04-21 14:43:41] INFO: Executing query: SELECT tc_id, status, asn_no, to_no, store, 
                               created_by, created_on, sealed_by, sealed_on, dispatched_on, remarks,
                               purchase_receipt_no, purchase_receipt_docstatus, purchase_receipt_created, purchase_receipt_submitted,
                               warehouse_transfer_no, warehouse_transfer_created
                        FROM tabTransferCarton
                        ORDER BY created_on DESC, tc_id
[2026-04-21 14:43:41] INFO: Loaded 0 transfer cartons from database
[2026-04-21 14:43:41] INFO: TransferCartonListViewModel: Received 0 transfer cartons from service
[2026-04-21 14:43:41] INFO: TransferCartonListViewModel: Added 0 transfer cartons to collection
[2026-04-21 14:43:41] INFO: TransferCartonListView: RefreshAsync completed
[2026-04-21 14:43:42] INFO: PutawayTaskDataService: Total tasks loaded: 0
[2026-04-21 14:43:42] INFO: PutawayTaskListViewModel: Loaded 0 putaway tasks from database, 0 unique tasks displayed
[2026-04-21 14:43:44] INFO: ASN ASN-0001 Carton CNWH12858: Assigned=Assigned, Actual=Assigned, ReceivedQty=0
[2026-04-21 14:43:44] INFO: ASN ASN-0001 Carton CNWH12854: Assigned=Assigned, Actual=Assigned, ReceivedQty=0
[2026-04-21 14:43:44] INFO: ASN ASN-0001 Carton CNWH15390: Assigned=Assigned, Actual=Assigned, ReceivedQty=0
[2026-04-21 14:43:44] INFO: ASN ASN-0001 Carton CNWH42441: Assigned=Assigned, Actual=Assigned, ReceivedQty=0
[2026-04-21 14:43:44] INFO: ASN ASN-0001 Carton CNWH64571: Assigned=Assigned, Actual=Assigned, ReceivedQty=0
[2026-04-21 14:43:44] INFO: ASN ASN-0001 Carton CNWH64521: Assigned=Assigned, Actual=Assigned, ReceivedQty=0
[2026-04-21 14:43:44] INFO: ASN ASN-0001 Carton CNWH63561: Assigned=Assigned, Actual=Assigned, ReceivedQty=0
[2026-04-21 14:43:44] INFO: ASN ASN-0001 Carton CNWH63609: Assigned=Assigned, Actual=Assigned, ReceivedQty=0
[2026-04-21 14:43:44] INFO: ASN ASN-0002 Carton CNWH12858: Assigned=Assigned, Actual=Assigned, ReceivedQty=0
[2026-04-21 14:43:44] INFO: ASN ASN-0002 Carton CNWH12854: Assigned=Assigned, Actual=Assigned, ReceivedQty=0
[2026-04-21 14:43:44] INFO: ASN WMS-ASN-EXT-127211 Carton CNWH12858: Assigned=Unloaded, Actual=Unloaded, ReceivedQty=0
[2026-04-21 14:43:44] INFO: ASN WMS-ASN-EXT-127211 Carton CNWH12854: Assigned=Receiving, Actual=Receiving, ReceivedQty=0
[2026-04-21 14:43:49] INFO: PutawayTaskDataService: Total tasks loaded: 0
[2026-04-21 14:43:49] INFO: PutawayTaskListViewModel: Loaded 0 putaway tasks from database, 0 unique tasks displayed
[2026-04-21 14:43:51] INFO: PutawayTaskDataService: Total tasks loaded: 0
[2026-04-21 14:43:51] INFO: PutawayTaskListViewModel: Loaded 0 putaway tasks from database, 0 unique tasks displayed
[2026-04-21 14:43:52] INFO: TransferCartonListView: Loaded event fired
[2026-04-21 14:43:52] INFO: TransferCartonListView: Calling RefreshAsync on ViewModel
[2026-04-21 14:43:52] INFO: TransferCartonListViewModel: Starting to load transfer cartons
[2026-04-21 14:43:52] INFO: Loading Transfer Cartons from database...
[2026-04-21 14:43:52] INFO: TransferCartonDataService: Starting schema detection
[2026-04-21 14:43:52] INFO: TransferCartonDataService: Found column 'asn_no'
[2026-04-21 14:43:52] INFO: TransferCartonDataService: Found column 'to_no'
[2026-04-21 14:43:52] INFO: TransferCartonDataService: Returning - AsnColumn=asn_no, ToColumn=to_no
[2026-04-21 14:43:52] INFO: Detected schema: AsnColumn=asn_no, ToColumn=to_no
[2026-04-21 14:43:52] INFO: Executing query: SELECT tc_id, status, asn_no, to_no, store, 
                               created_by, created_on, sealed_by, sealed_on, dispatched_on, remarks,
                               purchase_receipt_no, purchase_receipt_docstatus, purchase_receipt_created, purchase_receipt_submitted,
                               warehouse_transfer_no, warehouse_transfer_created
                        FROM tabTransferCarton
                        ORDER BY created_on DESC, tc_id
[2026-04-21 14:43:52] INFO: Loaded 0 transfer cartons from database
[2026-04-21 14:43:52] INFO: TransferCartonListViewModel: Received 0 transfer cartons from service
[2026-04-21 14:43:52] INFO: TransferCartonListViewModel: Added 0 transfer cartons to collection
[2026-04-21 14:43:52] INFO: TransferCartonListView: RefreshAsync completed
[2026-04-21 14:43:53] INFO: PutawayTaskDataService: Total tasks loaded: 0
[2026-04-21 14:43:53] INFO: PutawayTaskListViewModel: Loaded 0 putaway tasks from database, 0 unique tasks displayed
[2026-04-21 14:43:54] INFO: SortBoxListView: Loaded event fired
[2026-04-21 14:43:54] INFO: SortBoxListView: Calling RefreshAsync on ViewModel
[2026-04-21 14:43:54] INFO: SortBoxListViewModel: Starting to load sort boxes
[2026-04-21 14:43:54] INFO: Loading Sort Boxes from database...
[2026-04-21 14:43:54] INFO: Executing query: SELECT box_id, status, advance_shipping_notice, transfer_order, store, 
                               purpose, created_by, created_on, closed_by, closed_on, 
                               dispatched_on, received_at_store_on, remarks
                        FROM tabSortBox
                        ORDER BY created_on DESC, box_id
[2026-04-21 14:43:54] INFO: Loaded 2 sort boxes from database
[2026-04-21 14:43:54] INFO: SortBoxListViewModel: Received 2 sort boxes from service
[2026-04-21 14:43:54] INFO: SortBoxListViewModel: Added 2 sort boxes to collection
[2026-04-21 14:43:54] INFO: SortBoxListView: RefreshAsync completed
[2026-04-21 14:44:40] INFO: PutawayTaskDataService: Loaded task PUT-20260421-0001 with status Open
[2026-04-21 14:44:40] INFO: PutawayTaskDataService: Loaded task PUT-20260421-0002 with status Open
[2026-04-21 14:44:40] INFO: PutawayTaskDataService: SQL Query: SELECT pl.parent_title, pl.carton_id, pl.item_code, SUM(pl.qty) as qty, pl.rack, pl.bin, pl.location_id
                         FROM tabPutawayLine pl
                         WHERE pl.parent_title IN (@title0,@title1)
                         GROUP BY pl.parent_title, pl.carton_id, pl.item_code, pl.rack, pl.bin, pl.location_id
                         ORDER BY pl.parent_title, pl.item_code
[2026-04-21 14:44:40] INFO: PutawayTaskDataService: Querying lines for 2 tasks: PUT-20260421-0001, PUT-20260421-0002
[2026-04-21 14:44:40] INFO: PutawayTaskDataService: Read 2 lines, now looking up location_ids from tabLocation
[2026-04-21 14:44:40] INFO: PutawayTaskDataService: Added line for PUT-20260421-0001: 247775 (Qty: 100, Carton: MOOSA-1258EXTBAG-002)
[2026-04-21 14:44:40] INFO: PutawayTaskDataService: Added line for PUT-20260421-0002: 247787 (Qty: 100, Carton: MOOSA-1258EXTBAG-001)
[2026-04-21 14:44:40] INFO: PutawayTaskDataService: Total lines read from database: 4, Unique parent titles with lines: 2
[2026-04-21 14:44:40] INFO: PutawayTaskDataService: Task PUT-20260421-0001 has 1 line(s)
[2026-04-21 14:44:40] INFO: PutawayTaskDataService: Task PUT-20260421-0002 has 1 line(s)
[2026-04-21 14:44:40] INFO: PutawayTaskDataService: Total tasks loaded: 2
[2026-04-21 14:44:40] INFO: PutawayTaskListViewModel: Loaded 2 putaway tasks from database, 2 unique tasks displayed
[2026-04-21 14:46:39] INFO: TransferCartonListView: Loaded event fired
[2026-04-21 14:46:39] INFO: TransferCartonListView: Calling RefreshAsync on ViewModel
[2026-04-21 14:46:39] INFO: TransferCartonListViewModel: Starting to load transfer cartons
[2026-04-21 14:46:39] INFO: Loading Transfer Cartons from database...
[2026-04-21 14:46:39] INFO: TransferCartonDataService: Starting schema detection
[2026-04-21 14:46:39] INFO: TransferCartonDataService: Found column 'asn_no'
[2026-04-21 14:46:39] INFO: TransferCartonDataService: Found column 'to_no'
[2026-04-21 14:46:39] INFO: TransferCartonDataService: Returning - AsnColumn=asn_no, ToColumn=to_no
[2026-04-21 14:46:39] INFO: Detected schema: AsnColumn=asn_no, ToColumn=to_no
[2026-04-21 14:46:39] INFO: Executing query: SELECT tc_id, status, asn_no, to_no, store, 
                               created_by, created_on, sealed_by, sealed_on, dispatched_on, remarks,
                               purchase_receipt_no, purchase_receipt_docstatus, purchase_receipt_created, purchase_receipt_submitted,
                               warehouse_transfer_no, warehouse_transfer_created
                        FROM tabTransferCarton
                        ORDER BY created_on DESC, tc_id
[2026-04-21 14:46:39] INFO: Loaded 0 transfer cartons from database
[2026-04-21 14:46:39] INFO: TransferCartonListViewModel: Received 0 transfer cartons from service
[2026-04-21 14:46:39] INFO: TransferCartonListViewModel: Added 0 transfer cartons to collection
[2026-04-21 14:46:39] INFO: TransferCartonListView: RefreshAsync completed
[2026-04-21 14:46:40] INFO: PutawayTaskDataService: Loaded task PUT-20260421-0001 with status Open
[2026-04-21 14:46:40] INFO: PutawayTaskDataService: Loaded task PUT-20260421-0002 with status Completed
[2026-04-21 14:46:40] INFO: PutawayTaskDataService: SQL Query: SELECT pl.parent_title, pl.carton_id, pl.item_code, SUM(pl.qty) as qty, pl.rack, pl.bin, pl.location_id
                         FROM tabPutawayLine pl
                         WHERE pl.parent_title IN (@title0,@title1)
                         GROUP BY pl.parent_title, pl.carton_id, pl.item_code, pl.rack, pl.bin, pl.location_id
                         ORDER BY pl.parent_title, pl.item_code
[2026-04-21 14:46:40] INFO: PutawayTaskDataService: Querying lines for 2 tasks: PUT-20260421-0001, PUT-20260421-0002
[2026-04-21 14:46:40] INFO: PutawayTaskDataService: Read 2 lines, now looking up location_ids from tabLocation
[2026-04-21 14:46:40] INFO: PutawayTaskDataService: Added line for PUT-20260421-0001: 247775 (Qty: 100, Carton: MOOSA-1258EXTBAG-002)
[2026-04-21 14:46:40] INFO: PutawayTaskDataService: Added line for PUT-20260421-0002: 247787 (Qty: 100, Carton: MOOSA-1258EXTBAG-001)
[2026-04-21 14:46:40] INFO: PutawayTaskDataService: Total lines read from database: 4, Unique parent titles with lines: 2
[2026-04-21 14:46:40] INFO: PutawayTaskDataService: Task PUT-20260421-0001 has 1 line(s)
[2026-04-21 14:46:40] INFO: PutawayTaskDataService: Task PUT-20260421-0002 has 1 line(s)
[2026-04-21 14:46:40] INFO: PutawayTaskDataService: Total tasks loaded: 2
[2026-04-21 14:46:40] INFO: PutawayTaskListViewModel: Loaded 2 putaway tasks from database, 2 unique tasks displayed
[2026-04-21 15:06:08] INFO: TransferCartonListView: Loaded event fired
[2026-04-21 15:06:08] INFO: TransferCartonListView: Calling RefreshAsync on ViewModel
[2026-04-21 15:06:08] INFO: TransferCartonListViewModel: Starting to load transfer cartons
[2026-04-21 15:06:08] INFO: Loading Transfer Cartons from database...
[2026-04-21 15:06:08] INFO: TransferCartonDataService: Starting schema detection
[2026-04-21 15:06:08] INFO: TransferCartonDataService: Found column 'asn_no'
[2026-04-21 15:06:08] INFO: TransferCartonDataService: Found column 'to_no'
[2026-04-21 15:06:08] INFO: TransferCartonDataService: Returning - AsnColumn=asn_no, ToColumn=to_no
[2026-04-21 15:06:08] INFO: Detected schema: AsnColumn=asn_no, ToColumn=to_no
[2026-04-21 15:06:08] INFO: Executing query: SELECT tc_id, status, asn_no, to_no, store, 
                               created_by, created_on, sealed_by, sealed_on, dispatched_on, remarks,
                               purchase_receipt_no, purchase_receipt_docstatus, purchase_receipt_created, purchase_receipt_submitted,
                               warehouse_transfer_no, warehouse_transfer_created
                        FROM tabTransferCarton
                        ORDER BY created_on DESC, tc_id
[2026-04-21 15:06:08] INFO: Loaded 0 transfer cartons from database
[2026-04-21 15:06:08] INFO: TransferCartonListViewModel: Received 0 transfer cartons from service
[2026-04-21 15:06:08] INFO: TransferCartonListViewModel: Added 0 transfer cartons to collection
[2026-04-21 15:06:08] INFO: TransferCartonListView: RefreshAsync completed
[2026-04-21 15:06:08] INFO: PutawayTaskDataService: Loaded task PUT-20260421-0001 with status Open
[2026-04-21 15:06:08] INFO: PutawayTaskDataService: Loaded task PUT-20260421-0002 with status Completed
[2026-04-21 15:06:08] INFO: PutawayTaskDataService: SQL Query: SELECT pl.parent_title, pl.carton_id, pl.item_code, SUM(pl.qty) as qty, pl.rack, pl.bin, pl.location_id
                         FROM tabPutawayLine pl
                         WHERE pl.parent_title IN (@title0,@title1)
                         GROUP BY pl.parent_title, pl.carton_id, pl.item_code, pl.rack, pl.bin, pl.location_id
                         ORDER BY pl.parent_title, pl.item_code
[2026-04-21 15:06:08] INFO: PutawayTaskDataService: Querying lines for 2 tasks: PUT-20260421-0001, PUT-20260421-0002
[2026-04-21 15:06:08] INFO: PutawayTaskDataService: Read 2 lines, now looking up location_ids from tabLocation
[2026-04-21 15:06:08] INFO: PutawayTaskDataService: Added line for PUT-20260421-0001: 247775 (Qty: 100, Carton: MOOSA-1258EXTBAG-002)
[2026-04-21 15:06:08] INFO: PutawayTaskDataService: Added line for PUT-20260421-0002: 247787 (Qty: 100, Carton: MOOSA-1258EXTBAG-001)
[2026-04-21 15:06:08] INFO: PutawayTaskDataService: Total lines read from database: 4, Unique parent titles with lines: 2
[2026-04-21 15:06:08] INFO: PutawayTaskDataService: Task PUT-20260421-0001 has 1 line(s)
[2026-04-21 15:06:08] INFO: PutawayTaskDataService: Task PUT-20260421-0002 has 1 line(s)
[2026-04-21 15:06:08] INFO: PutawayTaskDataService: Total tasks loaded: 2
[2026-04-21 15:06:08] INFO: PutawayTaskListViewModel: Loaded 2 putaway tasks from database, 2 unique tasks displayed
[2026-04-21 15:46:39] INFO: TransferCartonListView: Loaded event fired
[2026-04-21 15:46:39] INFO: TransferCartonListView: Calling RefreshAsync on ViewModel
[2026-04-21 15:46:39] INFO: TransferCartonListViewModel: Starting to load transfer cartons
[2026-04-21 15:46:39] INFO: Loading Transfer Cartons from database...
[2026-04-21 15:46:39] INFO: TransferCartonDataService: Starting schema detection
[2026-04-21 15:46:39] INFO: TransferCartonDataService: Found column 'asn_no'
[2026-04-21 15:46:39] INFO: TransferCartonDataService: Found column 'to_no'
[2026-04-21 15:46:39] INFO: TransferCartonDataService: Returning - AsnColumn=asn_no, ToColumn=to_no
[2026-04-21 15:46:39] INFO: Detected schema: AsnColumn=asn_no, ToColumn=to_no
[2026-04-21 15:46:39] INFO: Executing query: SELECT tc_id, status, asn_no, to_no, store, 
                               created_by, created_on, sealed_by, sealed_on, dispatched_on, remarks,
                               purchase_receipt_no, purchase_receipt_docstatus, purchase_receipt_created, purchase_receipt_submitted,
                               warehouse_transfer_no, warehouse_transfer_created
                        FROM tabTransferCarton
                        ORDER BY created_on DESC, tc_id
[2026-04-21 15:46:39] INFO: Loaded 0 transfer cartons from database
[2026-04-21 15:46:39] INFO: TransferCartonListViewModel: Received 0 transfer cartons from service
[2026-04-21 15:46:39] INFO: TransferCartonListViewModel: Added 0 transfer cartons to collection
[2026-04-21 15:46:39] INFO: TransferCartonListView: RefreshAsync completed
[2026-04-21 15:46:39] INFO: PutawayTaskDataService: Loaded task PUT-20260421-0001 with status Completed
[2026-04-21 15:46:39] INFO: PutawayTaskDataService: Loaded task PUT-20260421-0002 with status Completed
[2026-04-21 15:46:39] INFO: PutawayTaskDataService: SQL Query: SELECT pl.parent_title, pl.carton_id, pl.item_code, SUM(pl.qty) as qty, pl.rack, pl.bin, pl.location_id
                         FROM tabPutawayLine pl
                         WHERE pl.parent_title IN (@title0,@title1)
                         GROUP BY pl.parent_title, pl.carton_id, pl.item_code, pl.rack, pl.bin, pl.location_id
                         ORDER BY pl.parent_title, pl.item_code
[2026-04-21 15:46:39] INFO: PutawayTaskDataService: Querying lines for 2 tasks: PUT-20260421-0001, PUT-20260421-0002
[2026-04-21 15:46:39] INFO: PutawayTaskDataService: Read 2 lines, now looking up location_ids from tabLocation
[2026-04-21 15:46:39] INFO: PutawayTaskDataService: Added line for PUT-20260421-0001: 247775 (Qty: 100, Carton: MOOSA-1258EXTBAG-002)
[2026-04-21 15:46:39] INFO: PutawayTaskDataService: Added line for PUT-20260421-0002: 247787 (Qty: 100, Carton: MOOSA-1258EXTBAG-001)
[2026-04-21 15:46:39] INFO: PutawayTaskDataService: Total lines read from database: 4, Unique parent titles with lines: 2
[2026-04-21 15:46:39] INFO: PutawayTaskDataService: Task PUT-20260421-0001 has 1 line(s)
[2026-04-21 15:46:39] INFO: PutawayTaskDataService: Task PUT-20260421-0002 has 1 line(s)
[2026-04-21 15:46:39] INFO: PutawayTaskDataService: Total tasks loaded: 2
[2026-04-21 15:46:39] INFO: PutawayTaskListViewModel: Loaded 2 putaway tasks from database, 2 unique tasks displayed
[2026-04-21 15:46:49] INFO: ItemLocationBreakdownViewModel: Loading location data for 247775 from transaction history
[2026-04-21 15:46:49] INFO: ItemLocationBreakdownViewModel: Found 1 location/carton entries from transaction history
[2026-04-21 15:46:53] INFO: ItemLocationBreakdownViewModel: Loading location data for 247787 from transaction history
[2026-04-21 15:46:53] INFO: ItemLocationBreakdownViewModel: Found 1 location/carton entries from transaction history
[2026-04-21 15:50:28] INFO: SortBoxListView: Loaded event fired
[2026-04-21 15:50:28] INFO: SortBoxListView: Calling RefreshAsync on ViewModel
[2026-04-21 15:50:28] INFO: SortBoxListViewModel: Starting to load sort boxes
[2026-04-21 15:50:28] INFO: Loading Sort Boxes from database...
[2026-04-21 15:50:28] INFO: Executing query: SELECT box_id, status, advance_shipping_notice, transfer_order, store, 
                               purpose, created_by, created_on, closed_by, closed_on, 
                               dispatched_on, received_at_store_on, remarks
                        FROM tabSortBox
                        ORDER BY created_on DESC, box_id
[2026-04-21 15:50:28] INFO: Loaded 2 sort boxes from database
[2026-04-21 15:50:28] INFO: SortBoxListViewModel: Received 2 sort boxes from service
[2026-04-21 15:50:28] INFO: SortBoxListViewModel: Added 2 sort boxes to collection
[2026-04-21 15:50:28] INFO: SortBoxListView: RefreshAsync completed
[2026-04-21 15:50:42] INFO: PutawayTaskDataService: Loaded task PUT-20260421-0001 with status Completed
[2026-04-21 15:50:42] INFO: PutawayTaskDataService: Loaded task PUT-20260421-0002 with status Completed
[2026-04-21 15:50:42] INFO: PutawayTaskDataService: SQL Query: SELECT pl.parent_title, pl.carton_id, pl.item_code, SUM(pl.qty) as qty, pl.rack, pl.bin, pl.location_id
                         FROM tabPutawayLine pl
                         WHERE pl.parent_title IN (@title0,@title1)
                         GROUP BY pl.parent_title, pl.carton_id, pl.item_code, pl.rack, pl.bin, pl.location_id
                         ORDER BY pl.parent_title, pl.item_code
[2026-04-21 15:50:42] INFO: PutawayTaskDataService: Querying lines for 2 tasks: PUT-20260421-0001, PUT-20260421-0002
[2026-04-21 15:50:42] INFO: PutawayTaskDataService: Read 2 lines, now looking up location_ids from tabLocation
[2026-04-21 15:50:42] INFO: PutawayTaskDataService: Added line for PUT-20260421-0001: 247775 (Qty: 100, Carton: MOOSA-1258EXTBAG-002)
[2026-04-21 15:50:42] INFO: PutawayTaskDataService: Added line for PUT-20260421-0002: 247787 (Qty: 100, Carton: MOOSA-1258EXTBAG-001)
[2026-04-21 15:50:42] INFO: PutawayTaskDataService: Total lines read from database: 4, Unique parent titles with lines: 2
[2026-04-21 15:50:42] INFO: PutawayTaskDataService: Task PUT-20260421-0001 has 1 line(s)
[2026-04-21 15:50:42] INFO: PutawayTaskDataService: Task PUT-20260421-0002 has 1 line(s)
[2026-04-21 15:50:42] INFO: PutawayTaskDataService: Total tasks loaded: 2
[2026-04-21 15:50:42] INFO: PutawayTaskListViewModel: Loaded 2 putaway tasks from database, 2 unique tasks displayed
[2026-04-21 15:51:27] INFO: ASN ASN-0001 Carton CNWH12858: Assigned=Assigned, Actual=Assigned, ReceivedQty=0
[2026-04-21 15:51:27] INFO: ASN ASN-0001 Carton CNWH12854: Assigned=Assigned, Actual=Assigned, ReceivedQty=0
[2026-04-21 15:51:27] INFO: ASN ASN-0001 Carton CNWH15390: Assigned=Assigned, Actual=Assigned, ReceivedQty=0
[2026-04-21 15:51:27] INFO: ASN ASN-0001 Carton CNWH42441: Assigned=Assigned, Actual=Assigned, ReceivedQty=0
[2026-04-21 15:51:27] INFO: ASN ASN-0001 Carton CNWH64571: Assigned=Assigned, Actual=Assigned, ReceivedQty=0
[2026-04-21 15:51:27] INFO: ASN ASN-0001 Carton CNWH64521: Assigned=Assigned, Actual=Assigned, ReceivedQty=0
[2026-04-21 15:51:27] INFO: ASN ASN-0001 Carton CNWH63561: Assigned=Assigned, Actual=Assigned, ReceivedQty=0
[2026-04-21 15:51:27] INFO: ASN ASN-0001 Carton CNWH63609: Assigned=Assigned, Actual=Assigned, ReceivedQty=0
[2026-04-21 15:51:27] INFO: ASN ASN-0002 Carton CNWH12858: Assigned=Assigned, Actual=Assigned, ReceivedQty=0
[2026-04-21 15:51:27] INFO: ASN ASN-0002 Carton CNWH12854: Assigned=Assigned, Actual=Assigned, ReceivedQty=0
[2026-04-21 15:51:27] INFO: ASN WMS-ASN-EXT-127211 Carton CNWH12858: Assigned=Received, Actual=Received, ReceivedQty=100
[2026-04-21 15:51:27] INFO: ASN WMS-ASN-EXT-127211 Carton CNWH12854: Assigned=Received, Actual=Received, ReceivedQty=100
[2026-04-21 15:51:35] INFO: ASN ASN-0001 Carton CNWH12858: Assigned=Assigned, Actual=Assigned, ReceivedQty=0
[2026-04-21 15:51:35] INFO: ASN ASN-0001 Carton CNWH12854: Assigned=Assigned, Actual=Assigned, ReceivedQty=0
[2026-04-21 15:51:35] INFO: ASN ASN-0001 Carton CNWH15390: Assigned=Assigned, Actual=Assigned, ReceivedQty=0
[2026-04-21 15:51:35] INFO: ASN ASN-0001 Carton CNWH42441: Assigned=Assigned, Actual=Assigned, ReceivedQty=0
[2026-04-21 15:51:35] INFO: ASN ASN-0001 Carton CNWH64571: Assigned=Assigned, Actual=Assigned, ReceivedQty=0
[2026-04-21 15:51:35] INFO: ASN ASN-0001 Carton CNWH64521: Assigned=Assigned, Actual=Assigned, ReceivedQty=0
[2026-04-21 15:51:35] INFO: ASN ASN-0001 Carton CNWH63561: Assigned=Assigned, Actual=Assigned, ReceivedQty=0
[2026-04-21 15:51:35] INFO: ASN ASN-0001 Carton CNWH63609: Assigned=Assigned, Actual=Assigned, ReceivedQty=0
[2026-04-21 15:51:35] INFO: ASN ASN-0002 Carton CNWH12858: Assigned=Assigned, Actual=Assigned, ReceivedQty=0
[2026-04-21 15:51:35] INFO: ASN ASN-0002 Carton CNWH12854: Assigned=Assigned, Actual=Assigned, ReceivedQty=0
[2026-04-21 15:51:35] INFO: ASN WMS-ASN-EXT-127211 Carton CNWH12858: Assigned=Received, Actual=Received, ReceivedQty=100
[2026-04-21 15:51:35] INFO: ASN WMS-ASN-EXT-127211 Carton CNWH12854: Assigned=Received, Actual=Received, ReceivedQty=100
[2026-04-21 15:51:35] INFO: ASN ASN-0001 Carton CNWH12858: Assigned=Assigned, Actual=Assigned, ReceivedQty=0
[2026-04-21 15:51:35] INFO: ASN ASN-0001 Carton CNWH12854: Assigned=Assigned, Actual=Assigned, ReceivedQty=0
[2026-04-21 15:51:35] INFO: ASN ASN-0001 Carton CNWH15390: Assigned=Assigned, Actual=Assigned, ReceivedQty=0
[2026-04-21 15:51:35] INFO: ASN ASN-0001 Carton CNWH42441: Assigned=Assigned, Actual=Assigned, ReceivedQty=0
[2026-04-21 15:51:35] INFO: ASN ASN-0001 Carton CNWH64571: Assigned=Assigned, Actual=Assigned, ReceivedQty=0
[2026-04-21 15:51:35] INFO: ASN ASN-0001 Carton CNWH64521: Assigned=Assigned, Actual=Assigned, ReceivedQty=0
[2026-04-21 15:51:35] INFO: ASN ASN-0001 Carton CNWH63561: Assigned=Assigned, Actual=Assigned, ReceivedQty=0
[2026-04-21 15:51:35] INFO: ASN ASN-0001 Carton CNWH63609: Assigned=Assigned, Actual=Assigned, ReceivedQty=0
[2026-04-21 15:51:35] INFO: ASN ASN-0002 Carton CNWH12858: Assigned=Assigned, Actual=Assigned, ReceivedQty=0
[2026-04-21 15:51:35] INFO: ASN ASN-0002 Carton CNWH12854: Assigned=Assigned, Actual=Assigned, ReceivedQty=0
[2026-04-21 15:51:35] INFO: ASN WMS-ASN-EXT-127211 Carton CNWH12858: Assigned=Received, Actual=Received, ReceivedQty=100
[2026-04-21 15:51:35] INFO: ASN WMS-ASN-EXT-127211 Carton CNWH12854: Assigned=Received, Actual=Received, ReceivedQty=100
[2026-04-21 15:55:11] INFO: ASN sync from ERPNext started.
[2026-04-21 15:55:11] INFO: ErpNextWmsSyncApiService: [Item Group] Fetching ASNs from http://printechsdammam.dyndns.org:88/api/method/printechs_wms.api.wms_sync.get_asns_for_wms?export_pending=1&include_items=1
[2026-04-21 15:55:11] INFO: ErpNextWmsSyncApiService: [Item Group] Fetched 3 ASNs
[2026-04-21 15:55:11] INFO: ErpNextWmsSyncApiService: [ASN] Fetching ASNs from http://printechsdammam.dyndns.org:88/api/method/printechs_wms.api.wms_sync.get_asns_for_wms?export_pending=1&include_items=1
[2026-04-21 15:55:11] INFO: ErpNextWmsSyncApiService: [ASN] Fetched 3 ASNs
[2026-04-21 15:55:11] INFO: ErpNextWmsSyncApiService: [ASN Status] Fetching ASNs from http://printechsdammam.dyndns.org:88/api/method/printechs_wms.api.wms_sync.get_asns_for_wms?export_pending=1&include_items=1
[2026-04-21 15:55:11] INFO: ErpNextWmsSyncApiService: [ASN Status] Fetched 3 ASNs
[2026-04-21 15:55:11] INFO: ErpNextWmsSyncApiService: [MR] Fetching ASNs from http://printechsdammam.dyndns.org:88/api/method/printechs_wms.api.wms_sync.get_asns_for_wms?export_pending=1&include_items=1
[2026-04-21 15:55:11] INFO: ErpNextWmsSyncApiService: [MR] Fetched 3 ASNs
[2026-04-21 15:55:11] INFO: ErpNextWmsSyncApiService: [ERPNext 9] Fetching ASNs from http://printechsdammam.dyndns.org:88/api/method/printechs_wms.api.wms_sync.get_asns_for_wms?export_pending=1&include_items=1
[2026-04-21 15:55:11] INFO: ErpNextWmsSyncApiService: [ERPNext 9] Fetched 3 ASNs
[2026-04-21 15:55:11] INFO: ErpNextWmsSyncApiService: [Stock Entry] Fetching ASNs from http://printechsdammam.dyndns.org:88/api/method/printechs_wms.api.wms_sync.get_asns_for_wms?export_pending=1&include_items=1
[2026-04-21 15:55:11] INFO: ErpNextWmsSyncApiService: [Stock Entry] Fetched 3 ASNs
[2026-04-21 15:55:11] INFO: ErpNextWmsSyncApiService: [ERPNext 11] Fetching ASNs from http://printechsdammam.dyndns.org:88/api/method/printechs_wms.api.wms_sync.get_asns_for_wms?export_pending=1&include_items=1
[2026-04-21 15:55:11] INFO: ErpNextWmsSyncApiService: [ERPNext 11] Fetched 3 ASNs
[2026-04-21 15:55:11] INFO: ErpNextWmsSyncApiService: ERPNext 13 API URL or key not configured
[2026-04-21 15:55:11] INFO: AsnSyncFromErpNextService: Syncing 3 ASN(s) with items.
[2026-04-21 15:55:11] INFO: ASN sync from ERPNext completed. Fetched: 3, ASNs inserted: 3, updated: 0, items: 12, errors: 0
[2026-04-21 15:55:11] INFO: ErpNextWmsSyncApiService: Posting ASN WMS-ASN-EXT-127211 status=Exported to http://printechsdammam.dyndns.org:88/api/method/printechs_wms.api.wms_sync.update_asn_wms_status
[2026-04-21 15:55:12] INFO: ErpNextWmsSyncApiService: ASN status updated successfully.
[2026-04-21 15:55:12] INFO: ErpNextWmsSyncApiService: Posting ASN ASN-0002 status=Exported to http://printechsdammam.dyndns.org:88/api/method/printechs_wms.api.wms_sync.update_asn_wms_status
[2026-04-21 15:55:12] ERROR: ErpNextWmsSyncApiService: ASN status API returned ExpectationFailed: {"exception":"frappe.exceptions.ValidationError:  Status cannot be \"Received\". It should be one of \"Draft\", \"Open\", \"Completed\", \"Cancelled\"","exc_type":"ValidationError","_exc_source":"printechs_wms (app)","exc":"[\"Traceback (most recent call last):\\n  File \\\"apps/frappe/frappe/app.py\\\", line 120, in application\\n    response = frappe.api.handle(request)\\n               ^^^^^^^^^^^^^^^^^^^^^^^^^^\\n  File \\\"apps/frappe/frappe/api/__init__.py\\\", line 52, in handle\\n    data = endpoint(**arguments)\\n           ^^^^^^^^^^^^^^^^^^^^^\\n  File \\\"apps/frappe/frappe/api/v1.py\\\", line 40, in handle_rpc_call\\n    return frappe.handler.handle()\\n           ^^^^^^^^^^^^^^^^^^^^^^^\\n  File \\\"apps/frappe/frappe/handler.py\\\", line 52, in handle\\n    data = execute_cmd(cmd)\\n           ^^^^^^^^^^^^^^^^\\n  File \\\"apps/frappe/frappe/handler.py\\\", line 85, in execute_cmd\\n    return frappe.call(method, **frappe.form_dict)\\n           ^^^^^^^^^^^^^^^^^^^^^^^^^^^^^^^^^^^^^^^\\n  File \\\"apps/frappe/frappe/__init__.py\\\", line 1754, in call\\n    return fn(*args, **newargs)\\n           ^^^^^^^^^^^^^^^^^^^^\\n  File \\\"apps/frappe/frappe/utils/typing_validations.py\\\", line 32, in wrapper\\n    return func(*args, **kwargs)\\n           ^^^^^^^^^^^^^^^^^^^^^\\n  File \\\"apps/printechs_wms/printechs_wms/api/wms_sync.py\\\", line 379, in update_asn_wms_status\\n    doc.save()\\n  File \\\"apps/frappe/frappe/model/document.py\\\", line 378, in save\\n    return self._save(*args, **kwargs)\\n           ^^^^^^^^^^^^^^^^^^^^^^^^^^^\\n  File \\\"apps/frappe/frappe/model/document.py\\\", line 417, in _save\\n    self._validate()\\n  File \\\"apps/frappe/frappe/model/document.py\\\", line 624, in _validate\\n    self._validate_selects()\\n  File \\\"apps/frappe/frappe/model/base_document.py\\\", line 913, in _validate_selects\\n    frappe.throw(\\n  File \\\"apps/frappe/frappe/__init__.py\\\", line 609, in throw\\n    msgprint(\\n  File \\\"apps/frappe/frappe/__init__.py\\\", line 574, in msgprint\\n    _raise_exception()\\n  File \\\"apps/frappe/frappe/__init__.py\\\", line 525, in _raise_exception\\n    raise exc\\nfrappe.exceptions.ValidationError:  Status cannot be \\\"Received\\\". It should be one of \\\"Draft\\\", \\\"Open\\\", \\\"Completed\\\", \\\"Cancelled\\\"\\n\"]","_server_messages":"[\"{\\\"message\\\": \\\" Status cannot be \\\\\\\"Received\\\\\\\". It should be one of \\\\\\\"Draft\\\\\\\", \\\\\\\"Open\\\\\\\", \\\\\\\"Completed\\\\\\\", \\\\\\\"Cancelled\\\\\\\"\\\", \\\"title\\\": \\\"Message\\\", \\\"indicator\\\": \\\"red\\\", \\\"raise_exception\\\": 1, \\\"__frappe_exc_id\\\": \\\"104beb4146841d3927aa100298a4411d57da707eb16f6069ac72220a\\\"}\"]"}
--------------------------------------------------------------------------------
[2026-04-21 15:55:12] ERROR: AsnSyncFromErpNextService: Failed to post ASN ASN-0002 status to ERPNext: ExpectationFailed: {"exception":"frappe.exceptions.ValidationError:  Status cannot be \"Received\". It should be one of \"Draft\", \"Open\", \"Completed\", \"Cancelled\"","exc_type":"ValidationError","_exc_source":"printechs_wms (app)","exc":"[\"Traceback (most recent call last):\\n  File \\\"apps/frappe/frappe/app.py\\\", line 120, in application\\n    response = frappe.api.handle(request)\\n               ^^^^^^^^^^^^^^^^^^^^^^^^^^\\n  File \\\"apps/frappe/frappe/api/__init__.py\\\", line 52, in handle\\n    data = endpoint(**arguments)\\n           ^^^^^^^^^^^^^^^^^^^^^\\n  File \\\"apps/frappe/frappe/api/v1.py\\\", line 40, in handle_rpc_call\\n    return frappe.handler.handle()\\n           ^^^^^^^^^^^^^^^^^^^^^^^\\n  File \\\"apps/frappe/frappe/handler.py\\\", line 52, in handle\\n    data = execute_cmd(cmd)\\n           ^^^^^^^^^^^^^^^^\\n  File \\\"apps/frappe/frappe/handler.py\\\", line 85, in execute_cmd\\n    return frappe.call(method, **frappe.form_dict)\\n           ^^^^^^^^^^^^^^^^^^^^^^^^^^^^^^^^^^^^^^^\\n  File \\\"apps/frappe/frappe/__init__.py\\\", line 1754, in call\\n    return fn(*args, **newargs)\\n           ^^^^^^^^^^^^^^^^^^^^\\n  File \\\"apps/frappe/frappe/utils/typing_validations.py\\\", line 32, in wrapper\\n    return func(*args, **kwargs)\\n           ^^^^^^^^^^^^^^^^^^^^^\\n  File \\\"apps/printechs_wms/printechs_wms/api/wms_sync.py\\\", line 379, in update_asn_wms_status\\n    doc.save()\\n  File \\\"apps/frappe/frappe/model/document.py\\\", line 378, in save\\n    return self._save(*args, **kwargs)\\n           ^^^^^^^^^^^^^^^^^^^^^^^^^^^\\n  File \\\"apps/frappe/frappe/model/document.py\\\", line 417, in _save\\n    self._validate()\\n  File \\\"apps/frappe/frappe/model/document.py\\\", line 624, in _validate\\n    self._validate_selects()\\n  File \\\"apps/frappe/frappe/model/base_document.py\\\", line 913, in _validate_selects\\n    frappe.throw(\\n  File \\\"apps/frappe/frappe/__init__.py\\\", line 609, in throw\\n    msgprint(\\n  File \\\"apps/frappe/frappe/__init__.py\\\", line 574, in msgprint\\n    _raise_exception()\\n  File \\\"apps/frappe/frappe/__init__.py\\\", line 525, in _raise_exception\\n    raise exc\\nfrappe.exceptions.ValidationError:  Status cannot be \\\"Received\\\". It should be one of \\\"Draft\\\", \\\"Open\\\", \\\"Completed\\\", \\\"Cancelled\\\"\\n\"]","_server_messages":"[\"{\\\"message\\\": \\\" Status cannot be \\\\\\\"Received\\\\\\\". It should be one of \\\\\\\"Draft\\\\\\\", \\\\\\\"Open\\\\\\\", \\\\\\\"Completed\\\\\\\", \\\\\\\"Cancelled\\\\\\\"\\\", \\\"title\\\": \\\"Message\\\", \\\"indicator\\\": \\\"red\\\", \\\"raise_exception\\\": 1, \\\"__frappe_exc_id\\\": \\\"104beb4146841d3927aa100298a4411d57da707eb16f6069ac72220a\\\"}\"]"}
--------------------------------------------------------------------------------
[2026-04-21 15:55:12] INFO: ErpNextWmsSyncApiService: Posting ASN ASN-0001 status=Exported to http://printechsdammam.dyndns.org:88/api/method/printechs_wms.api.wms_sync.update_asn_wms_status
[2026-04-21 15:55:12] ERROR: ErpNextWmsSyncApiService: ASN status API returned ExpectationFailed: {"exception":"frappe.exceptions.ValidationError:  Status cannot be \"Partially Received\". It should be one of \"Draft\", \"Open\", \"Completed\", \"Cancelled\"","exc_type":"ValidationError","_exc_source":"printechs_wms (app)","exc":"[\"Traceback (most recent call last):\\n  File \\\"apps/frappe/frappe/app.py\\\", line 120, in application\\n    response = frappe.api.handle(request)\\n               ^^^^^^^^^^^^^^^^^^^^^^^^^^\\n  File \\\"apps/frappe/frappe/api/__init__.py\\\", line 52, in handle\\n    data = endpoint(**arguments)\\n           ^^^^^^^^^^^^^^^^^^^^^\\n  File \\\"apps/frappe/frappe/api/v1.py\\\", line 40, in handle_rpc_call\\n    return frappe.handler.handle()\\n           ^^^^^^^^^^^^^^^^^^^^^^^\\n  File \\\"apps/frappe/frappe/handler.py\\\", line 52, in handle\\n    data = execute_cmd(cmd)\\n           ^^^^^^^^^^^^^^^^\\n  File \\\"apps/frappe/frappe/handler.py\\\", line 85, in execute_cmd\\n    return frappe.call(method, **frappe.form_dict)\\n           ^^^^^^^^^^^^^^^^^^^^^^^^^^^^^^^^^^^^^^^\\n  File \\\"apps/frappe/frappe/__init__.py\\\", line 1754, in call\\n    return fn(*args, **newargs)\\n           ^^^^^^^^^^^^^^^^^^^^\\n  File \\\"apps/frappe/frappe/utils/typing_validations.py\\\", line 32, in wrapper\\n    return func(*args, **kwargs)\\n           ^^^^^^^^^^^^^^^^^^^^^\\n  File \\\"apps/printechs_wms/printechs_wms/api/wms_sync.py\\\", line 379, in update_asn_wms_status\\n    doc.save()\\n  File \\\"apps/frappe/frappe/model/document.py\\\", line 378, in save\\n    return self._save(*args, **kwargs)\\n           ^^^^^^^^^^^^^^^^^^^^^^^^^^^\\n  File \\\"apps/frappe/frappe/model/document.py\\\", line 417, in _save\\n    self._validate()\\n  File \\\"apps/frappe/frappe/model/document.py\\\", line 624, in _validate\\n    self._validate_selects()\\n  File \\\"apps/frappe/frappe/model/base_document.py\\\", line 913, in _validate_selects\\n    frappe.throw(\\n  File \\\"apps/frappe/frappe/__init__.py\\\", line 609, in throw\\n    msgprint(\\n  File \\\"apps/frappe/frappe/__init__.py\\\", line 574, in msgprint\\n    _raise_exception()\\n  File \\\"apps/frappe/frappe/__init__.py\\\", line 525, in _raise_exception\\n    raise exc\\nfrappe.exceptions.ValidationError:  Status cannot be \\\"Partially Received\\\". It should be one of \\\"Draft\\\", \\\"Open\\\", \\\"Completed\\\", \\\"Cancelled\\\"\\n\"]","_server_messages":"[\"{\\\"message\\\": \\\" Status cannot be \\\\\\\"Partially Received\\\\\\\". It should be one of \\\\\\\"Draft\\\\\\\", \\\\\\\"Open\\\\\\\", \\\\\\\"Completed\\\\\\\", \\\\\\\"Cancelled\\\\\\\"\\\", \\\"title\\\": \\\"Message\\\", \\\"indicator\\\": \\\"red\\\", \\\"raise_exception\\\": 1, \\\"__frappe_exc_id\\\": \\\"dae67cc93e4f4e167d2a9127ed1b9534077398221c046c69ba694577\\\"}\"]"}
--------------------------------------------------------------------------------
[2026-04-21 15:55:12] ERROR: AsnSyncFromErpNextService: Failed to post ASN ASN-0001 status to ERPNext: ExpectationFailed: {"exception":"frappe.exceptions.ValidationError:  Status cannot be \"Partially Received\". It should be one of \"Draft\", \"Open\", \"Completed\", \"Cancelled\"","exc_type":"ValidationError","_exc_source":"printechs_wms (app)","exc":"[\"Traceback (most recent call last):\\n  File \\\"apps/frappe/frappe/app.py\\\", line 120, in application\\n    response = frappe.api.handle(request)\\n               ^^^^^^^^^^^^^^^^^^^^^^^^^^\\n  File \\\"apps/frappe/frappe/api/__init__.py\\\", line 52, in handle\\n    data = endpoint(**arguments)\\n           ^^^^^^^^^^^^^^^^^^^^^\\n  File \\\"apps/frappe/frappe/api/v1.py\\\", line 40, in handle_rpc_call\\n    return frappe.handler.handle()\\n           ^^^^^^^^^^^^^^^^^^^^^^^\\n  File \\\"apps/frappe/frappe/handler.py\\\", line 52, in handle\\n    data = execute_cmd(cmd)\\n           ^^^^^^^^^^^^^^^^\\n  File \\\"apps/frappe/frappe/handler.py\\\", line 85, in execute_cmd\\n    return frappe.call(method, **frappe.form_dict)\\n           ^^^^^^^^^^^^^^^^^^^^^^^^^^^^^^^^^^^^^^^\\n  File \\\"apps/frappe/frappe/__init__.py\\\", line 1754, in call\\n    return fn(*args, **newargs)\\n           ^^^^^^^^^^^^^^^^^^^^\\n  File \\\"apps/frappe/frappe/utils/typing_validations.py\\\", line 32, in wrapper\\n    return func(*args, **kwargs)\\n           ^^^^^^^^^^^^^^^^^^^^^\\n  File \\\"apps/printechs_wms/printechs_wms/api/wms_sync.py\\\", line 379, in update_asn_wms_status\\n    doc.save()\\n  File \\\"apps/frappe/frappe/model/document.py\\\", line 378, in save\\n    return self._save(*args, **kwargs)\\n           ^^^^^^^^^^^^^^^^^^^^^^^^^^^\\n  File \\\"apps/frappe/frappe/model/document.py\\\", line 417, in _save\\n    self._validate()\\n  File \\\"apps/frappe/frappe/model/document.py\\\", line 624, in _validate\\n    self._validate_selects()\\n  File \\\"apps/frappe/frappe/model/base_document.py\\\", line 913, in _validate_selects\\n    frappe.throw(\\n  File \\\"apps/frappe/frappe/__init__.py\\\", line 609, in throw\\n    msgprint(\\n  File \\\"apps/frappe/frappe/__init__.py\\\", line 574, in msgprint\\n    _raise_exception()\\n  File \\\"apps/frappe/frappe/__init__.py\\\", line 525, in _raise_exception\\n    raise exc\\nfrappe.exceptions.ValidationError:  Status cannot be \\\"Partially Received\\\". It should be one of \\\"Draft\\\", \\\"Open\\\", \\\"Completed\\\", \\\"Cancelled\\\"\\n\"]","_server_messages":"[\"{\\\"message\\\": \\\" Status cannot be \\\\\\\"Partially Received\\\\\\\". It should be one of \\\\\\\"Draft\\\\\\\", \\\\\\\"Open\\\\\\\", \\\\\\\"Completed\\\\\\\", \\\\\\\"Cancelled\\\\\\\"\\\", \\\"title\\\": \\\"Message\\\", \\\"indicator\\\": \\\"red\\\", \\\"raise_exception\\\": 1, \\\"__frappe_exc_id\\\": \\\"dae67cc93e4f4e167d2a9127ed1b9534077398221c046c69ba694577\\\"}\"]"}
--------------------------------------------------------------------------------
[2026-04-21 15:55:12] INFO: AsnSyncFromErpNextService: ASN status posted to ERPNext: 1/3 updated (update_asn_wms_status per ASN)
[2026-04-21 15:55:12] INFO: Transfer Order sync from ERPNext started.
[2026-04-21 15:55:12] INFO: ErpNextWmsSyncApiService: [Item Group] Fetching Transfer Orders from http://printechsdammam.dyndns.org:88/api/method/printechs_wms.api.wms_sync.get_tos_for_wms?export_pending=1&include_items=1&docstatus=1
[2026-04-21 15:55:12] INFO: ErpNextWmsSyncApiService: [Item Group] Fetched 1 Transfer Orders
[2026-04-21 15:55:12] INFO: ErpNextWmsSyncApiService: [TO] Fetching Transfer Orders from http://printechsdammam.dyndns.org:88/api/method/printechs_wms.api.wms_sync.get_tos_for_wms?export_pending=1&include_items=1&docstatus=1
[2026-04-21 15:55:12] INFO: ErpNextWmsSyncApiService: [TO] Fetched 1 Transfer Orders
[2026-04-21 15:55:12] INFO: ErpNextWmsSyncApiService: [TO Status] Fetching Transfer Orders from http://printechsdammam.dyndns.org:88/api/method/printechs_wms.api.wms_sync.get_tos_for_wms?export_pending=1&include_items=1&docstatus=1
[2026-04-21 15:55:12] INFO: ErpNextWmsSyncApiService: [TO Status] Fetched 1 Transfer Orders
[2026-04-21 15:55:12] INFO: ErpNextWmsSyncApiService: [MR] Fetching Transfer Orders from http://printechsdammam.dyndns.org:88/api/method/printechs_wms.api.wms_sync.get_tos_for_wms?export_pending=1&include_items=1&docstatus=1
[2026-04-21 15:55:12] INFO: ErpNextWmsSyncApiService: [MR] Fetched 1 Transfer Orders
[2026-04-21 15:55:12] INFO: ErpNextWmsSyncApiService: [ERPNext 9] Fetching Transfer Orders from http://printechsdammam.dyndns.org:88/api/method/printechs_wms.api.wms_sync.get_tos_for_wms?export_pending=1&include_items=1&docstatus=1
[2026-04-21 15:55:12] INFO: ErpNextWmsSyncApiService: [ERPNext 9] Fetched 1 Transfer Orders
[2026-04-21 15:55:12] INFO: ErpNextWmsSyncApiService: [Stock Entry] Fetching Transfer Orders from http://printechsdammam.dyndns.org:88/api/method/printechs_wms.api.wms_sync.get_tos_for_wms?export_pending=1&include_items=1&docstatus=1
[2026-04-21 15:55:12] INFO: ErpNextWmsSyncApiService: [Stock Entry] Fetched 1 Transfer Orders
[2026-04-21 15:55:12] INFO: ErpNextWmsSyncApiService: [ERPNext 11] Fetching Transfer Orders from http://printechsdammam.dyndns.org:88/api/method/printechs_wms.api.wms_sync.get_tos_for_wms?export_pending=1&include_items=1&docstatus=1
[2026-04-21 15:55:12] INFO: ErpNextWmsSyncApiService: [ERPNext 11] Fetched 1 Transfer Orders
[2026-04-21 15:55:12] INFO: ErpNextWmsSyncApiService: ERPNext 13 API URL or key not configured
[2026-04-21 15:55:12] INFO: TransferOrderSyncFromErpNextService: Syncing 1 TO(s) with items.
[2026-04-21 15:55:12] INFO: Transfer Order sync from ERPNext completed. Fetched: 1, TOs inserted: 1, updated: 0, items: 4, errors: 0
[2026-04-21 15:55:12] ERROR: ErpNextWmsSyncApiService: TO status API returned ExpectationFailed: {"exception":"frappe.exceptions.ValidationError: Failed to get method for command printechs_wms.api.wms_sync.update_transfer_order_wms_status with module 'printechs_wms.api.wms_sync' has no attribute 'update_transfer_order_wms_status'","exc_type":"ValidationError","exc":"[\"Traceback (most recent call last):\\n  File \\\"apps/frappe/frappe/handler.py\\\", line 74, in execute_cmd\\n    method = get_attr(cmd)\\n             ^^^^^^^^^^^^^\\n  File \\\"apps/frappe/frappe/handler.py\\\", line 292, in get_attr\\n    method = frappe.get_attr(cmd)\\n             ^^^^^^^^^^^^^^^^^^^^\\n  File \\\"apps/frappe/frappe/__init__.py\\\", line 1744, in get_attr\\n    return getattr(get_module(modulename), methodname)\\n           ^^^^^^^^^^^^^^^^^^^^^^^^^^^^^^^^^^^^^^^^^^^\\nAttributeError: module 'printechs_wms.api.wms_sync' has no attribute 'update_transfer_order_wms_status'\\n\\nDuring handling of the above exception, another exception occurred:\\n\\nTraceback (most recent call last):\\n  File \\\"apps/frappe/frappe/app.py\\\", line 120, in application\\n    response = frappe.api.handle(request)\\n               ^^^^^^^^^^^^^^^^^^^^^^^^^^\\n  File \\\"apps/frappe/frappe/api/__init__.py\\\", line 52, in handle\\n    data = endpoint(**arguments)\\n           ^^^^^^^^^^^^^^^^^^^^^\\n  File \\\"apps/frappe/frappe/api/v1.py\\\", line 40, in handle_rpc_call\\n    return frappe.handler.handle()\\n           ^^^^^^^^^^^^^^^^^^^^^^^\\n  File \\\"apps/frappe/frappe/handler.py\\\", line 52, in handle\\n    data = execute_cmd(cmd)\\n           ^^^^^^^^^^^^^^^^\\n  File \\\"apps/frappe/frappe/handler.py\\\", line 76, in execute_cmd\\n    frappe.throw(_(\\\"Failed to get method for command {0} with {1}\\\").format(cmd, e))\\n  File \\\"apps/frappe/frappe/__init__.py\\\", line 609, in throw\\n    msgprint(\\n  File \\\"apps/frappe/frappe/__init__.py\\\", line 574, in msgprint\\n    _raise_exception()\\n  File \\\"apps/frappe/frappe/__init__.py\\\", line 525, in _raise_exception\\n    raise exc\\nfrappe.exceptions.ValidationError: Failed to get method for command printechs_wms.api.wms_sync.update_transfer_order_wms_status with module 'printechs_wms.api.wms_sync' has no attribute 'update_transfer_order_wms_status'\\n\"]","_server_messages":"[\"{\\\"message\\\": \\\"Failed to get method for command printechs_wms.api.wms_sync.update_transfer_order_wms_status with module 'printechs_wms.api.wms_sync' has no attribute 'update_transfer_order_wms_status'\\\", \\\"title\\\": \\\"Message\\\", \\\"indicator\\\": \\\"red\\\", \\\"raise_exception\\\": 1, \\\"__frappe_exc_id\\\": \\\"88f4f323824be91483364386aa72e0998368a6e404f95689b5c8b62f\\\"}\"]"}
--------------------------------------------------------------------------------
[2026-04-21 15:55:12] ERROR: TransferOrderSyncFromErpNextService: Failed to post TO WMS-TO-00001 status to ERPNext: ExpectationFailed: {"exception":"frappe.exceptions.ValidationError: Failed to get method for command printechs_wms.api.wms_sync.update_transfer_order_wms_status with module 'printechs_wms.api.wms_sync' has no attribute 'update_transfer_order_wms_status'","exc_type":"ValidationError","exc":"[\"Traceback (most recent call last):\\n  File \\\"apps/frappe/frappe/handler.py\\\", line 74, in execute_cmd\\n    method = get_attr(cmd)\\n             ^^^^^^^^^^^^^\\n  File \\\"apps/frappe/frappe/handler.py\\\", line 292, in get_attr\\n    method = frappe.get_attr(cmd)\\n             ^^^^^^^^^^^^^^^^^^^^\\n  File \\\"apps/frappe/frappe/__init__.py\\\", line 1744, in get_attr\\n    return getattr(get_module(modulename), methodname)\\n           ^^^^^^^^^^^^^^^^^^^^^^^^^^^^^^^^^^^^^^^^^^^\\nAttributeError: module 'printechs_wms.api.wms_sync' has no attribute 'update_transfer_order_wms_status'\\n\\nDuring handling of the above exception, another exception occurred:\\n\\nTraceback (most recent call last):\\n  File \\\"apps/frappe/frappe/app.py\\\", line 120, in application\\n    response = frappe.api.handle(request)\\n               ^^^^^^^^^^^^^^^^^^^^^^^^^^\\n  File \\\"apps/frappe/frappe/api/__init__.py\\\", line 52, in handle\\n    data = endpoint(**arguments)\\n           ^^^^^^^^^^^^^^^^^^^^^\\n  File \\\"apps/frappe/frappe/api/v1.py\\\", line 40, in handle_rpc_call\\n    return frappe.handler.handle()\\n           ^^^^^^^^^^^^^^^^^^^^^^^\\n  File \\\"apps/frappe/frappe/handler.py\\\", line 52, in handle\\n    data = execute_cmd(cmd)\\n           ^^^^^^^^^^^^^^^^\\n  File \\\"apps/frappe/frappe/handler.py\\\", line 76, in execute_cmd\\n    frappe.throw(_(\\\"Failed to get method for command {0} with {1}\\\").format(cmd, e))\\n  File \\\"apps/frappe/frappe/__init__.py\\\", line 609, in throw\\n    msgprint(\\n  File \\\"apps/frappe/frappe/__init__.py\\\", line 574, in msgprint\\n    _raise_exception()\\n  File \\\"apps/frappe/frappe/__init__.py\\\", line 525, in _raise_exception\\n    raise exc\\nfrappe.exceptions.ValidationError: Failed to get method for command printechs_wms.api.wms_sync.update_transfer_order_wms_status with module 'printechs_wms.api.wms_sync' has no attribute 'update_transfer_order_wms_status'\\n\"]","_server_messages":"[\"{\\\"message\\\": \\\"Failed to get method for command printechs_wms.api.wms_sync.update_transfer_order_wms_status with module 'printechs_wms.api.wms_sync' has no attribute 'update_transfer_order_wms_status'\\\", \\\"title\\\": \\\"Message\\\", \\\"indicator\\\": \\\"red\\\", \\\"raise_exception\\\": 1, \\\"__frappe_exc_id\\\": \\\"88f4f323824be91483364386aa72e0998368a6e404f95689b5c8b62f\\\"}\"]"}
--------------------------------------------------------------------------------
[2026-04-21 15:55:12] INFO: TransferOrderSyncFromErpNextService: TO status posted to ERPNext: 0/1 updated (update_transfer_order_wms_status per TO)
[2026-04-21 15:55:12] INFO: Material Request sync from ERPNext started.
[2026-04-21 15:55:12] INFO: ErpNextWmsSyncApiService: [Item Group] Fetching Material Requests from http://printechsdammam.dyndns.org:88/api/method/printechs_wms.api.material_request.get_material_transfer_requests?from_warehouse=Main%20Warehouse%20-%20MAATC&state=Pending&docstatus=1&include_items=1&limit=200
[2026-04-21 15:55:12] INFO: ErpNextWmsSyncApiService: [Item Group] Fetched 1 Material Requests
[2026-04-21 15:55:12] INFO: ErpNextWmsSyncApiService: [MR] Fetching Material Requests from http://printechsdammam.dyndns.org:88/api/method/printechs_wms.api.material_request.get_material_transfer_requests?from_warehouse=Main%20Warehouse%20-%20MAATC&state=Pending&docstatus=1&include_items=1&limit=200
[2026-04-21 15:55:12] INFO: ErpNextWmsSyncApiService: [MR] Fetched 1 Material Requests
[2026-04-21 15:55:12] INFO: ErpNextWmsSyncApiService: [ERPNext 9] Fetching Material Requests from http://printechsdammam.dyndns.org:88/api/method/printechs_wms.api.material_request.get_material_transfer_requests?from_warehouse=Main%20Warehouse%20-%20MAATC&state=Pending&docstatus=1&include_items=1&limit=200
[2026-04-21 15:55:12] INFO: ErpNextWmsSyncApiService: [ERPNext 9] Fetched 1 Material Requests
[2026-04-21 15:55:12] INFO: ErpNextWmsSyncApiService: [Stock Entry] Fetching Material Requests from http://printechsdammam.dyndns.org:88/api/method/printechs_wms.api.material_request.get_material_transfer_requests?from_warehouse=Main%20Warehouse%20-%20MAATC&state=Pending&docstatus=1&include_items=1&limit=200
[2026-04-21 15:55:12] INFO: ErpNextWmsSyncApiService: [Stock Entry] Fetched 1 Material Requests
[2026-04-21 15:55:12] INFO: ErpNextWmsSyncApiService: [ERPNext 11] Fetching Material Requests from http://printechsdammam.dyndns.org:88/api/method/printechs_wms.api.material_request.get_material_transfer_requests?from_warehouse=Main%20Warehouse%20-%20MAATC&state=Pending&docstatus=1&include_items=1&limit=200
[2026-04-21 15:55:12] INFO: ErpNextWmsSyncApiService: [ERPNext 11] Fetched 1 Material Requests
[2026-04-21 15:55:12] INFO: ErpNextWmsSyncApiService: [ERPNext 13] Fetching Material Requests from /api/method/printechs_wms.api.asn_to_purchase_receipt.get_pr_status_for_asn?asn_no=<linked ASN>/api/method/printechs_wms.api.material_request.get_material_transfer_requests?from_warehouse=Main%20Warehouse%20-%20MAATC&state=Pending&docstatus=1&include_items=1&limit=200
[2026-04-21 15:55:12] ERROR: ErpNextWmsSyncApiService: [ERPNext 13] Error fetching Material Requests: An invalid request URI was provided. Either the request URI must be an absolute URI or BaseAddress must be set.
Exception Type: InvalidOperationException
Exception Message: An invalid request URI was provided. Either the request URI must be an absolute URI or BaseAddress must be set.
Stack Trace:    at System.Net.Http.HttpClient.PrepareRequestMessage(HttpRequestMessage request)
   at System.Net.Http.HttpClient.GetAsync(String requestUri)
   at Wms.Desktop.Services.ErpNextWmsSyncApiService.FetchMessageListAsync[T](String apiUrl, String apiKey, String label, String entityName) in D:\Development Project\Printechs WMS\Wms.Desktop\Services\ErpNextWmsSyncApiService.cs:line 523
--------------------------------------------------------------------------------
[2026-04-21 15:55:12] INFO: MaterialRequestSyncFromErpNextService: Syncing 1 Material Request(s) with items.
[2026-04-21 15:55:12] INFO: MaterialRequestSyncFromErpNextService: MR MAT-MR-2026-00001: inserting 2 item(s) (preserving local picked qty where higher).
[2026-04-21 15:55:12] INFO: Material Request sync from ERPNext completed. Fetched: 1, MRs inserted: 1, updated: 0, items: 2, errors: 0
[2026-04-21 15:55:12] INFO: Transfer In sync from ERPNext started (tabTransferIn / tabTransferInItem).
[2026-04-21 15:55:12] INFO: TransferInSyncFromErpNextService: Step 1 - Dropping legacy tabTransferInStockEntry tables if they exist.
[2026-04-21 15:55:12] INFO: DatabaseService: Dropped tabTransferInStockEntry and tabTransferInStockEntryItem if they existed.
[2026-04-21 15:55:12] INFO: TransferInSyncFromErpNextService: Step 2 - Connecting to database: wms_desktop, host: localhost
[2026-04-21 15:55:12] INFO: TransferInSyncFromErpNextService: Step 3 - Connection opened. Database: wms_desktop
[2026-04-21 15:55:12] INFO: TransferInSyncFromErpNextService: Step 4 - Using 6 endpoint(s) for Transfer In.
[2026-04-21 15:55:12] INFO: ErpNextWmsSyncApiService: [Item Group] Fetching Transfer In Stock Entries from http://printechsdammam.dyndns.org:88/api/method/printechs_wms.api.transfer_in_sync.get_material_transfer_stock_entries?add_to_transit=1&custom_receiving_warehouse=Main%20Warehouse%20-%20MAATC&docstatus=1
[2026-04-21 15:55:13] INFO: ErpNextWmsSyncApiService: [Item Group] Fetched 1 Transfer In Stock Entries
[2026-04-21 15:55:13] INFO: TransferInSyncFromErpNextService: Endpoint [Item Group] returned 1 raw entry(ies).
[2026-04-21 15:55:13] INFO: ErpNextWmsSyncApiService: [MR] Fetching Transfer In Stock Entries from http://printechsdammam.dyndns.org:88/api/method/printechs_wms.api.transfer_in_sync.get_material_transfer_stock_entries?add_to_transit=1&custom_receiving_warehouse=Main%20Warehouse%20-%20MAATC&docstatus=1
[2026-04-21 15:55:13] INFO: ErpNextWmsSyncApiService: [MR] Fetched 1 Transfer In Stock Entries
[2026-04-21 15:55:13] INFO: TransferInSyncFromErpNextService: Endpoint [MR] returned 1 raw entry(ies).
[2026-04-21 15:55:13] INFO: ErpNextWmsSyncApiService: [ERPNext 9] Fetching Transfer In Stock Entries from http://printechsdammam.dyndns.org:88/api/method/printechs_wms.api.transfer_in_sync.get_material_transfer_stock_entries?to_warehouse=Main%20Warehouse%20-%20MAATC&docstatus=1
[2026-04-21 15:55:13] INFO: ErpNextWmsSyncApiService: [ERPNext 9] Fetched 1 Transfer In Stock Entries
[2026-04-21 15:55:13] INFO: TransferInSyncFromErpNextService: Endpoint [ERPNext 9] returned 1 raw entry(ies).
[2026-04-21 15:55:13] INFO: ErpNextWmsSyncApiService: [Stock Entry] Fetching Transfer In Stock Entries from http://printechsdammam.dyndns.org:88/api/method/printechs_wms.api.transfer_in_sync.get_material_transfer_stock_entries?add_to_transit=1&custom_receiving_warehouse=Main%20Warehouse%20-%20MAATC&docstatus=1
[2026-04-21 15:55:13] INFO: ErpNextWmsSyncApiService: [Stock Entry] Fetched 1 Transfer In Stock Entries
[2026-04-21 15:55:13] INFO: TransferInSyncFromErpNextService: Endpoint [Stock Entry] returned 1 raw entry(ies).
[2026-04-21 15:55:13] INFO: ErpNextWmsSyncApiService: [ERPNext 11] Fetching Transfer In Stock Entries from http://printechsdammam.dyndns.org:88/api/method/printechs_wms.api.transfer_in_sync.get_material_transfer_stock_entries?add_to_transit=1&custom_receiving_warehouse=Main%20Warehouse%20-%20MAATC&docstatus=1
[2026-04-21 15:55:13] INFO: ErpNextWmsSyncApiService: [ERPNext 11] Fetched 1 Transfer In Stock Entries
[2026-04-21 15:55:13] INFO: TransferInSyncFromErpNextService: Endpoint [ERPNext 11] returned 1 raw entry(ies).
[2026-04-21 15:55:13] INFO: ErpNextWmsSyncApiService: [ERPNext 13] Fetching Transfer In Stock Entries from /api/method/printechs_wms.api.asn_to_purchase_receipt.get_pr_status_for_asn?asn_no=<linked ASN>/api/method/printechs_wms.api.transfer_in_sync.get_material_transfer_stock_entries?add_to_transit=1&custom_receiving_warehouse=Main%20Warehouse%20-%20MAATC&docstatus=1
[2026-04-21 15:55:13] ERROR: ErpNextWmsSyncApiService: [ERPNext 13] Error fetching Transfer In Stock Entries: An invalid request URI was provided. Either the request URI must be an absolute URI or BaseAddress must be set.
Exception Type: InvalidOperationException
Exception Message: An invalid request URI was provided. Either the request URI must be an absolute URI or BaseAddress must be set.
Stack Trace:    at System.Net.Http.HttpClient.PrepareRequestMessage(HttpRequestMessage request)
   at System.Net.Http.HttpClient.GetAsync(String requestUri)
   at Wms.Desktop.Services.ErpNextWmsSyncApiService.FetchMessageListAsync[T](String apiUrl, String apiKey, String label, String entityName) in D:\Development Project\Printechs WMS\Wms.Desktop\Services\ErpNextWmsSyncApiService.cs:line 523
--------------------------------------------------------------------------------
[2026-04-21 15:55:13] INFO: TransferInSyncFromErpNextService: Step 5 - Total raw entries from API: 5
[2026-04-21 15:55:13] INFO: TransferInSyncFromErpNextService: Step 6 - After dedupe: 2 unique Transfer In(s) to sync. Keys: [MAT-STE-2026-00002, MAT-STE-2026-00003]
[2026-04-21 15:55:13] INFO: TransferInSyncFromErpNextService: --- Processing entry: MAT-STE-2026-00002 ---
[2026-04-21 15:55:13] INFO: TransferInSyncFromErpNextService: tabTransferIn INSERT/UPDATE for MAT-STE-2026-00002 affected rows: 1 (1=inserted, 2=updated).
[2026-04-21 15:55:13] INFO: TransferInSyncFromErpNextService: DELETE old tabTransferInItem for MAT-STE-2026-00002 deleted rows: 0.
[2026-04-21 15:55:13] INFO: TransferInSyncFromErpNextService: Entry MAT-STE-2026-00002: inserting 2 item(s) into tabTransferInItem.
[2026-04-21 15:55:13] INFO: TransferInSyncFromErpNextService: Inserting tabTransferInItem: parent=MAT-STE-2026-00002, item_code=108231, qty=5.
[2026-04-21 15:55:13] INFO: TransferInSyncFromErpNextService: Item INSERT for 108231 affected rows: 1.
[2026-04-21 15:55:13] INFO: TransferInSyncFromErpNextService: Inserting tabTransferInItem: parent=MAT-STE-2026-00002, item_code=108229, qty=5.
[2026-04-21 15:55:13] INFO: TransferInSyncFromErpNextService: Item INSERT for 108229 affected rows: 1.
[2026-04-21 15:55:13] INFO: TransferInSyncFromErpNextService: Committing transaction for MAT-STE-2026-00002.
[2026-04-21 15:55:13] INFO: TransferInSyncFromErpNextService: Transaction committed for MAT-STE-2026-00002.
[2026-04-21 15:55:13] INFO: TransferInSyncFromErpNextService: Verification tabTransferInItem count for MAT-STE-2026-00002 => 2 row(s).
[2026-04-21 15:55:13] INFO: TransferInSyncFromErpNextService: --- Processing entry: MAT-STE-2026-00003 ---
[2026-04-21 15:55:13] INFO: TransferInSyncFromErpNextService: tabTransferIn INSERT/UPDATE for MAT-STE-2026-00003 affected rows: 1 (1=inserted, 2=updated).
[2026-04-21 15:55:13] INFO: TransferInSyncFromErpNextService: DELETE old tabTransferInItem for MAT-STE-2026-00003 deleted rows: 0.
[2026-04-21 15:55:13] INFO: TransferInSyncFromErpNextService: Entry MAT-STE-2026-00003: inserting 2 item(s) into tabTransferInItem.
[2026-04-21 15:55:13] INFO: TransferInSyncFromErpNextService: Inserting tabTransferInItem: parent=MAT-STE-2026-00003, item_code=108231, qty=5.
[2026-04-21 15:55:13] INFO: TransferInSyncFromErpNextService: Item INSERT for 108231 affected rows: 1.
[2026-04-21 15:55:13] INFO: TransferInSyncFromErpNextService: Inserting tabTransferInItem: parent=MAT-STE-2026-00003, item_code=108229, qty=5.
[2026-04-21 15:55:13] INFO: TransferInSyncFromErpNextService: Item INSERT for 108229 affected rows: 1.
[2026-04-21 15:55:13] INFO: TransferInSyncFromErpNextService: Committing transaction for MAT-STE-2026-00003.
[2026-04-21 15:55:13] INFO: TransferInSyncFromErpNextService: Transaction committed for MAT-STE-2026-00003.
[2026-04-21 15:55:13] INFO: TransferInSyncFromErpNextService: Verification tabTransferInItem count for MAT-STE-2026-00003 => 2 row(s).
[2026-04-21 15:55:13] INFO: Transfer In sync from ERPNext completed. Fetched: 2, entries inserted: 2, updated: 0, items: 4, errors: 0
[2026-04-21 15:55:13] INFO: ErpNextWmsSyncApiService: WMS snapshot updated successfully.
[2026-04-21 15:55:13] INFO: ErpNextWmsSyncApiService: Calling rebuild_wms_stock_balance for company=Mohammed Abdullah Almousa Trading Company, warehouse=Main Warehouse - MAATC
[2026-04-21 15:55:13] INFO: ErpNextWmsSyncApiService: rebuild_wms_stock_balance updated successfully.
[2026-04-21 15:55:13] INFO: ErpNextWmsSyncApiService: rebuild_wms_stock_balance completed successfully.
[2026-04-21 15:55:19] INFO: ASN ASN-0001 Carton CNWH12858: Assigned=Assigned, Actual=Assigned, ReceivedQty=0
[2026-04-21 15:55:19] INFO: ASN ASN-0001 Carton CNWH12854: Assigned=Assigned, Actual=Assigned, ReceivedQty=0
[2026-04-21 15:55:19] INFO: ASN ASN-0001 Carton CNWH15390: Assigned=Assigned, Actual=Assigned, ReceivedQty=0
[2026-04-21 15:55:19] INFO: ASN ASN-0001 Carton CNWH42441: Assigned=Assigned, Actual=Assigned, ReceivedQty=0
[2026-04-21 15:55:19] INFO: ASN ASN-0001 Carton CNWH64571: Assigned=Assigned, Actual=Assigned, ReceivedQty=0
[2026-04-21 15:55:19] INFO: ASN ASN-0001 Carton CNWH64521: Assigned=Assigned, Actual=Assigned, ReceivedQty=0
[2026-04-21 15:55:19] INFO: ASN ASN-0001 Carton CNWH63561: Assigned=Assigned, Actual=Assigned, ReceivedQty=0
[2026-04-21 15:55:19] INFO: ASN ASN-0001 Carton CNWH63609: Assigned=Assigned, Actual=Assigned, ReceivedQty=0
[2026-04-21 15:55:19] INFO: ASN ASN-0002 Carton CNWH12858: Assigned=Assigned, Actual=Assigned, ReceivedQty=0
[2026-04-21 15:55:19] INFO: ASN ASN-0002 Carton CNWH12854: Assigned=Assigned, Actual=Assigned, ReceivedQty=0
[2026-04-21 15:55:19] INFO: ASN WMS-ASN-EXT-127211 Carton CNWH12858: Assigned=Assigned, Actual=Assigned, ReceivedQty=0
[2026-04-21 15:55:19] INFO: ASN WMS-ASN-EXT-127211 Carton CNWH12854: Assigned=Assigned, Actual=Assigned, ReceivedQty=0
[2026-04-21 15:55:21] INFO: TransferOrderApiService: Fetching transfer orders from http://localhost:3000/api/master/transfer-orders
[2026-04-21 15:55:23] INFO: TransferOrderApiService: Fetched 1 transfer order(s) from API
[2026-04-21 15:55:23] INFO: TransferOrderSyncService: Synced 0 new, 1 updated transfer order(s) from API
[2026-04-21 16:23:25] INFO: PutawayTaskDataService: Loaded task PUT-20260421-0001 with status Completed
[2026-04-21 16:23:25] INFO: PutawayTaskDataService: Loaded task PUT-20260421-0002 with status Completed
[2026-04-21 16:23:25] INFO: PutawayTaskDataService: SQL Query: SELECT pl.parent_title, pl.carton_id, pl.item_code, SUM(pl.qty) as qty, pl.rack, pl.bin, pl.location_id
                         FROM tabPutawayLine pl
                         WHERE pl.parent_title IN (@title0,@title1)
                         GROUP BY pl.parent_title, pl.carton_id, pl.item_code, pl.rack, pl.bin, pl.location_id
                         ORDER BY pl.parent_title, pl.item_code
[2026-04-21 16:23:25] INFO: PutawayTaskDataService: Querying lines for 2 tasks: PUT-20260421-0001, PUT-20260421-0002
[2026-04-21 16:23:25] INFO: PutawayTaskDataService: Read 2 lines, now looking up location_ids from tabLocation
[2026-04-21 16:23:25] INFO: PutawayTaskDataService: Added line for PUT-20260421-0001: 247775 (Qty: 50, Carton: PAW-WMSASNEXT127211-1776777663826)
[2026-04-21 16:23:25] INFO: PutawayTaskDataService: Added line for PUT-20260421-0002: 247787 (Qty: 50, Carton: AC1-R01-L4-B5)
[2026-04-21 16:23:25] INFO: PutawayTaskDataService: Total lines read from database: 4, Unique parent titles with lines: 2
[2026-04-21 16:23:25] INFO: PutawayTaskDataService: Task PUT-20260421-0001 has 1 line(s)
[2026-04-21 16:23:25] INFO: PutawayTaskDataService: Task PUT-20260421-0002 has 1 line(s)
[2026-04-21 16:23:25] INFO: PutawayTaskDataService: Total tasks loaded: 2
[2026-04-21 16:23:25] INFO: PutawayTaskListViewModel: Loaded 2 putaway tasks from database, 2 unique tasks displayed
[2026-04-21 16:25:07] INFO: TransferCartonListView: Loaded event fired
[2026-04-21 16:25:07] INFO: TransferCartonListView: Calling RefreshAsync on ViewModel
[2026-04-21 16:25:07] INFO: TransferCartonListViewModel: Starting to load transfer cartons
[2026-04-21 16:25:07] INFO: Loading Transfer Cartons from database...
[2026-04-21 16:25:07] INFO: TransferCartonDataService: Starting schema detection
[2026-04-21 16:25:07] INFO: TransferCartonDataService: Found column 'asn_no'
[2026-04-21 16:25:07] INFO: TransferCartonDataService: Found column 'to_no'
[2026-04-21 16:25:07] INFO: TransferCartonDataService: Returning - AsnColumn=asn_no, ToColumn=to_no
[2026-04-21 16:25:07] INFO: Detected schema: AsnColumn=asn_no, ToColumn=to_no
[2026-04-21 16:25:07] INFO: Executing query: SELECT tc_id, status, asn_no, to_no, store, 
                               created_by, created_on, sealed_by, sealed_on, dispatched_on, remarks,
                               purchase_receipt_no, purchase_receipt_docstatus, purchase_receipt_created, purchase_receipt_submitted,
                               warehouse_transfer_no, warehouse_transfer_created
                        FROM tabTransferCarton
                        ORDER BY created_on DESC, tc_id
[2026-04-21 16:25:07] INFO: Loaded 0 transfer cartons from database
[2026-04-21 16:25:07] INFO: TransferCartonListViewModel: Received 0 transfer cartons from service
[2026-04-21 16:25:07] INFO: TransferCartonListViewModel: Added 0 transfer cartons to collection
[2026-04-21 16:25:07] INFO: TransferCartonListView: RefreshAsync completed
[2026-04-21 16:26:44] INFO: PutawayTaskDataService: Loaded task PUT-20260421-0001 with status Completed
[2026-04-21 16:26:44] INFO: PutawayTaskDataService: Loaded task PUT-20260421-0002 with status Completed
[2026-04-21 16:26:44] INFO: PutawayTaskDataService: SQL Query: SELECT pl.parent_title, pl.carton_id, pl.item_code, SUM(pl.qty) as qty, pl.rack, pl.bin, pl.location_id
                         FROM tabPutawayLine pl
                         WHERE pl.parent_title IN (@title0,@title1)
                         GROUP BY pl.parent_title, pl.carton_id, pl.item_code, pl.rack, pl.bin, pl.location_id
                         ORDER BY pl.parent_title, pl.item_code
[2026-04-21 16:26:44] INFO: PutawayTaskDataService: Querying lines for 2 tasks: PUT-20260421-0001, PUT-20260421-0002
[2026-04-21 16:26:44] INFO: PutawayTaskDataService: Read 2 lines, now looking up location_ids from tabLocation
[2026-04-21 16:26:44] INFO: PutawayTaskDataService: Added line for PUT-20260421-0001: 247775 (Qty: 50, Carton: PAW-WMSASNEXT127211-1776777663826)
[2026-04-21 16:26:44] INFO: PutawayTaskDataService: Added line for PUT-20260421-0002: 247787 (Qty: 50, Carton: AC1-R01-L4-B5)
[2026-04-21 16:26:44] INFO: PutawayTaskDataService: Total lines read from database: 4, Unique parent titles with lines: 2
[2026-04-21 16:26:44] INFO: PutawayTaskDataService: Task PUT-20260421-0001 has 1 line(s)
[2026-04-21 16:26:44] INFO: PutawayTaskDataService: Task PUT-20260421-0002 has 1 line(s)
[2026-04-21 16:26:44] INFO: PutawayTaskDataService: Total tasks loaded: 2
[2026-04-21 16:26:44] INFO: PutawayTaskListViewModel: Loaded 2 putaway tasks from database, 2 unique tasks displayed
[2026-04-21 16:26:44] INFO: TransferCartonListView: Loaded event fired
[2026-04-21 16:26:44] INFO: TransferCartonListView: Calling RefreshAsync on ViewModel
[2026-04-21 16:26:44] INFO: TransferCartonListViewModel: Starting to load transfer cartons
[2026-04-21 16:26:44] INFO: Loading Transfer Cartons from database...
[2026-04-21 16:26:44] INFO: TransferCartonDataService: Starting schema detection
[2026-04-21 16:26:44] INFO: TransferCartonDataService: Found column 'asn_no'
[2026-04-21 16:26:44] INFO: TransferCartonDataService: Found column 'to_no'
[2026-04-21 16:26:44] INFO: TransferCartonDataService: Returning - AsnColumn=asn_no, ToColumn=to_no
[2026-04-21 16:26:44] INFO: Detected schema: AsnColumn=asn_no, ToColumn=to_no
[2026-04-21 16:26:44] INFO: Executing query: SELECT tc_id, status, asn_no, to_no, store, 
                               created_by, created_on, sealed_by, sealed_on, dispatched_on, remarks,
                               purchase_receipt_no, purchase_receipt_docstatus, purchase_receipt_created, purchase_receipt_submitted,
                               warehouse_transfer_no, warehouse_transfer_created
                        FROM tabTransferCarton
                        ORDER BY created_on DESC, tc_id
[2026-04-21 16:26:44] INFO: Loaded 2 transfer cartons from database
[2026-04-21 16:26:44] INFO: TransferCartonListViewModel: Received 2 transfer cartons from service
[2026-04-21 16:26:44] INFO: TransferCartonListViewModel: Added 2 transfer cartons to collection
[2026-04-21 16:26:44] INFO: TransferCartonListView: RefreshAsync completed
[2026-04-21 16:26:50] INFO: TransferCartonDetailViewModel: Loading data for TC-WMS-ASN-EXT-127211-1776777991253
[2026-04-21 16:26:50] INFO: ASN ASN-0001 Carton CNWH12858: Assigned=Assigned, Actual=Assigned, ReceivedQty=0
[2026-04-21 16:26:50] INFO: ASN ASN-0001 Carton CNWH12854: Assigned=Assigned, Actual=Assigned, ReceivedQty=0
[2026-04-21 16:26:50] INFO: ASN ASN-0001 Carton CNWH15390: Assigned=Assigned, Actual=Assigned, ReceivedQty=0
[2026-04-21 16:26:50] INFO: ASN ASN-0001 Carton CNWH42441: Assigned=Assigned, Actual=Assigned, ReceivedQty=0
[2026-04-21 16:26:50] INFO: ASN ASN-0001 Carton CNWH64571: Assigned=Assigned, Actual=Assigned, ReceivedQty=0
[2026-04-21 16:26:50] INFO: ASN ASN-0001 Carton CNWH64521: Assigned=Assigned, Actual=Assigned, ReceivedQty=0
[2026-04-21 16:26:50] INFO: ASN ASN-0001 Carton CNWH63561: Assigned=Assigned, Actual=Assigned, ReceivedQty=0
[2026-04-21 16:26:50] INFO: ASN ASN-0001 Carton CNWH63609: Assigned=Assigned, Actual=Assigned, ReceivedQty=0
[2026-04-21 16:26:50] INFO: ASN ASN-0002 Carton CNWH12858: Assigned=Assigned, Actual=Assigned, ReceivedQty=0
[2026-04-21 16:26:50] INFO: ASN ASN-0002 Carton CNWH12854: Assigned=Assigned, Actual=Assigned, ReceivedQty=0
[2026-04-21 16:26:50] INFO: ASN WMS-ASN-EXT-127211 Carton CNWH12858: Assigned=Received, Actual=Received, ReceivedQty=100
[2026-04-21 16:26:50] INFO: ASN WMS-ASN-EXT-127211 Carton CNWH12854: Assigned=Received, Actual=Received, ReceivedQty=100
[2026-04-21 16:26:50] INFO: TransferCartonDetailViewModel: Loaded ASN WMS-ASN-EXT-127211
[2026-04-21 16:26:50] INFO: TransferCartonDetailViewModel: Loaded Transfer Order WMS-TO-00001
[2026-04-21 16:26:50] INFO: TransferCartonService: Loading contents for transfer carton TC-WMS-ASN-EXT-127211-1776777991253
[2026-04-21 16:26:50] INFO: TransferCartonService: Executing query with tc_id = 'TC-WMS-ASN-EXT-127211-1776777991253'
[2026-04-21 16:26:50] INFO: TransferCartonService: SQL = SELECT 
                            item_code,
                            carton_id AS source_carton,
                            MAX(NULLIF(TRIM(box_id), '')) AS sort_box_id,
                            SUM(qty) AS quantity,
                            MAX(user_id) AS packed_by,
                            MAX(event_time) AS packed_on
                        FROM tabWmsScanEvent
                        WHERE tc_id = @tc_id
                        AND event_type IN ('PACK_BOX_TO_TC', 'PACK_ITEM_TO_TC')
                        AND item_code IS NOT NULL
                        AND item_code != ''
                        AND qty > 0
                        GROUP BY item_code, carton_id
                        ORDER BY packed_on DESC
[2026-04-21 16:26:50] INFO: TransferCartonService: Total events with tc_id = 'TC-WMS-ASN-EXT-127211-1776777991253': 2
[2026-04-21 16:26:50] INFO: TransferCartonService: Events with item_code: 2
[2026-04-21 16:26:50] INFO: TransferCartonService: PACK_BOX_TO_TC events: 2
[2026-04-21 16:26:50] INFO: TransferCartonService: Found grouped item - ItemCode: 247787, SourceCarton: CNWH12854, BoxId: 004-ALRAS-001, Quantity: 25
[2026-04-21 16:26:50] INFO: TransferCartonService: Found grouped item - ItemCode: 247775, SourceCarton: CNWH12858, BoxId: 004-ALRAS-001, Quantity: 25
[2026-04-21 16:26:50] INFO: TransferCartonService: Processed 2 rows from database
[2026-04-21 16:26:50] INFO: TransferCartonService: Found 2 unique items for transfer carton TC-WMS-ASN-EXT-127211-1776777991253
[2026-04-21 16:26:50] INFO: TransferCartonDetailViewModel: Loaded 2 items for transfer carton TC-WMS-ASN-EXT-127211-1776777991253
[2026-04-21 16:26:50] INFO: ErpNextWmsSyncApiService: GetPrStatusForAsn GET http://printechsdammam.dyndns.org:88/api/method/printechs_wms.api.asn_to_purchase_receipt.get_pr_status_for_asn?asn_no=WMS-ASN-EXT-127211
[2026-04-21 16:26:55] INFO: TransferCartonDetailViewModel: Print carton contents (this carton only) for 'TC-WMS-ASN-EXT-127211-1776777991253'
[2026-04-21 16:27:13] INFO: ASN ASN-0001 Carton CNWH12858: Assigned=Assigned, Actual=Assigned, ReceivedQty=0
[2026-04-21 16:27:13] INFO: ASN ASN-0001 Carton CNWH12854: Assigned=Assigned, Actual=Assigned, ReceivedQty=0
[2026-04-21 16:27:13] INFO: ASN ASN-0001 Carton CNWH15390: Assigned=Assigned, Actual=Assigned, ReceivedQty=0
[2026-04-21 16:27:13] INFO: ASN ASN-0001 Carton CNWH42441: Assigned=Assigned, Actual=Assigned, ReceivedQty=0
[2026-04-21 16:27:13] INFO: ASN ASN-0001 Carton CNWH64571: Assigned=Assigned, Actual=Assigned, ReceivedQty=0
[2026-04-21 16:27:13] INFO: ASN ASN-0001 Carton CNWH64521: Assigned=Assigned, Actual=Assigned, ReceivedQty=0
[2026-04-21 16:27:13] INFO: ASN ASN-0001 Carton CNWH63561: Assigned=Assigned, Actual=Assigned, ReceivedQty=0
[2026-04-21 16:27:13] INFO: ASN ASN-0001 Carton CNWH63609: Assigned=Assigned, Actual=Assigned, ReceivedQty=0
[2026-04-21 16:27:13] INFO: ASN ASN-0002 Carton CNWH12858: Assigned=Assigned, Actual=Assigned, ReceivedQty=0
[2026-04-21 16:27:13] INFO: ASN ASN-0002 Carton CNWH12854: Assigned=Assigned, Actual=Assigned, ReceivedQty=0
[2026-04-21 16:27:13] INFO: ASN WMS-ASN-EXT-127211 Carton CNWH12858: Assigned=Received, Actual=Received, ReceivedQty=100
[2026-04-21 16:27:13] INFO: ASN WMS-ASN-EXT-127211 Carton CNWH12854: Assigned=Received, Actual=Received, ReceivedQty=100
[2026-04-21 16:27:16] INFO: ASN ASN-0001 Carton CNWH12858: Assigned=Assigned, Actual=Assigned, ReceivedQty=0
[2026-04-21 16:27:16] INFO: ASN ASN-0001 Carton CNWH12854: Assigned=Assigned, Actual=Assigned, ReceivedQty=0
[2026-04-21 16:27:16] INFO: ASN ASN-0001 Carton CNWH15390: Assigned=Assigned, Actual=Assigned, ReceivedQty=0
[2026-04-21 16:27:16] INFO: ASN ASN-0001 Carton CNWH42441: Assigned=Assigned, Actual=Assigned, ReceivedQty=0
[2026-04-21 16:27:16] INFO: ASN ASN-0001 Carton CNWH64571: Assigned=Assigned, Actual=Assigned, ReceivedQty=0
[2026-04-21 16:27:16] INFO: ASN ASN-0001 Carton CNWH64521: Assigned=Assigned, Actual=Assigned, ReceivedQty=0
[2026-04-21 16:27:16] INFO: ASN ASN-0001 Carton CNWH63561: Assigned=Assigned, Actual=Assigned, ReceivedQty=0
[2026-04-21 16:27:16] INFO: ASN ASN-0001 Carton CNWH63609: Assigned=Assigned, Actual=Assigned, ReceivedQty=0
[2026-04-21 16:27:16] INFO: ASN ASN-0002 Carton CNWH12858: Assigned=Assigned, Actual=Assigned, ReceivedQty=0
[2026-04-21 16:27:16] INFO: ASN ASN-0002 Carton CNWH12854: Assigned=Assigned, Actual=Assigned, ReceivedQty=0
[2026-04-21 16:27:16] INFO: ASN WMS-ASN-EXT-127211 Carton CNWH12858: Assigned=Received, Actual=Received, ReceivedQty=100
[2026-04-21 16:27:16] INFO: ASN WMS-ASN-EXT-127211 Carton CNWH12854: Assigned=Received, Actual=Received, ReceivedQty=100
[2026-04-21 16:27:16] INFO: ASN ASN-0001 Carton CNWH12858: Assigned=Assigned, Actual=Assigned, ReceivedQty=0
[2026-04-21 16:27:16] INFO: ASN ASN-0001 Carton CNWH12854: Assigned=Assigned, Actual=Assigned, ReceivedQty=0
[2026-04-21 16:27:16] INFO: ASN ASN-0001 Carton CNWH15390: Assigned=Assigned, Actual=Assigned, ReceivedQty=0
[2026-04-21 16:27:16] INFO: ASN ASN-0001 Carton CNWH42441: Assigned=Assigned, Actual=Assigned, ReceivedQty=0
[2026-04-21 16:27:16] INFO: ASN ASN-0001 Carton CNWH64571: Assigned=Assigned, Actual=Assigned, ReceivedQty=0
[2026-04-21 16:27:16] INFO: ASN ASN-0001 Carton CNWH64521: Assigned=Assigned, Actual=Assigned, ReceivedQty=0
[2026-04-21 16:27:16] INFO: ASN ASN-0001 Carton CNWH63561: Assigned=Assigned, Actual=Assigned, ReceivedQty=0
[2026-04-21 16:27:16] INFO: ASN ASN-0001 Carton CNWH63609: Assigned=Assigned, Actual=Assigned, ReceivedQty=0
[2026-04-21 16:27:16] INFO: ASN ASN-0002 Carton CNWH12858: Assigned=Assigned, Actual=Assigned, ReceivedQty=0
[2026-04-21 16:27:16] INFO: ASN ASN-0002 Carton CNWH12854: Assigned=Assigned, Actual=Assigned, ReceivedQty=0
[2026-04-21 16:27:16] INFO: ASN WMS-ASN-EXT-127211 Carton CNWH12858: Assigned=Received, Actual=Received, ReceivedQty=100
[2026-04-21 16:27:16] INFO: ASN WMS-ASN-EXT-127211 Carton CNWH12854: Assigned=Received, Actual=Received, ReceivedQty=100
[2026-04-22 09:22:33] INFO: ASN ASN-0001 Carton CNWH12858: Assigned=Assigned, Actual=Assigned, ReceivedQty=0
[2026-04-22 09:22:33] INFO: ASN ASN-0001 Carton CNWH12854: Assigned=Assigned, Actual=Assigned, ReceivedQty=0
[2026-04-22 09:22:33] INFO: ASN ASN-0001 Carton CNWH15390: Assigned=Assigned, Actual=Assigned, ReceivedQty=0
[2026-04-22 09:22:33] INFO: ASN ASN-0001 Carton CNWH42441: Assigned=Assigned, Actual=Assigned, ReceivedQty=0
[2026-04-22 09:22:33] INFO: ASN ASN-0001 Carton CNWH64571: Assigned=Assigned, Actual=Assigned, ReceivedQty=0
[2026-04-22 09:22:33] INFO: ASN ASN-0001 Carton CNWH64521: Assigned=Assigned, Actual=Assigned, ReceivedQty=0
[2026-04-22 09:22:33] INFO: ASN ASN-0001 Carton CNWH63561: Assigned=Assigned, Actual=Assigned, ReceivedQty=0
[2026-04-22 09:22:33] INFO: ASN ASN-0001 Carton CNWH63609: Assigned=Assigned, Actual=Assigned, ReceivedQty=0
[2026-04-22 09:22:33] INFO: ASN ASN-0002 Carton CNWH12858: Assigned=Assigned, Actual=Assigned, ReceivedQty=0
[2026-04-22 09:22:33] INFO: ASN ASN-0002 Carton CNWH12854: Assigned=Assigned, Actual=Assigned, ReceivedQty=0
[2026-04-22 09:22:33] INFO: ASN WMS-ASN-EXT-127211 Carton CNWH12858: Assigned=Received, Actual=Received, ReceivedQty=100
[2026-04-22 09:22:33] INFO: ASN WMS-ASN-EXT-127211 Carton CNWH12854: Assigned=Received, Actual=Received, ReceivedQty=100
[2026-04-22 09:23:28] INFO: ASN ASN-0001 Carton CNWH12858: Assigned=Assigned, Actual=Assigned, ReceivedQty=0
[2026-04-22 09:23:28] INFO: ASN ASN-0001 Carton CNWH12854: Assigned=Assigned, Actual=Assigned, ReceivedQty=0
[2026-04-22 09:23:28] INFO: ASN ASN-0001 Carton CNWH15390: Assigned=Assigned, Actual=Assigned, ReceivedQty=0
[2026-04-22 09:23:28] INFO: ASN ASN-0001 Carton CNWH42441: Assigned=Assigned, Actual=Assigned, ReceivedQty=0
[2026-04-22 09:23:28] INFO: ASN ASN-0001 Carton CNWH64571: Assigned=Assigned, Actual=Assigned, ReceivedQty=0
[2026-04-22 09:23:28] INFO: ASN ASN-0001 Carton CNWH64521: Assigned=Assigned, Actual=Assigned, ReceivedQty=0
[2026-04-22 09:23:28] INFO: ASN ASN-0001 Carton CNWH63561: Assigned=Assigned, Actual=Assigned, ReceivedQty=0
[2026-04-22 09:23:28] INFO: ASN ASN-0001 Carton CNWH63609: Assigned=Assigned, Actual=Assigned, ReceivedQty=0
[2026-04-22 09:23:28] INFO: ASN ASN-0002 Carton CNWH12858: Assigned=Assigned, Actual=Assigned, ReceivedQty=0
[2026-04-22 09:23:28] INFO: ASN ASN-0002 Carton CNWH12854: Assigned=Assigned, Actual=Assigned, ReceivedQty=0
[2026-04-22 09:23:28] INFO: ASN WMS-ASN-EXT-127211 Carton CNWH12858: Assigned=Received, Actual=Received, ReceivedQty=100
[2026-04-22 09:23:28] INFO: ASN WMS-ASN-EXT-127211 Carton CNWH12854: Assigned=Received, Actual=Received, ReceivedQty=100
[2026-04-22 09:23:39] INFO: PurchaseOrderListView: Loaded event fired, refreshing data
[2026-04-22 09:23:39] INFO: PurchaseOrderListView: Calling RefreshAsync on ViewModel
[2026-04-22 09:23:39] INFO: Loading Purchase Orders from database...
[2026-04-22 09:23:39] INFO: Loaded 0 Purchase Orders from database
[2026-04-22 09:23:39] INFO: PurchaseOrderListViewModel: Loaded 0 Purchase Orders from database
[2026-04-22 09:23:39] INFO: PurchaseOrderListView: RefreshAsync completed
[2026-04-22 09:23:41] INFO: ASN ASN-0001 Carton CNWH12858: Assigned=Assigned, Actual=Assigned, ReceivedQty=0
[2026-04-22 09:23:41] INFO: ASN ASN-0001 Carton CNWH12854: Assigned=Assigned, Actual=Assigned, ReceivedQty=0
[2026-04-22 09:23:41] INFO: ASN ASN-0001 Carton CNWH15390: Assigned=Assigned, Actual=Assigned, ReceivedQty=0
[2026-04-22 09:23:41] INFO: ASN ASN-0001 Carton CNWH42441: Assigned=Assigned, Actual=Assigned, ReceivedQty=0
[2026-04-22 09:23:41] INFO: ASN ASN-0001 Carton CNWH64571: Assigned=Assigned, Actual=Assigned, ReceivedQty=0
[2026-04-22 09:23:41] INFO: ASN ASN-0001 Carton CNWH64521: Assigned=Assigned, Actual=Assigned, ReceivedQty=0
[2026-04-22 09:23:41] INFO: ASN ASN-0001 Carton CNWH63561: Assigned=Assigned, Actual=Assigned, ReceivedQty=0
[2026-04-22 09:23:41] INFO: ASN ASN-0001 Carton CNWH63609: Assigned=Assigned, Actual=Assigned, ReceivedQty=0
[2026-04-22 09:23:41] INFO: ASN ASN-0002 Carton CNWH12858: Assigned=Assigned, Actual=Assigned, ReceivedQty=0
[2026-04-22 09:23:41] INFO: ASN ASN-0002 Carton CNWH12854: Assigned=Assigned, Actual=Assigned, ReceivedQty=0
[2026-04-22 09:23:41] INFO: ASN WMS-ASN-EXT-127211 Carton CNWH12858: Assigned=Received, Actual=Received, ReceivedQty=100
[2026-04-22 09:23:41] INFO: ASN WMS-ASN-EXT-127211 Carton CNWH12854: Assigned=Received, Actual=Received, ReceivedQty=100
[2026-04-22 09:24:18] INFO: TransferOrderApiService: Fetching transfer orders from http://localhost:3000/api/master/transfer-orders
[2026-04-22 09:24:20] INFO: ASN ASN-0001 Carton CNWH12858: Assigned=Assigned, Actual=Assigned, ReceivedQty=0
[2026-04-22 09:24:20] INFO: ASN ASN-0001 Carton CNWH12854: Assigned=Assigned, Actual=Assigned, ReceivedQty=0
[2026-04-22 09:24:20] INFO: ASN ASN-0001 Carton CNWH15390: Assigned=Assigned, Actual=Assigned, ReceivedQty=0
[2026-04-22 09:24:20] INFO: ASN ASN-0001 Carton CNWH42441: Assigned=Assigned, Actual=Assigned, ReceivedQty=0
[2026-04-22 09:24:20] INFO: ASN ASN-0001 Carton CNWH64571: Assigned=Assigned, Actual=Assigned, ReceivedQty=0
[2026-04-22 09:24:20] INFO: ASN ASN-0001 Carton CNWH64521: Assigned=Assigned, Actual=Assigned, ReceivedQty=0
[2026-04-22 09:24:20] INFO: ASN ASN-0001 Carton CNWH63561: Assigned=Assigned, Actual=Assigned, ReceivedQty=0
[2026-04-22 09:24:20] INFO: ASN ASN-0001 Carton CNWH63609: Assigned=Assigned, Actual=Assigned, ReceivedQty=0
[2026-04-22 09:24:20] INFO: ASN ASN-0002 Carton CNWH12858: Assigned=Assigned, Actual=Assigned, ReceivedQty=0
[2026-04-22 09:24:20] INFO: ASN ASN-0002 Carton CNWH12854: Assigned=Assigned, Actual=Assigned, ReceivedQty=0
[2026-04-22 09:24:20] INFO: ASN WMS-ASN-EXT-127211 Carton CNWH12858: Assigned=Received, Actual=Received, ReceivedQty=100
[2026-04-22 09:24:20] INFO: ASN WMS-ASN-EXT-127211 Carton CNWH12854: Assigned=Received, Actual=Received, ReceivedQty=100
[2026-04-22 09:24:20] INFO: TransferOrderApiService: Fetched 1 transfer order(s) from API
[2026-04-22 09:24:20] INFO: TransferOrderSyncService: Synced 0 new, 1 updated transfer order(s) from API
[2026-04-22 09:24:23] INFO: WmsTransactionDataService: Saving transaction 'WMS-TRANS-0001'
[2026-04-22 09:24:23] INFO: WmsTransactionDataService: Successfully saved transaction 'WMS-TRANS-0001'
[2026-04-22 09:24:23] INFO: WmsTransactionAutoCreateService: Created Receiving transaction WMS-TRANS-0001 for ASN WMS-ASN-EXT-127211
[2026-04-22 09:24:23] INFO: WmsTransactionDataService: Saving transaction 'WMS-TRANS-0002'
[2026-04-22 09:24:23] INFO: WmsTransactionDataService: Successfully saved transaction 'WMS-TRANS-0002'
[2026-04-22 09:24:23] INFO: WmsTransactionAutoCreateService: Created Putaway transaction WMS-TRANS-0002 for task PUT-20260421-0001
[2026-04-22 09:24:23] INFO: WmsTransactionDataService: Saving transaction 'WMS-TRANS-0003'
[2026-04-22 09:24:23] INFO: WmsTransactionDataService: Successfully saved transaction 'WMS-TRANS-0003'
[2026-04-22 09:24:23] INFO: WmsTransactionAutoCreateService: Created Putaway transaction WMS-TRANS-0003 for task PUT-20260421-0002
[2026-04-22 09:24:23] INFO: Loading WMS Transactions from database...
[2026-04-22 09:24:23] INFO: Loaded 3 WMS Transactions from database
[2026-04-22 09:24:25] INFO: TransferOrderApiService: Fetching transfer orders from http://localhost:3000/api/master/transfer-orders
[2026-04-22 09:24:26] INFO: ASN ASN-0001 Carton CNWH12858: Assigned=Assigned, Actual=Assigned, ReceivedQty=0
[2026-04-22 09:24:26] INFO: ASN ASN-0001 Carton CNWH12854: Assigned=Assigned, Actual=Assigned, ReceivedQty=0
[2026-04-22 09:24:26] INFO: ASN ASN-0001 Carton CNWH15390: Assigned=Assigned, Actual=Assigned, ReceivedQty=0
[2026-04-22 09:24:26] INFO: ASN ASN-0001 Carton CNWH42441: Assigned=Assigned, Actual=Assigned, ReceivedQty=0
[2026-04-22 09:24:26] INFO: ASN ASN-0001 Carton CNWH64571: Assigned=Assigned, Actual=Assigned, ReceivedQty=0
[2026-04-22 09:24:26] INFO: ASN ASN-0001 Carton CNWH64521: Assigned=Assigned, Actual=Assigned, ReceivedQty=0
[2026-04-22 09:24:26] INFO: ASN ASN-0001 Carton CNWH63561: Assigned=Assigned, Actual=Assigned, ReceivedQty=0
[2026-04-22 09:24:26] INFO: ASN ASN-0001 Carton CNWH63609: Assigned=Assigned, Actual=Assigned, ReceivedQty=0
[2026-04-22 09:24:26] INFO: ASN ASN-0002 Carton CNWH12858: Assigned=Assigned, Actual=Assigned, ReceivedQty=0
[2026-04-22 09:24:26] INFO: ASN ASN-0002 Carton CNWH12854: Assigned=Assigned, Actual=Assigned, ReceivedQty=0
[2026-04-22 09:24:26] INFO: ASN WMS-ASN-EXT-127211 Carton CNWH12858: Assigned=Received, Actual=Received, ReceivedQty=100
[2026-04-22 09:24:26] INFO: ASN WMS-ASN-EXT-127211 Carton CNWH12854: Assigned=Received, Actual=Received, ReceivedQty=100
[2026-04-22 09:24:27] INFO: TransferOrderApiService: Fetched 1 transfer order(s) from API
[2026-04-22 09:24:27] INFO: TransferOrderSyncService: Synced 0 new, 1 updated transfer order(s) from API
