[2026-04-22 11:27:13] INFO: AuthService: Attempting login to http://localhost:3000/api/auth/login for user sysadmin
[2026-04-22 11:27:16] INFO: AuthService: Login response status: OK
[2026-04-22 11:27:16] INFO: AuthService: Login successful for user sysadmin
[2026-04-22 11:27:21] INFO: TransferOrderApiService: Fetching transfer orders from http://localhost:3000/api/master/transfer-orders
[2026-04-22 11:27:23] INFO: TransferOrderApiService: Fetched 1 transfer order(s) from API
[2026-04-22 11:27:24] INFO: TransferOrderSyncService: Synced 0 new, 1 updated transfer order(s) from API
[2026-04-22 11:40:06] INFO: TransferCartonListView: Loaded event fired
[2026-04-22 11:40:06] INFO: TransferCartonListView: Calling RefreshAsync on ViewModel
[2026-04-22 11:40:06] INFO: TransferCartonListViewModel: Starting to load transfer cartons
[2026-04-22 11:40:06] INFO: Loading Transfer Cartons from database...
[2026-04-22 11:40:06] INFO: TransferCartonDataService: Starting schema detection
[2026-04-22 11:40:06] INFO: TransferCartonDataService: Found column 'asn_no'
[2026-04-22 11:40:06] INFO: TransferCartonDataService: Found column 'to_no'
[2026-04-22 11:40:06] INFO: TransferCartonDataService: Returning - AsnColumn=asn_no, ToColumn=to_no
[2026-04-22 11:40:06] INFO: Detected schema: AsnColumn=asn_no, ToColumn=to_no
[2026-04-22 11:40:06] INFO: Executing query: SELECT tc_id, status, asn_no, to_no, store, 
                               created_by, created_on, sealed_by, sealed_on, dispatched_on, remarks,
                               purchase_receipt_no, purchase_receipt_docstatus, purchase_receipt_created, purchase_receipt_submitted,
                               warehouse_transfer_no, warehouse_transfer_created
                        FROM tabTransferCarton
                        ORDER BY created_on DESC, tc_id
[2026-04-22 11:40:07] INFO: Loaded 2 transfer cartons from database
[2026-04-22 11:40:07] INFO: TransferCartonListViewModel: Received 2 transfer cartons from service
[2026-04-22 11:40:07] INFO: TransferCartonListViewModel: Added 2 transfer cartons to collection
[2026-04-22 11:40:07] INFO: TransferCartonListView: RefreshAsync completed
[2026-04-22 11:40:09] INFO: PutawayTaskDataService: Loaded task PUT-20260421-0001 with status Completed
[2026-04-22 11:40:09] INFO: PutawayTaskDataService: Loaded task PUT-20260421-0002 with status Completed
[2026-04-22 11:40:09] INFO: PutawayTaskDataService: SQL Query: SELECT pl.parent_title, pl.carton_id, pl.item_code, SUM(pl.qty) as qty, pl.rack, pl.bin, pl.location_id
                         FROM tabPutawayLine pl
                         WHERE pl.parent_title IN (@title0,@title1)
                         GROUP BY pl.parent_title, pl.carton_id, pl.item_code, pl.rack, pl.bin, pl.location_id
                         ORDER BY pl.parent_title, pl.item_code
[2026-04-22 11:40:09] INFO: PutawayTaskDataService: Querying lines for 2 tasks: PUT-20260421-0001, PUT-20260421-0002
[2026-04-22 11:40:09] INFO: PutawayTaskDataService: Read 2 lines, now looking up location_ids from tabLocation
[2026-04-22 11:40:09] INFO: PutawayTaskDataService: Added line for PUT-20260421-0001: 247775 (Qty: 50, Carton: PAW-WMSASNEXT127211-1776777663826)
[2026-04-22 11:40:09] INFO: PutawayTaskDataService: Added line for PUT-20260421-0002: 247787 (Qty: 50, Carton: AC1-R01-L4-B5)
[2026-04-22 11:40:09] INFO: PutawayTaskDataService: Total lines read from database: 4, Unique parent titles with lines: 2
[2026-04-22 11:40:09] INFO: PutawayTaskDataService: Task PUT-20260421-0001 has 1 line(s)
[2026-04-22 11:40:09] INFO: PutawayTaskDataService: Task PUT-20260421-0002 has 1 line(s)
[2026-04-22 11:40:09] INFO: PutawayTaskDataService: Total tasks loaded: 2
[2026-04-22 11:40:09] INFO: PutawayTaskListViewModel: Loaded 2 putaway tasks from database, 2 unique tasks displayed
[2026-04-22 13:00:08] INFO: ASN ASN-0001 Carton CNWH12858: Assigned=Assigned, Actual=Assigned, ReceivedQty=0
[2026-04-22 13:00:08] INFO: ASN ASN-0001 Carton CNWH12854: Assigned=Assigned, Actual=Assigned, ReceivedQty=0
[2026-04-22 13:00:08] INFO: ASN ASN-0001 Carton CNWH15390: Assigned=Assigned, Actual=Assigned, ReceivedQty=0
[2026-04-22 13:00:08] INFO: ASN ASN-0001 Carton CNWH42441: Assigned=Assigned, Actual=Assigned, ReceivedQty=0
[2026-04-22 13:00:08] INFO: ASN ASN-0001 Carton CNWH64571: Assigned=Assigned, Actual=Assigned, ReceivedQty=0
[2026-04-22 13:00:08] INFO: ASN ASN-0001 Carton CNWH64521: Assigned=Assigned, Actual=Assigned, ReceivedQty=0
[2026-04-22 13:00:08] INFO: ASN ASN-0001 Carton CNWH63561: Assigned=Assigned, Actual=Assigned, ReceivedQty=0
[2026-04-22 13:00:08] INFO: ASN ASN-0001 Carton CNWH63609: Assigned=Assigned, Actual=Assigned, ReceivedQty=0
[2026-04-22 13:00:08] INFO: ASN ASN-0002 Carton CNWH12858: Assigned=Assigned, Actual=Assigned, ReceivedQty=0
[2026-04-22 13:00:08] INFO: ASN ASN-0002 Carton CNWH12854: Assigned=Assigned, Actual=Assigned, ReceivedQty=0
[2026-04-22 13:00:08] INFO: ASN WMS-ASN-EXT-127211 Carton CNWH12858: Assigned=Received, Actual=Received, ReceivedQty=0
[2026-04-22 13:00:08] INFO: ASN WMS-ASN-EXT-127211 Carton CNWH12854: Assigned=Receiving, Actual=Receiving, ReceivedQty=50
[2026-04-22 13:02:17] INFO: ASN sync from ERPNext started.
[2026-04-22 13:02:18] INFO: ErpNextWmsSyncApiService: [Item Group] Fetching ASNs from http://printechsdammam.dyndns.org:88/api/method/printechs_wms.api.wms_sync.get_asns_for_wms?export_pending=1&include_items=1
[2026-04-22 13:02:18] INFO: ErpNextWmsSyncApiService: [Item Group] Fetched 4 ASNs
[2026-04-22 13:02:18] INFO: ErpNextWmsSyncApiService: [ASN] Fetching ASNs from http://printechsdammam.dyndns.org:88/api/method/printechs_wms.api.wms_sync.get_asns_for_wms?export_pending=1&include_items=1
[2026-04-22 13:02:18] INFO: ErpNextWmsSyncApiService: [ASN] Fetched 4 ASNs
[2026-04-22 13:02:18] INFO: ErpNextWmsSyncApiService: [ASN Status] Fetching ASNs from http://printechsdammam.dyndns.org:88/api/method/printechs_wms.api.wms_sync.get_asns_for_wms?export_pending=1&include_items=1
[2026-04-22 13:02:18] INFO: ErpNextWmsSyncApiService: [ASN Status] Fetched 4 ASNs
[2026-04-22 13:02:18] INFO: ErpNextWmsSyncApiService: [MR] Fetching ASNs from http://printechsdammam.dyndns.org:88/api/method/printechs_wms.api.wms_sync.get_asns_for_wms?export_pending=1&include_items=1
[2026-04-22 13:02:18] INFO: ErpNextWmsSyncApiService: [MR] Fetched 4 ASNs
[2026-04-22 13:02:18] INFO: ErpNextWmsSyncApiService: [ERPNext 9] Fetching ASNs from http://printechsdammam.dyndns.org:88/api/method/printechs_wms.api.wms_sync.get_asns_for_wms?export_pending=1&include_items=1
[2026-04-22 13:02:18] INFO: ErpNextWmsSyncApiService: [ERPNext 9] Fetched 4 ASNs
[2026-04-22 13:02:18] INFO: ErpNextWmsSyncApiService: [Stock Entry] Fetching ASNs from http://printechsdammam.dyndns.org:88/api/method/printechs_wms.api.wms_sync.get_asns_for_wms?export_pending=1&include_items=1
[2026-04-22 13:02:18] INFO: ErpNextWmsSyncApiService: [Stock Entry] Fetched 4 ASNs
[2026-04-22 13:02:18] INFO: ErpNextWmsSyncApiService: [ERPNext 11] Fetching ASNs from http://printechsdammam.dyndns.org:88/api/method/printechs_wms.api.wms_sync.get_asns_for_wms?export_pending=1&include_items=1
[2026-04-22 13:02:18] INFO: ErpNextWmsSyncApiService: [ERPNext 11] Fetched 4 ASNs
[2026-04-22 13:02:18] INFO: ErpNextWmsSyncApiService: ERPNext 13 API URL or key not configured
[2026-04-22 13:02:18] INFO: AsnSyncFromErpNextService: Syncing 4 ASN(s) with items.
[2026-04-22 13:02:18] INFO: ASN sync from ERPNext completed. Fetched: 4, ASNs inserted: 4, updated: 0, items: 72, errors: 0
[2026-04-22 13:02:18] INFO: ErpNextWmsSyncApiService: Posting ASN WMS-ASN-EXT-00004 status=Exported to http://printechsdammam.dyndns.org:88/api/method/printechs_wms.api.wms_sync.update_asn_wms_status
[2026-04-22 13:02:19] INFO: ErpNextWmsSyncApiService: ASN status updated successfully.
[2026-04-22 13:02:19] INFO: ErpNextWmsSyncApiService: Posting ASN WMS-ASN-EXT-127211 status=Exported to http://printechsdammam.dyndns.org:88/api/method/printechs_wms.api.wms_sync.update_asn_wms_status
[2026-04-22 13:02:19] INFO: ErpNextWmsSyncApiService: ASN status updated successfully.
[2026-04-22 13:02:19] INFO: ErpNextWmsSyncApiService: Posting ASN ASN-0002 status=Exported to http://printechsdammam.dyndns.org:88/api/method/printechs_wms.api.wms_sync.update_asn_wms_status
[2026-04-22 13:02:19] ERROR: ErpNextWmsSyncApiService: ASN status API returned ExpectationFailed: {"exception":"frappe.exceptions.ValidationError:  Status cannot be \"Received\". It should be one of \"Draft\", \"Open\", \"Completed\", \"Cancelled\"","exc_type":"ValidationError","_exc_source":"printechs_wms (app)","exc":"[\"Traceback (most recent call last):\\n  File \\\"apps/frappe/frappe/app.py\\\", line 120, in application\\n    response = frappe.api.handle(request)\\n               ^^^^^^^^^^^^^^^^^^^^^^^^^^\\n  File \\\"apps/frappe/frappe/api/__init__.py\\\", line 52, in handle\\n    data = endpoint(**arguments)\\n           ^^^^^^^^^^^^^^^^^^^^^\\n  File \\\"apps/frappe/frappe/api/v1.py\\\", line 40, in handle_rpc_call\\n    return frappe.handler.handle()\\n           ^^^^^^^^^^^^^^^^^^^^^^^\\n  File \\\"apps/frappe/frappe/handler.py\\\", line 52, in handle\\n    data = execute_cmd(cmd)\\n           ^^^^^^^^^^^^^^^^\\n  File \\\"apps/frappe/frappe/handler.py\\\", line 85, in execute_cmd\\n    return frappe.call(method, **frappe.form_dict)\\n           ^^^^^^^^^^^^^^^^^^^^^^^^^^^^^^^^^^^^^^^\\n  File \\\"apps/frappe/frappe/__init__.py\\\", line 1754, in call\\n    return fn(*args, **newargs)\\n           ^^^^^^^^^^^^^^^^^^^^\\n  File \\\"apps/frappe/frappe/utils/typing_validations.py\\\", line 32, in wrapper\\n    return func(*args, **kwargs)\\n           ^^^^^^^^^^^^^^^^^^^^^\\n  File \\\"apps/printechs_wms/printechs_wms/api/wms_sync.py\\\", line 379, in update_asn_wms_status\\n    doc.save()\\n  File \\\"apps/frappe/frappe/model/document.py\\\", line 378, in save\\n    return self._save(*args, **kwargs)\\n           ^^^^^^^^^^^^^^^^^^^^^^^^^^^\\n  File \\\"apps/frappe/frappe/model/document.py\\\", line 417, in _save\\n    self._validate()\\n  File \\\"apps/frappe/frappe/model/document.py\\\", line 624, in _validate\\n    self._validate_selects()\\n  File \\\"apps/frappe/frappe/model/base_document.py\\\", line 913, in _validate_selects\\n    frappe.throw(\\n  File \\\"apps/frappe/frappe/__init__.py\\\", line 609, in throw\\n    msgprint(\\n  File \\\"apps/frappe/frappe/__init__.py\\\", line 574, in msgprint\\n    _raise_exception()\\n  File \\\"apps/frappe/frappe/__init__.py\\\", line 525, in _raise_exception\\n    raise exc\\nfrappe.exceptions.ValidationError:  Status cannot be \\\"Received\\\". It should be one of \\\"Draft\\\", \\\"Open\\\", \\\"Completed\\\", \\\"Cancelled\\\"\\n\"]","_server_messages":"[\"{\\\"message\\\": \\\" Status cannot be \\\\\\\"Received\\\\\\\". It should be one of \\\\\\\"Draft\\\\\\\", \\\\\\\"Open\\\\\\\", \\\\\\\"Completed\\\\\\\", \\\\\\\"Cancelled\\\\\\\"\\\", \\\"title\\\": \\\"Message\\\", \\\"indicator\\\": \\\"red\\\", \\\"raise_exception\\\": 1, \\\"__frappe_exc_id\\\": \\\"40063cf3085a3ebf4d028d2edbc79a210b2b86361f73c4a86802b378\\\"}\"]"}
--------------------------------------------------------------------------------
[2026-04-22 13:02:19] ERROR: AsnSyncFromErpNextService: Failed to post ASN ASN-0002 status to ERPNext: ExpectationFailed: {"exception":"frappe.exceptions.ValidationError:  Status cannot be \"Received\". It should be one of \"Draft\", \"Open\", \"Completed\", \"Cancelled\"","exc_type":"ValidationError","_exc_source":"printechs_wms (app)","exc":"[\"Traceback (most recent call last):\\n  File \\\"apps/frappe/frappe/app.py\\\", line 120, in application\\n    response = frappe.api.handle(request)\\n               ^^^^^^^^^^^^^^^^^^^^^^^^^^\\n  File \\\"apps/frappe/frappe/api/__init__.py\\\", line 52, in handle\\n    data = endpoint(**arguments)\\n           ^^^^^^^^^^^^^^^^^^^^^\\n  File \\\"apps/frappe/frappe/api/v1.py\\\", line 40, in handle_rpc_call\\n    return frappe.handler.handle()\\n           ^^^^^^^^^^^^^^^^^^^^^^^\\n  File \\\"apps/frappe/frappe/handler.py\\\", line 52, in handle\\n    data = execute_cmd(cmd)\\n           ^^^^^^^^^^^^^^^^\\n  File \\\"apps/frappe/frappe/handler.py\\\", line 85, in execute_cmd\\n    return frappe.call(method, **frappe.form_dict)\\n           ^^^^^^^^^^^^^^^^^^^^^^^^^^^^^^^^^^^^^^^\\n  File \\\"apps/frappe/frappe/__init__.py\\\", line 1754, in call\\n    return fn(*args, **newargs)\\n           ^^^^^^^^^^^^^^^^^^^^\\n  File \\\"apps/frappe/frappe/utils/typing_validations.py\\\", line 32, in wrapper\\n    return func(*args, **kwargs)\\n           ^^^^^^^^^^^^^^^^^^^^^\\n  File \\\"apps/printechs_wms/printechs_wms/api/wms_sync.py\\\", line 379, in update_asn_wms_status\\n    doc.save()\\n  File \\\"apps/frappe/frappe/model/document.py\\\", line 378, in save\\n    return self._save(*args, **kwargs)\\n           ^^^^^^^^^^^^^^^^^^^^^^^^^^^\\n  File \\\"apps/frappe/frappe/model/document.py\\\", line 417, in _save\\n    self._validate()\\n  File \\\"apps/frappe/frappe/model/document.py\\\", line 624, in _validate\\n    self._validate_selects()\\n  File \\\"apps/frappe/frappe/model/base_document.py\\\", line 913, in _validate_selects\\n    frappe.throw(\\n  File \\\"apps/frappe/frappe/__init__.py\\\", line 609, in throw\\n    msgprint(\\n  File \\\"apps/frappe/frappe/__init__.py\\\", line 574, in msgprint\\n    _raise_exception()\\n  File \\\"apps/frappe/frappe/__init__.py\\\", line 525, in _raise_exception\\n    raise exc\\nfrappe.exceptions.ValidationError:  Status cannot be \\\"Received\\\". It should be one of \\\"Draft\\\", \\\"Open\\\", \\\"Completed\\\", \\\"Cancelled\\\"\\n\"]","_server_messages":"[\"{\\\"message\\\": \\\" Status cannot be \\\\\\\"Received\\\\\\\". It should be one of \\\\\\\"Draft\\\\\\\", \\\\\\\"Open\\\\\\\", \\\\\\\"Completed\\\\\\\", \\\\\\\"Cancelled\\\\\\\"\\\", \\\"title\\\": \\\"Message\\\", \\\"indicator\\\": \\\"red\\\", \\\"raise_exception\\\": 1, \\\"__frappe_exc_id\\\": \\\"40063cf3085a3ebf4d028d2edbc79a210b2b86361f73c4a86802b378\\\"}\"]"}
--------------------------------------------------------------------------------
[2026-04-22 13:02:19] INFO: ErpNextWmsSyncApiService: Posting ASN ASN-0001 status=Exported to http://printechsdammam.dyndns.org:88/api/method/printechs_wms.api.wms_sync.update_asn_wms_status
[2026-04-22 13:02:19] ERROR: ErpNextWmsSyncApiService: ASN status API returned ExpectationFailed: {"exception":"frappe.exceptions.ValidationError:  Status cannot be \"Partially Received\". It should be one of \"Draft\", \"Open\", \"Completed\", \"Cancelled\"","exc_type":"ValidationError","_exc_source":"printechs_wms (app)","exc":"[\"Traceback (most recent call last):\\n  File \\\"apps/frappe/frappe/app.py\\\", line 120, in application\\n    response = frappe.api.handle(request)\\n               ^^^^^^^^^^^^^^^^^^^^^^^^^^\\n  File \\\"apps/frappe/frappe/api/__init__.py\\\", line 52, in handle\\n    data = endpoint(**arguments)\\n           ^^^^^^^^^^^^^^^^^^^^^\\n  File \\\"apps/frappe/frappe/api/v1.py\\\", line 40, in handle_rpc_call\\n    return frappe.handler.handle()\\n           ^^^^^^^^^^^^^^^^^^^^^^^\\n  File \\\"apps/frappe/frappe/handler.py\\\", line 52, in handle\\n    data = execute_cmd(cmd)\\n           ^^^^^^^^^^^^^^^^\\n  File \\\"apps/frappe/frappe/handler.py\\\", line 85, in execute_cmd\\n    return frappe.call(method, **frappe.form_dict)\\n           ^^^^^^^^^^^^^^^^^^^^^^^^^^^^^^^^^^^^^^^\\n  File \\\"apps/frappe/frappe/__init__.py\\\", line 1754, in call\\n    return fn(*args, **newargs)\\n           ^^^^^^^^^^^^^^^^^^^^\\n  File \\\"apps/frappe/frappe/utils/typing_validations.py\\\", line 32, in wrapper\\n    return func(*args, **kwargs)\\n           ^^^^^^^^^^^^^^^^^^^^^\\n  File \\\"apps/printechs_wms/printechs_wms/api/wms_sync.py\\\", line 379, in update_asn_wms_status\\n    doc.save()\\n  File \\\"apps/frappe/frappe/model/document.py\\\", line 378, in save\\n    return self._save(*args, **kwargs)\\n           ^^^^^^^^^^^^^^^^^^^^^^^^^^^\\n  File \\\"apps/frappe/frappe/model/document.py\\\", line 417, in _save\\n    self._validate()\\n  File \\\"apps/frappe/frappe/model/document.py\\\", line 624, in _validate\\n    self._validate_selects()\\n  File \\\"apps/frappe/frappe/model/base_document.py\\\", line 913, in _validate_selects\\n    frappe.throw(\\n  File \\\"apps/frappe/frappe/__init__.py\\\", line 609, in throw\\n    msgprint(\\n  File \\\"apps/frappe/frappe/__init__.py\\\", line 574, in msgprint\\n    _raise_exception()\\n  File \\\"apps/frappe/frappe/__init__.py\\\", line 525, in _raise_exception\\n    raise exc\\nfrappe.exceptions.ValidationError:  Status cannot be \\\"Partially Received\\\". It should be one of \\\"Draft\\\", \\\"Open\\\", \\\"Completed\\\", \\\"Cancelled\\\"\\n\"]","_server_messages":"[\"{\\\"message\\\": \\\" Status cannot be \\\\\\\"Partially Received\\\\\\\". It should be one of \\\\\\\"Draft\\\\\\\", \\\\\\\"Open\\\\\\\", \\\\\\\"Completed\\\\\\\", \\\\\\\"Cancelled\\\\\\\"\\\", \\\"title\\\": \\\"Message\\\", \\\"indicator\\\": \\\"red\\\", \\\"raise_exception\\\": 1, \\\"__frappe_exc_id\\\": \\\"77f3ffb01500df5b21c7e2e03f422591a47efbb045dbc5121e31b0b6\\\"}\"]"}
--------------------------------------------------------------------------------
[2026-04-22 13:02:19] ERROR: AsnSyncFromErpNextService: Failed to post ASN ASN-0001 status to ERPNext: ExpectationFailed: {"exception":"frappe.exceptions.ValidationError:  Status cannot be \"Partially Received\". It should be one of \"Draft\", \"Open\", \"Completed\", \"Cancelled\"","exc_type":"ValidationError","_exc_source":"printechs_wms (app)","exc":"[\"Traceback (most recent call last):\\n  File \\\"apps/frappe/frappe/app.py\\\", line 120, in application\\n    response = frappe.api.handle(request)\\n               ^^^^^^^^^^^^^^^^^^^^^^^^^^\\n  File \\\"apps/frappe/frappe/api/__init__.py\\\", line 52, in handle\\n    data = endpoint(**arguments)\\n           ^^^^^^^^^^^^^^^^^^^^^\\n  File \\\"apps/frappe/frappe/api/v1.py\\\", line 40, in handle_rpc_call\\n    return frappe.handler.handle()\\n           ^^^^^^^^^^^^^^^^^^^^^^^\\n  File \\\"apps/frappe/frappe/handler.py\\\", line 52, in handle\\n    data = execute_cmd(cmd)\\n           ^^^^^^^^^^^^^^^^\\n  File \\\"apps/frappe/frappe/handler.py\\\", line 85, in execute_cmd\\n    return frappe.call(method, **frappe.form_dict)\\n           ^^^^^^^^^^^^^^^^^^^^^^^^^^^^^^^^^^^^^^^\\n  File \\\"apps/frappe/frappe/__init__.py\\\", line 1754, in call\\n    return fn(*args, **newargs)\\n           ^^^^^^^^^^^^^^^^^^^^\\n  File \\\"apps/frappe/frappe/utils/typing_validations.py\\\", line 32, in wrapper\\n    return func(*args, **kwargs)\\n           ^^^^^^^^^^^^^^^^^^^^^\\n  File \\\"apps/printechs_wms/printechs_wms/api/wms_sync.py\\\", line 379, in update_asn_wms_status\\n    doc.save()\\n  File \\\"apps/frappe/frappe/model/document.py\\\", line 378, in save\\n    return self._save(*args, **kwargs)\\n           ^^^^^^^^^^^^^^^^^^^^^^^^^^^\\n  File \\\"apps/frappe/frappe/model/document.py\\\", line 417, in _save\\n    self._validate()\\n  File \\\"apps/frappe/frappe/model/document.py\\\", line 624, in _validate\\n    self._validate_selects()\\n  File \\\"apps/frappe/frappe/model/base_document.py\\\", line 913, in _validate_selects\\n    frappe.throw(\\n  File \\\"apps/frappe/frappe/__init__.py\\\", line 609, in throw\\n    msgprint(\\n  File \\\"apps/frappe/frappe/__init__.py\\\", line 574, in msgprint\\n    _raise_exception()\\n  File \\\"apps/frappe/frappe/__init__.py\\\", line 525, in _raise_exception\\n    raise exc\\nfrappe.exceptions.ValidationError:  Status cannot be \\\"Partially Received\\\". It should be one of \\\"Draft\\\", \\\"Open\\\", \\\"Completed\\\", \\\"Cancelled\\\"\\n\"]","_server_messages":"[\"{\\\"message\\\": \\\" Status cannot be \\\\\\\"Partially Received\\\\\\\". It should be one of \\\\\\\"Draft\\\\\\\", \\\\\\\"Open\\\\\\\", \\\\\\\"Completed\\\\\\\", \\\\\\\"Cancelled\\\\\\\"\\\", \\\"title\\\": \\\"Message\\\", \\\"indicator\\\": \\\"red\\\", \\\"raise_exception\\\": 1, \\\"__frappe_exc_id\\\": \\\"77f3ffb01500df5b21c7e2e03f422591a47efbb045dbc5121e31b0b6\\\"}\"]"}
--------------------------------------------------------------------------------
[2026-04-22 13:02:19] INFO: AsnSyncFromErpNextService: ASN status posted to ERPNext: 2/4 updated (update_asn_wms_status per ASN)
[2026-04-22 13:02:19] INFO: Transfer Order sync from ERPNext started.
[2026-04-22 13:02:19] INFO: ErpNextWmsSyncApiService: [Item Group] Fetching Transfer Orders from http://printechsdammam.dyndns.org:88/api/method/printechs_wms.api.wms_sync.get_tos_for_wms?export_pending=1&include_items=1&docstatus=1
[2026-04-22 13:02:19] INFO: ErpNextWmsSyncApiService: [Item Group] Fetched 1 Transfer Orders
[2026-04-22 13:02:19] INFO: ErpNextWmsSyncApiService: [TO] Fetching Transfer Orders from http://printechsdammam.dyndns.org:88/api/method/printechs_wms.api.wms_sync.get_tos_for_wms?export_pending=1&include_items=1&docstatus=1
[2026-04-22 13:02:19] INFO: ErpNextWmsSyncApiService: [TO] Fetched 1 Transfer Orders
[2026-04-22 13:02:19] INFO: ErpNextWmsSyncApiService: [TO Status] Fetching Transfer Orders from http://printechsdammam.dyndns.org:88/api/method/printechs_wms.api.wms_sync.get_tos_for_wms?export_pending=1&include_items=1&docstatus=1
[2026-04-22 13:02:19] INFO: ErpNextWmsSyncApiService: [TO Status] Fetched 1 Transfer Orders
[2026-04-22 13:02:19] INFO: ErpNextWmsSyncApiService: [MR] Fetching Transfer Orders from http://printechsdammam.dyndns.org:88/api/method/printechs_wms.api.wms_sync.get_tos_for_wms?export_pending=1&include_items=1&docstatus=1
[2026-04-22 13:02:19] INFO: ErpNextWmsSyncApiService: [MR] Fetched 1 Transfer Orders
[2026-04-22 13:02:19] INFO: ErpNextWmsSyncApiService: [ERPNext 9] Fetching Transfer Orders from http://printechsdammam.dyndns.org:88/api/method/printechs_wms.api.wms_sync.get_tos_for_wms?export_pending=1&include_items=1&docstatus=1
[2026-04-22 13:02:19] INFO: ErpNextWmsSyncApiService: [ERPNext 9] Fetched 1 Transfer Orders
[2026-04-22 13:02:19] INFO: ErpNextWmsSyncApiService: [Stock Entry] Fetching Transfer Orders from http://printechsdammam.dyndns.org:88/api/method/printechs_wms.api.wms_sync.get_tos_for_wms?export_pending=1&include_items=1&docstatus=1
[2026-04-22 13:02:19] INFO: ErpNextWmsSyncApiService: [Stock Entry] Fetched 1 Transfer Orders
[2026-04-22 13:02:19] INFO: ErpNextWmsSyncApiService: [ERPNext 11] Fetching Transfer Orders from http://printechsdammam.dyndns.org:88/api/method/printechs_wms.api.wms_sync.get_tos_for_wms?export_pending=1&include_items=1&docstatus=1
[2026-04-22 13:02:20] INFO: ErpNextWmsSyncApiService: [ERPNext 11] Fetched 1 Transfer Orders
[2026-04-22 13:02:20] INFO: ErpNextWmsSyncApiService: ERPNext 13 API URL or key not configured
[2026-04-22 13:02:20] INFO: TransferOrderSyncFromErpNextService: Syncing 1 TO(s) with items.
[2026-04-22 13:02:20] INFO: Transfer Order sync from ERPNext completed. Fetched: 1, TOs inserted: 1, updated: 0, items: 120, errors: 0
[2026-04-22 13:02:20] ERROR: ErpNextWmsSyncApiService: TO status API returned ExpectationFailed: {"exception":"frappe.exceptions.ValidationError: Failed to get method for command printechs_wms.api.wms_sync.update_transfer_order_wms_status with module 'printechs_wms.api.wms_sync' has no attribute 'update_transfer_order_wms_status'","exc_type":"ValidationError","exc":"[\"Traceback (most recent call last):\\n  File \\\"apps/frappe/frappe/handler.py\\\", line 74, in execute_cmd\\n    method = get_attr(cmd)\\n             ^^^^^^^^^^^^^\\n  File \\\"apps/frappe/frappe/handler.py\\\", line 292, in get_attr\\n    method = frappe.get_attr(cmd)\\n             ^^^^^^^^^^^^^^^^^^^^\\n  File \\\"apps/frappe/frappe/__init__.py\\\", line 1744, in get_attr\\n    return getattr(get_module(modulename), methodname)\\n           ^^^^^^^^^^^^^^^^^^^^^^^^^^^^^^^^^^^^^^^^^^^\\nAttributeError: module 'printechs_wms.api.wms_sync' has no attribute 'update_transfer_order_wms_status'\\n\\nDuring handling of the above exception, another exception occurred:\\n\\nTraceback (most recent call last):\\n  File \\\"apps/frappe/frappe/app.py\\\", line 120, in application\\n    response = frappe.api.handle(request)\\n               ^^^^^^^^^^^^^^^^^^^^^^^^^^\\n  File \\\"apps/frappe/frappe/api/__init__.py\\\", line 52, in handle\\n    data = endpoint(**arguments)\\n           ^^^^^^^^^^^^^^^^^^^^^\\n  File \\\"apps/frappe/frappe/api/v1.py\\\", line 40, in handle_rpc_call\\n    return frappe.handler.handle()\\n           ^^^^^^^^^^^^^^^^^^^^^^^\\n  File \\\"apps/frappe/frappe/handler.py\\\", line 52, in handle\\n    data = execute_cmd(cmd)\\n           ^^^^^^^^^^^^^^^^\\n  File \\\"apps/frappe/frappe/handler.py\\\", line 76, in execute_cmd\\n    frappe.throw(_(\\\"Failed to get method for command {0} with {1}\\\").format(cmd, e))\\n  File \\\"apps/frappe/frappe/__init__.py\\\", line 609, in throw\\n    msgprint(\\n  File \\\"apps/frappe/frappe/__init__.py\\\", line 574, in msgprint\\n    _raise_exception()\\n  File \\\"apps/frappe/frappe/__init__.py\\\", line 525, in _raise_exception\\n    raise exc\\nfrappe.exceptions.ValidationError: Failed to get method for command printechs_wms.api.wms_sync.update_transfer_order_wms_status with module 'printechs_wms.api.wms_sync' has no attribute 'update_transfer_order_wms_status'\\n\"]","_server_messages":"[\"{\\\"message\\\": \\\"Failed to get method for command printechs_wms.api.wms_sync.update_transfer_order_wms_status with module 'printechs_wms.api.wms_sync' has no attribute 'update_transfer_order_wms_status'\\\", \\\"title\\\": \\\"Message\\\", \\\"indicator\\\": \\\"red\\\", \\\"raise_exception\\\": 1, \\\"__frappe_exc_id\\\": \\\"a7fa249c31b667bf962b279ec8ed52a682eb540e9e22612316f9da54\\\"}\"]"}
--------------------------------------------------------------------------------
[2026-04-22 13:02:20] ERROR: TransferOrderSyncFromErpNextService: Failed to post TO WMS-TO-00001 status to ERPNext: ExpectationFailed: {"exception":"frappe.exceptions.ValidationError: Failed to get method for command printechs_wms.api.wms_sync.update_transfer_order_wms_status with module 'printechs_wms.api.wms_sync' has no attribute 'update_transfer_order_wms_status'","exc_type":"ValidationError","exc":"[\"Traceback (most recent call last):\\n  File \\\"apps/frappe/frappe/handler.py\\\", line 74, in execute_cmd\\n    method = get_attr(cmd)\\n             ^^^^^^^^^^^^^\\n  File \\\"apps/frappe/frappe/handler.py\\\", line 292, in get_attr\\n    method = frappe.get_attr(cmd)\\n             ^^^^^^^^^^^^^^^^^^^^\\n  File \\\"apps/frappe/frappe/__init__.py\\\", line 1744, in get_attr\\n    return getattr(get_module(modulename), methodname)\\n           ^^^^^^^^^^^^^^^^^^^^^^^^^^^^^^^^^^^^^^^^^^^\\nAttributeError: module 'printechs_wms.api.wms_sync' has no attribute 'update_transfer_order_wms_status'\\n\\nDuring handling of the above exception, another exception occurred:\\n\\nTraceback (most recent call last):\\n  File \\\"apps/frappe/frappe/app.py\\\", line 120, in application\\n    response = frappe.api.handle(request)\\n               ^^^^^^^^^^^^^^^^^^^^^^^^^^\\n  File \\\"apps/frappe/frappe/api/__init__.py\\\", line 52, in handle\\n    data = endpoint(**arguments)\\n           ^^^^^^^^^^^^^^^^^^^^^\\n  File \\\"apps/frappe/frappe/api/v1.py\\\", line 40, in handle_rpc_call\\n    return frappe.handler.handle()\\n           ^^^^^^^^^^^^^^^^^^^^^^^\\n  File \\\"apps/frappe/frappe/handler.py\\\", line 52, in handle\\n    data = execute_cmd(cmd)\\n           ^^^^^^^^^^^^^^^^\\n  File \\\"apps/frappe/frappe/handler.py\\\", line 76, in execute_cmd\\n    frappe.throw(_(\\\"Failed to get method for command {0} with {1}\\\").format(cmd, e))\\n  File \\\"apps/frappe/frappe/__init__.py\\\", line 609, in throw\\n    msgprint(\\n  File \\\"apps/frappe/frappe/__init__.py\\\", line 574, in msgprint\\n    _raise_exception()\\n  File \\\"apps/frappe/frappe/__init__.py\\\", line 525, in _raise_exception\\n    raise exc\\nfrappe.exceptions.ValidationError: Failed to get method for command printechs_wms.api.wms_sync.update_transfer_order_wms_status with module 'printechs_wms.api.wms_sync' has no attribute 'update_transfer_order_wms_status'\\n\"]","_server_messages":"[\"{\\\"message\\\": \\\"Failed to get method for command printechs_wms.api.wms_sync.update_transfer_order_wms_status with module 'printechs_wms.api.wms_sync' has no attribute 'update_transfer_order_wms_status'\\\", \\\"title\\\": \\\"Message\\\", \\\"indicator\\\": \\\"red\\\", \\\"raise_exception\\\": 1, \\\"__frappe_exc_id\\\": \\\"a7fa249c31b667bf962b279ec8ed52a682eb540e9e22612316f9da54\\\"}\"]"}
--------------------------------------------------------------------------------
[2026-04-22 13:02:20] INFO: TransferOrderSyncFromErpNextService: TO status posted to ERPNext: 0/1 updated (update_transfer_order_wms_status per TO)
[2026-04-22 13:02:20] INFO: Material Request sync from ERPNext started.
[2026-04-22 13:02:20] INFO: ErpNextWmsSyncApiService: [Item Group] Fetching Material Requests from http://printechsdammam.dyndns.org:88/api/method/printechs_wms.api.material_request.get_material_transfer_requests?from_warehouse=Main%20Warehouse%20-%20MAATC&state=Pending&docstatus=1&include_items=1&limit=200
[2026-04-22 13:02:20] INFO: ErpNextWmsSyncApiService: [Item Group] Fetched 1 Material Requests
[2026-04-22 13:02:20] INFO: ErpNextWmsSyncApiService: [MR] Fetching Material Requests from http://printechsdammam.dyndns.org:88/api/method/printechs_wms.api.material_request.get_material_transfer_requests?from_warehouse=Main%20Warehouse%20-%20MAATC&state=Pending&docstatus=1&include_items=1&limit=200
[2026-04-22 13:02:20] INFO: ErpNextWmsSyncApiService: [MR] Fetched 1 Material Requests
[2026-04-22 13:02:20] INFO: ErpNextWmsSyncApiService: [ERPNext 9] Fetching Material Requests from http://printechsdammam.dyndns.org:88/api/method/printechs_wms.api.material_request.get_material_transfer_requests?from_warehouse=Main%20Warehouse%20-%20MAATC&state=Pending&docstatus=1&include_items=1&limit=200
[2026-04-22 13:02:20] INFO: ErpNextWmsSyncApiService: [ERPNext 9] Fetched 1 Material Requests
[2026-04-22 13:02:20] INFO: ErpNextWmsSyncApiService: [Stock Entry] Fetching Material Requests from http://printechsdammam.dyndns.org:88/api/method/printechs_wms.api.material_request.get_material_transfer_requests?from_warehouse=Main%20Warehouse%20-%20MAATC&state=Pending&docstatus=1&include_items=1&limit=200
[2026-04-22 13:02:20] INFO: ErpNextWmsSyncApiService: [Stock Entry] Fetched 1 Material Requests
[2026-04-22 13:02:20] INFO: ErpNextWmsSyncApiService: [ERPNext 11] Fetching Material Requests from http://printechsdammam.dyndns.org:88/api/method/printechs_wms.api.material_request.get_material_transfer_requests?from_warehouse=Main%20Warehouse%20-%20MAATC&state=Pending&docstatus=1&include_items=1&limit=200
[2026-04-22 13:02:20] INFO: ErpNextWmsSyncApiService: [ERPNext 11] Fetched 1 Material Requests
[2026-04-22 13:02:20] INFO: ErpNextWmsSyncApiService: [ERPNext 13] Fetching Material Requests from /api/method/printechs_wms.api.asn_to_purchase_receipt.get_pr_status_for_asn?asn_no=<linked ASN>/api/method/printechs_wms.api.material_request.get_material_transfer_requests?from_warehouse=Main%20Warehouse%20-%20MAATC&state=Pending&docstatus=1&include_items=1&limit=200
[2026-04-22 13:02:20] ERROR: ErpNextWmsSyncApiService: [ERPNext 13] Error fetching Material Requests: An invalid request URI was provided. Either the request URI must be an absolute URI or BaseAddress must be set.
Exception Type: InvalidOperationException
Exception Message: An invalid request URI was provided. Either the request URI must be an absolute URI or BaseAddress must be set.
Stack Trace:    at System.Net.Http.HttpClient.PrepareRequestMessage(HttpRequestMessage request)
   at System.Net.Http.HttpClient.SendAsync(HttpRequestMessage request, HttpCompletionOption completionOption, CancellationToken cancellationToken)
   at Wms.Desktop.Services.ErpNextWmsSyncApiService.FetchMessageListAsync[T](String apiUrl, String apiKey, String label, String entityName) in D:\Development Project\Printechs WMS\Wms.Desktop\Services\ErpNextWmsSyncApiService.cs:line 523
--------------------------------------------------------------------------------
[2026-04-22 13:02:20] INFO: MaterialRequestSyncFromErpNextService: Syncing 1 Material Request(s) with items.
[2026-04-22 13:02:20] INFO: MaterialRequestSyncFromErpNextService: MR MAT-MR-2026-00001: inserting 2 item(s) (preserving local picked qty where higher).
[2026-04-22 13:02:20] INFO: Material Request sync from ERPNext completed. Fetched: 1, MRs inserted: 1, updated: 0, items: 2, errors: 0
[2026-04-22 13:02:20] INFO: Transfer In sync from ERPNext started (tabTransferIn / tabTransferInItem).
[2026-04-22 13:02:20] INFO: TransferInSyncFromErpNextService: Step 1 - Dropping legacy tabTransferInStockEntry tables if they exist.
[2026-04-22 13:02:20] INFO: DatabaseService: Dropped tabTransferInStockEntry and tabTransferInStockEntryItem if they existed.
[2026-04-22 13:02:20] INFO: TransferInSyncFromErpNextService: Step 2 - Connecting to database: wms_desktop, host: localhost
[2026-04-22 13:02:20] INFO: TransferInSyncFromErpNextService: Step 3 - Connection opened. Database: wms_desktop
[2026-04-22 13:02:20] INFO: TransferInSyncFromErpNextService: Step 4 - Using 6 endpoint(s) for Transfer In.
[2026-04-22 13:02:20] INFO: ErpNextWmsSyncApiService: [Item Group] Fetching Transfer In Stock Entries from http://printechsdammam.dyndns.org:88/api/method/printechs_wms.api.transfer_in_sync.get_material_transfer_stock_entries?add_to_transit=1&custom_receiving_warehouse=Main%20Warehouse%20-%20MAATC&docstatus=1
[2026-04-22 13:02:21] INFO: ErpNextWmsSyncApiService: [Item Group] Fetched 1 Transfer In Stock Entries
[2026-04-22 13:02:21] INFO: TransferInSyncFromErpNextService: Endpoint [Item Group] returned 1 raw entry(ies).
[2026-04-22 13:02:21] INFO: ErpNextWmsSyncApiService: [MR] Fetching Transfer In Stock Entries from http://printechsdammam.dyndns.org:88/api/method/printechs_wms.api.transfer_in_sync.get_material_transfer_stock_entries?add_to_transit=1&custom_receiving_warehouse=Main%20Warehouse%20-%20MAATC&docstatus=1
[2026-04-22 13:02:21] INFO: ErpNextWmsSyncApiService: [MR] Fetched 1 Transfer In Stock Entries
[2026-04-22 13:02:21] INFO: TransferInSyncFromErpNextService: Endpoint [MR] returned 1 raw entry(ies).
[2026-04-22 13:02:21] INFO: ErpNextWmsSyncApiService: [ERPNext 9] Fetching Transfer In Stock Entries from http://printechsdammam.dyndns.org:88/api/method/printechs_wms.api.transfer_in_sync.get_material_transfer_stock_entries?to_warehouse=Main%20Warehouse%20-%20MAATC&docstatus=1
[2026-04-22 13:02:21] INFO: ErpNextWmsSyncApiService: [ERPNext 9] Fetched 1 Transfer In Stock Entries
[2026-04-22 13:02:21] INFO: TransferInSyncFromErpNextService: Endpoint [ERPNext 9] returned 1 raw entry(ies).
[2026-04-22 13:02:21] INFO: ErpNextWmsSyncApiService: [Stock Entry] Fetching Transfer In Stock Entries from http://printechsdammam.dyndns.org:88/api/method/printechs_wms.api.transfer_in_sync.get_material_transfer_stock_entries?add_to_transit=1&custom_receiving_warehouse=Main%20Warehouse%20-%20MAATC&docstatus=1
[2026-04-22 13:02:21] INFO: ErpNextWmsSyncApiService: [Stock Entry] Fetched 1 Transfer In Stock Entries
[2026-04-22 13:02:21] INFO: TransferInSyncFromErpNextService: Endpoint [Stock Entry] returned 1 raw entry(ies).
[2026-04-22 13:02:21] INFO: ErpNextWmsSyncApiService: [ERPNext 11] Fetching Transfer In Stock Entries from http://printechsdammam.dyndns.org:88/api/method/printechs_wms.api.transfer_in_sync.get_material_transfer_stock_entries?add_to_transit=1&custom_receiving_warehouse=Main%20Warehouse%20-%20MAATC&docstatus=1
[2026-04-22 13:02:21] INFO: ErpNextWmsSyncApiService: [ERPNext 11] Fetched 1 Transfer In Stock Entries
[2026-04-22 13:02:21] INFO: TransferInSyncFromErpNextService: Endpoint [ERPNext 11] returned 1 raw entry(ies).
[2026-04-22 13:02:21] INFO: ErpNextWmsSyncApiService: [ERPNext 13] Fetching Transfer In Stock Entries from /api/method/printechs_wms.api.asn_to_purchase_receipt.get_pr_status_for_asn?asn_no=<linked ASN>/api/method/printechs_wms.api.transfer_in_sync.get_material_transfer_stock_entries?add_to_transit=1&custom_receiving_warehouse=Main%20Warehouse%20-%20MAATC&docstatus=1
[2026-04-22 13:02:21] ERROR: ErpNextWmsSyncApiService: [ERPNext 13] Error fetching Transfer In Stock Entries: An invalid request URI was provided. Either the request URI must be an absolute URI or BaseAddress must be set.
Exception Type: InvalidOperationException
Exception Message: An invalid request URI was provided. Either the request URI must be an absolute URI or BaseAddress must be set.
Stack Trace:    at System.Net.Http.HttpClient.PrepareRequestMessage(HttpRequestMessage request)
   at System.Net.Http.HttpClient.SendAsync(HttpRequestMessage request, HttpCompletionOption completionOption, CancellationToken cancellationToken)
   at Wms.Desktop.Services.ErpNextWmsSyncApiService.FetchMessageListAsync[T](String apiUrl, String apiKey, String label, String entityName) in D:\Development Project\Printechs WMS\Wms.Desktop\Services\ErpNextWmsSyncApiService.cs:line 523
--------------------------------------------------------------------------------
[2026-04-22 13:02:21] INFO: TransferInSyncFromErpNextService: Step 5 - Total raw entries from API: 5
[2026-04-22 13:02:21] INFO: TransferInSyncFromErpNextService: Step 6 - After dedupe: 2 unique Transfer In(s) to sync. Keys: [MAT-STE-2026-00002, MAT-STE-2026-00003]
[2026-04-22 13:02:21] INFO: TransferInSyncFromErpNextService: --- Processing entry: MAT-STE-2026-00002 ---
[2026-04-22 13:02:21] INFO: TransferInSyncFromErpNextService: tabTransferIn INSERT/UPDATE for MAT-STE-2026-00002 affected rows: 1 (1=inserted, 2=updated).
[2026-04-22 13:02:21] INFO: TransferInSyncFromErpNextService: DELETE old tabTransferInItem for MAT-STE-2026-00002 deleted rows: 0.
[2026-04-22 13:02:21] INFO: TransferInSyncFromErpNextService: Entry MAT-STE-2026-00002: inserting 2 item(s) into tabTransferInItem.
[2026-04-22 13:02:21] INFO: TransferInSyncFromErpNextService: Inserting tabTransferInItem: parent=MAT-STE-2026-00002, item_code=108231, qty=5.
[2026-04-22 13:02:21] INFO: TransferInSyncFromErpNextService: Item INSERT for 108231 affected rows: 1.
[2026-04-22 13:02:21] INFO: TransferInSyncFromErpNextService: Inserting tabTransferInItem: parent=MAT-STE-2026-00002, item_code=108229, qty=5.
[2026-04-22 13:02:21] INFO: TransferInSyncFromErpNextService: Item INSERT for 108229 affected rows: 1.
[2026-04-22 13:02:21] INFO: TransferInSyncFromErpNextService: Committing transaction for MAT-STE-2026-00002.
[2026-04-22 13:02:21] INFO: TransferInSyncFromErpNextService: Transaction committed for MAT-STE-2026-00002.
[2026-04-22 13:02:21] INFO: TransferInSyncFromErpNextService: Verification tabTransferInItem count for MAT-STE-2026-00002 => 2 row(s).
[2026-04-22 13:02:21] INFO: TransferInSyncFromErpNextService: --- Processing entry: MAT-STE-2026-00003 ---
[2026-04-22 13:02:21] INFO: TransferInSyncFromErpNextService: tabTransferIn INSERT/UPDATE for MAT-STE-2026-00003 affected rows: 1 (1=inserted, 2=updated).
[2026-04-22 13:02:21] INFO: TransferInSyncFromErpNextService: DELETE old tabTransferInItem for MAT-STE-2026-00003 deleted rows: 0.
[2026-04-22 13:02:21] INFO: TransferInSyncFromErpNextService: Entry MAT-STE-2026-00003: inserting 2 item(s) into tabTransferInItem.
[2026-04-22 13:02:21] INFO: TransferInSyncFromErpNextService: Inserting tabTransferInItem: parent=MAT-STE-2026-00003, item_code=108231, qty=5.
[2026-04-22 13:02:21] INFO: TransferInSyncFromErpNextService: Item INSERT for 108231 affected rows: 1.
[2026-04-22 13:02:21] INFO: TransferInSyncFromErpNextService: Inserting tabTransferInItem: parent=MAT-STE-2026-00003, item_code=108229, qty=5.
[2026-04-22 13:02:21] INFO: TransferInSyncFromErpNextService: Item INSERT for 108229 affected rows: 1.
[2026-04-22 13:02:21] INFO: TransferInSyncFromErpNextService: Committing transaction for MAT-STE-2026-00003.
[2026-04-22 13:02:21] INFO: TransferInSyncFromErpNextService: Transaction committed for MAT-STE-2026-00003.
[2026-04-22 13:02:21] INFO: TransferInSyncFromErpNextService: Verification tabTransferInItem count for MAT-STE-2026-00003 => 2 row(s).
[2026-04-22 13:02:21] INFO: Transfer In sync from ERPNext completed. Fetched: 2, entries inserted: 2, updated: 0, items: 4, errors: 0
[2026-04-22 13:02:21] INFO: ErpNextWmsSyncApiService: WMS snapshot updated successfully.
[2026-04-22 13:02:21] INFO: ErpNextWmsSyncApiService: Calling rebuild_wms_stock_balance for company=Mohammed Abdullah Almousa Trading Company, warehouse=Main Warehouse - MAATC
[2026-04-22 13:02:22] INFO: ErpNextWmsSyncApiService: rebuild_wms_stock_balance updated successfully.
[2026-04-22 13:02:22] INFO: ErpNextWmsSyncApiService: rebuild_wms_stock_balance completed successfully.
[2026-04-22 13:40:17] INFO: TransferOrderApiService: Fetching transfer orders from http://localhost:3000/api/master/transfer-orders
[2026-04-22 13:40:19] INFO: TransferOrderApiService: Fetched 1 transfer order(s) from API
[2026-04-22 13:40:20] INFO: TransferOrderSyncService: Synced 0 new, 1 updated transfer order(s) from API
[2026-04-22 13:40:26] INFO: ASN ASN-0001 Carton CNWH12858: Assigned=Assigned, Actual=Assigned, ReceivedQty=0
[2026-04-22 13:40:26] INFO: ASN ASN-0001 Carton CNWH12854: Assigned=Assigned, Actual=Assigned, ReceivedQty=0
[2026-04-22 13:40:26] INFO: ASN ASN-0001 Carton CNWH15390: Assigned=Assigned, Actual=Assigned, ReceivedQty=0
[2026-04-22 13:40:26] INFO: ASN ASN-0001 Carton CNWH42441: Assigned=Assigned, Actual=Assigned, ReceivedQty=0
[2026-04-22 13:40:26] INFO: ASN ASN-0001 Carton CNWH64571: Assigned=Assigned, Actual=Assigned, ReceivedQty=0
[2026-04-22 13:40:26] INFO: ASN ASN-0001 Carton CNWH64521: Assigned=Assigned, Actual=Assigned, ReceivedQty=0
[2026-04-22 13:40:26] INFO: ASN ASN-0001 Carton CNWH63561: Assigned=Assigned, Actual=Assigned, ReceivedQty=0
[2026-04-22 13:40:26] INFO: ASN ASN-0001 Carton CNWH63609: Assigned=Assigned, Actual=Assigned, ReceivedQty=0
[2026-04-22 13:40:26] INFO: ASN ASN-0002 Carton CNWH12858: Assigned=Assigned, Actual=Assigned, ReceivedQty=0
[2026-04-22 13:40:26] INFO: ASN ASN-0002 Carton CNWH12854: Assigned=Assigned, Actual=Assigned, ReceivedQty=0
[2026-04-22 13:40:26] INFO: ASN WMS-ASN-EXT-00004 Carton CNWH63179: Assigned=Receiving, Actual=Receiving, ReceivedQty=0
[2026-04-22 13:40:26] INFO: ASN WMS-ASN-EXT-00004 Carton CNWH63180: Assigned=Assigned, Actual=Assigned, ReceivedQty=0
[2026-04-22 13:40:26] INFO: ASN WMS-ASN-EXT-00004 Carton CNWH63196: Assigned=Assigned, Actual=Assigned, ReceivedQty=0
[2026-04-22 13:40:26] INFO: ASN WMS-ASN-EXT-00004 Carton CNWH63197: Assigned=Assigned, Actual=Assigned, ReceivedQty=0
[2026-04-22 13:40:26] INFO: ASN WMS-ASN-EXT-00004 Carton CNWH63198: Assigned=Assigned, Actual=Assigned, ReceivedQty=0
[2026-04-22 13:40:26] INFO: ASN WMS-ASN-EXT-00004 Carton CNWH63199: Assigned=Assigned, Actual=Assigned, ReceivedQty=0
[2026-04-22 13:40:26] INFO: ASN WMS-ASN-EXT-00004 Carton CNWH63200: Assigned=Assigned, Actual=Assigned, ReceivedQty=0
[2026-04-22 13:40:26] INFO: ASN WMS-ASN-EXT-00004 Carton CNWH63266: Assigned=Assigned, Actual=Assigned, ReceivedQty=0
[2026-04-22 13:40:26] INFO: ASN WMS-ASN-EXT-00004 Carton CNWH63268: Assigned=Assigned, Actual=Assigned, ReceivedQty=0
[2026-04-22 13:40:26] INFO: ASN WMS-ASN-EXT-00004 Carton CNWH63269: Assigned=Assigned, Actual=Assigned, ReceivedQty=0
[2026-04-22 13:40:26] INFO: ASN WMS-ASN-EXT-00004 Carton CNWH63270: Assigned=Assigned, Actual=Assigned, ReceivedQty=0
[2026-04-22 13:40:26] INFO: ASN WMS-ASN-EXT-00004 Carton CNWH63271: Assigned=Assigned, Actual=Assigned, ReceivedQty=0
[2026-04-22 13:40:26] INFO: ASN WMS-ASN-EXT-00004 Carton CNWH63272: Assigned=Assigned, Actual=Assigned, ReceivedQty=0
[2026-04-22 13:40:26] INFO: ASN WMS-ASN-EXT-00004 Carton CNWH63275: Assigned=Assigned, Actual=Assigned, ReceivedQty=0
[2026-04-22 13:40:26] INFO: ASN WMS-ASN-EXT-00004 Carton CNWH63277: Assigned=Assigned, Actual=Assigned, ReceivedQty=0
[2026-04-22 13:40:26] INFO: ASN WMS-ASN-EXT-00004 Carton CNWH63280: Assigned=Assigned, Actual=Assigned, ReceivedQty=0
[2026-04-22 13:40:26] INFO: ASN WMS-ASN-EXT-00004 Carton CNWH63282: Assigned=Assigned, Actual=Assigned, ReceivedQty=0
[2026-04-22 13:40:26] INFO: ASN WMS-ASN-EXT-00004 Carton CNWH63283: Assigned=Assigned, Actual=Assigned, ReceivedQty=0
[2026-04-22 13:40:26] INFO: ASN WMS-ASN-EXT-00004 Carton CNWH63284: Assigned=Assigned, Actual=Assigned, ReceivedQty=0
[2026-04-22 13:40:26] INFO: ASN WMS-ASN-EXT-00004 Carton CNWH63285: Assigned=Assigned, Actual=Assigned, ReceivedQty=0
[2026-04-22 13:40:26] INFO: ASN WMS-ASN-EXT-00004 Carton CNWH63286: Assigned=Assigned, Actual=Assigned, ReceivedQty=0
[2026-04-22 13:40:26] INFO: ASN WMS-ASN-EXT-00004 Carton CNWH63287: Assigned=Assigned, Actual=Assigned, ReceivedQty=0
[2026-04-22 13:40:26] INFO: ASN WMS-ASN-EXT-00004 Carton CNWH63288: Assigned=Assigned, Actual=Assigned, ReceivedQty=0
[2026-04-22 13:40:26] INFO: ASN WMS-ASN-EXT-00004 Carton CNWH63289: Assigned=Assigned, Actual=Assigned, ReceivedQty=0
[2026-04-22 13:40:26] INFO: ASN WMS-ASN-EXT-00004 Carton CNWH63441: Assigned=Assigned, Actual=Assigned, ReceivedQty=0
[2026-04-22 13:40:26] INFO: ASN WMS-ASN-EXT-00004 Carton CNWH63442: Assigned=Assigned, Actual=Assigned, ReceivedQty=0
[2026-04-22 13:40:26] INFO: ASN WMS-ASN-EXT-00004 Carton CNWH63444: Assigned=Assigned, Actual=Assigned, ReceivedQty=0
[2026-04-22 13:40:26] INFO: ASN WMS-ASN-EXT-00004 Carton CNWH63446: Assigned=Assigned, Actual=Assigned, ReceivedQty=0
[2026-04-22 13:40:26] INFO: ASN WMS-ASN-EXT-00004 Carton CNWH63448: Assigned=Assigned, Actual=Assigned, ReceivedQty=0
[2026-04-22 13:40:26] INFO: ASN WMS-ASN-EXT-00004 Carton CNWH65363: Assigned=Assigned, Actual=Assigned, ReceivedQty=0
[2026-04-22 13:40:26] INFO: ASN WMS-ASN-EXT-00004 Carton CNWH63179: Assigned=Receiving, Actual=Receiving, ReceivedQty=0
[2026-04-22 13:40:26] INFO: ASN WMS-ASN-EXT-00004 Carton CNWH63180: Assigned=Assigned, Actual=Assigned, ReceivedQty=0
[2026-04-22 13:40:26] INFO: ASN WMS-ASN-EXT-00004 Carton CNWH63196: Assigned=Assigned, Actual=Assigned, ReceivedQty=0
[2026-04-22 13:40:26] INFO: ASN WMS-ASN-EXT-00004 Carton CNWH63197: Assigned=Assigned, Actual=Assigned, ReceivedQty=0
[2026-04-22 13:40:26] INFO: ASN WMS-ASN-EXT-00004 Carton CNWH63198: Assigned=Assigned, Actual=Assigned, ReceivedQty=0
[2026-04-22 13:40:26] INFO: ASN WMS-ASN-EXT-00004 Carton CNWH63199: Assigned=Assigned, Actual=Assigned, ReceivedQty=0
[2026-04-22 13:40:26] INFO: ASN WMS-ASN-EXT-00004 Carton CNWH63200: Assigned=Assigned, Actual=Assigned, ReceivedQty=0
[2026-04-22 13:40:26] INFO: ASN WMS-ASN-EXT-00004 Carton CNWH63266: Assigned=Assigned, Actual=Assigned, ReceivedQty=0
[2026-04-22 13:40:26] INFO: ASN WMS-ASN-EXT-00004 Carton CNWH63268: Assigned=Assigned, Actual=Assigned, ReceivedQty=0
[2026-04-22 13:40:26] INFO: ASN WMS-ASN-EXT-00004 Carton CNWH63269: Assigned=Assigned, Actual=Assigned, ReceivedQty=0
[2026-04-22 13:40:26] INFO: ASN WMS-ASN-EXT-00004 Carton CNWH63270: Assigned=Assigned, Actual=Assigned, ReceivedQty=0
[2026-04-22 13:40:26] INFO: ASN WMS-ASN-EXT-00004 Carton CNWH63271: Assigned=Assigned, Actual=Assigned, ReceivedQty=0
[2026-04-22 13:40:26] INFO: ASN WMS-ASN-EXT-00004 Carton CNWH63272: Assigned=Assigned, Actual=Assigned, ReceivedQty=0
[2026-04-22 13:40:26] INFO: ASN WMS-ASN-EXT-00004 Carton CNWH63275: Assigned=Assigned, Actual=Assigned, ReceivedQty=0
[2026-04-22 13:40:26] INFO: ASN WMS-ASN-EXT-00004 Carton CNWH63277: Assigned=Assigned, Actual=Assigned, ReceivedQty=0
[2026-04-22 13:40:26] INFO: ASN WMS-ASN-EXT-00004 Carton CNWH63280: Assigned=Assigned, Actual=Assigned, ReceivedQty=0
[2026-04-22 13:40:26] INFO: ASN WMS-ASN-EXT-00004 Carton CNWH63282: Assigned=Assigned, Actual=Assigned, ReceivedQty=0
[2026-04-22 13:40:26] INFO: ASN WMS-ASN-EXT-00004 Carton CNWH63283: Assigned=Assigned, Actual=Assigned, ReceivedQty=0
[2026-04-22 13:40:26] INFO: ASN WMS-ASN-EXT-00004 Carton CNWH63284: Assigned=Assigned, Actual=Assigned, ReceivedQty=0
[2026-04-22 13:40:26] INFO: ASN WMS-ASN-EXT-00004 Carton CNWH63285: Assigned=Assigned, Actual=Assigned, ReceivedQty=0
[2026-04-22 13:40:26] INFO: ASN WMS-ASN-EXT-00004 Carton CNWH63286: Assigned=Assigned, Actual=Assigned, ReceivedQty=0
[2026-04-22 13:40:26] INFO: ASN WMS-ASN-EXT-00004 Carton CNWH63287: Assigned=Assigned, Actual=Assigned, ReceivedQty=0
[2026-04-22 13:40:26] INFO: ASN WMS-ASN-EXT-00004 Carton CNWH63288: Assigned=Assigned, Actual=Assigned, ReceivedQty=0
[2026-04-22 13:40:26] INFO: ASN WMS-ASN-EXT-00004 Carton CNWH63289: Assigned=Assigned, Actual=Assigned, ReceivedQty=0
[2026-04-22 13:40:26] INFO: ASN WMS-ASN-EXT-00004 Carton CNWH63441: Assigned=Assigned, Actual=Assigned, ReceivedQty=0
[2026-04-22 13:40:26] INFO: ASN WMS-ASN-EXT-00004 Carton CNWH63442: Assigned=Assigned, Actual=Assigned, ReceivedQty=0
[2026-04-22 13:40:26] INFO: ASN WMS-ASN-EXT-00004 Carton CNWH65363: Assigned=Assigned, Actual=Assigned, ReceivedQty=0
[2026-04-22 13:40:26] INFO: ASN WMS-ASN-EXT-00004 Carton CNWH63502: Assigned=Assigned, Actual=Assigned, ReceivedQty=0
[2026-04-22 13:40:26] INFO: ASN WMS-ASN-EXT-00004 Carton CNWH63502: Assigned=Assigned, Actual=Assigned, ReceivedQty=0
[2026-04-22 13:40:26] INFO: ASN WMS-ASN-EXT-00004 Carton CNWH64607: Assigned=Assigned, Actual=Assigned, ReceivedQty=0
[2026-04-22 13:40:26] INFO: ASN WMS-ASN-EXT-127211 Carton CNWH12858: Assigned=Assigned, Actual=Assigned, ReceivedQty=0
[2026-04-22 13:40:26] INFO: ASN WMS-ASN-EXT-127211 Carton CNWH12854: Assigned=Assigned, Actual=Assigned, ReceivedQty=0
[2026-04-22 13:40:28] INFO: TransferOrderApiService: Fetching transfer orders from http://localhost:3000/api/master/transfer-orders
[2026-04-22 13:40:30] INFO: TransferOrderApiService: Fetched 1 transfer order(s) from API
[2026-04-22 13:40:30] INFO: TransferOrderSyncService: Synced 0 new, 1 updated transfer order(s) from API
[2026-04-22 13:59:43] INFO: ASN ASN-0001 Carton CNWH12858: Assigned=Assigned, Actual=Assigned, ReceivedQty=0
[2026-04-22 13:59:43] INFO: ASN ASN-0001 Carton CNWH12854: Assigned=Assigned, Actual=Assigned, ReceivedQty=0
[2026-04-22 13:59:43] INFO: ASN ASN-0001 Carton CNWH15390: Assigned=Assigned, Actual=Assigned, ReceivedQty=0
[2026-04-22 13:59:43] INFO: ASN ASN-0001 Carton CNWH42441: Assigned=Assigned, Actual=Assigned, ReceivedQty=0
[2026-04-22 13:59:43] INFO: ASN ASN-0001 Carton CNWH64571: Assigned=Assigned, Actual=Assigned, ReceivedQty=0
[2026-04-22 13:59:43] INFO: ASN ASN-0001 Carton CNWH64521: Assigned=Assigned, Actual=Assigned, ReceivedQty=0
[2026-04-22 13:59:43] INFO: ASN ASN-0001 Carton CNWH63561: Assigned=Assigned, Actual=Assigned, ReceivedQty=0
[2026-04-22 13:59:43] INFO: ASN ASN-0001 Carton CNWH63609: Assigned=Assigned, Actual=Assigned, ReceivedQty=0
[2026-04-22 13:59:43] INFO: ASN ASN-0002 Carton CNWH12858: Assigned=Assigned, Actual=Assigned, ReceivedQty=0
[2026-04-22 13:59:43] INFO: ASN ASN-0002 Carton CNWH12854: Assigned=Assigned, Actual=Assigned, ReceivedQty=0
[2026-04-22 13:59:43] INFO: ASN WMS-ASN-EXT-00004 Carton CNWH63179: Assigned=Receiving, Actual=Receiving, ReceivedQty=0
[2026-04-22 13:59:43] INFO: ASN WMS-ASN-EXT-00004 Carton CNWH63180: Assigned=Assigned, Actual=Assigned, ReceivedQty=0
[2026-04-22 13:59:43] INFO: ASN WMS-ASN-EXT-00004 Carton CNWH63196: Assigned=Assigned, Actual=Assigned, ReceivedQty=0
[2026-04-22 13:59:43] INFO: ASN WMS-ASN-EXT-00004 Carton CNWH63197: Assigned=Assigned, Actual=Assigned, ReceivedQty=0
[2026-04-22 13:59:43] INFO: ASN WMS-ASN-EXT-00004 Carton CNWH63198: Assigned=Assigned, Actual=Assigned, ReceivedQty=0
[2026-04-22 13:59:43] INFO: ASN WMS-ASN-EXT-00004 Carton CNWH63199: Assigned=Assigned, Actual=Assigned, ReceivedQty=0
[2026-04-22 13:59:43] INFO: ASN WMS-ASN-EXT-00004 Carton CNWH63200: Assigned=Assigned, Actual=Assigned, ReceivedQty=0
[2026-04-22 13:59:43] INFO: ASN WMS-ASN-EXT-00004 Carton CNWH63266: Assigned=Assigned, Actual=Assigned, ReceivedQty=0
[2026-04-22 13:59:43] INFO: ASN WMS-ASN-EXT-00004 Carton CNWH63268: Assigned=Assigned, Actual=Assigned, ReceivedQty=0
[2026-04-22 13:59:43] INFO: ASN WMS-ASN-EXT-00004 Carton CNWH63269: Assigned=Assigned, Actual=Assigned, ReceivedQty=0
[2026-04-22 13:59:43] INFO: ASN WMS-ASN-EXT-00004 Carton CNWH63270: Assigned=Assigned, Actual=Assigned, ReceivedQty=0
[2026-04-22 13:59:43] INFO: ASN WMS-ASN-EXT-00004 Carton CNWH63271: Assigned=Assigned, Actual=Assigned, ReceivedQty=0
[2026-04-22 13:59:43] INFO: ASN WMS-ASN-EXT-00004 Carton CNWH63272: Assigned=Assigned, Actual=Assigned, ReceivedQty=0
[2026-04-22 13:59:43] INFO: ASN WMS-ASN-EXT-00004 Carton CNWH63275: Assigned=Assigned, Actual=Assigned, ReceivedQty=0
[2026-04-22 13:59:43] INFO: ASN WMS-ASN-EXT-00004 Carton CNWH63277: Assigned=Assigned, Actual=Assigned, ReceivedQty=0
[2026-04-22 13:59:43] INFO: ASN WMS-ASN-EXT-00004 Carton CNWH63280: Assigned=Assigned, Actual=Assigned, ReceivedQty=0
[2026-04-22 13:59:43] INFO: ASN WMS-ASN-EXT-00004 Carton CNWH63282: Assigned=Assigned, Actual=Assigned, ReceivedQty=0
[2026-04-22 13:59:43] INFO: ASN WMS-ASN-EXT-00004 Carton CNWH63283: Assigned=Assigned, Actual=Assigned, ReceivedQty=0
[2026-04-22 13:59:43] INFO: ASN WMS-ASN-EXT-00004 Carton CNWH63284: Assigned=Assigned, Actual=Assigned, ReceivedQty=0
[2026-04-22 13:59:43] INFO: ASN WMS-ASN-EXT-00004 Carton CNWH63285: Assigned=Assigned, Actual=Assigned, ReceivedQty=0
[2026-04-22 13:59:43] INFO: ASN WMS-ASN-EXT-00004 Carton CNWH63286: Assigned=Assigned, Actual=Assigned, ReceivedQty=0
[2026-04-22 13:59:43] INFO: ASN WMS-ASN-EXT-00004 Carton CNWH63287: Assigned=Assigned, Actual=Assigned, ReceivedQty=0
[2026-04-22 13:59:43] INFO: ASN WMS-ASN-EXT-00004 Carton CNWH63288: Assigned=Assigned, Actual=Assigned, ReceivedQty=0
[2026-04-22 13:59:43] INFO: ASN WMS-ASN-EXT-00004 Carton CNWH63289: Assigned=Assigned, Actual=Assigned, ReceivedQty=0
[2026-04-22 13:59:43] INFO: ASN WMS-ASN-EXT-00004 Carton CNWH63441: Assigned=Assigned, Actual=Assigned, ReceivedQty=0
[2026-04-22 13:59:43] INFO: ASN WMS-ASN-EXT-00004 Carton CNWH63442: Assigned=Assigned, Actual=Assigned, ReceivedQty=0
[2026-04-22 13:59:43] INFO: ASN WMS-ASN-EXT-00004 Carton CNWH63444: Assigned=Assigned, Actual=Assigned, ReceivedQty=0
[2026-04-22 13:59:43] INFO: ASN WMS-ASN-EXT-00004 Carton CNWH63446: Assigned=Assigned, Actual=Assigned, ReceivedQty=0
[2026-04-22 13:59:43] INFO: ASN WMS-ASN-EXT-00004 Carton CNWH63448: Assigned=Assigned, Actual=Assigned, ReceivedQty=0
[2026-04-22 13:59:43] INFO: ASN WMS-ASN-EXT-00004 Carton CNWH65363: Assigned=Assigned, Actual=Assigned, ReceivedQty=0
[2026-04-22 13:59:43] INFO: ASN WMS-ASN-EXT-00004 Carton CNWH63179: Assigned=Receiving, Actual=Receiving, ReceivedQty=0
[2026-04-22 13:59:43] INFO: ASN WMS-ASN-EXT-00004 Carton CNWH63180: Assigned=Assigned, Actual=Assigned, ReceivedQty=0
[2026-04-22 13:59:43] INFO: ASN WMS-ASN-EXT-00004 Carton CNWH63196: Assigned=Assigned, Actual=Assigned, ReceivedQty=0
[2026-04-22 13:59:43] INFO: ASN WMS-ASN-EXT-00004 Carton CNWH63197: Assigned=Assigned, Actual=Assigned, ReceivedQty=0
[2026-04-22 13:59:43] INFO: ASN WMS-ASN-EXT-00004 Carton CNWH63198: Assigned=Assigned, Actual=Assigned, ReceivedQty=0
[2026-04-22 13:59:43] INFO: ASN WMS-ASN-EXT-00004 Carton CNWH63199: Assigned=Assigned, Actual=Assigned, ReceivedQty=0
[2026-04-22 13:59:43] INFO: ASN WMS-ASN-EXT-00004 Carton CNWH63200: Assigned=Assigned, Actual=Assigned, ReceivedQty=0
[2026-04-22 13:59:43] INFO: ASN WMS-ASN-EXT-00004 Carton CNWH63266: Assigned=Assigned, Actual=Assigned, ReceivedQty=0
[2026-04-22 13:59:43] INFO: ASN WMS-ASN-EXT-00004 Carton CNWH63268: Assigned=Assigned, Actual=Assigned, ReceivedQty=0
[2026-04-22 13:59:43] INFO: ASN WMS-ASN-EXT-00004 Carton CNWH63269: Assigned=Assigned, Actual=Assigned, ReceivedQty=0
[2026-04-22 13:59:43] INFO: ASN WMS-ASN-EXT-00004 Carton CNWH63270: Assigned=Assigned, Actual=Assigned, ReceivedQty=0
[2026-04-22 13:59:43] INFO: ASN WMS-ASN-EXT-00004 Carton CNWH63271: Assigned=Assigned, Actual=Assigned, ReceivedQty=0
[2026-04-22 13:59:43] INFO: ASN WMS-ASN-EXT-00004 Carton CNWH63272: Assigned=Assigned, Actual=Assigned, ReceivedQty=0
[2026-04-22 13:59:43] INFO: ASN WMS-ASN-EXT-00004 Carton CNWH63275: Assigned=Assigned, Actual=Assigned, ReceivedQty=0
[2026-04-22 13:59:43] INFO: ASN WMS-ASN-EXT-00004 Carton CNWH63277: Assigned=Assigned, Actual=Assigned, ReceivedQty=0
[2026-04-22 13:59:43] INFO: ASN WMS-ASN-EXT-00004 Carton CNWH63280: Assigned=Assigned, Actual=Assigned, ReceivedQty=0
[2026-04-22 13:59:43] INFO: ASN WMS-ASN-EXT-00004 Carton CNWH63282: Assigned=Assigned, Actual=Assigned, ReceivedQty=0
[2026-04-22 13:59:43] INFO: ASN WMS-ASN-EXT-00004 Carton CNWH63283: Assigned=Assigned, Actual=Assigned, ReceivedQty=0
[2026-04-22 13:59:43] INFO: ASN WMS-ASN-EXT-00004 Carton CNWH63284: Assigned=Assigned, Actual=Assigned, ReceivedQty=0
[2026-04-22 13:59:43] INFO: ASN WMS-ASN-EXT-00004 Carton CNWH63285: Assigned=Assigned, Actual=Assigned, ReceivedQty=0
[2026-04-22 13:59:43] INFO: ASN WMS-ASN-EXT-00004 Carton CNWH63286: Assigned=Assigned, Actual=Assigned, ReceivedQty=0
[2026-04-22 13:59:43] INFO: ASN WMS-ASN-EXT-00004 Carton CNWH63287: Assigned=Assigned, Actual=Assigned, ReceivedQty=0
[2026-04-22 13:59:43] INFO: ASN WMS-ASN-EXT-00004 Carton CNWH63288: Assigned=Assigned, Actual=Assigned, ReceivedQty=0
[2026-04-22 13:59:43] INFO: ASN WMS-ASN-EXT-00004 Carton CNWH63289: Assigned=Assigned, Actual=Assigned, ReceivedQty=0
[2026-04-22 13:59:43] INFO: ASN WMS-ASN-EXT-00004 Carton CNWH63441: Assigned=Assigned, Actual=Assigned, ReceivedQty=0
[2026-04-22 13:59:43] INFO: ASN WMS-ASN-EXT-00004 Carton CNWH63442: Assigned=Assigned, Actual=Assigned, ReceivedQty=0
[2026-04-22 13:59:43] INFO: ASN WMS-ASN-EXT-00004 Carton CNWH65363: Assigned=Assigned, Actual=Assigned, ReceivedQty=0
[2026-04-22 13:59:43] INFO: ASN WMS-ASN-EXT-00004 Carton CNWH63502: Assigned=Assigned, Actual=Assigned, ReceivedQty=0
[2026-04-22 13:59:43] INFO: ASN WMS-ASN-EXT-00004 Carton CNWH63502: Assigned=Assigned, Actual=Assigned, ReceivedQty=0
[2026-04-22 13:59:43] INFO: ASN WMS-ASN-EXT-00004 Carton CNWH64607: Assigned=Assigned, Actual=Assigned, ReceivedQty=0
[2026-04-22 13:59:43] INFO: ASN WMS-ASN-EXT-127211 Carton CNWH12858: Assigned=Assigned, Actual=Assigned, ReceivedQty=0
[2026-04-22 13:59:43] INFO: ASN WMS-ASN-EXT-127211 Carton CNWH12854: Assigned=Assigned, Actual=Assigned, ReceivedQty=0
[2026-04-22 13:59:46] INFO: ASN ASN-0001 Carton CNWH12858: Assigned=Assigned, Actual=Assigned, ReceivedQty=0
[2026-04-22 13:59:46] INFO: ASN ASN-0001 Carton CNWH12854: Assigned=Assigned, Actual=Assigned, ReceivedQty=0
[2026-04-22 13:59:46] INFO: ASN ASN-0001 Carton CNWH15390: Assigned=Assigned, Actual=Assigned, ReceivedQty=0
[2026-04-22 13:59:46] INFO: ASN ASN-0001 Carton CNWH42441: Assigned=Assigned, Actual=Assigned, ReceivedQty=0
[2026-04-22 13:59:46] INFO: ASN ASN-0001 Carton CNWH64571: Assigned=Assigned, Actual=Assigned, ReceivedQty=0
[2026-04-22 13:59:46] INFO: ASN ASN-0001 Carton CNWH64521: Assigned=Assigned, Actual=Assigned, ReceivedQty=0
[2026-04-22 13:59:46] INFO: ASN ASN-0001 Carton CNWH63561: Assigned=Assigned, Actual=Assigned, ReceivedQty=0
[2026-04-22 13:59:46] INFO: ASN ASN-0001 Carton CNWH63609: Assigned=Assigned, Actual=Assigned, ReceivedQty=0
[2026-04-22 13:59:46] INFO: ASN ASN-0002 Carton CNWH12858: Assigned=Assigned, Actual=Assigned, ReceivedQty=0
[2026-04-22 13:59:46] INFO: ASN ASN-0002 Carton CNWH12854: Assigned=Assigned, Actual=Assigned, ReceivedQty=0
[2026-04-22 13:59:46] INFO: ASN WMS-ASN-EXT-00004 Carton CNWH63179: Assigned=Receiving, Actual=Receiving, ReceivedQty=0
[2026-04-22 13:59:46] INFO: ASN WMS-ASN-EXT-00004 Carton CNWH63180: Assigned=Assigned, Actual=Assigned, ReceivedQty=0
[2026-04-22 13:59:46] INFO: ASN WMS-ASN-EXT-00004 Carton CNWH63196: Assigned=Assigned, Actual=Assigned, ReceivedQty=0
[2026-04-22 13:59:46] INFO: ASN WMS-ASN-EXT-00004 Carton CNWH63197: Assigned=Assigned, Actual=Assigned, ReceivedQty=0
[2026-04-22 13:59:46] INFO: ASN WMS-ASN-EXT-00004 Carton CNWH63198: Assigned=Assigned, Actual=Assigned, ReceivedQty=0
[2026-04-22 13:59:46] INFO: ASN WMS-ASN-EXT-00004 Carton CNWH63199: Assigned=Assigned, Actual=Assigned, ReceivedQty=0
[2026-04-22 13:59:46] INFO: ASN WMS-ASN-EXT-00004 Carton CNWH63200: Assigned=Assigned, Actual=Assigned, ReceivedQty=0
[2026-04-22 13:59:46] INFO: ASN WMS-ASN-EXT-00004 Carton CNWH63266: Assigned=Assigned, Actual=Assigned, ReceivedQty=0
[2026-04-22 13:59:46] INFO: ASN WMS-ASN-EXT-00004 Carton CNWH63268: Assigned=Assigned, Actual=Assigned, ReceivedQty=0
[2026-04-22 13:59:46] INFO: ASN WMS-ASN-EXT-00004 Carton CNWH63269: Assigned=Assigned, Actual=Assigned, ReceivedQty=0
[2026-04-22 13:59:46] INFO: ASN WMS-ASN-EXT-00004 Carton CNWH63270: Assigned=Assigned, Actual=Assigned, ReceivedQty=0
[2026-04-22 13:59:46] INFO: ASN WMS-ASN-EXT-00004 Carton CNWH63271: Assigned=Assigned, Actual=Assigned, ReceivedQty=0
[2026-04-22 13:59:46] INFO: ASN WMS-ASN-EXT-00004 Carton CNWH63272: Assigned=Assigned, Actual=Assigned, ReceivedQty=0
[2026-04-22 13:59:46] INFO: ASN WMS-ASN-EXT-00004 Carton CNWH63275: Assigned=Assigned, Actual=Assigned, ReceivedQty=0
[2026-04-22 13:59:46] INFO: ASN WMS-ASN-EXT-00004 Carton CNWH63277: Assigned=Assigned, Actual=Assigned, ReceivedQty=0
[2026-04-22 13:59:46] INFO: ASN WMS-ASN-EXT-00004 Carton CNWH63280: Assigned=Assigned, Actual=Assigned, ReceivedQty=0
[2026-04-22 13:59:46] INFO: ASN WMS-ASN-EXT-00004 Carton CNWH63282: Assigned=Assigned, Actual=Assigned, ReceivedQty=0
[2026-04-22 13:59:46] INFO: ASN WMS-ASN-EXT-00004 Carton CNWH63283: Assigned=Assigned, Actual=Assigned, ReceivedQty=0
[2026-04-22 13:59:46] INFO: ASN WMS-ASN-EXT-00004 Carton CNWH63284: Assigned=Assigned, Actual=Assigned, ReceivedQty=0
[2026-04-22 13:59:46] INFO: ASN WMS-ASN-EXT-00004 Carton CNWH63285: Assigned=Assigned, Actual=Assigned, ReceivedQty=0
[2026-04-22 13:59:46] INFO: ASN WMS-ASN-EXT-00004 Carton CNWH63286: Assigned=Assigned, Actual=Assigned, ReceivedQty=0
[2026-04-22 13:59:46] INFO: ASN WMS-ASN-EXT-00004 Carton CNWH63287: Assigned=Assigned, Actual=Assigned, ReceivedQty=0
[2026-04-22 13:59:46] INFO: ASN WMS-ASN-EXT-00004 Carton CNWH63288: Assigned=Assigned, Actual=Assigned, ReceivedQty=0
[2026-04-22 13:59:46] INFO: ASN WMS-ASN-EXT-00004 Carton CNWH63289: Assigned=Assigned, Actual=Assigned, ReceivedQty=0
[2026-04-22 13:59:46] INFO: ASN WMS-ASN-EXT-00004 Carton CNWH63441: Assigned=Assigned, Actual=Assigned, ReceivedQty=0
[2026-04-22 13:59:46] INFO: ASN WMS-ASN-EXT-00004 Carton CNWH63442: Assigned=Assigned, Actual=Assigned, ReceivedQty=0
[2026-04-22 13:59:46] INFO: ASN WMS-ASN-EXT-00004 Carton CNWH63444: Assigned=Assigned, Actual=Assigned, ReceivedQty=0
[2026-04-22 13:59:46] INFO: ASN WMS-ASN-EXT-00004 Carton CNWH63446: Assigned=Assigned, Actual=Assigned, ReceivedQty=0
[2026-04-22 13:59:46] INFO: ASN WMS-ASN-EXT-00004 Carton CNWH63448: Assigned=Assigned, Actual=Assigned, ReceivedQty=0
[2026-04-22 13:59:46] INFO: ASN WMS-ASN-EXT-00004 Carton CNWH65363: Assigned=Assigned, Actual=Assigned, ReceivedQty=0
[2026-04-22 13:59:46] INFO: ASN WMS-ASN-EXT-00004 Carton CNWH63179: Assigned=Receiving, Actual=Receiving, ReceivedQty=0
[2026-04-22 13:59:46] INFO: ASN WMS-ASN-EXT-00004 Carton CNWH63180: Assigned=Assigned, Actual=Assigned, ReceivedQty=0
[2026-04-22 13:59:46] INFO: ASN WMS-ASN-EXT-00004 Carton CNWH63196: Assigned=Assigned, Actual=Assigned, ReceivedQty=0
[2026-04-22 13:59:46] INFO: ASN WMS-ASN-EXT-00004 Carton CNWH63197: Assigned=Assigned, Actual=Assigned, ReceivedQty=0
[2026-04-22 13:59:46] INFO: ASN WMS-ASN-EXT-00004 Carton CNWH63198: Assigned=Assigned, Actual=Assigned, ReceivedQty=0
[2026-04-22 13:59:46] INFO: ASN WMS-ASN-EXT-00004 Carton CNWH63199: Assigned=Assigned, Actual=Assigned, ReceivedQty=0
[2026-04-22 13:59:46] INFO: ASN WMS-ASN-EXT-00004 Carton CNWH63200: Assigned=Assigned, Actual=Assigned, ReceivedQty=0
[2026-04-22 13:59:46] INFO: ASN WMS-ASN-EXT-00004 Carton CNWH63266: Assigned=Assigned, Actual=Assigned, ReceivedQty=0
[2026-04-22 13:59:46] INFO: ASN WMS-ASN-EXT-00004 Carton CNWH63268: Assigned=Assigned, Actual=Assigned, ReceivedQty=0
[2026-04-22 13:59:46] INFO: ASN WMS-ASN-EXT-00004 Carton CNWH63269: Assigned=Assigned, Actual=Assigned, ReceivedQty=0
[2026-04-22 13:59:46] INFO: ASN WMS-ASN-EXT-00004 Carton CNWH63270: Assigned=Assigned, Actual=Assigned, ReceivedQty=0
[2026-04-22 13:59:46] INFO: ASN WMS-ASN-EXT-00004 Carton CNWH63271: Assigned=Assigned, Actual=Assigned, ReceivedQty=0
[2026-04-22 13:59:46] INFO: ASN WMS-ASN-EXT-00004 Carton CNWH63272: Assigned=Assigned, Actual=Assigned, ReceivedQty=0
[2026-04-22 13:59:46] INFO: ASN WMS-ASN-EXT-00004 Carton CNWH63275: Assigned=Assigned, Actual=Assigned, ReceivedQty=0
[2026-04-22 13:59:46] INFO: ASN WMS-ASN-EXT-00004 Carton CNWH63277: Assigned=Assigned, Actual=Assigned, ReceivedQty=0
[2026-04-22 13:59:46] INFO: ASN WMS-ASN-EXT-00004 Carton CNWH63280: Assigned=Assigned, Actual=Assigned, ReceivedQty=0
[2026-04-22 13:59:46] INFO: ASN WMS-ASN-EXT-00004 Carton CNWH63282: Assigned=Assigned, Actual=Assigned, ReceivedQty=0
[2026-04-22 13:59:46] INFO: ASN WMS-ASN-EXT-00004 Carton CNWH63283: Assigned=Assigned, Actual=Assigned, ReceivedQty=0
[2026-04-22 13:59:46] INFO: ASN WMS-ASN-EXT-00004 Carton CNWH63284: Assigned=Assigned, Actual=Assigned, ReceivedQty=0
[2026-04-22 13:59:46] INFO: ASN WMS-ASN-EXT-00004 Carton CNWH63285: Assigned=Assigned, Actual=Assigned, ReceivedQty=0
[2026-04-22 13:59:46] INFO: ASN WMS-ASN-EXT-00004 Carton CNWH63286: Assigned=Assigned, Actual=Assigned, ReceivedQty=0
[2026-04-22 13:59:46] INFO: ASN WMS-ASN-EXT-00004 Carton CNWH63287: Assigned=Assigned, Actual=Assigned, ReceivedQty=0
[2026-04-22 13:59:46] INFO: ASN WMS-ASN-EXT-00004 Carton CNWH63288: Assigned=Assigned, Actual=Assigned, ReceivedQty=0
[2026-04-22 13:59:46] INFO: ASN WMS-ASN-EXT-00004 Carton CNWH63289: Assigned=Assigned, Actual=Assigned, ReceivedQty=0
[2026-04-22 13:59:46] INFO: ASN WMS-ASN-EXT-00004 Carton CNWH63441: Assigned=Assigned, Actual=Assigned, ReceivedQty=0
[2026-04-22 13:59:46] INFO: ASN WMS-ASN-EXT-00004 Carton CNWH63442: Assigned=Assigned, Actual=Assigned, ReceivedQty=0
[2026-04-22 13:59:46] INFO: ASN WMS-ASN-EXT-00004 Carton CNWH65363: Assigned=Assigned, Actual=Assigned, ReceivedQty=0
[2026-04-22 13:59:46] INFO: ASN WMS-ASN-EXT-00004 Carton CNWH63502: Assigned=Assigned, Actual=Assigned, ReceivedQty=0
[2026-04-22 13:59:46] INFO: ASN WMS-ASN-EXT-00004 Carton CNWH63502: Assigned=Assigned, Actual=Assigned, ReceivedQty=0
[2026-04-22 13:59:46] INFO: ASN WMS-ASN-EXT-00004 Carton CNWH64607: Assigned=Assigned, Actual=Assigned, ReceivedQty=0
[2026-04-22 13:59:46] INFO: ASN WMS-ASN-EXT-127211 Carton CNWH12858: Assigned=Assigned, Actual=Assigned, ReceivedQty=0
[2026-04-22 13:59:46] INFO: ASN WMS-ASN-EXT-127211 Carton CNWH12854: Assigned=Assigned, Actual=Assigned, ReceivedQty=0
[2026-04-22 13:59:46] INFO: ASN ASN-0001 Carton CNWH12858: Assigned=Assigned, Actual=Assigned, ReceivedQty=0
[2026-04-22 13:59:46] INFO: ASN ASN-0001 Carton CNWH12854: Assigned=Assigned, Actual=Assigned, ReceivedQty=0
[2026-04-22 13:59:46] INFO: ASN ASN-0001 Carton CNWH15390: Assigned=Assigned, Actual=Assigned, ReceivedQty=0
[2026-04-22 13:59:46] INFO: ASN ASN-0001 Carton CNWH42441: Assigned=Assigned, Actual=Assigned, ReceivedQty=0
[2026-04-22 13:59:46] INFO: ASN ASN-0001 Carton CNWH64571: Assigned=Assigned, Actual=Assigned, ReceivedQty=0
[2026-04-22 13:59:46] INFO: ASN ASN-0001 Carton CNWH64521: Assigned=Assigned, Actual=Assigned, ReceivedQty=0
[2026-04-22 13:59:46] INFO: ASN ASN-0001 Carton CNWH63561: Assigned=Assigned, Actual=Assigned, ReceivedQty=0
[2026-04-22 13:59:46] INFO: ASN ASN-0001 Carton CNWH63609: Assigned=Assigned, Actual=Assigned, ReceivedQty=0
[2026-04-22 13:59:46] INFO: ASN ASN-0002 Carton CNWH12858: Assigned=Assigned, Actual=Assigned, ReceivedQty=0
[2026-04-22 13:59:46] INFO: ASN ASN-0002 Carton CNWH12854: Assigned=Assigned, Actual=Assigned, ReceivedQty=0
[2026-04-22 13:59:46] INFO: ASN WMS-ASN-EXT-00004 Carton CNWH63179: Assigned=Receiving, Actual=Receiving, ReceivedQty=0
[2026-04-22 13:59:46] INFO: ASN WMS-ASN-EXT-00004 Carton CNWH63180: Assigned=Assigned, Actual=Assigned, ReceivedQty=0
[2026-04-22 13:59:46] INFO: ASN WMS-ASN-EXT-00004 Carton CNWH63196: Assigned=Assigned, Actual=Assigned, ReceivedQty=0
[2026-04-22 13:59:46] INFO: ASN WMS-ASN-EXT-00004 Carton CNWH63197: Assigned=Assigned, Actual=Assigned, ReceivedQty=0
[2026-04-22 13:59:46] INFO: ASN WMS-ASN-EXT-00004 Carton CNWH63198: Assigned=Assigned, Actual=Assigned, ReceivedQty=0
[2026-04-22 13:59:46] INFO: ASN WMS-ASN-EXT-00004 Carton CNWH63199: Assigned=Assigned, Actual=Assigned, ReceivedQty=0
[2026-04-22 13:59:46] INFO: ASN WMS-ASN-EXT-00004 Carton CNWH63200: Assigned=Assigned, Actual=Assigned, ReceivedQty=0
[2026-04-22 13:59:46] INFO: ASN WMS-ASN-EXT-00004 Carton CNWH63266: Assigned=Assigned, Actual=Assigned, ReceivedQty=0
[2026-04-22 13:59:46] INFO: ASN WMS-ASN-EXT-00004 Carton CNWH63268: Assigned=Assigned, Actual=Assigned, ReceivedQty=0
[2026-04-22 13:59:46] INFO: ASN WMS-ASN-EXT-00004 Carton CNWH63269: Assigned=Assigned, Actual=Assigned, ReceivedQty=0
[2026-04-22 13:59:46] INFO: ASN WMS-ASN-EXT-00004 Carton CNWH63270: Assigned=Assigned, Actual=Assigned, ReceivedQty=0
[2026-04-22 13:59:46] INFO: ASN WMS-ASN-EXT-00004 Carton CNWH63271: Assigned=Assigned, Actual=Assigned, ReceivedQty=0
[2026-04-22 13:59:46] INFO: ASN WMS-ASN-EXT-00004 Carton CNWH63272: Assigned=Assigned, Actual=Assigned, ReceivedQty=0
[2026-04-22 13:59:46] INFO: ASN WMS-ASN-EXT-00004 Carton CNWH63275: Assigned=Assigned, Actual=Assigned, ReceivedQty=0
[2026-04-22 13:59:46] INFO: ASN WMS-ASN-EXT-00004 Carton CNWH63277: Assigned=Assigned, Actual=Assigned, ReceivedQty=0
[2026-04-22 13:59:46] INFO: ASN WMS-ASN-EXT-00004 Carton CNWH63280: Assigned=Assigned, Actual=Assigned, ReceivedQty=0
[2026-04-22 13:59:46] INFO: ASN WMS-ASN-EXT-00004 Carton CNWH63282: Assigned=Assigned, Actual=Assigned, ReceivedQty=0
[2026-04-22 13:59:46] INFO: ASN WMS-ASN-EXT-00004 Carton CNWH63283: Assigned=Assigned, Actual=Assigned, ReceivedQty=0
[2026-04-22 13:59:46] INFO: ASN WMS-ASN-EXT-00004 Carton CNWH63284: Assigned=Assigned, Actual=Assigned, ReceivedQty=0
[2026-04-22 13:59:46] INFO: ASN WMS-ASN-EXT-00004 Carton CNWH63285: Assigned=Assigned, Actual=Assigned, ReceivedQty=0
[2026-04-22 13:59:46] INFO: ASN WMS-ASN-EXT-00004 Carton CNWH63286: Assigned=Assigned, Actual=Assigned, ReceivedQty=0
[2026-04-22 13:59:46] INFO: ASN WMS-ASN-EXT-00004 Carton CNWH63287: Assigned=Assigned, Actual=Assigned, ReceivedQty=0
[2026-04-22 13:59:46] INFO: ASN WMS-ASN-EXT-00004 Carton CNWH63288: Assigned=Assigned, Actual=Assigned, ReceivedQty=0
[2026-04-22 13:59:46] INFO: ASN WMS-ASN-EXT-00004 Carton CNWH63289: Assigned=Assigned, Actual=Assigned, ReceivedQty=0
[2026-04-22 13:59:46] INFO: ASN WMS-ASN-EXT-00004 Carton CNWH63441: Assigned=Assigned, Actual=Assigned, ReceivedQty=0
[2026-04-22 13:59:46] INFO: ASN WMS-ASN-EXT-00004 Carton CNWH63442: Assigned=Assigned, Actual=Assigned, ReceivedQty=0
[2026-04-22 13:59:46] INFO: ASN WMS-ASN-EXT-00004 Carton CNWH63444: Assigned=Assigned, Actual=Assigned, ReceivedQty=0
[2026-04-22 13:59:46] INFO: ASN WMS-ASN-EXT-00004 Carton CNWH63446: Assigned=Assigned, Actual=Assigned, ReceivedQty=0
[2026-04-22 13:59:46] INFO: ASN WMS-ASN-EXT-00004 Carton CNWH63448: Assigned=Assigned, Actual=Assigned, ReceivedQty=0
[2026-04-22 13:59:46] INFO: ASN WMS-ASN-EXT-00004 Carton CNWH65363: Assigned=Assigned, Actual=Assigned, ReceivedQty=0
[2026-04-22 13:59:46] INFO: ASN WMS-ASN-EXT-00004 Carton CNWH63179: Assigned=Receiving, Actual=Receiving, ReceivedQty=0
[2026-04-22 13:59:46] INFO: ASN WMS-ASN-EXT-00004 Carton CNWH63180: Assigned=Assigned, Actual=Assigned, ReceivedQty=0
[2026-04-22 13:59:46] INFO: ASN WMS-ASN-EXT-00004 Carton CNWH63196: Assigned=Assigned, Actual=Assigned, ReceivedQty=0
[2026-04-22 13:59:46] INFO: ASN WMS-ASN-EXT-00004 Carton CNWH63197: Assigned=Assigned, Actual=Assigned, ReceivedQty=0
[2026-04-22 13:59:46] INFO: ASN WMS-ASN-EXT-00004 Carton CNWH63198: Assigned=Assigned, Actual=Assigned, ReceivedQty=0
[2026-04-22 13:59:46] INFO: ASN WMS-ASN-EXT-00004 Carton CNWH63199: Assigned=Assigned, Actual=Assigned, ReceivedQty=0
[2026-04-22 13:59:46] INFO: ASN WMS-ASN-EXT-00004 Carton CNWH63200: Assigned=Assigned, Actual=Assigned, ReceivedQty=0
[2026-04-22 13:59:46] INFO: ASN WMS-ASN-EXT-00004 Carton CNWH63266: Assigned=Assigned, Actual=Assigned, ReceivedQty=0
[2026-04-22 13:59:46] INFO: ASN WMS-ASN-EXT-00004 Carton CNWH63268: Assigned=Assigned, Actual=Assigned, ReceivedQty=0
[2026-04-22 13:59:46] INFO: ASN WMS-ASN-EXT-00004 Carton CNWH63269: Assigned=Assigned, Actual=Assigned, ReceivedQty=0
[2026-04-22 13:59:46] INFO: ASN WMS-ASN-EXT-00004 Carton CNWH63270: Assigned=Assigned, Actual=Assigned, ReceivedQty=0
[2026-04-22 13:59:46] INFO: ASN WMS-ASN-EXT-00004 Carton CNWH63271: Assigned=Assigned, Actual=Assigned, ReceivedQty=0
[2026-04-22 13:59:46] INFO: ASN WMS-ASN-EXT-00004 Carton CNWH63272: Assigned=Assigned, Actual=Assigned, ReceivedQty=0
[2026-04-22 13:59:46] INFO: ASN WMS-ASN-EXT-00004 Carton CNWH63275: Assigned=Assigned, Actual=Assigned, ReceivedQty=0
[2026-04-22 13:59:46] INFO: ASN WMS-ASN-EXT-00004 Carton CNWH63277: Assigned=Assigned, Actual=Assigned, ReceivedQty=0
[2026-04-22 13:59:46] INFO: ASN WMS-ASN-EXT-00004 Carton CNWH63280: Assigned=Assigned, Actual=Assigned, ReceivedQty=0
[2026-04-22 13:59:46] INFO: ASN WMS-ASN-EXT-00004 Carton CNWH63282: Assigned=Assigned, Actual=Assigned, ReceivedQty=0
[2026-04-22 13:59:46] INFO: ASN WMS-ASN-EXT-00004 Carton CNWH63283: Assigned=Assigned, Actual=Assigned, ReceivedQty=0
[2026-04-22 13:59:46] INFO: ASN WMS-ASN-EXT-00004 Carton CNWH63284: Assigned=Assigned, Actual=Assigned, ReceivedQty=0
[2026-04-22 13:59:46] INFO: ASN WMS-ASN-EXT-00004 Carton CNWH63285: Assigned=Assigned, Actual=Assigned, ReceivedQty=0
[2026-04-22 13:59:46] INFO: ASN WMS-ASN-EXT-00004 Carton CNWH63286: Assigned=Assigned, Actual=Assigned, ReceivedQty=0
[2026-04-22 13:59:46] INFO: ASN WMS-ASN-EXT-00004 Carton CNWH63287: Assigned=Assigned, Actual=Assigned, ReceivedQty=0
[2026-04-22 13:59:46] INFO: ASN WMS-ASN-EXT-00004 Carton CNWH63288: Assigned=Assigned, Actual=Assigned, ReceivedQty=0
[2026-04-22 13:59:46] INFO: ASN WMS-ASN-EXT-00004 Carton CNWH63289: Assigned=Assigned, Actual=Assigned, ReceivedQty=0
[2026-04-22 13:59:46] INFO: ASN WMS-ASN-EXT-00004 Carton CNWH63441: Assigned=Assigned, Actual=Assigned, ReceivedQty=0
[2026-04-22 13:59:46] INFO: ASN WMS-ASN-EXT-00004 Carton CNWH63442: Assigned=Assigned, Actual=Assigned, ReceivedQty=0
[2026-04-22 13:59:46] INFO: ASN WMS-ASN-EXT-00004 Carton CNWH65363: Assigned=Assigned, Actual=Assigned, ReceivedQty=0
[2026-04-22 13:59:46] INFO: ASN WMS-ASN-EXT-00004 Carton CNWH63502: Assigned=Assigned, Actual=Assigned, ReceivedQty=0
[2026-04-22 13:59:46] INFO: ASN WMS-ASN-EXT-00004 Carton CNWH63502: Assigned=Assigned, Actual=Assigned, ReceivedQty=0
[2026-04-22 13:59:46] INFO: ASN WMS-ASN-EXT-00004 Carton CNWH64607: Assigned=Assigned, Actual=Assigned, ReceivedQty=0
[2026-04-22 13:59:46] INFO: ASN WMS-ASN-EXT-127211 Carton CNWH12858: Assigned=Assigned, Actual=Assigned, ReceivedQty=0
[2026-04-22 13:59:46] INFO: ASN WMS-ASN-EXT-127211 Carton CNWH12854: Assigned=Assigned, Actual=Assigned, ReceivedQty=0
[2026-04-22 14:01:14] INFO: ASN ASN-0001 Carton CNWH12858: Assigned=Assigned, Actual=Assigned, ReceivedQty=0
[2026-04-22 14:01:14] INFO: ASN ASN-0001 Carton CNWH12854: Assigned=Assigned, Actual=Assigned, ReceivedQty=0
[2026-04-22 14:01:14] INFO: ASN ASN-0001 Carton CNWH15390: Assigned=Assigned, Actual=Assigned, ReceivedQty=0
[2026-04-22 14:01:14] INFO: ASN ASN-0001 Carton CNWH42441: Assigned=Assigned, Actual=Assigned, ReceivedQty=0
[2026-04-22 14:01:14] INFO: ASN ASN-0001 Carton CNWH64571: Assigned=Assigned, Actual=Assigned, ReceivedQty=0
[2026-04-22 14:01:14] INFO: ASN ASN-0001 Carton CNWH64521: Assigned=Assigned, Actual=Assigned, ReceivedQty=0
[2026-04-22 14:01:14] INFO: ASN ASN-0001 Carton CNWH63561: Assigned=Assigned, Actual=Assigned, ReceivedQty=0
[2026-04-22 14:01:14] INFO: ASN ASN-0001 Carton CNWH63609: Assigned=Assigned, Actual=Assigned, ReceivedQty=0
[2026-04-22 14:01:14] INFO: ASN ASN-0002 Carton CNWH12858: Assigned=Assigned, Actual=Assigned, ReceivedQty=0
[2026-04-22 14:01:14] INFO: ASN ASN-0002 Carton CNWH12854: Assigned=Assigned, Actual=Assigned, ReceivedQty=0
[2026-04-22 14:01:14] INFO: ASN WMS-ASN-EXT-00004 Carton CNWH63179: Assigned=Received, Actual=Received, ReceivedQty=10
[2026-04-22 14:01:14] INFO: ASN WMS-ASN-EXT-00004 Carton CNWH63180: Assigned=Assigned, Actual=Assigned, ReceivedQty=0
[2026-04-22 14:01:14] INFO: ASN WMS-ASN-EXT-00004 Carton CNWH63196: Assigned=Assigned, Actual=Assigned, ReceivedQty=0
[2026-04-22 14:01:14] INFO: ASN WMS-ASN-EXT-00004 Carton CNWH63197: Assigned=Assigned, Actual=Assigned, ReceivedQty=0
[2026-04-22 14:01:14] INFO: ASN WMS-ASN-EXT-00004 Carton CNWH63198: Assigned=Assigned, Actual=Assigned, ReceivedQty=0
[2026-04-22 14:01:14] INFO: ASN WMS-ASN-EXT-00004 Carton CNWH63199: Assigned=Assigned, Actual=Assigned, ReceivedQty=0
[2026-04-22 14:01:14] INFO: ASN WMS-ASN-EXT-00004 Carton CNWH63200: Assigned=Assigned, Actual=Assigned, ReceivedQty=0
[2026-04-22 14:01:14] INFO: ASN WMS-ASN-EXT-00004 Carton CNWH63266: Assigned=Assigned, Actual=Assigned, ReceivedQty=0
[2026-04-22 14:01:14] INFO: ASN WMS-ASN-EXT-00004 Carton CNWH63268: Assigned=Assigned, Actual=Assigned, ReceivedQty=0
[2026-04-22 14:01:14] INFO: ASN WMS-ASN-EXT-00004 Carton CNWH63269: Assigned=Assigned, Actual=Assigned, ReceivedQty=0
[2026-04-22 14:01:14] INFO: ASN WMS-ASN-EXT-00004 Carton CNWH63270: Assigned=Assigned, Actual=Assigned, ReceivedQty=0
[2026-04-22 14:01:14] INFO: ASN WMS-ASN-EXT-00004 Carton CNWH63271: Assigned=Assigned, Actual=Assigned, ReceivedQty=0
[2026-04-22 14:01:14] INFO: ASN WMS-ASN-EXT-00004 Carton CNWH63272: Assigned=Assigned, Actual=Assigned, ReceivedQty=0
[2026-04-22 14:01:14] INFO: ASN WMS-ASN-EXT-00004 Carton CNWH63275: Assigned=Assigned, Actual=Assigned, ReceivedQty=0
[2026-04-22 14:01:14] INFO: ASN WMS-ASN-EXT-00004 Carton CNWH63277: Assigned=Assigned, Actual=Assigned, ReceivedQty=0
[2026-04-22 14:01:14] INFO: ASN WMS-ASN-EXT-00004 Carton CNWH63280: Assigned=Assigned, Actual=Assigned, ReceivedQty=0
[2026-04-22 14:01:14] INFO: ASN WMS-ASN-EXT-00004 Carton CNWH63282: Assigned=Assigned, Actual=Assigned, ReceivedQty=0
[2026-04-22 14:01:14] INFO: ASN WMS-ASN-EXT-00004 Carton CNWH63283: Assigned=Assigned, Actual=Assigned, ReceivedQty=0
[2026-04-22 14:01:14] INFO: ASN WMS-ASN-EXT-00004 Carton CNWH63284: Assigned=Assigned, Actual=Assigned, ReceivedQty=0
[2026-04-22 14:01:14] INFO: ASN WMS-ASN-EXT-00004 Carton CNWH63285: Assigned=Assigned, Actual=Assigned, ReceivedQty=0
[2026-04-22 14:01:14] INFO: ASN WMS-ASN-EXT-00004 Carton CNWH63286: Assigned=Assigned, Actual=Assigned, ReceivedQty=0
[2026-04-22 14:01:14] INFO: ASN WMS-ASN-EXT-00004 Carton CNWH63287: Assigned=Assigned, Actual=Assigned, ReceivedQty=0
[2026-04-22 14:01:14] INFO: ASN WMS-ASN-EXT-00004 Carton CNWH63288: Assigned=Assigned, Actual=Assigned, ReceivedQty=0
[2026-04-22 14:01:14] INFO: ASN WMS-ASN-EXT-00004 Carton CNWH63289: Assigned=Assigned, Actual=Assigned, ReceivedQty=0
[2026-04-22 14:01:14] INFO: ASN WMS-ASN-EXT-00004 Carton CNWH63441: Assigned=Assigned, Actual=Assigned, ReceivedQty=0
[2026-04-22 14:01:14] INFO: ASN WMS-ASN-EXT-00004 Carton CNWH63442: Assigned=Assigned, Actual=Assigned, ReceivedQty=0
[2026-04-22 14:01:14] INFO: ASN WMS-ASN-EXT-00004 Carton CNWH63444: Assigned=Assigned, Actual=Assigned, ReceivedQty=0
[2026-04-22 14:01:14] INFO: ASN WMS-ASN-EXT-00004 Carton CNWH63446: Assigned=Assigned, Actual=Assigned, ReceivedQty=0
[2026-04-22 14:01:14] INFO: ASN WMS-ASN-EXT-00004 Carton CNWH63448: Assigned=Assigned, Actual=Assigned, ReceivedQty=0
[2026-04-22 14:01:14] INFO: ASN WMS-ASN-EXT-00004 Carton CNWH65363: Assigned=Assigned, Actual=Assigned, ReceivedQty=0
[2026-04-22 14:01:14] INFO: ASN WMS-ASN-EXT-00004 Carton CNWH63179: Assigned=Received, Actual=Received, ReceivedQty=10
[2026-04-22 14:01:14] INFO: ASN WMS-ASN-EXT-00004 Carton CNWH63180: Assigned=Assigned, Actual=Assigned, ReceivedQty=0
[2026-04-22 14:01:14] INFO: ASN WMS-ASN-EXT-00004 Carton CNWH63196: Assigned=Assigned, Actual=Assigned, ReceivedQty=0
[2026-04-22 14:01:14] INFO: ASN WMS-ASN-EXT-00004 Carton CNWH63197: Assigned=Assigned, Actual=Assigned, ReceivedQty=0
[2026-04-22 14:01:14] INFO: ASN WMS-ASN-EXT-00004 Carton CNWH63198: Assigned=Assigned, Actual=Assigned, ReceivedQty=0
[2026-04-22 14:01:14] INFO: ASN WMS-ASN-EXT-00004 Carton CNWH63199: Assigned=Assigned, Actual=Assigned, ReceivedQty=0
[2026-04-22 14:01:14] INFO: ASN WMS-ASN-EXT-00004 Carton CNWH63200: Assigned=Assigned, Actual=Assigned, ReceivedQty=0
[2026-04-22 14:01:14] INFO: ASN WMS-ASN-EXT-00004 Carton CNWH63266: Assigned=Assigned, Actual=Assigned, ReceivedQty=0
[2026-04-22 14:01:14] INFO: ASN WMS-ASN-EXT-00004 Carton CNWH63268: Assigned=Assigned, Actual=Assigned, ReceivedQty=0
[2026-04-22 14:01:14] INFO: ASN WMS-ASN-EXT-00004 Carton CNWH63269: Assigned=Assigned, Actual=Assigned, ReceivedQty=0
[2026-04-22 14:01:14] INFO: ASN WMS-ASN-EXT-00004 Carton CNWH63270: Assigned=Assigned, Actual=Assigned, ReceivedQty=0
[2026-04-22 14:01:14] INFO: ASN WMS-ASN-EXT-00004 Carton CNWH63271: Assigned=Assigned, Actual=Assigned, ReceivedQty=0
[2026-04-22 14:01:14] INFO: ASN WMS-ASN-EXT-00004 Carton CNWH63272: Assigned=Assigned, Actual=Assigned, ReceivedQty=0
[2026-04-22 14:01:14] INFO: ASN WMS-ASN-EXT-00004 Carton CNWH63275: Assigned=Assigned, Actual=Assigned, ReceivedQty=0
[2026-04-22 14:01:14] INFO: ASN WMS-ASN-EXT-00004 Carton CNWH63277: Assigned=Assigned, Actual=Assigned, ReceivedQty=0
[2026-04-22 14:01:14] INFO: ASN WMS-ASN-EXT-00004 Carton CNWH63280: Assigned=Assigned, Actual=Assigned, ReceivedQty=0
[2026-04-22 14:01:14] INFO: ASN WMS-ASN-EXT-00004 Carton CNWH63282: Assigned=Assigned, Actual=Assigned, ReceivedQty=0
[2026-04-22 14:01:14] INFO: ASN WMS-ASN-EXT-00004 Carton CNWH63283: Assigned=Assigned, Actual=Assigned, ReceivedQty=0
[2026-04-22 14:01:14] INFO: ASN WMS-ASN-EXT-00004 Carton CNWH63284: Assigned=Assigned, Actual=Assigned, ReceivedQty=0
[2026-04-22 14:01:14] INFO: ASN WMS-ASN-EXT-00004 Carton CNWH63285: Assigned=Assigned, Actual=Assigned, ReceivedQty=0
[2026-04-22 14:01:14] INFO: ASN WMS-ASN-EXT-00004 Carton CNWH63286: Assigned=Assigned, Actual=Assigned, ReceivedQty=0
[2026-04-22 14:01:14] INFO: ASN WMS-ASN-EXT-00004 Carton CNWH63287: Assigned=Assigned, Actual=Assigned, ReceivedQty=0
[2026-04-22 14:01:14] INFO: ASN WMS-ASN-EXT-00004 Carton CNWH63288: Assigned=Assigned, Actual=Assigned, ReceivedQty=0
[2026-04-22 14:01:14] INFO: ASN WMS-ASN-EXT-00004 Carton CNWH63289: Assigned=Assigned, Actual=Assigned, ReceivedQty=0
[2026-04-22 14:01:14] INFO: ASN WMS-ASN-EXT-00004 Carton CNWH63441: Assigned=Assigned, Actual=Assigned, ReceivedQty=0
[2026-04-22 14:01:14] INFO: ASN WMS-ASN-EXT-00004 Carton CNWH63442: Assigned=Assigned, Actual=Assigned, ReceivedQty=0
[2026-04-22 14:01:14] INFO: ASN WMS-ASN-EXT-00004 Carton CNWH65363: Assigned=Assigned, Actual=Assigned, ReceivedQty=0
[2026-04-22 14:01:14] INFO: ASN WMS-ASN-EXT-00004 Carton CNWH63502: Assigned=Assigned, Actual=Assigned, ReceivedQty=0
[2026-04-22 14:01:14] INFO: ASN WMS-ASN-EXT-00004 Carton CNWH63502: Assigned=Assigned, Actual=Assigned, ReceivedQty=0
[2026-04-22 14:01:14] INFO: ASN WMS-ASN-EXT-00004 Carton CNWH64607: Assigned=Assigned, Actual=Assigned, ReceivedQty=0
[2026-04-22 14:01:14] INFO: ASN WMS-ASN-EXT-127211 Carton CNWH12858: Assigned=Assigned, Actual=Assigned, ReceivedQty=0
[2026-04-22 14:01:14] INFO: ASN WMS-ASN-EXT-127211 Carton CNWH12854: Assigned=Assigned, Actual=Assigned, ReceivedQty=0
[2026-04-22 14:01:14] INFO: ASN ASN-0001 Carton CNWH12858: Assigned=Assigned, Actual=Assigned, ReceivedQty=0
[2026-04-22 14:01:14] INFO: ASN ASN-0001 Carton CNWH12854: Assigned=Assigned, Actual=Assigned, ReceivedQty=0
[2026-04-22 14:01:14] INFO: ASN ASN-0001 Carton CNWH15390: Assigned=Assigned, Actual=Assigned, ReceivedQty=0
[2026-04-22 14:01:14] INFO: ASN ASN-0001 Carton CNWH42441: Assigned=Assigned, Actual=Assigned, ReceivedQty=0
[2026-04-22 14:01:14] INFO: ASN ASN-0001 Carton CNWH64571: Assigned=Assigned, Actual=Assigned, ReceivedQty=0
[2026-04-22 14:01:14] INFO: ASN ASN-0001 Carton CNWH64521: Assigned=Assigned, Actual=Assigned, ReceivedQty=0
[2026-04-22 14:01:14] INFO: ASN ASN-0001 Carton CNWH63561: Assigned=Assigned, Actual=Assigned, ReceivedQty=0
[2026-04-22 14:01:14] INFO: ASN ASN-0001 Carton CNWH63609: Assigned=Assigned, Actual=Assigned, ReceivedQty=0
[2026-04-22 14:01:14] INFO: ASN ASN-0002 Carton CNWH12858: Assigned=Assigned, Actual=Assigned, ReceivedQty=0
[2026-04-22 14:01:14] INFO: ASN ASN-0002 Carton CNWH12854: Assigned=Assigned, Actual=Assigned, ReceivedQty=0
[2026-04-22 14:01:14] INFO: ASN WMS-ASN-EXT-00004 Carton CNWH63179: Assigned=Received, Actual=Received, ReceivedQty=10
[2026-04-22 14:01:14] INFO: ASN WMS-ASN-EXT-00004 Carton CNWH63180: Assigned=Assigned, Actual=Assigned, ReceivedQty=0
[2026-04-22 14:01:14] INFO: ASN WMS-ASN-EXT-00004 Carton CNWH63196: Assigned=Assigned, Actual=Assigned, ReceivedQty=0
[2026-04-22 14:01:14] INFO: ASN WMS-ASN-EXT-00004 Carton CNWH63197: Assigned=Assigned, Actual=Assigned, ReceivedQty=0
[2026-04-22 14:01:14] INFO: ASN WMS-ASN-EXT-00004 Carton CNWH63198: Assigned=Assigned, Actual=Assigned, ReceivedQty=0
[2026-04-22 14:01:14] INFO: ASN WMS-ASN-EXT-00004 Carton CNWH63199: Assigned=Assigned, Actual=Assigned, ReceivedQty=0
[2026-04-22 14:01:14] INFO: ASN WMS-ASN-EXT-00004 Carton CNWH63200: Assigned=Assigned, Actual=Assigned, ReceivedQty=0
[2026-04-22 14:01:14] INFO: ASN WMS-ASN-EXT-00004 Carton CNWH63266: Assigned=Assigned, Actual=Assigned, ReceivedQty=0
[2026-04-22 14:01:14] INFO: ASN WMS-ASN-EXT-00004 Carton CNWH63268: Assigned=Assigned, Actual=Assigned, ReceivedQty=0
[2026-04-22 14:01:14] INFO: ASN WMS-ASN-EXT-00004 Carton CNWH63269: Assigned=Assigned, Actual=Assigned, ReceivedQty=0
[2026-04-22 14:01:14] INFO: ASN WMS-ASN-EXT-00004 Carton CNWH63270: Assigned=Assigned, Actual=Assigned, ReceivedQty=0
[2026-04-22 14:01:14] INFO: ASN WMS-ASN-EXT-00004 Carton CNWH63271: Assigned=Assigned, Actual=Assigned, ReceivedQty=0
[2026-04-22 14:01:14] INFO: ASN WMS-ASN-EXT-00004 Carton CNWH63272: Assigned=Assigned, Actual=Assigned, ReceivedQty=0
[2026-04-22 14:01:14] INFO: ASN WMS-ASN-EXT-00004 Carton CNWH63275: Assigned=Assigned, Actual=Assigned, ReceivedQty=0
[2026-04-22 14:01:14] INFO: ASN WMS-ASN-EXT-00004 Carton CNWH63277: Assigned=Assigned, Actual=Assigned, ReceivedQty=0
[2026-04-22 14:01:14] INFO: ASN WMS-ASN-EXT-00004 Carton CNWH63280: Assigned=Assigned, Actual=Assigned, ReceivedQty=0
[2026-04-22 14:01:14] INFO: ASN WMS-ASN-EXT-00004 Carton CNWH63282: Assigned=Assigned, Actual=Assigned, ReceivedQty=0
[2026-04-22 14:01:14] INFO: ASN WMS-ASN-EXT-00004 Carton CNWH63283: Assigned=Assigned, Actual=Assigned, ReceivedQty=0
[2026-04-22 14:01:14] INFO: ASN WMS-ASN-EXT-00004 Carton CNWH63284: Assigned=Assigned, Actual=Assigned, ReceivedQty=0
[2026-04-22 14:01:14] INFO: ASN WMS-ASN-EXT-00004 Carton CNWH63285: Assigned=Assigned, Actual=Assigned, ReceivedQty=0
[2026-04-22 14:01:14] INFO: ASN WMS-ASN-EXT-00004 Carton CNWH63286: Assigned=Assigned, Actual=Assigned, ReceivedQty=0
[2026-04-22 14:01:14] INFO: ASN WMS-ASN-EXT-00004 Carton CNWH63287: Assigned=Assigned, Actual=Assigned, ReceivedQty=0
[2026-04-22 14:01:14] INFO: ASN WMS-ASN-EXT-00004 Carton CNWH63288: Assigned=Assigned, Actual=Assigned, ReceivedQty=0
[2026-04-22 14:01:14] INFO: ASN WMS-ASN-EXT-00004 Carton CNWH63289: Assigned=Assigned, Actual=Assigned, ReceivedQty=0
[2026-04-22 14:01:14] INFO: ASN WMS-ASN-EXT-00004 Carton CNWH63441: Assigned=Assigned, Actual=Assigned, ReceivedQty=0
[2026-04-22 14:01:14] INFO: ASN WMS-ASN-EXT-00004 Carton CNWH63442: Assigned=Assigned, Actual=Assigned, ReceivedQty=0
[2026-04-22 14:01:14] INFO: ASN WMS-ASN-EXT-00004 Carton CNWH63444: Assigned=Assigned, Actual=Assigned, ReceivedQty=0
[2026-04-22 14:01:14] INFO: ASN WMS-ASN-EXT-00004 Carton CNWH63446: Assigned=Assigned, Actual=Assigned, ReceivedQty=0
[2026-04-22 14:01:14] INFO: ASN WMS-ASN-EXT-00004 Carton CNWH63448: Assigned=Assigned, Actual=Assigned, ReceivedQty=0
[2026-04-22 14:01:14] INFO: ASN WMS-ASN-EXT-00004 Carton CNWH65363: Assigned=Assigned, Actual=Assigned, ReceivedQty=0
[2026-04-22 14:01:14] INFO: ASN WMS-ASN-EXT-00004 Carton CNWH63179: Assigned=Received, Actual=Received, ReceivedQty=10
[2026-04-22 14:01:14] INFO: ASN WMS-ASN-EXT-00004 Carton CNWH63180: Assigned=Assigned, Actual=Assigned, ReceivedQty=0
[2026-04-22 14:01:14] INFO: ASN WMS-ASN-EXT-00004 Carton CNWH63196: Assigned=Assigned, Actual=Assigned, ReceivedQty=0
[2026-04-22 14:01:14] INFO: ASN WMS-ASN-EXT-00004 Carton CNWH63197: Assigned=Assigned, Actual=Assigned, ReceivedQty=0
[2026-04-22 14:01:14] INFO: ASN WMS-ASN-EXT-00004 Carton CNWH63198: Assigned=Assigned, Actual=Assigned, ReceivedQty=0
[2026-04-22 14:01:14] INFO: ASN WMS-ASN-EXT-00004 Carton CNWH63199: Assigned=Assigned, Actual=Assigned, ReceivedQty=0
[2026-04-22 14:01:14] INFO: ASN WMS-ASN-EXT-00004 Carton CNWH63200: Assigned=Assigned, Actual=Assigned, ReceivedQty=0
[2026-04-22 14:01:14] INFO: ASN WMS-ASN-EXT-00004 Carton CNWH63266: Assigned=Assigned, Actual=Assigned, ReceivedQty=0
[2026-04-22 14:01:14] INFO: ASN WMS-ASN-EXT-00004 Carton CNWH63268: Assigned=Assigned, Actual=Assigned, ReceivedQty=0
[2026-04-22 14:01:14] INFO: ASN WMS-ASN-EXT-00004 Carton CNWH63269: Assigned=Assigned, Actual=Assigned, ReceivedQty=0
[2026-04-22 14:01:14] INFO: ASN WMS-ASN-EXT-00004 Carton CNWH63270: Assigned=Assigned, Actual=Assigned, ReceivedQty=0
[2026-04-22 14:01:14] INFO: ASN WMS-ASN-EXT-00004 Carton CNWH63271: Assigned=Assigned, Actual=Assigned, ReceivedQty=0
[2026-04-22 14:01:14] INFO: ASN WMS-ASN-EXT-00004 Carton CNWH63272: Assigned=Assigned, Actual=Assigned, ReceivedQty=0
[2026-04-22 14:01:14] INFO: ASN WMS-ASN-EXT-00004 Carton CNWH63275: Assigned=Assigned, Actual=Assigned, ReceivedQty=0
[2026-04-22 14:01:14] INFO: ASN WMS-ASN-EXT-00004 Carton CNWH63277: Assigned=Assigned, Actual=Assigned, ReceivedQty=0
[2026-04-22 14:01:14] INFO: ASN WMS-ASN-EXT-00004 Carton CNWH63280: Assigned=Assigned, Actual=Assigned, ReceivedQty=0
[2026-04-22 14:01:14] INFO: ASN WMS-ASN-EXT-00004 Carton CNWH63282: Assigned=Assigned, Actual=Assigned, ReceivedQty=0
[2026-04-22 14:01:14] INFO: ASN WMS-ASN-EXT-00004 Carton CNWH63283: Assigned=Assigned, Actual=Assigned, ReceivedQty=0
[2026-04-22 14:01:14] INFO: ASN WMS-ASN-EXT-00004 Carton CNWH63284: Assigned=Assigned, Actual=Assigned, ReceivedQty=0
[2026-04-22 14:01:14] INFO: ASN WMS-ASN-EXT-00004 Carton CNWH63285: Assigned=Assigned, Actual=Assigned, ReceivedQty=0
[2026-04-22 14:01:14] INFO: ASN WMS-ASN-EXT-00004 Carton CNWH63286: Assigned=Assigned, Actual=Assigned, ReceivedQty=0
[2026-04-22 14:01:14] INFO: ASN WMS-ASN-EXT-00004 Carton CNWH63287: Assigned=Assigned, Actual=Assigned, ReceivedQty=0
[2026-04-22 14:01:14] INFO: ASN WMS-ASN-EXT-00004 Carton CNWH63288: Assigned=Assigned, Actual=Assigned, ReceivedQty=0
[2026-04-22 14:01:14] INFO: ASN WMS-ASN-EXT-00004 Carton CNWH63289: Assigned=Assigned, Actual=Assigned, ReceivedQty=0
[2026-04-22 14:01:14] INFO: ASN WMS-ASN-EXT-00004 Carton CNWH63441: Assigned=Assigned, Actual=Assigned, ReceivedQty=0
[2026-04-22 14:01:14] INFO: ASN WMS-ASN-EXT-00004 Carton CNWH63442: Assigned=Assigned, Actual=Assigned, ReceivedQty=0
[2026-04-22 14:01:14] INFO: ASN WMS-ASN-EXT-00004 Carton CNWH65363: Assigned=Assigned, Actual=Assigned, ReceivedQty=0
[2026-04-22 14:01:14] INFO: ASN WMS-ASN-EXT-00004 Carton CNWH63502: Assigned=Assigned, Actual=Assigned, ReceivedQty=0
[2026-04-22 14:01:14] INFO: ASN WMS-ASN-EXT-00004 Carton CNWH63502: Assigned=Assigned, Actual=Assigned, ReceivedQty=0
[2026-04-22 14:01:14] INFO: ASN WMS-ASN-EXT-00004 Carton CNWH64607: Assigned=Assigned, Actual=Assigned, ReceivedQty=0
[2026-04-22 14:01:14] INFO: ASN WMS-ASN-EXT-127211 Carton CNWH12858: Assigned=Assigned, Actual=Assigned, ReceivedQty=0
[2026-04-22 14:01:14] INFO: ASN WMS-ASN-EXT-127211 Carton CNWH12854: Assigned=Assigned, Actual=Assigned, ReceivedQty=0
[2026-04-22 14:12:22] INFO: ASN sync from ERPNext started.
[2026-04-22 14:12:22] INFO: ErpNextWmsSyncApiService: [Item Group] Fetching ASNs from http://printechsdammam.dyndns.org:88/api/method/printechs_wms.api.wms_sync.get_asns_for_wms?export_pending=1&include_items=1
[2026-04-22 14:12:22] INFO: ErpNextWmsSyncApiService: [Item Group] Fetched 4 ASNs
[2026-04-22 14:12:22] INFO: ErpNextWmsSyncApiService: [ASN] Fetching ASNs from http://printechsdammam.dyndns.org:88/api/method/printechs_wms.api.wms_sync.get_asns_for_wms?export_pending=1&include_items=1
[2026-04-22 14:12:22] INFO: ErpNextWmsSyncApiService: [ASN] Fetched 4 ASNs
[2026-04-22 14:12:22] INFO: ErpNextWmsSyncApiService: [ASN Status] Fetching ASNs from http://printechsdammam.dyndns.org:88/api/method/printechs_wms.api.wms_sync.get_asns_for_wms?export_pending=1&include_items=1
[2026-04-22 14:12:22] INFO: ErpNextWmsSyncApiService: [ASN Status] Fetched 4 ASNs
[2026-04-22 14:12:22] INFO: ErpNextWmsSyncApiService: [MR] Fetching ASNs from http://printechsdammam.dyndns.org:88/api/method/printechs_wms.api.wms_sync.get_asns_for_wms?export_pending=1&include_items=1
[2026-04-22 14:12:22] INFO: ErpNextWmsSyncApiService: [MR] Fetched 4 ASNs
[2026-04-22 14:12:22] INFO: ErpNextWmsSyncApiService: [ERPNext 9] Fetching ASNs from http://printechsdammam.dyndns.org:88/api/method/printechs_wms.api.wms_sync.get_asns_for_wms?export_pending=1&include_items=1
[2026-04-22 14:12:22] INFO: ErpNextWmsSyncApiService: [ERPNext 9] Fetched 4 ASNs
[2026-04-22 14:12:22] INFO: ErpNextWmsSyncApiService: [Stock Entry] Fetching ASNs from http://printechsdammam.dyndns.org:88/api/method/printechs_wms.api.wms_sync.get_asns_for_wms?export_pending=1&include_items=1
[2026-04-22 14:12:22] INFO: ErpNextWmsSyncApiService: [Stock Entry] Fetched 4 ASNs
[2026-04-22 14:12:22] INFO: ErpNextWmsSyncApiService: [ERPNext 11] Fetching ASNs from http://printechsdammam.dyndns.org:88/api/method/printechs_wms.api.wms_sync.get_asns_for_wms?export_pending=1&include_items=1
[2026-04-22 14:12:22] INFO: ErpNextWmsSyncApiService: [ERPNext 11] Fetched 4 ASNs
[2026-04-22 14:12:22] INFO: ErpNextWmsSyncApiService: ERPNext 13 API URL or key not configured
[2026-04-22 14:12:22] INFO: AsnSyncFromErpNextService: Syncing 4 ASN(s) with items.
[2026-04-22 14:12:23] INFO: ASN sync from ERPNext completed. Fetched: 4, ASNs inserted: 4, updated: 0, items: 72, errors: 0
[2026-04-22 14:12:23] INFO: ErpNextWmsSyncApiService: Posting ASN WMS-ASN-EXT-127211 status=Exported to http://printechsdammam.dyndns.org:88/api/method/printechs_wms.api.wms_sync.update_asn_wms_status
[2026-04-22 14:12:23] INFO: ErpNextWmsSyncApiService: ASN status updated successfully.
[2026-04-22 14:12:23] INFO: ErpNextWmsSyncApiService: Posting ASN WMS-ASN-EXT-00004 status=Exported to http://printechsdammam.dyndns.org:88/api/method/printechs_wms.api.wms_sync.update_asn_wms_status
[2026-04-22 14:12:23] INFO: ErpNextWmsSyncApiService: ASN status updated successfully.
[2026-04-22 14:12:23] INFO: ErpNextWmsSyncApiService: Posting ASN ASN-0002 status=Exported to http://printechsdammam.dyndns.org:88/api/method/printechs_wms.api.wms_sync.update_asn_wms_status
[2026-04-22 14:12:23] ERROR: ErpNextWmsSyncApiService: ASN status API returned ExpectationFailed: {"exception":"frappe.exceptions.ValidationError:  Status cannot be \"Received\". It should be one of \"Draft\", \"Open\", \"Completed\", \"Cancelled\"","exc_type":"ValidationError","_exc_source":"printechs_wms (app)","exc":"[\"Traceback (most recent call last):\\n  File \\\"apps/frappe/frappe/app.py\\\", line 120, in application\\n    response = frappe.api.handle(request)\\n               ^^^^^^^^^^^^^^^^^^^^^^^^^^\\n  File \\\"apps/frappe/frappe/api/__init__.py\\\", line 52, in handle\\n    data = endpoint(**arguments)\\n           ^^^^^^^^^^^^^^^^^^^^^\\n  File \\\"apps/frappe/frappe/api/v1.py\\\", line 40, in handle_rpc_call\\n    return frappe.handler.handle()\\n           ^^^^^^^^^^^^^^^^^^^^^^^\\n  File \\\"apps/frappe/frappe/handler.py\\\", line 52, in handle\\n    data = execute_cmd(cmd)\\n           ^^^^^^^^^^^^^^^^\\n  File \\\"apps/frappe/frappe/handler.py\\\", line 85, in execute_cmd\\n    return frappe.call(method, **frappe.form_dict)\\n           ^^^^^^^^^^^^^^^^^^^^^^^^^^^^^^^^^^^^^^^\\n  File \\\"apps/frappe/frappe/__init__.py\\\", line 1754, in call\\n    return fn(*args, **newargs)\\n           ^^^^^^^^^^^^^^^^^^^^\\n  File \\\"apps/frappe/frappe/utils/typing_validations.py\\\", line 32, in wrapper\\n    return func(*args, **kwargs)\\n           ^^^^^^^^^^^^^^^^^^^^^\\n  File \\\"apps/printechs_wms/printechs_wms/api/wms_sync.py\\\", line 379, in update_asn_wms_status\\n    doc.save()\\n  File \\\"apps/frappe/frappe/model/document.py\\\", line 378, in save\\n    return self._save(*args, **kwargs)\\n           ^^^^^^^^^^^^^^^^^^^^^^^^^^^\\n  File \\\"apps/frappe/frappe/model/document.py\\\", line 417, in _save\\n    self._validate()\\n  File \\\"apps/frappe/frappe/model/document.py\\\", line 624, in _validate\\n    self._validate_selects()\\n  File \\\"apps/frappe/frappe/model/base_document.py\\\", line 913, in _validate_selects\\n    frappe.throw(\\n  File \\\"apps/frappe/frappe/__init__.py\\\", line 609, in throw\\n    msgprint(\\n  File \\\"apps/frappe/frappe/__init__.py\\\", line 574, in msgprint\\n    _raise_exception()\\n  File \\\"apps/frappe/frappe/__init__.py\\\", line 525, in _raise_exception\\n    raise exc\\nfrappe.exceptions.ValidationError:  Status cannot be \\\"Received\\\". It should be one of \\\"Draft\\\", \\\"Open\\\", \\\"Completed\\\", \\\"Cancelled\\\"\\n\"]","_server_messages":"[\"{\\\"message\\\": \\\" Status cannot be \\\\\\\"Received\\\\\\\". It should be one of \\\\\\\"Draft\\\\\\\", \\\\\\\"Open\\\\\\\", \\\\\\\"Completed\\\\\\\", \\\\\\\"Cancelled\\\\\\\"\\\", \\\"title\\\": \\\"Message\\\", \\\"indicator\\\": \\\"red\\\", \\\"raise_exception\\\": 1, \\\"__frappe_exc_id\\\": \\\"a4b94accf84b2fd68a0b1c768c84172b7dbbee7306af91697435f3d3\\\"}\"]"}
--------------------------------------------------------------------------------
[2026-04-22 14:12:23] ERROR: AsnSyncFromErpNextService: Failed to post ASN ASN-0002 status to ERPNext: ExpectationFailed: {"exception":"frappe.exceptions.ValidationError:  Status cannot be \"Received\". It should be one of \"Draft\", \"Open\", \"Completed\", \"Cancelled\"","exc_type":"ValidationError","_exc_source":"printechs_wms (app)","exc":"[\"Traceback (most recent call last):\\n  File \\\"apps/frappe/frappe/app.py\\\", line 120, in application\\n    response = frappe.api.handle(request)\\n               ^^^^^^^^^^^^^^^^^^^^^^^^^^\\n  File \\\"apps/frappe/frappe/api/__init__.py\\\", line 52, in handle\\n    data = endpoint(**arguments)\\n           ^^^^^^^^^^^^^^^^^^^^^\\n  File \\\"apps/frappe/frappe/api/v1.py\\\", line 40, in handle_rpc_call\\n    return frappe.handler.handle()\\n           ^^^^^^^^^^^^^^^^^^^^^^^\\n  File \\\"apps/frappe/frappe/handler.py\\\", line 52, in handle\\n    data = execute_cmd(cmd)\\n           ^^^^^^^^^^^^^^^^\\n  File \\\"apps/frappe/frappe/handler.py\\\", line 85, in execute_cmd\\n    return frappe.call(method, **frappe.form_dict)\\n           ^^^^^^^^^^^^^^^^^^^^^^^^^^^^^^^^^^^^^^^\\n  File \\\"apps/frappe/frappe/__init__.py\\\", line 1754, in call\\n    return fn(*args, **newargs)\\n           ^^^^^^^^^^^^^^^^^^^^\\n  File \\\"apps/frappe/frappe/utils/typing_validations.py\\\", line 32, in wrapper\\n    return func(*args, **kwargs)\\n           ^^^^^^^^^^^^^^^^^^^^^\\n  File \\\"apps/printechs_wms/printechs_wms/api/wms_sync.py\\\", line 379, in update_asn_wms_status\\n    doc.save()\\n  File \\\"apps/frappe/frappe/model/document.py\\\", line 378, in save\\n    return self._save(*args, **kwargs)\\n           ^^^^^^^^^^^^^^^^^^^^^^^^^^^\\n  File \\\"apps/frappe/frappe/model/document.py\\\", line 417, in _save\\n    self._validate()\\n  File \\\"apps/frappe/frappe/model/document.py\\\", line 624, in _validate\\n    self._validate_selects()\\n  File \\\"apps/frappe/frappe/model/base_document.py\\\", line 913, in _validate_selects\\n    frappe.throw(\\n  File \\\"apps/frappe/frappe/__init__.py\\\", line 609, in throw\\n    msgprint(\\n  File \\\"apps/frappe/frappe/__init__.py\\\", line 574, in msgprint\\n    _raise_exception()\\n  File \\\"apps/frappe/frappe/__init__.py\\\", line 525, in _raise_exception\\n    raise exc\\nfrappe.exceptions.ValidationError:  Status cannot be \\\"Received\\\". It should be one of \\\"Draft\\\", \\\"Open\\\", \\\"Completed\\\", \\\"Cancelled\\\"\\n\"]","_server_messages":"[\"{\\\"message\\\": \\\" Status cannot be \\\\\\\"Received\\\\\\\". It should be one of \\\\\\\"Draft\\\\\\\", \\\\\\\"Open\\\\\\\", \\\\\\\"Completed\\\\\\\", \\\\\\\"Cancelled\\\\\\\"\\\", \\\"title\\\": \\\"Message\\\", \\\"indicator\\\": \\\"red\\\", \\\"raise_exception\\\": 1, \\\"__frappe_exc_id\\\": \\\"a4b94accf84b2fd68a0b1c768c84172b7dbbee7306af91697435f3d3\\\"}\"]"}
--------------------------------------------------------------------------------
[2026-04-22 14:12:23] INFO: ErpNextWmsSyncApiService: Posting ASN ASN-0001 status=Exported to http://printechsdammam.dyndns.org:88/api/method/printechs_wms.api.wms_sync.update_asn_wms_status
[2026-04-22 14:12:23] ERROR: ErpNextWmsSyncApiService: ASN status API returned ExpectationFailed: {"exception":"frappe.exceptions.ValidationError:  Status cannot be \"Partially Received\". It should be one of \"Draft\", \"Open\", \"Completed\", \"Cancelled\"","exc_type":"ValidationError","_exc_source":"printechs_wms (app)","exc":"[\"Traceback (most recent call last):\\n  File \\\"apps/frappe/frappe/app.py\\\", line 120, in application\\n    response = frappe.api.handle(request)\\n               ^^^^^^^^^^^^^^^^^^^^^^^^^^\\n  File \\\"apps/frappe/frappe/api/__init__.py\\\", line 52, in handle\\n    data = endpoint(**arguments)\\n           ^^^^^^^^^^^^^^^^^^^^^\\n  File \\\"apps/frappe/frappe/api/v1.py\\\", line 40, in handle_rpc_call\\n    return frappe.handler.handle()\\n           ^^^^^^^^^^^^^^^^^^^^^^^\\n  File \\\"apps/frappe/frappe/handler.py\\\", line 52, in handle\\n    data = execute_cmd(cmd)\\n           ^^^^^^^^^^^^^^^^\\n  File \\\"apps/frappe/frappe/handler.py\\\", line 85, in execute_cmd\\n    return frappe.call(method, **frappe.form_dict)\\n           ^^^^^^^^^^^^^^^^^^^^^^^^^^^^^^^^^^^^^^^\\n  File \\\"apps/frappe/frappe/__init__.py\\\", line 1754, in call\\n    return fn(*args, **newargs)\\n           ^^^^^^^^^^^^^^^^^^^^\\n  File \\\"apps/frappe/frappe/utils/typing_validations.py\\\", line 32, in wrapper\\n    return func(*args, **kwargs)\\n           ^^^^^^^^^^^^^^^^^^^^^\\n  File \\\"apps/printechs_wms/printechs_wms/api/wms_sync.py\\\", line 379, in update_asn_wms_status\\n    doc.save()\\n  File \\\"apps/frappe/frappe/model/document.py\\\", line 378, in save\\n    return self._save(*args, **kwargs)\\n           ^^^^^^^^^^^^^^^^^^^^^^^^^^^\\n  File \\\"apps/frappe/frappe/model/document.py\\\", line 417, in _save\\n    self._validate()\\n  File \\\"apps/frappe/frappe/model/document.py\\\", line 624, in _validate\\n    self._validate_selects()\\n  File \\\"apps/frappe/frappe/model/base_document.py\\\", line 913, in _validate_selects\\n    frappe.throw(\\n  File \\\"apps/frappe/frappe/__init__.py\\\", line 609, in throw\\n    msgprint(\\n  File \\\"apps/frappe/frappe/__init__.py\\\", line 574, in msgprint\\n    _raise_exception()\\n  File \\\"apps/frappe/frappe/__init__.py\\\", line 525, in _raise_exception\\n    raise exc\\nfrappe.exceptions.ValidationError:  Status cannot be \\\"Partially Received\\\". It should be one of \\\"Draft\\\", \\\"Open\\\", \\\"Completed\\\", \\\"Cancelled\\\"\\n\"]","_server_messages":"[\"{\\\"message\\\": \\\" Status cannot be \\\\\\\"Partially Received\\\\\\\". It should be one of \\\\\\\"Draft\\\\\\\", \\\\\\\"Open\\\\\\\", \\\\\\\"Completed\\\\\\\", \\\\\\\"Cancelled\\\\\\\"\\\", \\\"title\\\": \\\"Message\\\", \\\"indicator\\\": \\\"red\\\", \\\"raise_exception\\\": 1, \\\"__frappe_exc_id\\\": \\\"4882c46a31711d6e78dc6f4e47b1b335749a7aa3fad1d83a209d3835\\\"}\"]"}
--------------------------------------------------------------------------------
[2026-04-22 14:12:23] ERROR: AsnSyncFromErpNextService: Failed to post ASN ASN-0001 status to ERPNext: ExpectationFailed: {"exception":"frappe.exceptions.ValidationError:  Status cannot be \"Partially Received\". It should be one of \"Draft\", \"Open\", \"Completed\", \"Cancelled\"","exc_type":"ValidationError","_exc_source":"printechs_wms (app)","exc":"[\"Traceback (most recent call last):\\n  File \\\"apps/frappe/frappe/app.py\\\", line 120, in application\\n    response = frappe.api.handle(request)\\n               ^^^^^^^^^^^^^^^^^^^^^^^^^^\\n  File \\\"apps/frappe/frappe/api/__init__.py\\\", line 52, in handle\\n    data = endpoint(**arguments)\\n           ^^^^^^^^^^^^^^^^^^^^^\\n  File \\\"apps/frappe/frappe/api/v1.py\\\", line 40, in handle_rpc_call\\n    return frappe.handler.handle()\\n           ^^^^^^^^^^^^^^^^^^^^^^^\\n  File \\\"apps/frappe/frappe/handler.py\\\", line 52, in handle\\n    data = execute_cmd(cmd)\\n           ^^^^^^^^^^^^^^^^\\n  File \\\"apps/frappe/frappe/handler.py\\\", line 85, in execute_cmd\\n    return frappe.call(method, **frappe.form_dict)\\n           ^^^^^^^^^^^^^^^^^^^^^^^^^^^^^^^^^^^^^^^\\n  File \\\"apps/frappe/frappe/__init__.py\\\", line 1754, in call\\n    return fn(*args, **newargs)\\n           ^^^^^^^^^^^^^^^^^^^^\\n  File \\\"apps/frappe/frappe/utils/typing_validations.py\\\", line 32, in wrapper\\n    return func(*args, **kwargs)\\n           ^^^^^^^^^^^^^^^^^^^^^\\n  File \\\"apps/printechs_wms/printechs_wms/api/wms_sync.py\\\", line 379, in update_asn_wms_status\\n    doc.save()\\n  File \\\"apps/frappe/frappe/model/document.py\\\", line 378, in save\\n    return self._save(*args, **kwargs)\\n           ^^^^^^^^^^^^^^^^^^^^^^^^^^^\\n  File \\\"apps/frappe/frappe/model/document.py\\\", line 417, in _save\\n    self._validate()\\n  File \\\"apps/frappe/frappe/model/document.py\\\", line 624, in _validate\\n    self._validate_selects()\\n  File \\\"apps/frappe/frappe/model/base_document.py\\\", line 913, in _validate_selects\\n    frappe.throw(\\n  File \\\"apps/frappe/frappe/__init__.py\\\", line 609, in throw\\n    msgprint(\\n  File \\\"apps/frappe/frappe/__init__.py\\\", line 574, in msgprint\\n    _raise_exception()\\n  File \\\"apps/frappe/frappe/__init__.py\\\", line 525, in _raise_exception\\n    raise exc\\nfrappe.exceptions.ValidationError:  Status cannot be \\\"Partially Received\\\". It should be one of \\\"Draft\\\", \\\"Open\\\", \\\"Completed\\\", \\\"Cancelled\\\"\\n\"]","_server_messages":"[\"{\\\"message\\\": \\\" Status cannot be \\\\\\\"Partially Received\\\\\\\". It should be one of \\\\\\\"Draft\\\\\\\", \\\\\\\"Open\\\\\\\", \\\\\\\"Completed\\\\\\\", \\\\\\\"Cancelled\\\\\\\"\\\", \\\"title\\\": \\\"Message\\\", \\\"indicator\\\": \\\"red\\\", \\\"raise_exception\\\": 1, \\\"__frappe_exc_id\\\": \\\"4882c46a31711d6e78dc6f4e47b1b335749a7aa3fad1d83a209d3835\\\"}\"]"}
--------------------------------------------------------------------------------
[2026-04-22 14:12:23] INFO: AsnSyncFromErpNextService: ASN status posted to ERPNext: 2/4 updated (update_asn_wms_status per ASN)
[2026-04-22 14:12:23] INFO: Transfer Order sync from ERPNext started.
[2026-04-22 14:12:23] INFO: ErpNextWmsSyncApiService: [Item Group] Fetching Transfer Orders from http://printechsdammam.dyndns.org:88/api/method/printechs_wms.api.wms_sync.get_tos_for_wms?export_pending=1&include_items=1&docstatus=1
[2026-04-22 14:12:23] INFO: ErpNextWmsSyncApiService: [Item Group] Fetched 1 Transfer Orders
[2026-04-22 14:12:23] INFO: ErpNextWmsSyncApiService: [TO] Fetching Transfer Orders from http://printechsdammam.dyndns.org:88/api/method/printechs_wms.api.wms_sync.get_tos_for_wms?export_pending=1&include_items=1&docstatus=1
[2026-04-22 14:12:23] INFO: ErpNextWmsSyncApiService: [TO] Fetched 1 Transfer Orders
[2026-04-22 14:12:23] INFO: ErpNextWmsSyncApiService: [TO Status] Fetching Transfer Orders from http://printechsdammam.dyndns.org:88/api/method/printechs_wms.api.wms_sync.get_tos_for_wms?export_pending=1&include_items=1&docstatus=1
[2026-04-22 14:12:24] INFO: ErpNextWmsSyncApiService: [TO Status] Fetched 1 Transfer Orders
[2026-04-22 14:12:24] INFO: ErpNextWmsSyncApiService: [MR] Fetching Transfer Orders from http://printechsdammam.dyndns.org:88/api/method/printechs_wms.api.wms_sync.get_tos_for_wms?export_pending=1&include_items=1&docstatus=1
[2026-04-22 14:12:24] INFO: ErpNextWmsSyncApiService: [MR] Fetched 1 Transfer Orders
[2026-04-22 14:12:24] INFO: ErpNextWmsSyncApiService: [ERPNext 9] Fetching Transfer Orders from http://printechsdammam.dyndns.org:88/api/method/printechs_wms.api.wms_sync.get_tos_for_wms?export_pending=1&include_items=1&docstatus=1
[2026-04-22 14:12:24] INFO: ErpNextWmsSyncApiService: [ERPNext 9] Fetched 1 Transfer Orders
[2026-04-22 14:12:24] INFO: ErpNextWmsSyncApiService: [Stock Entry] Fetching Transfer Orders from http://printechsdammam.dyndns.org:88/api/method/printechs_wms.api.wms_sync.get_tos_for_wms?export_pending=1&include_items=1&docstatus=1
[2026-04-22 14:12:24] INFO: ErpNextWmsSyncApiService: [Stock Entry] Fetched 1 Transfer Orders
[2026-04-22 14:12:24] INFO: ErpNextWmsSyncApiService: [ERPNext 11] Fetching Transfer Orders from http://printechsdammam.dyndns.org:88/api/method/printechs_wms.api.wms_sync.get_tos_for_wms?export_pending=1&include_items=1&docstatus=1
[2026-04-22 14:12:24] INFO: ErpNextWmsSyncApiService: [ERPNext 11] Fetched 1 Transfer Orders
[2026-04-22 14:12:24] INFO: ErpNextWmsSyncApiService: ERPNext 13 API URL or key not configured
[2026-04-22 14:12:24] INFO: TransferOrderSyncFromErpNextService: Syncing 1 TO(s) with items.
[2026-04-22 14:12:24] INFO: Transfer Order sync from ERPNext completed. Fetched: 1, TOs inserted: 1, updated: 0, items: 8, errors: 0
[2026-04-22 14:12:24] ERROR: ErpNextWmsSyncApiService: TO status API returned ExpectationFailed: {"exception":"frappe.exceptions.ValidationError: Failed to get method for command printechs_wms.api.wms_sync.update_transfer_order_wms_status with module 'printechs_wms.api.wms_sync' has no attribute 'update_transfer_order_wms_status'","exc_type":"ValidationError","exc":"[\"Traceback (most recent call last):\\n  File \\\"apps/frappe/frappe/handler.py\\\", line 74, in execute_cmd\\n    method = get_attr(cmd)\\n             ^^^^^^^^^^^^^\\n  File \\\"apps/frappe/frappe/handler.py\\\", line 292, in get_attr\\n    method = frappe.get_attr(cmd)\\n             ^^^^^^^^^^^^^^^^^^^^\\n  File \\\"apps/frappe/frappe/__init__.py\\\", line 1744, in get_attr\\n    return getattr(get_module(modulename), methodname)\\n           ^^^^^^^^^^^^^^^^^^^^^^^^^^^^^^^^^^^^^^^^^^^\\nAttributeError: module 'printechs_wms.api.wms_sync' has no attribute 'update_transfer_order_wms_status'\\n\\nDuring handling of the above exception, another exception occurred:\\n\\nTraceback (most recent call last):\\n  File \\\"apps/frappe/frappe/app.py\\\", line 120, in application\\n    response = frappe.api.handle(request)\\n               ^^^^^^^^^^^^^^^^^^^^^^^^^^\\n  File \\\"apps/frappe/frappe/api/__init__.py\\\", line 52, in handle\\n    data = endpoint(**arguments)\\n           ^^^^^^^^^^^^^^^^^^^^^\\n  File \\\"apps/frappe/frappe/api/v1.py\\\", line 40, in handle_rpc_call\\n    return frappe.handler.handle()\\n           ^^^^^^^^^^^^^^^^^^^^^^^\\n  File \\\"apps/frappe/frappe/handler.py\\\", line 52, in handle\\n    data = execute_cmd(cmd)\\n           ^^^^^^^^^^^^^^^^\\n  File \\\"apps/frappe/frappe/handler.py\\\", line 76, in execute_cmd\\n    frappe.throw(_(\\\"Failed to get method for command {0} with {1}\\\").format(cmd, e))\\n  File \\\"apps/frappe/frappe/__init__.py\\\", line 609, in throw\\n    msgprint(\\n  File \\\"apps/frappe/frappe/__init__.py\\\", line 574, in msgprint\\n    _raise_exception()\\n  File \\\"apps/frappe/frappe/__init__.py\\\", line 525, in _raise_exception\\n    raise exc\\nfrappe.exceptions.ValidationError: Failed to get method for command printechs_wms.api.wms_sync.update_transfer_order_wms_status with module 'printechs_wms.api.wms_sync' has no attribute 'update_transfer_order_wms_status'\\n\"]","_server_messages":"[\"{\\\"message\\\": \\\"Failed to get method for command printechs_wms.api.wms_sync.update_transfer_order_wms_status with module 'printechs_wms.api.wms_sync' has no attribute 'update_transfer_order_wms_status'\\\", \\\"title\\\": \\\"Message\\\", \\\"indicator\\\": \\\"red\\\", \\\"raise_exception\\\": 1, \\\"__frappe_exc_id\\\": \\\"b56afedf83bced0d47e6c8e1f5f66a41e3b457b088d8bc1336d4a17e\\\"}\"]"}
--------------------------------------------------------------------------------
[2026-04-22 14:12:24] ERROR: TransferOrderSyncFromErpNextService: Failed to post TO WMS-TO-00001 status to ERPNext: ExpectationFailed: {"exception":"frappe.exceptions.ValidationError: Failed to get method for command printechs_wms.api.wms_sync.update_transfer_order_wms_status with module 'printechs_wms.api.wms_sync' has no attribute 'update_transfer_order_wms_status'","exc_type":"ValidationError","exc":"[\"Traceback (most recent call last):\\n  File \\\"apps/frappe/frappe/handler.py\\\", line 74, in execute_cmd\\n    method = get_attr(cmd)\\n             ^^^^^^^^^^^^^\\n  File \\\"apps/frappe/frappe/handler.py\\\", line 292, in get_attr\\n    method = frappe.get_attr(cmd)\\n             ^^^^^^^^^^^^^^^^^^^^\\n  File \\\"apps/frappe/frappe/__init__.py\\\", line 1744, in get_attr\\n    return getattr(get_module(modulename), methodname)\\n           ^^^^^^^^^^^^^^^^^^^^^^^^^^^^^^^^^^^^^^^^^^^\\nAttributeError: module 'printechs_wms.api.wms_sync' has no attribute 'update_transfer_order_wms_status'\\n\\nDuring handling of the above exception, another exception occurred:\\n\\nTraceback (most recent call last):\\n  File \\\"apps/frappe/frappe/app.py\\\", line 120, in application\\n    response = frappe.api.handle(request)\\n               ^^^^^^^^^^^^^^^^^^^^^^^^^^\\n  File \\\"apps/frappe/frappe/api/__init__.py\\\", line 52, in handle\\n    data = endpoint(**arguments)\\n           ^^^^^^^^^^^^^^^^^^^^^\\n  File \\\"apps/frappe/frappe/api/v1.py\\\", line 40, in handle_rpc_call\\n    return frappe.handler.handle()\\n           ^^^^^^^^^^^^^^^^^^^^^^^\\n  File \\\"apps/frappe/frappe/handler.py\\\", line 52, in handle\\n    data = execute_cmd(cmd)\\n           ^^^^^^^^^^^^^^^^\\n  File \\\"apps/frappe/frappe/handler.py\\\", line 76, in execute_cmd\\n    frappe.throw(_(\\\"Failed to get method for command {0} with {1}\\\").format(cmd, e))\\n  File \\\"apps/frappe/frappe/__init__.py\\\", line 609, in throw\\n    msgprint(\\n  File \\\"apps/frappe/frappe/__init__.py\\\", line 574, in msgprint\\n    _raise_exception()\\n  File \\\"apps/frappe/frappe/__init__.py\\\", line 525, in _raise_exception\\n    raise exc\\nfrappe.exceptions.ValidationError: Failed to get method for command printechs_wms.api.wms_sync.update_transfer_order_wms_status with module 'printechs_wms.api.wms_sync' has no attribute 'update_transfer_order_wms_status'\\n\"]","_server_messages":"[\"{\\\"message\\\": \\\"Failed to get method for command printechs_wms.api.wms_sync.update_transfer_order_wms_status with module 'printechs_wms.api.wms_sync' has no attribute 'update_transfer_order_wms_status'\\\", \\\"title\\\": \\\"Message\\\", \\\"indicator\\\": \\\"red\\\", \\\"raise_exception\\\": 1, \\\"__frappe_exc_id\\\": \\\"b56afedf83bced0d47e6c8e1f5f66a41e3b457b088d8bc1336d4a17e\\\"}\"]"}
--------------------------------------------------------------------------------
[2026-04-22 14:12:24] INFO: TransferOrderSyncFromErpNextService: TO status posted to ERPNext: 0/1 updated (update_transfer_order_wms_status per TO)
[2026-04-22 14:12:24] INFO: Material Request sync from ERPNext started.
[2026-04-22 14:12:24] INFO: ErpNextWmsSyncApiService: [Item Group] Fetching Material Requests from http://printechsdammam.dyndns.org:88/api/method/printechs_wms.api.material_request.get_material_transfer_requests?from_warehouse=Main%20Warehouse%20-%20MAATC&state=Pending&docstatus=1&include_items=1&limit=200
[2026-04-22 14:12:24] INFO: ErpNextWmsSyncApiService: [Item Group] Fetched 1 Material Requests
[2026-04-22 14:12:24] INFO: ErpNextWmsSyncApiService: [MR] Fetching Material Requests from http://printechsdammam.dyndns.org:88/api/method/printechs_wms.api.material_request.get_material_transfer_requests?from_warehouse=Main%20Warehouse%20-%20MAATC&state=Pending&docstatus=1&include_items=1&limit=200
[2026-04-22 14:12:24] INFO: ErpNextWmsSyncApiService: [MR] Fetched 1 Material Requests
[2026-04-22 14:12:24] INFO: ErpNextWmsSyncApiService: [ERPNext 9] Fetching Material Requests from http://printechsdammam.dyndns.org:88/api/method/printechs_wms.api.material_request.get_material_transfer_requests?from_warehouse=Main%20Warehouse%20-%20MAATC&state=Pending&docstatus=1&include_items=1&limit=200
[2026-04-22 14:12:24] INFO: ErpNextWmsSyncApiService: [ERPNext 9] Fetched 1 Material Requests
[2026-04-22 14:12:24] INFO: ErpNextWmsSyncApiService: [Stock Entry] Fetching Material Requests from http://printechsdammam.dyndns.org:88/api/method/printechs_wms.api.material_request.get_material_transfer_requests?from_warehouse=Main%20Warehouse%20-%20MAATC&state=Pending&docstatus=1&include_items=1&limit=200
[2026-04-22 14:12:24] INFO: ErpNextWmsSyncApiService: [Stock Entry] Fetched 1 Material Requests
[2026-04-22 14:12:24] INFO: ErpNextWmsSyncApiService: [ERPNext 11] Fetching Material Requests from http://printechsdammam.dyndns.org:88/api/method/printechs_wms.api.material_request.get_material_transfer_requests?from_warehouse=Main%20Warehouse%20-%20MAATC&state=Pending&docstatus=1&include_items=1&limit=200
[2026-04-22 14:12:24] INFO: ErpNextWmsSyncApiService: [ERPNext 11] Fetched 1 Material Requests
[2026-04-22 14:12:24] INFO: ErpNextWmsSyncApiService: [ERPNext 13] Fetching Material Requests from /api/method/printechs_wms.api.asn_to_purchase_receipt.get_pr_status_for_asn?asn_no=<linked ASN>/api/method/printechs_wms.api.material_request.get_material_transfer_requests?from_warehouse=Main%20Warehouse%20-%20MAATC&state=Pending&docstatus=1&include_items=1&limit=200
[2026-04-22 14:12:24] ERROR: ErpNextWmsSyncApiService: [ERPNext 13] Error fetching Material Requests: An invalid request URI was provided. Either the request URI must be an absolute URI or BaseAddress must be set.
Exception Type: InvalidOperationException
Exception Message: An invalid request URI was provided. Either the request URI must be an absolute URI or BaseAddress must be set.
Stack Trace:    at System.Net.Http.HttpClient.PrepareRequestMessage(HttpRequestMessage request)
   at System.Net.Http.HttpClient.GetAsync(String requestUri)
   at Wms.Desktop.Services.ErpNextWmsSyncApiService.FetchMessageListAsync[T](String apiUrl, String apiKey, String label, String entityName) in D:\Development Project\Printechs WMS\Wms.Desktop\Services\ErpNextWmsSyncApiService.cs:line 523
--------------------------------------------------------------------------------
[2026-04-22 14:12:24] INFO: MaterialRequestSyncFromErpNextService: Syncing 1 Material Request(s) with items.
[2026-04-22 14:12:24] INFO: MaterialRequestSyncFromErpNextService: MR MAT-MR-2026-00001: inserting 2 item(s) (preserving local picked qty where higher).
[2026-04-22 14:12:24] INFO: Material Request sync from ERPNext completed. Fetched: 1, MRs inserted: 1, updated: 0, items: 2, errors: 0
[2026-04-22 14:12:24] INFO: Transfer In sync from ERPNext started (tabTransferIn / tabTransferInItem).
[2026-04-22 14:12:24] INFO: TransferInSyncFromErpNextService: Step 1 - Dropping legacy tabTransferInStockEntry tables if they exist.
[2026-04-22 14:12:24] INFO: DatabaseService: Dropped tabTransferInStockEntry and tabTransferInStockEntryItem if they existed.
[2026-04-22 14:12:24] INFO: TransferInSyncFromErpNextService: Step 2 - Connecting to database: wms_desktop, host: localhost
[2026-04-22 14:12:24] INFO: TransferInSyncFromErpNextService: Step 3 - Connection opened. Database: wms_desktop
[2026-04-22 14:12:24] INFO: TransferInSyncFromErpNextService: Step 4 - Using 6 endpoint(s) for Transfer In.
[2026-04-22 14:12:24] INFO: ErpNextWmsSyncApiService: [Item Group] Fetching Transfer In Stock Entries from http://printechsdammam.dyndns.org:88/api/method/printechs_wms.api.transfer_in_sync.get_material_transfer_stock_entries?add_to_transit=1&custom_receiving_warehouse=Main%20Warehouse%20-%20MAATC&docstatus=1
[2026-04-22 14:12:24] INFO: ErpNextWmsSyncApiService: [Item Group] Fetched 1 Transfer In Stock Entries
[2026-04-22 14:12:24] INFO: TransferInSyncFromErpNextService: Endpoint [Item Group] returned 1 raw entry(ies).
[2026-04-22 14:12:24] INFO: ErpNextWmsSyncApiService: [MR] Fetching Transfer In Stock Entries from http://printechsdammam.dyndns.org:88/api/method/printechs_wms.api.transfer_in_sync.get_material_transfer_stock_entries?add_to_transit=1&custom_receiving_warehouse=Main%20Warehouse%20-%20MAATC&docstatus=1
[2026-04-22 14:12:24] INFO: ErpNextWmsSyncApiService: [MR] Fetched 1 Transfer In Stock Entries
[2026-04-22 14:12:24] INFO: TransferInSyncFromErpNextService: Endpoint [MR] returned 1 raw entry(ies).
[2026-04-22 14:12:24] INFO: ErpNextWmsSyncApiService: [ERPNext 9] Fetching Transfer In Stock Entries from http://printechsdammam.dyndns.org:88/api/method/printechs_wms.api.transfer_in_sync.get_material_transfer_stock_entries?to_warehouse=Main%20Warehouse%20-%20MAATC&docstatus=1
[2026-04-22 14:12:24] INFO: ErpNextWmsSyncApiService: [ERPNext 9] Fetched 1 Transfer In Stock Entries
[2026-04-22 14:12:24] INFO: TransferInSyncFromErpNextService: Endpoint [ERPNext 9] returned 1 raw entry(ies).
[2026-04-22 14:12:24] INFO: ErpNextWmsSyncApiService: [Stock Entry] Fetching Transfer In Stock Entries from http://printechsdammam.dyndns.org:88/api/method/printechs_wms.api.transfer_in_sync.get_material_transfer_stock_entries?add_to_transit=1&custom_receiving_warehouse=Main%20Warehouse%20-%20MAATC&docstatus=1
[2026-04-22 14:12:24] INFO: ErpNextWmsSyncApiService: [Stock Entry] Fetched 1 Transfer In Stock Entries
[2026-04-22 14:12:24] INFO: TransferInSyncFromErpNextService: Endpoint [Stock Entry] returned 1 raw entry(ies).
[2026-04-22 14:12:24] INFO: ErpNextWmsSyncApiService: [ERPNext 11] Fetching Transfer In Stock Entries from http://printechsdammam.dyndns.org:88/api/method/printechs_wms.api.transfer_in_sync.get_material_transfer_stock_entries?add_to_transit=1&custom_receiving_warehouse=Main%20Warehouse%20-%20MAATC&docstatus=1
[2026-04-22 14:12:24] INFO: ErpNextWmsSyncApiService: [ERPNext 11] Fetched 1 Transfer In Stock Entries
[2026-04-22 14:12:24] INFO: TransferInSyncFromErpNextService: Endpoint [ERPNext 11] returned 1 raw entry(ies).
[2026-04-22 14:12:24] INFO: ErpNextWmsSyncApiService: [ERPNext 13] Fetching Transfer In Stock Entries from /api/method/printechs_wms.api.asn_to_purchase_receipt.get_pr_status_for_asn?asn_no=<linked ASN>/api/method/printechs_wms.api.transfer_in_sync.get_material_transfer_stock_entries?add_to_transit=1&custom_receiving_warehouse=Main%20Warehouse%20-%20MAATC&docstatus=1
[2026-04-22 14:12:24] ERROR: ErpNextWmsSyncApiService: [ERPNext 13] Error fetching Transfer In Stock Entries: An invalid request URI was provided. Either the request URI must be an absolute URI or BaseAddress must be set.
Exception Type: InvalidOperationException
Exception Message: An invalid request URI was provided. Either the request URI must be an absolute URI or BaseAddress must be set.
Stack Trace:    at System.Net.Http.HttpClient.PrepareRequestMessage(HttpRequestMessage request)
   at System.Net.Http.HttpClient.GetAsync(String requestUri)
   at Wms.Desktop.Services.ErpNextWmsSyncApiService.FetchMessageListAsync[T](String apiUrl, String apiKey, String label, String entityName) in D:\Development Project\Printechs WMS\Wms.Desktop\Services\ErpNextWmsSyncApiService.cs:line 523
--------------------------------------------------------------------------------
[2026-04-22 14:12:24] INFO: TransferInSyncFromErpNextService: Step 5 - Total raw entries from API: 5
[2026-04-22 14:12:24] INFO: TransferInSyncFromErpNextService: Step 6 - After dedupe: 2 unique Transfer In(s) to sync. Keys: [MAT-STE-2026-00002, MAT-STE-2026-00003]
[2026-04-22 14:12:24] INFO: TransferInSyncFromErpNextService: --- Processing entry: MAT-STE-2026-00002 ---
[2026-04-22 14:12:24] INFO: TransferInSyncFromErpNextService: tabTransferIn INSERT/UPDATE for MAT-STE-2026-00002 affected rows: 1 (1=inserted, 2=updated).
[2026-04-22 14:12:24] INFO: TransferInSyncFromErpNextService: DELETE old tabTransferInItem for MAT-STE-2026-00002 deleted rows: 0.
[2026-04-22 14:12:24] INFO: TransferInSyncFromErpNextService: Entry MAT-STE-2026-00002: inserting 2 item(s) into tabTransferInItem.
[2026-04-22 14:12:24] INFO: TransferInSyncFromErpNextService: Inserting tabTransferInItem: parent=MAT-STE-2026-00002, item_code=108231, qty=5.
[2026-04-22 14:12:24] INFO: TransferInSyncFromErpNextService: Item INSERT for 108231 affected rows: 1.
[2026-04-22 14:12:24] INFO: TransferInSyncFromErpNextService: Inserting tabTransferInItem: parent=MAT-STE-2026-00002, item_code=108229, qty=5.
[2026-04-22 14:12:24] INFO: TransferInSyncFromErpNextService: Item INSERT for 108229 affected rows: 1.
[2026-04-22 14:12:24] INFO: TransferInSyncFromErpNextService: Committing transaction for MAT-STE-2026-00002.
[2026-04-22 14:12:24] INFO: TransferInSyncFromErpNextService: Transaction committed for MAT-STE-2026-00002.
[2026-04-22 14:12:24] INFO: TransferInSyncFromErpNextService: Verification tabTransferInItem count for MAT-STE-2026-00002 => 2 row(s).
[2026-04-22 14:12:24] INFO: TransferInSyncFromErpNextService: --- Processing entry: MAT-STE-2026-00003 ---
[2026-04-22 14:12:24] INFO: TransferInSyncFromErpNextService: tabTransferIn INSERT/UPDATE for MAT-STE-2026-00003 affected rows: 1 (1=inserted, 2=updated).
[2026-04-22 14:12:24] INFO: TransferInSyncFromErpNextService: DELETE old tabTransferInItem for MAT-STE-2026-00003 deleted rows: 0.
[2026-04-22 14:12:24] INFO: TransferInSyncFromErpNextService: Entry MAT-STE-2026-00003: inserting 2 item(s) into tabTransferInItem.
[2026-04-22 14:12:24] INFO: TransferInSyncFromErpNextService: Inserting tabTransferInItem: parent=MAT-STE-2026-00003, item_code=108231, qty=5.
[2026-04-22 14:12:24] INFO: TransferInSyncFromErpNextService: Item INSERT for 108231 affected rows: 1.
[2026-04-22 14:12:24] INFO: TransferInSyncFromErpNextService: Inserting tabTransferInItem: parent=MAT-STE-2026-00003, item_code=108229, qty=5.
[2026-04-22 14:12:24] INFO: TransferInSyncFromErpNextService: Item INSERT for 108229 affected rows: 1.
[2026-04-22 14:12:24] INFO: TransferInSyncFromErpNextService: Committing transaction for MAT-STE-2026-00003.
[2026-04-22 14:12:24] INFO: TransferInSyncFromErpNextService: Transaction committed for MAT-STE-2026-00003.
[2026-04-22 14:12:24] INFO: TransferInSyncFromErpNextService: Verification tabTransferInItem count for MAT-STE-2026-00003 => 2 row(s).
[2026-04-22 14:12:24] INFO: Transfer In sync from ERPNext completed. Fetched: 2, entries inserted: 2, updated: 0, items: 4, errors: 0
[2026-04-22 14:12:24] INFO: ErpNextWmsSyncApiService: WMS snapshot updated successfully.
[2026-04-22 14:12:25] INFO: ErpNextWmsSyncApiService: Calling rebuild_wms_stock_balance for company=Mohammed Abdullah Almousa Trading Company, warehouse=Main Warehouse - MAATC
[2026-04-22 14:12:25] INFO: ErpNextWmsSyncApiService: rebuild_wms_stock_balance updated successfully.
[2026-04-22 14:12:25] INFO: ErpNextWmsSyncApiService: rebuild_wms_stock_balance completed successfully.
[2026-04-22 15:07:47] INFO: ASN ASN-0001 Carton CNWH12858: Assigned=Assigned, Actual=Assigned, ReceivedQty=0
[2026-04-22 15:07:47] INFO: ASN ASN-0001 Carton CNWH12854: Assigned=Assigned, Actual=Assigned, ReceivedQty=0
[2026-04-22 15:07:47] INFO: ASN ASN-0001 Carton CNWH15390: Assigned=Assigned, Actual=Assigned, ReceivedQty=0
[2026-04-22 15:07:47] INFO: ASN ASN-0001 Carton CNWH42441: Assigned=Assigned, Actual=Assigned, ReceivedQty=0
[2026-04-22 15:07:47] INFO: ASN ASN-0001 Carton CNWH64571: Assigned=Assigned, Actual=Assigned, ReceivedQty=0
[2026-04-22 15:07:47] INFO: ASN ASN-0001 Carton CNWH64521: Assigned=Assigned, Actual=Assigned, ReceivedQty=0
[2026-04-22 15:07:47] INFO: ASN ASN-0001 Carton CNWH63561: Assigned=Assigned, Actual=Assigned, ReceivedQty=0
[2026-04-22 15:07:47] INFO: ASN ASN-0001 Carton CNWH63609: Assigned=Assigned, Actual=Assigned, ReceivedQty=0
[2026-04-22 15:07:47] INFO: ASN ASN-0002 Carton CNWH12858: Assigned=Assigned, Actual=Assigned, ReceivedQty=0
[2026-04-22 15:07:47] INFO: ASN ASN-0002 Carton CNWH12854: Assigned=Assigned, Actual=Assigned, ReceivedQty=0
[2026-04-22 15:07:47] INFO: ASN WMS-ASN-EXT-00004 Carton CNWH63179: Assigned=Receiving, Actual=Receiving, ReceivedQty=0
[2026-04-22 15:07:47] INFO: ASN WMS-ASN-EXT-00004 Carton CNWH63180: Assigned=Assigned, Actual=Assigned, ReceivedQty=0
[2026-04-22 15:07:47] INFO: ASN WMS-ASN-EXT-00004 Carton CNWH63196: Assigned=Assigned, Actual=Assigned, ReceivedQty=0
[2026-04-22 15:07:47] INFO: ASN WMS-ASN-EXT-00004 Carton CNWH63197: Assigned=Assigned, Actual=Assigned, ReceivedQty=0
[2026-04-22 15:07:47] INFO: ASN WMS-ASN-EXT-00004 Carton CNWH63198: Assigned=Assigned, Actual=Assigned, ReceivedQty=0
[2026-04-22 15:07:47] INFO: ASN WMS-ASN-EXT-00004 Carton CNWH63199: Assigned=Assigned, Actual=Assigned, ReceivedQty=0
[2026-04-22 15:07:47] INFO: ASN WMS-ASN-EXT-00004 Carton CNWH63200: Assigned=Assigned, Actual=Assigned, ReceivedQty=0
[2026-04-22 15:07:47] INFO: ASN WMS-ASN-EXT-00004 Carton CNWH63266: Assigned=Assigned, Actual=Assigned, ReceivedQty=0
[2026-04-22 15:07:47] INFO: ASN WMS-ASN-EXT-00004 Carton CNWH63268: Assigned=Assigned, Actual=Assigned, ReceivedQty=0
[2026-04-22 15:07:47] INFO: ASN WMS-ASN-EXT-00004 Carton CNWH63269: Assigned=Assigned, Actual=Assigned, ReceivedQty=0
[2026-04-22 15:07:47] INFO: ASN WMS-ASN-EXT-00004 Carton CNWH63270: Assigned=Assigned, Actual=Assigned, ReceivedQty=0
[2026-04-22 15:07:47] INFO: ASN WMS-ASN-EXT-00004 Carton CNWH63271: Assigned=Assigned, Actual=Assigned, ReceivedQty=0
[2026-04-22 15:07:47] INFO: ASN WMS-ASN-EXT-00004 Carton CNWH63272: Assigned=Assigned, Actual=Assigned, ReceivedQty=0
[2026-04-22 15:07:47] INFO: ASN WMS-ASN-EXT-00004 Carton CNWH63275: Assigned=Assigned, Actual=Assigned, ReceivedQty=0
[2026-04-22 15:07:47] INFO: ASN WMS-ASN-EXT-00004 Carton CNWH63277: Assigned=Assigned, Actual=Assigned, ReceivedQty=0
[2026-04-22 15:07:47] INFO: ASN WMS-ASN-EXT-00004 Carton CNWH63280: Assigned=Assigned, Actual=Assigned, ReceivedQty=0
[2026-04-22 15:07:47] INFO: ASN WMS-ASN-EXT-00004 Carton CNWH63282: Assigned=Assigned, Actual=Assigned, ReceivedQty=0
[2026-04-22 15:07:47] INFO: ASN WMS-ASN-EXT-00004 Carton CNWH63283: Assigned=Assigned, Actual=Assigned, ReceivedQty=0
[2026-04-22 15:07:47] INFO: ASN WMS-ASN-EXT-00004 Carton CNWH63284: Assigned=Assigned, Actual=Assigned, ReceivedQty=0
[2026-04-22 15:07:47] INFO: ASN WMS-ASN-EXT-00004 Carton CNWH63285: Assigned=Assigned, Actual=Assigned, ReceivedQty=0
[2026-04-22 15:07:47] INFO: ASN WMS-ASN-EXT-00004 Carton CNWH63286: Assigned=Assigned, Actual=Assigned, ReceivedQty=0
[2026-04-22 15:07:47] INFO: ASN WMS-ASN-EXT-00004 Carton CNWH63287: Assigned=Assigned, Actual=Assigned, ReceivedQty=0
[2026-04-22 15:07:47] INFO: ASN WMS-ASN-EXT-00004 Carton CNWH63288: Assigned=Assigned, Actual=Assigned, ReceivedQty=0
[2026-04-22 15:07:47] INFO: ASN WMS-ASN-EXT-00004 Carton CNWH63289: Assigned=Assigned, Actual=Assigned, ReceivedQty=0
[2026-04-22 15:07:47] INFO: ASN WMS-ASN-EXT-00004 Carton CNWH63441: Assigned=Assigned, Actual=Assigned, ReceivedQty=0
[2026-04-22 15:07:47] INFO: ASN WMS-ASN-EXT-00004 Carton CNWH63442: Assigned=Assigned, Actual=Assigned, ReceivedQty=0
[2026-04-22 15:07:47] INFO: ASN WMS-ASN-EXT-00004 Carton CNWH63444: Assigned=Assigned, Actual=Assigned, ReceivedQty=0
[2026-04-22 15:07:47] INFO: ASN WMS-ASN-EXT-00004 Carton CNWH63446: Assigned=Assigned, Actual=Assigned, ReceivedQty=0
[2026-04-22 15:07:47] INFO: ASN WMS-ASN-EXT-00004 Carton CNWH63448: Assigned=Assigned, Actual=Assigned, ReceivedQty=0
[2026-04-22 15:07:47] INFO: ASN WMS-ASN-EXT-00004 Carton CNWH65363: Assigned=Assigned, Actual=Assigned, ReceivedQty=0
[2026-04-22 15:07:47] INFO: ASN WMS-ASN-EXT-00004 Carton CNWH63179: Assigned=Receiving, Actual=Receiving, ReceivedQty=0
[2026-04-22 15:07:47] INFO: ASN WMS-ASN-EXT-00004 Carton CNWH63180: Assigned=Assigned, Actual=Assigned, ReceivedQty=0
[2026-04-22 15:07:47] INFO: ASN WMS-ASN-EXT-00004 Carton CNWH63196: Assigned=Assigned, Actual=Assigned, ReceivedQty=0
[2026-04-22 15:07:47] INFO: ASN WMS-ASN-EXT-00004 Carton CNWH63197: Assigned=Assigned, Actual=Assigned, ReceivedQty=0
[2026-04-22 15:07:47] INFO: ASN WMS-ASN-EXT-00004 Carton CNWH63198: Assigned=Assigned, Actual=Assigned, ReceivedQty=0
[2026-04-22 15:07:47] INFO: ASN WMS-ASN-EXT-00004 Carton CNWH63199: Assigned=Assigned, Actual=Assigned, ReceivedQty=0
[2026-04-22 15:07:47] INFO: ASN WMS-ASN-EXT-00004 Carton CNWH63200: Assigned=Assigned, Actual=Assigned, ReceivedQty=0
[2026-04-22 15:07:47] INFO: ASN WMS-ASN-EXT-00004 Carton CNWH63266: Assigned=Assigned, Actual=Assigned, ReceivedQty=0
[2026-04-22 15:07:47] INFO: ASN WMS-ASN-EXT-00004 Carton CNWH63268: Assigned=Assigned, Actual=Assigned, ReceivedQty=0
[2026-04-22 15:07:47] INFO: ASN WMS-ASN-EXT-00004 Carton CNWH63269: Assigned=Assigned, Actual=Assigned, ReceivedQty=0
[2026-04-22 15:07:47] INFO: ASN WMS-ASN-EXT-00004 Carton CNWH63270: Assigned=Assigned, Actual=Assigned, ReceivedQty=0
[2026-04-22 15:07:47] INFO: ASN WMS-ASN-EXT-00004 Carton CNWH63271: Assigned=Assigned, Actual=Assigned, ReceivedQty=0
[2026-04-22 15:07:47] INFO: ASN WMS-ASN-EXT-00004 Carton CNWH63272: Assigned=Assigned, Actual=Assigned, ReceivedQty=0
[2026-04-22 15:07:47] INFO: ASN WMS-ASN-EXT-00004 Carton CNWH63275: Assigned=Assigned, Actual=Assigned, ReceivedQty=0
[2026-04-22 15:07:47] INFO: ASN WMS-ASN-EXT-00004 Carton CNWH63277: Assigned=Assigned, Actual=Assigned, ReceivedQty=0
[2026-04-22 15:07:47] INFO: ASN WMS-ASN-EXT-00004 Carton CNWH63280: Assigned=Assigned, Actual=Assigned, ReceivedQty=0
[2026-04-22 15:07:47] INFO: ASN WMS-ASN-EXT-00004 Carton CNWH63282: Assigned=Assigned, Actual=Assigned, ReceivedQty=0
[2026-04-22 15:07:47] INFO: ASN WMS-ASN-EXT-00004 Carton CNWH63283: Assigned=Assigned, Actual=Assigned, ReceivedQty=0
[2026-04-22 15:07:47] INFO: ASN WMS-ASN-EXT-00004 Carton CNWH63284: Assigned=Assigned, Actual=Assigned, ReceivedQty=0
[2026-04-22 15:07:47] INFO: ASN WMS-ASN-EXT-00004 Carton CNWH63285: Assigned=Assigned, Actual=Assigned, ReceivedQty=0
[2026-04-22 15:07:47] INFO: ASN WMS-ASN-EXT-00004 Carton CNWH63286: Assigned=Assigned, Actual=Assigned, ReceivedQty=0
[2026-04-22 15:07:47] INFO: ASN WMS-ASN-EXT-00004 Carton CNWH63287: Assigned=Assigned, Actual=Assigned, ReceivedQty=0
[2026-04-22 15:07:47] INFO: ASN WMS-ASN-EXT-00004 Carton CNWH63288: Assigned=Assigned, Actual=Assigned, ReceivedQty=0
[2026-04-22 15:07:47] INFO: ASN WMS-ASN-EXT-00004 Carton CNWH63289: Assigned=Assigned, Actual=Assigned, ReceivedQty=0
[2026-04-22 15:07:47] INFO: ASN WMS-ASN-EXT-00004 Carton CNWH63441: Assigned=Assigned, Actual=Assigned, ReceivedQty=0
[2026-04-22 15:07:47] INFO: ASN WMS-ASN-EXT-00004 Carton CNWH63442: Assigned=Assigned, Actual=Assigned, ReceivedQty=0
[2026-04-22 15:07:47] INFO: ASN WMS-ASN-EXT-00004 Carton CNWH65363: Assigned=Assigned, Actual=Assigned, ReceivedQty=0
[2026-04-22 15:07:47] INFO: ASN WMS-ASN-EXT-00004 Carton CNWH63502: Assigned=Assigned, Actual=Assigned, ReceivedQty=0
[2026-04-22 15:07:47] INFO: ASN WMS-ASN-EXT-00004 Carton CNWH63502: Assigned=Assigned, Actual=Assigned, ReceivedQty=0
[2026-04-22 15:07:47] INFO: ASN WMS-ASN-EXT-00004 Carton CNWH64607: Assigned=Assigned, Actual=Assigned, ReceivedQty=0
[2026-04-22 15:07:47] INFO: ASN WMS-ASN-EXT-127211 Carton CNWH12858: Assigned=Assigned, Actual=Assigned, ReceivedQty=0
[2026-04-22 15:07:47] INFO: ASN WMS-ASN-EXT-127211 Carton CNWH12854: Assigned=Assigned, Actual=Assigned, ReceivedQty=0
[2026-04-22 15:07:49] INFO: ASN ASN-0001 Carton CNWH12858: Assigned=Assigned, Actual=Assigned, ReceivedQty=0
[2026-04-22 15:07:49] INFO: ASN ASN-0001 Carton CNWH12854: Assigned=Assigned, Actual=Assigned, ReceivedQty=0
[2026-04-22 15:07:49] INFO: ASN ASN-0001 Carton CNWH15390: Assigned=Assigned, Actual=Assigned, ReceivedQty=0
[2026-04-22 15:07:49] INFO: ASN ASN-0001 Carton CNWH42441: Assigned=Assigned, Actual=Assigned, ReceivedQty=0
[2026-04-22 15:07:49] INFO: ASN ASN-0001 Carton CNWH64571: Assigned=Assigned, Actual=Assigned, ReceivedQty=0
[2026-04-22 15:07:49] INFO: ASN ASN-0001 Carton CNWH64521: Assigned=Assigned, Actual=Assigned, ReceivedQty=0
[2026-04-22 15:07:49] INFO: ASN ASN-0001 Carton CNWH63561: Assigned=Assigned, Actual=Assigned, ReceivedQty=0
[2026-04-22 15:07:49] INFO: ASN ASN-0001 Carton CNWH63609: Assigned=Assigned, Actual=Assigned, ReceivedQty=0
[2026-04-22 15:07:49] INFO: ASN ASN-0002 Carton CNWH12858: Assigned=Assigned, Actual=Assigned, ReceivedQty=0
[2026-04-22 15:07:49] INFO: ASN ASN-0002 Carton CNWH12854: Assigned=Assigned, Actual=Assigned, ReceivedQty=0
[2026-04-22 15:07:49] INFO: ASN WMS-ASN-EXT-00004 Carton CNWH63179: Assigned=Receiving, Actual=Receiving, ReceivedQty=0
[2026-04-22 15:07:49] INFO: ASN WMS-ASN-EXT-00004 Carton CNWH63180: Assigned=Assigned, Actual=Assigned, ReceivedQty=0
[2026-04-22 15:07:49] INFO: ASN WMS-ASN-EXT-00004 Carton CNWH63196: Assigned=Assigned, Actual=Assigned, ReceivedQty=0
[2026-04-22 15:07:49] INFO: ASN WMS-ASN-EXT-00004 Carton CNWH63197: Assigned=Assigned, Actual=Assigned, ReceivedQty=0
[2026-04-22 15:07:49] INFO: ASN WMS-ASN-EXT-00004 Carton CNWH63198: Assigned=Assigned, Actual=Assigned, ReceivedQty=0
[2026-04-22 15:07:49] INFO: ASN WMS-ASN-EXT-00004 Carton CNWH63199: Assigned=Assigned, Actual=Assigned, ReceivedQty=0
[2026-04-22 15:07:49] INFO: ASN WMS-ASN-EXT-00004 Carton CNWH63200: Assigned=Assigned, Actual=Assigned, ReceivedQty=0
[2026-04-22 15:07:49] INFO: ASN WMS-ASN-EXT-00004 Carton CNWH63266: Assigned=Assigned, Actual=Assigned, ReceivedQty=0
[2026-04-22 15:07:49] INFO: ASN WMS-ASN-EXT-00004 Carton CNWH63268: Assigned=Assigned, Actual=Assigned, ReceivedQty=0
[2026-04-22 15:07:49] INFO: ASN WMS-ASN-EXT-00004 Carton CNWH63269: Assigned=Assigned, Actual=Assigned, ReceivedQty=0
[2026-04-22 15:07:49] INFO: ASN WMS-ASN-EXT-00004 Carton CNWH63270: Assigned=Assigned, Actual=Assigned, ReceivedQty=0
[2026-04-22 15:07:49] INFO: ASN WMS-ASN-EXT-00004 Carton CNWH63271: Assigned=Assigned, Actual=Assigned, ReceivedQty=0
[2026-04-22 15:07:49] INFO: ASN WMS-ASN-EXT-00004 Carton CNWH63272: Assigned=Assigned, Actual=Assigned, ReceivedQty=0
[2026-04-22 15:07:49] INFO: ASN WMS-ASN-EXT-00004 Carton CNWH63275: Assigned=Assigned, Actual=Assigned, ReceivedQty=0
[2026-04-22 15:07:49] INFO: ASN WMS-ASN-EXT-00004 Carton CNWH63277: Assigned=Assigned, Actual=Assigned, ReceivedQty=0
[2026-04-22 15:07:49] INFO: ASN WMS-ASN-EXT-00004 Carton CNWH63280: Assigned=Assigned, Actual=Assigned, ReceivedQty=0
[2026-04-22 15:07:49] INFO: ASN WMS-ASN-EXT-00004 Carton CNWH63282: Assigned=Assigned, Actual=Assigned, ReceivedQty=0
[2026-04-22 15:07:49] INFO: ASN WMS-ASN-EXT-00004 Carton CNWH63283: Assigned=Assigned, Actual=Assigned, ReceivedQty=0
[2026-04-22 15:07:49] INFO: ASN WMS-ASN-EXT-00004 Carton CNWH63284: Assigned=Assigned, Actual=Assigned, ReceivedQty=0
[2026-04-22 15:07:49] INFO: ASN WMS-ASN-EXT-00004 Carton CNWH63285: Assigned=Assigned, Actual=Assigned, ReceivedQty=0
[2026-04-22 15:07:49] INFO: ASN WMS-ASN-EXT-00004 Carton CNWH63286: Assigned=Assigned, Actual=Assigned, ReceivedQty=0
[2026-04-22 15:07:49] INFO: ASN WMS-ASN-EXT-00004 Carton CNWH63287: Assigned=Assigned, Actual=Assigned, ReceivedQty=0
[2026-04-22 15:07:49] INFO: ASN WMS-ASN-EXT-00004 Carton CNWH63288: Assigned=Assigned, Actual=Assigned, ReceivedQty=0
[2026-04-22 15:07:49] INFO: ASN WMS-ASN-EXT-00004 Carton CNWH63289: Assigned=Assigned, Actual=Assigned, ReceivedQty=0
[2026-04-22 15:07:49] INFO: ASN WMS-ASN-EXT-00004 Carton CNWH63441: Assigned=Assigned, Actual=Assigned, ReceivedQty=0
[2026-04-22 15:07:49] INFO: ASN WMS-ASN-EXT-00004 Carton CNWH63442: Assigned=Assigned, Actual=Assigned, ReceivedQty=0
[2026-04-22 15:07:49] INFO: ASN WMS-ASN-EXT-00004 Carton CNWH63444: Assigned=Assigned, Actual=Assigned, ReceivedQty=0
[2026-04-22 15:07:49] INFO: ASN WMS-ASN-EXT-00004 Carton CNWH63446: Assigned=Assigned, Actual=Assigned, ReceivedQty=0
[2026-04-22 15:07:49] INFO: ASN WMS-ASN-EXT-00004 Carton CNWH63448: Assigned=Assigned, Actual=Assigned, ReceivedQty=0
[2026-04-22 15:07:49] INFO: ASN WMS-ASN-EXT-00004 Carton CNWH65363: Assigned=Assigned, Actual=Assigned, ReceivedQty=0
[2026-04-22 15:07:49] INFO: ASN WMS-ASN-EXT-00004 Carton CNWH63179: Assigned=Receiving, Actual=Receiving, ReceivedQty=0
[2026-04-22 15:07:49] INFO: ASN WMS-ASN-EXT-00004 Carton CNWH63180: Assigned=Assigned, Actual=Assigned, ReceivedQty=0
[2026-04-22 15:07:49] INFO: ASN WMS-ASN-EXT-00004 Carton CNWH63196: Assigned=Assigned, Actual=Assigned, ReceivedQty=0
[2026-04-22 15:07:49] INFO: ASN WMS-ASN-EXT-00004 Carton CNWH63197: Assigned=Assigned, Actual=Assigned, ReceivedQty=0
[2026-04-22 15:07:49] INFO: ASN WMS-ASN-EXT-00004 Carton CNWH63198: Assigned=Assigned, Actual=Assigned, ReceivedQty=0
[2026-04-22 15:07:49] INFO: ASN WMS-ASN-EXT-00004 Carton CNWH63199: Assigned=Assigned, Actual=Assigned, ReceivedQty=0
[2026-04-22 15:07:49] INFO: ASN WMS-ASN-EXT-00004 Carton CNWH63200: Assigned=Assigned, Actual=Assigned, ReceivedQty=0
[2026-04-22 15:07:49] INFO: ASN WMS-ASN-EXT-00004 Carton CNWH63266: Assigned=Assigned, Actual=Assigned, ReceivedQty=0
[2026-04-22 15:07:49] INFO: ASN WMS-ASN-EXT-00004 Carton CNWH63268: Assigned=Assigned, Actual=Assigned, ReceivedQty=0
[2026-04-22 15:07:49] INFO: ASN WMS-ASN-EXT-00004 Carton CNWH63269: Assigned=Assigned, Actual=Assigned, ReceivedQty=0
[2026-04-22 15:07:49] INFO: ASN WMS-ASN-EXT-00004 Carton CNWH63270: Assigned=Assigned, Actual=Assigned, ReceivedQty=0
[2026-04-22 15:07:49] INFO: ASN WMS-ASN-EXT-00004 Carton CNWH63271: Assigned=Assigned, Actual=Assigned, ReceivedQty=0
[2026-04-22 15:07:49] INFO: ASN WMS-ASN-EXT-00004 Carton CNWH63272: Assigned=Assigned, Actual=Assigned, ReceivedQty=0
[2026-04-22 15:07:49] INFO: ASN WMS-ASN-EXT-00004 Carton CNWH63275: Assigned=Assigned, Actual=Assigned, ReceivedQty=0
[2026-04-22 15:07:49] INFO: ASN WMS-ASN-EXT-00004 Carton CNWH63277: Assigned=Assigned, Actual=Assigned, ReceivedQty=0
[2026-04-22 15:07:49] INFO: ASN WMS-ASN-EXT-00004 Carton CNWH63280: Assigned=Assigned, Actual=Assigned, ReceivedQty=0
[2026-04-22 15:07:49] INFO: ASN WMS-ASN-EXT-00004 Carton CNWH63282: Assigned=Assigned, Actual=Assigned, ReceivedQty=0
[2026-04-22 15:07:49] INFO: ASN WMS-ASN-EXT-00004 Carton CNWH63283: Assigned=Assigned, Actual=Assigned, ReceivedQty=0
[2026-04-22 15:07:49] INFO: ASN WMS-ASN-EXT-00004 Carton CNWH63284: Assigned=Assigned, Actual=Assigned, ReceivedQty=0
[2026-04-22 15:07:49] INFO: ASN WMS-ASN-EXT-00004 Carton CNWH63285: Assigned=Assigned, Actual=Assigned, ReceivedQty=0
[2026-04-22 15:07:49] INFO: ASN WMS-ASN-EXT-00004 Carton CNWH63286: Assigned=Assigned, Actual=Assigned, ReceivedQty=0
[2026-04-22 15:07:49] INFO: ASN WMS-ASN-EXT-00004 Carton CNWH63287: Assigned=Assigned, Actual=Assigned, ReceivedQty=0
[2026-04-22 15:07:49] INFO: ASN WMS-ASN-EXT-00004 Carton CNWH63288: Assigned=Assigned, Actual=Assigned, ReceivedQty=0
[2026-04-22 15:07:49] INFO: ASN WMS-ASN-EXT-00004 Carton CNWH63289: Assigned=Assigned, Actual=Assigned, ReceivedQty=0
[2026-04-22 15:07:49] INFO: ASN WMS-ASN-EXT-00004 Carton CNWH63441: Assigned=Assigned, Actual=Assigned, ReceivedQty=0
[2026-04-22 15:07:49] INFO: ASN WMS-ASN-EXT-00004 Carton CNWH63442: Assigned=Assigned, Actual=Assigned, ReceivedQty=0
[2026-04-22 15:07:49] INFO: ASN WMS-ASN-EXT-00004 Carton CNWH65363: Assigned=Assigned, Actual=Assigned, ReceivedQty=0
[2026-04-22 15:07:49] INFO: ASN WMS-ASN-EXT-00004 Carton CNWH63502: Assigned=Assigned, Actual=Assigned, ReceivedQty=0
[2026-04-22 15:07:49] INFO: ASN WMS-ASN-EXT-00004 Carton CNWH63502: Assigned=Assigned, Actual=Assigned, ReceivedQty=0
[2026-04-22 15:07:49] INFO: ASN WMS-ASN-EXT-00004 Carton CNWH64607: Assigned=Assigned, Actual=Assigned, ReceivedQty=0
[2026-04-22 15:07:49] INFO: ASN WMS-ASN-EXT-127211 Carton CNWH12858: Assigned=Assigned, Actual=Assigned, ReceivedQty=0
[2026-04-22 15:07:49] INFO: ASN WMS-ASN-EXT-127211 Carton CNWH12854: Assigned=Assigned, Actual=Assigned, ReceivedQty=0
[2026-04-22 15:07:49] INFO: ASN ASN-0001 Carton CNWH12858: Assigned=Assigned, Actual=Assigned, ReceivedQty=0
[2026-04-22 15:07:49] INFO: ASN ASN-0001 Carton CNWH12854: Assigned=Assigned, Actual=Assigned, ReceivedQty=0
[2026-04-22 15:07:49] INFO: ASN ASN-0001 Carton CNWH15390: Assigned=Assigned, Actual=Assigned, ReceivedQty=0
[2026-04-22 15:07:49] INFO: ASN ASN-0001 Carton CNWH42441: Assigned=Assigned, Actual=Assigned, ReceivedQty=0
[2026-04-22 15:07:49] INFO: ASN ASN-0001 Carton CNWH64571: Assigned=Assigned, Actual=Assigned, ReceivedQty=0
[2026-04-22 15:07:49] INFO: ASN ASN-0001 Carton CNWH64521: Assigned=Assigned, Actual=Assigned, ReceivedQty=0
[2026-04-22 15:07:49] INFO: ASN ASN-0001 Carton CNWH63561: Assigned=Assigned, Actual=Assigned, ReceivedQty=0
[2026-04-22 15:07:49] INFO: ASN ASN-0001 Carton CNWH63609: Assigned=Assigned, Actual=Assigned, ReceivedQty=0
[2026-04-22 15:07:49] INFO: ASN ASN-0002 Carton CNWH12858: Assigned=Assigned, Actual=Assigned, ReceivedQty=0
[2026-04-22 15:07:49] INFO: ASN ASN-0002 Carton CNWH12854: Assigned=Assigned, Actual=Assigned, ReceivedQty=0
[2026-04-22 15:07:49] INFO: ASN WMS-ASN-EXT-00004 Carton CNWH63179: Assigned=Receiving, Actual=Receiving, ReceivedQty=0
[2026-04-22 15:07:49] INFO: ASN WMS-ASN-EXT-00004 Carton CNWH63180: Assigned=Assigned, Actual=Assigned, ReceivedQty=0
[2026-04-22 15:07:49] INFO: ASN WMS-ASN-EXT-00004 Carton CNWH63196: Assigned=Assigned, Actual=Assigned, ReceivedQty=0
[2026-04-22 15:07:49] INFO: ASN WMS-ASN-EXT-00004 Carton CNWH63197: Assigned=Assigned, Actual=Assigned, ReceivedQty=0
[2026-04-22 15:07:49] INFO: ASN WMS-ASN-EXT-00004 Carton CNWH63198: Assigned=Assigned, Actual=Assigned, ReceivedQty=0
[2026-04-22 15:07:49] INFO: ASN WMS-ASN-EXT-00004 Carton CNWH63199: Assigned=Assigned, Actual=Assigned, ReceivedQty=0
[2026-04-22 15:07:49] INFO: ASN WMS-ASN-EXT-00004 Carton CNWH63200: Assigned=Assigned, Actual=Assigned, ReceivedQty=0
[2026-04-22 15:07:49] INFO: ASN WMS-ASN-EXT-00004 Carton CNWH63266: Assigned=Assigned, Actual=Assigned, ReceivedQty=0
[2026-04-22 15:07:49] INFO: ASN WMS-ASN-EXT-00004 Carton CNWH63268: Assigned=Assigned, Actual=Assigned, ReceivedQty=0
[2026-04-22 15:07:49] INFO: ASN WMS-ASN-EXT-00004 Carton CNWH63269: Assigned=Assigned, Actual=Assigned, ReceivedQty=0
[2026-04-22 15:07:49] INFO: ASN WMS-ASN-EXT-00004 Carton CNWH63270: Assigned=Assigned, Actual=Assigned, ReceivedQty=0
[2026-04-22 15:07:49] INFO: ASN WMS-ASN-EXT-00004 Carton CNWH63271: Assigned=Assigned, Actual=Assigned, ReceivedQty=0
[2026-04-22 15:07:49] INFO: ASN WMS-ASN-EXT-00004 Carton CNWH63272: Assigned=Assigned, Actual=Assigned, ReceivedQty=0
[2026-04-22 15:07:49] INFO: ASN WMS-ASN-EXT-00004 Carton CNWH63275: Assigned=Assigned, Actual=Assigned, ReceivedQty=0
[2026-04-22 15:07:49] INFO: ASN WMS-ASN-EXT-00004 Carton CNWH63277: Assigned=Assigned, Actual=Assigned, ReceivedQty=0
[2026-04-22 15:07:49] INFO: ASN WMS-ASN-EXT-00004 Carton CNWH63280: Assigned=Assigned, Actual=Assigned, ReceivedQty=0
[2026-04-22 15:07:49] INFO: ASN WMS-ASN-EXT-00004 Carton CNWH63282: Assigned=Assigned, Actual=Assigned, ReceivedQty=0
[2026-04-22 15:07:49] INFO: ASN WMS-ASN-EXT-00004 Carton CNWH63283: Assigned=Assigned, Actual=Assigned, ReceivedQty=0
[2026-04-22 15:07:49] INFO: ASN WMS-ASN-EXT-00004 Carton CNWH63284: Assigned=Assigned, Actual=Assigned, ReceivedQty=0
[2026-04-22 15:07:49] INFO: ASN WMS-ASN-EXT-00004 Carton CNWH63285: Assigned=Assigned, Actual=Assigned, ReceivedQty=0
[2026-04-22 15:07:49] INFO: ASN WMS-ASN-EXT-00004 Carton CNWH63286: Assigned=Assigned, Actual=Assigned, ReceivedQty=0
[2026-04-22 15:07:49] INFO: ASN WMS-ASN-EXT-00004 Carton CNWH63287: Assigned=Assigned, Actual=Assigned, ReceivedQty=0
[2026-04-22 15:07:49] INFO: ASN WMS-ASN-EXT-00004 Carton CNWH63288: Assigned=Assigned, Actual=Assigned, ReceivedQty=0
[2026-04-22 15:07:49] INFO: ASN WMS-ASN-EXT-00004 Carton CNWH63289: Assigned=Assigned, Actual=Assigned, ReceivedQty=0
[2026-04-22 15:07:49] INFO: ASN WMS-ASN-EXT-00004 Carton CNWH63441: Assigned=Assigned, Actual=Assigned, ReceivedQty=0
[2026-04-22 15:07:49] INFO: ASN WMS-ASN-EXT-00004 Carton CNWH63442: Assigned=Assigned, Actual=Assigned, ReceivedQty=0
[2026-04-22 15:07:49] INFO: ASN WMS-ASN-EXT-00004 Carton CNWH63444: Assigned=Assigned, Actual=Assigned, ReceivedQty=0
[2026-04-22 15:07:49] INFO: ASN WMS-ASN-EXT-00004 Carton CNWH63446: Assigned=Assigned, Actual=Assigned, ReceivedQty=0
[2026-04-22 15:07:49] INFO: ASN WMS-ASN-EXT-00004 Carton CNWH63448: Assigned=Assigned, Actual=Assigned, ReceivedQty=0
[2026-04-22 15:07:49] INFO: ASN WMS-ASN-EXT-00004 Carton CNWH65363: Assigned=Assigned, Actual=Assigned, ReceivedQty=0
[2026-04-22 15:07:49] INFO: ASN WMS-ASN-EXT-00004 Carton CNWH63179: Assigned=Receiving, Actual=Receiving, ReceivedQty=0
[2026-04-22 15:07:49] INFO: ASN WMS-ASN-EXT-00004 Carton CNWH63180: Assigned=Assigned, Actual=Assigned, ReceivedQty=0
[2026-04-22 15:07:49] INFO: ASN WMS-ASN-EXT-00004 Carton CNWH63196: Assigned=Assigned, Actual=Assigned, ReceivedQty=0
[2026-04-22 15:07:49] INFO: ASN WMS-ASN-EXT-00004 Carton CNWH63197: Assigned=Assigned, Actual=Assigned, ReceivedQty=0
[2026-04-22 15:07:49] INFO: ASN WMS-ASN-EXT-00004 Carton CNWH63198: Assigned=Assigned, Actual=Assigned, ReceivedQty=0
[2026-04-22 15:07:49] INFO: ASN WMS-ASN-EXT-00004 Carton CNWH63199: Assigned=Assigned, Actual=Assigned, ReceivedQty=0
[2026-04-22 15:07:49] INFO: ASN WMS-ASN-EXT-00004 Carton CNWH63200: Assigned=Assigned, Actual=Assigned, ReceivedQty=0
[2026-04-22 15:07:49] INFO: ASN WMS-ASN-EXT-00004 Carton CNWH63266: Assigned=Assigned, Actual=Assigned, ReceivedQty=0
[2026-04-22 15:07:49] INFO: ASN WMS-ASN-EXT-00004 Carton CNWH63268: Assigned=Assigned, Actual=Assigned, ReceivedQty=0
[2026-04-22 15:07:49] INFO: ASN WMS-ASN-EXT-00004 Carton CNWH63269: Assigned=Assigned, Actual=Assigned, ReceivedQty=0
[2026-04-22 15:07:49] INFO: ASN WMS-ASN-EXT-00004 Carton CNWH63270: Assigned=Assigned, Actual=Assigned, ReceivedQty=0
[2026-04-22 15:07:49] INFO: ASN WMS-ASN-EXT-00004 Carton CNWH63271: Assigned=Assigned, Actual=Assigned, ReceivedQty=0
[2026-04-22 15:07:49] INFO: ASN WMS-ASN-EXT-00004 Carton CNWH63272: Assigned=Assigned, Actual=Assigned, ReceivedQty=0
[2026-04-22 15:07:49] INFO: ASN WMS-ASN-EXT-00004 Carton CNWH63275: Assigned=Assigned, Actual=Assigned, ReceivedQty=0
[2026-04-22 15:07:49] INFO: ASN WMS-ASN-EXT-00004 Carton CNWH63277: Assigned=Assigned, Actual=Assigned, ReceivedQty=0
[2026-04-22 15:07:49] INFO: ASN WMS-ASN-EXT-00004 Carton CNWH63280: Assigned=Assigned, Actual=Assigned, ReceivedQty=0
[2026-04-22 15:07:49] INFO: ASN WMS-ASN-EXT-00004 Carton CNWH63282: Assigned=Assigned, Actual=Assigned, ReceivedQty=0
[2026-04-22 15:07:49] INFO: ASN WMS-ASN-EXT-00004 Carton CNWH63283: Assigned=Assigned, Actual=Assigned, ReceivedQty=0
[2026-04-22 15:07:49] INFO: ASN WMS-ASN-EXT-00004 Carton CNWH63284: Assigned=Assigned, Actual=Assigned, ReceivedQty=0
[2026-04-22 15:07:49] INFO: ASN WMS-ASN-EXT-00004 Carton CNWH63285: Assigned=Assigned, Actual=Assigned, ReceivedQty=0
[2026-04-22 15:07:49] INFO: ASN WMS-ASN-EXT-00004 Carton CNWH63286: Assigned=Assigned, Actual=Assigned, ReceivedQty=0
[2026-04-22 15:07:49] INFO: ASN WMS-ASN-EXT-00004 Carton CNWH63287: Assigned=Assigned, Actual=Assigned, ReceivedQty=0
[2026-04-22 15:07:49] INFO: ASN WMS-ASN-EXT-00004 Carton CNWH63288: Assigned=Assigned, Actual=Assigned, ReceivedQty=0
[2026-04-22 15:07:49] INFO: ASN WMS-ASN-EXT-00004 Carton CNWH63289: Assigned=Assigned, Actual=Assigned, ReceivedQty=0
[2026-04-22 15:07:49] INFO: ASN WMS-ASN-EXT-00004 Carton CNWH63441: Assigned=Assigned, Actual=Assigned, ReceivedQty=0
[2026-04-22 15:07:49] INFO: ASN WMS-ASN-EXT-00004 Carton CNWH63442: Assigned=Assigned, Actual=Assigned, ReceivedQty=0
[2026-04-22 15:07:49] INFO: ASN WMS-ASN-EXT-00004 Carton CNWH65363: Assigned=Assigned, Actual=Assigned, ReceivedQty=0
[2026-04-22 15:07:49] INFO: ASN WMS-ASN-EXT-00004 Carton CNWH63502: Assigned=Assigned, Actual=Assigned, ReceivedQty=0
[2026-04-22 15:07:49] INFO: ASN WMS-ASN-EXT-00004 Carton CNWH63502: Assigned=Assigned, Actual=Assigned, ReceivedQty=0
[2026-04-22 15:07:49] INFO: ASN WMS-ASN-EXT-00004 Carton CNWH64607: Assigned=Assigned, Actual=Assigned, ReceivedQty=0
[2026-04-22 15:07:49] INFO: ASN WMS-ASN-EXT-127211 Carton CNWH12858: Assigned=Assigned, Actual=Assigned, ReceivedQty=0
[2026-04-22 15:07:49] INFO: ASN WMS-ASN-EXT-127211 Carton CNWH12854: Assigned=Assigned, Actual=Assigned, ReceivedQty=0
[2026-04-22 15:20:41] INFO: PurchaseOrderListView: Loaded event fired, refreshing data
[2026-04-22 15:20:41] INFO: PurchaseOrderListView: Calling RefreshAsync on ViewModel
[2026-04-22 15:20:41] INFO: Loading Purchase Orders from database...
[2026-04-22 15:20:41] INFO: Loaded 0 Purchase Orders from database
[2026-04-22 15:20:41] INFO: PurchaseOrderListViewModel: Loaded 0 Purchase Orders from database
[2026-04-22 15:20:41] INFO: PurchaseOrderListView: RefreshAsync completed
[2026-04-22 15:20:41] INFO: ASN ASN-0001 Carton CNWH12858: Assigned=Assigned, Actual=Assigned, ReceivedQty=0
[2026-04-22 15:20:41] INFO: ASN ASN-0001 Carton CNWH12854: Assigned=Assigned, Actual=Assigned, ReceivedQty=0
[2026-04-22 15:20:41] INFO: ASN ASN-0001 Carton CNWH15390: Assigned=Assigned, Actual=Assigned, ReceivedQty=0
[2026-04-22 15:20:41] INFO: ASN ASN-0001 Carton CNWH42441: Assigned=Assigned, Actual=Assigned, ReceivedQty=0
[2026-04-22 15:20:41] INFO: ASN ASN-0001 Carton CNWH64571: Assigned=Assigned, Actual=Assigned, ReceivedQty=0
[2026-04-22 15:20:41] INFO: ASN ASN-0001 Carton CNWH64521: Assigned=Assigned, Actual=Assigned, ReceivedQty=0
[2026-04-22 15:20:41] INFO: ASN ASN-0001 Carton CNWH63561: Assigned=Assigned, Actual=Assigned, ReceivedQty=0
[2026-04-22 15:20:41] INFO: ASN ASN-0001 Carton CNWH63609: Assigned=Assigned, Actual=Assigned, ReceivedQty=0
[2026-04-22 15:20:41] INFO: ASN ASN-0002 Carton CNWH12858: Assigned=Assigned, Actual=Assigned, ReceivedQty=0
[2026-04-22 15:20:41] INFO: ASN ASN-0002 Carton CNWH12854: Assigned=Assigned, Actual=Assigned, ReceivedQty=0
[2026-04-22 15:20:41] INFO: ASN WMS-ASN-EXT-00004 Carton CNWH63179: Assigned=Received, Actual=Received, ReceivedQty=10
[2026-04-22 15:20:41] INFO: ASN WMS-ASN-EXT-00004 Carton CNWH63180: Assigned=Assigned, Actual=Assigned, ReceivedQty=0
[2026-04-22 15:20:41] INFO: ASN WMS-ASN-EXT-00004 Carton CNWH63196: Assigned=Assigned, Actual=Assigned, ReceivedQty=0
[2026-04-22 15:20:41] INFO: ASN WMS-ASN-EXT-00004 Carton CNWH63197: Assigned=Assigned, Actual=Assigned, ReceivedQty=0
[2026-04-22 15:20:41] INFO: ASN WMS-ASN-EXT-00004 Carton CNWH63198: Assigned=Assigned, Actual=Assigned, ReceivedQty=0
[2026-04-22 15:20:41] INFO: ASN WMS-ASN-EXT-00004 Carton CNWH63199: Assigned=Assigned, Actual=Assigned, ReceivedQty=0
[2026-04-22 15:20:41] INFO: ASN WMS-ASN-EXT-00004 Carton CNWH63200: Assigned=Assigned, Actual=Assigned, ReceivedQty=0
[2026-04-22 15:20:41] INFO: ASN WMS-ASN-EXT-00004 Carton CNWH63266: Assigned=Assigned, Actual=Assigned, ReceivedQty=0
[2026-04-22 15:20:41] INFO: ASN WMS-ASN-EXT-00004 Carton CNWH63268: Assigned=Assigned, Actual=Assigned, ReceivedQty=0
[2026-04-22 15:20:41] INFO: ASN WMS-ASN-EXT-00004 Carton CNWH63269: Assigned=Assigned, Actual=Assigned, ReceivedQty=0
[2026-04-22 15:20:41] INFO: ASN WMS-ASN-EXT-00004 Carton CNWH63270: Assigned=Assigned, Actual=Assigned, ReceivedQty=0
[2026-04-22 15:20:41] INFO: ASN WMS-ASN-EXT-00004 Carton CNWH63271: Assigned=Assigned, Actual=Assigned, ReceivedQty=0
[2026-04-22 15:20:41] INFO: ASN WMS-ASN-EXT-00004 Carton CNWH63272: Assigned=Assigned, Actual=Assigned, ReceivedQty=0
[2026-04-22 15:20:41] INFO: ASN WMS-ASN-EXT-00004 Carton CNWH63275: Assigned=Assigned, Actual=Assigned, ReceivedQty=0
[2026-04-22 15:20:41] INFO: ASN WMS-ASN-EXT-00004 Carton CNWH63277: Assigned=Assigned, Actual=Assigned, ReceivedQty=0
[2026-04-22 15:20:41] INFO: ASN WMS-ASN-EXT-00004 Carton CNWH63280: Assigned=Assigned, Actual=Assigned, ReceivedQty=0
[2026-04-22 15:20:41] INFO: ASN WMS-ASN-EXT-00004 Carton CNWH63282: Assigned=Assigned, Actual=Assigned, ReceivedQty=0
[2026-04-22 15:20:41] INFO: ASN WMS-ASN-EXT-00004 Carton CNWH63283: Assigned=Assigned, Actual=Assigned, ReceivedQty=0
[2026-04-22 15:20:41] INFO: ASN WMS-ASN-EXT-00004 Carton CNWH63284: Assigned=Assigned, Actual=Assigned, ReceivedQty=0
[2026-04-22 15:20:41] INFO: ASN WMS-ASN-EXT-00004 Carton CNWH63285: Assigned=Assigned, Actual=Assigned, ReceivedQty=0
[2026-04-22 15:20:41] INFO: ASN WMS-ASN-EXT-00004 Carton CNWH63286: Assigned=Assigned, Actual=Assigned, ReceivedQty=0
[2026-04-22 15:20:41] INFO: ASN WMS-ASN-EXT-00004 Carton CNWH63287: Assigned=Assigned, Actual=Assigned, ReceivedQty=0
[2026-04-22 15:20:41] INFO: ASN WMS-ASN-EXT-00004 Carton CNWH63288: Assigned=Assigned, Actual=Assigned, ReceivedQty=0
[2026-04-22 15:20:41] INFO: ASN WMS-ASN-EXT-00004 Carton CNWH63289: Assigned=Assigned, Actual=Assigned, ReceivedQty=0
[2026-04-22 15:20:41] INFO: ASN WMS-ASN-EXT-00004 Carton CNWH63441: Assigned=Assigned, Actual=Assigned, ReceivedQty=0
[2026-04-22 15:20:41] INFO: ASN WMS-ASN-EXT-00004 Carton CNWH63442: Assigned=Assigned, Actual=Assigned, ReceivedQty=0
[2026-04-22 15:20:41] INFO: ASN WMS-ASN-EXT-00004 Carton CNWH63444: Assigned=Assigned, Actual=Assigned, ReceivedQty=0
[2026-04-22 15:20:41] INFO: ASN WMS-ASN-EXT-00004 Carton CNWH63446: Assigned=Assigned, Actual=Assigned, ReceivedQty=0
[2026-04-22 15:20:41] INFO: ASN WMS-ASN-EXT-00004 Carton CNWH63448: Assigned=Assigned, Actual=Assigned, ReceivedQty=0
[2026-04-22 15:20:41] INFO: ASN WMS-ASN-EXT-00004 Carton CNWH65363: Assigned=Assigned, Actual=Assigned, ReceivedQty=0
[2026-04-22 15:20:41] INFO: ASN WMS-ASN-EXT-00004 Carton CNWH63179: Assigned=Received, Actual=Received, ReceivedQty=10
[2026-04-22 15:20:41] INFO: ASN WMS-ASN-EXT-00004 Carton CNWH63180: Assigned=Assigned, Actual=Assigned, ReceivedQty=0
[2026-04-22 15:20:41] INFO: ASN WMS-ASN-EXT-00004 Carton CNWH63196: Assigned=Assigned, Actual=Assigned, ReceivedQty=0
[2026-04-22 15:20:41] INFO: ASN WMS-ASN-EXT-00004 Carton CNWH63197: Assigned=Assigned, Actual=Assigned, ReceivedQty=0
[2026-04-22 15:20:41] INFO: ASN WMS-ASN-EXT-00004 Carton CNWH63198: Assigned=Assigned, Actual=Assigned, ReceivedQty=0
[2026-04-22 15:20:41] INFO: ASN WMS-ASN-EXT-00004 Carton CNWH63199: Assigned=Assigned, Actual=Assigned, ReceivedQty=0
[2026-04-22 15:20:41] INFO: ASN WMS-ASN-EXT-00004 Carton CNWH63200: Assigned=Assigned, Actual=Assigned, ReceivedQty=0
[2026-04-22 15:20:41] INFO: ASN WMS-ASN-EXT-00004 Carton CNWH63266: Assigned=Assigned, Actual=Assigned, ReceivedQty=0
[2026-04-22 15:20:41] INFO: ASN WMS-ASN-EXT-00004 Carton CNWH63268: Assigned=Assigned, Actual=Assigned, ReceivedQty=0
[2026-04-22 15:20:41] INFO: ASN WMS-ASN-EXT-00004 Carton CNWH63269: Assigned=Assigned, Actual=Assigned, ReceivedQty=0
[2026-04-22 15:20:41] INFO: ASN WMS-ASN-EXT-00004 Carton CNWH63270: Assigned=Assigned, Actual=Assigned, ReceivedQty=0
[2026-04-22 15:20:41] INFO: ASN WMS-ASN-EXT-00004 Carton CNWH63271: Assigned=Assigned, Actual=Assigned, ReceivedQty=0
[2026-04-22 15:20:41] INFO: ASN WMS-ASN-EXT-00004 Carton CNWH63272: Assigned=Assigned, Actual=Assigned, ReceivedQty=0
[2026-04-22 15:20:41] INFO: ASN WMS-ASN-EXT-00004 Carton CNWH63275: Assigned=Assigned, Actual=Assigned, ReceivedQty=0
[2026-04-22 15:20:41] INFO: ASN WMS-ASN-EXT-00004 Carton CNWH63277: Assigned=Assigned, Actual=Assigned, ReceivedQty=0
[2026-04-22 15:20:41] INFO: ASN WMS-ASN-EXT-00004 Carton CNWH63280: Assigned=Assigned, Actual=Assigned, ReceivedQty=0
[2026-04-22 15:20:41] INFO: ASN WMS-ASN-EXT-00004 Carton CNWH63282: Assigned=Assigned, Actual=Assigned, ReceivedQty=0
[2026-04-22 15:20:41] INFO: ASN WMS-ASN-EXT-00004 Carton CNWH63283: Assigned=Assigned, Actual=Assigned, ReceivedQty=0
[2026-04-22 15:20:41] INFO: ASN WMS-ASN-EXT-00004 Carton CNWH63284: Assigned=Assigned, Actual=Assigned, ReceivedQty=0
[2026-04-22 15:20:41] INFO: ASN WMS-ASN-EXT-00004 Carton CNWH63285: Assigned=Assigned, Actual=Assigned, ReceivedQty=0
[2026-04-22 15:20:41] INFO: ASN WMS-ASN-EXT-00004 Carton CNWH63286: Assigned=Assigned, Actual=Assigned, ReceivedQty=0
[2026-04-22 15:20:41] INFO: ASN WMS-ASN-EXT-00004 Carton CNWH63287: Assigned=Assigned, Actual=Assigned, ReceivedQty=0
[2026-04-22 15:20:41] INFO: ASN WMS-ASN-EXT-00004 Carton CNWH63288: Assigned=Assigned, Actual=Assigned, ReceivedQty=0
[2026-04-22 15:20:41] INFO: ASN WMS-ASN-EXT-00004 Carton CNWH63289: Assigned=Assigned, Actual=Assigned, ReceivedQty=0
[2026-04-22 15:20:41] INFO: ASN WMS-ASN-EXT-00004 Carton CNWH63441: Assigned=Assigned, Actual=Assigned, ReceivedQty=0
[2026-04-22 15:20:41] INFO: ASN WMS-ASN-EXT-00004 Carton CNWH63442: Assigned=Assigned, Actual=Assigned, ReceivedQty=0
[2026-04-22 15:20:41] INFO: ASN WMS-ASN-EXT-00004 Carton CNWH65363: Assigned=Assigned, Actual=Assigned, ReceivedQty=0
[2026-04-22 15:20:41] INFO: ASN WMS-ASN-EXT-00004 Carton CNWH63502: Assigned=Assigned, Actual=Assigned, ReceivedQty=0
[2026-04-22 15:20:41] INFO: ASN WMS-ASN-EXT-00004 Carton CNWH63502: Assigned=Assigned, Actual=Assigned, ReceivedQty=0
[2026-04-22 15:20:41] INFO: ASN WMS-ASN-EXT-00004 Carton CNWH64607: Assigned=Assigned, Actual=Assigned, ReceivedQty=0
[2026-04-22 15:20:41] INFO: ASN WMS-ASN-EXT-127211 Carton CNWH12858: Assigned=Assigned, Actual=Assigned, ReceivedQty=0
[2026-04-22 15:20:41] INFO: ASN WMS-ASN-EXT-127211 Carton CNWH12854: Assigned=Assigned, Actual=Assigned, ReceivedQty=0
[2026-04-22 15:20:43] INFO: ASN ASN-0001 Carton CNWH12858: Assigned=Assigned, Actual=Assigned, ReceivedQty=0
[2026-04-22 15:20:43] INFO: ASN ASN-0001 Carton CNWH12854: Assigned=Assigned, Actual=Assigned, ReceivedQty=0
[2026-04-22 15:20:43] INFO: ASN ASN-0001 Carton CNWH15390: Assigned=Assigned, Actual=Assigned, ReceivedQty=0
[2026-04-22 15:20:43] INFO: ASN ASN-0001 Carton CNWH42441: Assigned=Assigned, Actual=Assigned, ReceivedQty=0
[2026-04-22 15:20:43] INFO: ASN ASN-0001 Carton CNWH64571: Assigned=Assigned, Actual=Assigned, ReceivedQty=0
[2026-04-22 15:20:43] INFO: ASN ASN-0001 Carton CNWH64521: Assigned=Assigned, Actual=Assigned, ReceivedQty=0
[2026-04-22 15:20:43] INFO: ASN ASN-0001 Carton CNWH63561: Assigned=Assigned, Actual=Assigned, ReceivedQty=0
[2026-04-22 15:20:43] INFO: ASN ASN-0001 Carton CNWH63609: Assigned=Assigned, Actual=Assigned, ReceivedQty=0
[2026-04-22 15:20:43] INFO: ASN ASN-0002 Carton CNWH12858: Assigned=Assigned, Actual=Assigned, ReceivedQty=0
[2026-04-22 15:20:43] INFO: ASN ASN-0002 Carton CNWH12854: Assigned=Assigned, Actual=Assigned, ReceivedQty=0
[2026-04-22 15:20:43] INFO: ASN WMS-ASN-EXT-00004 Carton CNWH63179: Assigned=Received, Actual=Received, ReceivedQty=10
[2026-04-22 15:20:43] INFO: ASN WMS-ASN-EXT-00004 Carton CNWH63180: Assigned=Assigned, Actual=Assigned, ReceivedQty=0
[2026-04-22 15:20:43] INFO: ASN WMS-ASN-EXT-00004 Carton CNWH63196: Assigned=Assigned, Actual=Assigned, ReceivedQty=0
[2026-04-22 15:20:43] INFO: ASN WMS-ASN-EXT-00004 Carton CNWH63197: Assigned=Assigned, Actual=Assigned, ReceivedQty=0
[2026-04-22 15:20:43] INFO: ASN WMS-ASN-EXT-00004 Carton CNWH63198: Assigned=Assigned, Actual=Assigned, ReceivedQty=0
[2026-04-22 15:20:43] INFO: ASN WMS-ASN-EXT-00004 Carton CNWH63199: Assigned=Assigned, Actual=Assigned, ReceivedQty=0
[2026-04-22 15:20:43] INFO: ASN WMS-ASN-EXT-00004 Carton CNWH63200: Assigned=Assigned, Actual=Assigned, ReceivedQty=0
[2026-04-22 15:20:43] INFO: ASN WMS-ASN-EXT-00004 Carton CNWH63266: Assigned=Assigned, Actual=Assigned, ReceivedQty=0
[2026-04-22 15:20:43] INFO: ASN WMS-ASN-EXT-00004 Carton CNWH63268: Assigned=Assigned, Actual=Assigned, ReceivedQty=0
[2026-04-22 15:20:43] INFO: ASN WMS-ASN-EXT-00004 Carton CNWH63269: Assigned=Assigned, Actual=Assigned, ReceivedQty=0
[2026-04-22 15:20:43] INFO: ASN WMS-ASN-EXT-00004 Carton CNWH63270: Assigned=Assigned, Actual=Assigned, ReceivedQty=0
[2026-04-22 15:20:43] INFO: ASN WMS-ASN-EXT-00004 Carton CNWH63271: Assigned=Assigned, Actual=Assigned, ReceivedQty=0
[2026-04-22 15:20:43] INFO: ASN WMS-ASN-EXT-00004 Carton CNWH63272: Assigned=Assigned, Actual=Assigned, ReceivedQty=0
[2026-04-22 15:20:43] INFO: ASN WMS-ASN-EXT-00004 Carton CNWH63275: Assigned=Assigned, Actual=Assigned, ReceivedQty=0
[2026-04-22 15:20:43] INFO: ASN WMS-ASN-EXT-00004 Carton CNWH63277: Assigned=Assigned, Actual=Assigned, ReceivedQty=0
[2026-04-22 15:20:43] INFO: ASN WMS-ASN-EXT-00004 Carton CNWH63280: Assigned=Assigned, Actual=Assigned, ReceivedQty=0
[2026-04-22 15:20:43] INFO: ASN WMS-ASN-EXT-00004 Carton CNWH63282: Assigned=Assigned, Actual=Assigned, ReceivedQty=0
[2026-04-22 15:20:43] INFO: ASN WMS-ASN-EXT-00004 Carton CNWH63283: Assigned=Assigned, Actual=Assigned, ReceivedQty=0
[2026-04-22 15:20:43] INFO: ASN WMS-ASN-EXT-00004 Carton CNWH63284: Assigned=Assigned, Actual=Assigned, ReceivedQty=0
[2026-04-22 15:20:43] INFO: ASN WMS-ASN-EXT-00004 Carton CNWH63285: Assigned=Assigned, Actual=Assigned, ReceivedQty=0
[2026-04-22 15:20:43] INFO: ASN WMS-ASN-EXT-00004 Carton CNWH63286: Assigned=Assigned, Actual=Assigned, ReceivedQty=0
[2026-04-22 15:20:43] INFO: ASN WMS-ASN-EXT-00004 Carton CNWH63287: Assigned=Assigned, Actual=Assigned, ReceivedQty=0
[2026-04-22 15:20:43] INFO: ASN WMS-ASN-EXT-00004 Carton CNWH63288: Assigned=Assigned, Actual=Assigned, ReceivedQty=0
[2026-04-22 15:20:43] INFO: ASN WMS-ASN-EXT-00004 Carton CNWH63289: Assigned=Assigned, Actual=Assigned, ReceivedQty=0
[2026-04-22 15:20:43] INFO: ASN WMS-ASN-EXT-00004 Carton CNWH63441: Assigned=Assigned, Actual=Assigned, ReceivedQty=0
[2026-04-22 15:20:43] INFO: ASN WMS-ASN-EXT-00004 Carton CNWH63442: Assigned=Assigned, Actual=Assigned, ReceivedQty=0
[2026-04-22 15:20:43] INFO: ASN WMS-ASN-EXT-00004 Carton CNWH63444: Assigned=Assigned, Actual=Assigned, ReceivedQty=0
[2026-04-22 15:20:43] INFO: ASN WMS-ASN-EXT-00004 Carton CNWH63446: Assigned=Assigned, Actual=Assigned, ReceivedQty=0
[2026-04-22 15:20:43] INFO: ASN WMS-ASN-EXT-00004 Carton CNWH63448: Assigned=Assigned, Actual=Assigned, ReceivedQty=0
[2026-04-22 15:20:43] INFO: ASN WMS-ASN-EXT-00004 Carton CNWH65363: Assigned=Assigned, Actual=Assigned, ReceivedQty=0
[2026-04-22 15:20:43] INFO: ASN WMS-ASN-EXT-00004 Carton CNWH63179: Assigned=Received, Actual=Received, ReceivedQty=10
[2026-04-22 15:20:43] INFO: ASN WMS-ASN-EXT-00004 Carton CNWH63180: Assigned=Assigned, Actual=Assigned, ReceivedQty=0
[2026-04-22 15:20:43] INFO: ASN WMS-ASN-EXT-00004 Carton CNWH63196: Assigned=Assigned, Actual=Assigned, ReceivedQty=0
[2026-04-22 15:20:43] INFO: ASN WMS-ASN-EXT-00004 Carton CNWH63197: Assigned=Assigned, Actual=Assigned, ReceivedQty=0
[2026-04-22 15:20:43] INFO: ASN WMS-ASN-EXT-00004 Carton CNWH63198: Assigned=Assigned, Actual=Assigned, ReceivedQty=0
[2026-04-22 15:20:43] INFO: ASN WMS-ASN-EXT-00004 Carton CNWH63199: Assigned=Assigned, Actual=Assigned, ReceivedQty=0
[2026-04-22 15:20:43] INFO: ASN WMS-ASN-EXT-00004 Carton CNWH63200: Assigned=Assigned, Actual=Assigned, ReceivedQty=0
[2026-04-22 15:20:43] INFO: ASN WMS-ASN-EXT-00004 Carton CNWH63266: Assigned=Assigned, Actual=Assigned, ReceivedQty=0
[2026-04-22 15:20:43] INFO: ASN WMS-ASN-EXT-00004 Carton CNWH63268: Assigned=Assigned, Actual=Assigned, ReceivedQty=0
[2026-04-22 15:20:43] INFO: ASN WMS-ASN-EXT-00004 Carton CNWH63269: Assigned=Assigned, Actual=Assigned, ReceivedQty=0
[2026-04-22 15:20:43] INFO: ASN WMS-ASN-EXT-00004 Carton CNWH63270: Assigned=Assigned, Actual=Assigned, ReceivedQty=0
[2026-04-22 15:20:43] INFO: ASN WMS-ASN-EXT-00004 Carton CNWH63271: Assigned=Assigned, Actual=Assigned, ReceivedQty=0
[2026-04-22 15:20:43] INFO: ASN WMS-ASN-EXT-00004 Carton CNWH63272: Assigned=Assigned, Actual=Assigned, ReceivedQty=0
[2026-04-22 15:20:43] INFO: ASN WMS-ASN-EXT-00004 Carton CNWH63275: Assigned=Assigned, Actual=Assigned, ReceivedQty=0
[2026-04-22 15:20:43] INFO: ASN WMS-ASN-EXT-00004 Carton CNWH63277: Assigned=Assigned, Actual=Assigned, ReceivedQty=0
[2026-04-22 15:20:43] INFO: ASN WMS-ASN-EXT-00004 Carton CNWH63280: Assigned=Assigned, Actual=Assigned, ReceivedQty=0
[2026-04-22 15:20:43] INFO: ASN WMS-ASN-EXT-00004 Carton CNWH63282: Assigned=Assigned, Actual=Assigned, ReceivedQty=0
[2026-04-22 15:20:43] INFO: ASN WMS-ASN-EXT-00004 Carton CNWH63283: Assigned=Assigned, Actual=Assigned, ReceivedQty=0
[2026-04-22 15:20:43] INFO: ASN WMS-ASN-EXT-00004 Carton CNWH63284: Assigned=Assigned, Actual=Assigned, ReceivedQty=0
[2026-04-22 15:20:43] INFO: ASN WMS-ASN-EXT-00004 Carton CNWH63285: Assigned=Assigned, Actual=Assigned, ReceivedQty=0
[2026-04-22 15:20:43] INFO: ASN WMS-ASN-EXT-00004 Carton CNWH63286: Assigned=Assigned, Actual=Assigned, ReceivedQty=0
[2026-04-22 15:20:43] INFO: ASN WMS-ASN-EXT-00004 Carton CNWH63287: Assigned=Assigned, Actual=Assigned, ReceivedQty=0
[2026-04-22 15:20:43] INFO: ASN WMS-ASN-EXT-00004 Carton CNWH63288: Assigned=Assigned, Actual=Assigned, ReceivedQty=0
[2026-04-22 15:20:43] INFO: ASN WMS-ASN-EXT-00004 Carton CNWH63289: Assigned=Assigned, Actual=Assigned, ReceivedQty=0
[2026-04-22 15:20:43] INFO: ASN WMS-ASN-EXT-00004 Carton CNWH63441: Assigned=Assigned, Actual=Assigned, ReceivedQty=0
[2026-04-22 15:20:43] INFO: ASN WMS-ASN-EXT-00004 Carton CNWH63442: Assigned=Assigned, Actual=Assigned, ReceivedQty=0
[2026-04-22 15:20:43] INFO: ASN WMS-ASN-EXT-00004 Carton CNWH65363: Assigned=Assigned, Actual=Assigned, ReceivedQty=0
[2026-04-22 15:20:43] INFO: ASN WMS-ASN-EXT-00004 Carton CNWH63502: Assigned=Assigned, Actual=Assigned, ReceivedQty=0
[2026-04-22 15:20:43] INFO: ASN WMS-ASN-EXT-00004 Carton CNWH63502: Assigned=Assigned, Actual=Assigned, ReceivedQty=0
[2026-04-22 15:20:43] INFO: ASN WMS-ASN-EXT-00004 Carton CNWH64607: Assigned=Assigned, Actual=Assigned, ReceivedQty=0
[2026-04-22 15:20:43] INFO: ASN WMS-ASN-EXT-127211 Carton CNWH12858: Assigned=Assigned, Actual=Assigned, ReceivedQty=0
[2026-04-22 15:20:43] INFO: ASN WMS-ASN-EXT-127211 Carton CNWH12854: Assigned=Assigned, Actual=Assigned, ReceivedQty=0
[2026-04-22 15:20:43] INFO: ASN ASN-0001 Carton CNWH12858: Assigned=Assigned, Actual=Assigned, ReceivedQty=0
[2026-04-22 15:20:43] INFO: ASN ASN-0001 Carton CNWH12854: Assigned=Assigned, Actual=Assigned, ReceivedQty=0
[2026-04-22 15:20:43] INFO: ASN ASN-0001 Carton CNWH15390: Assigned=Assigned, Actual=Assigned, ReceivedQty=0
[2026-04-22 15:20:43] INFO: ASN ASN-0001 Carton CNWH42441: Assigned=Assigned, Actual=Assigned, ReceivedQty=0
[2026-04-22 15:20:43] INFO: ASN ASN-0001 Carton CNWH64571: Assigned=Assigned, Actual=Assigned, ReceivedQty=0
[2026-04-22 15:20:43] INFO: ASN ASN-0001 Carton CNWH64521: Assigned=Assigned, Actual=Assigned, ReceivedQty=0
[2026-04-22 15:20:43] INFO: ASN ASN-0001 Carton CNWH63561: Assigned=Assigned, Actual=Assigned, ReceivedQty=0
[2026-04-22 15:20:43] INFO: ASN ASN-0001 Carton CNWH63609: Assigned=Assigned, Actual=Assigned, ReceivedQty=0
[2026-04-22 15:20:43] INFO: ASN ASN-0002 Carton CNWH12858: Assigned=Assigned, Actual=Assigned, ReceivedQty=0
[2026-04-22 15:20:43] INFO: ASN ASN-0002 Carton CNWH12854: Assigned=Assigned, Actual=Assigned, ReceivedQty=0
[2026-04-22 15:20:43] INFO: ASN WMS-ASN-EXT-00004 Carton CNWH63179: Assigned=Received, Actual=Received, ReceivedQty=10
[2026-04-22 15:20:43] INFO: ASN WMS-ASN-EXT-00004 Carton CNWH63180: Assigned=Assigned, Actual=Assigned, ReceivedQty=0
[2026-04-22 15:20:43] INFO: ASN WMS-ASN-EXT-00004 Carton CNWH63196: Assigned=Assigned, Actual=Assigned, ReceivedQty=0
[2026-04-22 15:20:43] INFO: ASN WMS-ASN-EXT-00004 Carton CNWH63197: Assigned=Assigned, Actual=Assigned, ReceivedQty=0
[2026-04-22 15:20:43] INFO: ASN WMS-ASN-EXT-00004 Carton CNWH63198: Assigned=Assigned, Actual=Assigned, ReceivedQty=0
[2026-04-22 15:20:43] INFO: ASN WMS-ASN-EXT-00004 Carton CNWH63199: Assigned=Assigned, Actual=Assigned, ReceivedQty=0
[2026-04-22 15:20:43] INFO: ASN WMS-ASN-EXT-00004 Carton CNWH63200: Assigned=Assigned, Actual=Assigned, ReceivedQty=0
[2026-04-22 15:20:43] INFO: ASN WMS-ASN-EXT-00004 Carton CNWH63266: Assigned=Assigned, Actual=Assigned, ReceivedQty=0
[2026-04-22 15:20:43] INFO: ASN WMS-ASN-EXT-00004 Carton CNWH63268: Assigned=Assigned, Actual=Assigned, ReceivedQty=0
[2026-04-22 15:20:43] INFO: ASN WMS-ASN-EXT-00004 Carton CNWH63269: Assigned=Assigned, Actual=Assigned, ReceivedQty=0
[2026-04-22 15:20:43] INFO: ASN WMS-ASN-EXT-00004 Carton CNWH63270: Assigned=Assigned, Actual=Assigned, ReceivedQty=0
[2026-04-22 15:20:43] INFO: ASN WMS-ASN-EXT-00004 Carton CNWH63271: Assigned=Assigned, Actual=Assigned, ReceivedQty=0
[2026-04-22 15:20:43] INFO: ASN WMS-ASN-EXT-00004 Carton CNWH63272: Assigned=Assigned, Actual=Assigned, ReceivedQty=0
[2026-04-22 15:20:43] INFO: ASN WMS-ASN-EXT-00004 Carton CNWH63275: Assigned=Assigned, Actual=Assigned, ReceivedQty=0
[2026-04-22 15:20:43] INFO: ASN WMS-ASN-EXT-00004 Carton CNWH63277: Assigned=Assigned, Actual=Assigned, ReceivedQty=0
[2026-04-22 15:20:43] INFO: ASN WMS-ASN-EXT-00004 Carton CNWH63280: Assigned=Assigned, Actual=Assigned, ReceivedQty=0
[2026-04-22 15:20:43] INFO: ASN WMS-ASN-EXT-00004 Carton CNWH63282: Assigned=Assigned, Actual=Assigned, ReceivedQty=0
[2026-04-22 15:20:43] INFO: ASN WMS-ASN-EXT-00004 Carton CNWH63283: Assigned=Assigned, Actual=Assigned, ReceivedQty=0
[2026-04-22 15:20:43] INFO: ASN WMS-ASN-EXT-00004 Carton CNWH63284: Assigned=Assigned, Actual=Assigned, ReceivedQty=0
[2026-04-22 15:20:43] INFO: ASN WMS-ASN-EXT-00004 Carton CNWH63285: Assigned=Assigned, Actual=Assigned, ReceivedQty=0
[2026-04-22 15:20:43] INFO: ASN WMS-ASN-EXT-00004 Carton CNWH63286: Assigned=Assigned, Actual=Assigned, ReceivedQty=0
[2026-04-22 15:20:43] INFO: ASN WMS-ASN-EXT-00004 Carton CNWH63287: Assigned=Assigned, Actual=Assigned, ReceivedQty=0
[2026-04-22 15:20:43] INFO: ASN WMS-ASN-EXT-00004 Carton CNWH63288: Assigned=Assigned, Actual=Assigned, ReceivedQty=0
[2026-04-22 15:20:43] INFO: ASN WMS-ASN-EXT-00004 Carton CNWH63289: Assigned=Assigned, Actual=Assigned, ReceivedQty=0
[2026-04-22 15:20:43] INFO: ASN WMS-ASN-EXT-00004 Carton CNWH63441: Assigned=Assigned, Actual=Assigned, ReceivedQty=0
[2026-04-22 15:20:43] INFO: ASN WMS-ASN-EXT-00004 Carton CNWH63442: Assigned=Assigned, Actual=Assigned, ReceivedQty=0
[2026-04-22 15:20:43] INFO: ASN WMS-ASN-EXT-00004 Carton CNWH63444: Assigned=Assigned, Actual=Assigned, ReceivedQty=0
[2026-04-22 15:20:43] INFO: ASN WMS-ASN-EXT-00004 Carton CNWH63446: Assigned=Assigned, Actual=Assigned, ReceivedQty=0
[2026-04-22 15:20:43] INFO: ASN WMS-ASN-EXT-00004 Carton CNWH63448: Assigned=Assigned, Actual=Assigned, ReceivedQty=0
[2026-04-22 15:20:43] INFO: ASN WMS-ASN-EXT-00004 Carton CNWH65363: Assigned=Assigned, Actual=Assigned, ReceivedQty=0
[2026-04-22 15:20:43] INFO: ASN WMS-ASN-EXT-00004 Carton CNWH63179: Assigned=Received, Actual=Received, ReceivedQty=10
[2026-04-22 15:20:43] INFO: ASN WMS-ASN-EXT-00004 Carton CNWH63180: Assigned=Assigned, Actual=Assigned, ReceivedQty=0
[2026-04-22 15:20:43] INFO: ASN WMS-ASN-EXT-00004 Carton CNWH63196: Assigned=Assigned, Actual=Assigned, ReceivedQty=0
[2026-04-22 15:20:43] INFO: ASN WMS-ASN-EXT-00004 Carton CNWH63197: Assigned=Assigned, Actual=Assigned, ReceivedQty=0
[2026-04-22 15:20:43] INFO: ASN WMS-ASN-EXT-00004 Carton CNWH63198: Assigned=Assigned, Actual=Assigned, ReceivedQty=0
[2026-04-22 15:20:43] INFO: ASN WMS-ASN-EXT-00004 Carton CNWH63199: Assigned=Assigned, Actual=Assigned, ReceivedQty=0
[2026-04-22 15:20:43] INFO: ASN WMS-ASN-EXT-00004 Carton CNWH63200: Assigned=Assigned, Actual=Assigned, ReceivedQty=0
[2026-04-22 15:20:43] INFO: ASN WMS-ASN-EXT-00004 Carton CNWH63266: Assigned=Assigned, Actual=Assigned, ReceivedQty=0
[2026-04-22 15:20:43] INFO: ASN WMS-ASN-EXT-00004 Carton CNWH63268: Assigned=Assigned, Actual=Assigned, ReceivedQty=0
[2026-04-22 15:20:43] INFO: ASN WMS-ASN-EXT-00004 Carton CNWH63269: Assigned=Assigned, Actual=Assigned, ReceivedQty=0
[2026-04-22 15:20:43] INFO: ASN WMS-ASN-EXT-00004 Carton CNWH63270: Assigned=Assigned, Actual=Assigned, ReceivedQty=0
[2026-04-22 15:20:43] INFO: ASN WMS-ASN-EXT-00004 Carton CNWH63271: Assigned=Assigned, Actual=Assigned, ReceivedQty=0
[2026-04-22 15:20:43] INFO: ASN WMS-ASN-EXT-00004 Carton CNWH63272: Assigned=Assigned, Actual=Assigned, ReceivedQty=0
[2026-04-22 15:20:43] INFO: ASN WMS-ASN-EXT-00004 Carton CNWH63275: Assigned=Assigned, Actual=Assigned, ReceivedQty=0
[2026-04-22 15:20:43] INFO: ASN WMS-ASN-EXT-00004 Carton CNWH63277: Assigned=Assigned, Actual=Assigned, ReceivedQty=0
[2026-04-22 15:20:43] INFO: ASN WMS-ASN-EXT-00004 Carton CNWH63280: Assigned=Assigned, Actual=Assigned, ReceivedQty=0
[2026-04-22 15:20:43] INFO: ASN WMS-ASN-EXT-00004 Carton CNWH63282: Assigned=Assigned, Actual=Assigned, ReceivedQty=0
[2026-04-22 15:20:43] INFO: ASN WMS-ASN-EXT-00004 Carton CNWH63283: Assigned=Assigned, Actual=Assigned, ReceivedQty=0
[2026-04-22 15:20:43] INFO: ASN WMS-ASN-EXT-00004 Carton CNWH63284: Assigned=Assigned, Actual=Assigned, ReceivedQty=0
[2026-04-22 15:20:43] INFO: ASN WMS-ASN-EXT-00004 Carton CNWH63285: Assigned=Assigned, Actual=Assigned, ReceivedQty=0
[2026-04-22 15:20:43] INFO: ASN WMS-ASN-EXT-00004 Carton CNWH63286: Assigned=Assigned, Actual=Assigned, ReceivedQty=0
[2026-04-22 15:20:43] INFO: ASN WMS-ASN-EXT-00004 Carton CNWH63287: Assigned=Assigned, Actual=Assigned, ReceivedQty=0
[2026-04-22 15:20:43] INFO: ASN WMS-ASN-EXT-00004 Carton CNWH63288: Assigned=Assigned, Actual=Assigned, ReceivedQty=0
[2026-04-22 15:20:43] INFO: ASN WMS-ASN-EXT-00004 Carton CNWH63289: Assigned=Assigned, Actual=Assigned, ReceivedQty=0
[2026-04-22 15:20:43] INFO: ASN WMS-ASN-EXT-00004 Carton CNWH63441: Assigned=Assigned, Actual=Assigned, ReceivedQty=0
[2026-04-22 15:20:43] INFO: ASN WMS-ASN-EXT-00004 Carton CNWH63442: Assigned=Assigned, Actual=Assigned, ReceivedQty=0
[2026-04-22 15:20:43] INFO: ASN WMS-ASN-EXT-00004 Carton CNWH65363: Assigned=Assigned, Actual=Assigned, ReceivedQty=0
[2026-04-22 15:20:43] INFO: ASN WMS-ASN-EXT-00004 Carton CNWH63502: Assigned=Assigned, Actual=Assigned, ReceivedQty=0
[2026-04-22 15:20:43] INFO: ASN WMS-ASN-EXT-00004 Carton CNWH63502: Assigned=Assigned, Actual=Assigned, ReceivedQty=0
[2026-04-22 15:20:43] INFO: ASN WMS-ASN-EXT-00004 Carton CNWH64607: Assigned=Assigned, Actual=Assigned, ReceivedQty=0
[2026-04-22 15:20:43] INFO: ASN WMS-ASN-EXT-127211 Carton CNWH12858: Assigned=Assigned, Actual=Assigned, ReceivedQty=0
[2026-04-22 15:20:43] INFO: ASN WMS-ASN-EXT-127211 Carton CNWH12854: Assigned=Assigned, Actual=Assigned, ReceivedQty=0
[2026-04-22 15:21:00] INFO: ASN ASN-0001 Carton CNWH12858: Assigned=Assigned, Actual=Assigned, ReceivedQty=0
[2026-04-22 15:21:00] INFO: ASN ASN-0001 Carton CNWH12854: Assigned=Assigned, Actual=Assigned, ReceivedQty=0
[2026-04-22 15:21:00] INFO: ASN ASN-0001 Carton CNWH15390: Assigned=Assigned, Actual=Assigned, ReceivedQty=0
[2026-04-22 15:21:00] INFO: ASN ASN-0001 Carton CNWH42441: Assigned=Assigned, Actual=Assigned, ReceivedQty=0
[2026-04-22 15:21:00] INFO: ASN ASN-0001 Carton CNWH64571: Assigned=Assigned, Actual=Assigned, ReceivedQty=0
[2026-04-22 15:21:00] INFO: ASN ASN-0001 Carton CNWH64521: Assigned=Assigned, Actual=Assigned, ReceivedQty=0
[2026-04-22 15:21:00] INFO: ASN ASN-0001 Carton CNWH63561: Assigned=Assigned, Actual=Assigned, ReceivedQty=0
[2026-04-22 15:21:00] INFO: ASN ASN-0001 Carton CNWH63609: Assigned=Assigned, Actual=Assigned, ReceivedQty=0
[2026-04-22 15:21:00] INFO: ASN ASN-0002 Carton CNWH12858: Assigned=Assigned, Actual=Assigned, ReceivedQty=0
[2026-04-22 15:21:00] INFO: ASN ASN-0002 Carton CNWH12854: Assigned=Assigned, Actual=Assigned, ReceivedQty=0
[2026-04-22 15:21:00] INFO: ASN WMS-ASN-EXT-00004 Carton CNWH63179: Assigned=Received, Actual=Received, ReceivedQty=10
[2026-04-22 15:21:00] INFO: ASN WMS-ASN-EXT-00004 Carton CNWH63180: Assigned=Assigned, Actual=Assigned, ReceivedQty=0
[2026-04-22 15:21:00] INFO: ASN WMS-ASN-EXT-00004 Carton CNWH63196: Assigned=Assigned, Actual=Assigned, ReceivedQty=0
[2026-04-22 15:21:00] INFO: ASN WMS-ASN-EXT-00004 Carton CNWH63197: Assigned=Assigned, Actual=Assigned, ReceivedQty=0
[2026-04-22 15:21:00] INFO: ASN WMS-ASN-EXT-00004 Carton CNWH63198: Assigned=Assigned, Actual=Assigned, ReceivedQty=0
[2026-04-22 15:21:00] INFO: ASN WMS-ASN-EXT-00004 Carton CNWH63199: Assigned=Assigned, Actual=Assigned, ReceivedQty=0
[2026-04-22 15:21:00] INFO: ASN WMS-ASN-EXT-00004 Carton CNWH63200: Assigned=Assigned, Actual=Assigned, ReceivedQty=0
[2026-04-22 15:21:00] INFO: ASN WMS-ASN-EXT-00004 Carton CNWH63266: Assigned=Assigned, Actual=Assigned, ReceivedQty=0
[2026-04-22 15:21:00] INFO: ASN WMS-ASN-EXT-00004 Carton CNWH63268: Assigned=Assigned, Actual=Assigned, ReceivedQty=0
[2026-04-22 15:21:00] INFO: ASN WMS-ASN-EXT-00004 Carton CNWH63269: Assigned=Assigned, Actual=Assigned, ReceivedQty=0
[2026-04-22 15:21:00] INFO: ASN WMS-ASN-EXT-00004 Carton CNWH63270: Assigned=Assigned, Actual=Assigned, ReceivedQty=0
[2026-04-22 15:21:00] INFO: ASN WMS-ASN-EXT-00004 Carton CNWH63271: Assigned=Assigned, Actual=Assigned, ReceivedQty=0
[2026-04-22 15:21:00] INFO: ASN WMS-ASN-EXT-00004 Carton CNWH63272: Assigned=Assigned, Actual=Assigned, ReceivedQty=0
[2026-04-22 15:21:00] INFO: ASN WMS-ASN-EXT-00004 Carton CNWH63275: Assigned=Assigned, Actual=Assigned, ReceivedQty=0
[2026-04-22 15:21:00] INFO: ASN WMS-ASN-EXT-00004 Carton CNWH63277: Assigned=Assigned, Actual=Assigned, ReceivedQty=0
[2026-04-22 15:21:00] INFO: ASN WMS-ASN-EXT-00004 Carton CNWH63280: Assigned=Assigned, Actual=Assigned, ReceivedQty=0
[2026-04-22 15:21:00] INFO: ASN WMS-ASN-EXT-00004 Carton CNWH63282: Assigned=Assigned, Actual=Assigned, ReceivedQty=0
[2026-04-22 15:21:00] INFO: ASN WMS-ASN-EXT-00004 Carton CNWH63283: Assigned=Assigned, Actual=Assigned, ReceivedQty=0
[2026-04-22 15:21:00] INFO: ASN WMS-ASN-EXT-00004 Carton CNWH63284: Assigned=Assigned, Actual=Assigned, ReceivedQty=0
[2026-04-22 15:21:00] INFO: ASN WMS-ASN-EXT-00004 Carton CNWH63285: Assigned=Assigned, Actual=Assigned, ReceivedQty=0
[2026-04-22 15:21:00] INFO: ASN WMS-ASN-EXT-00004 Carton CNWH63286: Assigned=Assigned, Actual=Assigned, ReceivedQty=0
[2026-04-22 15:21:00] INFO: ASN WMS-ASN-EXT-00004 Carton CNWH63287: Assigned=Assigned, Actual=Assigned, ReceivedQty=0
[2026-04-22 15:21:00] INFO: ASN WMS-ASN-EXT-00004 Carton CNWH63288: Assigned=Assigned, Actual=Assigned, ReceivedQty=0
[2026-04-22 15:21:00] INFO: ASN WMS-ASN-EXT-00004 Carton CNWH63289: Assigned=Assigned, Actual=Assigned, ReceivedQty=0
[2026-04-22 15:21:00] INFO: ASN WMS-ASN-EXT-00004 Carton CNWH63441: Assigned=Assigned, Actual=Assigned, ReceivedQty=0
[2026-04-22 15:21:00] INFO: ASN WMS-ASN-EXT-00004 Carton CNWH63442: Assigned=Assigned, Actual=Assigned, ReceivedQty=0
[2026-04-22 15:21:00] INFO: ASN WMS-ASN-EXT-00004 Carton CNWH63444: Assigned=Assigned, Actual=Assigned, ReceivedQty=0
[2026-04-22 15:21:00] INFO: ASN WMS-ASN-EXT-00004 Carton CNWH63446: Assigned=Assigned, Actual=Assigned, ReceivedQty=0
[2026-04-22 15:21:00] INFO: ASN WMS-ASN-EXT-00004 Carton CNWH63448: Assigned=Assigned, Actual=Assigned, ReceivedQty=0
[2026-04-22 15:21:00] INFO: ASN WMS-ASN-EXT-00004 Carton CNWH65363: Assigned=Assigned, Actual=Assigned, ReceivedQty=0
[2026-04-22 15:21:00] INFO: ASN WMS-ASN-EXT-00004 Carton CNWH63179: Assigned=Received, Actual=Received, ReceivedQty=10
[2026-04-22 15:21:00] INFO: ASN WMS-ASN-EXT-00004 Carton CNWH63180: Assigned=Assigned, Actual=Assigned, ReceivedQty=0
[2026-04-22 15:21:00] INFO: ASN WMS-ASN-EXT-00004 Carton CNWH63196: Assigned=Assigned, Actual=Assigned, ReceivedQty=0
[2026-04-22 15:21:00] INFO: ASN WMS-ASN-EXT-00004 Carton CNWH63197: Assigned=Assigned, Actual=Assigned, ReceivedQty=0
[2026-04-22 15:21:00] INFO: ASN WMS-ASN-EXT-00004 Carton CNWH63198: Assigned=Assigned, Actual=Assigned, ReceivedQty=0
[2026-04-22 15:21:00] INFO: ASN WMS-ASN-EXT-00004 Carton CNWH63199: Assigned=Assigned, Actual=Assigned, ReceivedQty=0
[2026-04-22 15:21:00] INFO: ASN WMS-ASN-EXT-00004 Carton CNWH63200: Assigned=Assigned, Actual=Assigned, ReceivedQty=0
[2026-04-22 15:21:00] INFO: ASN WMS-ASN-EXT-00004 Carton CNWH63266: Assigned=Assigned, Actual=Assigned, ReceivedQty=0
[2026-04-22 15:21:00] INFO: ASN WMS-ASN-EXT-00004 Carton CNWH63268: Assigned=Assigned, Actual=Assigned, ReceivedQty=0
[2026-04-22 15:21:00] INFO: ASN WMS-ASN-EXT-00004 Carton CNWH63269: Assigned=Assigned, Actual=Assigned, ReceivedQty=0
[2026-04-22 15:21:00] INFO: ASN WMS-ASN-EXT-00004 Carton CNWH63270: Assigned=Assigned, Actual=Assigned, ReceivedQty=0
[2026-04-22 15:21:00] INFO: ASN WMS-ASN-EXT-00004 Carton CNWH63271: Assigned=Assigned, Actual=Assigned, ReceivedQty=0
[2026-04-22 15:21:00] INFO: ASN WMS-ASN-EXT-00004 Carton CNWH63272: Assigned=Assigned, Actual=Assigned, ReceivedQty=0
[2026-04-22 15:21:00] INFO: ASN WMS-ASN-EXT-00004 Carton CNWH63275: Assigned=Assigned, Actual=Assigned, ReceivedQty=0
[2026-04-22 15:21:00] INFO: ASN WMS-ASN-EXT-00004 Carton CNWH63277: Assigned=Assigned, Actual=Assigned, ReceivedQty=0
[2026-04-22 15:21:00] INFO: ASN WMS-ASN-EXT-00004 Carton CNWH63280: Assigned=Assigned, Actual=Assigned, ReceivedQty=0
[2026-04-22 15:21:00] INFO: ASN WMS-ASN-EXT-00004 Carton CNWH63282: Assigned=Assigned, Actual=Assigned, ReceivedQty=0
[2026-04-22 15:21:00] INFO: ASN WMS-ASN-EXT-00004 Carton CNWH63283: Assigned=Assigned, Actual=Assigned, ReceivedQty=0
[2026-04-22 15:21:00] INFO: ASN WMS-ASN-EXT-00004 Carton CNWH63284: Assigned=Assigned, Actual=Assigned, ReceivedQty=0
[2026-04-22 15:21:00] INFO: ASN WMS-ASN-EXT-00004 Carton CNWH63285: Assigned=Assigned, Actual=Assigned, ReceivedQty=0
[2026-04-22 15:21:00] INFO: ASN WMS-ASN-EXT-00004 Carton CNWH63286: Assigned=Assigned, Actual=Assigned, ReceivedQty=0
[2026-04-22 15:21:00] INFO: ASN WMS-ASN-EXT-00004 Carton CNWH63287: Assigned=Assigned, Actual=Assigned, ReceivedQty=0
[2026-04-22 15:21:00] INFO: ASN WMS-ASN-EXT-00004 Carton CNWH63288: Assigned=Assigned, Actual=Assigned, ReceivedQty=0
[2026-04-22 15:21:00] INFO: ASN WMS-ASN-EXT-00004 Carton CNWH63289: Assigned=Assigned, Actual=Assigned, ReceivedQty=0
[2026-04-22 15:21:00] INFO: ASN WMS-ASN-EXT-00004 Carton CNWH63441: Assigned=Assigned, Actual=Assigned, ReceivedQty=0
[2026-04-22 15:21:00] INFO: ASN WMS-ASN-EXT-00004 Carton CNWH63442: Assigned=Assigned, Actual=Assigned, ReceivedQty=0
[2026-04-22 15:21:00] INFO: ASN WMS-ASN-EXT-00004 Carton CNWH65363: Assigned=Assigned, Actual=Assigned, ReceivedQty=0
[2026-04-22 15:21:00] INFO: ASN WMS-ASN-EXT-00004 Carton CNWH63502: Assigned=Assigned, Actual=Assigned, ReceivedQty=0
[2026-04-22 15:21:00] INFO: ASN WMS-ASN-EXT-00004 Carton CNWH63502: Assigned=Assigned, Actual=Assigned, ReceivedQty=0
[2026-04-22 15:21:00] INFO: ASN WMS-ASN-EXT-00004 Carton CNWH64607: Assigned=Assigned, Actual=Assigned, ReceivedQty=0
[2026-04-22 15:21:00] INFO: ASN WMS-ASN-EXT-127211 Carton CNWH12858: Assigned=Assigned, Actual=Assigned, ReceivedQty=0
[2026-04-22 15:21:00] INFO: ASN WMS-ASN-EXT-127211 Carton CNWH12854: Assigned=Assigned, Actual=Assigned, ReceivedQty=0
[2026-04-22 15:21:00] INFO: ASN ASN-0001 Carton CNWH12858: Assigned=Assigned, Actual=Assigned, ReceivedQty=0
[2026-04-22 15:21:00] INFO: ASN ASN-0001 Carton CNWH12854: Assigned=Assigned, Actual=Assigned, ReceivedQty=0
[2026-04-22 15:21:00] INFO: ASN ASN-0001 Carton CNWH15390: Assigned=Assigned, Actual=Assigned, ReceivedQty=0
[2026-04-22 15:21:00] INFO: ASN ASN-0001 Carton CNWH42441: Assigned=Assigned, Actual=Assigned, ReceivedQty=0
[2026-04-22 15:21:00] INFO: ASN ASN-0001 Carton CNWH64571: Assigned=Assigned, Actual=Assigned, ReceivedQty=0
[2026-04-22 15:21:00] INFO: ASN ASN-0001 Carton CNWH64521: Assigned=Assigned, Actual=Assigned, ReceivedQty=0
[2026-04-22 15:21:00] INFO: ASN ASN-0001 Carton CNWH63561: Assigned=Assigned, Actual=Assigned, ReceivedQty=0
[2026-04-22 15:21:00] INFO: ASN ASN-0001 Carton CNWH63609: Assigned=Assigned, Actual=Assigned, ReceivedQty=0
[2026-04-22 15:21:00] INFO: ASN ASN-0002 Carton CNWH12858: Assigned=Assigned, Actual=Assigned, ReceivedQty=0
[2026-04-22 15:21:00] INFO: ASN ASN-0002 Carton CNWH12854: Assigned=Assigned, Actual=Assigned, ReceivedQty=0
[2026-04-22 15:21:00] INFO: ASN WMS-ASN-EXT-00004 Carton CNWH63179: Assigned=Received, Actual=Received, ReceivedQty=10
[2026-04-22 15:21:00] INFO: ASN WMS-ASN-EXT-00004 Carton CNWH63180: Assigned=Assigned, Actual=Assigned, ReceivedQty=0
[2026-04-22 15:21:00] INFO: ASN WMS-ASN-EXT-00004 Carton CNWH63196: Assigned=Assigned, Actual=Assigned, ReceivedQty=0
[2026-04-22 15:21:00] INFO: ASN WMS-ASN-EXT-00004 Carton CNWH63197: Assigned=Assigned, Actual=Assigned, ReceivedQty=0
[2026-04-22 15:21:00] INFO: ASN WMS-ASN-EXT-00004 Carton CNWH63198: Assigned=Assigned, Actual=Assigned, ReceivedQty=0
[2026-04-22 15:21:00] INFO: ASN WMS-ASN-EXT-00004 Carton CNWH63199: Assigned=Assigned, Actual=Assigned, ReceivedQty=0
[2026-04-22 15:21:00] INFO: ASN WMS-ASN-EXT-00004 Carton CNWH63200: Assigned=Assigned, Actual=Assigned, ReceivedQty=0
[2026-04-22 15:21:00] INFO: ASN WMS-ASN-EXT-00004 Carton CNWH63266: Assigned=Assigned, Actual=Assigned, ReceivedQty=0
[2026-04-22 15:21:00] INFO: ASN WMS-ASN-EXT-00004 Carton CNWH63268: Assigned=Assigned, Actual=Assigned, ReceivedQty=0
[2026-04-22 15:21:00] INFO: ASN WMS-ASN-EXT-00004 Carton CNWH63269: Assigned=Assigned, Actual=Assigned, ReceivedQty=0
[2026-04-22 15:21:00] INFO: ASN WMS-ASN-EXT-00004 Carton CNWH63270: Assigned=Assigned, Actual=Assigned, ReceivedQty=0
[2026-04-22 15:21:00] INFO: ASN WMS-ASN-EXT-00004 Carton CNWH63271: Assigned=Assigned, Actual=Assigned, ReceivedQty=0
[2026-04-22 15:21:00] INFO: ASN WMS-ASN-EXT-00004 Carton CNWH63272: Assigned=Assigned, Actual=Assigned, ReceivedQty=0
[2026-04-22 15:21:00] INFO: ASN WMS-ASN-EXT-00004 Carton CNWH63275: Assigned=Assigned, Actual=Assigned, ReceivedQty=0
[2026-04-22 15:21:00] INFO: ASN WMS-ASN-EXT-00004 Carton CNWH63277: Assigned=Assigned, Actual=Assigned, ReceivedQty=0
[2026-04-22 15:21:00] INFO: ASN WMS-ASN-EXT-00004 Carton CNWH63280: Assigned=Assigned, Actual=Assigned, ReceivedQty=0
[2026-04-22 15:21:00] INFO: ASN WMS-ASN-EXT-00004 Carton CNWH63282: Assigned=Assigned, Actual=Assigned, ReceivedQty=0
[2026-04-22 15:21:00] INFO: ASN WMS-ASN-EXT-00004 Carton CNWH63283: Assigned=Assigned, Actual=Assigned, ReceivedQty=0
[2026-04-22 15:21:00] INFO: ASN WMS-ASN-EXT-00004 Carton CNWH63284: Assigned=Assigned, Actual=Assigned, ReceivedQty=0
[2026-04-22 15:21:00] INFO: ASN WMS-ASN-EXT-00004 Carton CNWH63285: Assigned=Assigned, Actual=Assigned, ReceivedQty=0
[2026-04-22 15:21:00] INFO: ASN WMS-ASN-EXT-00004 Carton CNWH63286: Assigned=Assigned, Actual=Assigned, ReceivedQty=0
[2026-04-22 15:21:00] INFO: ASN WMS-ASN-EXT-00004 Carton CNWH63287: Assigned=Assigned, Actual=Assigned, ReceivedQty=0
[2026-04-22 15:21:00] INFO: ASN WMS-ASN-EXT-00004 Carton CNWH63288: Assigned=Assigned, Actual=Assigned, ReceivedQty=0
[2026-04-22 15:21:00] INFO: ASN WMS-ASN-EXT-00004 Carton CNWH63289: Assigned=Assigned, Actual=Assigned, ReceivedQty=0
[2026-04-22 15:21:00] INFO: ASN WMS-ASN-EXT-00004 Carton CNWH63441: Assigned=Assigned, Actual=Assigned, ReceivedQty=0
[2026-04-22 15:21:00] INFO: ASN WMS-ASN-EXT-00004 Carton CNWH63442: Assigned=Assigned, Actual=Assigned, ReceivedQty=0
[2026-04-22 15:21:00] INFO: ASN WMS-ASN-EXT-00004 Carton CNWH63444: Assigned=Assigned, Actual=Assigned, ReceivedQty=0
[2026-04-22 15:21:00] INFO: ASN WMS-ASN-EXT-00004 Carton CNWH63446: Assigned=Assigned, Actual=Assigned, ReceivedQty=0
[2026-04-22 15:21:00] INFO: ASN WMS-ASN-EXT-00004 Carton CNWH63448: Assigned=Assigned, Actual=Assigned, ReceivedQty=0
[2026-04-22 15:21:00] INFO: ASN WMS-ASN-EXT-00004 Carton CNWH65363: Assigned=Assigned, Actual=Assigned, ReceivedQty=0
[2026-04-22 15:21:00] INFO: ASN WMS-ASN-EXT-00004 Carton CNWH63179: Assigned=Received, Actual=Received, ReceivedQty=10
[2026-04-22 15:21:00] INFO: ASN WMS-ASN-EXT-00004 Carton CNWH63180: Assigned=Assigned, Actual=Assigned, ReceivedQty=0
[2026-04-22 15:21:00] INFO: ASN WMS-ASN-EXT-00004 Carton CNWH63196: Assigned=Assigned, Actual=Assigned, ReceivedQty=0
[2026-04-22 15:21:00] INFO: ASN WMS-ASN-EXT-00004 Carton CNWH63197: Assigned=Assigned, Actual=Assigned, ReceivedQty=0
[2026-04-22 15:21:00] INFO: ASN WMS-ASN-EXT-00004 Carton CNWH63198: Assigned=Assigned, Actual=Assigned, ReceivedQty=0
[2026-04-22 15:21:00] INFO: ASN WMS-ASN-EXT-00004 Carton CNWH63199: Assigned=Assigned, Actual=Assigned, ReceivedQty=0
[2026-04-22 15:21:00] INFO: ASN WMS-ASN-EXT-00004 Carton CNWH63200: Assigned=Assigned, Actual=Assigned, ReceivedQty=0
[2026-04-22 15:21:00] INFO: ASN WMS-ASN-EXT-00004 Carton CNWH63266: Assigned=Assigned, Actual=Assigned, ReceivedQty=0
[2026-04-22 15:21:00] INFO: ASN WMS-ASN-EXT-00004 Carton CNWH63268: Assigned=Assigned, Actual=Assigned, ReceivedQty=0
[2026-04-22 15:21:00] INFO: ASN WMS-ASN-EXT-00004 Carton CNWH63269: Assigned=Assigned, Actual=Assigned, ReceivedQty=0
[2026-04-22 15:21:00] INFO: ASN WMS-ASN-EXT-00004 Carton CNWH63270: Assigned=Assigned, Actual=Assigned, ReceivedQty=0
[2026-04-22 15:21:00] INFO: ASN WMS-ASN-EXT-00004 Carton CNWH63271: Assigned=Assigned, Actual=Assigned, ReceivedQty=0
[2026-04-22 15:21:00] INFO: ASN WMS-ASN-EXT-00004 Carton CNWH63272: Assigned=Assigned, Actual=Assigned, ReceivedQty=0
[2026-04-22 15:21:00] INFO: ASN WMS-ASN-EXT-00004 Carton CNWH63275: Assigned=Assigned, Actual=Assigned, ReceivedQty=0
[2026-04-22 15:21:00] INFO: ASN WMS-ASN-EXT-00004 Carton CNWH63277: Assigned=Assigned, Actual=Assigned, ReceivedQty=0
[2026-04-22 15:21:00] INFO: ASN WMS-ASN-EXT-00004 Carton CNWH63280: Assigned=Assigned, Actual=Assigned, ReceivedQty=0
[2026-04-22 15:21:00] INFO: ASN WMS-ASN-EXT-00004 Carton CNWH63282: Assigned=Assigned, Actual=Assigned, ReceivedQty=0
[2026-04-22 15:21:00] INFO: ASN WMS-ASN-EXT-00004 Carton CNWH63283: Assigned=Assigned, Actual=Assigned, ReceivedQty=0
[2026-04-22 15:21:00] INFO: ASN WMS-ASN-EXT-00004 Carton CNWH63284: Assigned=Assigned, Actual=Assigned, ReceivedQty=0
[2026-04-22 15:21:00] INFO: ASN WMS-ASN-EXT-00004 Carton CNWH63285: Assigned=Assigned, Actual=Assigned, ReceivedQty=0
[2026-04-22 15:21:00] INFO: ASN WMS-ASN-EXT-00004 Carton CNWH63286: Assigned=Assigned, Actual=Assigned, ReceivedQty=0
[2026-04-22 15:21:00] INFO: ASN WMS-ASN-EXT-00004 Carton CNWH63287: Assigned=Assigned, Actual=Assigned, ReceivedQty=0
[2026-04-22 15:21:00] INFO: ASN WMS-ASN-EXT-00004 Carton CNWH63288: Assigned=Assigned, Actual=Assigned, ReceivedQty=0
[2026-04-22 15:21:00] INFO: ASN WMS-ASN-EXT-00004 Carton CNWH63289: Assigned=Assigned, Actual=Assigned, ReceivedQty=0
[2026-04-22 15:21:00] INFO: ASN WMS-ASN-EXT-00004 Carton CNWH63441: Assigned=Assigned, Actual=Assigned, ReceivedQty=0
[2026-04-22 15:21:00] INFO: ASN WMS-ASN-EXT-00004 Carton CNWH63442: Assigned=Assigned, Actual=Assigned, ReceivedQty=0
[2026-04-22 15:21:00] INFO: ASN WMS-ASN-EXT-00004 Carton CNWH65363: Assigned=Assigned, Actual=Assigned, ReceivedQty=0
[2026-04-22 15:21:00] INFO: ASN WMS-ASN-EXT-00004 Carton CNWH63502: Assigned=Assigned, Actual=Assigned, ReceivedQty=0
[2026-04-22 15:21:00] INFO: ASN WMS-ASN-EXT-00004 Carton CNWH63502: Assigned=Assigned, Actual=Assigned, ReceivedQty=0
[2026-04-22 15:21:00] INFO: ASN WMS-ASN-EXT-00004 Carton CNWH64607: Assigned=Assigned, Actual=Assigned, ReceivedQty=0
[2026-04-22 15:21:00] INFO: ASN WMS-ASN-EXT-127211 Carton CNWH12858: Assigned=Assigned, Actual=Assigned, ReceivedQty=0
[2026-04-22 15:21:00] INFO: ASN WMS-ASN-EXT-127211 Carton CNWH12854: Assigned=Assigned, Actual=Assigned, ReceivedQty=0
[2026-04-22 15:37:23] INFO: ASN ASN-0001 Carton CNWH12858: Assigned=Assigned, Actual=Assigned, ReceivedQty=0
[2026-04-22 15:37:23] INFO: ASN ASN-0001 Carton CNWH12854: Assigned=Assigned, Actual=Assigned, ReceivedQty=0
[2026-04-22 15:37:23] INFO: ASN ASN-0001 Carton CNWH15390: Assigned=Assigned, Actual=Assigned, ReceivedQty=0
[2026-04-22 15:37:23] INFO: ASN ASN-0001 Carton CNWH42441: Assigned=Assigned, Actual=Assigned, ReceivedQty=0
[2026-04-22 15:37:23] INFO: ASN ASN-0001 Carton CNWH64571: Assigned=Assigned, Actual=Assigned, ReceivedQty=0
[2026-04-22 15:37:23] INFO: ASN ASN-0001 Carton CNWH64521: Assigned=Assigned, Actual=Assigned, ReceivedQty=0
[2026-04-22 15:37:23] INFO: ASN ASN-0001 Carton CNWH63561: Assigned=Assigned, Actual=Assigned, ReceivedQty=0
[2026-04-22 15:37:23] INFO: ASN ASN-0001 Carton CNWH63609: Assigned=Assigned, Actual=Assigned, ReceivedQty=0
[2026-04-22 15:37:23] INFO: ASN ASN-0002 Carton CNWH12858: Assigned=Assigned, Actual=Assigned, ReceivedQty=0
[2026-04-22 15:37:23] INFO: ASN ASN-0002 Carton CNWH12854: Assigned=Assigned, Actual=Assigned, ReceivedQty=0
[2026-04-22 15:37:23] INFO: ASN WMS-ASN-EXT-00004 Carton CNWH63179: Assigned=Received, Actual=Received, ReceivedQty=10
[2026-04-22 15:37:23] INFO: ASN WMS-ASN-EXT-00004 Carton CNWH63180: Assigned=Receiving, Actual=Receiving, ReceivedQty=0
[2026-04-22 15:37:23] INFO: ASN WMS-ASN-EXT-00004 Carton CNWH63196: Assigned=Receiving, Actual=Receiving, ReceivedQty=0
[2026-04-22 15:37:23] INFO: ASN WMS-ASN-EXT-00004 Carton CNWH63197: Assigned=Assigned, Actual=Assigned, ReceivedQty=0
[2026-04-22 15:37:23] INFO: ASN WMS-ASN-EXT-00004 Carton CNWH63198: Assigned=Assigned, Actual=Assigned, ReceivedQty=0
[2026-04-22 15:37:23] INFO: ASN WMS-ASN-EXT-00004 Carton CNWH63199: Assigned=Assigned, Actual=Assigned, ReceivedQty=0
[2026-04-22 15:37:23] INFO: ASN WMS-ASN-EXT-00004 Carton CNWH63200: Assigned=Assigned, Actual=Assigned, ReceivedQty=0
[2026-04-22 15:37:23] INFO: ASN WMS-ASN-EXT-00004 Carton CNWH63266: Assigned=Assigned, Actual=Assigned, ReceivedQty=0
[2026-04-22 15:37:23] INFO: ASN WMS-ASN-EXT-00004 Carton CNWH63268: Assigned=Assigned, Actual=Assigned, ReceivedQty=0
[2026-04-22 15:37:23] INFO: ASN WMS-ASN-EXT-00004 Carton CNWH63269: Assigned=Assigned, Actual=Assigned, ReceivedQty=0
[2026-04-22 15:37:23] INFO: ASN WMS-ASN-EXT-00004 Carton CNWH63270: Assigned=Assigned, Actual=Assigned, ReceivedQty=0
[2026-04-22 15:37:23] INFO: ASN WMS-ASN-EXT-00004 Carton CNWH63271: Assigned=Assigned, Actual=Assigned, ReceivedQty=0
[2026-04-22 15:37:23] INFO: ASN WMS-ASN-EXT-00004 Carton CNWH63272: Assigned=Assigned, Actual=Assigned, ReceivedQty=0
[2026-04-22 15:37:23] INFO: ASN WMS-ASN-EXT-00004 Carton CNWH63275: Assigned=Assigned, Actual=Assigned, ReceivedQty=0
[2026-04-22 15:37:23] INFO: ASN WMS-ASN-EXT-00004 Carton CNWH63277: Assigned=Assigned, Actual=Assigned, ReceivedQty=0
[2026-04-22 15:37:23] INFO: ASN WMS-ASN-EXT-00004 Carton CNWH63280: Assigned=Assigned, Actual=Assigned, ReceivedQty=0
[2026-04-22 15:37:23] INFO: ASN WMS-ASN-EXT-00004 Carton CNWH63282: Assigned=Assigned, Actual=Assigned, ReceivedQty=0
[2026-04-22 15:37:23] INFO: ASN WMS-ASN-EXT-00004 Carton CNWH63283: Assigned=Assigned, Actual=Assigned, ReceivedQty=0
[2026-04-22 15:37:23] INFO: ASN WMS-ASN-EXT-00004 Carton CNWH63284: Assigned=Assigned, Actual=Assigned, ReceivedQty=0
[2026-04-22 15:37:23] INFO: ASN WMS-ASN-EXT-00004 Carton CNWH63285: Assigned=Assigned, Actual=Assigned, ReceivedQty=0
[2026-04-22 15:37:23] INFO: ASN WMS-ASN-EXT-00004 Carton CNWH63286: Assigned=Assigned, Actual=Assigned, ReceivedQty=0
[2026-04-22 15:37:23] INFO: ASN WMS-ASN-EXT-00004 Carton CNWH63287: Assigned=Assigned, Actual=Assigned, ReceivedQty=0
[2026-04-22 15:37:23] INFO: ASN WMS-ASN-EXT-00004 Carton CNWH63288: Assigned=Assigned, Actual=Assigned, ReceivedQty=0
[2026-04-22 15:37:23] INFO: ASN WMS-ASN-EXT-00004 Carton CNWH63289: Assigned=Assigned, Actual=Assigned, ReceivedQty=0
[2026-04-22 15:37:23] INFO: ASN WMS-ASN-EXT-00004 Carton CNWH63441: Assigned=Assigned, Actual=Assigned, ReceivedQty=0
[2026-04-22 15:37:23] INFO: ASN WMS-ASN-EXT-00004 Carton CNWH63442: Assigned=Assigned, Actual=Assigned, ReceivedQty=0
[2026-04-22 15:37:23] INFO: ASN WMS-ASN-EXT-00004 Carton CNWH63444: Assigned=Assigned, Actual=Assigned, ReceivedQty=0
[2026-04-22 15:37:23] INFO: ASN WMS-ASN-EXT-00004 Carton CNWH63446: Assigned=Assigned, Actual=Assigned, ReceivedQty=0
[2026-04-22 15:37:23] INFO: ASN WMS-ASN-EXT-00004 Carton CNWH63448: Assigned=Assigned, Actual=Assigned, ReceivedQty=0
[2026-04-22 15:37:23] INFO: ASN WMS-ASN-EXT-00004 Carton CNWH65363: Assigned=Assigned, Actual=Assigned, ReceivedQty=0
[2026-04-22 15:37:23] INFO: ASN WMS-ASN-EXT-00004 Carton CNWH63179: Assigned=Received, Actual=Received, ReceivedQty=10
[2026-04-22 15:37:23] INFO: ASN WMS-ASN-EXT-00004 Carton CNWH63180: Assigned=Receiving, Actual=Receiving, ReceivedQty=0
[2026-04-22 15:37:23] INFO: ASN WMS-ASN-EXT-00004 Carton CNWH63196: Assigned=Receiving, Actual=Receiving, ReceivedQty=0
[2026-04-22 15:37:23] INFO: ASN WMS-ASN-EXT-00004 Carton CNWH63197: Assigned=Assigned, Actual=Assigned, ReceivedQty=0
[2026-04-22 15:37:23] INFO: ASN WMS-ASN-EXT-00004 Carton CNWH63198: Assigned=Assigned, Actual=Assigned, ReceivedQty=0
[2026-04-22 15:37:23] INFO: ASN WMS-ASN-EXT-00004 Carton CNWH63199: Assigned=Assigned, Actual=Assigned, ReceivedQty=0
[2026-04-22 15:37:23] INFO: ASN WMS-ASN-EXT-00004 Carton CNWH63200: Assigned=Assigned, Actual=Assigned, ReceivedQty=0
[2026-04-22 15:37:23] INFO: ASN WMS-ASN-EXT-00004 Carton CNWH63266: Assigned=Assigned, Actual=Assigned, ReceivedQty=0
[2026-04-22 15:37:23] INFO: ASN WMS-ASN-EXT-00004 Carton CNWH63268: Assigned=Assigned, Actual=Assigned, ReceivedQty=0
[2026-04-22 15:37:23] INFO: ASN WMS-ASN-EXT-00004 Carton CNWH63269: Assigned=Assigned, Actual=Assigned, ReceivedQty=0
[2026-04-22 15:37:23] INFO: ASN WMS-ASN-EXT-00004 Carton CNWH63270: Assigned=Assigned, Actual=Assigned, ReceivedQty=0
[2026-04-22 15:37:23] INFO: ASN WMS-ASN-EXT-00004 Carton CNWH63271: Assigned=Assigned, Actual=Assigned, ReceivedQty=0
[2026-04-22 15:37:23] INFO: ASN WMS-ASN-EXT-00004 Carton CNWH63272: Assigned=Assigned, Actual=Assigned, ReceivedQty=0
[2026-04-22 15:37:23] INFO: ASN WMS-ASN-EXT-00004 Carton CNWH63275: Assigned=Assigned, Actual=Assigned, ReceivedQty=0
[2026-04-22 15:37:23] INFO: ASN WMS-ASN-EXT-00004 Carton CNWH63277: Assigned=Assigned, Actual=Assigned, ReceivedQty=0
[2026-04-22 15:37:23] INFO: ASN WMS-ASN-EXT-00004 Carton CNWH63280: Assigned=Assigned, Actual=Assigned, ReceivedQty=0
[2026-04-22 15:37:23] INFO: ASN WMS-ASN-EXT-00004 Carton CNWH63282: Assigned=Assigned, Actual=Assigned, ReceivedQty=0
[2026-04-22 15:37:23] INFO: ASN WMS-ASN-EXT-00004 Carton CNWH63283: Assigned=Assigned, Actual=Assigned, ReceivedQty=0
[2026-04-22 15:37:23] INFO: ASN WMS-ASN-EXT-00004 Carton CNWH63284: Assigned=Assigned, Actual=Assigned, ReceivedQty=0
[2026-04-22 15:37:23] INFO: ASN WMS-ASN-EXT-00004 Carton CNWH63285: Assigned=Assigned, Actual=Assigned, ReceivedQty=0
[2026-04-22 15:37:23] INFO: ASN WMS-ASN-EXT-00004 Carton CNWH63286: Assigned=Assigned, Actual=Assigned, ReceivedQty=0
[2026-04-22 15:37:23] INFO: ASN WMS-ASN-EXT-00004 Carton CNWH63287: Assigned=Assigned, Actual=Assigned, ReceivedQty=0
[2026-04-22 15:37:23] INFO: ASN WMS-ASN-EXT-00004 Carton CNWH63288: Assigned=Assigned, Actual=Assigned, ReceivedQty=0
[2026-04-22 15:37:23] INFO: ASN WMS-ASN-EXT-00004 Carton CNWH63289: Assigned=Assigned, Actual=Assigned, ReceivedQty=0
[2026-04-22 15:37:23] INFO: ASN WMS-ASN-EXT-00004 Carton CNWH63441: Assigned=Assigned, Actual=Assigned, ReceivedQty=0
[2026-04-22 15:37:23] INFO: ASN WMS-ASN-EXT-00004 Carton CNWH63442: Assigned=Assigned, Actual=Assigned, ReceivedQty=0
[2026-04-22 15:37:23] INFO: ASN WMS-ASN-EXT-00004 Carton CNWH65363: Assigned=Assigned, Actual=Assigned, ReceivedQty=0
[2026-04-22 15:37:23] INFO: ASN WMS-ASN-EXT-00004 Carton CNWH63502: Assigned=Assigned, Actual=Assigned, ReceivedQty=0
[2026-04-22 15:37:23] INFO: ASN WMS-ASN-EXT-00004 Carton CNWH63502: Assigned=Assigned, Actual=Assigned, ReceivedQty=0
[2026-04-22 15:37:23] INFO: ASN WMS-ASN-EXT-00004 Carton CNWH64607: Assigned=Assigned, Actual=Assigned, ReceivedQty=0
[2026-04-22 15:37:23] INFO: ASN WMS-ASN-EXT-127211 Carton CNWH12858: Assigned=Assigned, Actual=Assigned, ReceivedQty=0
[2026-04-22 15:37:23] INFO: ASN WMS-ASN-EXT-127211 Carton CNWH12854: Assigned=Assigned, Actual=Assigned, ReceivedQty=0
[2026-04-22 15:54:42] INFO: ASN ASN-0001 Carton CNWH12858: Assigned=Assigned, Actual=Assigned, ReceivedQty=0
[2026-04-22 15:54:42] INFO: ASN ASN-0001 Carton CNWH12854: Assigned=Assigned, Actual=Assigned, ReceivedQty=0
[2026-04-22 15:54:42] INFO: ASN ASN-0001 Carton CNWH15390: Assigned=Assigned, Actual=Assigned, ReceivedQty=0
[2026-04-22 15:54:42] INFO: ASN ASN-0001 Carton CNWH42441: Assigned=Assigned, Actual=Assigned, ReceivedQty=0
[2026-04-22 15:54:42] INFO: ASN ASN-0001 Carton CNWH64571: Assigned=Assigned, Actual=Assigned, ReceivedQty=0
[2026-04-22 15:54:42] INFO: ASN ASN-0001 Carton CNWH64521: Assigned=Assigned, Actual=Assigned, ReceivedQty=0
[2026-04-22 15:54:42] INFO: ASN ASN-0001 Carton CNWH63561: Assigned=Assigned, Actual=Assigned, ReceivedQty=0
[2026-04-22 15:54:42] INFO: ASN ASN-0001 Carton CNWH63609: Assigned=Assigned, Actual=Assigned, ReceivedQty=0
[2026-04-22 15:54:42] INFO: ASN ASN-0002 Carton CNWH12858: Assigned=Assigned, Actual=Assigned, ReceivedQty=0
[2026-04-22 15:54:42] INFO: ASN ASN-0002 Carton CNWH12854: Assigned=Assigned, Actual=Assigned, ReceivedQty=0
[2026-04-22 15:54:42] INFO: ASN WMS-ASN-EXT-00004 Carton CNWH63179: Assigned=Received, Actual=Received, ReceivedQty=10
[2026-04-22 15:54:42] INFO: ASN WMS-ASN-EXT-00004 Carton CNWH63180: Assigned=Receiving, Actual=Receiving, ReceivedQty=0
[2026-04-22 15:54:42] INFO: ASN WMS-ASN-EXT-00004 Carton CNWH63196: Assigned=Receiving, Actual=Receiving, ReceivedQty=0
[2026-04-22 15:54:42] INFO: ASN WMS-ASN-EXT-00004 Carton CNWH63197: Assigned=Assigned, Actual=Assigned, ReceivedQty=0
[2026-04-22 15:54:42] INFO: ASN WMS-ASN-EXT-00004 Carton CNWH63198: Assigned=Assigned, Actual=Assigned, ReceivedQty=0
[2026-04-22 15:54:42] INFO: ASN WMS-ASN-EXT-00004 Carton CNWH63199: Assigned=Assigned, Actual=Assigned, ReceivedQty=0
[2026-04-22 15:54:42] INFO: ASN WMS-ASN-EXT-00004 Carton CNWH63200: Assigned=Assigned, Actual=Assigned, ReceivedQty=0
[2026-04-22 15:54:42] INFO: ASN WMS-ASN-EXT-00004 Carton CNWH63266: Assigned=Assigned, Actual=Assigned, ReceivedQty=0
[2026-04-22 15:54:42] INFO: ASN WMS-ASN-EXT-00004 Carton CNWH63268: Assigned=Assigned, Actual=Assigned, ReceivedQty=0
[2026-04-22 15:54:42] INFO: ASN WMS-ASN-EXT-00004 Carton CNWH63269: Assigned=Assigned, Actual=Assigned, ReceivedQty=0
[2026-04-22 15:54:42] INFO: ASN WMS-ASN-EXT-00004 Carton CNWH63270: Assigned=Assigned, Actual=Assigned, ReceivedQty=0
[2026-04-22 15:54:42] INFO: ASN WMS-ASN-EXT-00004 Carton CNWH63271: Assigned=Assigned, Actual=Assigned, ReceivedQty=0
[2026-04-22 15:54:42] INFO: ASN WMS-ASN-EXT-00004 Carton CNWH63272: Assigned=Assigned, Actual=Assigned, ReceivedQty=0
[2026-04-22 15:54:42] INFO: ASN WMS-ASN-EXT-00004 Carton CNWH63275: Assigned=Assigned, Actual=Assigned, ReceivedQty=0
[2026-04-22 15:54:42] INFO: ASN WMS-ASN-EXT-00004 Carton CNWH63277: Assigned=Assigned, Actual=Assigned, ReceivedQty=0
[2026-04-22 15:54:42] INFO: ASN WMS-ASN-EXT-00004 Carton CNWH63280: Assigned=Assigned, Actual=Assigned, ReceivedQty=0
[2026-04-22 15:54:42] INFO: ASN WMS-ASN-EXT-00004 Carton CNWH63282: Assigned=Assigned, Actual=Assigned, ReceivedQty=0
[2026-04-22 15:54:42] INFO: ASN WMS-ASN-EXT-00004 Carton CNWH63283: Assigned=Assigned, Actual=Assigned, ReceivedQty=0
[2026-04-22 15:54:42] INFO: ASN WMS-ASN-EXT-00004 Carton CNWH63284: Assigned=Assigned, Actual=Assigned, ReceivedQty=0
[2026-04-22 15:54:42] INFO: ASN WMS-ASN-EXT-00004 Carton CNWH63285: Assigned=Assigned, Actual=Assigned, ReceivedQty=0
[2026-04-22 15:54:42] INFO: ASN WMS-ASN-EXT-00004 Carton CNWH63286: Assigned=Assigned, Actual=Assigned, ReceivedQty=0
[2026-04-22 15:54:42] INFO: ASN WMS-ASN-EXT-00004 Carton CNWH63287: Assigned=Assigned, Actual=Assigned, ReceivedQty=0
[2026-04-22 15:54:42] INFO: ASN WMS-ASN-EXT-00004 Carton CNWH63288: Assigned=Assigned, Actual=Assigned, ReceivedQty=0
[2026-04-22 15:54:42] INFO: ASN WMS-ASN-EXT-00004 Carton CNWH63289: Assigned=Assigned, Actual=Assigned, ReceivedQty=0
[2026-04-22 15:54:42] INFO: ASN WMS-ASN-EXT-00004 Carton CNWH63441: Assigned=Assigned, Actual=Assigned, ReceivedQty=0
[2026-04-22 15:54:42] INFO: ASN WMS-ASN-EXT-00004 Carton CNWH63442: Assigned=Assigned, Actual=Assigned, ReceivedQty=0
[2026-04-22 15:54:42] INFO: ASN WMS-ASN-EXT-00004 Carton CNWH63444: Assigned=Assigned, Actual=Assigned, ReceivedQty=0
[2026-04-22 15:54:42] INFO: ASN WMS-ASN-EXT-00004 Carton CNWH63446: Assigned=Assigned, Actual=Assigned, ReceivedQty=0
[2026-04-22 15:54:42] INFO: ASN WMS-ASN-EXT-00004 Carton CNWH63448: Assigned=Assigned, Actual=Assigned, ReceivedQty=0
[2026-04-22 15:54:42] INFO: ASN WMS-ASN-EXT-00004 Carton CNWH65363: Assigned=Assigned, Actual=Assigned, ReceivedQty=0
[2026-04-22 15:54:42] INFO: ASN WMS-ASN-EXT-00004 Carton CNWH63179: Assigned=Received, Actual=Received, ReceivedQty=10
[2026-04-22 15:54:42] INFO: ASN WMS-ASN-EXT-00004 Carton CNWH63180: Assigned=Receiving, Actual=Receiving, ReceivedQty=0
[2026-04-22 15:54:42] INFO: ASN WMS-ASN-EXT-00004 Carton CNWH63196: Assigned=Receiving, Actual=Receiving, ReceivedQty=0
[2026-04-22 15:54:42] INFO: ASN WMS-ASN-EXT-00004 Carton CNWH63197: Assigned=Assigned, Actual=Assigned, ReceivedQty=0
[2026-04-22 15:54:42] INFO: ASN WMS-ASN-EXT-00004 Carton CNWH63198: Assigned=Assigned, Actual=Assigned, ReceivedQty=0
[2026-04-22 15:54:42] INFO: ASN WMS-ASN-EXT-00004 Carton CNWH63199: Assigned=Assigned, Actual=Assigned, ReceivedQty=0
[2026-04-22 15:54:42] INFO: ASN WMS-ASN-EXT-00004 Carton CNWH63200: Assigned=Assigned, Actual=Assigned, ReceivedQty=0
[2026-04-22 15:54:42] INFO: ASN WMS-ASN-EXT-00004 Carton CNWH63266: Assigned=Assigned, Actual=Assigned, ReceivedQty=0
[2026-04-22 15:54:42] INFO: ASN WMS-ASN-EXT-00004 Carton CNWH63268: Assigned=Assigned, Actual=Assigned, ReceivedQty=0
[2026-04-22 15:54:42] INFO: ASN WMS-ASN-EXT-00004 Carton CNWH63269: Assigned=Assigned, Actual=Assigned, ReceivedQty=0
[2026-04-22 15:54:42] INFO: ASN WMS-ASN-EXT-00004 Carton CNWH63270: Assigned=Assigned, Actual=Assigned, ReceivedQty=0
[2026-04-22 15:54:42] INFO: ASN WMS-ASN-EXT-00004 Carton CNWH63271: Assigned=Assigned, Actual=Assigned, ReceivedQty=0
[2026-04-22 15:54:42] INFO: ASN WMS-ASN-EXT-00004 Carton CNWH63272: Assigned=Assigned, Actual=Assigned, ReceivedQty=0
[2026-04-22 15:54:42] INFO: ASN WMS-ASN-EXT-00004 Carton CNWH63275: Assigned=Assigned, Actual=Assigned, ReceivedQty=0
[2026-04-22 15:54:42] INFO: ASN WMS-ASN-EXT-00004 Carton CNWH63277: Assigned=Assigned, Actual=Assigned, ReceivedQty=0
[2026-04-22 15:54:42] INFO: ASN WMS-ASN-EXT-00004 Carton CNWH63280: Assigned=Assigned, Actual=Assigned, ReceivedQty=0
[2026-04-22 15:54:42] INFO: ASN WMS-ASN-EXT-00004 Carton CNWH63282: Assigned=Assigned, Actual=Assigned, ReceivedQty=0
[2026-04-22 15:54:42] INFO: ASN WMS-ASN-EXT-00004 Carton CNWH63283: Assigned=Assigned, Actual=Assigned, ReceivedQty=0
[2026-04-22 15:54:42] INFO: ASN WMS-ASN-EXT-00004 Carton CNWH63284: Assigned=Assigned, Actual=Assigned, ReceivedQty=0
[2026-04-22 15:54:42] INFO: ASN WMS-ASN-EXT-00004 Carton CNWH63285: Assigned=Assigned, Actual=Assigned, ReceivedQty=0
[2026-04-22 15:54:42] INFO: ASN WMS-ASN-EXT-00004 Carton CNWH63286: Assigned=Assigned, Actual=Assigned, ReceivedQty=0
[2026-04-22 15:54:42] INFO: ASN WMS-ASN-EXT-00004 Carton CNWH63287: Assigned=Assigned, Actual=Assigned, ReceivedQty=0
[2026-04-22 15:54:42] INFO: ASN WMS-ASN-EXT-00004 Carton CNWH63288: Assigned=Assigned, Actual=Assigned, ReceivedQty=0
[2026-04-22 15:54:42] INFO: ASN WMS-ASN-EXT-00004 Carton CNWH63289: Assigned=Assigned, Actual=Assigned, ReceivedQty=0
[2026-04-22 15:54:42] INFO: ASN WMS-ASN-EXT-00004 Carton CNWH63441: Assigned=Assigned, Actual=Assigned, ReceivedQty=0
[2026-04-22 15:54:42] INFO: ASN WMS-ASN-EXT-00004 Carton CNWH63442: Assigned=Assigned, Actual=Assigned, ReceivedQty=0
[2026-04-22 15:54:42] INFO: ASN WMS-ASN-EXT-00004 Carton CNWH65363: Assigned=Assigned, Actual=Assigned, ReceivedQty=0
[2026-04-22 15:54:42] INFO: ASN WMS-ASN-EXT-00004 Carton CNWH63502: Assigned=Assigned, Actual=Assigned, ReceivedQty=0
[2026-04-22 15:54:42] INFO: ASN WMS-ASN-EXT-00004 Carton CNWH63502: Assigned=Assigned, Actual=Assigned, ReceivedQty=0
[2026-04-22 15:54:42] INFO: ASN WMS-ASN-EXT-00004 Carton CNWH64607: Assigned=Assigned, Actual=Assigned, ReceivedQty=0
[2026-04-22 15:54:42] INFO: ASN WMS-ASN-EXT-127211 Carton CNWH12858: Assigned=Assigned, Actual=Assigned, ReceivedQty=0
[2026-04-22 15:54:42] INFO: ASN WMS-ASN-EXT-127211 Carton CNWH12854: Assigned=Assigned, Actual=Assigned, ReceivedQty=0
[2026-04-22 16:12:00] INFO: ASN ASN-0001 Carton CNWH12858: Assigned=Assigned, Actual=Assigned, ReceivedQty=0
[2026-04-22 16:12:00] INFO: ASN ASN-0001 Carton CNWH12854: Assigned=Assigned, Actual=Assigned, ReceivedQty=0
[2026-04-22 16:12:00] INFO: ASN ASN-0001 Carton CNWH15390: Assigned=Assigned, Actual=Assigned, ReceivedQty=0
[2026-04-22 16:12:00] INFO: ASN ASN-0001 Carton CNWH42441: Assigned=Assigned, Actual=Assigned, ReceivedQty=0
[2026-04-22 16:12:00] INFO: ASN ASN-0001 Carton CNWH64571: Assigned=Assigned, Actual=Assigned, ReceivedQty=0
[2026-04-22 16:12:00] INFO: ASN ASN-0001 Carton CNWH64521: Assigned=Assigned, Actual=Assigned, ReceivedQty=0
[2026-04-22 16:12:00] INFO: ASN ASN-0001 Carton CNWH63561: Assigned=Assigned, Actual=Assigned, ReceivedQty=0
[2026-04-22 16:12:00] INFO: ASN ASN-0001 Carton CNWH63609: Assigned=Assigned, Actual=Assigned, ReceivedQty=0
[2026-04-22 16:12:00] INFO: ASN ASN-0002 Carton CNWH12858: Assigned=Assigned, Actual=Assigned, ReceivedQty=0
[2026-04-22 16:12:00] INFO: ASN ASN-0002 Carton CNWH12854: Assigned=Assigned, Actual=Assigned, ReceivedQty=0
[2026-04-22 16:12:00] INFO: ASN WMS-ASN-EXT-00004 Carton CNWH63179: Assigned=Received, Actual=Received, ReceivedQty=10
[2026-04-22 16:12:00] INFO: ASN WMS-ASN-EXT-00004 Carton CNWH63180: Assigned=Receiving, Actual=Receiving, ReceivedQty=0
[2026-04-22 16:12:00] INFO: ASN WMS-ASN-EXT-00004 Carton CNWH63196: Assigned=Receiving, Actual=Receiving, ReceivedQty=0
[2026-04-22 16:12:00] INFO: ASN WMS-ASN-EXT-00004 Carton CNWH63197: Assigned=Assigned, Actual=Assigned, ReceivedQty=0
[2026-04-22 16:12:00] INFO: ASN WMS-ASN-EXT-00004 Carton CNWH63198: Assigned=Assigned, Actual=Assigned, ReceivedQty=0
[2026-04-22 16:12:00] INFO: ASN WMS-ASN-EXT-00004 Carton CNWH63199: Assigned=Assigned, Actual=Assigned, ReceivedQty=0
[2026-04-22 16:12:00] INFO: ASN WMS-ASN-EXT-00004 Carton CNWH63200: Assigned=Assigned, Actual=Assigned, ReceivedQty=0
[2026-04-22 16:12:00] INFO: ASN WMS-ASN-EXT-00004 Carton CNWH63266: Assigned=Assigned, Actual=Assigned, ReceivedQty=0
[2026-04-22 16:12:00] INFO: ASN WMS-ASN-EXT-00004 Carton CNWH63268: Assigned=Assigned, Actual=Assigned, ReceivedQty=0
[2026-04-22 16:12:00] INFO: ASN WMS-ASN-EXT-00004 Carton CNWH63269: Assigned=Assigned, Actual=Assigned, ReceivedQty=0
[2026-04-22 16:12:00] INFO: ASN WMS-ASN-EXT-00004 Carton CNWH63270: Assigned=Assigned, Actual=Assigned, ReceivedQty=0
[2026-04-22 16:12:00] INFO: ASN WMS-ASN-EXT-00004 Carton CNWH63271: Assigned=Assigned, Actual=Assigned, ReceivedQty=0
[2026-04-22 16:12:00] INFO: ASN WMS-ASN-EXT-00004 Carton CNWH63272: Assigned=Assigned, Actual=Assigned, ReceivedQty=0
[2026-04-22 16:12:00] INFO: ASN WMS-ASN-EXT-00004 Carton CNWH63275: Assigned=Assigned, Actual=Assigned, ReceivedQty=0
[2026-04-22 16:12:00] INFO: ASN WMS-ASN-EXT-00004 Carton CNWH63277: Assigned=Assigned, Actual=Assigned, ReceivedQty=0
[2026-04-22 16:12:00] INFO: ASN WMS-ASN-EXT-00004 Carton CNWH63280: Assigned=Assigned, Actual=Assigned, ReceivedQty=0
[2026-04-22 16:12:00] INFO: ASN WMS-ASN-EXT-00004 Carton CNWH63282: Assigned=Assigned, Actual=Assigned, ReceivedQty=0
[2026-04-22 16:12:00] INFO: ASN WMS-ASN-EXT-00004 Carton CNWH63283: Assigned=Assigned, Actual=Assigned, ReceivedQty=0
[2026-04-22 16:12:00] INFO: ASN WMS-ASN-EXT-00004 Carton CNWH63284: Assigned=Assigned, Actual=Assigned, ReceivedQty=0
[2026-04-22 16:12:00] INFO: ASN WMS-ASN-EXT-00004 Carton CNWH63285: Assigned=Assigned, Actual=Assigned, ReceivedQty=0
[2026-04-22 16:12:00] INFO: ASN WMS-ASN-EXT-00004 Carton CNWH63286: Assigned=Assigned, Actual=Assigned, ReceivedQty=0
[2026-04-22 16:12:00] INFO: ASN WMS-ASN-EXT-00004 Carton CNWH63287: Assigned=Assigned, Actual=Assigned, ReceivedQty=0
[2026-04-22 16:12:00] INFO: ASN WMS-ASN-EXT-00004 Carton CNWH63288: Assigned=Assigned, Actual=Assigned, ReceivedQty=0
[2026-04-22 16:12:00] INFO: ASN WMS-ASN-EXT-00004 Carton CNWH63289: Assigned=Assigned, Actual=Assigned, ReceivedQty=0
[2026-04-22 16:12:00] INFO: ASN WMS-ASN-EXT-00004 Carton CNWH63441: Assigned=Assigned, Actual=Assigned, ReceivedQty=0
[2026-04-22 16:12:00] INFO: ASN WMS-ASN-EXT-00004 Carton CNWH63442: Assigned=Assigned, Actual=Assigned, ReceivedQty=0
[2026-04-22 16:12:00] INFO: ASN WMS-ASN-EXT-00004 Carton CNWH63444: Assigned=Assigned, Actual=Assigned, ReceivedQty=0
[2026-04-22 16:12:00] INFO: ASN WMS-ASN-EXT-00004 Carton CNWH63446: Assigned=Assigned, Actual=Assigned, ReceivedQty=0
[2026-04-22 16:12:00] INFO: ASN WMS-ASN-EXT-00004 Carton CNWH63448: Assigned=Assigned, Actual=Assigned, ReceivedQty=0
[2026-04-22 16:12:00] INFO: ASN WMS-ASN-EXT-00004 Carton CNWH65363: Assigned=Assigned, Actual=Assigned, ReceivedQty=0
[2026-04-22 16:12:00] INFO: ASN WMS-ASN-EXT-00004 Carton CNWH63179: Assigned=Received, Actual=Received, ReceivedQty=10
[2026-04-22 16:12:00] INFO: ASN WMS-ASN-EXT-00004 Carton CNWH63180: Assigned=Receiving, Actual=Receiving, ReceivedQty=0
[2026-04-22 16:12:00] INFO: ASN WMS-ASN-EXT-00004 Carton CNWH63196: Assigned=Receiving, Actual=Receiving, ReceivedQty=0
[2026-04-22 16:12:00] INFO: ASN WMS-ASN-EXT-00004 Carton CNWH63197: Assigned=Assigned, Actual=Assigned, ReceivedQty=0
[2026-04-22 16:12:00] INFO: ASN WMS-ASN-EXT-00004 Carton CNWH63198: Assigned=Assigned, Actual=Assigned, ReceivedQty=0
[2026-04-22 16:12:00] INFO: ASN WMS-ASN-EXT-00004 Carton CNWH63199: Assigned=Assigned, Actual=Assigned, ReceivedQty=0
[2026-04-22 16:12:00] INFO: ASN WMS-ASN-EXT-00004 Carton CNWH63200: Assigned=Assigned, Actual=Assigned, ReceivedQty=0
[2026-04-22 16:12:00] INFO: ASN WMS-ASN-EXT-00004 Carton CNWH63266: Assigned=Assigned, Actual=Assigned, ReceivedQty=0
[2026-04-22 16:12:00] INFO: ASN WMS-ASN-EXT-00004 Carton CNWH63268: Assigned=Assigned, Actual=Assigned, ReceivedQty=0
[2026-04-22 16:12:00] INFO: ASN WMS-ASN-EXT-00004 Carton CNWH63269: Assigned=Assigned, Actual=Assigned, ReceivedQty=0
[2026-04-22 16:12:00] INFO: ASN WMS-ASN-EXT-00004 Carton CNWH63270: Assigned=Assigned, Actual=Assigned, ReceivedQty=0
[2026-04-22 16:12:00] INFO: ASN WMS-ASN-EXT-00004 Carton CNWH63271: Assigned=Assigned, Actual=Assigned, ReceivedQty=0
[2026-04-22 16:12:00] INFO: ASN WMS-ASN-EXT-00004 Carton CNWH63272: Assigned=Assigned, Actual=Assigned, ReceivedQty=0
[2026-04-22 16:12:00] INFO: ASN WMS-ASN-EXT-00004 Carton CNWH63275: Assigned=Assigned, Actual=Assigned, ReceivedQty=0
[2026-04-22 16:12:00] INFO: ASN WMS-ASN-EXT-00004 Carton CNWH63277: Assigned=Assigned, Actual=Assigned, ReceivedQty=0
[2026-04-22 16:12:00] INFO: ASN WMS-ASN-EXT-00004 Carton CNWH63280: Assigned=Assigned, Actual=Assigned, ReceivedQty=0
[2026-04-22 16:12:00] INFO: ASN WMS-ASN-EXT-00004 Carton CNWH63282: Assigned=Assigned, Actual=Assigned, ReceivedQty=0
[2026-04-22 16:12:00] INFO: ASN WMS-ASN-EXT-00004 Carton CNWH63283: Assigned=Assigned, Actual=Assigned, ReceivedQty=0
[2026-04-22 16:12:00] INFO: ASN WMS-ASN-EXT-00004 Carton CNWH63284: Assigned=Assigned, Actual=Assigned, ReceivedQty=0
[2026-04-22 16:12:00] INFO: ASN WMS-ASN-EXT-00004 Carton CNWH63285: Assigned=Assigned, Actual=Assigned, ReceivedQty=0
[2026-04-22 16:12:00] INFO: ASN WMS-ASN-EXT-00004 Carton CNWH63286: Assigned=Assigned, Actual=Assigned, ReceivedQty=0
[2026-04-22 16:12:00] INFO: ASN WMS-ASN-EXT-00004 Carton CNWH63287: Assigned=Assigned, Actual=Assigned, ReceivedQty=0
[2026-04-22 16:12:00] INFO: ASN WMS-ASN-EXT-00004 Carton CNWH63288: Assigned=Assigned, Actual=Assigned, ReceivedQty=0
[2026-04-22 16:12:00] INFO: ASN WMS-ASN-EXT-00004 Carton CNWH63289: Assigned=Assigned, Actual=Assigned, ReceivedQty=0
[2026-04-22 16:12:00] INFO: ASN WMS-ASN-EXT-00004 Carton CNWH63441: Assigned=Assigned, Actual=Assigned, ReceivedQty=0
[2026-04-22 16:12:00] INFO: ASN WMS-ASN-EXT-00004 Carton CNWH63442: Assigned=Assigned, Actual=Assigned, ReceivedQty=0
[2026-04-22 16:12:00] INFO: ASN WMS-ASN-EXT-00004 Carton CNWH65363: Assigned=Assigned, Actual=Assigned, ReceivedQty=0
[2026-04-22 16:12:00] INFO: ASN WMS-ASN-EXT-00004 Carton CNWH63502: Assigned=Assigned, Actual=Assigned, ReceivedQty=0
[2026-04-22 16:12:00] INFO: ASN WMS-ASN-EXT-00004 Carton CNWH63502: Assigned=Assigned, Actual=Assigned, ReceivedQty=0
[2026-04-22 16:12:00] INFO: ASN WMS-ASN-EXT-00004 Carton CNWH64607: Assigned=Assigned, Actual=Assigned, ReceivedQty=0
[2026-04-22 16:12:00] INFO: ASN WMS-ASN-EXT-127211 Carton CNWH12858: Assigned=Assigned, Actual=Assigned, ReceivedQty=0
[2026-04-22 16:12:00] INFO: ASN WMS-ASN-EXT-127211 Carton CNWH12854: Assigned=Assigned, Actual=Assigned, ReceivedQty=0
[2026-04-22 16:12:00] INFO: ASN ASN-0001 Carton CNWH12858: Assigned=Assigned, Actual=Assigned, ReceivedQty=0
[2026-04-22 16:12:00] INFO: ASN ASN-0001 Carton CNWH12854: Assigned=Assigned, Actual=Assigned, ReceivedQty=0
[2026-04-22 16:12:00] INFO: ASN ASN-0001 Carton CNWH15390: Assigned=Assigned, Actual=Assigned, ReceivedQty=0
[2026-04-22 16:12:00] INFO: ASN ASN-0001 Carton CNWH42441: Assigned=Assigned, Actual=Assigned, ReceivedQty=0
[2026-04-22 16:12:00] INFO: ASN ASN-0001 Carton CNWH64571: Assigned=Assigned, Actual=Assigned, ReceivedQty=0
[2026-04-22 16:12:00] INFO: ASN ASN-0001 Carton CNWH64521: Assigned=Assigned, Actual=Assigned, ReceivedQty=0
[2026-04-22 16:12:00] INFO: ASN ASN-0001 Carton CNWH63561: Assigned=Assigned, Actual=Assigned, ReceivedQty=0
[2026-04-22 16:12:00] INFO: ASN ASN-0001 Carton CNWH63609: Assigned=Assigned, Actual=Assigned, ReceivedQty=0
[2026-04-22 16:12:00] INFO: ASN ASN-0002 Carton CNWH12858: Assigned=Assigned, Actual=Assigned, ReceivedQty=0
[2026-04-22 16:12:00] INFO: ASN ASN-0002 Carton CNWH12854: Assigned=Assigned, Actual=Assigned, ReceivedQty=0
[2026-04-22 16:12:00] INFO: ASN WMS-ASN-EXT-00004 Carton CNWH63179: Assigned=Received, Actual=Received, ReceivedQty=10
[2026-04-22 16:12:00] INFO: ASN WMS-ASN-EXT-00004 Carton CNWH63180: Assigned=Receiving, Actual=Receiving, ReceivedQty=0
[2026-04-22 16:12:00] INFO: ASN WMS-ASN-EXT-00004 Carton CNWH63196: Assigned=Receiving, Actual=Receiving, ReceivedQty=0
[2026-04-22 16:12:00] INFO: ASN WMS-ASN-EXT-00004 Carton CNWH63197: Assigned=Assigned, Actual=Assigned, ReceivedQty=0
[2026-04-22 16:12:00] INFO: ASN WMS-ASN-EXT-00004 Carton CNWH63198: Assigned=Assigned, Actual=Assigned, ReceivedQty=0
[2026-04-22 16:12:00] INFO: ASN WMS-ASN-EXT-00004 Carton CNWH63199: Assigned=Assigned, Actual=Assigned, ReceivedQty=0
[2026-04-22 16:12:00] INFO: ASN WMS-ASN-EXT-00004 Carton CNWH63200: Assigned=Assigned, Actual=Assigned, ReceivedQty=0
[2026-04-22 16:12:00] INFO: ASN WMS-ASN-EXT-00004 Carton CNWH63266: Assigned=Assigned, Actual=Assigned, ReceivedQty=0
[2026-04-22 16:12:00] INFO: ASN WMS-ASN-EXT-00004 Carton CNWH63268: Assigned=Assigned, Actual=Assigned, ReceivedQty=0
[2026-04-22 16:12:00] INFO: ASN WMS-ASN-EXT-00004 Carton CNWH63269: Assigned=Assigned, Actual=Assigned, ReceivedQty=0
[2026-04-22 16:12:00] INFO: ASN WMS-ASN-EXT-00004 Carton CNWH63270: Assigned=Assigned, Actual=Assigned, ReceivedQty=0
[2026-04-22 16:12:00] INFO: ASN WMS-ASN-EXT-00004 Carton CNWH63271: Assigned=Assigned, Actual=Assigned, ReceivedQty=0
[2026-04-22 16:12:00] INFO: ASN WMS-ASN-EXT-00004 Carton CNWH63272: Assigned=Assigned, Actual=Assigned, ReceivedQty=0
[2026-04-22 16:12:00] INFO: ASN WMS-ASN-EXT-00004 Carton CNWH63275: Assigned=Assigned, Actual=Assigned, ReceivedQty=0
[2026-04-22 16:12:00] INFO: ASN WMS-ASN-EXT-00004 Carton CNWH63277: Assigned=Assigned, Actual=Assigned, ReceivedQty=0
[2026-04-22 16:12:00] INFO: ASN WMS-ASN-EXT-00004 Carton CNWH63280: Assigned=Assigned, Actual=Assigned, ReceivedQty=0
[2026-04-22 16:12:00] INFO: ASN WMS-ASN-EXT-00004 Carton CNWH63282: Assigned=Assigned, Actual=Assigned, ReceivedQty=0
[2026-04-22 16:12:00] INFO: ASN WMS-ASN-EXT-00004 Carton CNWH63283: Assigned=Assigned, Actual=Assigned, ReceivedQty=0
[2026-04-22 16:12:00] INFO: ASN WMS-ASN-EXT-00004 Carton CNWH63284: Assigned=Assigned, Actual=Assigned, ReceivedQty=0
[2026-04-22 16:12:00] INFO: ASN WMS-ASN-EXT-00004 Carton CNWH63285: Assigned=Assigned, Actual=Assigned, ReceivedQty=0
[2026-04-22 16:12:00] INFO: ASN WMS-ASN-EXT-00004 Carton CNWH63286: Assigned=Assigned, Actual=Assigned, ReceivedQty=0
[2026-04-22 16:12:00] INFO: ASN WMS-ASN-EXT-00004 Carton CNWH63287: Assigned=Assigned, Actual=Assigned, ReceivedQty=0
[2026-04-22 16:12:00] INFO: ASN WMS-ASN-EXT-00004 Carton CNWH63288: Assigned=Assigned, Actual=Assigned, ReceivedQty=0
[2026-04-22 16:12:00] INFO: ASN WMS-ASN-EXT-00004 Carton CNWH63289: Assigned=Assigned, Actual=Assigned, ReceivedQty=0
[2026-04-22 16:12:00] INFO: ASN WMS-ASN-EXT-00004 Carton CNWH63441: Assigned=Assigned, Actual=Assigned, ReceivedQty=0
[2026-04-22 16:12:00] INFO: ASN WMS-ASN-EXT-00004 Carton CNWH63442: Assigned=Assigned, Actual=Assigned, ReceivedQty=0
[2026-04-22 16:12:00] INFO: ASN WMS-ASN-EXT-00004 Carton CNWH63444: Assigned=Assigned, Actual=Assigned, ReceivedQty=0
[2026-04-22 16:12:00] INFO: ASN WMS-ASN-EXT-00004 Carton CNWH63446: Assigned=Assigned, Actual=Assigned, ReceivedQty=0
[2026-04-22 16:12:00] INFO: ASN WMS-ASN-EXT-00004 Carton CNWH63448: Assigned=Assigned, Actual=Assigned, ReceivedQty=0
[2026-04-22 16:12:00] INFO: ASN WMS-ASN-EXT-00004 Carton CNWH65363: Assigned=Assigned, Actual=Assigned, ReceivedQty=0
[2026-04-22 16:12:00] INFO: ASN WMS-ASN-EXT-00004 Carton CNWH63179: Assigned=Received, Actual=Received, ReceivedQty=10
[2026-04-22 16:12:00] INFO: ASN WMS-ASN-EXT-00004 Carton CNWH63180: Assigned=Receiving, Actual=Receiving, ReceivedQty=0
[2026-04-22 16:12:00] INFO: ASN WMS-ASN-EXT-00004 Carton CNWH63196: Assigned=Receiving, Actual=Receiving, ReceivedQty=0
[2026-04-22 16:12:00] INFO: ASN WMS-ASN-EXT-00004 Carton CNWH63197: Assigned=Assigned, Actual=Assigned, ReceivedQty=0
[2026-04-22 16:12:00] INFO: ASN WMS-ASN-EXT-00004 Carton CNWH63198: Assigned=Assigned, Actual=Assigned, ReceivedQty=0
[2026-04-22 16:12:00] INFO: ASN WMS-ASN-EXT-00004 Carton CNWH63199: Assigned=Assigned, Actual=Assigned, ReceivedQty=0
[2026-04-22 16:12:00] INFO: ASN WMS-ASN-EXT-00004 Carton CNWH63200: Assigned=Assigned, Actual=Assigned, ReceivedQty=0
[2026-04-22 16:12:00] INFO: ASN WMS-ASN-EXT-00004 Carton CNWH63266: Assigned=Assigned, Actual=Assigned, ReceivedQty=0
[2026-04-22 16:12:00] INFO: ASN WMS-ASN-EXT-00004 Carton CNWH63268: Assigned=Assigned, Actual=Assigned, ReceivedQty=0
[2026-04-22 16:12:00] INFO: ASN WMS-ASN-EXT-00004 Carton CNWH63269: Assigned=Assigned, Actual=Assigned, ReceivedQty=0
[2026-04-22 16:12:00] INFO: ASN WMS-ASN-EXT-00004 Carton CNWH63270: Assigned=Assigned, Actual=Assigned, ReceivedQty=0
[2026-04-22 16:12:00] INFO: ASN WMS-ASN-EXT-00004 Carton CNWH63271: Assigned=Assigned, Actual=Assigned, ReceivedQty=0
[2026-04-22 16:12:00] INFO: ASN WMS-ASN-EXT-00004 Carton CNWH63272: Assigned=Assigned, Actual=Assigned, ReceivedQty=0
[2026-04-22 16:12:00] INFO: ASN WMS-ASN-EXT-00004 Carton CNWH63275: Assigned=Assigned, Actual=Assigned, ReceivedQty=0
[2026-04-22 16:12:00] INFO: ASN WMS-ASN-EXT-00004 Carton CNWH63277: Assigned=Assigned, Actual=Assigned, ReceivedQty=0
[2026-04-22 16:12:00] INFO: ASN WMS-ASN-EXT-00004 Carton CNWH63280: Assigned=Assigned, Actual=Assigned, ReceivedQty=0
[2026-04-22 16:12:00] INFO: ASN WMS-ASN-EXT-00004 Carton CNWH63282: Assigned=Assigned, Actual=Assigned, ReceivedQty=0
[2026-04-22 16:12:00] INFO: ASN WMS-ASN-EXT-00004 Carton CNWH63283: Assigned=Assigned, Actual=Assigned, ReceivedQty=0
[2026-04-22 16:12:00] INFO: ASN WMS-ASN-EXT-00004 Carton CNWH63284: Assigned=Assigned, Actual=Assigned, ReceivedQty=0
[2026-04-22 16:12:00] INFO: ASN WMS-ASN-EXT-00004 Carton CNWH63285: Assigned=Assigned, Actual=Assigned, ReceivedQty=0
[2026-04-22 16:12:00] INFO: ASN WMS-ASN-EXT-00004 Carton CNWH63286: Assigned=Assigned, Actual=Assigned, ReceivedQty=0
[2026-04-22 16:12:00] INFO: ASN WMS-ASN-EXT-00004 Carton CNWH63287: Assigned=Assigned, Actual=Assigned, ReceivedQty=0
[2026-04-22 16:12:00] INFO: ASN WMS-ASN-EXT-00004 Carton CNWH63288: Assigned=Assigned, Actual=Assigned, ReceivedQty=0
[2026-04-22 16:12:00] INFO: ASN WMS-ASN-EXT-00004 Carton CNWH63289: Assigned=Assigned, Actual=Assigned, ReceivedQty=0
[2026-04-22 16:12:00] INFO: ASN WMS-ASN-EXT-00004 Carton CNWH63441: Assigned=Assigned, Actual=Assigned, ReceivedQty=0
[2026-04-22 16:12:00] INFO: ASN WMS-ASN-EXT-00004 Carton CNWH63442: Assigned=Assigned, Actual=Assigned, ReceivedQty=0
[2026-04-22 16:12:00] INFO: ASN WMS-ASN-EXT-00004 Carton CNWH65363: Assigned=Assigned, Actual=Assigned, ReceivedQty=0
[2026-04-22 16:12:00] INFO: ASN WMS-ASN-EXT-00004 Carton CNWH63502: Assigned=Assigned, Actual=Assigned, ReceivedQty=0
[2026-04-22 16:12:00] INFO: ASN WMS-ASN-EXT-00004 Carton CNWH63502: Assigned=Assigned, Actual=Assigned, ReceivedQty=0
[2026-04-22 16:12:00] INFO: ASN WMS-ASN-EXT-00004 Carton CNWH64607: Assigned=Assigned, Actual=Assigned, ReceivedQty=0
[2026-04-22 16:12:00] INFO: ASN WMS-ASN-EXT-127211 Carton CNWH12858: Assigned=Assigned, Actual=Assigned, ReceivedQty=0
[2026-04-22 16:12:00] INFO: ASN WMS-ASN-EXT-127211 Carton CNWH12854: Assigned=Assigned, Actual=Assigned, ReceivedQty=0
[2026-04-22 16:15:18] INFO: ASN ASN-0001 Carton CNWH12858: Assigned=Assigned, Actual=Assigned, ReceivedQty=0
[2026-04-22 16:15:18] INFO: ASN ASN-0001 Carton CNWH12854: Assigned=Assigned, Actual=Assigned, ReceivedQty=0
[2026-04-22 16:15:18] INFO: ASN ASN-0001 Carton CNWH15390: Assigned=Assigned, Actual=Assigned, ReceivedQty=0
[2026-04-22 16:15:18] INFO: ASN ASN-0001 Carton CNWH42441: Assigned=Assigned, Actual=Assigned, ReceivedQty=0
[2026-04-22 16:15:18] INFO: ASN ASN-0001 Carton CNWH64571: Assigned=Assigned, Actual=Assigned, ReceivedQty=0
[2026-04-22 16:15:18] INFO: ASN ASN-0001 Carton CNWH64521: Assigned=Assigned, Actual=Assigned, ReceivedQty=0
[2026-04-22 16:15:18] INFO: ASN ASN-0001 Carton CNWH63561: Assigned=Assigned, Actual=Assigned, ReceivedQty=0
[2026-04-22 16:15:18] INFO: ASN ASN-0001 Carton CNWH63609: Assigned=Assigned, Actual=Assigned, ReceivedQty=0
[2026-04-22 16:15:18] INFO: ASN ASN-0002 Carton CNWH12858: Assigned=Assigned, Actual=Assigned, ReceivedQty=0
[2026-04-22 16:15:18] INFO: ASN ASN-0002 Carton CNWH12854: Assigned=Assigned, Actual=Assigned, ReceivedQty=0
[2026-04-22 16:15:18] INFO: ASN WMS-ASN-EXT-00004 Carton CNWH63179: Assigned=Received, Actual=Received, ReceivedQty=10
[2026-04-22 16:15:18] INFO: ASN WMS-ASN-EXT-00004 Carton CNWH63180: Assigned=Receiving, Actual=Receiving, ReceivedQty=0
[2026-04-22 16:15:18] INFO: ASN WMS-ASN-EXT-00004 Carton CNWH63196: Assigned=Received, Actual=Received, ReceivedQty=20
[2026-04-22 16:15:18] INFO: ASN WMS-ASN-EXT-00004 Carton CNWH63197: Assigned=Assigned, Actual=Assigned, ReceivedQty=0
[2026-04-22 16:15:18] INFO: ASN WMS-ASN-EXT-00004 Carton CNWH63198: Assigned=Assigned, Actual=Assigned, ReceivedQty=0
[2026-04-22 16:15:18] INFO: ASN WMS-ASN-EXT-00004 Carton CNWH63199: Assigned=Assigned, Actual=Assigned, ReceivedQty=0
[2026-04-22 16:15:18] INFO: ASN WMS-ASN-EXT-00004 Carton CNWH63200: Assigned=Assigned, Actual=Assigned, ReceivedQty=0
[2026-04-22 16:15:18] INFO: ASN WMS-ASN-EXT-00004 Carton CNWH63266: Assigned=Assigned, Actual=Assigned, ReceivedQty=0
[2026-04-22 16:15:18] INFO: ASN WMS-ASN-EXT-00004 Carton CNWH63268: Assigned=Assigned, Actual=Assigned, ReceivedQty=0
[2026-04-22 16:15:18] INFO: ASN WMS-ASN-EXT-00004 Carton CNWH63269: Assigned=Assigned, Actual=Assigned, ReceivedQty=0
[2026-04-22 16:15:18] INFO: ASN WMS-ASN-EXT-00004 Carton CNWH63270: Assigned=Assigned, Actual=Assigned, ReceivedQty=0
[2026-04-22 16:15:18] INFO: ASN WMS-ASN-EXT-00004 Carton CNWH63271: Assigned=Assigned, Actual=Assigned, ReceivedQty=0
[2026-04-22 16:15:18] INFO: ASN WMS-ASN-EXT-00004 Carton CNWH63272: Assigned=Assigned, Actual=Assigned, ReceivedQty=0
[2026-04-22 16:15:18] INFO: ASN WMS-ASN-EXT-00004 Carton CNWH63275: Assigned=Assigned, Actual=Assigned, ReceivedQty=0
[2026-04-22 16:15:18] INFO: ASN WMS-ASN-EXT-00004 Carton CNWH63277: Assigned=Assigned, Actual=Assigned, ReceivedQty=0
[2026-04-22 16:15:18] INFO: ASN WMS-ASN-EXT-00004 Carton CNWH63280: Assigned=Assigned, Actual=Assigned, ReceivedQty=0
[2026-04-22 16:15:18] INFO: ASN WMS-ASN-EXT-00004 Carton CNWH63282: Assigned=Assigned, Actual=Assigned, ReceivedQty=0
[2026-04-22 16:15:18] INFO: ASN WMS-ASN-EXT-00004 Carton CNWH63283: Assigned=Assigned, Actual=Assigned, ReceivedQty=0
[2026-04-22 16:15:18] INFO: ASN WMS-ASN-EXT-00004 Carton CNWH63284: Assigned=Assigned, Actual=Assigned, ReceivedQty=0
[2026-04-22 16:15:18] INFO: ASN WMS-ASN-EXT-00004 Carton CNWH63285: Assigned=Assigned, Actual=Assigned, ReceivedQty=0
[2026-04-22 16:15:18] INFO: ASN WMS-ASN-EXT-00004 Carton CNWH63286: Assigned=Assigned, Actual=Assigned, ReceivedQty=0
[2026-04-22 16:15:18] INFO: ASN WMS-ASN-EXT-00004 Carton CNWH63287: Assigned=Assigned, Actual=Assigned, ReceivedQty=0
[2026-04-22 16:15:18] INFO: ASN WMS-ASN-EXT-00004 Carton CNWH63288: Assigned=Assigned, Actual=Assigned, ReceivedQty=0
[2026-04-22 16:15:18] INFO: ASN WMS-ASN-EXT-00004 Carton CNWH63289: Assigned=Assigned, Actual=Assigned, ReceivedQty=0
[2026-04-22 16:15:18] INFO: ASN WMS-ASN-EXT-00004 Carton CNWH63441: Assigned=Assigned, Actual=Assigned, ReceivedQty=0
[2026-04-22 16:15:18] INFO: ASN WMS-ASN-EXT-00004 Carton CNWH63442: Assigned=Assigned, Actual=Assigned, ReceivedQty=0
[2026-04-22 16:15:18] INFO: ASN WMS-ASN-EXT-00004 Carton CNWH63444: Assigned=Assigned, Actual=Assigned, ReceivedQty=0
[2026-04-22 16:15:18] INFO: ASN WMS-ASN-EXT-00004 Carton CNWH63446: Assigned=Assigned, Actual=Assigned, ReceivedQty=0
[2026-04-22 16:15:18] INFO: ASN WMS-ASN-EXT-00004 Carton CNWH63448: Assigned=Assigned, Actual=Assigned, ReceivedQty=0
[2026-04-22 16:15:18] INFO: ASN WMS-ASN-EXT-00004 Carton CNWH65363: Assigned=Assigned, Actual=Assigned, ReceivedQty=0
[2026-04-22 16:15:18] INFO: ASN WMS-ASN-EXT-00004 Carton CNWH63179: Assigned=Received, Actual=Received, ReceivedQty=10
[2026-04-22 16:15:18] INFO: ASN WMS-ASN-EXT-00004 Carton CNWH63180: Assigned=Receiving, Actual=Receiving, ReceivedQty=0
[2026-04-22 16:15:18] INFO: ASN WMS-ASN-EXT-00004 Carton CNWH63196: Assigned=Received, Actual=Received, ReceivedQty=10
[2026-04-22 16:15:18] INFO: ASN WMS-ASN-EXT-00004 Carton CNWH63197: Assigned=Assigned, Actual=Assigned, ReceivedQty=0
[2026-04-22 16:15:18] INFO: ASN WMS-ASN-EXT-00004 Carton CNWH63198: Assigned=Assigned, Actual=Assigned, ReceivedQty=0
[2026-04-22 16:15:18] INFO: ASN WMS-ASN-EXT-00004 Carton CNWH63199: Assigned=Assigned, Actual=Assigned, ReceivedQty=0
[2026-04-22 16:15:18] INFO: ASN WMS-ASN-EXT-00004 Carton CNWH63200: Assigned=Assigned, Actual=Assigned, ReceivedQty=0
[2026-04-22 16:15:18] INFO: ASN WMS-ASN-EXT-00004 Carton CNWH63266: Assigned=Assigned, Actual=Assigned, ReceivedQty=0
[2026-04-22 16:15:18] INFO: ASN WMS-ASN-EXT-00004 Carton CNWH63268: Assigned=Assigned, Actual=Assigned, ReceivedQty=0
[2026-04-22 16:15:18] INFO: ASN WMS-ASN-EXT-00004 Carton CNWH63269: Assigned=Assigned, Actual=Assigned, ReceivedQty=0
[2026-04-22 16:15:18] INFO: ASN WMS-ASN-EXT-00004 Carton CNWH63270: Assigned=Assigned, Actual=Assigned, ReceivedQty=0
[2026-04-22 16:15:18] INFO: ASN WMS-ASN-EXT-00004 Carton CNWH63271: Assigned=Assigned, Actual=Assigned, ReceivedQty=0
[2026-04-22 16:15:18] INFO: ASN WMS-ASN-EXT-00004 Carton CNWH63272: Assigned=Assigned, Actual=Assigned, ReceivedQty=0
[2026-04-22 16:15:18] INFO: ASN WMS-ASN-EXT-00004 Carton CNWH63275: Assigned=Assigned, Actual=Assigned, ReceivedQty=0
[2026-04-22 16:15:18] INFO: ASN WMS-ASN-EXT-00004 Carton CNWH63277: Assigned=Assigned, Actual=Assigned, ReceivedQty=0
[2026-04-22 16:15:18] INFO: ASN WMS-ASN-EXT-00004 Carton CNWH63280: Assigned=Assigned, Actual=Assigned, ReceivedQty=0
[2026-04-22 16:15:18] INFO: ASN WMS-ASN-EXT-00004 Carton CNWH63282: Assigned=Assigned, Actual=Assigned, ReceivedQty=0
[2026-04-22 16:15:18] INFO: ASN WMS-ASN-EXT-00004 Carton CNWH63283: Assigned=Assigned, Actual=Assigned, ReceivedQty=0
[2026-04-22 16:15:18] INFO: ASN WMS-ASN-EXT-00004 Carton CNWH63284: Assigned=Assigned, Actual=Assigned, ReceivedQty=0
[2026-04-22 16:15:18] INFO: ASN WMS-ASN-EXT-00004 Carton CNWH63285: Assigned=Assigned, Actual=Assigned, ReceivedQty=0
[2026-04-22 16:15:18] INFO: ASN WMS-ASN-EXT-00004 Carton CNWH63286: Assigned=Assigned, Actual=Assigned, ReceivedQty=0
[2026-04-22 16:15:18] INFO: ASN WMS-ASN-EXT-00004 Carton CNWH63287: Assigned=Assigned, Actual=Assigned, ReceivedQty=0
[2026-04-22 16:15:18] INFO: ASN WMS-ASN-EXT-00004 Carton CNWH63288: Assigned=Assigned, Actual=Assigned, ReceivedQty=0
[2026-04-22 16:15:18] INFO: ASN WMS-ASN-EXT-00004 Carton CNWH63289: Assigned=Assigned, Actual=Assigned, ReceivedQty=0
[2026-04-22 16:15:18] INFO: ASN WMS-ASN-EXT-00004 Carton CNWH63441: Assigned=Assigned, Actual=Assigned, ReceivedQty=0
[2026-04-22 16:15:18] INFO: ASN WMS-ASN-EXT-00004 Carton CNWH63442: Assigned=Assigned, Actual=Assigned, ReceivedQty=0
[2026-04-22 16:15:18] INFO: ASN WMS-ASN-EXT-00004 Carton CNWH65363: Assigned=Assigned, Actual=Assigned, ReceivedQty=0
[2026-04-22 16:15:18] INFO: ASN WMS-ASN-EXT-00004 Carton CNWH63502: Assigned=Assigned, Actual=Assigned, ReceivedQty=0
[2026-04-22 16:15:18] INFO: ASN WMS-ASN-EXT-00004 Carton CNWH63502: Assigned=Assigned, Actual=Assigned, ReceivedQty=0
[2026-04-22 16:15:18] INFO: ASN WMS-ASN-EXT-00004 Carton CNWH64607: Assigned=Assigned, Actual=Assigned, ReceivedQty=0
[2026-04-22 16:15:18] INFO: ASN WMS-ASN-EXT-127211 Carton CNWH12858: Assigned=Assigned, Actual=Assigned, ReceivedQty=0
[2026-04-22 16:15:18] INFO: ASN WMS-ASN-EXT-127211 Carton CNWH12854: Assigned=Assigned, Actual=Assigned, ReceivedQty=0
[2026-04-22 21:15:17] INFO: ASN ASN-0001 Carton CNWH12858: Assigned=Assigned, Actual=Assigned, ReceivedQty=0
[2026-04-22 21:15:17] INFO: ASN ASN-0001 Carton CNWH12854: Assigned=Assigned, Actual=Assigned, ReceivedQty=0
[2026-04-22 21:15:17] INFO: ASN ASN-0001 Carton CNWH15390: Assigned=Assigned, Actual=Assigned, ReceivedQty=0
[2026-04-22 21:15:17] INFO: ASN ASN-0001 Carton CNWH42441: Assigned=Assigned, Actual=Assigned, ReceivedQty=0
[2026-04-22 21:15:17] INFO: ASN ASN-0001 Carton CNWH64571: Assigned=Assigned, Actual=Assigned, ReceivedQty=0
[2026-04-22 21:15:17] INFO: ASN ASN-0001 Carton CNWH64521: Assigned=Assigned, Actual=Assigned, ReceivedQty=0
[2026-04-22 21:15:17] INFO: ASN ASN-0001 Carton CNWH63561: Assigned=Assigned, Actual=Assigned, ReceivedQty=0
[2026-04-22 21:15:17] INFO: ASN ASN-0001 Carton CNWH63609: Assigned=Assigned, Actual=Assigned, ReceivedQty=0
[2026-04-22 21:15:17] INFO: ASN ASN-0002 Carton CNWH12858: Assigned=Assigned, Actual=Assigned, ReceivedQty=0
[2026-04-22 21:15:17] INFO: ASN ASN-0002 Carton CNWH12854: Assigned=Assigned, Actual=Assigned, ReceivedQty=0
[2026-04-22 21:15:17] INFO: ASN WMS-ASN-EXT-00004 Carton CNWH63179: Assigned=Received, Actual=Received, ReceivedQty=10
[2026-04-22 21:15:17] INFO: ASN WMS-ASN-EXT-00004 Carton CNWH63180: Assigned=Received, Actual=Received, ReceivedQty=20
[2026-04-22 21:15:17] INFO: ASN WMS-ASN-EXT-00004 Carton CNWH63196: Assigned=Received, Actual=Received, ReceivedQty=20
[2026-04-22 21:15:17] INFO: ASN WMS-ASN-EXT-00004 Carton CNWH63197: Assigned=Received, Actual=Received, ReceivedQty=20
[2026-04-22 21:15:17] INFO: ASN WMS-ASN-EXT-00004 Carton CNWH63198: Assigned=Received, Actual=Received, ReceivedQty=20
[2026-04-22 21:15:17] INFO: ASN WMS-ASN-EXT-00004 Carton CNWH63199: Assigned=Received, Actual=Received, ReceivedQty=20
[2026-04-22 21:15:17] INFO: ASN WMS-ASN-EXT-00004 Carton CNWH63200: Assigned=Assigned, Actual=Assigned, ReceivedQty=0
[2026-04-22 21:15:17] INFO: ASN WMS-ASN-EXT-00004 Carton CNWH63266: Assigned=Assigned, Actual=Assigned, ReceivedQty=0
[2026-04-22 21:15:17] INFO: ASN WMS-ASN-EXT-00004 Carton CNWH63268: Assigned=Assigned, Actual=Assigned, ReceivedQty=0
[2026-04-22 21:15:17] INFO: ASN WMS-ASN-EXT-00004 Carton CNWH63269: Assigned=Assigned, Actual=Assigned, ReceivedQty=0
[2026-04-22 21:15:17] INFO: ASN WMS-ASN-EXT-00004 Carton CNWH63270: Assigned=Assigned, Actual=Assigned, ReceivedQty=0
[2026-04-22 21:15:17] INFO: ASN WMS-ASN-EXT-00004 Carton CNWH63271: Assigned=Assigned, Actual=Assigned, ReceivedQty=0
[2026-04-22 21:15:17] INFO: ASN WMS-ASN-EXT-00004 Carton CNWH63272: Assigned=Assigned, Actual=Assigned, ReceivedQty=0
[2026-04-22 21:15:17] INFO: ASN WMS-ASN-EXT-00004 Carton CNWH63275: Assigned=Assigned, Actual=Assigned, ReceivedQty=0
[2026-04-22 21:15:17] INFO: ASN WMS-ASN-EXT-00004 Carton CNWH63277: Assigned=Assigned, Actual=Assigned, ReceivedQty=0
[2026-04-22 21:15:17] INFO: ASN WMS-ASN-EXT-00004 Carton CNWH63280: Assigned=Assigned, Actual=Assigned, ReceivedQty=0
[2026-04-22 21:15:17] INFO: ASN WMS-ASN-EXT-00004 Carton CNWH63282: Assigned=Assigned, Actual=Assigned, ReceivedQty=0
[2026-04-22 21:15:17] INFO: ASN WMS-ASN-EXT-00004 Carton CNWH63283: Assigned=Assigned, Actual=Assigned, ReceivedQty=0
[2026-04-22 21:15:17] INFO: ASN WMS-ASN-EXT-00004 Carton CNWH63284: Assigned=Assigned, Actual=Assigned, ReceivedQty=0
[2026-04-22 21:15:17] INFO: ASN WMS-ASN-EXT-00004 Carton CNWH63285: Assigned=Assigned, Actual=Assigned, ReceivedQty=0
[2026-04-22 21:15:17] INFO: ASN WMS-ASN-EXT-00004 Carton CNWH63286: Assigned=Assigned, Actual=Assigned, ReceivedQty=0
[2026-04-22 21:15:17] INFO: ASN WMS-ASN-EXT-00004 Carton CNWH63287: Assigned=Assigned, Actual=Assigned, ReceivedQty=0
[2026-04-22 21:15:17] INFO: ASN WMS-ASN-EXT-00004 Carton CNWH63288: Assigned=Assigned, Actual=Assigned, ReceivedQty=0
[2026-04-22 21:15:17] INFO: ASN WMS-ASN-EXT-00004 Carton CNWH63289: Assigned=Assigned, Actual=Assigned, ReceivedQty=0
[2026-04-22 21:15:17] INFO: ASN WMS-ASN-EXT-00004 Carton CNWH63441: Assigned=Assigned, Actual=Assigned, ReceivedQty=0
[2026-04-22 21:15:17] INFO: ASN WMS-ASN-EXT-00004 Carton CNWH63442: Assigned=Assigned, Actual=Assigned, ReceivedQty=0
[2026-04-22 21:15:17] INFO: ASN WMS-ASN-EXT-00004 Carton CNWH63444: Assigned=Assigned, Actual=Assigned, ReceivedQty=0
[2026-04-22 21:15:17] INFO: ASN WMS-ASN-EXT-00004 Carton CNWH63446: Assigned=Assigned, Actual=Assigned, ReceivedQty=0
[2026-04-22 21:15:17] INFO: ASN WMS-ASN-EXT-00004 Carton CNWH63448: Assigned=Assigned, Actual=Assigned, ReceivedQty=0
[2026-04-22 21:15:17] INFO: ASN WMS-ASN-EXT-00004 Carton CNWH65363: Assigned=Received, Actual=Received, ReceivedQty=20
[2026-04-22 21:15:17] INFO: ASN WMS-ASN-EXT-00004 Carton CNWH63179: Assigned=Received, Actual=Received, ReceivedQty=10
[2026-04-22 21:15:17] INFO: ASN WMS-ASN-EXT-00004 Carton CNWH63180: Assigned=Received, Actual=Received, ReceivedQty=10
[2026-04-22 21:15:17] INFO: ASN WMS-ASN-EXT-00004 Carton CNWH63196: Assigned=Received, Actual=Received, ReceivedQty=10
[2026-04-22 21:15:17] INFO: ASN WMS-ASN-EXT-00004 Carton CNWH63197: Assigned=Received, Actual=Received, ReceivedQty=10
[2026-04-22 21:15:17] INFO: ASN WMS-ASN-EXT-00004 Carton CNWH63198: Assigned=Received, Actual=Received, ReceivedQty=10
[2026-04-22 21:15:17] INFO: ASN WMS-ASN-EXT-00004 Carton CNWH63199: Assigned=Received, Actual=Received, ReceivedQty=10
[2026-04-22 21:15:17] INFO: ASN WMS-ASN-EXT-00004 Carton CNWH63200: Assigned=Assigned, Actual=Assigned, ReceivedQty=0
[2026-04-22 21:15:17] INFO: ASN WMS-ASN-EXT-00004 Carton CNWH63266: Assigned=Assigned, Actual=Assigned, ReceivedQty=0
[2026-04-22 21:15:17] INFO: ASN WMS-ASN-EXT-00004 Carton CNWH63268: Assigned=Assigned, Actual=Assigned, ReceivedQty=0
[2026-04-22 21:15:17] INFO: ASN WMS-ASN-EXT-00004 Carton CNWH63269: Assigned=Assigned, Actual=Assigned, ReceivedQty=0
[2026-04-22 21:15:17] INFO: ASN WMS-ASN-EXT-00004 Carton CNWH63270: Assigned=Assigned, Actual=Assigned, ReceivedQty=0
[2026-04-22 21:15:17] INFO: ASN WMS-ASN-EXT-00004 Carton CNWH63271: Assigned=Assigned, Actual=Assigned, ReceivedQty=0
[2026-04-22 21:15:17] INFO: ASN WMS-ASN-EXT-00004 Carton CNWH63272: Assigned=Assigned, Actual=Assigned, ReceivedQty=0
[2026-04-22 21:15:17] INFO: ASN WMS-ASN-EXT-00004 Carton CNWH63275: Assigned=Assigned, Actual=Assigned, ReceivedQty=0
[2026-04-22 21:15:17] INFO: ASN WMS-ASN-EXT-00004 Carton CNWH63277: Assigned=Assigned, Actual=Assigned, ReceivedQty=0
[2026-04-22 21:15:17] INFO: ASN WMS-ASN-EXT-00004 Carton CNWH63280: Assigned=Assigned, Actual=Assigned, ReceivedQty=0
[2026-04-22 21:15:17] INFO: ASN WMS-ASN-EXT-00004 Carton CNWH63282: Assigned=Assigned, Actual=Assigned, ReceivedQty=0
[2026-04-22 21:15:17] INFO: ASN WMS-ASN-EXT-00004 Carton CNWH63283: Assigned=Assigned, Actual=Assigned, ReceivedQty=0
[2026-04-22 21:15:17] INFO: ASN WMS-ASN-EXT-00004 Carton CNWH63284: Assigned=Assigned, Actual=Assigned, ReceivedQty=0
[2026-04-22 21:15:17] INFO: ASN WMS-ASN-EXT-00004 Carton CNWH63285: Assigned=Assigned, Actual=Assigned, ReceivedQty=0
[2026-04-22 21:15:17] INFO: ASN WMS-ASN-EXT-00004 Carton CNWH63286: Assigned=Assigned, Actual=Assigned, ReceivedQty=0
[2026-04-22 21:15:17] INFO: ASN WMS-ASN-EXT-00004 Carton CNWH63287: Assigned=Assigned, Actual=Assigned, ReceivedQty=0
[2026-04-22 21:15:17] INFO: ASN WMS-ASN-EXT-00004 Carton CNWH63288: Assigned=Assigned, Actual=Assigned, ReceivedQty=0
[2026-04-22 21:15:17] INFO: ASN WMS-ASN-EXT-00004 Carton CNWH63289: Assigned=Assigned, Actual=Assigned, ReceivedQty=0
[2026-04-22 21:15:17] INFO: ASN WMS-ASN-EXT-00004 Carton CNWH63441: Assigned=Assigned, Actual=Assigned, ReceivedQty=0
[2026-04-22 21:15:17] INFO: ASN WMS-ASN-EXT-00004 Carton CNWH63442: Assigned=Assigned, Actual=Assigned, ReceivedQty=0
[2026-04-22 21:15:17] INFO: ASN WMS-ASN-EXT-00004 Carton CNWH65363: Assigned=Received, Actual=Received, ReceivedQty=10
[2026-04-22 21:15:17] INFO: ASN WMS-ASN-EXT-00004 Carton CNWH63502: Assigned=Assigned, Actual=Assigned, ReceivedQty=0
[2026-04-22 21:15:17] INFO: ASN WMS-ASN-EXT-00004 Carton CNWH63502: Assigned=Assigned, Actual=Assigned, ReceivedQty=0
[2026-04-22 21:15:17] INFO: ASN WMS-ASN-EXT-00004 Carton CNWH64607: Assigned=Assigned, Actual=Assigned, ReceivedQty=0
[2026-04-22 21:15:17] INFO: ASN WMS-ASN-EXT-127211 Carton CNWH12858: Assigned=Assigned, Actual=Assigned, ReceivedQty=0
[2026-04-22 21:15:17] INFO: ASN WMS-ASN-EXT-127211 Carton CNWH12854: Assigned=Assigned, Actual=Assigned, ReceivedQty=0
[2026-04-22 21:19:35] INFO: ASN ASN-0001 Carton CNWH12858: Assigned=Assigned, Actual=Assigned, ReceivedQty=0
[2026-04-22 21:19:35] INFO: ASN ASN-0001 Carton CNWH12854: Assigned=Assigned, Actual=Assigned, ReceivedQty=0
[2026-04-22 21:19:35] INFO: ASN ASN-0001 Carton CNWH15390: Assigned=Assigned, Actual=Assigned, ReceivedQty=0
[2026-04-22 21:19:35] INFO: ASN ASN-0001 Carton CNWH42441: Assigned=Assigned, Actual=Assigned, ReceivedQty=0
[2026-04-22 21:19:35] INFO: ASN ASN-0001 Carton CNWH64571: Assigned=Assigned, Actual=Assigned, ReceivedQty=0
[2026-04-22 21:19:35] INFO: ASN ASN-0001 Carton CNWH64521: Assigned=Assigned, Actual=Assigned, ReceivedQty=0
[2026-04-22 21:19:35] INFO: ASN ASN-0001 Carton CNWH63561: Assigned=Assigned, Actual=Assigned, ReceivedQty=0
[2026-04-22 21:19:35] INFO: ASN ASN-0001 Carton CNWH63609: Assigned=Assigned, Actual=Assigned, ReceivedQty=0
[2026-04-22 21:19:35] INFO: ASN ASN-0002 Carton CNWH12858: Assigned=Assigned, Actual=Assigned, ReceivedQty=0
[2026-04-22 21:19:35] INFO: ASN ASN-0002 Carton CNWH12854: Assigned=Assigned, Actual=Assigned, ReceivedQty=0
[2026-04-22 21:19:35] INFO: ASN WMS-ASN-EXT-00004 Carton CNWH63179: Assigned=Received, Actual=Received, ReceivedQty=10
[2026-04-22 21:19:35] INFO: ASN WMS-ASN-EXT-00004 Carton CNWH63180: Assigned=Received, Actual=Received, ReceivedQty=20
[2026-04-22 21:19:35] INFO: ASN WMS-ASN-EXT-00004 Carton CNWH63196: Assigned=Received, Actual=Received, ReceivedQty=20
[2026-04-22 21:19:35] INFO: ASN WMS-ASN-EXT-00004 Carton CNWH63197: Assigned=Received, Actual=Received, ReceivedQty=20
[2026-04-22 21:19:35] INFO: ASN WMS-ASN-EXT-00004 Carton CNWH63198: Assigned=Received, Actual=Received, ReceivedQty=20
[2026-04-22 21:19:35] INFO: ASN WMS-ASN-EXT-00004 Carton CNWH63199: Assigned=Received, Actual=Received, ReceivedQty=20
[2026-04-22 21:19:35] INFO: ASN WMS-ASN-EXT-00004 Carton CNWH63200: Assigned=Receiving, Actual=Receiving, ReceivedQty=0
[2026-04-22 21:19:35] INFO: ASN WMS-ASN-EXT-00004 Carton CNWH63266: Assigned=Assigned, Actual=Assigned, ReceivedQty=0
[2026-04-22 21:19:35] INFO: ASN WMS-ASN-EXT-00004 Carton CNWH63268: Assigned=Assigned, Actual=Assigned, ReceivedQty=0
[2026-04-22 21:19:35] INFO: ASN WMS-ASN-EXT-00004 Carton CNWH63269: Assigned=Assigned, Actual=Assigned, ReceivedQty=0
[2026-04-22 21:19:35] INFO: ASN WMS-ASN-EXT-00004 Carton CNWH63270: Assigned=Assigned, Actual=Assigned, ReceivedQty=0
[2026-04-22 21:19:35] INFO: ASN WMS-ASN-EXT-00004 Carton CNWH63271: Assigned=Assigned, Actual=Assigned, ReceivedQty=0
[2026-04-22 21:19:35] INFO: ASN WMS-ASN-EXT-00004 Carton CNWH63272: Assigned=Assigned, Actual=Assigned, ReceivedQty=0
[2026-04-22 21:19:35] INFO: ASN WMS-ASN-EXT-00004 Carton CNWH63275: Assigned=Assigned, Actual=Assigned, ReceivedQty=0
[2026-04-22 21:19:35] INFO: ASN WMS-ASN-EXT-00004 Carton CNWH63277: Assigned=Assigned, Actual=Assigned, ReceivedQty=0
[2026-04-22 21:19:35] INFO: ASN WMS-ASN-EXT-00004 Carton CNWH63280: Assigned=Assigned, Actual=Assigned, ReceivedQty=0
[2026-04-22 21:19:35] INFO: ASN WMS-ASN-EXT-00004 Carton CNWH63282: Assigned=Assigned, Actual=Assigned, ReceivedQty=0
[2026-04-22 21:19:35] INFO: ASN WMS-ASN-EXT-00004 Carton CNWH63283: Assigned=Assigned, Actual=Assigned, ReceivedQty=0
[2026-04-22 21:19:35] INFO: ASN WMS-ASN-EXT-00004 Carton CNWH63284: Assigned=Assigned, Actual=Assigned, ReceivedQty=0
[2026-04-22 21:19:35] INFO: ASN WMS-ASN-EXT-00004 Carton CNWH63285: Assigned=Assigned, Actual=Assigned, ReceivedQty=0
[2026-04-22 21:19:35] INFO: ASN WMS-ASN-EXT-00004 Carton CNWH63286: Assigned=Assigned, Actual=Assigned, ReceivedQty=0
[2026-04-22 21:19:35] INFO: ASN WMS-ASN-EXT-00004 Carton CNWH63287: Assigned=Assigned, Actual=Assigned, ReceivedQty=0
[2026-04-22 21:19:35] INFO: ASN WMS-ASN-EXT-00004 Carton CNWH63288: Assigned=Assigned, Actual=Assigned, ReceivedQty=0
[2026-04-22 21:19:35] INFO: ASN WMS-ASN-EXT-00004 Carton CNWH63289: Assigned=Assigned, Actual=Assigned, ReceivedQty=0
[2026-04-22 21:19:35] INFO: ASN WMS-ASN-EXT-00004 Carton CNWH63441: Assigned=Assigned, Actual=Assigned, ReceivedQty=0
[2026-04-22 21:19:35] INFO: ASN WMS-ASN-EXT-00004 Carton CNWH63442: Assigned=Assigned, Actual=Assigned, ReceivedQty=0
[2026-04-22 21:19:35] INFO: ASN WMS-ASN-EXT-00004 Carton CNWH63444: Assigned=Assigned, Actual=Assigned, ReceivedQty=0
[2026-04-22 21:19:35] INFO: ASN WMS-ASN-EXT-00004 Carton CNWH63446: Assigned=Assigned, Actual=Assigned, ReceivedQty=0
[2026-04-22 21:19:35] INFO: ASN WMS-ASN-EXT-00004 Carton CNWH63448: Assigned=Assigned, Actual=Assigned, ReceivedQty=0
[2026-04-22 21:19:35] INFO: ASN WMS-ASN-EXT-00004 Carton CNWH65363: Assigned=Received, Actual=Received, ReceivedQty=20
[2026-04-22 21:19:35] INFO: ASN WMS-ASN-EXT-00004 Carton CNWH63179: Assigned=Received, Actual=Received, ReceivedQty=10
[2026-04-22 21:19:35] INFO: ASN WMS-ASN-EXT-00004 Carton CNWH63180: Assigned=Received, Actual=Received, ReceivedQty=10
[2026-04-22 21:19:35] INFO: ASN WMS-ASN-EXT-00004 Carton CNWH63196: Assigned=Received, Actual=Received, ReceivedQty=10
[2026-04-22 21:19:35] INFO: ASN WMS-ASN-EXT-00004 Carton CNWH63197: Assigned=Received, Actual=Received, ReceivedQty=10
[2026-04-22 21:19:35] INFO: ASN WMS-ASN-EXT-00004 Carton CNWH63198: Assigned=Received, Actual=Received, ReceivedQty=10
[2026-04-22 21:19:35] INFO: ASN WMS-ASN-EXT-00004 Carton CNWH63199: Assigned=Received, Actual=Received, ReceivedQty=10
[2026-04-22 21:19:35] INFO: ASN WMS-ASN-EXT-00004 Carton CNWH63200: Assigned=Receiving, Actual=Receiving, ReceivedQty=0
[2026-04-22 21:19:35] INFO: ASN WMS-ASN-EXT-00004 Carton CNWH63266: Assigned=Assigned, Actual=Assigned, ReceivedQty=0
[2026-04-22 21:19:35] INFO: ASN WMS-ASN-EXT-00004 Carton CNWH63268: Assigned=Assigned, Actual=Assigned, ReceivedQty=0
[2026-04-22 21:19:35] INFO: ASN WMS-ASN-EXT-00004 Carton CNWH63269: Assigned=Assigned, Actual=Assigned, ReceivedQty=0
[2026-04-22 21:19:35] INFO: ASN WMS-ASN-EXT-00004 Carton CNWH63270: Assigned=Assigned, Actual=Assigned, ReceivedQty=0
[2026-04-22 21:19:35] INFO: ASN WMS-ASN-EXT-00004 Carton CNWH63271: Assigned=Assigned, Actual=Assigned, ReceivedQty=0
[2026-04-22 21:19:35] INFO: ASN WMS-ASN-EXT-00004 Carton CNWH63272: Assigned=Assigned, Actual=Assigned, ReceivedQty=0
[2026-04-22 21:19:35] INFO: ASN WMS-ASN-EXT-00004 Carton CNWH63275: Assigned=Assigned, Actual=Assigned, ReceivedQty=0
[2026-04-22 21:19:35] INFO: ASN WMS-ASN-EXT-00004 Carton CNWH63277: Assigned=Assigned, Actual=Assigned, ReceivedQty=0
[2026-04-22 21:19:35] INFO: ASN WMS-ASN-EXT-00004 Carton CNWH63280: Assigned=Assigned, Actual=Assigned, ReceivedQty=0
[2026-04-22 21:19:35] INFO: ASN WMS-ASN-EXT-00004 Carton CNWH63282: Assigned=Assigned, Actual=Assigned, ReceivedQty=0
[2026-04-22 21:19:35] INFO: ASN WMS-ASN-EXT-00004 Carton CNWH63283: Assigned=Assigned, Actual=Assigned, ReceivedQty=0
[2026-04-22 21:19:35] INFO: ASN WMS-ASN-EXT-00004 Carton CNWH63284: Assigned=Assigned, Actual=Assigned, ReceivedQty=0
[2026-04-22 21:19:35] INFO: ASN WMS-ASN-EXT-00004 Carton CNWH63285: Assigned=Assigned, Actual=Assigned, ReceivedQty=0
[2026-04-22 21:19:35] INFO: ASN WMS-ASN-EXT-00004 Carton CNWH63286: Assigned=Assigned, Actual=Assigned, ReceivedQty=0
[2026-04-22 21:19:35] INFO: ASN WMS-ASN-EXT-00004 Carton CNWH63287: Assigned=Assigned, Actual=Assigned, ReceivedQty=0
[2026-04-22 21:19:35] INFO: ASN WMS-ASN-EXT-00004 Carton CNWH63288: Assigned=Assigned, Actual=Assigned, ReceivedQty=0
[2026-04-22 21:19:35] INFO: ASN WMS-ASN-EXT-00004 Carton CNWH63289: Assigned=Assigned, Actual=Assigned, ReceivedQty=0
[2026-04-22 21:19:35] INFO: ASN WMS-ASN-EXT-00004 Carton CNWH63441: Assigned=Assigned, Actual=Assigned, ReceivedQty=0
[2026-04-22 21:19:35] INFO: ASN WMS-ASN-EXT-00004 Carton CNWH63442: Assigned=Assigned, Actual=Assigned, ReceivedQty=0
[2026-04-22 21:19:35] INFO: ASN WMS-ASN-EXT-00004 Carton CNWH65363: Assigned=Received, Actual=Received, ReceivedQty=10
[2026-04-22 21:19:35] INFO: ASN WMS-ASN-EXT-00004 Carton CNWH63502: Assigned=Assigned, Actual=Assigned, ReceivedQty=0
[2026-04-22 21:19:35] INFO: ASN WMS-ASN-EXT-00004 Carton CNWH63502: Assigned=Assigned, Actual=Assigned, ReceivedQty=0
[2026-04-22 21:19:35] INFO: ASN WMS-ASN-EXT-00004 Carton CNWH64607: Assigned=Assigned, Actual=Assigned, ReceivedQty=0
[2026-04-22 21:19:35] INFO: ASN WMS-ASN-EXT-127211 Carton CNWH12858: Assigned=Assigned, Actual=Assigned, ReceivedQty=0
[2026-04-22 21:19:35] INFO: ASN WMS-ASN-EXT-127211 Carton CNWH12854: Assigned=Assigned, Actual=Assigned, ReceivedQty=0
[2026-04-22 21:24:46] INFO: ASN ASN-0001 Carton CNWH12858: Assigned=Assigned, Actual=Assigned, ReceivedQty=0
[2026-04-22 21:24:46] INFO: ASN ASN-0001 Carton CNWH12854: Assigned=Assigned, Actual=Assigned, ReceivedQty=0
[2026-04-22 21:24:46] INFO: ASN ASN-0001 Carton CNWH15390: Assigned=Assigned, Actual=Assigned, ReceivedQty=0
[2026-04-22 21:24:46] INFO: ASN ASN-0001 Carton CNWH42441: Assigned=Assigned, Actual=Assigned, ReceivedQty=0
[2026-04-22 21:24:46] INFO: ASN ASN-0001 Carton CNWH64571: Assigned=Assigned, Actual=Assigned, ReceivedQty=0
[2026-04-22 21:24:46] INFO: ASN ASN-0001 Carton CNWH64521: Assigned=Assigned, Actual=Assigned, ReceivedQty=0
[2026-04-22 21:24:46] INFO: ASN ASN-0001 Carton CNWH63561: Assigned=Assigned, Actual=Assigned, ReceivedQty=0
[2026-04-22 21:24:46] INFO: ASN ASN-0001 Carton CNWH63609: Assigned=Assigned, Actual=Assigned, ReceivedQty=0
[2026-04-22 21:24:46] INFO: ASN ASN-0002 Carton CNWH12858: Assigned=Assigned, Actual=Assigned, ReceivedQty=0
[2026-04-22 21:24:46] INFO: ASN ASN-0002 Carton CNWH12854: Assigned=Assigned, Actual=Assigned, ReceivedQty=0
[2026-04-22 21:24:46] INFO: ASN WMS-ASN-EXT-00004 Carton CNWH63179: Assigned=Received, Actual=Received, ReceivedQty=10
[2026-04-22 21:24:46] INFO: ASN WMS-ASN-EXT-00004 Carton CNWH63180: Assigned=Received, Actual=Received, ReceivedQty=20
[2026-04-22 21:24:46] INFO: ASN WMS-ASN-EXT-00004 Carton CNWH63196: Assigned=Received, Actual=Received, ReceivedQty=20
[2026-04-22 21:24:46] INFO: ASN WMS-ASN-EXT-00004 Carton CNWH63197: Assigned=Received, Actual=Received, ReceivedQty=20
[2026-04-22 21:24:46] INFO: ASN WMS-ASN-EXT-00004 Carton CNWH63198: Assigned=Received, Actual=Received, ReceivedQty=20
[2026-04-22 21:24:46] INFO: ASN WMS-ASN-EXT-00004 Carton CNWH63199: Assigned=Received, Actual=Received, ReceivedQty=20
[2026-04-22 21:24:46] INFO: ASN WMS-ASN-EXT-00004 Carton CNWH63200: Assigned=Receiving, Actual=Receiving, ReceivedQty=0
[2026-04-22 21:24:46] INFO: ASN WMS-ASN-EXT-00004 Carton CNWH63266: Assigned=Assigned, Actual=Assigned, ReceivedQty=0
[2026-04-22 21:24:46] INFO: ASN WMS-ASN-EXT-00004 Carton CNWH63268: Assigned=Assigned, Actual=Assigned, ReceivedQty=0
[2026-04-22 21:24:46] INFO: ASN WMS-ASN-EXT-00004 Carton CNWH63269: Assigned=Assigned, Actual=Assigned, ReceivedQty=0
[2026-04-22 21:24:46] INFO: ASN WMS-ASN-EXT-00004 Carton CNWH63270: Assigned=Assigned, Actual=Assigned, ReceivedQty=0
[2026-04-22 21:24:46] INFO: ASN WMS-ASN-EXT-00004 Carton CNWH63271: Assigned=Assigned, Actual=Assigned, ReceivedQty=0
[2026-04-22 21:24:46] INFO: ASN WMS-ASN-EXT-00004 Carton CNWH63272: Assigned=Assigned, Actual=Assigned, ReceivedQty=0
[2026-04-22 21:24:46] INFO: ASN WMS-ASN-EXT-00004 Carton CNWH63275: Assigned=Assigned, Actual=Assigned, ReceivedQty=0
[2026-04-22 21:24:46] INFO: ASN WMS-ASN-EXT-00004 Carton CNWH63277: Assigned=Assigned, Actual=Assigned, ReceivedQty=0
[2026-04-22 21:24:46] INFO: ASN WMS-ASN-EXT-00004 Carton CNWH63280: Assigned=Assigned, Actual=Assigned, ReceivedQty=0
[2026-04-22 21:24:46] INFO: ASN WMS-ASN-EXT-00004 Carton CNWH63282: Assigned=Assigned, Actual=Assigned, ReceivedQty=0
[2026-04-22 21:24:46] INFO: ASN WMS-ASN-EXT-00004 Carton CNWH63283: Assigned=Assigned, Actual=Assigned, ReceivedQty=0
[2026-04-22 21:24:46] INFO: ASN WMS-ASN-EXT-00004 Carton CNWH63284: Assigned=Assigned, Actual=Assigned, ReceivedQty=0
[2026-04-22 21:24:46] INFO: ASN WMS-ASN-EXT-00004 Carton CNWH63285: Assigned=Assigned, Actual=Assigned, ReceivedQty=0
[2026-04-22 21:24:46] INFO: ASN WMS-ASN-EXT-00004 Carton CNWH63286: Assigned=Assigned, Actual=Assigned, ReceivedQty=0
[2026-04-22 21:24:46] INFO: ASN WMS-ASN-EXT-00004 Carton CNWH63287: Assigned=Assigned, Actual=Assigned, ReceivedQty=0
[2026-04-22 21:24:46] INFO: ASN WMS-ASN-EXT-00004 Carton CNWH63288: Assigned=Assigned, Actual=Assigned, ReceivedQty=0
[2026-04-22 21:24:46] INFO: ASN WMS-ASN-EXT-00004 Carton CNWH63289: Assigned=Assigned, Actual=Assigned, ReceivedQty=0
[2026-04-22 21:24:46] INFO: ASN WMS-ASN-EXT-00004 Carton CNWH63441: Assigned=Assigned, Actual=Assigned, ReceivedQty=0
[2026-04-22 21:24:46] INFO: ASN WMS-ASN-EXT-00004 Carton CNWH63442: Assigned=Assigned, Actual=Assigned, ReceivedQty=0
[2026-04-22 21:24:46] INFO: ASN WMS-ASN-EXT-00004 Carton CNWH63444: Assigned=Assigned, Actual=Assigned, ReceivedQty=0
[2026-04-22 21:24:46] INFO: ASN WMS-ASN-EXT-00004 Carton CNWH63446: Assigned=Assigned, Actual=Assigned, ReceivedQty=0
[2026-04-22 21:24:46] INFO: ASN WMS-ASN-EXT-00004 Carton CNWH63448: Assigned=Assigned, Actual=Assigned, ReceivedQty=0
[2026-04-22 21:24:46] INFO: ASN WMS-ASN-EXT-00004 Carton CNWH65363: Assigned=Received, Actual=Received, ReceivedQty=20
[2026-04-22 21:24:46] INFO: ASN WMS-ASN-EXT-00004 Carton CNWH63179: Assigned=Received, Actual=Received, ReceivedQty=10
[2026-04-22 21:24:46] INFO: ASN WMS-ASN-EXT-00004 Carton CNWH63180: Assigned=Received, Actual=Received, ReceivedQty=10
[2026-04-22 21:24:46] INFO: ASN WMS-ASN-EXT-00004 Carton CNWH63196: Assigned=Received, Actual=Received, ReceivedQty=10
[2026-04-22 21:24:46] INFO: ASN WMS-ASN-EXT-00004 Carton CNWH63197: Assigned=Received, Actual=Received, ReceivedQty=10
[2026-04-22 21:24:46] INFO: ASN WMS-ASN-EXT-00004 Carton CNWH63198: Assigned=Received, Actual=Received, ReceivedQty=10
[2026-04-22 21:24:46] INFO: ASN WMS-ASN-EXT-00004 Carton CNWH63199: Assigned=Received, Actual=Received, ReceivedQty=10
[2026-04-22 21:24:46] INFO: ASN WMS-ASN-EXT-00004 Carton CNWH63200: Assigned=Receiving, Actual=Receiving, ReceivedQty=0
[2026-04-22 21:24:46] INFO: ASN WMS-ASN-EXT-00004 Carton CNWH63266: Assigned=Assigned, Actual=Assigned, ReceivedQty=0
[2026-04-22 21:24:46] INFO: ASN WMS-ASN-EXT-00004 Carton CNWH63268: Assigned=Assigned, Actual=Assigned, ReceivedQty=0
[2026-04-22 21:24:46] INFO: ASN WMS-ASN-EXT-00004 Carton CNWH63269: Assigned=Assigned, Actual=Assigned, ReceivedQty=0
[2026-04-22 21:24:46] INFO: ASN WMS-ASN-EXT-00004 Carton CNWH63270: Assigned=Assigned, Actual=Assigned, ReceivedQty=0
[2026-04-22 21:24:46] INFO: ASN WMS-ASN-EXT-00004 Carton CNWH63271: Assigned=Assigned, Actual=Assigned, ReceivedQty=0
[2026-04-22 21:24:46] INFO: ASN WMS-ASN-EXT-00004 Carton CNWH63272: Assigned=Assigned, Actual=Assigned, ReceivedQty=0
[2026-04-22 21:24:46] INFO: ASN WMS-ASN-EXT-00004 Carton CNWH63275: Assigned=Assigned, Actual=Assigned, ReceivedQty=0
[2026-04-22 21:24:46] INFO: ASN WMS-ASN-EXT-00004 Carton CNWH63277: Assigned=Assigned, Actual=Assigned, ReceivedQty=0
[2026-04-22 21:24:46] INFO: ASN WMS-ASN-EXT-00004 Carton CNWH63280: Assigned=Assigned, Actual=Assigned, ReceivedQty=0
[2026-04-22 21:24:46] INFO: ASN WMS-ASN-EXT-00004 Carton CNWH63282: Assigned=Assigned, Actual=Assigned, ReceivedQty=0
[2026-04-22 21:24:46] INFO: ASN WMS-ASN-EXT-00004 Carton CNWH63283: Assigned=Assigned, Actual=Assigned, ReceivedQty=0
[2026-04-22 21:24:46] INFO: ASN WMS-ASN-EXT-00004 Carton CNWH63284: Assigned=Assigned, Actual=Assigned, ReceivedQty=0
[2026-04-22 21:24:46] INFO: ASN WMS-ASN-EXT-00004 Carton CNWH63285: Assigned=Assigned, Actual=Assigned, ReceivedQty=0
[2026-04-22 21:24:46] INFO: ASN WMS-ASN-EXT-00004 Carton CNWH63286: Assigned=Assigned, Actual=Assigned, ReceivedQty=0
[2026-04-22 21:24:46] INFO: ASN WMS-ASN-EXT-00004 Carton CNWH63287: Assigned=Assigned, Actual=Assigned, ReceivedQty=0
[2026-04-22 21:24:46] INFO: ASN WMS-ASN-EXT-00004 Carton CNWH63288: Assigned=Assigned, Actual=Assigned, ReceivedQty=0
[2026-04-22 21:24:46] INFO: ASN WMS-ASN-EXT-00004 Carton CNWH63289: Assigned=Assigned, Actual=Assigned, ReceivedQty=0
[2026-04-22 21:24:46] INFO: ASN WMS-ASN-EXT-00004 Carton CNWH63441: Assigned=Assigned, Actual=Assigned, ReceivedQty=0
[2026-04-22 21:24:46] INFO: ASN WMS-ASN-EXT-00004 Carton CNWH63442: Assigned=Assigned, Actual=Assigned, ReceivedQty=0
[2026-04-22 21:24:46] INFO: ASN WMS-ASN-EXT-00004 Carton CNWH65363: Assigned=Received, Actual=Received, ReceivedQty=10
[2026-04-22 21:24:46] INFO: ASN WMS-ASN-EXT-00004 Carton CNWH63502: Assigned=Assigned, Actual=Assigned, ReceivedQty=0
[2026-04-22 21:24:46] INFO: ASN WMS-ASN-EXT-00004 Carton CNWH63502: Assigned=Assigned, Actual=Assigned, ReceivedQty=0
[2026-04-22 21:24:46] INFO: ASN WMS-ASN-EXT-00004 Carton CNWH64607: Assigned=Assigned, Actual=Assigned, ReceivedQty=0
[2026-04-22 21:24:46] INFO: ASN WMS-ASN-EXT-127211 Carton CNWH12858: Assigned=Assigned, Actual=Assigned, ReceivedQty=0
[2026-04-22 21:24:46] INFO: ASN WMS-ASN-EXT-127211 Carton CNWH12854: Assigned=Assigned, Actual=Assigned, ReceivedQty=0
[2026-04-22 21:42:26] INFO: ASN ASN-0001 Carton CNWH12858: Assigned=Assigned, Actual=Assigned, ReceivedQty=0
[2026-04-22 21:42:26] INFO: ASN ASN-0001 Carton CNWH12854: Assigned=Assigned, Actual=Assigned, ReceivedQty=0
[2026-04-22 21:42:26] INFO: ASN ASN-0001 Carton CNWH15390: Assigned=Assigned, Actual=Assigned, ReceivedQty=0
[2026-04-22 21:42:26] INFO: ASN ASN-0001 Carton CNWH42441: Assigned=Assigned, Actual=Assigned, ReceivedQty=0
[2026-04-22 21:42:26] INFO: ASN ASN-0001 Carton CNWH64571: Assigned=Assigned, Actual=Assigned, ReceivedQty=0
[2026-04-22 21:42:26] INFO: ASN ASN-0001 Carton CNWH64521: Assigned=Assigned, Actual=Assigned, ReceivedQty=0
[2026-04-22 21:42:26] INFO: ASN ASN-0001 Carton CNWH63561: Assigned=Assigned, Actual=Assigned, ReceivedQty=0
[2026-04-22 21:42:26] INFO: ASN ASN-0001 Carton CNWH63609: Assigned=Assigned, Actual=Assigned, ReceivedQty=0
[2026-04-22 21:42:26] INFO: ASN ASN-0002 Carton CNWH12858: Assigned=Assigned, Actual=Assigned, ReceivedQty=0
[2026-04-22 21:42:26] INFO: ASN ASN-0002 Carton CNWH12854: Assigned=Assigned, Actual=Assigned, ReceivedQty=0
[2026-04-22 21:42:26] INFO: ASN WMS-ASN-EXT-00004 Carton CNWH63179: Assigned=Received, Actual=Received, ReceivedQty=10
[2026-04-22 21:42:26] INFO: ASN WMS-ASN-EXT-00004 Carton CNWH63180: Assigned=Received, Actual=Received, ReceivedQty=20
[2026-04-22 21:42:26] INFO: ASN WMS-ASN-EXT-00004 Carton CNWH63196: Assigned=Received, Actual=Received, ReceivedQty=20
[2026-04-22 21:42:26] INFO: ASN WMS-ASN-EXT-00004 Carton CNWH63197: Assigned=Received, Actual=Received, ReceivedQty=20
[2026-04-22 21:42:26] INFO: ASN WMS-ASN-EXT-00004 Carton CNWH63198: Assigned=Received, Actual=Received, ReceivedQty=20
[2026-04-22 21:42:26] INFO: ASN WMS-ASN-EXT-00004 Carton CNWH63199: Assigned=Received, Actual=Received, ReceivedQty=20
[2026-04-22 21:42:26] INFO: ASN WMS-ASN-EXT-00004 Carton CNWH63200: Assigned=Received, Actual=Received, ReceivedQty=10
[2026-04-22 21:42:26] INFO: ASN WMS-ASN-EXT-00004 Carton CNWH63266: Assigned=Assigned, Actual=Assigned, ReceivedQty=0
[2026-04-22 21:42:26] INFO: ASN WMS-ASN-EXT-00004 Carton CNWH63268: Assigned=Assigned, Actual=Assigned, ReceivedQty=0
[2026-04-22 21:42:26] INFO: ASN WMS-ASN-EXT-00004 Carton CNWH63269: Assigned=Assigned, Actual=Assigned, ReceivedQty=0
[2026-04-22 21:42:26] INFO: ASN WMS-ASN-EXT-00004 Carton CNWH63270: Assigned=Assigned, Actual=Assigned, ReceivedQty=0
[2026-04-22 21:42:26] INFO: ASN WMS-ASN-EXT-00004 Carton CNWH63271: Assigned=Assigned, Actual=Assigned, ReceivedQty=0
[2026-04-22 21:42:26] INFO: ASN WMS-ASN-EXT-00004 Carton CNWH63272: Assigned=Assigned, Actual=Assigned, ReceivedQty=0
[2026-04-22 21:42:26] INFO: ASN WMS-ASN-EXT-00004 Carton CNWH63275: Assigned=Assigned, Actual=Assigned, ReceivedQty=0
[2026-04-22 21:42:26] INFO: ASN WMS-ASN-EXT-00004 Carton CNWH63277: Assigned=Assigned, Actual=Assigned, ReceivedQty=0
[2026-04-22 21:42:26] INFO: ASN WMS-ASN-EXT-00004 Carton CNWH63280: Assigned=Assigned, Actual=Assigned, ReceivedQty=0
[2026-04-22 21:42:26] INFO: ASN WMS-ASN-EXT-00004 Carton CNWH63282: Assigned=Assigned, Actual=Assigned, ReceivedQty=0
[2026-04-22 21:42:26] INFO: ASN WMS-ASN-EXT-00004 Carton CNWH63283: Assigned=Assigned, Actual=Assigned, ReceivedQty=0
[2026-04-22 21:42:26] INFO: ASN WMS-ASN-EXT-00004 Carton CNWH63284: Assigned=Assigned, Actual=Assigned, ReceivedQty=0
[2026-04-22 21:42:26] INFO: ASN WMS-ASN-EXT-00004 Carton CNWH63285: Assigned=Assigned, Actual=Assigned, ReceivedQty=0
[2026-04-22 21:42:26] INFO: ASN WMS-ASN-EXT-00004 Carton CNWH63286: Assigned=Assigned, Actual=Assigned, ReceivedQty=0
[2026-04-22 21:42:26] INFO: ASN WMS-ASN-EXT-00004 Carton CNWH63287: Assigned=Assigned, Actual=Assigned, ReceivedQty=0
[2026-04-22 21:42:26] INFO: ASN WMS-ASN-EXT-00004 Carton CNWH63288: Assigned=Assigned, Actual=Assigned, ReceivedQty=0
[2026-04-22 21:42:26] INFO: ASN WMS-ASN-EXT-00004 Carton CNWH63289: Assigned=Assigned, Actual=Assigned, ReceivedQty=0
[2026-04-22 21:42:26] INFO: ASN WMS-ASN-EXT-00004 Carton CNWH63441: Assigned=Assigned, Actual=Assigned, ReceivedQty=0
[2026-04-22 21:42:26] INFO: ASN WMS-ASN-EXT-00004 Carton CNWH63442: Assigned=Assigned, Actual=Assigned, ReceivedQty=0
[2026-04-22 21:42:26] INFO: ASN WMS-ASN-EXT-00004 Carton CNWH63444: Assigned=Assigned, Actual=Assigned, ReceivedQty=0
[2026-04-22 21:42:26] INFO: ASN WMS-ASN-EXT-00004 Carton CNWH63446: Assigned=Assigned, Actual=Assigned, ReceivedQty=0
[2026-04-22 21:42:26] INFO: ASN WMS-ASN-EXT-00004 Carton CNWH63448: Assigned=Assigned, Actual=Assigned, ReceivedQty=0
[2026-04-22 21:42:26] INFO: ASN WMS-ASN-EXT-00004 Carton CNWH65363: Assigned=Received, Actual=Received, ReceivedQty=20
[2026-04-22 21:42:26] INFO: ASN WMS-ASN-EXT-00004 Carton CNWH63179: Assigned=Received, Actual=Received, ReceivedQty=10
[2026-04-22 21:42:26] INFO: ASN WMS-ASN-EXT-00004 Carton CNWH63180: Assigned=Received, Actual=Received, ReceivedQty=10
[2026-04-22 21:42:26] INFO: ASN WMS-ASN-EXT-00004 Carton CNWH63196: Assigned=Received, Actual=Received, ReceivedQty=10
[2026-04-22 21:42:26] INFO: ASN WMS-ASN-EXT-00004 Carton CNWH63197: Assigned=Received, Actual=Received, ReceivedQty=10
[2026-04-22 21:42:26] INFO: ASN WMS-ASN-EXT-00004 Carton CNWH63198: Assigned=Received, Actual=Received, ReceivedQty=10
[2026-04-22 21:42:26] INFO: ASN WMS-ASN-EXT-00004 Carton CNWH63199: Assigned=Received, Actual=Received, ReceivedQty=10
[2026-04-22 21:42:26] INFO: ASN WMS-ASN-EXT-00004 Carton CNWH63200: Assigned=Received, Actual=Received, ReceivedQty=10
[2026-04-22 21:42:26] INFO: ASN WMS-ASN-EXT-00004 Carton CNWH63266: Assigned=Assigned, Actual=Assigned, ReceivedQty=0
[2026-04-22 21:42:26] INFO: ASN WMS-ASN-EXT-00004 Carton CNWH63268: Assigned=Assigned, Actual=Assigned, ReceivedQty=0
[2026-04-22 21:42:26] INFO: ASN WMS-ASN-EXT-00004 Carton CNWH63269: Assigned=Assigned, Actual=Assigned, ReceivedQty=0
[2026-04-22 21:42:26] INFO: ASN WMS-ASN-EXT-00004 Carton CNWH63270: Assigned=Assigned, Actual=Assigned, ReceivedQty=0
[2026-04-22 21:42:26] INFO: ASN WMS-ASN-EXT-00004 Carton CNWH63271: Assigned=Assigned, Actual=Assigned, ReceivedQty=0
[2026-04-22 21:42:26] INFO: ASN WMS-ASN-EXT-00004 Carton CNWH63272: Assigned=Assigned, Actual=Assigned, ReceivedQty=0
[2026-04-22 21:42:26] INFO: ASN WMS-ASN-EXT-00004 Carton CNWH63275: Assigned=Assigned, Actual=Assigned, ReceivedQty=0
[2026-04-22 21:42:26] INFO: ASN WMS-ASN-EXT-00004 Carton CNWH63277: Assigned=Assigned, Actual=Assigned, ReceivedQty=0
[2026-04-22 21:42:26] INFO: ASN WMS-ASN-EXT-00004 Carton CNWH63280: Assigned=Assigned, Actual=Assigned, ReceivedQty=0
[2026-04-22 21:42:26] INFO: ASN WMS-ASN-EXT-00004 Carton CNWH63282: Assigned=Assigned, Actual=Assigned, ReceivedQty=0
[2026-04-22 21:42:26] INFO: ASN WMS-ASN-EXT-00004 Carton CNWH63283: Assigned=Assigned, Actual=Assigned, ReceivedQty=0
[2026-04-22 21:42:26] INFO: ASN WMS-ASN-EXT-00004 Carton CNWH63284: Assigned=Assigned, Actual=Assigned, ReceivedQty=0
[2026-04-22 21:42:26] INFO: ASN WMS-ASN-EXT-00004 Carton CNWH63285: Assigned=Assigned, Actual=Assigned, ReceivedQty=0
[2026-04-22 21:42:26] INFO: ASN WMS-ASN-EXT-00004 Carton CNWH63286: Assigned=Assigned, Actual=Assigned, ReceivedQty=0
[2026-04-22 21:42:26] INFO: ASN WMS-ASN-EXT-00004 Carton CNWH63287: Assigned=Assigned, Actual=Assigned, ReceivedQty=0
[2026-04-22 21:42:26] INFO: ASN WMS-ASN-EXT-00004 Carton CNWH63288: Assigned=Assigned, Actual=Assigned, ReceivedQty=0
[2026-04-22 21:42:26] INFO: ASN WMS-ASN-EXT-00004 Carton CNWH63289: Assigned=Assigned, Actual=Assigned, ReceivedQty=0
[2026-04-22 21:42:26] INFO: ASN WMS-ASN-EXT-00004 Carton CNWH63441: Assigned=Assigned, Actual=Assigned, ReceivedQty=0
[2026-04-22 21:42:26] INFO: ASN WMS-ASN-EXT-00004 Carton CNWH63442: Assigned=Assigned, Actual=Assigned, ReceivedQty=0
[2026-04-22 21:42:26] INFO: ASN WMS-ASN-EXT-00004 Carton CNWH65363: Assigned=Received, Actual=Received, ReceivedQty=10
[2026-04-22 21:42:26] INFO: ASN WMS-ASN-EXT-00004 Carton CNWH63502: Assigned=Assigned, Actual=Assigned, ReceivedQty=0
[2026-04-22 21:42:26] INFO: ASN WMS-ASN-EXT-00004 Carton CNWH63502: Assigned=Assigned, Actual=Assigned, ReceivedQty=0
[2026-04-22 21:42:26] INFO: ASN WMS-ASN-EXT-00004 Carton CNWH64607: Assigned=Assigned, Actual=Assigned, ReceivedQty=0
[2026-04-22 21:42:26] INFO: ASN WMS-ASN-EXT-127211 Carton CNWH12858: Assigned=Assigned, Actual=Assigned, ReceivedQty=0
[2026-04-22 21:42:26] INFO: ASN WMS-ASN-EXT-127211 Carton CNWH12854: Assigned=Assigned, Actual=Assigned, ReceivedQty=0
[2026-04-22 22:04:42] INFO: ASN ASN-0001 Carton CNWH12858: Assigned=Assigned, Actual=Assigned, ReceivedQty=0
[2026-04-22 22:04:42] INFO: ASN ASN-0001 Carton CNWH12854: Assigned=Assigned, Actual=Assigned, ReceivedQty=0
[2026-04-22 22:04:42] INFO: ASN ASN-0001 Carton CNWH15390: Assigned=Assigned, Actual=Assigned, ReceivedQty=0
[2026-04-22 22:04:42] INFO: ASN ASN-0001 Carton CNWH42441: Assigned=Assigned, Actual=Assigned, ReceivedQty=0
[2026-04-22 22:04:42] INFO: ASN ASN-0001 Carton CNWH64571: Assigned=Assigned, Actual=Assigned, ReceivedQty=0
[2026-04-22 22:04:42] INFO: ASN ASN-0001 Carton CNWH64521: Assigned=Assigned, Actual=Assigned, ReceivedQty=0
[2026-04-22 22:04:42] INFO: ASN ASN-0001 Carton CNWH63561: Assigned=Assigned, Actual=Assigned, ReceivedQty=0
[2026-04-22 22:04:42] INFO: ASN ASN-0001 Carton CNWH63609: Assigned=Assigned, Actual=Assigned, ReceivedQty=0
[2026-04-22 22:04:42] INFO: ASN ASN-0002 Carton CNWH12858: Assigned=Assigned, Actual=Assigned, ReceivedQty=0
[2026-04-22 22:04:42] INFO: ASN ASN-0002 Carton CNWH12854: Assigned=Assigned, Actual=Assigned, ReceivedQty=0
[2026-04-22 22:04:42] INFO: ASN WMS-ASN-EXT-00004 Carton CNWH63179: Assigned=Received, Actual=Received, ReceivedQty=10
[2026-04-22 22:04:42] INFO: ASN WMS-ASN-EXT-00004 Carton CNWH63180: Assigned=Received, Actual=Received, ReceivedQty=20
[2026-04-22 22:04:42] INFO: ASN WMS-ASN-EXT-00004 Carton CNWH63196: Assigned=Received, Actual=Received, ReceivedQty=20
[2026-04-22 22:04:42] INFO: ASN WMS-ASN-EXT-00004 Carton CNWH63197: Assigned=Received, Actual=Received, ReceivedQty=20
[2026-04-22 22:04:42] INFO: ASN WMS-ASN-EXT-00004 Carton CNWH63198: Assigned=Received, Actual=Received, ReceivedQty=20
[2026-04-22 22:04:42] INFO: ASN WMS-ASN-EXT-00004 Carton CNWH63199: Assigned=Received, Actual=Received, ReceivedQty=20
[2026-04-22 22:04:42] INFO: ASN WMS-ASN-EXT-00004 Carton CNWH63200: Assigned=Received, Actual=Received, ReceivedQty=10
[2026-04-22 22:04:42] INFO: ASN WMS-ASN-EXT-00004 Carton CNWH63266: Assigned=Received, Actual=Received, ReceivedQty=10
[2026-04-22 22:04:42] INFO: ASN WMS-ASN-EXT-00004 Carton CNWH63268: Assigned=Received, Actual=Received, ReceivedQty=20
[2026-04-22 22:04:42] INFO: ASN WMS-ASN-EXT-00004 Carton CNWH63269: Assigned=Received, Actual=Received, ReceivedQty=20
[2026-04-22 22:04:42] INFO: ASN WMS-ASN-EXT-00004 Carton CNWH63270: Assigned=Received, Actual=Received, ReceivedQty=20
[2026-04-22 22:04:42] INFO: ASN WMS-ASN-EXT-00004 Carton CNWH63271: Assigned=Receiving, Actual=Receiving, ReceivedQty=0
[2026-04-22 22:04:42] INFO: ASN WMS-ASN-EXT-00004 Carton CNWH63272: Assigned=Assigned, Actual=Assigned, ReceivedQty=0
[2026-04-22 22:04:42] INFO: ASN WMS-ASN-EXT-00004 Carton CNWH63275: Assigned=Assigned, Actual=Assigned, ReceivedQty=0
[2026-04-22 22:04:42] INFO: ASN WMS-ASN-EXT-00004 Carton CNWH63277: Assigned=Assigned, Actual=Assigned, ReceivedQty=0
[2026-04-22 22:04:42] INFO: ASN WMS-ASN-EXT-00004 Carton CNWH63280: Assigned=Assigned, Actual=Assigned, ReceivedQty=0
[2026-04-22 22:04:42] INFO: ASN WMS-ASN-EXT-00004 Carton CNWH63282: Assigned=Assigned, Actual=Assigned, ReceivedQty=0
[2026-04-22 22:04:42] INFO: ASN WMS-ASN-EXT-00004 Carton CNWH63283: Assigned=Assigned, Actual=Assigned, ReceivedQty=0
[2026-04-22 22:04:42] INFO: ASN WMS-ASN-EXT-00004 Carton CNWH63284: Assigned=Assigned, Actual=Assigned, ReceivedQty=0
[2026-04-22 22:04:42] INFO: ASN WMS-ASN-EXT-00004 Carton CNWH63285: Assigned=Assigned, Actual=Assigned, ReceivedQty=0
[2026-04-22 22:04:42] INFO: ASN WMS-ASN-EXT-00004 Carton CNWH63286: Assigned=Assigned, Actual=Assigned, ReceivedQty=0
[2026-04-22 22:04:42] INFO: ASN WMS-ASN-EXT-00004 Carton CNWH63287: Assigned=Assigned, Actual=Assigned, ReceivedQty=0
[2026-04-22 22:04:42] INFO: ASN WMS-ASN-EXT-00004 Carton CNWH63288: Assigned=Assigned, Actual=Assigned, ReceivedQty=0
[2026-04-22 22:04:42] INFO: ASN WMS-ASN-EXT-00004 Carton CNWH63289: Assigned=Assigned, Actual=Assigned, ReceivedQty=0
[2026-04-22 22:04:42] INFO: ASN WMS-ASN-EXT-00004 Carton CNWH63441: Assigned=Assigned, Actual=Assigned, ReceivedQty=0
[2026-04-22 22:04:42] INFO: ASN WMS-ASN-EXT-00004 Carton CNWH63442: Assigned=Assigned, Actual=Assigned, ReceivedQty=0
[2026-04-22 22:04:42] INFO: ASN WMS-ASN-EXT-00004 Carton CNWH63444: Assigned=Assigned, Actual=Assigned, ReceivedQty=0
[2026-04-22 22:04:42] INFO: ASN WMS-ASN-EXT-00004 Carton CNWH63446: Assigned=Assigned, Actual=Assigned, ReceivedQty=0
[2026-04-22 22:04:42] INFO: ASN WMS-ASN-EXT-00004 Carton CNWH63448: Assigned=Assigned, Actual=Assigned, ReceivedQty=0
[2026-04-22 22:04:42] INFO: ASN WMS-ASN-EXT-00004 Carton CNWH65363: Assigned=Received, Actual=Received, ReceivedQty=20
[2026-04-22 22:04:42] INFO: ASN WMS-ASN-EXT-00004 Carton CNWH63179: Assigned=Received, Actual=Received, ReceivedQty=10
[2026-04-22 22:04:42] INFO: ASN WMS-ASN-EXT-00004 Carton CNWH63180: Assigned=Received, Actual=Received, ReceivedQty=10
[2026-04-22 22:04:42] INFO: ASN WMS-ASN-EXT-00004 Carton CNWH63196: Assigned=Received, Actual=Received, ReceivedQty=10
[2026-04-22 22:04:42] INFO: ASN WMS-ASN-EXT-00004 Carton CNWH63197: Assigned=Received, Actual=Received, ReceivedQty=10
[2026-04-22 22:04:42] INFO: ASN WMS-ASN-EXT-00004 Carton CNWH63198: Assigned=Received, Actual=Received, ReceivedQty=10
[2026-04-22 22:04:42] INFO: ASN WMS-ASN-EXT-00004 Carton CNWH63199: Assigned=Received, Actual=Received, ReceivedQty=10
[2026-04-22 22:04:42] INFO: ASN WMS-ASN-EXT-00004 Carton CNWH63200: Assigned=Received, Actual=Received, ReceivedQty=10
[2026-04-22 22:04:42] INFO: ASN WMS-ASN-EXT-00004 Carton CNWH63266: Assigned=Received, Actual=Received, ReceivedQty=10
[2026-04-22 22:04:42] INFO: ASN WMS-ASN-EXT-00004 Carton CNWH63268: Assigned=Received, Actual=Received, ReceivedQty=10
[2026-04-22 22:04:42] INFO: ASN WMS-ASN-EXT-00004 Carton CNWH63269: Assigned=Received, Actual=Received, ReceivedQty=10
[2026-04-22 22:04:42] INFO: ASN WMS-ASN-EXT-00004 Carton CNWH63270: Assigned=Received, Actual=Received, ReceivedQty=10
[2026-04-22 22:04:42] INFO: ASN WMS-ASN-EXT-00004 Carton CNWH63271: Assigned=Receiving, Actual=Receiving, ReceivedQty=0
[2026-04-22 22:04:42] INFO: ASN WMS-ASN-EXT-00004 Carton CNWH63272: Assigned=Assigned, Actual=Assigned, ReceivedQty=0
[2026-04-22 22:04:42] INFO: ASN WMS-ASN-EXT-00004 Carton CNWH63275: Assigned=Assigned, Actual=Assigned, ReceivedQty=0
[2026-04-22 22:04:42] INFO: ASN WMS-ASN-EXT-00004 Carton CNWH63277: Assigned=Assigned, Actual=Assigned, ReceivedQty=0
[2026-04-22 22:04:42] INFO: ASN WMS-ASN-EXT-00004 Carton CNWH63280: Assigned=Assigned, Actual=Assigned, ReceivedQty=0
[2026-04-22 22:04:42] INFO: ASN WMS-ASN-EXT-00004 Carton CNWH63282: Assigned=Assigned, Actual=Assigned, ReceivedQty=0
[2026-04-22 22:04:42] INFO: ASN WMS-ASN-EXT-00004 Carton CNWH63283: Assigned=Assigned, Actual=Assigned, ReceivedQty=0
[2026-04-22 22:04:42] INFO: ASN WMS-ASN-EXT-00004 Carton CNWH63284: Assigned=Assigned, Actual=Assigned, ReceivedQty=0
[2026-04-22 22:04:42] INFO: ASN WMS-ASN-EXT-00004 Carton CNWH63285: Assigned=Assigned, Actual=Assigned, ReceivedQty=0
[2026-04-22 22:04:42] INFO: ASN WMS-ASN-EXT-00004 Carton CNWH63286: Assigned=Assigned, Actual=Assigned, ReceivedQty=0
[2026-04-22 22:04:42] INFO: ASN WMS-ASN-EXT-00004 Carton CNWH63287: Assigned=Assigned, Actual=Assigned, ReceivedQty=0
[2026-04-22 22:04:42] INFO: ASN WMS-ASN-EXT-00004 Carton CNWH63288: Assigned=Assigned, Actual=Assigned, ReceivedQty=0
[2026-04-22 22:04:42] INFO: ASN WMS-ASN-EXT-00004 Carton CNWH63289: Assigned=Assigned, Actual=Assigned, ReceivedQty=0
[2026-04-22 22:04:42] INFO: ASN WMS-ASN-EXT-00004 Carton CNWH63441: Assigned=Assigned, Actual=Assigned, ReceivedQty=0
[2026-04-22 22:04:42] INFO: ASN WMS-ASN-EXT-00004 Carton CNWH63442: Assigned=Assigned, Actual=Assigned, ReceivedQty=0
[2026-04-22 22:04:42] INFO: ASN WMS-ASN-EXT-00004 Carton CNWH65363: Assigned=Received, Actual=Received, ReceivedQty=10
[2026-04-22 22:04:42] INFO: ASN WMS-ASN-EXT-00004 Carton CNWH63502: Assigned=Assigned, Actual=Assigned, ReceivedQty=0
[2026-04-22 22:04:42] INFO: ASN WMS-ASN-EXT-00004 Carton CNWH63502: Assigned=Assigned, Actual=Assigned, ReceivedQty=0
[2026-04-22 22:04:42] INFO: ASN WMS-ASN-EXT-00004 Carton CNWH64607: Assigned=Assigned, Actual=Assigned, ReceivedQty=0
[2026-04-22 22:04:42] INFO: ASN WMS-ASN-EXT-127211 Carton CNWH12858: Assigned=Assigned, Actual=Assigned, ReceivedQty=0
[2026-04-22 22:04:42] INFO: ASN WMS-ASN-EXT-127211 Carton CNWH12854: Assigned=Assigned, Actual=Assigned, ReceivedQty=0
[2026-04-23 09:59:00] INFO: ASN sync from ERPNext started.
[2026-04-23 09:59:00] INFO: ErpNextWmsSyncApiService: [Item Group] Fetching ASNs from http://printechsdammam.dyndns.org:88/api/method/printechs_wms.api.wms_sync.get_asns_for_wms?export_pending=1&include_items=1
[2026-04-23 09:59:00] INFO: ErpNextWmsSyncApiService: [Item Group] Fetched 3 ASNs
[2026-04-23 09:59:00] INFO: ErpNextWmsSyncApiService: [ASN] Fetching ASNs from http://printechsdammam.dyndns.org:88/api/method/printechs_wms.api.wms_sync.get_asns_for_wms?export_pending=1&include_items=1
[2026-04-23 09:59:00] INFO: ErpNextWmsSyncApiService: [ASN] Fetched 3 ASNs
[2026-04-23 09:59:00] INFO: ErpNextWmsSyncApiService: [ASN Status] Fetching ASNs from http://printechsdammam.dyndns.org:88/api/method/printechs_wms.api.wms_sync.get_asns_for_wms?export_pending=1&include_items=1
[2026-04-23 09:59:00] INFO: ErpNextWmsSyncApiService: [ASN Status] Fetched 3 ASNs
[2026-04-23 09:59:00] INFO: ErpNextWmsSyncApiService: [MR] Fetching ASNs from http://printechsdammam.dyndns.org:88/api/method/printechs_wms.api.wms_sync.get_asns_for_wms?export_pending=1&include_items=1
[2026-04-23 09:59:01] INFO: ErpNextWmsSyncApiService: [MR] Fetched 3 ASNs
[2026-04-23 09:59:01] INFO: ErpNextWmsSyncApiService: [ERPNext 9] Fetching ASNs from http://printechsdammam.dyndns.org:88/api/method/printechs_wms.api.wms_sync.get_asns_for_wms?export_pending=1&include_items=1
[2026-04-23 09:59:01] INFO: ErpNextWmsSyncApiService: [ERPNext 9] Fetched 3 ASNs
[2026-04-23 09:59:01] INFO: ErpNextWmsSyncApiService: [Stock Entry] Fetching ASNs from http://printechsdammam.dyndns.org:88/api/method/printechs_wms.api.wms_sync.get_asns_for_wms?export_pending=1&include_items=1
[2026-04-23 09:59:01] INFO: ErpNextWmsSyncApiService: [Stock Entry] Fetched 3 ASNs
[2026-04-23 09:59:01] INFO: ErpNextWmsSyncApiService: [ERPNext 11] Fetching ASNs from http://printechsdammam.dyndns.org:88/api/method/printechs_wms.api.wms_sync.get_asns_for_wms?export_pending=1&include_items=1
[2026-04-23 09:59:01] INFO: ErpNextWmsSyncApiService: [ERPNext 11] Fetched 3 ASNs
[2026-04-23 09:59:01] INFO: ErpNextWmsSyncApiService: ERPNext 13 API URL or key not configured
[2026-04-23 09:59:01] INFO: AsnSyncFromErpNextService: Syncing 3 ASN(s) with items.
[2026-04-23 09:59:01] INFO: ASN sync from ERPNext completed. Fetched: 3, ASNs inserted: 3, updated: 0, items: 14, errors: 0
[2026-04-23 09:59:01] INFO: ErpNextWmsSyncApiService: Posting ASN WMS-ASN-EXT-00004 status=Exported to http://printechsdammam.dyndns.org:88/api/method/printechs_wms.api.wms_sync.update_asn_wms_status
[2026-04-23 09:59:01] INFO: ErpNextWmsSyncApiService: ASN status updated successfully.
[2026-04-23 09:59:01] INFO: ErpNextWmsSyncApiService: Posting ASN ASN-0002 status=Exported to http://printechsdammam.dyndns.org:88/api/method/printechs_wms.api.wms_sync.update_asn_wms_status
[2026-04-23 09:59:01] ERROR: ErpNextWmsSyncApiService: ASN status API returned ExpectationFailed: {"exception":"frappe.exceptions.ValidationError:  Status cannot be \"Received\". It should be one of \"Draft\", \"Open\", \"Completed\", \"Cancelled\"","exc_type":"ValidationError","_exc_source":"printechs_wms (app)","exc":"[\"Traceback (most recent call last):\\n  File \\\"apps/frappe/frappe/app.py\\\", line 120, in application\\n    response = frappe.api.handle(request)\\n               ^^^^^^^^^^^^^^^^^^^^^^^^^^\\n  File \\\"apps/frappe/frappe/api/__init__.py\\\", line 52, in handle\\n    data = endpoint(**arguments)\\n           ^^^^^^^^^^^^^^^^^^^^^\\n  File \\\"apps/frappe/frappe/api/v1.py\\\", line 40, in handle_rpc_call\\n    return frappe.handler.handle()\\n           ^^^^^^^^^^^^^^^^^^^^^^^\\n  File \\\"apps/frappe/frappe/handler.py\\\", line 52, in handle\\n    data = execute_cmd(cmd)\\n           ^^^^^^^^^^^^^^^^\\n  File \\\"apps/frappe/frappe/handler.py\\\", line 85, in execute_cmd\\n    return frappe.call(method, **frappe.form_dict)\\n           ^^^^^^^^^^^^^^^^^^^^^^^^^^^^^^^^^^^^^^^\\n  File \\\"apps/frappe/frappe/__init__.py\\\", line 1754, in call\\n    return fn(*args, **newargs)\\n           ^^^^^^^^^^^^^^^^^^^^\\n  File \\\"apps/frappe/frappe/utils/typing_validations.py\\\", line 32, in wrapper\\n    return func(*args, **kwargs)\\n           ^^^^^^^^^^^^^^^^^^^^^\\n  File \\\"apps/printechs_wms/printechs_wms/api/wms_sync.py\\\", line 379, in update_asn_wms_status\\n    doc.save()\\n  File \\\"apps/frappe/frappe/model/document.py\\\", line 378, in save\\n    return self._save(*args, **kwargs)\\n           ^^^^^^^^^^^^^^^^^^^^^^^^^^^\\n  File \\\"apps/frappe/frappe/model/document.py\\\", line 417, in _save\\n    self._validate()\\n  File \\\"apps/frappe/frappe/model/document.py\\\", line 624, in _validate\\n    self._validate_selects()\\n  File \\\"apps/frappe/frappe/model/base_document.py\\\", line 913, in _validate_selects\\n    frappe.throw(\\n  File \\\"apps/frappe/frappe/__init__.py\\\", line 609, in throw\\n    msgprint(\\n  File \\\"apps/frappe/frappe/__init__.py\\\", line 574, in msgprint\\n    _raise_exception()\\n  File \\\"apps/frappe/frappe/__init__.py\\\", line 525, in _raise_exception\\n    raise exc\\nfrappe.exceptions.ValidationError:  Status cannot be \\\"Received\\\". It should be one of \\\"Draft\\\", \\\"Open\\\", \\\"Completed\\\", \\\"Cancelled\\\"\\n\"]","_server_messages":"[\"{\\\"message\\\": \\\" Status cannot be \\\\\\\"Received\\\\\\\". It should be one of \\\\\\\"Draft\\\\\\\", \\\\\\\"Open\\\\\\\", \\\\\\\"Completed\\\\\\\", \\\\\\\"Cancelled\\\\\\\"\\\", \\\"title\\\": \\\"Message\\\", \\\"indicator\\\": \\\"red\\\", \\\"raise_exception\\\": 1, \\\"__frappe_exc_id\\\": \\\"14a84e912f222a65ef365e181bb88f938f986f8def029cefdd894d48\\\"}\"]"}
--------------------------------------------------------------------------------
[2026-04-23 09:59:01] ERROR: AsnSyncFromErpNextService: Failed to post ASN ASN-0002 status to ERPNext: ExpectationFailed: {"exception":"frappe.exceptions.ValidationError:  Status cannot be \"Received\". It should be one of \"Draft\", \"Open\", \"Completed\", \"Cancelled\"","exc_type":"ValidationError","_exc_source":"printechs_wms (app)","exc":"[\"Traceback (most recent call last):\\n  File \\\"apps/frappe/frappe/app.py\\\", line 120, in application\\n    response = frappe.api.handle(request)\\n               ^^^^^^^^^^^^^^^^^^^^^^^^^^\\n  File \\\"apps/frappe/frappe/api/__init__.py\\\", line 52, in handle\\n    data = endpoint(**arguments)\\n           ^^^^^^^^^^^^^^^^^^^^^\\n  File \\\"apps/frappe/frappe/api/v1.py\\\", line 40, in handle_rpc_call\\n    return frappe.handler.handle()\\n           ^^^^^^^^^^^^^^^^^^^^^^^\\n  File \\\"apps/frappe/frappe/handler.py\\\", line 52, in handle\\n    data = execute_cmd(cmd)\\n           ^^^^^^^^^^^^^^^^\\n  File \\\"apps/frappe/frappe/handler.py\\\", line 85, in execute_cmd\\n    return frappe.call(method, **frappe.form_dict)\\n           ^^^^^^^^^^^^^^^^^^^^^^^^^^^^^^^^^^^^^^^\\n  File \\\"apps/frappe/frappe/__init__.py\\\", line 1754, in call\\n    return fn(*args, **newargs)\\n           ^^^^^^^^^^^^^^^^^^^^\\n  File \\\"apps/frappe/frappe/utils/typing_validations.py\\\", line 32, in wrapper\\n    return func(*args, **kwargs)\\n           ^^^^^^^^^^^^^^^^^^^^^\\n  File \\\"apps/printechs_wms/printechs_wms/api/wms_sync.py\\\", line 379, in update_asn_wms_status\\n    doc.save()\\n  File \\\"apps/frappe/frappe/model/document.py\\\", line 378, in save\\n    return self._save(*args, **kwargs)\\n           ^^^^^^^^^^^^^^^^^^^^^^^^^^^\\n  File \\\"apps/frappe/frappe/model/document.py\\\", line 417, in _save\\n    self._validate()\\n  File \\\"apps/frappe/frappe/model/document.py\\\", line 624, in _validate\\n    self._validate_selects()\\n  File \\\"apps/frappe/frappe/model/base_document.py\\\", line 913, in _validate_selects\\n    frappe.throw(\\n  File \\\"apps/frappe/frappe/__init__.py\\\", line 609, in throw\\n    msgprint(\\n  File \\\"apps/frappe/frappe/__init__.py\\\", line 574, in msgprint\\n    _raise_exception()\\n  File \\\"apps/frappe/frappe/__init__.py\\\", line 525, in _raise_exception\\n    raise exc\\nfrappe.exceptions.ValidationError:  Status cannot be \\\"Received\\\". It should be one of \\\"Draft\\\", \\\"Open\\\", \\\"Completed\\\", \\\"Cancelled\\\"\\n\"]","_server_messages":"[\"{\\\"message\\\": \\\" Status cannot be \\\\\\\"Received\\\\\\\". It should be one of \\\\\\\"Draft\\\\\\\", \\\\\\\"Open\\\\\\\", \\\\\\\"Completed\\\\\\\", \\\\\\\"Cancelled\\\\\\\"\\\", \\\"title\\\": \\\"Message\\\", \\\"indicator\\\": \\\"red\\\", \\\"raise_exception\\\": 1, \\\"__frappe_exc_id\\\": \\\"14a84e912f222a65ef365e181bb88f938f986f8def029cefdd894d48\\\"}\"]"}
--------------------------------------------------------------------------------
[2026-04-23 09:59:01] INFO: ErpNextWmsSyncApiService: Posting ASN ASN-0001 status=Exported to http://printechsdammam.dyndns.org:88/api/method/printechs_wms.api.wms_sync.update_asn_wms_status
[2026-04-23 09:59:01] ERROR: ErpNextWmsSyncApiService: ASN status API returned ExpectationFailed: {"exception":"frappe.exceptions.ValidationError:  Status cannot be \"Partially Received\". It should be one of \"Draft\", \"Open\", \"Completed\", \"Cancelled\"","exc_type":"ValidationError","_exc_source":"printechs_wms (app)","exc":"[\"Traceback (most recent call last):\\n  File \\\"apps/frappe/frappe/app.py\\\", line 120, in application\\n    response = frappe.api.handle(request)\\n               ^^^^^^^^^^^^^^^^^^^^^^^^^^\\n  File \\\"apps/frappe/frappe/api/__init__.py\\\", line 52, in handle\\n    data = endpoint(**arguments)\\n           ^^^^^^^^^^^^^^^^^^^^^\\n  File \\\"apps/frappe/frappe/api/v1.py\\\", line 40, in handle_rpc_call\\n    return frappe.handler.handle()\\n           ^^^^^^^^^^^^^^^^^^^^^^^\\n  File \\\"apps/frappe/frappe/handler.py\\\", line 52, in handle\\n    data = execute_cmd(cmd)\\n           ^^^^^^^^^^^^^^^^\\n  File \\\"apps/frappe/frappe/handler.py\\\", line 85, in execute_cmd\\n    return frappe.call(method, **frappe.form_dict)\\n           ^^^^^^^^^^^^^^^^^^^^^^^^^^^^^^^^^^^^^^^\\n  File \\\"apps/frappe/frappe/__init__.py\\\", line 1754, in call\\n    return fn(*args, **newargs)\\n           ^^^^^^^^^^^^^^^^^^^^\\n  File \\\"apps/frappe/frappe/utils/typing_validations.py\\\", line 32, in wrapper\\n    return func(*args, **kwargs)\\n           ^^^^^^^^^^^^^^^^^^^^^\\n  File \\\"apps/printechs_wms/printechs_wms/api/wms_sync.py\\\", line 379, in update_asn_wms_status\\n    doc.save()\\n  File \\\"apps/frappe/frappe/model/document.py\\\", line 378, in save\\n    return self._save(*args, **kwargs)\\n           ^^^^^^^^^^^^^^^^^^^^^^^^^^^\\n  File \\\"apps/frappe/frappe/model/document.py\\\", line 417, in _save\\n    self._validate()\\n  File \\\"apps/frappe/frappe/model/document.py\\\", line 624, in _validate\\n    self._validate_selects()\\n  File \\\"apps/frappe/frappe/model/base_document.py\\\", line 913, in _validate_selects\\n    frappe.throw(\\n  File \\\"apps/frappe/frappe/__init__.py\\\", line 609, in throw\\n    msgprint(\\n  File \\\"apps/frappe/frappe/__init__.py\\\", line 574, in msgprint\\n    _raise_exception()\\n  File \\\"apps/frappe/frappe/__init__.py\\\", line 525, in _raise_exception\\n    raise exc\\nfrappe.exceptions.ValidationError:  Status cannot be \\\"Partially Received\\\". It should be one of \\\"Draft\\\", \\\"Open\\\", \\\"Completed\\\", \\\"Cancelled\\\"\\n\"]","_server_messages":"[\"{\\\"message\\\": \\\" Status cannot be \\\\\\\"Partially Received\\\\\\\". It should be one of \\\\\\\"Draft\\\\\\\", \\\\\\\"Open\\\\\\\", \\\\\\\"Completed\\\\\\\", \\\\\\\"Cancelled\\\\\\\"\\\", \\\"title\\\": \\\"Message\\\", \\\"indicator\\\": \\\"red\\\", \\\"raise_exception\\\": 1, \\\"__frappe_exc_id\\\": \\\"1ff383c18c2e041fe4432dec561b5282567f186a38ed8e9bedcccd6c\\\"}\"]"}
--------------------------------------------------------------------------------
[2026-04-23 09:59:01] ERROR: AsnSyncFromErpNextService: Failed to post ASN ASN-0001 status to ERPNext: ExpectationFailed: {"exception":"frappe.exceptions.ValidationError:  Status cannot be \"Partially Received\". It should be one of \"Draft\", \"Open\", \"Completed\", \"Cancelled\"","exc_type":"ValidationError","_exc_source":"printechs_wms (app)","exc":"[\"Traceback (most recent call last):\\n  File \\\"apps/frappe/frappe/app.py\\\", line 120, in application\\n    response = frappe.api.handle(request)\\n               ^^^^^^^^^^^^^^^^^^^^^^^^^^\\n  File \\\"apps/frappe/frappe/api/__init__.py\\\", line 52, in handle\\n    data = endpoint(**arguments)\\n           ^^^^^^^^^^^^^^^^^^^^^\\n  File \\\"apps/frappe/frappe/api/v1.py\\\", line 40, in handle_rpc_call\\n    return frappe.handler.handle()\\n           ^^^^^^^^^^^^^^^^^^^^^^^\\n  File \\\"apps/frappe/frappe/handler.py\\\", line 52, in handle\\n    data = execute_cmd(cmd)\\n           ^^^^^^^^^^^^^^^^\\n  File \\\"apps/frappe/frappe/handler.py\\\", line 85, in execute_cmd\\n    return frappe.call(method, **frappe.form_dict)\\n           ^^^^^^^^^^^^^^^^^^^^^^^^^^^^^^^^^^^^^^^\\n  File \\\"apps/frappe/frappe/__init__.py\\\", line 1754, in call\\n    return fn(*args, **newargs)\\n           ^^^^^^^^^^^^^^^^^^^^\\n  File \\\"apps/frappe/frappe/utils/typing_validations.py\\\", line 32, in wrapper\\n    return func(*args, **kwargs)\\n           ^^^^^^^^^^^^^^^^^^^^^\\n  File \\\"apps/printechs_wms/printechs_wms/api/wms_sync.py\\\", line 379, in update_asn_wms_status\\n    doc.save()\\n  File \\\"apps/frappe/frappe/model/document.py\\\", line 378, in save\\n    return self._save(*args, **kwargs)\\n           ^^^^^^^^^^^^^^^^^^^^^^^^^^^\\n  File \\\"apps/frappe/frappe/model/document.py\\\", line 417, in _save\\n    self._validate()\\n  File \\\"apps/frappe/frappe/model/document.py\\\", line 624, in _validate\\n    self._validate_selects()\\n  File \\\"apps/frappe/frappe/model/base_document.py\\\", line 913, in _validate_selects\\n    frappe.throw(\\n  File \\\"apps/frappe/frappe/__init__.py\\\", line 609, in throw\\n    msgprint(\\n  File \\\"apps/frappe/frappe/__init__.py\\\", line 574, in msgprint\\n    _raise_exception()\\n  File \\\"apps/frappe/frappe/__init__.py\\\", line 525, in _raise_exception\\n    raise exc\\nfrappe.exceptions.ValidationError:  Status cannot be \\\"Partially Received\\\". It should be one of \\\"Draft\\\", \\\"Open\\\", \\\"Completed\\\", \\\"Cancelled\\\"\\n\"]","_server_messages":"[\"{\\\"message\\\": \\\" Status cannot be \\\\\\\"Partially Received\\\\\\\". It should be one of \\\\\\\"Draft\\\\\\\", \\\\\\\"Open\\\\\\\", \\\\\\\"Completed\\\\\\\", \\\\\\\"Cancelled\\\\\\\"\\\", \\\"title\\\": \\\"Message\\\", \\\"indicator\\\": \\\"red\\\", \\\"raise_exception\\\": 1, \\\"__frappe_exc_id\\\": \\\"1ff383c18c2e041fe4432dec561b5282567f186a38ed8e9bedcccd6c\\\"}\"]"}
--------------------------------------------------------------------------------
[2026-04-23 09:59:01] INFO: AsnSyncFromErpNextService: ASN status posted to ERPNext: 1/3 updated (update_asn_wms_status per ASN)
[2026-04-23 09:59:01] INFO: Transfer Order sync from ERPNext started.
[2026-04-23 09:59:01] INFO: ErpNextWmsSyncApiService: [Item Group] Fetching Transfer Orders from http://printechsdammam.dyndns.org:88/api/method/printechs_wms.api.wms_sync.get_tos_for_wms?export_pending=1&include_items=1&docstatus=1
[2026-04-23 09:59:01] INFO: ErpNextWmsSyncApiService: [Item Group] Fetched 1 Transfer Orders
[2026-04-23 09:59:01] INFO: ErpNextWmsSyncApiService: [TO] Fetching Transfer Orders from http://printechsdammam.dyndns.org:88/api/method/printechs_wms.api.wms_sync.get_tos_for_wms?export_pending=1&include_items=1&docstatus=1
[2026-04-23 09:59:01] INFO: ErpNextWmsSyncApiService: [TO] Fetched 1 Transfer Orders
[2026-04-23 09:59:01] INFO: ErpNextWmsSyncApiService: [TO Status] Fetching Transfer Orders from http://printechsdammam.dyndns.org:88/api/method/printechs_wms.api.wms_sync.get_tos_for_wms?export_pending=1&include_items=1&docstatus=1
[2026-04-23 09:59:01] INFO: ErpNextWmsSyncApiService: [TO Status] Fetched 1 Transfer Orders
[2026-04-23 09:59:01] INFO: ErpNextWmsSyncApiService: [MR] Fetching Transfer Orders from http://printechsdammam.dyndns.org:88/api/method/printechs_wms.api.wms_sync.get_tos_for_wms?export_pending=1&include_items=1&docstatus=1
[2026-04-23 09:59:01] INFO: ErpNextWmsSyncApiService: [MR] Fetched 1 Transfer Orders
[2026-04-23 09:59:01] INFO: ErpNextWmsSyncApiService: [ERPNext 9] Fetching Transfer Orders from http://printechsdammam.dyndns.org:88/api/method/printechs_wms.api.wms_sync.get_tos_for_wms?export_pending=1&include_items=1&docstatus=1
[2026-04-23 09:59:01] INFO: ErpNextWmsSyncApiService: [ERPNext 9] Fetched 1 Transfer Orders
[2026-04-23 09:59:01] INFO: ErpNextWmsSyncApiService: [Stock Entry] Fetching Transfer Orders from http://printechsdammam.dyndns.org:88/api/method/printechs_wms.api.wms_sync.get_tos_for_wms?export_pending=1&include_items=1&docstatus=1
[2026-04-23 09:59:01] INFO: ErpNextWmsSyncApiService: [Stock Entry] Fetched 1 Transfer Orders
[2026-04-23 09:59:01] INFO: ErpNextWmsSyncApiService: [ERPNext 11] Fetching Transfer Orders from http://printechsdammam.dyndns.org:88/api/method/printechs_wms.api.wms_sync.get_tos_for_wms?export_pending=1&include_items=1&docstatus=1
[2026-04-23 09:59:01] INFO: ErpNextWmsSyncApiService: [ERPNext 11] Fetched 1 Transfer Orders
[2026-04-23 09:59:01] INFO: ErpNextWmsSyncApiService: ERPNext 13 API URL or key not configured
[2026-04-23 09:59:01] INFO: TransferOrderSyncFromErpNextService: Syncing 1 TO(s) with items.
[2026-04-23 09:59:01] INFO: Transfer Order sync from ERPNext completed. Fetched: 1, TOs inserted: 1, updated: 0, items: 8, errors: 0
[2026-04-23 09:59:02] ERROR: ErpNextWmsSyncApiService: TO status API returned ExpectationFailed: {"exception":"frappe.exceptions.ValidationError: Failed to get method for command printechs_wms.api.wms_sync.update_transfer_order_wms_status with module 'printechs_wms.api.wms_sync' has no attribute 'update_transfer_order_wms_status'","exc_type":"ValidationError","exc":"[\"Traceback (most recent call last):\\n  File \\\"apps/frappe/frappe/handler.py\\\", line 74, in execute_cmd\\n    method = get_attr(cmd)\\n             ^^^^^^^^^^^^^\\n  File \\\"apps/frappe/frappe/handler.py\\\", line 292, in get_attr\\n    method = frappe.get_attr(cmd)\\n             ^^^^^^^^^^^^^^^^^^^^\\n  File \\\"apps/frappe/frappe/__init__.py\\\", line 1744, in get_attr\\n    return getattr(get_module(modulename), methodname)\\n           ^^^^^^^^^^^^^^^^^^^^^^^^^^^^^^^^^^^^^^^^^^^\\nAttributeError: module 'printechs_wms.api.wms_sync' has no attribute 'update_transfer_order_wms_status'\\n\\nDuring handling of the above exception, another exception occurred:\\n\\nTraceback (most recent call last):\\n  File \\\"apps/frappe/frappe/app.py\\\", line 120, in application\\n    response = frappe.api.handle(request)\\n               ^^^^^^^^^^^^^^^^^^^^^^^^^^\\n  File \\\"apps/frappe/frappe/api/__init__.py\\\", line 52, in handle\\n    data = endpoint(**arguments)\\n           ^^^^^^^^^^^^^^^^^^^^^\\n  File \\\"apps/frappe/frappe/api/v1.py\\\", line 40, in handle_rpc_call\\n    return frappe.handler.handle()\\n           ^^^^^^^^^^^^^^^^^^^^^^^\\n  File \\\"apps/frappe/frappe/handler.py\\\", line 52, in handle\\n    data = execute_cmd(cmd)\\n           ^^^^^^^^^^^^^^^^\\n  File \\\"apps/frappe/frappe/handler.py\\\", line 76, in execute_cmd\\n    frappe.throw(_(\\\"Failed to get method for command {0} with {1}\\\").format(cmd, e))\\n  File \\\"apps/frappe/frappe/__init__.py\\\", line 609, in throw\\n    msgprint(\\n  File \\\"apps/frappe/frappe/__init__.py\\\", line 574, in msgprint\\n    _raise_exception()\\n  File \\\"apps/frappe/frappe/__init__.py\\\", line 525, in _raise_exception\\n    raise exc\\nfrappe.exceptions.ValidationError: Failed to get method for command printechs_wms.api.wms_sync.update_transfer_order_wms_status with module 'printechs_wms.api.wms_sync' has no attribute 'update_transfer_order_wms_status'\\n\"]","_server_messages":"[\"{\\\"message\\\": \\\"Failed to get method for command printechs_wms.api.wms_sync.update_transfer_order_wms_status with module 'printechs_wms.api.wms_sync' has no attribute 'update_transfer_order_wms_status'\\\", \\\"title\\\": \\\"Message\\\", \\\"indicator\\\": \\\"red\\\", \\\"raise_exception\\\": 1, \\\"__frappe_exc_id\\\": \\\"8104f303b6399af063d1ea29ade054c8b8688eb07fbdaaf8b5b41dfa\\\"}\"]"}
--------------------------------------------------------------------------------
[2026-04-23 09:59:02] ERROR: TransferOrderSyncFromErpNextService: Failed to post TO WMS-TO-00001 status to ERPNext: ExpectationFailed: {"exception":"frappe.exceptions.ValidationError: Failed to get method for command printechs_wms.api.wms_sync.update_transfer_order_wms_status with module 'printechs_wms.api.wms_sync' has no attribute 'update_transfer_order_wms_status'","exc_type":"ValidationError","exc":"[\"Traceback (most recent call last):\\n  File \\\"apps/frappe/frappe/handler.py\\\", line 74, in execute_cmd\\n    method = get_attr(cmd)\\n             ^^^^^^^^^^^^^\\n  File \\\"apps/frappe/frappe/handler.py\\\", line 292, in get_attr\\n    method = frappe.get_attr(cmd)\\n             ^^^^^^^^^^^^^^^^^^^^\\n  File \\\"apps/frappe/frappe/__init__.py\\\", line 1744, in get_attr\\n    return getattr(get_module(modulename), methodname)\\n           ^^^^^^^^^^^^^^^^^^^^^^^^^^^^^^^^^^^^^^^^^^^\\nAttributeError: module 'printechs_wms.api.wms_sync' has no attribute 'update_transfer_order_wms_status'\\n\\nDuring handling of the above exception, another exception occurred:\\n\\nTraceback (most recent call last):\\n  File \\\"apps/frappe/frappe/app.py\\\", line 120, in application\\n    response = frappe.api.handle(request)\\n               ^^^^^^^^^^^^^^^^^^^^^^^^^^\\n  File \\\"apps/frappe/frappe/api/__init__.py\\\", line 52, in handle\\n    data = endpoint(**arguments)\\n           ^^^^^^^^^^^^^^^^^^^^^\\n  File \\\"apps/frappe/frappe/api/v1.py\\\", line 40, in handle_rpc_call\\n    return frappe.handler.handle()\\n           ^^^^^^^^^^^^^^^^^^^^^^^\\n  File \\\"apps/frappe/frappe/handler.py\\\", line 52, in handle\\n    data = execute_cmd(cmd)\\n           ^^^^^^^^^^^^^^^^\\n  File \\\"apps/frappe/frappe/handler.py\\\", line 76, in execute_cmd\\n    frappe.throw(_(\\\"Failed to get method for command {0} with {1}\\\").format(cmd, e))\\n  File \\\"apps/frappe/frappe/__init__.py\\\", line 609, in throw\\n    msgprint(\\n  File \\\"apps/frappe/frappe/__init__.py\\\", line 574, in msgprint\\n    _raise_exception()\\n  File \\\"apps/frappe/frappe/__init__.py\\\", line 525, in _raise_exception\\n    raise exc\\nfrappe.exceptions.ValidationError: Failed to get method for command printechs_wms.api.wms_sync.update_transfer_order_wms_status with module 'printechs_wms.api.wms_sync' has no attribute 'update_transfer_order_wms_status'\\n\"]","_server_messages":"[\"{\\\"message\\\": \\\"Failed to get method for command printechs_wms.api.wms_sync.update_transfer_order_wms_status with module 'printechs_wms.api.wms_sync' has no attribute 'update_transfer_order_wms_status'\\\", \\\"title\\\": \\\"Message\\\", \\\"indicator\\\": \\\"red\\\", \\\"raise_exception\\\": 1, \\\"__frappe_exc_id\\\": \\\"8104f303b6399af063d1ea29ade054c8b8688eb07fbdaaf8b5b41dfa\\\"}\"]"}
--------------------------------------------------------------------------------
[2026-04-23 09:59:02] INFO: TransferOrderSyncFromErpNextService: TO status posted to ERPNext: 0/1 updated (update_transfer_order_wms_status per TO)
[2026-04-23 09:59:02] INFO: Material Request sync from ERPNext started.
[2026-04-23 09:59:02] INFO: ErpNextWmsSyncApiService: [Item Group] Fetching Material Requests from http://printechsdammam.dyndns.org:88/api/method/printechs_wms.api.material_request.get_material_transfer_requests?from_warehouse=Main%20Warehouse%20-%20MAATC&state=Pending&docstatus=1&include_items=1&limit=200
[2026-04-23 09:59:02] INFO: ErpNextWmsSyncApiService: [Item Group] Fetched 1 Material Requests
[2026-04-23 09:59:02] INFO: ErpNextWmsSyncApiService: [MR] Fetching Material Requests from http://printechsdammam.dyndns.org:88/api/method/printechs_wms.api.material_request.get_material_transfer_requests?from_warehouse=Main%20Warehouse%20-%20MAATC&state=Pending&docstatus=1&include_items=1&limit=200
[2026-04-23 09:59:02] INFO: ErpNextWmsSyncApiService: [MR] Fetched 1 Material Requests
[2026-04-23 09:59:02] INFO: ErpNextWmsSyncApiService: [ERPNext 9] Fetching Material Requests from http://printechsdammam.dyndns.org:88/api/method/printechs_wms.api.material_request.get_material_transfer_requests?from_warehouse=Main%20Warehouse%20-%20MAATC&state=Pending&docstatus=1&include_items=1&limit=200
[2026-04-23 09:59:02] INFO: ErpNextWmsSyncApiService: [ERPNext 9] Fetched 1 Material Requests
[2026-04-23 09:59:02] INFO: ErpNextWmsSyncApiService: [Stock Entry] Fetching Material Requests from http://printechsdammam.dyndns.org:88/api/method/printechs_wms.api.material_request.get_material_transfer_requests?from_warehouse=Main%20Warehouse%20-%20MAATC&state=Pending&docstatus=1&include_items=1&limit=200
[2026-04-23 09:59:02] INFO: ErpNextWmsSyncApiService: [Stock Entry] Fetched 1 Material Requests
[2026-04-23 09:59:02] INFO: ErpNextWmsSyncApiService: [ERPNext 11] Fetching Material Requests from http://printechsdammam.dyndns.org:88/api/method/printechs_wms.api.material_request.get_material_transfer_requests?from_warehouse=Main%20Warehouse%20-%20MAATC&state=Pending&docstatus=1&include_items=1&limit=200
[2026-04-23 09:59:02] INFO: ErpNextWmsSyncApiService: [ERPNext 11] Fetched 1 Material Requests
[2026-04-23 09:59:02] INFO: ErpNextWmsSyncApiService: [ERPNext 13] Fetching Material Requests from /api/method/printechs_wms.api.asn_to_purchase_receipt.get_pr_status_for_asn?asn_no=<linked ASN>/api/method/printechs_wms.api.material_request.get_material_transfer_requests?from_warehouse=Main%20Warehouse%20-%20MAATC&state=Pending&docstatus=1&include_items=1&limit=200
[2026-04-23 09:59:02] ERROR: ErpNextWmsSyncApiService: [ERPNext 13] Error fetching Material Requests: An invalid request URI was provided. Either the request URI must be an absolute URI or BaseAddress must be set.
Exception Type: InvalidOperationException
Exception Message: An invalid request URI was provided. Either the request URI must be an absolute URI or BaseAddress must be set.
Stack Trace:    at System.Net.Http.HttpClient.PrepareRequestMessage(HttpRequestMessage request)
   at System.Net.Http.HttpClient.GetAsync(String requestUri)
   at Wms.Desktop.Services.ErpNextWmsSyncApiService.FetchMessageListAsync[T](String apiUrl, String apiKey, String label, String entityName) in D:\Development Project\Printechs WMS\Wms.Desktop\Services\ErpNextWmsSyncApiService.cs:line 523
--------------------------------------------------------------------------------
[2026-04-23 09:59:02] INFO: MaterialRequestSyncFromErpNextService: Syncing 1 Material Request(s) with items.
[2026-04-23 09:59:02] INFO: MaterialRequestSyncFromErpNextService: MR MAT-MR-2026-00001: inserting 2 item(s) (preserving local picked qty where higher).
[2026-04-23 09:59:02] INFO: Material Request sync from ERPNext completed. Fetched: 1, MRs inserted: 1, updated: 0, items: 2, errors: 0
[2026-04-23 09:59:02] INFO: Transfer In sync from ERPNext started (tabTransferIn / tabTransferInItem).
[2026-04-23 09:59:02] INFO: TransferInSyncFromErpNextService: Step 1 - Dropping legacy tabTransferInStockEntry tables if they exist.
[2026-04-23 09:59:02] INFO: DatabaseService: Dropped tabTransferInStockEntry and tabTransferInStockEntryItem if they existed.
[2026-04-23 09:59:02] INFO: TransferInSyncFromErpNextService: Step 2 - Connecting to database: wms_desktop, host: localhost
[2026-04-23 09:59:02] INFO: TransferInSyncFromErpNextService: Step 3 - Connection opened. Database: wms_desktop
[2026-04-23 09:59:02] INFO: TransferInSyncFromErpNextService: Step 4 - Using 6 endpoint(s) for Transfer In.
[2026-04-23 09:59:02] INFO: ErpNextWmsSyncApiService: [Item Group] Fetching Transfer In Stock Entries from http://printechsdammam.dyndns.org:88/api/method/printechs_wms.api.transfer_in_sync.get_material_transfer_stock_entries?add_to_transit=1&custom_receiving_warehouse=Main%20Warehouse%20-%20MAATC&docstatus=1
[2026-04-23 09:59:02] INFO: ErpNextWmsSyncApiService: [Item Group] Fetched 1 Transfer In Stock Entries
[2026-04-23 09:59:02] INFO: TransferInSyncFromErpNextService: Endpoint [Item Group] returned 1 raw entry(ies).
[2026-04-23 09:59:02] INFO: ErpNextWmsSyncApiService: [MR] Fetching Transfer In Stock Entries from http://printechsdammam.dyndns.org:88/api/method/printechs_wms.api.transfer_in_sync.get_material_transfer_stock_entries?add_to_transit=1&custom_receiving_warehouse=Main%20Warehouse%20-%20MAATC&docstatus=1
[2026-04-23 09:59:02] INFO: ErpNextWmsSyncApiService: [MR] Fetched 1 Transfer In Stock Entries
[2026-04-23 09:59:02] INFO: TransferInSyncFromErpNextService: Endpoint [MR] returned 1 raw entry(ies).
[2026-04-23 09:59:02] INFO: ErpNextWmsSyncApiService: [ERPNext 9] Fetching Transfer In Stock Entries from http://printechsdammam.dyndns.org:88/api/method/printechs_wms.api.transfer_in_sync.get_material_transfer_stock_entries?to_warehouse=Main%20Warehouse%20-%20MAATC&docstatus=1
[2026-04-23 09:59:02] INFO: ErpNextWmsSyncApiService: [ERPNext 9] Fetched 1 Transfer In Stock Entries
[2026-04-23 09:59:02] INFO: TransferInSyncFromErpNextService: Endpoint [ERPNext 9] returned 1 raw entry(ies).
[2026-04-23 09:59:02] INFO: ErpNextWmsSyncApiService: [Stock Entry] Fetching Transfer In Stock Entries from http://printechsdammam.dyndns.org:88/api/method/printechs_wms.api.transfer_in_sync.get_material_transfer_stock_entries?add_to_transit=1&custom_receiving_warehouse=Main%20Warehouse%20-%20MAATC&docstatus=1
[2026-04-23 09:59:02] INFO: ErpNextWmsSyncApiService: [Stock Entry] Fetched 1 Transfer In Stock Entries
[2026-04-23 09:59:02] INFO: TransferInSyncFromErpNextService: Endpoint [Stock Entry] returned 1 raw entry(ies).
[2026-04-23 09:59:02] INFO: ErpNextWmsSyncApiService: [ERPNext 11] Fetching Transfer In Stock Entries from http://printechsdammam.dyndns.org:88/api/method/printechs_wms.api.transfer_in_sync.get_material_transfer_stock_entries?add_to_transit=1&custom_receiving_warehouse=Main%20Warehouse%20-%20MAATC&docstatus=1
[2026-04-23 09:59:02] INFO: ErpNextWmsSyncApiService: [ERPNext 11] Fetched 1 Transfer In Stock Entries
[2026-04-23 09:59:02] INFO: TransferInSyncFromErpNextService: Endpoint [ERPNext 11] returned 1 raw entry(ies).
[2026-04-23 09:59:02] INFO: ErpNextWmsSyncApiService: [ERPNext 13] Fetching Transfer In Stock Entries from /api/method/printechs_wms.api.asn_to_purchase_receipt.get_pr_status_for_asn?asn_no=<linked ASN>/api/method/printechs_wms.api.transfer_in_sync.get_material_transfer_stock_entries?add_to_transit=1&custom_receiving_warehouse=Main%20Warehouse%20-%20MAATC&docstatus=1
[2026-04-23 09:59:02] ERROR: ErpNextWmsSyncApiService: [ERPNext 13] Error fetching Transfer In Stock Entries: An invalid request URI was provided. Either the request URI must be an absolute URI or BaseAddress must be set.
Exception Type: InvalidOperationException
Exception Message: An invalid request URI was provided. Either the request URI must be an absolute URI or BaseAddress must be set.
Stack Trace:    at System.Net.Http.HttpClient.PrepareRequestMessage(HttpRequestMessage request)
   at System.Net.Http.HttpClient.GetAsync(String requestUri)
   at Wms.Desktop.Services.ErpNextWmsSyncApiService.FetchMessageListAsync[T](String apiUrl, String apiKey, String label, String entityName) in D:\Development Project\Printechs WMS\Wms.Desktop\Services\ErpNextWmsSyncApiService.cs:line 523
--------------------------------------------------------------------------------
[2026-04-23 09:59:02] INFO: TransferInSyncFromErpNextService: Step 5 - Total raw entries from API: 5
[2026-04-23 09:59:02] INFO: TransferInSyncFromErpNextService: Step 6 - After dedupe: 2 unique Transfer In(s) to sync. Keys: [MAT-STE-2026-00002, MAT-STE-2026-00003]
[2026-04-23 09:59:02] INFO: TransferInSyncFromErpNextService: --- Processing entry: MAT-STE-2026-00002 ---
[2026-04-23 09:59:02] INFO: TransferInSyncFromErpNextService: tabTransferIn INSERT/UPDATE for MAT-STE-2026-00002 affected rows: 1 (1=inserted, 2=updated).
[2026-04-23 09:59:02] INFO: TransferInSyncFromErpNextService: DELETE old tabTransferInItem for MAT-STE-2026-00002 deleted rows: 0.
[2026-04-23 09:59:02] INFO: TransferInSyncFromErpNextService: Entry MAT-STE-2026-00002: inserting 2 item(s) into tabTransferInItem.
[2026-04-23 09:59:02] INFO: TransferInSyncFromErpNextService: Inserting tabTransferInItem: parent=MAT-STE-2026-00002, item_code=108231, qty=5.
[2026-04-23 09:59:02] INFO: TransferInSyncFromErpNextService: Item INSERT for 108231 affected rows: 1.
[2026-04-23 09:59:02] INFO: TransferInSyncFromErpNextService: Inserting tabTransferInItem: parent=MAT-STE-2026-00002, item_code=108229, qty=5.
[2026-04-23 09:59:02] INFO: TransferInSyncFromErpNextService: Item INSERT for 108229 affected rows: 1.
[2026-04-23 09:59:02] INFO: TransferInSyncFromErpNextService: Committing transaction for MAT-STE-2026-00002.
[2026-04-23 09:59:02] INFO: TransferInSyncFromErpNextService: Transaction committed for MAT-STE-2026-00002.
[2026-04-23 09:59:02] INFO: TransferInSyncFromErpNextService: Verification tabTransferInItem count for MAT-STE-2026-00002 => 2 row(s).
[2026-04-23 09:59:02] INFO: TransferInSyncFromErpNextService: --- Processing entry: MAT-STE-2026-00003 ---
[2026-04-23 09:59:02] INFO: TransferInSyncFromErpNextService: tabTransferIn INSERT/UPDATE for MAT-STE-2026-00003 affected rows: 1 (1=inserted, 2=updated).
[2026-04-23 09:59:02] INFO: TransferInSyncFromErpNextService: DELETE old tabTransferInItem for MAT-STE-2026-00003 deleted rows: 0.
[2026-04-23 09:59:02] INFO: TransferInSyncFromErpNextService: Entry MAT-STE-2026-00003: inserting 2 item(s) into tabTransferInItem.
[2026-04-23 09:59:02] INFO: TransferInSyncFromErpNextService: Inserting tabTransferInItem: parent=MAT-STE-2026-00003, item_code=108231, qty=5.
[2026-04-23 09:59:02] INFO: TransferInSyncFromErpNextService: Item INSERT for 108231 affected rows: 1.
[2026-04-23 09:59:02] INFO: TransferInSyncFromErpNextService: Inserting tabTransferInItem: parent=MAT-STE-2026-00003, item_code=108229, qty=5.
[2026-04-23 09:59:02] INFO: TransferInSyncFromErpNextService: Item INSERT for 108229 affected rows: 1.
[2026-04-23 09:59:02] INFO: TransferInSyncFromErpNextService: Committing transaction for MAT-STE-2026-00003.
[2026-04-23 09:59:02] INFO: TransferInSyncFromErpNextService: Transaction committed for MAT-STE-2026-00003.
[2026-04-23 09:59:02] INFO: TransferInSyncFromErpNextService: Verification tabTransferInItem count for MAT-STE-2026-00003 => 2 row(s).
[2026-04-23 09:59:02] INFO: Transfer In sync from ERPNext completed. Fetched: 2, entries inserted: 2, updated: 0, items: 4, errors: 0
[2026-04-23 09:59:02] INFO: ErpNextWmsSyncApiService: WMS snapshot updated successfully.
[2026-04-23 09:59:02] INFO: ErpNextWmsSyncApiService: Calling rebuild_wms_stock_balance for company=Mohammed Abdullah Almousa Trading Company, warehouse=Main Warehouse - MAATC
[2026-04-23 09:59:03] INFO: ErpNextWmsSyncApiService: rebuild_wms_stock_balance updated successfully.
[2026-04-23 09:59:03] INFO: ErpNextWmsSyncApiService: rebuild_wms_stock_balance completed successfully.
[2026-04-23 11:37:47] INFO: ItemLocationBreakdownViewModel: Loading location data for 324251 from transaction history
[2026-04-23 11:37:47] INFO: ItemLocationBreakdownViewModel: Found 1 location/carton entries from transaction history
[2026-04-23 11:37:51] INFO: ItemLocationBreakdownViewModel: Loading location data for 324249 from transaction history
[2026-04-23 11:37:51] INFO: ItemLocationBreakdownViewModel: Found 2 location/carton entries from transaction history
[2026-04-23 11:51:35] INFO: ASN ASN-0001 Carton CNWH12858: Assigned=Assigned, Actual=Assigned, ReceivedQty=0
[2026-04-23 11:51:35] INFO: ASN ASN-0001 Carton CNWH12854: Assigned=Assigned, Actual=Assigned, ReceivedQty=0
[2026-04-23 11:51:35] INFO: ASN ASN-0001 Carton CNWH15390: Assigned=Assigned, Actual=Assigned, ReceivedQty=0
[2026-04-23 11:51:35] INFO: ASN ASN-0001 Carton CNWH42441: Assigned=Assigned, Actual=Assigned, ReceivedQty=0
[2026-04-23 11:51:35] INFO: ASN ASN-0001 Carton CNWH64571: Assigned=Assigned, Actual=Assigned, ReceivedQty=0
[2026-04-23 11:51:35] INFO: ASN ASN-0001 Carton CNWH64521: Assigned=Assigned, Actual=Assigned, ReceivedQty=0
[2026-04-23 11:51:35] INFO: ASN ASN-0001 Carton CNWH63561: Assigned=Assigned, Actual=Assigned, ReceivedQty=0
[2026-04-23 11:51:35] INFO: ASN ASN-0001 Carton CNWH63609: Assigned=Assigned, Actual=Assigned, ReceivedQty=0
[2026-04-23 11:51:35] INFO: ASN ASN-0002 Carton CNWH12858: Assigned=Assigned, Actual=Assigned, ReceivedQty=0
[2026-04-23 11:51:35] INFO: ASN ASN-0002 Carton CNWH12854: Assigned=Assigned, Actual=Assigned, ReceivedQty=0
[2026-04-23 11:51:35] INFO: ASN WMS-ASN-EXT-00004 Carton CNWH63179: Assigned=Received, Actual=Received, ReceivedQty=10
[2026-04-23 11:51:35] INFO: ASN WMS-ASN-EXT-00004 Carton CNWH63179: Assigned=Received, Actual=Received, ReceivedQty=10
[2026-04-23 11:51:35] INFO: ASN WMS-ASN-EXT-00004 Carton CNWH63502: Assigned=Received, Actual=Received, ReceivedQty=10
[2026-04-23 11:51:35] INFO: ASN WMS-ASN-EXT-00004 Carton CNWH63502: Assigned=Received, Actual=Received, ReceivedQty=10
[2026-04-23 11:51:36] INFO: ASN ASN-0001 Carton CNWH12858: Assigned=Assigned, Actual=Assigned, ReceivedQty=0
[2026-04-23 11:51:36] INFO: ASN ASN-0001 Carton CNWH12854: Assigned=Assigned, Actual=Assigned, ReceivedQty=0
[2026-04-23 11:51:36] INFO: ASN ASN-0001 Carton CNWH15390: Assigned=Assigned, Actual=Assigned, ReceivedQty=0
[2026-04-23 11:51:36] INFO: ASN ASN-0001 Carton CNWH42441: Assigned=Assigned, Actual=Assigned, ReceivedQty=0
[2026-04-23 11:51:36] INFO: ASN ASN-0001 Carton CNWH64571: Assigned=Assigned, Actual=Assigned, ReceivedQty=0
[2026-04-23 11:51:36] INFO: ASN ASN-0001 Carton CNWH64521: Assigned=Assigned, Actual=Assigned, ReceivedQty=0
[2026-04-23 11:51:36] INFO: ASN ASN-0001 Carton CNWH63561: Assigned=Assigned, Actual=Assigned, ReceivedQty=0
[2026-04-23 11:51:36] INFO: ASN ASN-0001 Carton CNWH63609: Assigned=Assigned, Actual=Assigned, ReceivedQty=0
[2026-04-23 11:51:36] INFO: ASN ASN-0002 Carton CNWH12858: Assigned=Assigned, Actual=Assigned, ReceivedQty=0
[2026-04-23 11:51:36] INFO: ASN ASN-0002 Carton CNWH12854: Assigned=Assigned, Actual=Assigned, ReceivedQty=0
[2026-04-23 11:51:36] INFO: ASN WMS-ASN-EXT-00004 Carton CNWH63179: Assigned=Received, Actual=Received, ReceivedQty=10
[2026-04-23 11:51:36] INFO: ASN WMS-ASN-EXT-00004 Carton CNWH63179: Assigned=Received, Actual=Received, ReceivedQty=10
[2026-04-23 11:51:36] INFO: ASN WMS-ASN-EXT-00004 Carton CNWH63502: Assigned=Received, Actual=Received, ReceivedQty=10
[2026-04-23 11:51:36] INFO: ASN WMS-ASN-EXT-00004 Carton CNWH63502: Assigned=Received, Actual=Received, ReceivedQty=10
[2026-04-23 11:51:36] INFO: ASN ASN-0001 Carton CNWH12858: Assigned=Assigned, Actual=Assigned, ReceivedQty=0
[2026-04-23 11:51:36] INFO: ASN ASN-0001 Carton CNWH12854: Assigned=Assigned, Actual=Assigned, ReceivedQty=0
[2026-04-23 11:51:36] INFO: ASN ASN-0001 Carton CNWH15390: Assigned=Assigned, Actual=Assigned, ReceivedQty=0
[2026-04-23 11:51:36] INFO: ASN ASN-0001 Carton CNWH42441: Assigned=Assigned, Actual=Assigned, ReceivedQty=0
[2026-04-23 11:51:36] INFO: ASN ASN-0001 Carton CNWH64571: Assigned=Assigned, Actual=Assigned, ReceivedQty=0
[2026-04-23 11:51:36] INFO: ASN ASN-0001 Carton CNWH64521: Assigned=Assigned, Actual=Assigned, ReceivedQty=0
[2026-04-23 11:51:36] INFO: ASN ASN-0001 Carton CNWH63561: Assigned=Assigned, Actual=Assigned, ReceivedQty=0
[2026-04-23 11:51:36] INFO: ASN ASN-0001 Carton CNWH63609: Assigned=Assigned, Actual=Assigned, ReceivedQty=0
[2026-04-23 11:51:36] INFO: ASN ASN-0002 Carton CNWH12858: Assigned=Assigned, Actual=Assigned, ReceivedQty=0
[2026-04-23 11:51:36] INFO: ASN ASN-0002 Carton CNWH12854: Assigned=Assigned, Actual=Assigned, ReceivedQty=0
[2026-04-23 11:51:36] INFO: ASN WMS-ASN-EXT-00004 Carton CNWH63179: Assigned=Received, Actual=Received, ReceivedQty=10
[2026-04-23 11:51:36] INFO: ASN WMS-ASN-EXT-00004 Carton CNWH63179: Assigned=Received, Actual=Received, ReceivedQty=10
[2026-04-23 11:51:36] INFO: ASN WMS-ASN-EXT-00004 Carton CNWH63502: Assigned=Received, Actual=Received, ReceivedQty=10
[2026-04-23 11:51:36] INFO: ASN WMS-ASN-EXT-00004 Carton CNWH63502: Assigned=Received, Actual=Received, ReceivedQty=10
[2026-04-23 11:51:44] INFO: ErpNextWmsSyncApiService: Fetched 4 item code(s) from ERPNext for ASN WMS-ASN-EXT-00004 (use as filter for PR/received qty).
[2026-04-23 11:51:44] INFO: ErpNextWmsSyncApiService: Pushing ASN received qty for WMS-ASN-EXT-00004, 4 line(s) (aggregated by item). Item codes: [324249:10, 324250:10, 324251:10, 324252:10], to http://printechsdammam.dyndns.org:88/api/method/printechs_wms.api.asn_receiving.update_asn_received_qty
[2026-04-23 11:51:44] INFO: ErpNextWmsSyncApiService: ASN received qty updated successfully.
[2026-04-23 11:51:44] INFO: ErpNextWmsSyncApiService: Fetched 4 item code(s) from ERPNext for ASN WMS-ASN-EXT-00004 (use as filter for PR/received qty).
[2026-04-23 11:51:44] INFO: ErpNextWmsSyncApiService: Creating Purchase Receipt for ASN WMS-ASN-EXT-00004, warehouse Main Warehouse - MAATC, 4 line(s). Item codes: [324249:10, 324250:10, 324251:10, 324252:10]
[2026-04-23 11:51:47] INFO: ErpNextWmsSyncApiService: Create Purchase Receipt succeeded. Purchase Receipt: MAT-PRE-2026-00006
[2026-04-23 11:51:47] INFO: AsnDataService: SetAsnPurchaseReceiptNo saved MAT-PRE-2026-00006 for ASN WMS-ASN-EXT-00004.
[2026-04-23 11:51:47] INFO: ASN ASN-0001 Carton CNWH12858: Assigned=Assigned, Actual=Assigned, ReceivedQty=0
[2026-04-23 11:51:47] INFO: ASN ASN-0001 Carton CNWH12854: Assigned=Assigned, Actual=Assigned, ReceivedQty=0
[2026-04-23 11:51:47] INFO: ASN ASN-0001 Carton CNWH15390: Assigned=Assigned, Actual=Assigned, ReceivedQty=0
[2026-04-23 11:51:47] INFO: ASN ASN-0001 Carton CNWH42441: Assigned=Assigned, Actual=Assigned, ReceivedQty=0
[2026-04-23 11:51:47] INFO: ASN ASN-0001 Carton CNWH64571: Assigned=Assigned, Actual=Assigned, ReceivedQty=0
[2026-04-23 11:51:47] INFO: ASN ASN-0001 Carton CNWH64521: Assigned=Assigned, Actual=Assigned, ReceivedQty=0
[2026-04-23 11:51:47] INFO: ASN ASN-0001 Carton CNWH63561: Assigned=Assigned, Actual=Assigned, ReceivedQty=0
[2026-04-23 11:51:47] INFO: ASN ASN-0001 Carton CNWH63609: Assigned=Assigned, Actual=Assigned, ReceivedQty=0
[2026-04-23 11:51:47] INFO: ASN ASN-0002 Carton CNWH12858: Assigned=Assigned, Actual=Assigned, ReceivedQty=0
[2026-04-23 11:51:47] INFO: ASN ASN-0002 Carton CNWH12854: Assigned=Assigned, Actual=Assigned, ReceivedQty=0
[2026-04-23 11:51:47] INFO: ASN WMS-ASN-EXT-00004 Carton CNWH63179: Assigned=Received, Actual=Received, ReceivedQty=10
[2026-04-23 11:51:47] INFO: ASN WMS-ASN-EXT-00004 Carton CNWH63179: Assigned=Received, Actual=Received, ReceivedQty=10
[2026-04-23 11:51:47] INFO: ASN WMS-ASN-EXT-00004 Carton CNWH63502: Assigned=Received, Actual=Received, ReceivedQty=10
[2026-04-23 11:51:47] INFO: ASN WMS-ASN-EXT-00004 Carton CNWH63502: Assigned=Received, Actual=Received, ReceivedQty=10
[2026-04-23 11:51:49] INFO: ASN ASN-0001 Carton CNWH12858: Assigned=Assigned, Actual=Assigned, ReceivedQty=0
[2026-04-23 11:51:49] INFO: ASN ASN-0001 Carton CNWH12854: Assigned=Assigned, Actual=Assigned, ReceivedQty=0
[2026-04-23 11:51:49] INFO: ASN ASN-0001 Carton CNWH15390: Assigned=Assigned, Actual=Assigned, ReceivedQty=0
[2026-04-23 11:51:49] INFO: ASN ASN-0001 Carton CNWH42441: Assigned=Assigned, Actual=Assigned, ReceivedQty=0
[2026-04-23 11:51:49] INFO: ASN ASN-0001 Carton CNWH64571: Assigned=Assigned, Actual=Assigned, ReceivedQty=0
[2026-04-23 11:51:49] INFO: ASN ASN-0001 Carton CNWH64521: Assigned=Assigned, Actual=Assigned, ReceivedQty=0
[2026-04-23 11:51:49] INFO: ASN ASN-0001 Carton CNWH63561: Assigned=Assigned, Actual=Assigned, ReceivedQty=0
[2026-04-23 11:51:49] INFO: ASN ASN-0001 Carton CNWH63609: Assigned=Assigned, Actual=Assigned, ReceivedQty=0
[2026-04-23 11:51:49] INFO: ASN ASN-0002 Carton CNWH12858: Assigned=Assigned, Actual=Assigned, ReceivedQty=0
[2026-04-23 11:51:49] INFO: ASN ASN-0002 Carton CNWH12854: Assigned=Assigned, Actual=Assigned, ReceivedQty=0
[2026-04-23 11:51:49] INFO: ASN WMS-ASN-EXT-00004 Carton CNWH63179: Assigned=Received, Actual=Received, ReceivedQty=10
[2026-04-23 11:51:49] INFO: ASN WMS-ASN-EXT-00004 Carton CNWH63179: Assigned=Received, Actual=Received, ReceivedQty=10
[2026-04-23 11:51:49] INFO: ASN WMS-ASN-EXT-00004 Carton CNWH63502: Assigned=Received, Actual=Received, ReceivedQty=10
[2026-04-23 11:51:49] INFO: ASN WMS-ASN-EXT-00004 Carton CNWH63502: Assigned=Received, Actual=Received, ReceivedQty=10
[2026-04-23 12:31:09] INFO: ASN ASN-0001 Carton CNWH12858: Assigned=Assigned, Actual=Assigned, ReceivedQty=0
[2026-04-23 12:31:09] INFO: ASN ASN-0001 Carton CNWH12854: Assigned=Assigned, Actual=Assigned, ReceivedQty=0
[2026-04-23 12:31:09] INFO: ASN ASN-0001 Carton CNWH15390: Assigned=Assigned, Actual=Assigned, ReceivedQty=0
[2026-04-23 12:31:09] INFO: ASN ASN-0001 Carton CNWH42441: Assigned=Assigned, Actual=Assigned, ReceivedQty=0
[2026-04-23 12:31:09] INFO: ASN ASN-0001 Carton CNWH64571: Assigned=Assigned, Actual=Assigned, ReceivedQty=0
[2026-04-23 12:31:09] INFO: ASN ASN-0001 Carton CNWH64521: Assigned=Assigned, Actual=Assigned, ReceivedQty=0
[2026-04-23 12:31:09] INFO: ASN ASN-0001 Carton CNWH63561: Assigned=Assigned, Actual=Assigned, ReceivedQty=0
[2026-04-23 12:31:09] INFO: ASN ASN-0001 Carton CNWH63609: Assigned=Assigned, Actual=Assigned, ReceivedQty=0
[2026-04-23 12:31:09] INFO: ASN WMS-ASN-EXT-00004 Carton CNWH63179: Assigned=Received, Actual=Received, ReceivedQty=10
[2026-04-23 12:31:09] INFO: ASN WMS-ASN-EXT-00004 Carton CNWH63180: Assigned=Received, Actual=Received, ReceivedQty=10
[2026-04-23 12:31:09] INFO: ASN WMS-ASN-EXT-00004 Carton CNWH63196: Assigned=Received, Actual=Received, ReceivedQty=10
[2026-04-23 12:31:09] INFO: ASN WMS-ASN-EXT-00004 Carton CNWH63197: Assigned=Received, Actual=Received, ReceivedQty=10
[2026-04-23 12:31:09] INFO: ASN WMS-ASN-EXT-00004 Carton CNWH63198: Assigned=Received, Actual=Received, ReceivedQty=10
[2026-04-23 12:31:09] INFO: ASN WMS-ASN-EXT-00004 Carton CNWH63199: Assigned=Received, Actual=Received, ReceivedQty=10
[2026-04-23 12:31:09] INFO: ASN WMS-ASN-EXT-00004 Carton CNWH63200: Assigned=Received, Actual=Received, ReceivedQty=10
[2026-04-23 12:31:09] INFO: ASN WMS-ASN-EXT-00004 Carton CNWH63266: Assigned=Received, Actual=Received, ReceivedQty=10
[2026-04-23 12:31:09] INFO: ASN WMS-ASN-EXT-00004 Carton CNWH63268: Assigned=Received, Actual=Received, ReceivedQty=10
[2026-04-23 12:31:09] INFO: ASN WMS-ASN-EXT-00004 Carton CNWH63269: Assigned=Received, Actual=Received, ReceivedQty=10
[2026-04-23 12:31:09] INFO: ASN WMS-ASN-EXT-00004 Carton CNWH63270: Assigned=Received, Actual=Received, ReceivedQty=10
[2026-04-23 12:31:09] INFO: ASN WMS-ASN-EXT-00004 Carton CNWH63271: Assigned=Received, Actual=Received, ReceivedQty=10
[2026-04-23 12:31:09] INFO: ASN WMS-ASN-EXT-00004 Carton CNWH63272: Assigned=Received, Actual=Received, ReceivedQty=10
[2026-04-23 12:31:09] INFO: ASN WMS-ASN-EXT-00004 Carton CNWH63275: Assigned=Received, Actual=Received, ReceivedQty=10
[2026-04-23 12:31:09] INFO: ASN WMS-ASN-EXT-00004 Carton CNWH63277: Assigned=Received, Actual=Received, ReceivedQty=10
[2026-04-23 12:31:09] INFO: ASN WMS-ASN-EXT-00004 Carton CNWH63280: Assigned=Received, Actual=Received, ReceivedQty=10
[2026-04-23 12:31:09] INFO: ASN WMS-ASN-EXT-00004 Carton CNWH63282: Assigned=Received, Actual=Received, ReceivedQty=10
[2026-04-23 12:31:09] INFO: ASN WMS-ASN-EXT-00004 Carton CNWH63283: Assigned=Received, Actual=Received, ReceivedQty=10
[2026-04-23 12:31:09] INFO: ASN WMS-ASN-EXT-00004 Carton CNWH63284: Assigned=Received, Actual=Received, ReceivedQty=10
[2026-04-23 12:31:09] INFO: ASN WMS-ASN-EXT-00004 Carton CNWH63285: Assigned=Received, Actual=Received, ReceivedQty=10
[2026-04-23 12:31:09] INFO: ASN WMS-ASN-EXT-00004 Carton CNWH63286: Assigned=Received, Actual=Received, ReceivedQty=10
[2026-04-23 12:31:09] INFO: ASN WMS-ASN-EXT-00004 Carton CNWH63287: Assigned=Received, Actual=Received, ReceivedQty=10
[2026-04-23 12:31:09] INFO: ASN WMS-ASN-EXT-00004 Carton CNWH63288: Assigned=Received, Actual=Received, ReceivedQty=10
[2026-04-23 12:31:09] INFO: ASN WMS-ASN-EXT-00004 Carton CNWH63289: Assigned=Received, Actual=Received, ReceivedQty=10
[2026-04-23 12:31:09] INFO: ASN WMS-ASN-EXT-00004 Carton CNWH63441: Assigned=Received, Actual=Received, ReceivedQty=10
[2026-04-23 12:31:09] INFO: ASN WMS-ASN-EXT-00004 Carton CNWH63442: Assigned=Received, Actual=Received, ReceivedQty=10
[2026-04-23 12:31:09] INFO: ASN WMS-ASN-EXT-00004 Carton CNWH63444: Assigned=Received, Actual=Received, ReceivedQty=10
[2026-04-23 12:31:09] INFO: ASN WMS-ASN-EXT-00004 Carton CNWH63446: Assigned=Received, Actual=Received, ReceivedQty=10
[2026-04-23 12:31:09] INFO: ASN WMS-ASN-EXT-00004 Carton CNWH63448: Assigned=Received, Actual=Received, ReceivedQty=10
[2026-04-23 12:31:09] INFO: ASN WMS-ASN-EXT-00004 Carton CNWH65363: Assigned=Received, Actual=Received, ReceivedQty=10
[2026-04-23 12:31:09] INFO: ASN WMS-ASN-EXT-00004 Carton CNWH63179: Assigned=Received, Actual=Received, ReceivedQty=10
[2026-04-23 12:31:09] INFO: ASN WMS-ASN-EXT-00004 Carton CNWH63180: Assigned=Received, Actual=Received, ReceivedQty=10
[2026-04-23 12:31:09] INFO: ASN WMS-ASN-EXT-00004 Carton CNWH63196: Assigned=Received, Actual=Received, ReceivedQty=10
[2026-04-23 12:31:09] INFO: ASN WMS-ASN-EXT-00004 Carton CNWH63197: Assigned=Received, Actual=Received, ReceivedQty=10
[2026-04-23 12:31:09] INFO: ASN WMS-ASN-EXT-00004 Carton CNWH63198: Assigned=Received, Actual=Received, ReceivedQty=10
[2026-04-23 12:31:09] INFO: ASN WMS-ASN-EXT-00004 Carton CNWH63199: Assigned=Received, Actual=Received, ReceivedQty=10
[2026-04-23 12:31:09] INFO: ASN WMS-ASN-EXT-00004 Carton CNWH63200: Assigned=Received, Actual=Received, ReceivedQty=10
[2026-04-23 12:31:09] INFO: ASN WMS-ASN-EXT-00004 Carton CNWH63266: Assigned=Received, Actual=Received, ReceivedQty=10
[2026-04-23 12:31:09] INFO: ASN WMS-ASN-EXT-00004 Carton CNWH63268: Assigned=Received, Actual=Received, ReceivedQty=10
[2026-04-23 12:31:09] INFO: ASN WMS-ASN-EXT-00004 Carton CNWH63269: Assigned=Received, Actual=Received, ReceivedQty=10
[2026-04-23 12:31:09] INFO: ASN WMS-ASN-EXT-00004 Carton CNWH63270: Assigned=Received, Actual=Received, ReceivedQty=10
[2026-04-23 12:31:09] INFO: ASN WMS-ASN-EXT-00004 Carton CNWH63271: Assigned=Received, Actual=Received, ReceivedQty=10
[2026-04-23 12:31:09] INFO: ASN WMS-ASN-EXT-00004 Carton CNWH63272: Assigned=Received, Actual=Received, ReceivedQty=10
[2026-04-23 12:31:09] INFO: ASN WMS-ASN-EXT-00004 Carton CNWH63275: Assigned=Received, Actual=Received, ReceivedQty=10
[2026-04-23 12:31:09] INFO: ASN WMS-ASN-EXT-00004 Carton CNWH63277: Assigned=Received, Actual=Received, ReceivedQty=10
[2026-04-23 12:31:09] INFO: ASN WMS-ASN-EXT-00004 Carton CNWH63280: Assigned=Received, Actual=Received, ReceivedQty=10
[2026-04-23 12:31:09] INFO: ASN WMS-ASN-EXT-00004 Carton CNWH63282: Assigned=Received, Actual=Received, ReceivedQty=10
[2026-04-23 12:31:09] INFO: ASN WMS-ASN-EXT-00004 Carton CNWH63283: Assigned=Received, Actual=Received, ReceivedQty=10
[2026-04-23 12:31:09] INFO: ASN WMS-ASN-EXT-00004 Carton CNWH63284: Assigned=Received, Actual=Received, ReceivedQty=10
[2026-04-23 12:31:09] INFO: ASN WMS-ASN-EXT-00004 Carton CNWH63285: Assigned=Received, Actual=Received, ReceivedQty=10
[2026-04-23 12:31:09] INFO: ASN WMS-ASN-EXT-00004 Carton CNWH63286: Assigned=Received, Actual=Received, ReceivedQty=10
[2026-04-23 12:31:09] INFO: ASN WMS-ASN-EXT-00004 Carton CNWH63287: Assigned=Received, Actual=Received, ReceivedQty=10
[2026-04-23 12:31:09] INFO: ASN WMS-ASN-EXT-00004 Carton CNWH63288: Assigned=Received, Actual=Received, ReceivedQty=10
[2026-04-23 12:31:09] INFO: ASN WMS-ASN-EXT-00004 Carton CNWH63289: Assigned=Received, Actual=Received, ReceivedQty=10
[2026-04-23 12:31:09] INFO: ASN WMS-ASN-EXT-00004 Carton CNWH63441: Assigned=Received, Actual=Received, ReceivedQty=10
[2026-04-23 12:31:09] INFO: ASN WMS-ASN-EXT-00004 Carton CNWH63442: Assigned=Received, Actual=Received, ReceivedQty=10
[2026-04-23 12:31:09] INFO: ASN WMS-ASN-EXT-00004 Carton CNWH65363: Assigned=Received, Actual=Received, ReceivedQty=10
[2026-04-23 12:31:09] INFO: ASN WMS-ASN-EXT-00004 Carton CNWH63502: Assigned=Received, Actual=Received, ReceivedQty=10
[2026-04-23 12:31:09] INFO: ASN WMS-ASN-EXT-00004 Carton CNWH63502: Assigned=Received, Actual=Received, ReceivedQty=10
[2026-04-23 12:31:09] INFO: ASN WMS-ASN-EXT-00004 Carton CNWH64607: Assigned=Received, Actual=Received, ReceivedQty=10
[2026-04-23 12:31:18] INFO: ItemLocationBreakdownViewModel: Loading location data for 324249 from transaction history
[2026-04-23 12:31:18] INFO: ItemLocationBreakdownViewModel: Found 1 location/carton entries from transaction history
[2026-04-23 12:42:10] INFO: ItemLocationBreakdownViewModel: Loading location data for 324249 from transaction history
[2026-04-23 12:42:10] INFO: ItemLocationBreakdownViewModel: Found 1 location/carton entries from transaction history
[2026-04-23 13:09:25] INFO: PutawayTaskDataService: Loaded task PUT-20260423-0001 with status Open
[2026-04-23 13:09:25] INFO: PutawayTaskDataService: Loaded task PUT-20260423-0002 with status Completed
[2026-04-23 13:09:25] INFO: PutawayTaskDataService: SQL Query: SELECT pl.parent_title, pl.carton_id, pl.item_code, SUM(pl.qty) as qty, pl.rack, pl.bin, pl.location_id
                         FROM tabPutawayLine pl
                         WHERE pl.parent_title IN (@title0,@title1)
                         GROUP BY pl.parent_title, pl.carton_id, pl.item_code, pl.rack, pl.bin, pl.location_id
                         ORDER BY pl.parent_title, pl.item_code
[2026-04-23 13:09:25] INFO: PutawayTaskDataService: Querying lines for 2 tasks: PUT-20260423-0001, PUT-20260423-0002
[2026-04-23 13:09:25] INFO: PutawayTaskDataService: Read 8 lines, now looking up location_ids from tabLocation
[2026-04-23 13:09:25] INFO: PutawayTaskDataService: Added line for PUT-20260423-0001: 324249 (Qty: 100, Carton: PAW-WMSASNEXT00004-1776848415615)
[2026-04-23 13:09:25] INFO: PutawayTaskDataService: Added line for PUT-20260423-0001: 324250 (Qty: 70, Carton: PAW-WMSASNEXT00004-1776848415615)
[2026-04-23 13:09:25] INFO: PutawayTaskDataService: Added line for PUT-20260423-0001: 324251 (Qty: 5, Carton: PAW-WMSASNEXT00004-1776848415615)
[2026-04-23 13:09:25] INFO: PutawayTaskDataService: Added line for PUT-20260423-0001: 324252 (Qty: 10, Carton: PAW-WMSASNEXT00004-1776848415615)
[2026-04-23 13:09:25] INFO: PutawayTaskDataService: Added line for PUT-20260423-0002: 324249 (Qty: 100, Carton: PAW-WMSASNEXT00004-1776848415615)
[2026-04-23 13:09:25] INFO: PutawayTaskDataService: Added line for PUT-20260423-0002: 324250 (Qty: 70, Carton: PAW-WMSASNEXT00004-1776848415615)
[2026-04-23 13:09:25] INFO: PutawayTaskDataService: Added line for PUT-20260423-0002: 324251 (Qty: 5, Carton: PAW-WMSASNEXT00004-1776848415615)
[2026-04-23 13:09:25] INFO: PutawayTaskDataService: Added line for PUT-20260423-0002: 324252 (Qty: 10, Carton: PAW-WMSASNEXT00004-1776848415615)
[2026-04-23 13:09:25] INFO: PutawayTaskDataService: Total lines read from database: 16, Unique parent titles with lines: 2
[2026-04-23 13:09:25] INFO: PutawayTaskDataService: Task PUT-20260423-0001 has 4 line(s)
[2026-04-23 13:09:25] INFO: PutawayTaskDataService: Task PUT-20260423-0002 has 4 line(s)
[2026-04-23 13:09:25] INFO: PutawayTaskDataService: Total tasks loaded: 2
[2026-04-23 13:09:25] INFO: PutawayTaskListViewModel: Loaded 2 putaway tasks from database, 2 unique tasks displayed
[2026-04-23 14:06:10] INFO: ASN ASN-0001 Carton CNWH12858: Assigned=Assigned, Actual=Assigned, ReceivedQty=0
[2026-04-23 14:06:10] INFO: ASN ASN-0001 Carton CNWH12854: Assigned=Assigned, Actual=Assigned, ReceivedQty=0
[2026-04-23 14:06:10] INFO: ASN ASN-0001 Carton CNWH15390: Assigned=Assigned, Actual=Assigned, ReceivedQty=0
[2026-04-23 14:06:10] INFO: ASN ASN-0001 Carton CNWH42441: Assigned=Assigned, Actual=Assigned, ReceivedQty=0
[2026-04-23 14:06:10] INFO: ASN ASN-0001 Carton CNWH64571: Assigned=Assigned, Actual=Assigned, ReceivedQty=0
[2026-04-23 14:06:10] INFO: ASN ASN-0001 Carton CNWH64521: Assigned=Assigned, Actual=Assigned, ReceivedQty=0
[2026-04-23 14:06:10] INFO: ASN ASN-0001 Carton CNWH63561: Assigned=Assigned, Actual=Assigned, ReceivedQty=0
[2026-04-23 14:06:10] INFO: ASN ASN-0001 Carton CNWH63609: Assigned=Assigned, Actual=Assigned, ReceivedQty=0
[2026-04-23 14:06:10] INFO: ASN WMS-ASN-EXT-00004 Carton CNWH63179: Assigned=Received, Actual=Received, ReceivedQty=10
[2026-04-23 14:06:10] INFO: ASN WMS-ASN-EXT-00004 Carton CNWH63180: Assigned=Received, Actual=Received, ReceivedQty=10
[2026-04-23 14:06:10] INFO: ASN WMS-ASN-EXT-00004 Carton CNWH63196: Assigned=Received, Actual=Received, ReceivedQty=10
[2026-04-23 14:06:10] INFO: ASN WMS-ASN-EXT-00004 Carton CNWH63197: Assigned=Received, Actual=Received, ReceivedQty=10
[2026-04-23 14:06:10] INFO: ASN WMS-ASN-EXT-00004 Carton CNWH63198: Assigned=Received, Actual=Received, ReceivedQty=10
[2026-04-23 14:06:10] INFO: ASN WMS-ASN-EXT-00004 Carton CNWH63199: Assigned=Received, Actual=Received, ReceivedQty=10
[2026-04-23 14:06:10] INFO: ASN WMS-ASN-EXT-00004 Carton CNWH63200: Assigned=Received, Actual=Received, ReceivedQty=10
[2026-04-23 14:06:10] INFO: ASN WMS-ASN-EXT-00004 Carton CNWH63266: Assigned=Received, Actual=Received, ReceivedQty=10
[2026-04-23 14:06:10] INFO: ASN WMS-ASN-EXT-00004 Carton CNWH63268: Assigned=Received, Actual=Received, ReceivedQty=10
[2026-04-23 14:06:10] INFO: ASN WMS-ASN-EXT-00004 Carton CNWH63269: Assigned=Received, Actual=Received, ReceivedQty=10
[2026-04-23 14:06:10] INFO: ASN WMS-ASN-EXT-00004 Carton CNWH63270: Assigned=Received, Actual=Received, ReceivedQty=10
[2026-04-23 14:06:10] INFO: ASN WMS-ASN-EXT-00004 Carton CNWH63271: Assigned=Received, Actual=Received, ReceivedQty=10
[2026-04-23 14:06:10] INFO: ASN WMS-ASN-EXT-00004 Carton CNWH63272: Assigned=Received, Actual=Received, ReceivedQty=10
[2026-04-23 14:06:10] INFO: ASN WMS-ASN-EXT-00004 Carton CNWH63275: Assigned=Received, Actual=Received, ReceivedQty=10
[2026-04-23 14:06:10] INFO: ASN WMS-ASN-EXT-00004 Carton CNWH63277: Assigned=Received, Actual=Received, ReceivedQty=10
[2026-04-23 14:06:10] INFO: ASN WMS-ASN-EXT-00004 Carton CNWH63280: Assigned=Received, Actual=Received, ReceivedQty=10
[2026-04-23 14:06:10] INFO: ASN WMS-ASN-EXT-00004 Carton CNWH63282: Assigned=Received, Actual=Received, ReceivedQty=10
[2026-04-23 14:06:10] INFO: ASN WMS-ASN-EXT-00004 Carton CNWH63283: Assigned=Received, Actual=Received, ReceivedQty=10
[2026-04-23 14:06:10] INFO: ASN WMS-ASN-EXT-00004 Carton CNWH63284: Assigned=Received, Actual=Received, ReceivedQty=10
[2026-04-23 14:06:10] INFO: ASN WMS-ASN-EXT-00004 Carton CNWH63285: Assigned=Received, Actual=Received, ReceivedQty=10
[2026-04-23 14:06:10] INFO: ASN WMS-ASN-EXT-00004 Carton CNWH63286: Assigned=Received, Actual=Received, ReceivedQty=10
[2026-04-23 14:06:10] INFO: ASN WMS-ASN-EXT-00004 Carton CNWH63287: Assigned=Received, Actual=Received, ReceivedQty=10
[2026-04-23 14:06:10] INFO: ASN WMS-ASN-EXT-00004 Carton CNWH63288: Assigned=Received, Actual=Received, ReceivedQty=10
[2026-04-23 14:06:10] INFO: ASN WMS-ASN-EXT-00004 Carton CNWH63289: Assigned=Received, Actual=Received, ReceivedQty=10
[2026-04-23 14:06:10] INFO: ASN WMS-ASN-EXT-00004 Carton CNWH63441: Assigned=Received, Actual=Received, ReceivedQty=10
[2026-04-23 14:06:10] INFO: ASN WMS-ASN-EXT-00004 Carton CNWH63442: Assigned=Received, Actual=Received, ReceivedQty=10
[2026-04-23 14:06:10] INFO: ASN WMS-ASN-EXT-00004 Carton CNWH63444: Assigned=Received, Actual=Received, ReceivedQty=10
[2026-04-23 14:06:10] INFO: ASN WMS-ASN-EXT-00004 Carton CNWH63446: Assigned=Received, Actual=Received, ReceivedQty=10
[2026-04-23 14:06:10] INFO: ASN WMS-ASN-EXT-00004 Carton CNWH63448: Assigned=Received, Actual=Received, ReceivedQty=10
[2026-04-23 14:06:10] INFO: ASN WMS-ASN-EXT-00004 Carton CNWH65363: Assigned=Received, Actual=Received, ReceivedQty=10
[2026-04-23 14:06:10] INFO: ASN WMS-ASN-EXT-00004 Carton CNWH63179: Assigned=Received, Actual=Received, ReceivedQty=10
[2026-04-23 14:06:10] INFO: ASN WMS-ASN-EXT-00004 Carton CNWH63180: Assigned=Received, Actual=Received, ReceivedQty=10
[2026-04-23 14:06:10] INFO: ASN WMS-ASN-EXT-00004 Carton CNWH63196: Assigned=Received, Actual=Received, ReceivedQty=10
[2026-04-23 14:06:10] INFO: ASN WMS-ASN-EXT-00004 Carton CNWH63197: Assigned=Received, Actual=Received, ReceivedQty=10
[2026-04-23 14:06:10] INFO: ASN WMS-ASN-EXT-00004 Carton CNWH63198: Assigned=Received, Actual=Received, ReceivedQty=10
[2026-04-23 14:06:10] INFO: ASN WMS-ASN-EXT-00004 Carton CNWH63199: Assigned=Received, Actual=Received, ReceivedQty=10
[2026-04-23 14:06:10] INFO: ASN WMS-ASN-EXT-00004 Carton CNWH63200: Assigned=Received, Actual=Received, ReceivedQty=10
[2026-04-23 14:06:10] INFO: ASN WMS-ASN-EXT-00004 Carton CNWH63266: Assigned=Received, Actual=Received, ReceivedQty=10
[2026-04-23 14:06:10] INFO: ASN WMS-ASN-EXT-00004 Carton CNWH63268: Assigned=Received, Actual=Received, ReceivedQty=10
[2026-04-23 14:06:10] INFO: ASN WMS-ASN-EXT-00004 Carton CNWH63269: Assigned=Received, Actual=Received, ReceivedQty=10
[2026-04-23 14:06:10] INFO: ASN WMS-ASN-EXT-00004 Carton CNWH63270: Assigned=Received, Actual=Received, ReceivedQty=10
[2026-04-23 14:06:10] INFO: ASN WMS-ASN-EXT-00004 Carton CNWH63271: Assigned=Received, Actual=Received, ReceivedQty=10
[2026-04-23 14:06:10] INFO: ASN WMS-ASN-EXT-00004 Carton CNWH63272: Assigned=Received, Actual=Received, ReceivedQty=10
[2026-04-23 14:06:10] INFO: ASN WMS-ASN-EXT-00004 Carton CNWH63275: Assigned=Received, Actual=Received, ReceivedQty=10
[2026-04-23 14:06:10] INFO: ASN WMS-ASN-EXT-00004 Carton CNWH63277: Assigned=Received, Actual=Received, ReceivedQty=10
[2026-04-23 14:06:10] INFO: ASN WMS-ASN-EXT-00004 Carton CNWH63280: Assigned=Received, Actual=Received, ReceivedQty=10
[2026-04-23 14:06:10] INFO: ASN WMS-ASN-EXT-00004 Carton CNWH63282: Assigned=Received, Actual=Received, ReceivedQty=10
[2026-04-23 14:06:10] INFO: ASN WMS-ASN-EXT-00004 Carton CNWH63283: Assigned=Received, Actual=Received, ReceivedQty=10
[2026-04-23 14:06:10] INFO: ASN WMS-ASN-EXT-00004 Carton CNWH63284: Assigned=Received, Actual=Received, ReceivedQty=10
[2026-04-23 14:06:10] INFO: ASN WMS-ASN-EXT-00004 Carton CNWH63285: Assigned=Received, Actual=Received, ReceivedQty=10
[2026-04-23 14:06:10] INFO: ASN WMS-ASN-EXT-00004 Carton CNWH63286: Assigned=Received, Actual=Received, ReceivedQty=10
[2026-04-23 14:06:10] INFO: ASN WMS-ASN-EXT-00004 Carton CNWH63287: Assigned=Received, Actual=Received, ReceivedQty=10
[2026-04-23 14:06:10] INFO: ASN WMS-ASN-EXT-00004 Carton CNWH63288: Assigned=Received, Actual=Received, ReceivedQty=10
[2026-04-23 14:06:10] INFO: ASN WMS-ASN-EXT-00004 Carton CNWH63289: Assigned=Received, Actual=Received, ReceivedQty=10
[2026-04-23 14:06:10] INFO: ASN WMS-ASN-EXT-00004 Carton CNWH63441: Assigned=Received, Actual=Received, ReceivedQty=10
[2026-04-23 14:06:10] INFO: ASN WMS-ASN-EXT-00004 Carton CNWH63442: Assigned=Received, Actual=Received, ReceivedQty=10
[2026-04-23 14:06:10] INFO: ASN WMS-ASN-EXT-00004 Carton CNWH65363: Assigned=Received, Actual=Received, ReceivedQty=10
[2026-04-23 14:06:10] INFO: ASN WMS-ASN-EXT-00004 Carton CNWH63502: Assigned=Received, Actual=Received, ReceivedQty=10
[2026-04-23 14:06:10] INFO: ASN WMS-ASN-EXT-00004 Carton CNWH63502: Assigned=Received, Actual=Received, ReceivedQty=10
[2026-04-23 14:06:10] INFO: ASN WMS-ASN-EXT-00004 Carton CNWH64607: Assigned=Received, Actual=Received, ReceivedQty=10
[2026-04-23 14:06:13] INFO: ASN ASN-0001 Carton CNWH12858: Assigned=Assigned, Actual=Assigned, ReceivedQty=0
[2026-04-23 14:06:13] INFO: ASN ASN-0001 Carton CNWH12854: Assigned=Assigned, Actual=Assigned, ReceivedQty=0
[2026-04-23 14:06:13] INFO: ASN ASN-0001 Carton CNWH15390: Assigned=Assigned, Actual=Assigned, ReceivedQty=0
[2026-04-23 14:06:13] INFO: ASN ASN-0001 Carton CNWH42441: Assigned=Assigned, Actual=Assigned, ReceivedQty=0
[2026-04-23 14:06:13] INFO: ASN ASN-0001 Carton CNWH64571: Assigned=Assigned, Actual=Assigned, ReceivedQty=0
[2026-04-23 14:06:13] INFO: ASN ASN-0001 Carton CNWH64521: Assigned=Assigned, Actual=Assigned, ReceivedQty=0
[2026-04-23 14:06:13] INFO: ASN ASN-0001 Carton CNWH63561: Assigned=Assigned, Actual=Assigned, ReceivedQty=0
[2026-04-23 14:06:13] INFO: ASN ASN-0001 Carton CNWH63609: Assigned=Assigned, Actual=Assigned, ReceivedQty=0
[2026-04-23 14:06:13] INFO: ASN WMS-ASN-EXT-00004 Carton CNWH63179: Assigned=Received, Actual=Received, ReceivedQty=10
[2026-04-23 14:06:13] INFO: ASN WMS-ASN-EXT-00004 Carton CNWH63180: Assigned=Received, Actual=Received, ReceivedQty=10
[2026-04-23 14:06:13] INFO: ASN WMS-ASN-EXT-00004 Carton CNWH63196: Assigned=Received, Actual=Received, ReceivedQty=10
[2026-04-23 14:06:13] INFO: ASN WMS-ASN-EXT-00004 Carton CNWH63197: Assigned=Received, Actual=Received, ReceivedQty=10
[2026-04-23 14:06:13] INFO: ASN WMS-ASN-EXT-00004 Carton CNWH63198: Assigned=Received, Actual=Received, ReceivedQty=10
[2026-04-23 14:06:13] INFO: ASN WMS-ASN-EXT-00004 Carton CNWH63199: Assigned=Received, Actual=Received, ReceivedQty=10
[2026-04-23 14:06:13] INFO: ASN WMS-ASN-EXT-00004 Carton CNWH63200: Assigned=Received, Actual=Received, ReceivedQty=10
[2026-04-23 14:06:13] INFO: ASN WMS-ASN-EXT-00004 Carton CNWH63266: Assigned=Received, Actual=Received, ReceivedQty=10
[2026-04-23 14:06:13] INFO: ASN WMS-ASN-EXT-00004 Carton CNWH63268: Assigned=Received, Actual=Received, ReceivedQty=10
[2026-04-23 14:06:13] INFO: ASN WMS-ASN-EXT-00004 Carton CNWH63269: Assigned=Received, Actual=Received, ReceivedQty=10
[2026-04-23 14:06:13] INFO: ASN WMS-ASN-EXT-00004 Carton CNWH63270: Assigned=Received, Actual=Received, ReceivedQty=10
[2026-04-23 14:06:13] INFO: ASN WMS-ASN-EXT-00004 Carton CNWH63271: Assigned=Received, Actual=Received, ReceivedQty=10
[2026-04-23 14:06:13] INFO: ASN WMS-ASN-EXT-00004 Carton CNWH63272: Assigned=Received, Actual=Received, ReceivedQty=10
[2026-04-23 14:06:13] INFO: ASN WMS-ASN-EXT-00004 Carton CNWH63275: Assigned=Received, Actual=Received, ReceivedQty=10
[2026-04-23 14:06:13] INFO: ASN WMS-ASN-EXT-00004 Carton CNWH63277: Assigned=Received, Actual=Received, ReceivedQty=10
[2026-04-23 14:06:13] INFO: ASN WMS-ASN-EXT-00004 Carton CNWH63280: Assigned=Received, Actual=Received, ReceivedQty=10
[2026-04-23 14:06:13] INFO: ASN WMS-ASN-EXT-00004 Carton CNWH63282: Assigned=Received, Actual=Received, ReceivedQty=10
[2026-04-23 14:06:13] INFO: ASN WMS-ASN-EXT-00004 Carton CNWH63283: Assigned=Received, Actual=Received, ReceivedQty=10
[2026-04-23 14:06:13] INFO: ASN WMS-ASN-EXT-00004 Carton CNWH63284: Assigned=Received, Actual=Received, ReceivedQty=10
[2026-04-23 14:06:13] INFO: ASN WMS-ASN-EXT-00004 Carton CNWH63285: Assigned=Received, Actual=Received, ReceivedQty=10
[2026-04-23 14:06:13] INFO: ASN WMS-ASN-EXT-00004 Carton CNWH63286: Assigned=Received, Actual=Received, ReceivedQty=10
[2026-04-23 14:06:13] INFO: ASN WMS-ASN-EXT-00004 Carton CNWH63287: Assigned=Received, Actual=Received, ReceivedQty=10
[2026-04-23 14:06:13] INFO: ASN WMS-ASN-EXT-00004 Carton CNWH63288: Assigned=Received, Actual=Received, ReceivedQty=10
[2026-04-23 14:06:13] INFO: ASN WMS-ASN-EXT-00004 Carton CNWH63289: Assigned=Received, Actual=Received, ReceivedQty=10
[2026-04-23 14:06:13] INFO: ASN WMS-ASN-EXT-00004 Carton CNWH63441: Assigned=Received, Actual=Received, ReceivedQty=10
[2026-04-23 14:06:13] INFO: ASN WMS-ASN-EXT-00004 Carton CNWH63442: Assigned=Received, Actual=Received, ReceivedQty=10
[2026-04-23 14:06:13] INFO: ASN WMS-ASN-EXT-00004 Carton CNWH63444: Assigned=Received, Actual=Received, ReceivedQty=10
[2026-04-23 14:06:13] INFO: ASN WMS-ASN-EXT-00004 Carton CNWH63446: Assigned=Received, Actual=Received, ReceivedQty=10
[2026-04-23 14:06:13] INFO: ASN WMS-ASN-EXT-00004 Carton CNWH63448: Assigned=Received, Actual=Received, ReceivedQty=10
[2026-04-23 14:06:13] INFO: ASN WMS-ASN-EXT-00004 Carton CNWH65363: Assigned=Received, Actual=Received, ReceivedQty=10
[2026-04-23 14:06:13] INFO: ASN WMS-ASN-EXT-00004 Carton CNWH63179: Assigned=Received, Actual=Received, ReceivedQty=10
[2026-04-23 14:06:13] INFO: ASN WMS-ASN-EXT-00004 Carton CNWH63180: Assigned=Received, Actual=Received, ReceivedQty=10
[2026-04-23 14:06:13] INFO: ASN WMS-ASN-EXT-00004 Carton CNWH63196: Assigned=Received, Actual=Received, ReceivedQty=10
[2026-04-23 14:06:13] INFO: ASN WMS-ASN-EXT-00004 Carton CNWH63197: Assigned=Received, Actual=Received, ReceivedQty=10
[2026-04-23 14:06:13] INFO: ASN WMS-ASN-EXT-00004 Carton CNWH63198: Assigned=Received, Actual=Received, ReceivedQty=10
[2026-04-23 14:06:13] INFO: ASN WMS-ASN-EXT-00004 Carton CNWH63199: Assigned=Received, Actual=Received, ReceivedQty=10
[2026-04-23 14:06:13] INFO: ASN WMS-ASN-EXT-00004 Carton CNWH63200: Assigned=Received, Actual=Received, ReceivedQty=10
[2026-04-23 14:06:13] INFO: ASN WMS-ASN-EXT-00004 Carton CNWH63266: Assigned=Received, Actual=Received, ReceivedQty=10
[2026-04-23 14:06:13] INFO: ASN WMS-ASN-EXT-00004 Carton CNWH63268: Assigned=Received, Actual=Received, ReceivedQty=10
[2026-04-23 14:06:13] INFO: ASN WMS-ASN-EXT-00004 Carton CNWH63269: Assigned=Received, Actual=Received, ReceivedQty=10
[2026-04-23 14:06:13] INFO: ASN WMS-ASN-EXT-00004 Carton CNWH63270: Assigned=Received, Actual=Received, ReceivedQty=10
[2026-04-23 14:06:13] INFO: ASN WMS-ASN-EXT-00004 Carton CNWH63271: Assigned=Received, Actual=Received, ReceivedQty=10
[2026-04-23 14:06:13] INFO: ASN WMS-ASN-EXT-00004 Carton CNWH63272: Assigned=Received, Actual=Received, ReceivedQty=10
[2026-04-23 14:06:13] INFO: ASN WMS-ASN-EXT-00004 Carton CNWH63275: Assigned=Received, Actual=Received, ReceivedQty=10
[2026-04-23 14:06:13] INFO: ASN WMS-ASN-EXT-00004 Carton CNWH63277: Assigned=Received, Actual=Received, ReceivedQty=10
[2026-04-23 14:06:13] INFO: ASN WMS-ASN-EXT-00004 Carton CNWH63280: Assigned=Received, Actual=Received, ReceivedQty=10
[2026-04-23 14:06:13] INFO: ASN WMS-ASN-EXT-00004 Carton CNWH63282: Assigned=Received, Actual=Received, ReceivedQty=10
[2026-04-23 14:06:13] INFO: ASN WMS-ASN-EXT-00004 Carton CNWH63283: Assigned=Received, Actual=Received, ReceivedQty=10
[2026-04-23 14:06:13] INFO: ASN WMS-ASN-EXT-00004 Carton CNWH63284: Assigned=Received, Actual=Received, ReceivedQty=10
[2026-04-23 14:06:13] INFO: ASN WMS-ASN-EXT-00004 Carton CNWH63285: Assigned=Received, Actual=Received, ReceivedQty=10
[2026-04-23 14:06:13] INFO: ASN WMS-ASN-EXT-00004 Carton CNWH63286: Assigned=Received, Actual=Received, ReceivedQty=10
[2026-04-23 14:06:13] INFO: ASN WMS-ASN-EXT-00004 Carton CNWH63287: Assigned=Received, Actual=Received, ReceivedQty=10
[2026-04-23 14:06:13] INFO: ASN WMS-ASN-EXT-00004 Carton CNWH63288: Assigned=Received, Actual=Received, ReceivedQty=10
[2026-04-23 14:06:13] INFO: ASN WMS-ASN-EXT-00004 Carton CNWH63289: Assigned=Received, Actual=Received, ReceivedQty=10
[2026-04-23 14:06:13] INFO: ASN WMS-ASN-EXT-00004 Carton CNWH63441: Assigned=Received, Actual=Received, ReceivedQty=10
[2026-04-23 14:06:13] INFO: ASN WMS-ASN-EXT-00004 Carton CNWH63442: Assigned=Received, Actual=Received, ReceivedQty=10
[2026-04-23 14:06:13] INFO: ASN WMS-ASN-EXT-00004 Carton CNWH65363: Assigned=Received, Actual=Received, ReceivedQty=10
[2026-04-23 14:06:13] INFO: ASN WMS-ASN-EXT-00004 Carton CNWH63502: Assigned=Received, Actual=Received, ReceivedQty=10
[2026-04-23 14:06:13] INFO: ASN WMS-ASN-EXT-00004 Carton CNWH63502: Assigned=Received, Actual=Received, ReceivedQty=10
[2026-04-23 14:06:13] INFO: ASN WMS-ASN-EXT-00004 Carton CNWH64607: Assigned=Received, Actual=Received, ReceivedQty=10
[2026-04-23 14:06:13] INFO: ASN ASN-0001 Carton CNWH12858: Assigned=Assigned, Actual=Assigned, ReceivedQty=0
[2026-04-23 14:06:13] INFO: ASN ASN-0001 Carton CNWH12854: Assigned=Assigned, Actual=Assigned, ReceivedQty=0
[2026-04-23 14:06:13] INFO: ASN ASN-0001 Carton CNWH15390: Assigned=Assigned, Actual=Assigned, ReceivedQty=0
[2026-04-23 14:06:13] INFO: ASN ASN-0001 Carton CNWH42441: Assigned=Assigned, Actual=Assigned, ReceivedQty=0
[2026-04-23 14:06:13] INFO: ASN ASN-0001 Carton CNWH64571: Assigned=Assigned, Actual=Assigned, ReceivedQty=0
[2026-04-23 14:06:13] INFO: ASN ASN-0001 Carton CNWH64521: Assigned=Assigned, Actual=Assigned, ReceivedQty=0
[2026-04-23 14:06:13] INFO: ASN ASN-0001 Carton CNWH63561: Assigned=Assigned, Actual=Assigned, ReceivedQty=0
[2026-04-23 14:06:13] INFO: ASN ASN-0001 Carton CNWH63609: Assigned=Assigned, Actual=Assigned, ReceivedQty=0
[2026-04-23 14:06:13] INFO: ASN WMS-ASN-EXT-00004 Carton CNWH63179: Assigned=Received, Actual=Received, ReceivedQty=10
[2026-04-23 14:06:13] INFO: ASN WMS-ASN-EXT-00004 Carton CNWH63180: Assigned=Received, Actual=Received, ReceivedQty=10
[2026-04-23 14:06:13] INFO: ASN WMS-ASN-EXT-00004 Carton CNWH63196: Assigned=Received, Actual=Received, ReceivedQty=10
[2026-04-23 14:06:13] INFO: ASN WMS-ASN-EXT-00004 Carton CNWH63197: Assigned=Received, Actual=Received, ReceivedQty=10
[2026-04-23 14:06:13] INFO: ASN WMS-ASN-EXT-00004 Carton CNWH63198: Assigned=Received, Actual=Received, ReceivedQty=10
[2026-04-23 14:06:13] INFO: ASN WMS-ASN-EXT-00004 Carton CNWH63199: Assigned=Received, Actual=Received, ReceivedQty=10
[2026-04-23 14:06:13] INFO: ASN WMS-ASN-EXT-00004 Carton CNWH63200: Assigned=Received, Actual=Received, ReceivedQty=10
[2026-04-23 14:06:13] INFO: ASN WMS-ASN-EXT-00004 Carton CNWH63266: Assigned=Received, Actual=Received, ReceivedQty=10
[2026-04-23 14:06:13] INFO: ASN WMS-ASN-EXT-00004 Carton CNWH63268: Assigned=Received, Actual=Received, ReceivedQty=10
[2026-04-23 14:06:13] INFO: ASN WMS-ASN-EXT-00004 Carton CNWH63269: Assigned=Received, Actual=Received, ReceivedQty=10
[2026-04-23 14:06:13] INFO: ASN WMS-ASN-EXT-00004 Carton CNWH63270: Assigned=Received, Actual=Received, ReceivedQty=10
[2026-04-23 14:06:13] INFO: ASN WMS-ASN-EXT-00004 Carton CNWH63271: Assigned=Received, Actual=Received, ReceivedQty=10
[2026-04-23 14:06:13] INFO: ASN WMS-ASN-EXT-00004 Carton CNWH63272: Assigned=Received, Actual=Received, ReceivedQty=10
[2026-04-23 14:06:13] INFO: ASN WMS-ASN-EXT-00004 Carton CNWH63275: Assigned=Received, Actual=Received, ReceivedQty=10
[2026-04-23 14:06:13] INFO: ASN WMS-ASN-EXT-00004 Carton CNWH63277: Assigned=Received, Actual=Received, ReceivedQty=10
[2026-04-23 14:06:13] INFO: ASN WMS-ASN-EXT-00004 Carton CNWH63280: Assigned=Received, Actual=Received, ReceivedQty=10
[2026-04-23 14:06:13] INFO: ASN WMS-ASN-EXT-00004 Carton CNWH63282: Assigned=Received, Actual=Received, ReceivedQty=10
[2026-04-23 14:06:13] INFO: ASN WMS-ASN-EXT-00004 Carton CNWH63283: Assigned=Received, Actual=Received, ReceivedQty=10
[2026-04-23 14:06:13] INFO: ASN WMS-ASN-EXT-00004 Carton CNWH63284: Assigned=Received, Actual=Received, ReceivedQty=10
[2026-04-23 14:06:13] INFO: ASN WMS-ASN-EXT-00004 Carton CNWH63285: Assigned=Received, Actual=Received, ReceivedQty=10
[2026-04-23 14:06:13] INFO: ASN WMS-ASN-EXT-00004 Carton CNWH63286: Assigned=Received, Actual=Received, ReceivedQty=10
[2026-04-23 14:06:13] INFO: ASN WMS-ASN-EXT-00004 Carton CNWH63287: Assigned=Received, Actual=Received, ReceivedQty=10
[2026-04-23 14:06:13] INFO: ASN WMS-ASN-EXT-00004 Carton CNWH63288: Assigned=Received, Actual=Received, ReceivedQty=10
[2026-04-23 14:06:13] INFO: ASN WMS-ASN-EXT-00004 Carton CNWH63289: Assigned=Received, Actual=Received, ReceivedQty=10
[2026-04-23 14:06:13] INFO: ASN WMS-ASN-EXT-00004 Carton CNWH63441: Assigned=Received, Actual=Received, ReceivedQty=10
[2026-04-23 14:06:13] INFO: ASN WMS-ASN-EXT-00004 Carton CNWH63442: Assigned=Received, Actual=Received, ReceivedQty=10
[2026-04-23 14:06:13] INFO: ASN WMS-ASN-EXT-00004 Carton CNWH63444: Assigned=Received, Actual=Received, ReceivedQty=10
[2026-04-23 14:06:13] INFO: ASN WMS-ASN-EXT-00004 Carton CNWH63446: Assigned=Received, Actual=Received, ReceivedQty=10
[2026-04-23 14:06:13] INFO: ASN WMS-ASN-EXT-00004 Carton CNWH63448: Assigned=Received, Actual=Received, ReceivedQty=10
[2026-04-23 14:06:13] INFO: ASN WMS-ASN-EXT-00004 Carton CNWH65363: Assigned=Received, Actual=Received, ReceivedQty=10
[2026-04-23 14:06:13] INFO: ASN WMS-ASN-EXT-00004 Carton CNWH63179: Assigned=Received, Actual=Received, ReceivedQty=10
[2026-04-23 14:06:13] INFO: ASN WMS-ASN-EXT-00004 Carton CNWH63180: Assigned=Received, Actual=Received, ReceivedQty=10
[2026-04-23 14:06:13] INFO: ASN WMS-ASN-EXT-00004 Carton CNWH63196: Assigned=Received, Actual=Received, ReceivedQty=10
[2026-04-23 14:06:13] INFO: ASN WMS-ASN-EXT-00004 Carton CNWH63197: Assigned=Received, Actual=Received, ReceivedQty=10
[2026-04-23 14:06:13] INFO: ASN WMS-ASN-EXT-00004 Carton CNWH63198: Assigned=Received, Actual=Received, ReceivedQty=10
[2026-04-23 14:06:13] INFO: ASN WMS-ASN-EXT-00004 Carton CNWH63199: Assigned=Received, Actual=Received, ReceivedQty=10
[2026-04-23 14:06:13] INFO: ASN WMS-ASN-EXT-00004 Carton CNWH63200: Assigned=Received, Actual=Received, ReceivedQty=10
[2026-04-23 14:06:13] INFO: ASN WMS-ASN-EXT-00004 Carton CNWH63266: Assigned=Received, Actual=Received, ReceivedQty=10
[2026-04-23 14:06:13] INFO: ASN WMS-ASN-EXT-00004 Carton CNWH63268: Assigned=Received, Actual=Received, ReceivedQty=10
[2026-04-23 14:06:13] INFO: ASN WMS-ASN-EXT-00004 Carton CNWH63269: Assigned=Received, Actual=Received, ReceivedQty=10
[2026-04-23 14:06:13] INFO: ASN WMS-ASN-EXT-00004 Carton CNWH63270: Assigned=Received, Actual=Received, ReceivedQty=10
[2026-04-23 14:06:13] INFO: ASN WMS-ASN-EXT-00004 Carton CNWH63271: Assigned=Received, Actual=Received, ReceivedQty=10
[2026-04-23 14:06:13] INFO: ASN WMS-ASN-EXT-00004 Carton CNWH63272: Assigned=Received, Actual=Received, ReceivedQty=10
[2026-04-23 14:06:13] INFO: ASN WMS-ASN-EXT-00004 Carton CNWH63275: Assigned=Received, Actual=Received, ReceivedQty=10
[2026-04-23 14:06:13] INFO: ASN WMS-ASN-EXT-00004 Carton CNWH63277: Assigned=Received, Actual=Received, ReceivedQty=10
[2026-04-23 14:06:13] INFO: ASN WMS-ASN-EXT-00004 Carton CNWH63280: Assigned=Received, Actual=Received, ReceivedQty=10
[2026-04-23 14:06:13] INFO: ASN WMS-ASN-EXT-00004 Carton CNWH63282: Assigned=Received, Actual=Received, ReceivedQty=10
[2026-04-23 14:06:13] INFO: ASN WMS-ASN-EXT-00004 Carton CNWH63283: Assigned=Received, Actual=Received, ReceivedQty=10
[2026-04-23 14:06:13] INFO: ASN WMS-ASN-EXT-00004 Carton CNWH63284: Assigned=Received, Actual=Received, ReceivedQty=10
[2026-04-23 14:06:13] INFO: ASN WMS-ASN-EXT-00004 Carton CNWH63285: Assigned=Received, Actual=Received, ReceivedQty=10
[2026-04-23 14:06:13] INFO: ASN WMS-ASN-EXT-00004 Carton CNWH63286: Assigned=Received, Actual=Received, ReceivedQty=10
[2026-04-23 14:06:13] INFO: ASN WMS-ASN-EXT-00004 Carton CNWH63287: Assigned=Received, Actual=Received, ReceivedQty=10
[2026-04-23 14:06:13] INFO: ASN WMS-ASN-EXT-00004 Carton CNWH63288: Assigned=Received, Actual=Received, ReceivedQty=10
[2026-04-23 14:06:13] INFO: ASN WMS-ASN-EXT-00004 Carton CNWH63289: Assigned=Received, Actual=Received, ReceivedQty=10
[2026-04-23 14:06:13] INFO: ASN WMS-ASN-EXT-00004 Carton CNWH63441: Assigned=Received, Actual=Received, ReceivedQty=10
[2026-04-23 14:06:13] INFO: ASN WMS-ASN-EXT-00004 Carton CNWH63442: Assigned=Received, Actual=Received, ReceivedQty=10
[2026-04-23 14:06:13] INFO: ASN WMS-ASN-EXT-00004 Carton CNWH65363: Assigned=Received, Actual=Received, ReceivedQty=10
[2026-04-23 14:06:13] INFO: ASN WMS-ASN-EXT-00004 Carton CNWH63502: Assigned=Received, Actual=Received, ReceivedQty=10
[2026-04-23 14:06:13] INFO: ASN WMS-ASN-EXT-00004 Carton CNWH63502: Assigned=Received, Actual=Received, ReceivedQty=10
[2026-04-23 14:06:13] INFO: ASN WMS-ASN-EXT-00004 Carton CNWH64607: Assigned=Received, Actual=Received, ReceivedQty=10
[2026-04-23 14:06:18] INFO: ErpNextWmsSyncApiService: Fetched 4 item code(s) from ERPNext for ASN WMS-ASN-EXT-00004 (use as filter for PR/received qty).
[2026-04-23 14:06:18] INFO: ErpNextWmsSyncApiService: Pushing ASN received qty for WMS-ASN-EXT-00004, 4 line(s) (aggregated by item). Item codes: [324249:300, 324250:270, 324251:10, 324252:20], to http://printechsdammam.dyndns.org:88/api/method/printechs_wms.api.asn_receiving.update_asn_received_qty
[2026-04-23 14:06:19] INFO: ErpNextWmsSyncApiService: ASN received qty updated successfully.
[2026-04-23 14:06:19] INFO: ErpNextWmsSyncApiService: Fetched 4 item code(s) from ERPNext for ASN WMS-ASN-EXT-00004 (use as filter for PR/received qty).
[2026-04-23 14:06:19] INFO: ErpNextWmsSyncApiService: Creating Purchase Receipt for ASN WMS-ASN-EXT-00004, warehouse Main Warehouse - MAATC, 4 line(s). Item codes: [324249:300, 324250:270, 324251:10, 324252:20]
[2026-04-23 14:06:19] INFO: ErpNextWmsSyncApiService: Create Purchase Receipt succeeded. Purchase Receipt: MAT-PRE-2026-00006
[2026-04-23 14:06:19] INFO: AsnDataService: SetAsnPurchaseReceiptNo saved MAT-PRE-2026-00006 for ASN WMS-ASN-EXT-00004.
[2026-04-23 14:06:19] INFO: ASN ASN-0001 Carton CNWH12858: Assigned=Assigned, Actual=Assigned, ReceivedQty=0
[2026-04-23 14:06:19] INFO: ASN ASN-0001 Carton CNWH12854: Assigned=Assigned, Actual=Assigned, ReceivedQty=0
[2026-04-23 14:06:19] INFO: ASN ASN-0001 Carton CNWH15390: Assigned=Assigned, Actual=Assigned, ReceivedQty=0
[2026-04-23 14:06:19] INFO: ASN ASN-0001 Carton CNWH42441: Assigned=Assigned, Actual=Assigned, ReceivedQty=0
[2026-04-23 14:06:19] INFO: ASN ASN-0001 Carton CNWH64571: Assigned=Assigned, Actual=Assigned, ReceivedQty=0
[2026-04-23 14:06:19] INFO: ASN ASN-0001 Carton CNWH64521: Assigned=Assigned, Actual=Assigned, ReceivedQty=0
[2026-04-23 14:06:19] INFO: ASN ASN-0001 Carton CNWH63561: Assigned=Assigned, Actual=Assigned, ReceivedQty=0
[2026-04-23 14:06:19] INFO: ASN ASN-0001 Carton CNWH63609: Assigned=Assigned, Actual=Assigned, ReceivedQty=0
[2026-04-23 14:06:19] INFO: ASN WMS-ASN-EXT-00004 Carton CNWH63179: Assigned=Received, Actual=Received, ReceivedQty=10
[2026-04-23 14:06:19] INFO: ASN WMS-ASN-EXT-00004 Carton CNWH63180: Assigned=Received, Actual=Received, ReceivedQty=10
[2026-04-23 14:06:19] INFO: ASN WMS-ASN-EXT-00004 Carton CNWH63196: Assigned=Received, Actual=Received, ReceivedQty=10
[2026-04-23 14:06:19] INFO: ASN WMS-ASN-EXT-00004 Carton CNWH63197: Assigned=Received, Actual=Received, ReceivedQty=10
[2026-04-23 14:06:19] INFO: ASN WMS-ASN-EXT-00004 Carton CNWH63198: Assigned=Received, Actual=Received, ReceivedQty=10
[2026-04-23 14:06:19] INFO: ASN WMS-ASN-EXT-00004 Carton CNWH63199: Assigned=Received, Actual=Received, ReceivedQty=10
[2026-04-23 14:06:19] INFO: ASN WMS-ASN-EXT-00004 Carton CNWH63200: Assigned=Received, Actual=Received, ReceivedQty=10
[2026-04-23 14:06:19] INFO: ASN WMS-ASN-EXT-00004 Carton CNWH63266: Assigned=Received, Actual=Received, ReceivedQty=10
[2026-04-23 14:06:19] INFO: ASN WMS-ASN-EXT-00004 Carton CNWH63268: Assigned=Received, Actual=Received, ReceivedQty=10
[2026-04-23 14:06:19] INFO: ASN WMS-ASN-EXT-00004 Carton CNWH63269: Assigned=Received, Actual=Received, ReceivedQty=10
[2026-04-23 14:06:19] INFO: ASN WMS-ASN-EXT-00004 Carton CNWH63270: Assigned=Received, Actual=Received, ReceivedQty=10
[2026-04-23 14:06:19] INFO: ASN WMS-ASN-EXT-00004 Carton CNWH63271: Assigned=Received, Actual=Received, ReceivedQty=10
[2026-04-23 14:06:19] INFO: ASN WMS-ASN-EXT-00004 Carton CNWH63272: Assigned=Received, Actual=Received, ReceivedQty=10
[2026-04-23 14:06:19] INFO: ASN WMS-ASN-EXT-00004 Carton CNWH63275: Assigned=Received, Actual=Received, ReceivedQty=10
[2026-04-23 14:06:19] INFO: ASN WMS-ASN-EXT-00004 Carton CNWH63277: Assigned=Received, Actual=Received, ReceivedQty=10
[2026-04-23 14:06:19] INFO: ASN WMS-ASN-EXT-00004 Carton CNWH63280: Assigned=Received, Actual=Received, ReceivedQty=10
[2026-04-23 14:06:19] INFO: ASN WMS-ASN-EXT-00004 Carton CNWH63282: Assigned=Received, Actual=Received, ReceivedQty=10
[2026-04-23 14:06:19] INFO: ASN WMS-ASN-EXT-00004 Carton CNWH63283: Assigned=Received, Actual=Received, ReceivedQty=10
[2026-04-23 14:06:19] INFO: ASN WMS-ASN-EXT-00004 Carton CNWH63284: Assigned=Received, Actual=Received, ReceivedQty=10
[2026-04-23 14:06:19] INFO: ASN WMS-ASN-EXT-00004 Carton CNWH63285: Assigned=Received, Actual=Received, ReceivedQty=10
[2026-04-23 14:06:19] INFO: ASN WMS-ASN-EXT-00004 Carton CNWH63286: Assigned=Received, Actual=Received, ReceivedQty=10
[2026-04-23 14:06:19] INFO: ASN WMS-ASN-EXT-00004 Carton CNWH63287: Assigned=Received, Actual=Received, ReceivedQty=10
[2026-04-23 14:06:19] INFO: ASN WMS-ASN-EXT-00004 Carton CNWH63288: Assigned=Received, Actual=Received, ReceivedQty=10
[2026-04-23 14:06:19] INFO: ASN WMS-ASN-EXT-00004 Carton CNWH63289: Assigned=Received, Actual=Received, ReceivedQty=10
[2026-04-23 14:06:19] INFO: ASN WMS-ASN-EXT-00004 Carton CNWH63441: Assigned=Received, Actual=Received, ReceivedQty=10
[2026-04-23 14:06:19] INFO: ASN WMS-ASN-EXT-00004 Carton CNWH63442: Assigned=Received, Actual=Received, ReceivedQty=10
[2026-04-23 14:06:19] INFO: ASN WMS-ASN-EXT-00004 Carton CNWH63444: Assigned=Received, Actual=Received, ReceivedQty=10
[2026-04-23 14:06:19] INFO: ASN WMS-ASN-EXT-00004 Carton CNWH63446: Assigned=Received, Actual=Received, ReceivedQty=10
[2026-04-23 14:06:19] INFO: ASN WMS-ASN-EXT-00004 Carton CNWH63448: Assigned=Received, Actual=Received, ReceivedQty=10
[2026-04-23 14:06:19] INFO: ASN WMS-ASN-EXT-00004 Carton CNWH65363: Assigned=Received, Actual=Received, ReceivedQty=10
[2026-04-23 14:06:19] INFO: ASN WMS-ASN-EXT-00004 Carton CNWH63179: Assigned=Received, Actual=Received, ReceivedQty=10
[2026-04-23 14:06:19] INFO: ASN WMS-ASN-EXT-00004 Carton CNWH63180: Assigned=Received, Actual=Received, ReceivedQty=10
[2026-04-23 14:06:19] INFO: ASN WMS-ASN-EXT-00004 Carton CNWH63196: Assigned=Received, Actual=Received, ReceivedQty=10
[2026-04-23 14:06:19] INFO: ASN WMS-ASN-EXT-00004 Carton CNWH63197: Assigned=Received, Actual=Received, ReceivedQty=10
[2026-04-23 14:06:19] INFO: ASN WMS-ASN-EXT-00004 Carton CNWH63198: Assigned=Received, Actual=Received, ReceivedQty=10
[2026-04-23 14:06:19] INFO: ASN WMS-ASN-EXT-00004 Carton CNWH63199: Assigned=Received, Actual=Received, ReceivedQty=10
[2026-04-23 14:06:19] INFO: ASN WMS-ASN-EXT-00004 Carton CNWH63200: Assigned=Received, Actual=Received, ReceivedQty=10
[2026-04-23 14:06:19] INFO: ASN WMS-ASN-EXT-00004 Carton CNWH63266: Assigned=Received, Actual=Received, ReceivedQty=10
[2026-04-23 14:06:19] INFO: ASN WMS-ASN-EXT-00004 Carton CNWH63268: Assigned=Received, Actual=Received, ReceivedQty=10
[2026-04-23 14:06:19] INFO: ASN WMS-ASN-EXT-00004 Carton CNWH63269: Assigned=Received, Actual=Received, ReceivedQty=10
[2026-04-23 14:06:19] INFO: ASN WMS-ASN-EXT-00004 Carton CNWH63270: Assigned=Received, Actual=Received, ReceivedQty=10
[2026-04-23 14:06:19] INFO: ASN WMS-ASN-EXT-00004 Carton CNWH63271: Assigned=Received, Actual=Received, ReceivedQty=10
[2026-04-23 14:06:19] INFO: ASN WMS-ASN-EXT-00004 Carton CNWH63272: Assigned=Received, Actual=Received, ReceivedQty=10
[2026-04-23 14:06:19] INFO: ASN WMS-ASN-EXT-00004 Carton CNWH63275: Assigned=Received, Actual=Received, ReceivedQty=10
[2026-04-23 14:06:19] INFO: ASN WMS-ASN-EXT-00004 Carton CNWH63277: Assigned=Received, Actual=Received, ReceivedQty=10
[2026-04-23 14:06:19] INFO: ASN WMS-ASN-EXT-00004 Carton CNWH63280: Assigned=Received, Actual=Received, ReceivedQty=10
[2026-04-23 14:06:19] INFO: ASN WMS-ASN-EXT-00004 Carton CNWH63282: Assigned=Received, Actual=Received, ReceivedQty=10
[2026-04-23 14:06:19] INFO: ASN WMS-ASN-EXT-00004 Carton CNWH63283: Assigned=Received, Actual=Received, ReceivedQty=10
[2026-04-23 14:06:19] INFO: ASN WMS-ASN-EXT-00004 Carton CNWH63284: Assigned=Received, Actual=Received, ReceivedQty=10
[2026-04-23 14:06:19] INFO: ASN WMS-ASN-EXT-00004 Carton CNWH63285: Assigned=Received, Actual=Received, ReceivedQty=10
[2026-04-23 14:06:19] INFO: ASN WMS-ASN-EXT-00004 Carton CNWH63286: Assigned=Received, Actual=Received, ReceivedQty=10
[2026-04-23 14:06:19] INFO: ASN WMS-ASN-EXT-00004 Carton CNWH63287: Assigned=Received, Actual=Received, ReceivedQty=10
[2026-04-23 14:06:19] INFO: ASN WMS-ASN-EXT-00004 Carton CNWH63288: Assigned=Received, Actual=Received, ReceivedQty=10
[2026-04-23 14:06:19] INFO: ASN WMS-ASN-EXT-00004 Carton CNWH63289: Assigned=Received, Actual=Received, ReceivedQty=10
[2026-04-23 14:06:19] INFO: ASN WMS-ASN-EXT-00004 Carton CNWH63441: Assigned=Received, Actual=Received, ReceivedQty=10
[2026-04-23 14:06:19] INFO: ASN WMS-ASN-EXT-00004 Carton CNWH63442: Assigned=Received, Actual=Received, ReceivedQty=10
[2026-04-23 14:06:19] INFO: ASN WMS-ASN-EXT-00004 Carton CNWH65363: Assigned=Received, Actual=Received, ReceivedQty=10
[2026-04-23 14:06:19] INFO: ASN WMS-ASN-EXT-00004 Carton CNWH63502: Assigned=Received, Actual=Received, ReceivedQty=10
[2026-04-23 14:06:19] INFO: ASN WMS-ASN-EXT-00004 Carton CNWH63502: Assigned=Received, Actual=Received, ReceivedQty=10
[2026-04-23 14:06:19] INFO: ASN WMS-ASN-EXT-00004 Carton CNWH64607: Assigned=Received, Actual=Received, ReceivedQty=10
[2026-04-23 14:07:25] INFO: ASN ASN-0001 Carton CNWH12858: Assigned=Assigned, Actual=Assigned, ReceivedQty=0
[2026-04-23 14:07:25] INFO: ASN ASN-0001 Carton CNWH12854: Assigned=Assigned, Actual=Assigned, ReceivedQty=0
[2026-04-23 14:07:25] INFO: ASN ASN-0001 Carton CNWH15390: Assigned=Assigned, Actual=Assigned, ReceivedQty=0
[2026-04-23 14:07:25] INFO: ASN ASN-0001 Carton CNWH42441: Assigned=Assigned, Actual=Assigned, ReceivedQty=0
[2026-04-23 14:07:25] INFO: ASN ASN-0001 Carton CNWH64571: Assigned=Assigned, Actual=Assigned, ReceivedQty=0
[2026-04-23 14:07:25] INFO: ASN ASN-0001 Carton CNWH64521: Assigned=Assigned, Actual=Assigned, ReceivedQty=0
[2026-04-23 14:07:25] INFO: ASN ASN-0001 Carton CNWH63561: Assigned=Assigned, Actual=Assigned, ReceivedQty=0
[2026-04-23 14:07:25] INFO: ASN ASN-0001 Carton CNWH63609: Assigned=Assigned, Actual=Assigned, ReceivedQty=0
[2026-04-23 14:07:25] INFO: ASN WMS-ASN-EXT-00004 Carton CNWH63179: Assigned=Received, Actual=Received, ReceivedQty=10
[2026-04-23 14:07:25] INFO: ASN WMS-ASN-EXT-00004 Carton CNWH63180: Assigned=Received, Actual=Received, ReceivedQty=10
[2026-04-23 14:07:25] INFO: ASN WMS-ASN-EXT-00004 Carton CNWH63196: Assigned=Received, Actual=Received, ReceivedQty=10
[2026-04-23 14:07:25] INFO: ASN WMS-ASN-EXT-00004 Carton CNWH63197: Assigned=Received, Actual=Received, ReceivedQty=10
[2026-04-23 14:07:25] INFO: ASN WMS-ASN-EXT-00004 Carton CNWH63198: Assigned=Received, Actual=Received, ReceivedQty=10
[2026-04-23 14:07:25] INFO: ASN WMS-ASN-EXT-00004 Carton CNWH63199: Assigned=Received, Actual=Received, ReceivedQty=10
[2026-04-23 14:07:25] INFO: ASN WMS-ASN-EXT-00004 Carton CNWH63200: Assigned=Received, Actual=Received, ReceivedQty=10
[2026-04-23 14:07:25] INFO: ASN WMS-ASN-EXT-00004 Carton CNWH63266: Assigned=Received, Actual=Received, ReceivedQty=10
[2026-04-23 14:07:25] INFO: ASN WMS-ASN-EXT-00004 Carton CNWH63268: Assigned=Received, Actual=Received, ReceivedQty=10
[2026-04-23 14:07:25] INFO: ASN WMS-ASN-EXT-00004 Carton CNWH63269: Assigned=Received, Actual=Received, ReceivedQty=10
[2026-04-23 14:07:25] INFO: ASN WMS-ASN-EXT-00004 Carton CNWH63270: Assigned=Received, Actual=Received, ReceivedQty=10
[2026-04-23 14:07:25] INFO: ASN WMS-ASN-EXT-00004 Carton CNWH63271: Assigned=Received, Actual=Received, ReceivedQty=10
[2026-04-23 14:07:25] INFO: ASN WMS-ASN-EXT-00004 Carton CNWH63272: Assigned=Received, Actual=Received, ReceivedQty=10
[2026-04-23 14:07:25] INFO: ASN WMS-ASN-EXT-00004 Carton CNWH63275: Assigned=Received, Actual=Received, ReceivedQty=10
[2026-04-23 14:07:25] INFO: ASN WMS-ASN-EXT-00004 Carton CNWH63277: Assigned=Received, Actual=Received, ReceivedQty=10
[2026-04-23 14:07:25] INFO: ASN WMS-ASN-EXT-00004 Carton CNWH63280: Assigned=Received, Actual=Received, ReceivedQty=10
[2026-04-23 14:07:25] INFO: ASN WMS-ASN-EXT-00004 Carton CNWH63282: Assigned=Received, Actual=Received, ReceivedQty=10
[2026-04-23 14:07:25] INFO: ASN WMS-ASN-EXT-00004 Carton CNWH63283: Assigned=Received, Actual=Received, ReceivedQty=10
[2026-04-23 14:07:25] INFO: ASN WMS-ASN-EXT-00004 Carton CNWH63284: Assigned=Received, Actual=Received, ReceivedQty=10
[2026-04-23 14:07:25] INFO: ASN WMS-ASN-EXT-00004 Carton CNWH63285: Assigned=Received, Actual=Received, ReceivedQty=10
[2026-04-23 14:07:25] INFO: ASN WMS-ASN-EXT-00004 Carton CNWH63286: Assigned=Received, Actual=Received, ReceivedQty=10
[2026-04-23 14:07:25] INFO: ASN WMS-ASN-EXT-00004 Carton CNWH63287: Assigned=Received, Actual=Received, ReceivedQty=10
[2026-04-23 14:07:25] INFO: ASN WMS-ASN-EXT-00004 Carton CNWH63288: Assigned=Received, Actual=Received, ReceivedQty=10
[2026-04-23 14:07:25] INFO: ASN WMS-ASN-EXT-00004 Carton CNWH63289: Assigned=Received, Actual=Received, ReceivedQty=10
[2026-04-23 14:07:25] INFO: ASN WMS-ASN-EXT-00004 Carton CNWH63441: Assigned=Received, Actual=Received, ReceivedQty=10
[2026-04-23 14:07:25] INFO: ASN WMS-ASN-EXT-00004 Carton CNWH63442: Assigned=Received, Actual=Received, ReceivedQty=10
[2026-04-23 14:07:25] INFO: ASN WMS-ASN-EXT-00004 Carton CNWH63444: Assigned=Received, Actual=Received, ReceivedQty=10
[2026-04-23 14:07:25] INFO: ASN WMS-ASN-EXT-00004 Carton CNWH63446: Assigned=Received, Actual=Received, ReceivedQty=10
[2026-04-23 14:07:25] INFO: ASN WMS-ASN-EXT-00004 Carton CNWH63448: Assigned=Received, Actual=Received, ReceivedQty=10
[2026-04-23 14:07:25] INFO: ASN WMS-ASN-EXT-00004 Carton CNWH65363: Assigned=Received, Actual=Received, ReceivedQty=10
[2026-04-23 14:07:25] INFO: ASN WMS-ASN-EXT-00004 Carton CNWH63179: Assigned=Received, Actual=Received, ReceivedQty=10
[2026-04-23 14:07:25] INFO: ASN WMS-ASN-EXT-00004 Carton CNWH63180: Assigned=Received, Actual=Received, ReceivedQty=10
[2026-04-23 14:07:25] INFO: ASN WMS-ASN-EXT-00004 Carton CNWH63196: Assigned=Received, Actual=Received, ReceivedQty=10
[2026-04-23 14:07:25] INFO: ASN WMS-ASN-EXT-00004 Carton CNWH63197: Assigned=Received, Actual=Received, ReceivedQty=10
[2026-04-23 14:07:25] INFO: ASN WMS-ASN-EXT-00004 Carton CNWH63198: Assigned=Received, Actual=Received, ReceivedQty=10
[2026-04-23 14:07:25] INFO: ASN WMS-ASN-EXT-00004 Carton CNWH63199: Assigned=Received, Actual=Received, ReceivedQty=10
[2026-04-23 14:07:25] INFO: ASN WMS-ASN-EXT-00004 Carton CNWH63200: Assigned=Received, Actual=Received, ReceivedQty=10
[2026-04-23 14:07:25] INFO: ASN WMS-ASN-EXT-00004 Carton CNWH63266: Assigned=Received, Actual=Received, ReceivedQty=10
[2026-04-23 14:07:25] INFO: ASN WMS-ASN-EXT-00004 Carton CNWH63268: Assigned=Received, Actual=Received, ReceivedQty=10
[2026-04-23 14:07:25] INFO: ASN WMS-ASN-EXT-00004 Carton CNWH63269: Assigned=Received, Actual=Received, ReceivedQty=10
[2026-04-23 14:07:25] INFO: ASN WMS-ASN-EXT-00004 Carton CNWH63270: Assigned=Received, Actual=Received, ReceivedQty=10
[2026-04-23 14:07:25] INFO: ASN WMS-ASN-EXT-00004 Carton CNWH63271: Assigned=Received, Actual=Received, ReceivedQty=10
[2026-04-23 14:07:25] INFO: ASN WMS-ASN-EXT-00004 Carton CNWH63272: Assigned=Received, Actual=Received, ReceivedQty=10
[2026-04-23 14:07:25] INFO: ASN WMS-ASN-EXT-00004 Carton CNWH63275: Assigned=Received, Actual=Received, ReceivedQty=10
[2026-04-23 14:07:25] INFO: ASN WMS-ASN-EXT-00004 Carton CNWH63277: Assigned=Received, Actual=Received, ReceivedQty=10
[2026-04-23 14:07:25] INFO: ASN WMS-ASN-EXT-00004 Carton CNWH63280: Assigned=Received, Actual=Received, ReceivedQty=10
[2026-04-23 14:07:25] INFO: ASN WMS-ASN-EXT-00004 Carton CNWH63282: Assigned=Received, Actual=Received, ReceivedQty=10
[2026-04-23 14:07:25] INFO: ASN WMS-ASN-EXT-00004 Carton CNWH63283: Assigned=Received, Actual=Received, ReceivedQty=10
[2026-04-23 14:07:25] INFO: ASN WMS-ASN-EXT-00004 Carton CNWH63284: Assigned=Received, Actual=Received, ReceivedQty=10
[2026-04-23 14:07:25] INFO: ASN WMS-ASN-EXT-00004 Carton CNWH63285: Assigned=Received, Actual=Received, ReceivedQty=10
[2026-04-23 14:07:25] INFO: ASN WMS-ASN-EXT-00004 Carton CNWH63286: Assigned=Received, Actual=Received, ReceivedQty=10
[2026-04-23 14:07:25] INFO: ASN WMS-ASN-EXT-00004 Carton CNWH63287: Assigned=Received, Actual=Received, ReceivedQty=10
[2026-04-23 14:07:25] INFO: ASN WMS-ASN-EXT-00004 Carton CNWH63288: Assigned=Received, Actual=Received, ReceivedQty=10
[2026-04-23 14:07:25] INFO: ASN WMS-ASN-EXT-00004 Carton CNWH63289: Assigned=Received, Actual=Received, ReceivedQty=10
[2026-04-23 14:07:25] INFO: ASN WMS-ASN-EXT-00004 Carton CNWH63441: Assigned=Received, Actual=Received, ReceivedQty=10
[2026-04-23 14:07:25] INFO: ASN WMS-ASN-EXT-00004 Carton CNWH63442: Assigned=Received, Actual=Received, ReceivedQty=10
[2026-04-23 14:07:25] INFO: ASN WMS-ASN-EXT-00004 Carton CNWH65363: Assigned=Received, Actual=Received, ReceivedQty=10
[2026-04-23 14:07:25] INFO: ASN WMS-ASN-EXT-00004 Carton CNWH63502: Assigned=Received, Actual=Received, ReceivedQty=10
[2026-04-23 14:07:25] INFO: ASN WMS-ASN-EXT-00004 Carton CNWH63502: Assigned=Received, Actual=Received, ReceivedQty=10
[2026-04-23 14:07:25] INFO: ASN WMS-ASN-EXT-00004 Carton CNWH64607: Assigned=Received, Actual=Received, ReceivedQty=10
[2026-04-23 14:07:27] INFO: ASN ASN-0001 Carton CNWH12858: Assigned=Assigned, Actual=Assigned, ReceivedQty=0
[2026-04-23 14:07:27] INFO: ASN ASN-0001 Carton CNWH12854: Assigned=Assigned, Actual=Assigned, ReceivedQty=0
[2026-04-23 14:07:27] INFO: ASN ASN-0001 Carton CNWH15390: Assigned=Assigned, Actual=Assigned, ReceivedQty=0
[2026-04-23 14:07:27] INFO: ASN ASN-0001 Carton CNWH42441: Assigned=Assigned, Actual=Assigned, ReceivedQty=0
[2026-04-23 14:07:27] INFO: ASN ASN-0001 Carton CNWH64571: Assigned=Assigned, Actual=Assigned, ReceivedQty=0
[2026-04-23 14:07:27] INFO: ASN ASN-0001 Carton CNWH64521: Assigned=Assigned, Actual=Assigned, ReceivedQty=0
[2026-04-23 14:07:27] INFO: ASN ASN-0001 Carton CNWH63561: Assigned=Assigned, Actual=Assigned, ReceivedQty=0
[2026-04-23 14:07:27] INFO: ASN ASN-0001 Carton CNWH63609: Assigned=Assigned, Actual=Assigned, ReceivedQty=0
[2026-04-23 14:07:27] INFO: ASN WMS-ASN-EXT-00004 Carton CNWH63179: Assigned=Received, Actual=Received, ReceivedQty=10
[2026-04-23 14:07:27] INFO: ASN WMS-ASN-EXT-00004 Carton CNWH63180: Assigned=Received, Actual=Received, ReceivedQty=10
[2026-04-23 14:07:27] INFO: ASN WMS-ASN-EXT-00004 Carton CNWH63196: Assigned=Received, Actual=Received, ReceivedQty=10
[2026-04-23 14:07:27] INFO: ASN WMS-ASN-EXT-00004 Carton CNWH63197: Assigned=Received, Actual=Received, ReceivedQty=10
[2026-04-23 14:07:27] INFO: ASN WMS-ASN-EXT-00004 Carton CNWH63198: Assigned=Received, Actual=Received, ReceivedQty=10
[2026-04-23 14:07:27] INFO: ASN WMS-ASN-EXT-00004 Carton CNWH63199: Assigned=Received, Actual=Received, ReceivedQty=10
[2026-04-23 14:07:27] INFO: ASN WMS-ASN-EXT-00004 Carton CNWH63200: Assigned=Received, Actual=Received, ReceivedQty=10
[2026-04-23 14:07:27] INFO: ASN WMS-ASN-EXT-00004 Carton CNWH63266: Assigned=Received, Actual=Received, ReceivedQty=10
[2026-04-23 14:07:27] INFO: ASN WMS-ASN-EXT-00004 Carton CNWH63268: Assigned=Received, Actual=Received, ReceivedQty=10
[2026-04-23 14:07:27] INFO: ASN WMS-ASN-EXT-00004 Carton CNWH63269: Assigned=Received, Actual=Received, ReceivedQty=10
[2026-04-23 14:07:27] INFO: ASN WMS-ASN-EXT-00004 Carton CNWH63270: Assigned=Received, Actual=Received, ReceivedQty=10
[2026-04-23 14:07:27] INFO: ASN WMS-ASN-EXT-00004 Carton CNWH63271: Assigned=Received, Actual=Received, ReceivedQty=10
[2026-04-23 14:07:27] INFO: ASN WMS-ASN-EXT-00004 Carton CNWH63272: Assigned=Received, Actual=Received, ReceivedQty=10
[2026-04-23 14:07:27] INFO: ASN WMS-ASN-EXT-00004 Carton CNWH63275: Assigned=Received, Actual=Received, ReceivedQty=10
[2026-04-23 14:07:27] INFO: ASN WMS-ASN-EXT-00004 Carton CNWH63277: Assigned=Received, Actual=Received, ReceivedQty=10
[2026-04-23 14:07:27] INFO: ASN WMS-ASN-EXT-00004 Carton CNWH63280: Assigned=Received, Actual=Received, ReceivedQty=10
[2026-04-23 14:07:27] INFO: ASN WMS-ASN-EXT-00004 Carton CNWH63282: Assigned=Received, Actual=Received, ReceivedQty=10
[2026-04-23 14:07:27] INFO: ASN WMS-ASN-EXT-00004 Carton CNWH63283: Assigned=Received, Actual=Received, ReceivedQty=10
[2026-04-23 14:07:27] INFO: ASN WMS-ASN-EXT-00004 Carton CNWH63284: Assigned=Received, Actual=Received, ReceivedQty=10
[2026-04-23 14:07:27] INFO: ASN WMS-ASN-EXT-00004 Carton CNWH63285: Assigned=Received, Actual=Received, ReceivedQty=10
[2026-04-23 14:07:27] INFO: ASN WMS-ASN-EXT-00004 Carton CNWH63286: Assigned=Received, Actual=Received, ReceivedQty=10
[2026-04-23 14:07:27] INFO: ASN WMS-ASN-EXT-00004 Carton CNWH63287: Assigned=Received, Actual=Received, ReceivedQty=10
[2026-04-23 14:07:27] INFO: ASN WMS-ASN-EXT-00004 Carton CNWH63288: Assigned=Received, Actual=Received, ReceivedQty=10
[2026-04-23 14:07:27] INFO: ASN WMS-ASN-EXT-00004 Carton CNWH63289: Assigned=Received, Actual=Received, ReceivedQty=10
[2026-04-23 14:07:27] INFO: ASN WMS-ASN-EXT-00004 Carton CNWH63441: Assigned=Received, Actual=Received, ReceivedQty=10
[2026-04-23 14:07:27] INFO: ASN WMS-ASN-EXT-00004 Carton CNWH63442: Assigned=Received, Actual=Received, ReceivedQty=10
[2026-04-23 14:07:27] INFO: ASN WMS-ASN-EXT-00004 Carton CNWH63444: Assigned=Received, Actual=Received, ReceivedQty=10
[2026-04-23 14:07:27] INFO: ASN WMS-ASN-EXT-00004 Carton CNWH63446: Assigned=Received, Actual=Received, ReceivedQty=10
[2026-04-23 14:07:27] INFO: ASN WMS-ASN-EXT-00004 Carton CNWH63448: Assigned=Received, Actual=Received, ReceivedQty=10
[2026-04-23 14:07:27] INFO: ASN WMS-ASN-EXT-00004 Carton CNWH65363: Assigned=Received, Actual=Received, ReceivedQty=10
[2026-04-23 14:07:27] INFO: ASN WMS-ASN-EXT-00004 Carton CNWH63179: Assigned=Received, Actual=Received, ReceivedQty=10
[2026-04-23 14:07:27] INFO: ASN WMS-ASN-EXT-00004 Carton CNWH63180: Assigned=Received, Actual=Received, ReceivedQty=10
[2026-04-23 14:07:27] INFO: ASN WMS-ASN-EXT-00004 Carton CNWH63196: Assigned=Received, Actual=Received, ReceivedQty=10
[2026-04-23 14:07:27] INFO: ASN WMS-ASN-EXT-00004 Carton CNWH63197: Assigned=Received, Actual=Received, ReceivedQty=10
[2026-04-23 14:07:27] INFO: ASN WMS-ASN-EXT-00004 Carton CNWH63198: Assigned=Received, Actual=Received, ReceivedQty=10
[2026-04-23 14:07:27] INFO: ASN WMS-ASN-EXT-00004 Carton CNWH63199: Assigned=Received, Actual=Received, ReceivedQty=10
[2026-04-23 14:07:27] INFO: ASN WMS-ASN-EXT-00004 Carton CNWH63200: Assigned=Received, Actual=Received, ReceivedQty=10
[2026-04-23 14:07:27] INFO: ASN WMS-ASN-EXT-00004 Carton CNWH63266: Assigned=Received, Actual=Received, ReceivedQty=10
[2026-04-23 14:07:27] INFO: ASN WMS-ASN-EXT-00004 Carton CNWH63268: Assigned=Received, Actual=Received, ReceivedQty=10
[2026-04-23 14:07:27] INFO: ASN WMS-ASN-EXT-00004 Carton CNWH63269: Assigned=Received, Actual=Received, ReceivedQty=10
[2026-04-23 14:07:27] INFO: ASN WMS-ASN-EXT-00004 Carton CNWH63270: Assigned=Received, Actual=Received, ReceivedQty=10
[2026-04-23 14:07:27] INFO: ASN WMS-ASN-EXT-00004 Carton CNWH63271: Assigned=Received, Actual=Received, ReceivedQty=10
[2026-04-23 14:07:27] INFO: ASN WMS-ASN-EXT-00004 Carton CNWH63272: Assigned=Received, Actual=Received, ReceivedQty=10
[2026-04-23 14:07:27] INFO: ASN WMS-ASN-EXT-00004 Carton CNWH63275: Assigned=Received, Actual=Received, ReceivedQty=10
[2026-04-23 14:07:27] INFO: ASN WMS-ASN-EXT-00004 Carton CNWH63277: Assigned=Received, Actual=Received, ReceivedQty=10
[2026-04-23 14:07:27] INFO: ASN WMS-ASN-EXT-00004 Carton CNWH63280: Assigned=Received, Actual=Received, ReceivedQty=10
[2026-04-23 14:07:27] INFO: ASN WMS-ASN-EXT-00004 Carton CNWH63282: Assigned=Received, Actual=Received, ReceivedQty=10
[2026-04-23 14:07:27] INFO: ASN WMS-ASN-EXT-00004 Carton CNWH63283: Assigned=Received, Actual=Received, ReceivedQty=10
[2026-04-23 14:07:27] INFO: ASN WMS-ASN-EXT-00004 Carton CNWH63284: Assigned=Received, Actual=Received, ReceivedQty=10
[2026-04-23 14:07:27] INFO: ASN WMS-ASN-EXT-00004 Carton CNWH63285: Assigned=Received, Actual=Received, ReceivedQty=10
[2026-04-23 14:07:27] INFO: ASN WMS-ASN-EXT-00004 Carton CNWH63286: Assigned=Received, Actual=Received, ReceivedQty=10
[2026-04-23 14:07:27] INFO: ASN WMS-ASN-EXT-00004 Carton CNWH63287: Assigned=Received, Actual=Received, ReceivedQty=10
[2026-04-23 14:07:27] INFO: ASN WMS-ASN-EXT-00004 Carton CNWH63288: Assigned=Received, Actual=Received, ReceivedQty=10
[2026-04-23 14:07:27] INFO: ASN WMS-ASN-EXT-00004 Carton CNWH63289: Assigned=Received, Actual=Received, ReceivedQty=10
[2026-04-23 14:07:27] INFO: ASN WMS-ASN-EXT-00004 Carton CNWH63441: Assigned=Received, Actual=Received, ReceivedQty=10
[2026-04-23 14:07:27] INFO: ASN WMS-ASN-EXT-00004 Carton CNWH63442: Assigned=Received, Actual=Received, ReceivedQty=10
[2026-04-23 14:07:27] INFO: ASN WMS-ASN-EXT-00004 Carton CNWH65363: Assigned=Received, Actual=Received, ReceivedQty=10
[2026-04-23 14:07:27] INFO: ASN WMS-ASN-EXT-00004 Carton CNWH63502: Assigned=Received, Actual=Received, ReceivedQty=10
[2026-04-23 14:07:27] INFO: ASN WMS-ASN-EXT-00004 Carton CNWH63502: Assigned=Received, Actual=Received, ReceivedQty=10
[2026-04-23 14:07:27] INFO: ASN WMS-ASN-EXT-00004 Carton CNWH64607: Assigned=Received, Actual=Received, ReceivedQty=10
[2026-04-23 14:12:45] INFO: ASN ASN-0001 Carton CNWH12858: Assigned=Assigned, Actual=Assigned, ReceivedQty=0
[2026-04-23 14:12:45] INFO: ASN ASN-0001 Carton CNWH12854: Assigned=Assigned, Actual=Assigned, ReceivedQty=0
[2026-04-23 14:12:45] INFO: ASN ASN-0001 Carton CNWH15390: Assigned=Assigned, Actual=Assigned, ReceivedQty=0
[2026-04-23 14:12:45] INFO: ASN ASN-0001 Carton CNWH42441: Assigned=Assigned, Actual=Assigned, ReceivedQty=0
[2026-04-23 14:12:45] INFO: ASN ASN-0001 Carton CNWH64571: Assigned=Assigned, Actual=Assigned, ReceivedQty=0
[2026-04-23 14:12:45] INFO: ASN ASN-0001 Carton CNWH64521: Assigned=Assigned, Actual=Assigned, ReceivedQty=0
[2026-04-23 14:12:45] INFO: ASN ASN-0001 Carton CNWH63561: Assigned=Assigned, Actual=Assigned, ReceivedQty=0
[2026-04-23 14:12:45] INFO: ASN ASN-0001 Carton CNWH63609: Assigned=Assigned, Actual=Assigned, ReceivedQty=0
[2026-04-23 14:12:45] INFO: ASN WMS-ASN-EXT-00004 Carton CNWH63179: Assigned=Received, Actual=Received, ReceivedQty=10
[2026-04-23 14:12:45] INFO: ASN WMS-ASN-EXT-00004 Carton CNWH63180: Assigned=Received, Actual=Received, ReceivedQty=10
[2026-04-23 14:12:45] INFO: ASN WMS-ASN-EXT-00004 Carton CNWH63196: Assigned=Received, Actual=Received, ReceivedQty=10
[2026-04-23 14:12:45] INFO: ASN WMS-ASN-EXT-00004 Carton CNWH63197: Assigned=Received, Actual=Received, ReceivedQty=10
[2026-04-23 14:12:45] INFO: ASN WMS-ASN-EXT-00004 Carton CNWH63198: Assigned=Received, Actual=Received, ReceivedQty=10
[2026-04-23 14:12:45] INFO: ASN WMS-ASN-EXT-00004 Carton CNWH63199: Assigned=Received, Actual=Received, ReceivedQty=10
[2026-04-23 14:12:45] INFO: ASN WMS-ASN-EXT-00004 Carton CNWH63200: Assigned=Received, Actual=Received, ReceivedQty=10
[2026-04-23 14:12:45] INFO: ASN WMS-ASN-EXT-00004 Carton CNWH63266: Assigned=Received, Actual=Received, ReceivedQty=10
[2026-04-23 14:12:45] INFO: ASN WMS-ASN-EXT-00004 Carton CNWH63268: Assigned=Received, Actual=Received, ReceivedQty=10
[2026-04-23 14:12:45] INFO: ASN WMS-ASN-EXT-00004 Carton CNWH63269: Assigned=Received, Actual=Received, ReceivedQty=10
[2026-04-23 14:12:45] INFO: ASN WMS-ASN-EXT-00004 Carton CNWH63270: Assigned=Received, Actual=Received, ReceivedQty=10
[2026-04-23 14:12:45] INFO: ASN WMS-ASN-EXT-00004 Carton CNWH63271: Assigned=Received, Actual=Received, ReceivedQty=10
[2026-04-23 14:12:45] INFO: ASN WMS-ASN-EXT-00004 Carton CNWH63272: Assigned=Received, Actual=Received, ReceivedQty=10
[2026-04-23 14:12:45] INFO: ASN WMS-ASN-EXT-00004 Carton CNWH63275: Assigned=Received, Actual=Received, ReceivedQty=10
[2026-04-23 14:12:45] INFO: ASN WMS-ASN-EXT-00004 Carton CNWH63277: Assigned=Received, Actual=Received, ReceivedQty=10
[2026-04-23 14:12:45] INFO: ASN WMS-ASN-EXT-00004 Carton CNWH63280: Assigned=Received, Actual=Received, ReceivedQty=10
[2026-04-23 14:12:45] INFO: ASN WMS-ASN-EXT-00004 Carton CNWH63282: Assigned=Received, Actual=Received, ReceivedQty=10
[2026-04-23 14:12:45] INFO: ASN WMS-ASN-EXT-00004 Carton CNWH63283: Assigned=Received, Actual=Received, ReceivedQty=10
[2026-04-23 14:12:45] INFO: ASN WMS-ASN-EXT-00004 Carton CNWH63284: Assigned=Received, Actual=Received, ReceivedQty=10
[2026-04-23 14:12:45] INFO: ASN WMS-ASN-EXT-00004 Carton CNWH63285: Assigned=Received, Actual=Received, ReceivedQty=10
[2026-04-23 14:12:45] INFO: ASN WMS-ASN-EXT-00004 Carton CNWH63286: Assigned=Received, Actual=Received, ReceivedQty=10
[2026-04-23 14:12:45] INFO: ASN WMS-ASN-EXT-00004 Carton CNWH63287: Assigned=Received, Actual=Received, ReceivedQty=10
[2026-04-23 14:12:45] INFO: ASN WMS-ASN-EXT-00004 Carton CNWH63288: Assigned=Received, Actual=Received, ReceivedQty=10
[2026-04-23 14:12:45] INFO: ASN WMS-ASN-EXT-00004 Carton CNWH63289: Assigned=Received, Actual=Received, ReceivedQty=10
[2026-04-23 14:12:45] INFO: ASN WMS-ASN-EXT-00004 Carton CNWH63441: Assigned=Received, Actual=Received, ReceivedQty=10
[2026-04-23 14:12:45] INFO: ASN WMS-ASN-EXT-00004 Carton CNWH63442: Assigned=Received, Actual=Received, ReceivedQty=10
[2026-04-23 14:12:45] INFO: ASN WMS-ASN-EXT-00004 Carton CNWH63444: Assigned=Received, Actual=Received, ReceivedQty=10
[2026-04-23 14:12:45] INFO: ASN WMS-ASN-EXT-00004 Carton CNWH63446: Assigned=Received, Actual=Received, ReceivedQty=10
[2026-04-23 14:12:45] INFO: ASN WMS-ASN-EXT-00004 Carton CNWH63448: Assigned=Received, Actual=Received, ReceivedQty=10
[2026-04-23 14:12:45] INFO: ASN WMS-ASN-EXT-00004 Carton CNWH65363: Assigned=Received, Actual=Received, ReceivedQty=10
[2026-04-23 14:12:45] INFO: ASN WMS-ASN-EXT-00004 Carton CNWH63179: Assigned=Received, Actual=Received, ReceivedQty=10
[2026-04-23 14:12:45] INFO: ASN WMS-ASN-EXT-00004 Carton CNWH63180: Assigned=Received, Actual=Received, ReceivedQty=10
[2026-04-23 14:12:45] INFO: ASN WMS-ASN-EXT-00004 Carton CNWH63196: Assigned=Received, Actual=Received, ReceivedQty=10
[2026-04-23 14:12:45] INFO: ASN WMS-ASN-EXT-00004 Carton CNWH63197: Assigned=Received, Actual=Received, ReceivedQty=10
[2026-04-23 14:12:45] INFO: ASN WMS-ASN-EXT-00004 Carton CNWH63198: Assigned=Received, Actual=Received, ReceivedQty=10
[2026-04-23 14:12:45] INFO: ASN WMS-ASN-EXT-00004 Carton CNWH63199: Assigned=Received, Actual=Received, ReceivedQty=10
[2026-04-23 14:12:45] INFO: ASN WMS-ASN-EXT-00004 Carton CNWH63200: Assigned=Received, Actual=Received, ReceivedQty=10
[2026-04-23 14:12:45] INFO: ASN WMS-ASN-EXT-00004 Carton CNWH63266: Assigned=Received, Actual=Received, ReceivedQty=10
[2026-04-23 14:12:45] INFO: ASN WMS-ASN-EXT-00004 Carton CNWH63268: Assigned=Received, Actual=Received, ReceivedQty=10
[2026-04-23 14:12:45] INFO: ASN WMS-ASN-EXT-00004 Carton CNWH63269: Assigned=Received, Actual=Received, ReceivedQty=10
[2026-04-23 14:12:45] INFO: ASN WMS-ASN-EXT-00004 Carton CNWH63270: Assigned=Received, Actual=Received, ReceivedQty=10
[2026-04-23 14:12:45] INFO: ASN WMS-ASN-EXT-00004 Carton CNWH63271: Assigned=Received, Actual=Received, ReceivedQty=10
[2026-04-23 14:12:45] INFO: ASN WMS-ASN-EXT-00004 Carton CNWH63272: Assigned=Received, Actual=Received, ReceivedQty=10
[2026-04-23 14:12:45] INFO: ASN WMS-ASN-EXT-00004 Carton CNWH63275: Assigned=Received, Actual=Received, ReceivedQty=10
[2026-04-23 14:12:45] INFO: ASN WMS-ASN-EXT-00004 Carton CNWH63277: Assigned=Received, Actual=Received, ReceivedQty=10
[2026-04-23 14:12:45] INFO: ASN WMS-ASN-EXT-00004 Carton CNWH63280: Assigned=Received, Actual=Received, ReceivedQty=10
[2026-04-23 14:12:45] INFO: ASN WMS-ASN-EXT-00004 Carton CNWH63282: Assigned=Received, Actual=Received, ReceivedQty=10
[2026-04-23 14:12:45] INFO: ASN WMS-ASN-EXT-00004 Carton CNWH63283: Assigned=Received, Actual=Received, ReceivedQty=10
[2026-04-23 14:12:45] INFO: ASN WMS-ASN-EXT-00004 Carton CNWH63284: Assigned=Received, Actual=Received, ReceivedQty=10
[2026-04-23 14:12:45] INFO: ASN WMS-ASN-EXT-00004 Carton CNWH63285: Assigned=Received, Actual=Received, ReceivedQty=10
[2026-04-23 14:12:45] INFO: ASN WMS-ASN-EXT-00004 Carton CNWH63286: Assigned=Received, Actual=Received, ReceivedQty=10
[2026-04-23 14:12:45] INFO: ASN WMS-ASN-EXT-00004 Carton CNWH63287: Assigned=Received, Actual=Received, ReceivedQty=10
[2026-04-23 14:12:45] INFO: ASN WMS-ASN-EXT-00004 Carton CNWH63288: Assigned=Received, Actual=Received, ReceivedQty=10
[2026-04-23 14:12:45] INFO: ASN WMS-ASN-EXT-00004 Carton CNWH63289: Assigned=Received, Actual=Received, ReceivedQty=10
[2026-04-23 14:12:45] INFO: ASN WMS-ASN-EXT-00004 Carton CNWH63441: Assigned=Received, Actual=Received, ReceivedQty=10
[2026-04-23 14:12:45] INFO: ASN WMS-ASN-EXT-00004 Carton CNWH63442: Assigned=Received, Actual=Received, ReceivedQty=10
[2026-04-23 14:12:45] INFO: ASN WMS-ASN-EXT-00004 Carton CNWH65363: Assigned=Received, Actual=Received, ReceivedQty=10
[2026-04-23 14:12:45] INFO: ASN WMS-ASN-EXT-00004 Carton CNWH63502: Assigned=Received, Actual=Received, ReceivedQty=10
[2026-04-23 14:12:45] INFO: ASN WMS-ASN-EXT-00004 Carton CNWH63502: Assigned=Received, Actual=Received, ReceivedQty=10
[2026-04-23 14:12:45] INFO: ASN WMS-ASN-EXT-00004 Carton CNWH64607: Assigned=Received, Actual=Received, ReceivedQty=10
[2026-04-23 14:12:45] INFO: ASN ASN-0001 Carton CNWH12858: Assigned=Assigned, Actual=Assigned, ReceivedQty=0
[2026-04-23 14:12:45] INFO: ASN ASN-0001 Carton CNWH12854: Assigned=Assigned, Actual=Assigned, ReceivedQty=0
[2026-04-23 14:12:45] INFO: ASN ASN-0001 Carton CNWH15390: Assigned=Assigned, Actual=Assigned, ReceivedQty=0
[2026-04-23 14:12:45] INFO: ASN ASN-0001 Carton CNWH42441: Assigned=Assigned, Actual=Assigned, ReceivedQty=0
[2026-04-23 14:12:45] INFO: ASN ASN-0001 Carton CNWH64571: Assigned=Assigned, Actual=Assigned, ReceivedQty=0
[2026-04-23 14:12:45] INFO: ASN ASN-0001 Carton CNWH64521: Assigned=Assigned, Actual=Assigned, ReceivedQty=0
[2026-04-23 14:12:45] INFO: ASN ASN-0001 Carton CNWH63561: Assigned=Assigned, Actual=Assigned, ReceivedQty=0
[2026-04-23 14:12:45] INFO: ASN ASN-0001 Carton CNWH63609: Assigned=Assigned, Actual=Assigned, ReceivedQty=0
[2026-04-23 14:12:45] INFO: ASN WMS-ASN-EXT-00004 Carton CNWH63179: Assigned=Received, Actual=Received, ReceivedQty=10
[2026-04-23 14:12:45] INFO: ASN WMS-ASN-EXT-00004 Carton CNWH63180: Assigned=Received, Actual=Received, ReceivedQty=10
[2026-04-23 14:12:45] INFO: ASN WMS-ASN-EXT-00004 Carton CNWH63196: Assigned=Received, Actual=Received, ReceivedQty=10
[2026-04-23 14:12:45] INFO: ASN WMS-ASN-EXT-00004 Carton CNWH63197: Assigned=Received, Actual=Received, ReceivedQty=10
[2026-04-23 14:12:45] INFO: ASN WMS-ASN-EXT-00004 Carton CNWH63198: Assigned=Received, Actual=Received, ReceivedQty=10
[2026-04-23 14:12:45] INFO: ASN WMS-ASN-EXT-00004 Carton CNWH63199: Assigned=Received, Actual=Received, ReceivedQty=10
[2026-04-23 14:12:45] INFO: ASN WMS-ASN-EXT-00004 Carton CNWH63200: Assigned=Received, Actual=Received, ReceivedQty=10
[2026-04-23 14:12:45] INFO: ASN WMS-ASN-EXT-00004 Carton CNWH63266: Assigned=Received, Actual=Received, ReceivedQty=10
[2026-04-23 14:12:45] INFO: ASN WMS-ASN-EXT-00004 Carton CNWH63268: Assigned=Received, Actual=Received, ReceivedQty=10
[2026-04-23 14:12:45] INFO: ASN WMS-ASN-EXT-00004 Carton CNWH63269: Assigned=Received, Actual=Received, ReceivedQty=10
[2026-04-23 14:12:45] INFO: ASN WMS-ASN-EXT-00004 Carton CNWH63270: Assigned=Received, Actual=Received, ReceivedQty=10
[2026-04-23 14:12:45] INFO: ASN WMS-ASN-EXT-00004 Carton CNWH63271: Assigned=Received, Actual=Received, ReceivedQty=10
[2026-04-23 14:12:45] INFO: ASN WMS-ASN-EXT-00004 Carton CNWH63272: Assigned=Received, Actual=Received, ReceivedQty=10
[2026-04-23 14:12:45] INFO: ASN WMS-ASN-EXT-00004 Carton CNWH63275: Assigned=Received, Actual=Received, ReceivedQty=10
[2026-04-23 14:12:45] INFO: ASN WMS-ASN-EXT-00004 Carton CNWH63277: Assigned=Received, Actual=Received, ReceivedQty=10
[2026-04-23 14:12:45] INFO: ASN WMS-ASN-EXT-00004 Carton CNWH63280: Assigned=Received, Actual=Received, ReceivedQty=10
[2026-04-23 14:12:45] INFO: ASN WMS-ASN-EXT-00004 Carton CNWH63282: Assigned=Received, Actual=Received, ReceivedQty=10
[2026-04-23 14:12:45] INFO: ASN WMS-ASN-EXT-00004 Carton CNWH63283: Assigned=Received, Actual=Received, ReceivedQty=10
[2026-04-23 14:12:45] INFO: ASN WMS-ASN-EXT-00004 Carton CNWH63284: Assigned=Received, Actual=Received, ReceivedQty=10
[2026-04-23 14:12:45] INFO: ASN WMS-ASN-EXT-00004 Carton CNWH63285: Assigned=Received, Actual=Received, ReceivedQty=10
[2026-04-23 14:12:45] INFO: ASN WMS-ASN-EXT-00004 Carton CNWH63286: Assigned=Received, Actual=Received, ReceivedQty=10
[2026-04-23 14:12:45] INFO: ASN WMS-ASN-EXT-00004 Carton CNWH63287: Assigned=Received, Actual=Received, ReceivedQty=10
[2026-04-23 14:12:45] INFO: ASN WMS-ASN-EXT-00004 Carton CNWH63288: Assigned=Received, Actual=Received, ReceivedQty=10
[2026-04-23 14:12:45] INFO: ASN WMS-ASN-EXT-00004 Carton CNWH63289: Assigned=Received, Actual=Received, ReceivedQty=10
[2026-04-23 14:12:45] INFO: ASN WMS-ASN-EXT-00004 Carton CNWH63441: Assigned=Received, Actual=Received, ReceivedQty=10
[2026-04-23 14:12:45] INFO: ASN WMS-ASN-EXT-00004 Carton CNWH63442: Assigned=Received, Actual=Received, ReceivedQty=10
[2026-04-23 14:12:45] INFO: ASN WMS-ASN-EXT-00004 Carton CNWH63444: Assigned=Received, Actual=Received, ReceivedQty=10
[2026-04-23 14:12:45] INFO: ASN WMS-ASN-EXT-00004 Carton CNWH63446: Assigned=Received, Actual=Received, ReceivedQty=10
[2026-04-23 14:12:45] INFO: ASN WMS-ASN-EXT-00004 Carton CNWH63448: Assigned=Received, Actual=Received, ReceivedQty=10
[2026-04-23 14:12:45] INFO: ASN WMS-ASN-EXT-00004 Carton CNWH65363: Assigned=Received, Actual=Received, ReceivedQty=10
[2026-04-23 14:12:45] INFO: ASN WMS-ASN-EXT-00004 Carton CNWH63179: Assigned=Received, Actual=Received, ReceivedQty=10
[2026-04-23 14:12:45] INFO: ASN WMS-ASN-EXT-00004 Carton CNWH63180: Assigned=Received, Actual=Received, ReceivedQty=10
[2026-04-23 14:12:45] INFO: ASN WMS-ASN-EXT-00004 Carton CNWH63196: Assigned=Received, Actual=Received, ReceivedQty=10
[2026-04-23 14:12:45] INFO: ASN WMS-ASN-EXT-00004 Carton CNWH63197: Assigned=Received, Actual=Received, ReceivedQty=10
[2026-04-23 14:12:45] INFO: ASN WMS-ASN-EXT-00004 Carton CNWH63198: Assigned=Received, Actual=Received, ReceivedQty=10
[2026-04-23 14:12:45] INFO: ASN WMS-ASN-EXT-00004 Carton CNWH63199: Assigned=Received, Actual=Received, ReceivedQty=10
[2026-04-23 14:12:45] INFO: ASN WMS-ASN-EXT-00004 Carton CNWH63200: Assigned=Received, Actual=Received, ReceivedQty=10
[2026-04-23 14:12:45] INFO: ASN WMS-ASN-EXT-00004 Carton CNWH63266: Assigned=Received, Actual=Received, ReceivedQty=10
[2026-04-23 14:12:45] INFO: ASN WMS-ASN-EXT-00004 Carton CNWH63268: Assigned=Received, Actual=Received, ReceivedQty=10
[2026-04-23 14:12:45] INFO: ASN WMS-ASN-EXT-00004 Carton CNWH63269: Assigned=Received, Actual=Received, ReceivedQty=10
[2026-04-23 14:12:45] INFO: ASN WMS-ASN-EXT-00004 Carton CNWH63270: Assigned=Received, Actual=Received, ReceivedQty=10
[2026-04-23 14:12:45] INFO: ASN WMS-ASN-EXT-00004 Carton CNWH63271: Assigned=Received, Actual=Received, ReceivedQty=10
[2026-04-23 14:12:45] INFO: ASN WMS-ASN-EXT-00004 Carton CNWH63272: Assigned=Received, Actual=Received, ReceivedQty=10
[2026-04-23 14:12:45] INFO: ASN WMS-ASN-EXT-00004 Carton CNWH63275: Assigned=Received, Actual=Received, ReceivedQty=10
[2026-04-23 14:12:45] INFO: ASN WMS-ASN-EXT-00004 Carton CNWH63277: Assigned=Received, Actual=Received, ReceivedQty=10
[2026-04-23 14:12:45] INFO: ASN WMS-ASN-EXT-00004 Carton CNWH63280: Assigned=Received, Actual=Received, ReceivedQty=10
[2026-04-23 14:12:45] INFO: ASN WMS-ASN-EXT-00004 Carton CNWH63282: Assigned=Received, Actual=Received, ReceivedQty=10
[2026-04-23 14:12:45] INFO: ASN WMS-ASN-EXT-00004 Carton CNWH63283: Assigned=Received, Actual=Received, ReceivedQty=10
[2026-04-23 14:12:45] INFO: ASN WMS-ASN-EXT-00004 Carton CNWH63284: Assigned=Received, Actual=Received, ReceivedQty=10
[2026-04-23 14:12:45] INFO: ASN WMS-ASN-EXT-00004 Carton CNWH63285: Assigned=Received, Actual=Received, ReceivedQty=10
[2026-04-23 14:12:45] INFO: ASN WMS-ASN-EXT-00004 Carton CNWH63286: Assigned=Received, Actual=Received, ReceivedQty=10
[2026-04-23 14:12:45] INFO: ASN WMS-ASN-EXT-00004 Carton CNWH63287: Assigned=Received, Actual=Received, ReceivedQty=10
[2026-04-23 14:12:45] INFO: ASN WMS-ASN-EXT-00004 Carton CNWH63288: Assigned=Received, Actual=Received, ReceivedQty=10
[2026-04-23 14:12:45] INFO: ASN WMS-ASN-EXT-00004 Carton CNWH63289: Assigned=Received, Actual=Received, ReceivedQty=10
[2026-04-23 14:12:45] INFO: ASN WMS-ASN-EXT-00004 Carton CNWH63441: Assigned=Received, Actual=Received, ReceivedQty=10
[2026-04-23 14:12:45] INFO: ASN WMS-ASN-EXT-00004 Carton CNWH63442: Assigned=Received, Actual=Received, ReceivedQty=10
[2026-04-23 14:12:45] INFO: ASN WMS-ASN-EXT-00004 Carton CNWH65363: Assigned=Received, Actual=Received, ReceivedQty=10
[2026-04-23 14:12:45] INFO: ASN WMS-ASN-EXT-00004 Carton CNWH63502: Assigned=Received, Actual=Received, ReceivedQty=10
[2026-04-23 14:12:45] INFO: ASN WMS-ASN-EXT-00004 Carton CNWH63502: Assigned=Received, Actual=Received, ReceivedQty=10
[2026-04-23 14:12:45] INFO: ASN WMS-ASN-EXT-00004 Carton CNWH64607: Assigned=Received, Actual=Received, ReceivedQty=10
[2026-04-23 14:12:48] INFO: ErpNextWmsSyncApiService: Fetched 4 item code(s) from ERPNext for ASN WMS-ASN-EXT-00004 (use as filter for PR/received qty).
[2026-04-23 14:12:48] INFO: ErpNextWmsSyncApiService: Pushing ASN received qty for WMS-ASN-EXT-00004, 4 line(s) (aggregated by item). Item codes: [324249:300, 324250:270, 324251:10, 324252:20], to http://printechsdammam.dyndns.org:88/api/method/printechs_wms.api.asn_receiving.update_asn_received_qty
[2026-04-23 14:12:48] INFO: ErpNextWmsSyncApiService: ASN received qty updated successfully.
[2026-04-23 14:12:48] INFO: ErpNextWmsSyncApiService: Fetched 4 item code(s) from ERPNext for ASN WMS-ASN-EXT-00004 (use as filter for PR/received qty).
[2026-04-23 14:12:48] INFO: ErpNextWmsSyncApiService: Creating Purchase Receipt for ASN WMS-ASN-EXT-00004, warehouse Main Warehouse - MAATC, 4 line(s). Item codes: [324249:300, 324250:270, 324251:10, 324252:20]
[2026-04-23 14:12:49] INFO: ErpNextWmsSyncApiService: Create Purchase Receipt succeeded. Purchase Receipt: MAT-PRE-2026-00006
[2026-04-23 14:12:49] INFO: AsnDataService: SetAsnPurchaseReceiptNo saved MAT-PRE-2026-00006 for ASN WMS-ASN-EXT-00004.
[2026-04-23 14:12:49] INFO: ASN ASN-0001 Carton CNWH12858: Assigned=Assigned, Actual=Assigned, ReceivedQty=0
[2026-04-23 14:12:49] INFO: ASN ASN-0001 Carton CNWH12854: Assigned=Assigned, Actual=Assigned, ReceivedQty=0
[2026-04-23 14:12:49] INFO: ASN ASN-0001 Carton CNWH15390: Assigned=Assigned, Actual=Assigned, ReceivedQty=0
[2026-04-23 14:12:49] INFO: ASN ASN-0001 Carton CNWH42441: Assigned=Assigned, Actual=Assigned, ReceivedQty=0
[2026-04-23 14:12:49] INFO: ASN ASN-0001 Carton CNWH64571: Assigned=Assigned, Actual=Assigned, ReceivedQty=0
[2026-04-23 14:12:49] INFO: ASN ASN-0001 Carton CNWH64521: Assigned=Assigned, Actual=Assigned, ReceivedQty=0
[2026-04-23 14:12:49] INFO: ASN ASN-0001 Carton CNWH63561: Assigned=Assigned, Actual=Assigned, ReceivedQty=0
[2026-04-23 14:12:49] INFO: ASN ASN-0001 Carton CNWH63609: Assigned=Assigned, Actual=Assigned, ReceivedQty=0
[2026-04-23 14:12:49] INFO: ASN WMS-ASN-EXT-00004 Carton CNWH63179: Assigned=Received, Actual=Received, ReceivedQty=10
[2026-04-23 14:12:49] INFO: ASN WMS-ASN-EXT-00004 Carton CNWH63180: Assigned=Received, Actual=Received, ReceivedQty=10
[2026-04-23 14:12:49] INFO: ASN WMS-ASN-EXT-00004 Carton CNWH63196: Assigned=Received, Actual=Received, ReceivedQty=10
[2026-04-23 14:12:49] INFO: ASN WMS-ASN-EXT-00004 Carton CNWH63197: Assigned=Received, Actual=Received, ReceivedQty=10
[2026-04-23 14:12:49] INFO: ASN WMS-ASN-EXT-00004 Carton CNWH63198: Assigned=Received, Actual=Received, ReceivedQty=10
[2026-04-23 14:12:49] INFO: ASN WMS-ASN-EXT-00004 Carton CNWH63199: Assigned=Received, Actual=Received, ReceivedQty=10
[2026-04-23 14:12:49] INFO: ASN WMS-ASN-EXT-00004 Carton CNWH63200: Assigned=Received, Actual=Received, ReceivedQty=10
[2026-04-23 14:12:49] INFO: ASN WMS-ASN-EXT-00004 Carton CNWH63266: Assigned=Received, Actual=Received, ReceivedQty=10
[2026-04-23 14:12:49] INFO: ASN WMS-ASN-EXT-00004 Carton CNWH63268: Assigned=Received, Actual=Received, ReceivedQty=10
[2026-04-23 14:12:49] INFO: ASN WMS-ASN-EXT-00004 Carton CNWH63269: Assigned=Received, Actual=Received, ReceivedQty=10
[2026-04-23 14:12:49] INFO: ASN WMS-ASN-EXT-00004 Carton CNWH63270: Assigned=Received, Actual=Received, ReceivedQty=10
[2026-04-23 14:12:49] INFO: ASN WMS-ASN-EXT-00004 Carton CNWH63271: Assigned=Received, Actual=Received, ReceivedQty=10
[2026-04-23 14:12:49] INFO: ASN WMS-ASN-EXT-00004 Carton CNWH63272: Assigned=Received, Actual=Received, ReceivedQty=10
[2026-04-23 14:12:49] INFO: ASN WMS-ASN-EXT-00004 Carton CNWH63275: Assigned=Received, Actual=Received, ReceivedQty=10
[2026-04-23 14:12:49] INFO: ASN WMS-ASN-EXT-00004 Carton CNWH63277: Assigned=Received, Actual=Received, ReceivedQty=10
[2026-04-23 14:12:49] INFO: ASN WMS-ASN-EXT-00004 Carton CNWH63280: Assigned=Received, Actual=Received, ReceivedQty=10
[2026-04-23 14:12:49] INFO: ASN WMS-ASN-EXT-00004 Carton CNWH63282: Assigned=Received, Actual=Received, ReceivedQty=10
[2026-04-23 14:12:49] INFO: ASN WMS-ASN-EXT-00004 Carton CNWH63283: Assigned=Received, Actual=Received, ReceivedQty=10
[2026-04-23 14:12:49] INFO: ASN WMS-ASN-EXT-00004 Carton CNWH63284: Assigned=Received, Actual=Received, ReceivedQty=10
[2026-04-23 14:12:49] INFO: ASN WMS-ASN-EXT-00004 Carton CNWH63285: Assigned=Received, Actual=Received, ReceivedQty=10
[2026-04-23 14:12:49] INFO: ASN WMS-ASN-EXT-00004 Carton CNWH63286: Assigned=Received, Actual=Received, ReceivedQty=10
[2026-04-23 14:12:49] INFO: ASN WMS-ASN-EXT-00004 Carton CNWH63287: Assigned=Received, Actual=Received, ReceivedQty=10
[2026-04-23 14:12:49] INFO: ASN WMS-ASN-EXT-00004 Carton CNWH63288: Assigned=Received, Actual=Received, ReceivedQty=10
[2026-04-23 14:12:49] INFO: ASN WMS-ASN-EXT-00004 Carton CNWH63289: Assigned=Received, Actual=Received, ReceivedQty=10
[2026-04-23 14:12:49] INFO: ASN WMS-ASN-EXT-00004 Carton CNWH63441: Assigned=Received, Actual=Received, ReceivedQty=10
[2026-04-23 14:12:49] INFO: ASN WMS-ASN-EXT-00004 Carton CNWH63442: Assigned=Received, Actual=Received, ReceivedQty=10
[2026-04-23 14:12:49] INFO: ASN WMS-ASN-EXT-00004 Carton CNWH63444: Assigned=Received, Actual=Received, ReceivedQty=10
[2026-04-23 14:12:49] INFO: ASN WMS-ASN-EXT-00004 Carton CNWH63446: Assigned=Received, Actual=Received, ReceivedQty=10
[2026-04-23 14:12:49] INFO: ASN WMS-ASN-EXT-00004 Carton CNWH63448: Assigned=Received, Actual=Received, ReceivedQty=10
[2026-04-23 14:12:49] INFO: ASN WMS-ASN-EXT-00004 Carton CNWH65363: Assigned=Received, Actual=Received, ReceivedQty=10
[2026-04-23 14:12:49] INFO: ASN WMS-ASN-EXT-00004 Carton CNWH63179: Assigned=Received, Actual=Received, ReceivedQty=10
[2026-04-23 14:12:49] INFO: ASN WMS-ASN-EXT-00004 Carton CNWH63180: Assigned=Received, Actual=Received, ReceivedQty=10
[2026-04-23 14:12:49] INFO: ASN WMS-ASN-EXT-00004 Carton CNWH63196: Assigned=Received, Actual=Received, ReceivedQty=10
[2026-04-23 14:12:49] INFO: ASN WMS-ASN-EXT-00004 Carton CNWH63197: Assigned=Received, Actual=Received, ReceivedQty=10
[2026-04-23 14:12:49] INFO: ASN WMS-ASN-EXT-00004 Carton CNWH63198: Assigned=Received, Actual=Received, ReceivedQty=10
[2026-04-23 14:12:49] INFO: ASN WMS-ASN-EXT-00004 Carton CNWH63199: Assigned=Received, Actual=Received, ReceivedQty=10
[2026-04-23 14:12:49] INFO: ASN WMS-ASN-EXT-00004 Carton CNWH63200: Assigned=Received, Actual=Received, ReceivedQty=10
[2026-04-23 14:12:49] INFO: ASN WMS-ASN-EXT-00004 Carton CNWH63266: Assigned=Received, Actual=Received, ReceivedQty=10
[2026-04-23 14:12:49] INFO: ASN WMS-ASN-EXT-00004 Carton CNWH63268: Assigned=Received, Actual=Received, ReceivedQty=10
[2026-04-23 14:12:49] INFO: ASN WMS-ASN-EXT-00004 Carton CNWH63269: Assigned=Received, Actual=Received, ReceivedQty=10
[2026-04-23 14:12:49] INFO: ASN WMS-ASN-EXT-00004 Carton CNWH63270: Assigned=Received, Actual=Received, ReceivedQty=10
[2026-04-23 14:12:49] INFO: ASN WMS-ASN-EXT-00004 Carton CNWH63271: Assigned=Received, Actual=Received, ReceivedQty=10
[2026-04-23 14:12:49] INFO: ASN WMS-ASN-EXT-00004 Carton CNWH63272: Assigned=Received, Actual=Received, ReceivedQty=10
[2026-04-23 14:12:49] INFO: ASN WMS-ASN-EXT-00004 Carton CNWH63275: Assigned=Received, Actual=Received, ReceivedQty=10
[2026-04-23 14:12:49] INFO: ASN WMS-ASN-EXT-00004 Carton CNWH63277: Assigned=Received, Actual=Received, ReceivedQty=10
[2026-04-23 14:12:49] INFO: ASN WMS-ASN-EXT-00004 Carton CNWH63280: Assigned=Received, Actual=Received, ReceivedQty=10
[2026-04-23 14:12:49] INFO: ASN WMS-ASN-EXT-00004 Carton CNWH63282: Assigned=Received, Actual=Received, ReceivedQty=10
[2026-04-23 14:12:49] INFO: ASN WMS-ASN-EXT-00004 Carton CNWH63283: Assigned=Received, Actual=Received, ReceivedQty=10
[2026-04-23 14:12:49] INFO: ASN WMS-ASN-EXT-00004 Carton CNWH63284: Assigned=Received, Actual=Received, ReceivedQty=10
[2026-04-23 14:12:49] INFO: ASN WMS-ASN-EXT-00004 Carton CNWH63285: Assigned=Received, Actual=Received, ReceivedQty=10
[2026-04-23 14:12:49] INFO: ASN WMS-ASN-EXT-00004 Carton CNWH63286: Assigned=Received, Actual=Received, ReceivedQty=10
[2026-04-23 14:12:49] INFO: ASN WMS-ASN-EXT-00004 Carton CNWH63287: Assigned=Received, Actual=Received, ReceivedQty=10
[2026-04-23 14:12:49] INFO: ASN WMS-ASN-EXT-00004 Carton CNWH63288: Assigned=Received, Actual=Received, ReceivedQty=10
[2026-04-23 14:12:49] INFO: ASN WMS-ASN-EXT-00004 Carton CNWH63289: Assigned=Received, Actual=Received, ReceivedQty=10
[2026-04-23 14:12:49] INFO: ASN WMS-ASN-EXT-00004 Carton CNWH63441: Assigned=Received, Actual=Received, ReceivedQty=10
[2026-04-23 14:12:49] INFO: ASN WMS-ASN-EXT-00004 Carton CNWH63442: Assigned=Received, Actual=Received, ReceivedQty=10
[2026-04-23 14:12:49] INFO: ASN WMS-ASN-EXT-00004 Carton CNWH65363: Assigned=Received, Actual=Received, ReceivedQty=10
[2026-04-23 14:12:49] INFO: ASN WMS-ASN-EXT-00004 Carton CNWH63502: Assigned=Received, Actual=Received, ReceivedQty=10
[2026-04-23 14:12:49] INFO: ASN WMS-ASN-EXT-00004 Carton CNWH63502: Assigned=Received, Actual=Received, ReceivedQty=10
[2026-04-23 14:12:49] INFO: ASN WMS-ASN-EXT-00004 Carton CNWH64607: Assigned=Received, Actual=Received, ReceivedQty=10
[2026-04-23 14:12:53] INFO: ASN ASN-0001 Carton CNWH12858: Assigned=Assigned, Actual=Assigned, ReceivedQty=0
[2026-04-23 14:12:53] INFO: ASN ASN-0001 Carton CNWH12854: Assigned=Assigned, Actual=Assigned, ReceivedQty=0
[2026-04-23 14:12:53] INFO: ASN ASN-0001 Carton CNWH15390: Assigned=Assigned, Actual=Assigned, ReceivedQty=0
[2026-04-23 14:12:53] INFO: ASN ASN-0001 Carton CNWH42441: Assigned=Assigned, Actual=Assigned, ReceivedQty=0
[2026-04-23 14:12:53] INFO: ASN ASN-0001 Carton CNWH64571: Assigned=Assigned, Actual=Assigned, ReceivedQty=0
[2026-04-23 14:12:53] INFO: ASN ASN-0001 Carton CNWH64521: Assigned=Assigned, Actual=Assigned, ReceivedQty=0
[2026-04-23 14:12:53] INFO: ASN ASN-0001 Carton CNWH63561: Assigned=Assigned, Actual=Assigned, ReceivedQty=0
[2026-04-23 14:12:53] INFO: ASN ASN-0001 Carton CNWH63609: Assigned=Assigned, Actual=Assigned, ReceivedQty=0
[2026-04-23 14:12:53] INFO: ASN WMS-ASN-EXT-00004 Carton CNWH63179: Assigned=Received, Actual=Received, ReceivedQty=10
[2026-04-23 14:12:53] INFO: ASN WMS-ASN-EXT-00004 Carton CNWH63180: Assigned=Received, Actual=Received, ReceivedQty=10
[2026-04-23 14:12:53] INFO: ASN WMS-ASN-EXT-00004 Carton CNWH63196: Assigned=Received, Actual=Received, ReceivedQty=10
[2026-04-23 14:12:53] INFO: ASN WMS-ASN-EXT-00004 Carton CNWH63197: Assigned=Received, Actual=Received, ReceivedQty=10
[2026-04-23 14:12:53] INFO: ASN WMS-ASN-EXT-00004 Carton CNWH63198: Assigned=Received, Actual=Received, ReceivedQty=10
[2026-04-23 14:12:53] INFO: ASN WMS-ASN-EXT-00004 Carton CNWH63199: Assigned=Received, Actual=Received, ReceivedQty=10
[2026-04-23 14:12:53] INFO: ASN WMS-ASN-EXT-00004 Carton CNWH63200: Assigned=Received, Actual=Received, ReceivedQty=10
[2026-04-23 14:12:53] INFO: ASN WMS-ASN-EXT-00004 Carton CNWH63266: Assigned=Received, Actual=Received, ReceivedQty=10
[2026-04-23 14:12:53] INFO: ASN WMS-ASN-EXT-00004 Carton CNWH63268: Assigned=Received, Actual=Received, ReceivedQty=10
[2026-04-23 14:12:53] INFO: ASN WMS-ASN-EXT-00004 Carton CNWH63269: Assigned=Received, Actual=Received, ReceivedQty=10
[2026-04-23 14:12:53] INFO: ASN WMS-ASN-EXT-00004 Carton CNWH63270: Assigned=Received, Actual=Received, ReceivedQty=10
[2026-04-23 14:12:53] INFO: ASN WMS-ASN-EXT-00004 Carton CNWH63271: Assigned=Received, Actual=Received, ReceivedQty=10
[2026-04-23 14:12:53] INFO: ASN WMS-ASN-EXT-00004 Carton CNWH63272: Assigned=Received, Actual=Received, ReceivedQty=10
[2026-04-23 14:12:53] INFO: ASN WMS-ASN-EXT-00004 Carton CNWH63275: Assigned=Received, Actual=Received, ReceivedQty=10
[2026-04-23 14:12:53] INFO: ASN WMS-ASN-EXT-00004 Carton CNWH63277: Assigned=Received, Actual=Received, ReceivedQty=10
[2026-04-23 14:12:53] INFO: ASN WMS-ASN-EXT-00004 Carton CNWH63280: Assigned=Received, Actual=Received, ReceivedQty=10
[2026-04-23 14:12:53] INFO: ASN WMS-ASN-EXT-00004 Carton CNWH63282: Assigned=Received, Actual=Received, ReceivedQty=10
[2026-04-23 14:12:53] INFO: ASN WMS-ASN-EXT-00004 Carton CNWH63283: Assigned=Received, Actual=Received, ReceivedQty=10
[2026-04-23 14:12:53] INFO: ASN WMS-ASN-EXT-00004 Carton CNWH63284: Assigned=Received, Actual=Received, ReceivedQty=10
[2026-04-23 14:12:53] INFO: ASN WMS-ASN-EXT-00004 Carton CNWH63285: Assigned=Received, Actual=Received, ReceivedQty=10
[2026-04-23 14:12:53] INFO: ASN WMS-ASN-EXT-00004 Carton CNWH63286: Assigned=Received, Actual=Received, ReceivedQty=10
[2026-04-23 14:12:53] INFO: ASN WMS-ASN-EXT-00004 Carton CNWH63287: Assigned=Received, Actual=Received, ReceivedQty=10
[2026-04-23 14:12:53] INFO: ASN WMS-ASN-EXT-00004 Carton CNWH63288: Assigned=Received, Actual=Received, ReceivedQty=10
[2026-04-23 14:12:53] INFO: ASN WMS-ASN-EXT-00004 Carton CNWH63289: Assigned=Received, Actual=Received, ReceivedQty=10
[2026-04-23 14:12:53] INFO: ASN WMS-ASN-EXT-00004 Carton CNWH63441: Assigned=Received, Actual=Received, ReceivedQty=10
[2026-04-23 14:12:53] INFO: ASN WMS-ASN-EXT-00004 Carton CNWH63442: Assigned=Received, Actual=Received, ReceivedQty=10
[2026-04-23 14:12:53] INFO: ASN WMS-ASN-EXT-00004 Carton CNWH63444: Assigned=Received, Actual=Received, ReceivedQty=10
[2026-04-23 14:12:53] INFO: ASN WMS-ASN-EXT-00004 Carton CNWH63446: Assigned=Received, Actual=Received, ReceivedQty=10
[2026-04-23 14:12:53] INFO: ASN WMS-ASN-EXT-00004 Carton CNWH63448: Assigned=Received, Actual=Received, ReceivedQty=10
[2026-04-23 14:12:53] INFO: ASN WMS-ASN-EXT-00004 Carton CNWH65363: Assigned=Received, Actual=Received, ReceivedQty=10
[2026-04-23 14:12:53] INFO: ASN WMS-ASN-EXT-00004 Carton CNWH63179: Assigned=Received, Actual=Received, ReceivedQty=10
[2026-04-23 14:12:53] INFO: ASN WMS-ASN-EXT-00004 Carton CNWH63180: Assigned=Received, Actual=Received, ReceivedQty=10
[2026-04-23 14:12:53] INFO: ASN WMS-ASN-EXT-00004 Carton CNWH63196: Assigned=Received, Actual=Received, ReceivedQty=10
[2026-04-23 14:12:53] INFO: ASN WMS-ASN-EXT-00004 Carton CNWH63197: Assigned=Received, Actual=Received, ReceivedQty=10
[2026-04-23 14:12:53] INFO: ASN WMS-ASN-EXT-00004 Carton CNWH63198: Assigned=Received, Actual=Received, ReceivedQty=10
[2026-04-23 14:12:53] INFO: ASN WMS-ASN-EXT-00004 Carton CNWH63199: Assigned=Received, Actual=Received, ReceivedQty=10
[2026-04-23 14:12:53] INFO: ASN WMS-ASN-EXT-00004 Carton CNWH63200: Assigned=Received, Actual=Received, ReceivedQty=10
[2026-04-23 14:12:53] INFO: ASN WMS-ASN-EXT-00004 Carton CNWH63266: Assigned=Received, Actual=Received, ReceivedQty=10
[2026-04-23 14:12:53] INFO: ASN WMS-ASN-EXT-00004 Carton CNWH63268: Assigned=Received, Actual=Received, ReceivedQty=10
[2026-04-23 14:12:53] INFO: ASN WMS-ASN-EXT-00004 Carton CNWH63269: Assigned=Received, Actual=Received, ReceivedQty=10
[2026-04-23 14:12:53] INFO: ASN WMS-ASN-EXT-00004 Carton CNWH63270: Assigned=Received, Actual=Received, ReceivedQty=10
[2026-04-23 14:12:53] INFO: ASN WMS-ASN-EXT-00004 Carton CNWH63271: Assigned=Received, Actual=Received, ReceivedQty=10
[2026-04-23 14:12:53] INFO: ASN WMS-ASN-EXT-00004 Carton CNWH63272: Assigned=Received, Actual=Received, ReceivedQty=10
[2026-04-23 14:12:53] INFO: ASN WMS-ASN-EXT-00004 Carton CNWH63275: Assigned=Received, Actual=Received, ReceivedQty=10
[2026-04-23 14:12:53] INFO: ASN WMS-ASN-EXT-00004 Carton CNWH63277: Assigned=Received, Actual=Received, ReceivedQty=10
[2026-04-23 14:12:53] INFO: ASN WMS-ASN-EXT-00004 Carton CNWH63280: Assigned=Received, Actual=Received, ReceivedQty=10
[2026-04-23 14:12:53] INFO: ASN WMS-ASN-EXT-00004 Carton CNWH63282: Assigned=Received, Actual=Received, ReceivedQty=10
[2026-04-23 14:12:53] INFO: ASN WMS-ASN-EXT-00004 Carton CNWH63283: Assigned=Received, Actual=Received, ReceivedQty=10
[2026-04-23 14:12:53] INFO: ASN WMS-ASN-EXT-00004 Carton CNWH63284: Assigned=Received, Actual=Received, ReceivedQty=10
[2026-04-23 14:12:53] INFO: ASN WMS-ASN-EXT-00004 Carton CNWH63285: Assigned=Received, Actual=Received, ReceivedQty=10
[2026-04-23 14:12:53] INFO: ASN WMS-ASN-EXT-00004 Carton CNWH63286: Assigned=Received, Actual=Received, ReceivedQty=10
[2026-04-23 14:12:53] INFO: ASN WMS-ASN-EXT-00004 Carton CNWH63287: Assigned=Received, Actual=Received, ReceivedQty=10
[2026-04-23 14:12:53] INFO: ASN WMS-ASN-EXT-00004 Carton CNWH63288: Assigned=Received, Actual=Received, ReceivedQty=10
[2026-04-23 14:12:53] INFO: ASN WMS-ASN-EXT-00004 Carton CNWH63289: Assigned=Received, Actual=Received, ReceivedQty=10
[2026-04-23 14:12:53] INFO: ASN WMS-ASN-EXT-00004 Carton CNWH63441: Assigned=Received, Actual=Received, ReceivedQty=10
[2026-04-23 14:12:53] INFO: ASN WMS-ASN-EXT-00004 Carton CNWH63442: Assigned=Received, Actual=Received, ReceivedQty=10
[2026-04-23 14:12:53] INFO: ASN WMS-ASN-EXT-00004 Carton CNWH65363: Assigned=Received, Actual=Received, ReceivedQty=10
[2026-04-23 14:12:53] INFO: ASN WMS-ASN-EXT-00004 Carton CNWH63502: Assigned=Received, Actual=Received, ReceivedQty=10
[2026-04-23 14:12:53] INFO: ASN WMS-ASN-EXT-00004 Carton CNWH63502: Assigned=Received, Actual=Received, ReceivedQty=10
[2026-04-23 14:12:53] INFO: ASN WMS-ASN-EXT-00004 Carton CNWH64607: Assigned=Received, Actual=Received, ReceivedQty=10
[2026-04-23 14:13:27] INFO: ASN ASN-0001 Carton CNWH12858: Assigned=Assigned, Actual=Assigned, ReceivedQty=0
[2026-04-23 14:13:27] INFO: ASN ASN-0001 Carton CNWH12854: Assigned=Assigned, Actual=Assigned, ReceivedQty=0
[2026-04-23 14:13:27] INFO: ASN ASN-0001 Carton CNWH15390: Assigned=Assigned, Actual=Assigned, ReceivedQty=0
[2026-04-23 14:13:27] INFO: ASN ASN-0001 Carton CNWH42441: Assigned=Assigned, Actual=Assigned, ReceivedQty=0
[2026-04-23 14:13:27] INFO: ASN ASN-0001 Carton CNWH64571: Assigned=Assigned, Actual=Assigned, ReceivedQty=0
[2026-04-23 14:13:27] INFO: ASN ASN-0001 Carton CNWH64521: Assigned=Assigned, Actual=Assigned, ReceivedQty=0
[2026-04-23 14:13:27] INFO: ASN ASN-0001 Carton CNWH63561: Assigned=Assigned, Actual=Assigned, ReceivedQty=0
[2026-04-23 14:13:27] INFO: ASN ASN-0001 Carton CNWH63609: Assigned=Assigned, Actual=Assigned, ReceivedQty=0
[2026-04-23 14:13:27] INFO: ASN WMS-ASN-EXT-00004 Carton CNWH63179: Assigned=Received, Actual=Received, ReceivedQty=10
[2026-04-23 14:13:27] INFO: ASN WMS-ASN-EXT-00004 Carton CNWH63180: Assigned=Received, Actual=Received, ReceivedQty=10
[2026-04-23 14:13:27] INFO: ASN WMS-ASN-EXT-00004 Carton CNWH63196: Assigned=Received, Actual=Received, ReceivedQty=10
[2026-04-23 14:13:27] INFO: ASN WMS-ASN-EXT-00004 Carton CNWH63197: Assigned=Received, Actual=Received, ReceivedQty=10
[2026-04-23 14:13:27] INFO: ASN WMS-ASN-EXT-00004 Carton CNWH63198: Assigned=Received, Actual=Received, ReceivedQty=10
[2026-04-23 14:13:27] INFO: ASN WMS-ASN-EXT-00004 Carton CNWH63199: Assigned=Received, Actual=Received, ReceivedQty=10
[2026-04-23 14:13:27] INFO: ASN WMS-ASN-EXT-00004 Carton CNWH63200: Assigned=Received, Actual=Received, ReceivedQty=10
[2026-04-23 14:13:27] INFO: ASN WMS-ASN-EXT-00004 Carton CNWH63266: Assigned=Received, Actual=Received, ReceivedQty=10
[2026-04-23 14:13:27] INFO: ASN WMS-ASN-EXT-00004 Carton CNWH63268: Assigned=Received, Actual=Received, ReceivedQty=10
[2026-04-23 14:13:27] INFO: ASN WMS-ASN-EXT-00004 Carton CNWH63269: Assigned=Received, Actual=Received, ReceivedQty=10
[2026-04-23 14:13:27] INFO: ASN WMS-ASN-EXT-00004 Carton CNWH63270: Assigned=Received, Actual=Received, ReceivedQty=10
[2026-04-23 14:13:27] INFO: ASN WMS-ASN-EXT-00004 Carton CNWH63271: Assigned=Received, Actual=Received, ReceivedQty=10
[2026-04-23 14:13:27] INFO: ASN WMS-ASN-EXT-00004 Carton CNWH63272: Assigned=Received, Actual=Received, ReceivedQty=10
[2026-04-23 14:13:27] INFO: ASN WMS-ASN-EXT-00004 Carton CNWH63275: Assigned=Received, Actual=Received, ReceivedQty=10
[2026-04-23 14:13:27] INFO: ASN WMS-ASN-EXT-00004 Carton CNWH63277: Assigned=Received, Actual=Received, ReceivedQty=10
[2026-04-23 14:13:27] INFO: ASN WMS-ASN-EXT-00004 Carton CNWH63280: Assigned=Received, Actual=Received, ReceivedQty=10
[2026-04-23 14:13:27] INFO: ASN WMS-ASN-EXT-00004 Carton CNWH63282: Assigned=Received, Actual=Received, ReceivedQty=10
[2026-04-23 14:13:27] INFO: ASN WMS-ASN-EXT-00004 Carton CNWH63283: Assigned=Received, Actual=Received, ReceivedQty=10
[2026-04-23 14:13:27] INFO: ASN WMS-ASN-EXT-00004 Carton CNWH63284: Assigned=Received, Actual=Received, ReceivedQty=10
[2026-04-23 14:13:27] INFO: ASN WMS-ASN-EXT-00004 Carton CNWH63285: Assigned=Received, Actual=Received, ReceivedQty=10
[2026-04-23 14:13:27] INFO: ASN WMS-ASN-EXT-00004 Carton CNWH63286: Assigned=Received, Actual=Received, ReceivedQty=10
[2026-04-23 14:13:27] INFO: ASN WMS-ASN-EXT-00004 Carton CNWH63287: Assigned=Received, Actual=Received, ReceivedQty=10
[2026-04-23 14:13:27] INFO: ASN WMS-ASN-EXT-00004 Carton CNWH63288: Assigned=Received, Actual=Received, ReceivedQty=10
[2026-04-23 14:13:27] INFO: ASN WMS-ASN-EXT-00004 Carton CNWH63289: Assigned=Received, Actual=Received, ReceivedQty=10
[2026-04-23 14:13:27] INFO: ASN WMS-ASN-EXT-00004 Carton CNWH63441: Assigned=Received, Actual=Received, ReceivedQty=10
[2026-04-23 14:13:27] INFO: ASN WMS-ASN-EXT-00004 Carton CNWH63442: Assigned=Received, Actual=Received, ReceivedQty=10
[2026-04-23 14:13:27] INFO: ASN WMS-ASN-EXT-00004 Carton CNWH63444: Assigned=Received, Actual=Received, ReceivedQty=10
[2026-04-23 14:13:27] INFO: ASN WMS-ASN-EXT-00004 Carton CNWH63446: Assigned=Received, Actual=Received, ReceivedQty=10
[2026-04-23 14:13:27] INFO: ASN WMS-ASN-EXT-00004 Carton CNWH63448: Assigned=Received, Actual=Received, ReceivedQty=10
[2026-04-23 14:13:27] INFO: ASN WMS-ASN-EXT-00004 Carton CNWH65363: Assigned=Received, Actual=Received, ReceivedQty=10
[2026-04-23 14:13:27] INFO: ASN WMS-ASN-EXT-00004 Carton CNWH63179: Assigned=Received, Actual=Received, ReceivedQty=10
[2026-04-23 14:13:27] INFO: ASN WMS-ASN-EXT-00004 Carton CNWH63180: Assigned=Received, Actual=Received, ReceivedQty=10
[2026-04-23 14:13:27] INFO: ASN WMS-ASN-EXT-00004 Carton CNWH63196: Assigned=Received, Actual=Received, ReceivedQty=10
[2026-04-23 14:13:27] INFO: ASN WMS-ASN-EXT-00004 Carton CNWH63197: Assigned=Received, Actual=Received, ReceivedQty=10
[2026-04-23 14:13:27] INFO: ASN WMS-ASN-EXT-00004 Carton CNWH63198: Assigned=Received, Actual=Received, ReceivedQty=10
[2026-04-23 14:13:27] INFO: ASN WMS-ASN-EXT-00004 Carton CNWH63199: Assigned=Received, Actual=Received, ReceivedQty=10
[2026-04-23 14:13:27] INFO: ASN WMS-ASN-EXT-00004 Carton CNWH63200: Assigned=Received, Actual=Received, ReceivedQty=10
[2026-04-23 14:13:27] INFO: ASN WMS-ASN-EXT-00004 Carton CNWH63266: Assigned=Received, Actual=Received, ReceivedQty=10
[2026-04-23 14:13:27] INFO: ASN WMS-ASN-EXT-00004 Carton CNWH63268: Assigned=Received, Actual=Received, ReceivedQty=10
[2026-04-23 14:13:27] INFO: ASN WMS-ASN-EXT-00004 Carton CNWH63269: Assigned=Received, Actual=Received, ReceivedQty=10
[2026-04-23 14:13:27] INFO: ASN WMS-ASN-EXT-00004 Carton CNWH63270: Assigned=Received, Actual=Received, ReceivedQty=10
[2026-04-23 14:13:27] INFO: ASN WMS-ASN-EXT-00004 Carton CNWH63271: Assigned=Received, Actual=Received, ReceivedQty=10
[2026-04-23 14:13:27] INFO: ASN WMS-ASN-EXT-00004 Carton CNWH63272: Assigned=Received, Actual=Received, ReceivedQty=10
[2026-04-23 14:13:27] INFO: ASN WMS-ASN-EXT-00004 Carton CNWH63275: Assigned=Received, Actual=Received, ReceivedQty=10
[2026-04-23 14:13:27] INFO: ASN WMS-ASN-EXT-00004 Carton CNWH63277: Assigned=Received, Actual=Received, ReceivedQty=10
[2026-04-23 14:13:27] INFO: ASN WMS-ASN-EXT-00004 Carton CNWH63280: Assigned=Received, Actual=Received, ReceivedQty=10
[2026-04-23 14:13:27] INFO: ASN WMS-ASN-EXT-00004 Carton CNWH63282: Assigned=Received, Actual=Received, ReceivedQty=10
[2026-04-23 14:13:27] INFO: ASN WMS-ASN-EXT-00004 Carton CNWH63283: Assigned=Received, Actual=Received, ReceivedQty=10
[2026-04-23 14:13:27] INFO: ASN WMS-ASN-EXT-00004 Carton CNWH63284: Assigned=Received, Actual=Received, ReceivedQty=10
[2026-04-23 14:13:27] INFO: ASN WMS-ASN-EXT-00004 Carton CNWH63285: Assigned=Received, Actual=Received, ReceivedQty=10
[2026-04-23 14:13:27] INFO: ASN WMS-ASN-EXT-00004 Carton CNWH63286: Assigned=Received, Actual=Received, ReceivedQty=10
[2026-04-23 14:13:27] INFO: ASN WMS-ASN-EXT-00004 Carton CNWH63287: Assigned=Received, Actual=Received, ReceivedQty=10
[2026-04-23 14:13:27] INFO: ASN WMS-ASN-EXT-00004 Carton CNWH63288: Assigned=Received, Actual=Received, ReceivedQty=10
[2026-04-23 14:13:27] INFO: ASN WMS-ASN-EXT-00004 Carton CNWH63289: Assigned=Received, Actual=Received, ReceivedQty=10
[2026-04-23 14:13:27] INFO: ASN WMS-ASN-EXT-00004 Carton CNWH63441: Assigned=Received, Actual=Received, ReceivedQty=10
[2026-04-23 14:13:27] INFO: ASN WMS-ASN-EXT-00004 Carton CNWH63442: Assigned=Received, Actual=Received, ReceivedQty=10
[2026-04-23 14:13:27] INFO: ASN WMS-ASN-EXT-00004 Carton CNWH65363: Assigned=Received, Actual=Received, ReceivedQty=10
[2026-04-23 14:13:27] INFO: ASN WMS-ASN-EXT-00004 Carton CNWH63502: Assigned=Received, Actual=Received, ReceivedQty=10
[2026-04-23 14:13:27] INFO: ASN WMS-ASN-EXT-00004 Carton CNWH63502: Assigned=Received, Actual=Received, ReceivedQty=10
[2026-04-23 14:13:27] INFO: ASN WMS-ASN-EXT-00004 Carton CNWH64607: Assigned=Received, Actual=Received, ReceivedQty=10
[2026-04-23 14:13:39] INFO: ErpNextWmsSyncApiService: Fetched 4 item code(s) from ERPNext for ASN WMS-ASN-EXT-00004 (use as filter for PR/received qty).
[2026-04-23 14:13:39] INFO: ErpNextWmsSyncApiService: Pushing ASN received qty for WMS-ASN-EXT-00004, 4 line(s) (aggregated by item). Item codes: [324249:300, 324250:270, 324251:10, 324252:20], to http://printechsdammam.dyndns.org:88/api/method/printechs_wms.api.asn_receiving.update_asn_received_qty
[2026-04-23 14:13:39] INFO: ErpNextWmsSyncApiService: ASN received qty updated successfully.
[2026-04-23 14:13:39] INFO: ErpNextWmsSyncApiService: Fetched 4 item code(s) from ERPNext for ASN WMS-ASN-EXT-00004 (use as filter for PR/received qty).
[2026-04-23 14:13:39] INFO: ErpNextWmsSyncApiService: Creating Purchase Receipt for ASN WMS-ASN-EXT-00004, warehouse Main Warehouse - MAATC, 4 line(s). Item codes: [324249:300, 324250:270, 324251:10, 324252:20]
[2026-04-23 14:13:39] INFO: ErpNextWmsSyncApiService: Create Purchase Receipt succeeded. Purchase Receipt: MAT-PRE-2026-00006
[2026-04-23 14:13:39] INFO: AsnDataService: SetAsnPurchaseReceiptNo saved MAT-PRE-2026-00006 for ASN WMS-ASN-EXT-00004.
[2026-04-23 14:13:39] INFO: ASN ASN-0001 Carton CNWH12858: Assigned=Assigned, Actual=Assigned, ReceivedQty=0
[2026-04-23 14:13:39] INFO: ASN ASN-0001 Carton CNWH12854: Assigned=Assigned, Actual=Assigned, ReceivedQty=0
[2026-04-23 14:13:39] INFO: ASN ASN-0001 Carton CNWH15390: Assigned=Assigned, Actual=Assigned, ReceivedQty=0
[2026-04-23 14:13:39] INFO: ASN ASN-0001 Carton CNWH42441: Assigned=Assigned, Actual=Assigned, ReceivedQty=0
[2026-04-23 14:13:39] INFO: ASN ASN-0001 Carton CNWH64571: Assigned=Assigned, Actual=Assigned, ReceivedQty=0
[2026-04-23 14:13:39] INFO: ASN ASN-0001 Carton CNWH64521: Assigned=Assigned, Actual=Assigned, ReceivedQty=0
[2026-04-23 14:13:39] INFO: ASN ASN-0001 Carton CNWH63561: Assigned=Assigned, Actual=Assigned, ReceivedQty=0
[2026-04-23 14:13:39] INFO: ASN ASN-0001 Carton CNWH63609: Assigned=Assigned, Actual=Assigned, ReceivedQty=0
[2026-04-23 14:13:39] INFO: ASN WMS-ASN-EXT-00004 Carton CNWH63179: Assigned=Received, Actual=Received, ReceivedQty=10
[2026-04-23 14:13:39] INFO: ASN WMS-ASN-EXT-00004 Carton CNWH63180: Assigned=Received, Actual=Received, ReceivedQty=10
[2026-04-23 14:13:39] INFO: ASN WMS-ASN-EXT-00004 Carton CNWH63196: Assigned=Received, Actual=Received, ReceivedQty=10
[2026-04-23 14:13:39] INFO: ASN WMS-ASN-EXT-00004 Carton CNWH63197: Assigned=Received, Actual=Received, ReceivedQty=10
[2026-04-23 14:13:39] INFO: ASN WMS-ASN-EXT-00004 Carton CNWH63198: Assigned=Received, Actual=Received, ReceivedQty=10
[2026-04-23 14:13:39] INFO: ASN WMS-ASN-EXT-00004 Carton CNWH63199: Assigned=Received, Actual=Received, ReceivedQty=10
[2026-04-23 14:13:39] INFO: ASN WMS-ASN-EXT-00004 Carton CNWH63200: Assigned=Received, Actual=Received, ReceivedQty=10
[2026-04-23 14:13:39] INFO: ASN WMS-ASN-EXT-00004 Carton CNWH63266: Assigned=Received, Actual=Received, ReceivedQty=10
[2026-04-23 14:13:39] INFO: ASN WMS-ASN-EXT-00004 Carton CNWH63268: Assigned=Received, Actual=Received, ReceivedQty=10
[2026-04-23 14:13:39] INFO: ASN WMS-ASN-EXT-00004 Carton CNWH63269: Assigned=Received, Actual=Received, ReceivedQty=10
[2026-04-23 14:13:39] INFO: ASN WMS-ASN-EXT-00004 Carton CNWH63270: Assigned=Received, Actual=Received, ReceivedQty=10
[2026-04-23 14:13:39] INFO: ASN WMS-ASN-EXT-00004 Carton CNWH63271: Assigned=Received, Actual=Received, ReceivedQty=10
[2026-04-23 14:13:39] INFO: ASN WMS-ASN-EXT-00004 Carton CNWH63272: Assigned=Received, Actual=Received, ReceivedQty=10
[2026-04-23 14:13:39] INFO: ASN WMS-ASN-EXT-00004 Carton CNWH63275: Assigned=Received, Actual=Received, ReceivedQty=10
[2026-04-23 14:13:39] INFO: ASN WMS-ASN-EXT-00004 Carton CNWH63277: Assigned=Received, Actual=Received, ReceivedQty=10
[2026-04-23 14:13:39] INFO: ASN WMS-ASN-EXT-00004 Carton CNWH63280: Assigned=Received, Actual=Received, ReceivedQty=10
[2026-04-23 14:13:39] INFO: ASN WMS-ASN-EXT-00004 Carton CNWH63282: Assigned=Received, Actual=Received, ReceivedQty=10
[2026-04-23 14:13:39] INFO: ASN WMS-ASN-EXT-00004 Carton CNWH63283: Assigned=Received, Actual=Received, ReceivedQty=10
[2026-04-23 14:13:39] INFO: ASN WMS-ASN-EXT-00004 Carton CNWH63284: Assigned=Received, Actual=Received, ReceivedQty=10
[2026-04-23 14:13:39] INFO: ASN WMS-ASN-EXT-00004 Carton CNWH63285: Assigned=Received, Actual=Received, ReceivedQty=10
[2026-04-23 14:13:39] INFO: ASN WMS-ASN-EXT-00004 Carton CNWH63286: Assigned=Received, Actual=Received, ReceivedQty=10
[2026-04-23 14:13:39] INFO: ASN WMS-ASN-EXT-00004 Carton CNWH63287: Assigned=Received, Actual=Received, ReceivedQty=10
[2026-04-23 14:13:39] INFO: ASN WMS-ASN-EXT-00004 Carton CNWH63288: Assigned=Received, Actual=Received, ReceivedQty=10
[2026-04-23 14:13:39] INFO: ASN WMS-ASN-EXT-00004 Carton CNWH63289: Assigned=Received, Actual=Received, ReceivedQty=10
[2026-04-23 14:13:39] INFO: ASN WMS-ASN-EXT-00004 Carton CNWH63441: Assigned=Received, Actual=Received, ReceivedQty=10
[2026-04-23 14:13:39] INFO: ASN WMS-ASN-EXT-00004 Carton CNWH63442: Assigned=Received, Actual=Received, ReceivedQty=10
[2026-04-23 14:13:39] INFO: ASN WMS-ASN-EXT-00004 Carton CNWH63444: Assigned=Received, Actual=Received, ReceivedQty=10
[2026-04-23 14:13:39] INFO: ASN WMS-ASN-EXT-00004 Carton CNWH63446: Assigned=Received, Actual=Received, ReceivedQty=10
[2026-04-23 14:13:39] INFO: ASN WMS-ASN-EXT-00004 Carton CNWH63448: Assigned=Received, Actual=Received, ReceivedQty=10
[2026-04-23 14:13:39] INFO: ASN WMS-ASN-EXT-00004 Carton CNWH65363: Assigned=Received, Actual=Received, ReceivedQty=10
[2026-04-23 14:13:39] INFO: ASN WMS-ASN-EXT-00004 Carton CNWH63179: Assigned=Received, Actual=Received, ReceivedQty=10
[2026-04-23 14:13:39] INFO: ASN WMS-ASN-EXT-00004 Carton CNWH63180: Assigned=Received, Actual=Received, ReceivedQty=10
[2026-04-23 14:13:39] INFO: ASN WMS-ASN-EXT-00004 Carton CNWH63196: Assigned=Received, Actual=Received, ReceivedQty=10
[2026-04-23 14:13:39] INFO: ASN WMS-ASN-EXT-00004 Carton CNWH63197: Assigned=Received, Actual=Received, ReceivedQty=10
[2026-04-23 14:13:39] INFO: ASN WMS-ASN-EXT-00004 Carton CNWH63198: Assigned=Received, Actual=Received, ReceivedQty=10
[2026-04-23 14:13:39] INFO: ASN WMS-ASN-EXT-00004 Carton CNWH63199: Assigned=Received, Actual=Received, ReceivedQty=10
[2026-04-23 14:13:39] INFO: ASN WMS-ASN-EXT-00004 Carton CNWH63200: Assigned=Received, Actual=Received, ReceivedQty=10
[2026-04-23 14:13:39] INFO: ASN WMS-ASN-EXT-00004 Carton CNWH63266: Assigned=Received, Actual=Received, ReceivedQty=10
[2026-04-23 14:13:39] INFO: ASN WMS-ASN-EXT-00004 Carton CNWH63268: Assigned=Received, Actual=Received, ReceivedQty=10
[2026-04-23 14:13:39] INFO: ASN WMS-ASN-EXT-00004 Carton CNWH63269: Assigned=Received, Actual=Received, ReceivedQty=10
[2026-04-23 14:13:39] INFO: ASN WMS-ASN-EXT-00004 Carton CNWH63270: Assigned=Received, Actual=Received, ReceivedQty=10
[2026-04-23 14:13:39] INFO: ASN WMS-ASN-EXT-00004 Carton CNWH63271: Assigned=Received, Actual=Received, ReceivedQty=10
[2026-04-23 14:13:39] INFO: ASN WMS-ASN-EXT-00004 Carton CNWH63272: Assigned=Received, Actual=Received, ReceivedQty=10
[2026-04-23 14:13:39] INFO: ASN WMS-ASN-EXT-00004 Carton CNWH63275: Assigned=Received, Actual=Received, ReceivedQty=10
[2026-04-23 14:13:39] INFO: ASN WMS-ASN-EXT-00004 Carton CNWH63277: Assigned=Received, Actual=Received, ReceivedQty=10
[2026-04-23 14:13:39] INFO: ASN WMS-ASN-EXT-00004 Carton CNWH63280: Assigned=Received, Actual=Received, ReceivedQty=10
[2026-04-23 14:13:39] INFO: ASN WMS-ASN-EXT-00004 Carton CNWH63282: Assigned=Received, Actual=Received, ReceivedQty=10
[2026-04-23 14:13:39] INFO: ASN WMS-ASN-EXT-00004 Carton CNWH63283: Assigned=Received, Actual=Received, ReceivedQty=10
[2026-04-23 14:13:39] INFO: ASN WMS-ASN-EXT-00004 Carton CNWH63284: Assigned=Received, Actual=Received, ReceivedQty=10
[2026-04-23 14:13:39] INFO: ASN WMS-ASN-EXT-00004 Carton CNWH63285: Assigned=Received, Actual=Received, ReceivedQty=10
[2026-04-23 14:13:39] INFO: ASN WMS-ASN-EXT-00004 Carton CNWH63286: Assigned=Received, Actual=Received, ReceivedQty=10
[2026-04-23 14:13:39] INFO: ASN WMS-ASN-EXT-00004 Carton CNWH63287: Assigned=Received, Actual=Received, ReceivedQty=10
[2026-04-23 14:13:39] INFO: ASN WMS-ASN-EXT-00004 Carton CNWH63288: Assigned=Received, Actual=Received, ReceivedQty=10
[2026-04-23 14:13:39] INFO: ASN WMS-ASN-EXT-00004 Carton CNWH63289: Assigned=Received, Actual=Received, ReceivedQty=10
[2026-04-23 14:13:39] INFO: ASN WMS-ASN-EXT-00004 Carton CNWH63441: Assigned=Received, Actual=Received, ReceivedQty=10
[2026-04-23 14:13:39] INFO: ASN WMS-ASN-EXT-00004 Carton CNWH63442: Assigned=Received, Actual=Received, ReceivedQty=10
[2026-04-23 14:13:39] INFO: ASN WMS-ASN-EXT-00004 Carton CNWH65363: Assigned=Received, Actual=Received, ReceivedQty=10
[2026-04-23 14:13:39] INFO: ASN WMS-ASN-EXT-00004 Carton CNWH63502: Assigned=Received, Actual=Received, ReceivedQty=10
[2026-04-23 14:13:39] INFO: ASN WMS-ASN-EXT-00004 Carton CNWH63502: Assigned=Received, Actual=Received, ReceivedQty=10
[2026-04-23 14:13:39] INFO: ASN WMS-ASN-EXT-00004 Carton CNWH64607: Assigned=Received, Actual=Received, ReceivedQty=10
[2026-04-23 14:14:00] INFO: ASN ASN-0001 Carton CNWH12858: Assigned=Assigned, Actual=Assigned, ReceivedQty=0
[2026-04-23 14:14:00] INFO: ASN ASN-0001 Carton CNWH12854: Assigned=Assigned, Actual=Assigned, ReceivedQty=0
[2026-04-23 14:14:00] INFO: ASN ASN-0001 Carton CNWH15390: Assigned=Assigned, Actual=Assigned, ReceivedQty=0
[2026-04-23 14:14:00] INFO: ASN ASN-0001 Carton CNWH42441: Assigned=Assigned, Actual=Assigned, ReceivedQty=0
[2026-04-23 14:14:00] INFO: ASN ASN-0001 Carton CNWH64571: Assigned=Assigned, Actual=Assigned, ReceivedQty=0
[2026-04-23 14:14:00] INFO: ASN ASN-0001 Carton CNWH64521: Assigned=Assigned, Actual=Assigned, ReceivedQty=0
[2026-04-23 14:14:00] INFO: ASN ASN-0001 Carton CNWH63561: Assigned=Assigned, Actual=Assigned, ReceivedQty=0
[2026-04-23 14:14:00] INFO: ASN ASN-0001 Carton CNWH63609: Assigned=Assigned, Actual=Assigned, ReceivedQty=0
[2026-04-23 14:14:00] INFO: ASN WMS-ASN-EXT-00004 Carton CNWH63179: Assigned=Received, Actual=Received, ReceivedQty=10
[2026-04-23 14:14:00] INFO: ASN WMS-ASN-EXT-00004 Carton CNWH63180: Assigned=Received, Actual=Received, ReceivedQty=10
[2026-04-23 14:14:00] INFO: ASN WMS-ASN-EXT-00004 Carton CNWH63196: Assigned=Received, Actual=Received, ReceivedQty=10
[2026-04-23 14:14:00] INFO: ASN WMS-ASN-EXT-00004 Carton CNWH63197: Assigned=Received, Actual=Received, ReceivedQty=10
[2026-04-23 14:14:00] INFO: ASN WMS-ASN-EXT-00004 Carton CNWH63198: Assigned=Received, Actual=Received, ReceivedQty=10
[2026-04-23 14:14:00] INFO: ASN WMS-ASN-EXT-00004 Carton CNWH63199: Assigned=Received, Actual=Received, ReceivedQty=10
[2026-04-23 14:14:00] INFO: ASN WMS-ASN-EXT-00004 Carton CNWH63200: Assigned=Received, Actual=Received, ReceivedQty=10
[2026-04-23 14:14:00] INFO: ASN WMS-ASN-EXT-00004 Carton CNWH63266: Assigned=Received, Actual=Received, ReceivedQty=10
[2026-04-23 14:14:00] INFO: ASN WMS-ASN-EXT-00004 Carton CNWH63268: Assigned=Received, Actual=Received, ReceivedQty=10
[2026-04-23 14:14:00] INFO: ASN WMS-ASN-EXT-00004 Carton CNWH63269: Assigned=Received, Actual=Received, ReceivedQty=10
[2026-04-23 14:14:00] INFO: ASN WMS-ASN-EXT-00004 Carton CNWH63270: Assigned=Received, Actual=Received, ReceivedQty=10
[2026-04-23 14:14:00] INFO: ASN WMS-ASN-EXT-00004 Carton CNWH63271: Assigned=Received, Actual=Received, ReceivedQty=10
[2026-04-23 14:14:00] INFO: ASN WMS-ASN-EXT-00004 Carton CNWH63272: Assigned=Received, Actual=Received, ReceivedQty=10
[2026-04-23 14:14:00] INFO: ASN WMS-ASN-EXT-00004 Carton CNWH63275: Assigned=Received, Actual=Received, ReceivedQty=10
[2026-04-23 14:14:00] INFO: ASN WMS-ASN-EXT-00004 Carton CNWH63277: Assigned=Received, Actual=Received, ReceivedQty=10
[2026-04-23 14:14:00] INFO: ASN WMS-ASN-EXT-00004 Carton CNWH63280: Assigned=Received, Actual=Received, ReceivedQty=10
[2026-04-23 14:14:00] INFO: ASN WMS-ASN-EXT-00004 Carton CNWH63282: Assigned=Received, Actual=Received, ReceivedQty=10
[2026-04-23 14:14:00] INFO: ASN WMS-ASN-EXT-00004 Carton CNWH63283: Assigned=Received, Actual=Received, ReceivedQty=10
[2026-04-23 14:14:00] INFO: ASN WMS-ASN-EXT-00004 Carton CNWH63284: Assigned=Received, Actual=Received, ReceivedQty=10
[2026-04-23 14:14:00] INFO: ASN WMS-ASN-EXT-00004 Carton CNWH63285: Assigned=Received, Actual=Received, ReceivedQty=10
[2026-04-23 14:14:00] INFO: ASN WMS-ASN-EXT-00004 Carton CNWH63286: Assigned=Received, Actual=Received, ReceivedQty=10
[2026-04-23 14:14:00] INFO: ASN WMS-ASN-EXT-00004 Carton CNWH63287: Assigned=Received, Actual=Received, ReceivedQty=10
[2026-04-23 14:14:00] INFO: ASN WMS-ASN-EXT-00004 Carton CNWH63288: Assigned=Received, Actual=Received, ReceivedQty=10
[2026-04-23 14:14:00] INFO: ASN WMS-ASN-EXT-00004 Carton CNWH63289: Assigned=Received, Actual=Received, ReceivedQty=10
[2026-04-23 14:14:00] INFO: ASN WMS-ASN-EXT-00004 Carton CNWH63441: Assigned=Received, Actual=Received, ReceivedQty=10
[2026-04-23 14:14:00] INFO: ASN WMS-ASN-EXT-00004 Carton CNWH63442: Assigned=Received, Actual=Received, ReceivedQty=10
[2026-04-23 14:14:00] INFO: ASN WMS-ASN-EXT-00004 Carton CNWH63444: Assigned=Received, Actual=Received, ReceivedQty=10
[2026-04-23 14:14:00] INFO: ASN WMS-ASN-EXT-00004 Carton CNWH63446: Assigned=Received, Actual=Received, ReceivedQty=10
[2026-04-23 14:14:00] INFO: ASN WMS-ASN-EXT-00004 Carton CNWH63448: Assigned=Received, Actual=Received, ReceivedQty=10
[2026-04-23 14:14:00] INFO: ASN WMS-ASN-EXT-00004 Carton CNWH65363: Assigned=Received, Actual=Received, ReceivedQty=10
[2026-04-23 14:14:00] INFO: ASN WMS-ASN-EXT-00004 Carton CNWH63179: Assigned=Received, Actual=Received, ReceivedQty=10
[2026-04-23 14:14:00] INFO: ASN WMS-ASN-EXT-00004 Carton CNWH63180: Assigned=Received, Actual=Received, ReceivedQty=10
[2026-04-23 14:14:00] INFO: ASN WMS-ASN-EXT-00004 Carton CNWH63196: Assigned=Received, Actual=Received, ReceivedQty=10
[2026-04-23 14:14:00] INFO: ASN WMS-ASN-EXT-00004 Carton CNWH63197: Assigned=Received, Actual=Received, ReceivedQty=10
[2026-04-23 14:14:00] INFO: ASN WMS-ASN-EXT-00004 Carton CNWH63198: Assigned=Received, Actual=Received, ReceivedQty=10
[2026-04-23 14:14:00] INFO: ASN WMS-ASN-EXT-00004 Carton CNWH63199: Assigned=Received, Actual=Received, ReceivedQty=10
[2026-04-23 14:14:00] INFO: ASN WMS-ASN-EXT-00004 Carton CNWH63200: Assigned=Received, Actual=Received, ReceivedQty=10
[2026-04-23 14:14:00] INFO: ASN WMS-ASN-EXT-00004 Carton CNWH63266: Assigned=Received, Actual=Received, ReceivedQty=10
[2026-04-23 14:14:00] INFO: ASN WMS-ASN-EXT-00004 Carton CNWH63268: Assigned=Received, Actual=Received, ReceivedQty=10
[2026-04-23 14:14:00] INFO: ASN WMS-ASN-EXT-00004 Carton CNWH63269: Assigned=Received, Actual=Received, ReceivedQty=10
[2026-04-23 14:14:00] INFO: ASN WMS-ASN-EXT-00004 Carton CNWH63270: Assigned=Received, Actual=Received, ReceivedQty=10
[2026-04-23 14:14:00] INFO: ASN WMS-ASN-EXT-00004 Carton CNWH63271: Assigned=Received, Actual=Received, ReceivedQty=10
[2026-04-23 14:14:00] INFO: ASN WMS-ASN-EXT-00004 Carton CNWH63272: Assigned=Received, Actual=Received, ReceivedQty=10
[2026-04-23 14:14:00] INFO: ASN WMS-ASN-EXT-00004 Carton CNWH63275: Assigned=Received, Actual=Received, ReceivedQty=10
[2026-04-23 14:14:00] INFO: ASN WMS-ASN-EXT-00004 Carton CNWH63277: Assigned=Received, Actual=Received, ReceivedQty=10
[2026-04-23 14:14:00] INFO: ASN WMS-ASN-EXT-00004 Carton CNWH63280: Assigned=Received, Actual=Received, ReceivedQty=10
[2026-04-23 14:14:00] INFO: ASN WMS-ASN-EXT-00004 Carton CNWH63282: Assigned=Received, Actual=Received, ReceivedQty=10
[2026-04-23 14:14:00] INFO: ASN WMS-ASN-EXT-00004 Carton CNWH63283: Assigned=Received, Actual=Received, ReceivedQty=10
[2026-04-23 14:14:00] INFO: ASN WMS-ASN-EXT-00004 Carton CNWH63284: Assigned=Received, Actual=Received, ReceivedQty=10
[2026-04-23 14:14:00] INFO: ASN WMS-ASN-EXT-00004 Carton CNWH63285: Assigned=Received, Actual=Received, ReceivedQty=10
[2026-04-23 14:14:00] INFO: ASN WMS-ASN-EXT-00004 Carton CNWH63286: Assigned=Received, Actual=Received, ReceivedQty=10
[2026-04-23 14:14:00] INFO: ASN WMS-ASN-EXT-00004 Carton CNWH63287: Assigned=Received, Actual=Received, ReceivedQty=10
[2026-04-23 14:14:00] INFO: ASN WMS-ASN-EXT-00004 Carton CNWH63288: Assigned=Received, Actual=Received, ReceivedQty=10
[2026-04-23 14:14:00] INFO: ASN WMS-ASN-EXT-00004 Carton CNWH63289: Assigned=Received, Actual=Received, ReceivedQty=10
[2026-04-23 14:14:00] INFO: ASN WMS-ASN-EXT-00004 Carton CNWH63441: Assigned=Received, Actual=Received, ReceivedQty=10
[2026-04-23 14:14:00] INFO: ASN WMS-ASN-EXT-00004 Carton CNWH63442: Assigned=Received, Actual=Received, ReceivedQty=10
[2026-04-23 14:14:00] INFO: ASN WMS-ASN-EXT-00004 Carton CNWH65363: Assigned=Received, Actual=Received, ReceivedQty=10
[2026-04-23 14:14:00] INFO: ASN WMS-ASN-EXT-00004 Carton CNWH63502: Assigned=Received, Actual=Received, ReceivedQty=10
[2026-04-23 14:14:00] INFO: ASN WMS-ASN-EXT-00004 Carton CNWH63502: Assigned=Received, Actual=Received, ReceivedQty=10
[2026-04-23 14:14:00] INFO: ASN WMS-ASN-EXT-00004 Carton CNWH64607: Assigned=Received, Actual=Received, ReceivedQty=10
[2026-04-23 14:14:01] INFO: ASN ASN-0001 Carton CNWH12858: Assigned=Assigned, Actual=Assigned, ReceivedQty=0
[2026-04-23 14:14:01] INFO: ASN ASN-0001 Carton CNWH12854: Assigned=Assigned, Actual=Assigned, ReceivedQty=0
[2026-04-23 14:14:01] INFO: ASN ASN-0001 Carton CNWH15390: Assigned=Assigned, Actual=Assigned, ReceivedQty=0
[2026-04-23 14:14:01] INFO: ASN ASN-0001 Carton CNWH42441: Assigned=Assigned, Actual=Assigned, ReceivedQty=0
[2026-04-23 14:14:01] INFO: ASN ASN-0001 Carton CNWH64571: Assigned=Assigned, Actual=Assigned, ReceivedQty=0
[2026-04-23 14:14:01] INFO: ASN ASN-0001 Carton CNWH64521: Assigned=Assigned, Actual=Assigned, ReceivedQty=0
[2026-04-23 14:14:01] INFO: ASN ASN-0001 Carton CNWH63561: Assigned=Assigned, Actual=Assigned, ReceivedQty=0
[2026-04-23 14:14:01] INFO: ASN ASN-0001 Carton CNWH63609: Assigned=Assigned, Actual=Assigned, ReceivedQty=0
[2026-04-23 14:14:01] INFO: ASN WMS-ASN-EXT-00004 Carton CNWH63179: Assigned=Received, Actual=Received, ReceivedQty=10
[2026-04-23 14:14:01] INFO: ASN WMS-ASN-EXT-00004 Carton CNWH63180: Assigned=Received, Actual=Received, ReceivedQty=10
[2026-04-23 14:14:01] INFO: ASN WMS-ASN-EXT-00004 Carton CNWH63196: Assigned=Received, Actual=Received, ReceivedQty=10
[2026-04-23 14:14:01] INFO: ASN WMS-ASN-EXT-00004 Carton CNWH63197: Assigned=Received, Actual=Received, ReceivedQty=10
[2026-04-23 14:14:01] INFO: ASN WMS-ASN-EXT-00004 Carton CNWH63198: Assigned=Received, Actual=Received, ReceivedQty=10
[2026-04-23 14:14:01] INFO: ASN WMS-ASN-EXT-00004 Carton CNWH63199: Assigned=Received, Actual=Received, ReceivedQty=10
[2026-04-23 14:14:01] INFO: ASN WMS-ASN-EXT-00004 Carton CNWH63200: Assigned=Received, Actual=Received, ReceivedQty=10
[2026-04-23 14:14:01] INFO: ASN WMS-ASN-EXT-00004 Carton CNWH63266: Assigned=Received, Actual=Received, ReceivedQty=10
[2026-04-23 14:14:01] INFO: ASN WMS-ASN-EXT-00004 Carton CNWH63268: Assigned=Received, Actual=Received, ReceivedQty=10
[2026-04-23 14:14:01] INFO: ASN WMS-ASN-EXT-00004 Carton CNWH63269: Assigned=Received, Actual=Received, ReceivedQty=10
[2026-04-23 14:14:01] INFO: ASN WMS-ASN-EXT-00004 Carton CNWH63270: Assigned=Received, Actual=Received, ReceivedQty=10
[2026-04-23 14:14:01] INFO: ASN WMS-ASN-EXT-00004 Carton CNWH63271: Assigned=Received, Actual=Received, ReceivedQty=10
[2026-04-23 14:14:01] INFO: ASN WMS-ASN-EXT-00004 Carton CNWH63272: Assigned=Received, Actual=Received, ReceivedQty=10
[2026-04-23 14:14:01] INFO: ASN WMS-ASN-EXT-00004 Carton CNWH63275: Assigned=Received, Actual=Received, ReceivedQty=10
[2026-04-23 14:14:01] INFO: ASN WMS-ASN-EXT-00004 Carton CNWH63277: Assigned=Received, Actual=Received, ReceivedQty=10
[2026-04-23 14:14:01] INFO: ASN WMS-ASN-EXT-00004 Carton CNWH63280: Assigned=Received, Actual=Received, ReceivedQty=10
[2026-04-23 14:14:01] INFO: ASN WMS-ASN-EXT-00004 Carton CNWH63282: Assigned=Received, Actual=Received, ReceivedQty=10
[2026-04-23 14:14:01] INFO: ASN WMS-ASN-EXT-00004 Carton CNWH63283: Assigned=Received, Actual=Received, ReceivedQty=10
[2026-04-23 14:14:01] INFO: ASN WMS-ASN-EXT-00004 Carton CNWH63284: Assigned=Received, Actual=Received, ReceivedQty=10
[2026-04-23 14:14:01] INFO: ASN WMS-ASN-EXT-00004 Carton CNWH63285: Assigned=Received, Actual=Received, ReceivedQty=10
[2026-04-23 14:14:01] INFO: ASN WMS-ASN-EXT-00004 Carton CNWH63286: Assigned=Received, Actual=Received, ReceivedQty=10
[2026-04-23 14:14:01] INFO: ASN WMS-ASN-EXT-00004 Carton CNWH63287: Assigned=Received, Actual=Received, ReceivedQty=10
[2026-04-23 14:14:01] INFO: ASN WMS-ASN-EXT-00004 Carton CNWH63288: Assigned=Received, Actual=Received, ReceivedQty=10
[2026-04-23 14:14:01] INFO: ASN WMS-ASN-EXT-00004 Carton CNWH63289: Assigned=Received, Actual=Received, ReceivedQty=10
[2026-04-23 14:14:01] INFO: ASN WMS-ASN-EXT-00004 Carton CNWH63441: Assigned=Received, Actual=Received, ReceivedQty=10
[2026-04-23 14:14:01] INFO: ASN WMS-ASN-EXT-00004 Carton CNWH63442: Assigned=Received, Actual=Received, ReceivedQty=10
[2026-04-23 14:14:01] INFO: ASN WMS-ASN-EXT-00004 Carton CNWH63444: Assigned=Received, Actual=Received, ReceivedQty=10
[2026-04-23 14:14:01] INFO: ASN WMS-ASN-EXT-00004 Carton CNWH63446: Assigned=Received, Actual=Received, ReceivedQty=10
[2026-04-23 14:14:01] INFO: ASN WMS-ASN-EXT-00004 Carton CNWH63448: Assigned=Received, Actual=Received, ReceivedQty=10
[2026-04-23 14:14:01] INFO: ASN WMS-ASN-EXT-00004 Carton CNWH65363: Assigned=Received, Actual=Received, ReceivedQty=10
[2026-04-23 14:14:01] INFO: ASN WMS-ASN-EXT-00004 Carton CNWH63179: Assigned=Received, Actual=Received, ReceivedQty=10
[2026-04-23 14:14:01] INFO: ASN WMS-ASN-EXT-00004 Carton CNWH63180: Assigned=Received, Actual=Received, ReceivedQty=10
[2026-04-23 14:14:01] INFO: ASN WMS-ASN-EXT-00004 Carton CNWH63196: Assigned=Received, Actual=Received, ReceivedQty=10
[2026-04-23 14:14:01] INFO: ASN WMS-ASN-EXT-00004 Carton CNWH63197: Assigned=Received, Actual=Received, ReceivedQty=10
[2026-04-23 14:14:01] INFO: ASN WMS-ASN-EXT-00004 Carton CNWH63198: Assigned=Received, Actual=Received, ReceivedQty=10
[2026-04-23 14:14:01] INFO: ASN WMS-ASN-EXT-00004 Carton CNWH63199: Assigned=Received, Actual=Received, ReceivedQty=10
[2026-04-23 14:14:01] INFO: ASN WMS-ASN-EXT-00004 Carton CNWH63200: Assigned=Received, Actual=Received, ReceivedQty=10
[2026-04-23 14:14:01] INFO: ASN WMS-ASN-EXT-00004 Carton CNWH63266: Assigned=Received, Actual=Received, ReceivedQty=10
[2026-04-23 14:14:01] INFO: ASN WMS-ASN-EXT-00004 Carton CNWH63268: Assigned=Received, Actual=Received, ReceivedQty=10
[2026-04-23 14:14:01] INFO: ASN WMS-ASN-EXT-00004 Carton CNWH63269: Assigned=Received, Actual=Received, ReceivedQty=10
[2026-04-23 14:14:01] INFO: ASN WMS-ASN-EXT-00004 Carton CNWH63270: Assigned=Received, Actual=Received, ReceivedQty=10
[2026-04-23 14:14:01] INFO: ASN WMS-ASN-EXT-00004 Carton CNWH63271: Assigned=Received, Actual=Received, ReceivedQty=10
[2026-04-23 14:14:01] INFO: ASN WMS-ASN-EXT-00004 Carton CNWH63272: Assigned=Received, Actual=Received, ReceivedQty=10
[2026-04-23 14:14:01] INFO: ASN WMS-ASN-EXT-00004 Carton CNWH63275: Assigned=Received, Actual=Received, ReceivedQty=10
[2026-04-23 14:14:01] INFO: ASN WMS-ASN-EXT-00004 Carton CNWH63277: Assigned=Received, Actual=Received, ReceivedQty=10
[2026-04-23 14:14:01] INFO: ASN WMS-ASN-EXT-00004 Carton CNWH63280: Assigned=Received, Actual=Received, ReceivedQty=10
[2026-04-23 14:14:01] INFO: ASN WMS-ASN-EXT-00004 Carton CNWH63282: Assigned=Received, Actual=Received, ReceivedQty=10
[2026-04-23 14:14:01] INFO: ASN WMS-ASN-EXT-00004 Carton CNWH63283: Assigned=Received, Actual=Received, ReceivedQty=10
[2026-04-23 14:14:01] INFO: ASN WMS-ASN-EXT-00004 Carton CNWH63284: Assigned=Received, Actual=Received, ReceivedQty=10
[2026-04-23 14:14:01] INFO: ASN WMS-ASN-EXT-00004 Carton CNWH63285: Assigned=Received, Actual=Received, ReceivedQty=10
[2026-04-23 14:14:01] INFO: ASN WMS-ASN-EXT-00004 Carton CNWH63286: Assigned=Received, Actual=Received, ReceivedQty=10
[2026-04-23 14:14:01] INFO: ASN WMS-ASN-EXT-00004 Carton CNWH63287: Assigned=Received, Actual=Received, ReceivedQty=10
[2026-04-23 14:14:01] INFO: ASN WMS-ASN-EXT-00004 Carton CNWH63288: Assigned=Received, Actual=Received, ReceivedQty=10
[2026-04-23 14:14:01] INFO: ASN WMS-ASN-EXT-00004 Carton CNWH63289: Assigned=Received, Actual=Received, ReceivedQty=10
[2026-04-23 14:14:01] INFO: ASN WMS-ASN-EXT-00004 Carton CNWH63441: Assigned=Received, Actual=Received, ReceivedQty=10
[2026-04-23 14:14:01] INFO: ASN WMS-ASN-EXT-00004 Carton CNWH63442: Assigned=Received, Actual=Received, ReceivedQty=10
[2026-04-23 14:14:01] INFO: ASN WMS-ASN-EXT-00004 Carton CNWH65363: Assigned=Received, Actual=Received, ReceivedQty=10
[2026-04-23 14:14:01] INFO: ASN WMS-ASN-EXT-00004 Carton CNWH63502: Assigned=Received, Actual=Received, ReceivedQty=10
[2026-04-23 14:14:01] INFO: ASN WMS-ASN-EXT-00004 Carton CNWH63502: Assigned=Received, Actual=Received, ReceivedQty=10
[2026-04-23 14:14:01] INFO: ASN WMS-ASN-EXT-00004 Carton CNWH64607: Assigned=Received, Actual=Received, ReceivedQty=10
[2026-04-23 14:31:53] INFO: ASN ASN-0001 Carton CNWH12858: Assigned=Assigned, Actual=Assigned, ReceivedQty=0
[2026-04-23 14:31:53] INFO: ASN ASN-0001 Carton CNWH12854: Assigned=Assigned, Actual=Assigned, ReceivedQty=0
[2026-04-23 14:31:53] INFO: ASN ASN-0001 Carton CNWH15390: Assigned=Assigned, Actual=Assigned, ReceivedQty=0
[2026-04-23 14:31:53] INFO: ASN ASN-0001 Carton CNWH42441: Assigned=Assigned, Actual=Assigned, ReceivedQty=0
[2026-04-23 14:31:53] INFO: ASN ASN-0001 Carton CNWH64571: Assigned=Assigned, Actual=Assigned, ReceivedQty=0
[2026-04-23 14:31:53] INFO: ASN ASN-0001 Carton CNWH64521: Assigned=Assigned, Actual=Assigned, ReceivedQty=0
[2026-04-23 14:31:53] INFO: ASN ASN-0001 Carton CNWH63561: Assigned=Assigned, Actual=Assigned, ReceivedQty=0
[2026-04-23 14:31:53] INFO: ASN ASN-0001 Carton CNWH63609: Assigned=Assigned, Actual=Assigned, ReceivedQty=0
[2026-04-23 14:31:53] INFO: ASN WMS-ASN-EXT-00004 Carton CNWH63179: Assigned=Received, Actual=Received, ReceivedQty=10
[2026-04-23 14:31:53] INFO: ASN WMS-ASN-EXT-00004 Carton CNWH63180: Assigned=Received, Actual=Received, ReceivedQty=10
[2026-04-23 14:31:53] INFO: ASN WMS-ASN-EXT-00004 Carton CNWH63196: Assigned=Received, Actual=Received, ReceivedQty=10
[2026-04-23 14:31:53] INFO: ASN WMS-ASN-EXT-00004 Carton CNWH63197: Assigned=Received, Actual=Received, ReceivedQty=10
[2026-04-23 14:31:53] INFO: ASN WMS-ASN-EXT-00004 Carton CNWH63198: Assigned=Received, Actual=Received, ReceivedQty=10
[2026-04-23 14:31:53] INFO: ASN WMS-ASN-EXT-00004 Carton CNWH63199: Assigned=Received, Actual=Received, ReceivedQty=10
[2026-04-23 14:31:53] INFO: ASN WMS-ASN-EXT-00004 Carton CNWH63200: Assigned=Received, Actual=Received, ReceivedQty=10
[2026-04-23 14:31:53] INFO: ASN WMS-ASN-EXT-00004 Carton CNWH63266: Assigned=Received, Actual=Received, ReceivedQty=10
[2026-04-23 14:31:53] INFO: ASN WMS-ASN-EXT-00004 Carton CNWH63268: Assigned=Received, Actual=Received, ReceivedQty=10
[2026-04-23 14:31:53] INFO: ASN WMS-ASN-EXT-00004 Carton CNWH63269: Assigned=Received, Actual=Received, ReceivedQty=10
[2026-04-23 14:31:53] INFO: ASN WMS-ASN-EXT-00004 Carton CNWH63270: Assigned=Received, Actual=Received, ReceivedQty=10
[2026-04-23 14:31:53] INFO: ASN WMS-ASN-EXT-00004 Carton CNWH63271: Assigned=Received, Actual=Received, ReceivedQty=10
[2026-04-23 14:31:53] INFO: ASN WMS-ASN-EXT-00004 Carton CNWH63272: Assigned=Received, Actual=Received, ReceivedQty=10
[2026-04-23 14:31:53] INFO: ASN WMS-ASN-EXT-00004 Carton CNWH63275: Assigned=Received, Actual=Received, ReceivedQty=10
[2026-04-23 14:31:53] INFO: ASN WMS-ASN-EXT-00004 Carton CNWH63277: Assigned=Received, Actual=Received, ReceivedQty=10
[2026-04-23 14:31:53] INFO: ASN WMS-ASN-EXT-00004 Carton CNWH63280: Assigned=Received, Actual=Received, ReceivedQty=10
[2026-04-23 14:31:53] INFO: ASN WMS-ASN-EXT-00004 Carton CNWH63282: Assigned=Received, Actual=Received, ReceivedQty=10
[2026-04-23 14:31:53] INFO: ASN WMS-ASN-EXT-00004 Carton CNWH63283: Assigned=Received, Actual=Received, ReceivedQty=10
[2026-04-23 14:31:53] INFO: ASN WMS-ASN-EXT-00004 Carton CNWH63284: Assigned=Received, Actual=Received, ReceivedQty=10
[2026-04-23 14:31:53] INFO: ASN WMS-ASN-EXT-00004 Carton CNWH63285: Assigned=Received, Actual=Received, ReceivedQty=10
[2026-04-23 14:31:53] INFO: ASN WMS-ASN-EXT-00004 Carton CNWH63286: Assigned=Received, Actual=Received, ReceivedQty=10
[2026-04-23 14:31:53] INFO: ASN WMS-ASN-EXT-00004 Carton CNWH63287: Assigned=Received, Actual=Received, ReceivedQty=10
[2026-04-23 14:31:53] INFO: ASN WMS-ASN-EXT-00004 Carton CNWH63288: Assigned=Received, Actual=Received, ReceivedQty=10
[2026-04-23 14:31:53] INFO: ASN WMS-ASN-EXT-00004 Carton CNWH63289: Assigned=Received, Actual=Received, ReceivedQty=10
[2026-04-23 14:31:53] INFO: ASN WMS-ASN-EXT-00004 Carton CNWH63441: Assigned=Received, Actual=Received, ReceivedQty=10
[2026-04-23 14:31:53] INFO: ASN WMS-ASN-EXT-00004 Carton CNWH63442: Assigned=Received, Actual=Received, ReceivedQty=10
[2026-04-23 14:31:53] INFO: ASN WMS-ASN-EXT-00004 Carton CNWH63444: Assigned=Received, Actual=Received, ReceivedQty=10
[2026-04-23 14:31:53] INFO: ASN WMS-ASN-EXT-00004 Carton CNWH63446: Assigned=Received, Actual=Received, ReceivedQty=10
[2026-04-23 14:31:53] INFO: ASN WMS-ASN-EXT-00004 Carton CNWH63448: Assigned=Received, Actual=Received, ReceivedQty=10
[2026-04-23 14:31:53] INFO: ASN WMS-ASN-EXT-00004 Carton CNWH65363: Assigned=Received, Actual=Received, ReceivedQty=10
[2026-04-23 14:31:53] INFO: ASN WMS-ASN-EXT-00004 Carton CNWH63179: Assigned=Received, Actual=Received, ReceivedQty=10
[2026-04-23 14:31:53] INFO: ASN WMS-ASN-EXT-00004 Carton CNWH63180: Assigned=Received, Actual=Received, ReceivedQty=10
[2026-04-23 14:31:53] INFO: ASN WMS-ASN-EXT-00004 Carton CNWH63196: Assigned=Received, Actual=Received, ReceivedQty=10
[2026-04-23 14:31:53] INFO: ASN WMS-ASN-EXT-00004 Carton CNWH63197: Assigned=Received, Actual=Received, ReceivedQty=10
[2026-04-23 14:31:53] INFO: ASN WMS-ASN-EXT-00004 Carton CNWH63198: Assigned=Received, Actual=Received, ReceivedQty=10
[2026-04-23 14:31:53] INFO: ASN WMS-ASN-EXT-00004 Carton CNWH63199: Assigned=Received, Actual=Received, ReceivedQty=10
[2026-04-23 14:31:53] INFO: ASN WMS-ASN-EXT-00004 Carton CNWH63200: Assigned=Received, Actual=Received, ReceivedQty=10
[2026-04-23 14:31:53] INFO: ASN WMS-ASN-EXT-00004 Carton CNWH63266: Assigned=Received, Actual=Received, ReceivedQty=10
[2026-04-23 14:31:53] INFO: ASN WMS-ASN-EXT-00004 Carton CNWH63268: Assigned=Received, Actual=Received, ReceivedQty=10
[2026-04-23 14:31:53] INFO: ASN WMS-ASN-EXT-00004 Carton CNWH63269: Assigned=Received, Actual=Received, ReceivedQty=10
[2026-04-23 14:31:53] INFO: ASN WMS-ASN-EXT-00004 Carton CNWH63270: Assigned=Received, Actual=Received, ReceivedQty=10
[2026-04-23 14:31:53] INFO: ASN WMS-ASN-EXT-00004 Carton CNWH63271: Assigned=Received, Actual=Received, ReceivedQty=10
[2026-04-23 14:31:53] INFO: ASN WMS-ASN-EXT-00004 Carton CNWH63272: Assigned=Received, Actual=Received, ReceivedQty=10
[2026-04-23 14:31:53] INFO: ASN WMS-ASN-EXT-00004 Carton CNWH63275: Assigned=Received, Actual=Received, ReceivedQty=10
[2026-04-23 14:31:53] INFO: ASN WMS-ASN-EXT-00004 Carton CNWH63277: Assigned=Received, Actual=Received, ReceivedQty=10
[2026-04-23 14:31:53] INFO: ASN WMS-ASN-EXT-00004 Carton CNWH63280: Assigned=Received, Actual=Received, ReceivedQty=10
[2026-04-23 14:31:53] INFO: ASN WMS-ASN-EXT-00004 Carton CNWH63282: Assigned=Received, Actual=Received, ReceivedQty=10
[2026-04-23 14:31:53] INFO: ASN WMS-ASN-EXT-00004 Carton CNWH63283: Assigned=Received, Actual=Received, ReceivedQty=10
[2026-04-23 14:31:53] INFO: ASN WMS-ASN-EXT-00004 Carton CNWH63284: Assigned=Received, Actual=Received, ReceivedQty=10
[2026-04-23 14:31:53] INFO: ASN WMS-ASN-EXT-00004 Carton CNWH63285: Assigned=Received, Actual=Received, ReceivedQty=10
[2026-04-23 14:31:53] INFO: ASN WMS-ASN-EXT-00004 Carton CNWH63286: Assigned=Received, Actual=Received, ReceivedQty=10
[2026-04-23 14:31:53] INFO: ASN WMS-ASN-EXT-00004 Carton CNWH63287: Assigned=Received, Actual=Received, ReceivedQty=10
[2026-04-23 14:31:53] INFO: ASN WMS-ASN-EXT-00004 Carton CNWH63288: Assigned=Received, Actual=Received, ReceivedQty=10
[2026-04-23 14:31:53] INFO: ASN WMS-ASN-EXT-00004 Carton CNWH63289: Assigned=Received, Actual=Received, ReceivedQty=10
[2026-04-23 14:31:53] INFO: ASN WMS-ASN-EXT-00004 Carton CNWH63441: Assigned=Received, Actual=Received, ReceivedQty=10
[2026-04-23 14:31:53] INFO: ASN WMS-ASN-EXT-00004 Carton CNWH63442: Assigned=Received, Actual=Received, ReceivedQty=10
[2026-04-23 14:31:53] INFO: ASN WMS-ASN-EXT-00004 Carton CNWH65363: Assigned=Received, Actual=Received, ReceivedQty=10
[2026-04-23 14:31:53] INFO: ASN WMS-ASN-EXT-00004 Carton CNWH63502: Assigned=Received, Actual=Received, ReceivedQty=10
[2026-04-23 14:31:53] INFO: ASN WMS-ASN-EXT-00004 Carton CNWH63502: Assigned=Received, Actual=Received, ReceivedQty=10
[2026-04-23 14:31:53] INFO: ASN WMS-ASN-EXT-00004 Carton CNWH64607: Assigned=Received, Actual=Received, ReceivedQty=10
[2026-04-23 14:31:54] INFO: ASN ASN-0001 Carton CNWH12858: Assigned=Assigned, Actual=Assigned, ReceivedQty=0
[2026-04-23 14:31:54] INFO: ASN ASN-0001 Carton CNWH12854: Assigned=Assigned, Actual=Assigned, ReceivedQty=0
[2026-04-23 14:31:54] INFO: ASN ASN-0001 Carton CNWH15390: Assigned=Assigned, Actual=Assigned, ReceivedQty=0
[2026-04-23 14:31:54] INFO: ASN ASN-0001 Carton CNWH42441: Assigned=Assigned, Actual=Assigned, ReceivedQty=0
[2026-04-23 14:31:54] INFO: ASN ASN-0001 Carton CNWH64571: Assigned=Assigned, Actual=Assigned, ReceivedQty=0
[2026-04-23 14:31:54] INFO: ASN ASN-0001 Carton CNWH64521: Assigned=Assigned, Actual=Assigned, ReceivedQty=0
[2026-04-23 14:31:54] INFO: ASN ASN-0001 Carton CNWH63561: Assigned=Assigned, Actual=Assigned, ReceivedQty=0
[2026-04-23 14:31:54] INFO: ASN ASN-0001 Carton CNWH63609: Assigned=Assigned, Actual=Assigned, ReceivedQty=0
[2026-04-23 14:31:54] INFO: ASN WMS-ASN-EXT-00004 Carton CNWH63179: Assigned=Received, Actual=Received, ReceivedQty=10
[2026-04-23 14:31:54] INFO: ASN WMS-ASN-EXT-00004 Carton CNWH63180: Assigned=Received, Actual=Received, ReceivedQty=10
[2026-04-23 14:31:54] INFO: ASN WMS-ASN-EXT-00004 Carton CNWH63196: Assigned=Received, Actual=Received, ReceivedQty=10
[2026-04-23 14:31:54] INFO: ASN WMS-ASN-EXT-00004 Carton CNWH63197: Assigned=Received, Actual=Received, ReceivedQty=10
[2026-04-23 14:31:54] INFO: ASN WMS-ASN-EXT-00004 Carton CNWH63198: Assigned=Received, Actual=Received, ReceivedQty=10
[2026-04-23 14:31:54] INFO: ASN WMS-ASN-EXT-00004 Carton CNWH63199: Assigned=Received, Actual=Received, ReceivedQty=10
[2026-04-23 14:31:54] INFO: ASN WMS-ASN-EXT-00004 Carton CNWH63200: Assigned=Received, Actual=Received, ReceivedQty=10
[2026-04-23 14:31:54] INFO: ASN WMS-ASN-EXT-00004 Carton CNWH63266: Assigned=Received, Actual=Received, ReceivedQty=10
[2026-04-23 14:31:54] INFO: ASN WMS-ASN-EXT-00004 Carton CNWH63268: Assigned=Received, Actual=Received, ReceivedQty=10
[2026-04-23 14:31:54] INFO: ASN WMS-ASN-EXT-00004 Carton CNWH63269: Assigned=Received, Actual=Received, ReceivedQty=10
[2026-04-23 14:31:54] INFO: ASN WMS-ASN-EXT-00004 Carton CNWH63270: Assigned=Received, Actual=Received, ReceivedQty=10
[2026-04-23 14:31:54] INFO: ASN WMS-ASN-EXT-00004 Carton CNWH63271: Assigned=Received, Actual=Received, ReceivedQty=10
[2026-04-23 14:31:54] INFO: ASN WMS-ASN-EXT-00004 Carton CNWH63272: Assigned=Received, Actual=Received, ReceivedQty=10
[2026-04-23 14:31:54] INFO: ASN WMS-ASN-EXT-00004 Carton CNWH63275: Assigned=Received, Actual=Received, ReceivedQty=10
[2026-04-23 14:31:54] INFO: ASN WMS-ASN-EXT-00004 Carton CNWH63277: Assigned=Received, Actual=Received, ReceivedQty=10
[2026-04-23 14:31:54] INFO: ASN WMS-ASN-EXT-00004 Carton CNWH63280: Assigned=Received, Actual=Received, ReceivedQty=10
[2026-04-23 14:31:54] INFO: ASN WMS-ASN-EXT-00004 Carton CNWH63282: Assigned=Received, Actual=Received, ReceivedQty=10
[2026-04-23 14:31:54] INFO: ASN WMS-ASN-EXT-00004 Carton CNWH63283: Assigned=Received, Actual=Received, ReceivedQty=10
[2026-04-23 14:31:54] INFO: ASN WMS-ASN-EXT-00004 Carton CNWH63284: Assigned=Received, Actual=Received, ReceivedQty=10
[2026-04-23 14:31:54] INFO: ASN WMS-ASN-EXT-00004 Carton CNWH63285: Assigned=Received, Actual=Received, ReceivedQty=10
[2026-04-23 14:31:54] INFO: ASN WMS-ASN-EXT-00004 Carton CNWH63286: Assigned=Received, Actual=Received, ReceivedQty=10
[2026-04-23 14:31:54] INFO: ASN WMS-ASN-EXT-00004 Carton CNWH63287: Assigned=Received, Actual=Received, ReceivedQty=10
[2026-04-23 14:31:54] INFO: ASN WMS-ASN-EXT-00004 Carton CNWH63288: Assigned=Received, Actual=Received, ReceivedQty=10
[2026-04-23 14:31:54] INFO: ASN WMS-ASN-EXT-00004 Carton CNWH63289: Assigned=Received, Actual=Received, ReceivedQty=10
[2026-04-23 14:31:54] INFO: ASN WMS-ASN-EXT-00004 Carton CNWH63441: Assigned=Received, Actual=Received, ReceivedQty=10
[2026-04-23 14:31:54] INFO: ASN WMS-ASN-EXT-00004 Carton CNWH63442: Assigned=Received, Actual=Received, ReceivedQty=10
[2026-04-23 14:31:54] INFO: ASN WMS-ASN-EXT-00004 Carton CNWH63444: Assigned=Received, Actual=Received, ReceivedQty=10
[2026-04-23 14:31:54] INFO: ASN WMS-ASN-EXT-00004 Carton CNWH63446: Assigned=Received, Actual=Received, ReceivedQty=10
[2026-04-23 14:31:54] INFO: ASN WMS-ASN-EXT-00004 Carton CNWH63448: Assigned=Received, Actual=Received, ReceivedQty=10
[2026-04-23 14:31:54] INFO: ASN WMS-ASN-EXT-00004 Carton CNWH65363: Assigned=Received, Actual=Received, ReceivedQty=10
[2026-04-23 14:31:54] INFO: ASN WMS-ASN-EXT-00004 Carton CNWH63179: Assigned=Received, Actual=Received, ReceivedQty=10
[2026-04-23 14:31:54] INFO: ASN WMS-ASN-EXT-00004 Carton CNWH63180: Assigned=Received, Actual=Received, ReceivedQty=10
[2026-04-23 14:31:54] INFO: ASN WMS-ASN-EXT-00004 Carton CNWH63196: Assigned=Received, Actual=Received, ReceivedQty=10
[2026-04-23 14:31:54] INFO: ASN WMS-ASN-EXT-00004 Carton CNWH63197: Assigned=Received, Actual=Received, ReceivedQty=10
[2026-04-23 14:31:54] INFO: ASN WMS-ASN-EXT-00004 Carton CNWH63198: Assigned=Received, Actual=Received, ReceivedQty=10
[2026-04-23 14:31:54] INFO: ASN WMS-ASN-EXT-00004 Carton CNWH63199: Assigned=Received, Actual=Received, ReceivedQty=10
[2026-04-23 14:31:54] INFO: ASN WMS-ASN-EXT-00004 Carton CNWH63200: Assigned=Received, Actual=Received, ReceivedQty=10
[2026-04-23 14:31:54] INFO: ASN WMS-ASN-EXT-00004 Carton CNWH63266: Assigned=Received, Actual=Received, ReceivedQty=10
[2026-04-23 14:31:54] INFO: ASN WMS-ASN-EXT-00004 Carton CNWH63268: Assigned=Received, Actual=Received, ReceivedQty=10
[2026-04-23 14:31:54] INFO: ASN WMS-ASN-EXT-00004 Carton CNWH63269: Assigned=Received, Actual=Received, ReceivedQty=10
[2026-04-23 14:31:54] INFO: ASN WMS-ASN-EXT-00004 Carton CNWH63270: Assigned=Received, Actual=Received, ReceivedQty=10
[2026-04-23 14:31:54] INFO: ASN WMS-ASN-EXT-00004 Carton CNWH63271: Assigned=Received, Actual=Received, ReceivedQty=10
[2026-04-23 14:31:54] INFO: ASN WMS-ASN-EXT-00004 Carton CNWH63272: Assigned=Received, Actual=Received, ReceivedQty=10
[2026-04-23 14:31:54] INFO: ASN WMS-ASN-EXT-00004 Carton CNWH63275: Assigned=Received, Actual=Received, ReceivedQty=10
[2026-04-23 14:31:54] INFO: ASN WMS-ASN-EXT-00004 Carton CNWH63277: Assigned=Received, Actual=Received, ReceivedQty=10
[2026-04-23 14:31:54] INFO: ASN WMS-ASN-EXT-00004 Carton CNWH63280: Assigned=Received, Actual=Received, ReceivedQty=10
[2026-04-23 14:31:54] INFO: ASN WMS-ASN-EXT-00004 Carton CNWH63282: Assigned=Received, Actual=Received, ReceivedQty=10
[2026-04-23 14:31:54] INFO: ASN WMS-ASN-EXT-00004 Carton CNWH63283: Assigned=Received, Actual=Received, ReceivedQty=10
[2026-04-23 14:31:54] INFO: ASN WMS-ASN-EXT-00004 Carton CNWH63284: Assigned=Received, Actual=Received, ReceivedQty=10
[2026-04-23 14:31:54] INFO: ASN WMS-ASN-EXT-00004 Carton CNWH63285: Assigned=Received, Actual=Received, ReceivedQty=10
[2026-04-23 14:31:54] INFO: ASN WMS-ASN-EXT-00004 Carton CNWH63286: Assigned=Received, Actual=Received, ReceivedQty=10
[2026-04-23 14:31:54] INFO: ASN WMS-ASN-EXT-00004 Carton CNWH63287: Assigned=Received, Actual=Received, ReceivedQty=10
[2026-04-23 14:31:54] INFO: ASN WMS-ASN-EXT-00004 Carton CNWH63288: Assigned=Received, Actual=Received, ReceivedQty=10
[2026-04-23 14:31:54] INFO: ASN WMS-ASN-EXT-00004 Carton CNWH63289: Assigned=Received, Actual=Received, ReceivedQty=10
[2026-04-23 14:31:54] INFO: ASN WMS-ASN-EXT-00004 Carton CNWH63441: Assigned=Received, Actual=Received, ReceivedQty=10
[2026-04-23 14:31:54] INFO: ASN WMS-ASN-EXT-00004 Carton CNWH63442: Assigned=Received, Actual=Received, ReceivedQty=10
[2026-04-23 14:31:54] INFO: ASN WMS-ASN-EXT-00004 Carton CNWH65363: Assigned=Received, Actual=Received, ReceivedQty=10
[2026-04-23 14:31:54] INFO: ASN WMS-ASN-EXT-00004 Carton CNWH63502: Assigned=Received, Actual=Received, ReceivedQty=10
[2026-04-23 14:31:54] INFO: ASN WMS-ASN-EXT-00004 Carton CNWH63502: Assigned=Received, Actual=Received, ReceivedQty=10
[2026-04-23 14:31:54] INFO: ASN WMS-ASN-EXT-00004 Carton CNWH64607: Assigned=Received, Actual=Received, ReceivedQty=10
[2026-04-23 14:31:54] INFO: ASN ASN-0001 Carton CNWH12858: Assigned=Assigned, Actual=Assigned, ReceivedQty=0
[2026-04-23 14:31:54] INFO: ASN ASN-0001 Carton CNWH12854: Assigned=Assigned, Actual=Assigned, ReceivedQty=0
[2026-04-23 14:31:54] INFO: ASN ASN-0001 Carton CNWH15390: Assigned=Assigned, Actual=Assigned, ReceivedQty=0
[2026-04-23 14:31:54] INFO: ASN ASN-0001 Carton CNWH42441: Assigned=Assigned, Actual=Assigned, ReceivedQty=0
[2026-04-23 14:31:54] INFO: ASN ASN-0001 Carton CNWH64571: Assigned=Assigned, Actual=Assigned, ReceivedQty=0
[2026-04-23 14:31:54] INFO: ASN ASN-0001 Carton CNWH64521: Assigned=Assigned, Actual=Assigned, ReceivedQty=0
[2026-04-23 14:31:54] INFO: ASN ASN-0001 Carton CNWH63561: Assigned=Assigned, Actual=Assigned, ReceivedQty=0
[2026-04-23 14:31:54] INFO: ASN ASN-0001 Carton CNWH63609: Assigned=Assigned, Actual=Assigned, ReceivedQty=0
[2026-04-23 14:31:54] INFO: ASN WMS-ASN-EXT-00004 Carton CNWH63179: Assigned=Received, Actual=Received, ReceivedQty=10
[2026-04-23 14:31:54] INFO: ASN WMS-ASN-EXT-00004 Carton CNWH63180: Assigned=Received, Actual=Received, ReceivedQty=10
[2026-04-23 14:31:54] INFO: ASN WMS-ASN-EXT-00004 Carton CNWH63196: Assigned=Received, Actual=Received, ReceivedQty=10
[2026-04-23 14:31:54] INFO: ASN WMS-ASN-EXT-00004 Carton CNWH63197: Assigned=Received, Actual=Received, ReceivedQty=10
[2026-04-23 14:31:54] INFO: ASN WMS-ASN-EXT-00004 Carton CNWH63198: Assigned=Received, Actual=Received, ReceivedQty=10
[2026-04-23 14:31:54] INFO: ASN WMS-ASN-EXT-00004 Carton CNWH63199: Assigned=Received, Actual=Received, ReceivedQty=10
[2026-04-23 14:31:54] INFO: ASN WMS-ASN-EXT-00004 Carton CNWH63200: Assigned=Received, Actual=Received, ReceivedQty=10
[2026-04-23 14:31:54] INFO: ASN WMS-ASN-EXT-00004 Carton CNWH63266: Assigned=Received, Actual=Received, ReceivedQty=10
[2026-04-23 14:31:54] INFO: ASN WMS-ASN-EXT-00004 Carton CNWH63268: Assigned=Received, Actual=Received, ReceivedQty=10
[2026-04-23 14:31:54] INFO: ASN WMS-ASN-EXT-00004 Carton CNWH63269: Assigned=Received, Actual=Received, ReceivedQty=10
[2026-04-23 14:31:54] INFO: ASN WMS-ASN-EXT-00004 Carton CNWH63270: Assigned=Received, Actual=Received, ReceivedQty=10
[2026-04-23 14:31:54] INFO: ASN WMS-ASN-EXT-00004 Carton CNWH63271: Assigned=Received, Actual=Received, ReceivedQty=10
[2026-04-23 14:31:54] INFO: ASN WMS-ASN-EXT-00004 Carton CNWH63272: Assigned=Received, Actual=Received, ReceivedQty=10
[2026-04-23 14:31:54] INFO: ASN WMS-ASN-EXT-00004 Carton CNWH63275: Assigned=Received, Actual=Received, ReceivedQty=10
[2026-04-23 14:31:54] INFO: ASN WMS-ASN-EXT-00004 Carton CNWH63277: Assigned=Received, Actual=Received, ReceivedQty=10
[2026-04-23 14:31:54] INFO: ASN WMS-ASN-EXT-00004 Carton CNWH63280: Assigned=Received, Actual=Received, ReceivedQty=10
[2026-04-23 14:31:54] INFO: ASN WMS-ASN-EXT-00004 Carton CNWH63282: Assigned=Received, Actual=Received, ReceivedQty=10
[2026-04-23 14:31:54] INFO: ASN WMS-ASN-EXT-00004 Carton CNWH63283: Assigned=Received, Actual=Received, ReceivedQty=10
[2026-04-23 14:31:54] INFO: ASN WMS-ASN-EXT-00004 Carton CNWH63284: Assigned=Received, Actual=Received, ReceivedQty=10
[2026-04-23 14:31:54] INFO: ASN WMS-ASN-EXT-00004 Carton CNWH63285: Assigned=Received, Actual=Received, ReceivedQty=10
[2026-04-23 14:31:54] INFO: ASN WMS-ASN-EXT-00004 Carton CNWH63286: Assigned=Received, Actual=Received, ReceivedQty=10
[2026-04-23 14:31:54] INFO: ASN WMS-ASN-EXT-00004 Carton CNWH63287: Assigned=Received, Actual=Received, ReceivedQty=10
[2026-04-23 14:31:54] INFO: ASN WMS-ASN-EXT-00004 Carton CNWH63288: Assigned=Received, Actual=Received, ReceivedQty=10
[2026-04-23 14:31:54] INFO: ASN WMS-ASN-EXT-00004 Carton CNWH63289: Assigned=Received, Actual=Received, ReceivedQty=10
[2026-04-23 14:31:54] INFO: ASN WMS-ASN-EXT-00004 Carton CNWH63441: Assigned=Received, Actual=Received, ReceivedQty=10
[2026-04-23 14:31:54] INFO: ASN WMS-ASN-EXT-00004 Carton CNWH63442: Assigned=Received, Actual=Received, ReceivedQty=10
[2026-04-23 14:31:54] INFO: ASN WMS-ASN-EXT-00004 Carton CNWH63444: Assigned=Received, Actual=Received, ReceivedQty=10
[2026-04-23 14:31:54] INFO: ASN WMS-ASN-EXT-00004 Carton CNWH63446: Assigned=Received, Actual=Received, ReceivedQty=10
[2026-04-23 14:31:54] INFO: ASN WMS-ASN-EXT-00004 Carton CNWH63448: Assigned=Received, Actual=Received, ReceivedQty=10
[2026-04-23 14:31:54] INFO: ASN WMS-ASN-EXT-00004 Carton CNWH65363: Assigned=Received, Actual=Received, ReceivedQty=10
[2026-04-23 14:31:54] INFO: ASN WMS-ASN-EXT-00004 Carton CNWH63179: Assigned=Received, Actual=Received, ReceivedQty=10
[2026-04-23 14:31:54] INFO: ASN WMS-ASN-EXT-00004 Carton CNWH63180: Assigned=Received, Actual=Received, ReceivedQty=10
[2026-04-23 14:31:54] INFO: ASN WMS-ASN-EXT-00004 Carton CNWH63196: Assigned=Received, Actual=Received, ReceivedQty=10
[2026-04-23 14:31:54] INFO: ASN WMS-ASN-EXT-00004 Carton CNWH63197: Assigned=Received, Actual=Received, ReceivedQty=10
[2026-04-23 14:31:54] INFO: ASN WMS-ASN-EXT-00004 Carton CNWH63198: Assigned=Received, Actual=Received, ReceivedQty=10
[2026-04-23 14:31:54] INFO: ASN WMS-ASN-EXT-00004 Carton CNWH63199: Assigned=Received, Actual=Received, ReceivedQty=10
[2026-04-23 14:31:54] INFO: ASN WMS-ASN-EXT-00004 Carton CNWH63200: Assigned=Received, Actual=Received, ReceivedQty=10
[2026-04-23 14:31:54] INFO: ASN WMS-ASN-EXT-00004 Carton CNWH63266: Assigned=Received, Actual=Received, ReceivedQty=10
[2026-04-23 14:31:54] INFO: ASN WMS-ASN-EXT-00004 Carton CNWH63268: Assigned=Received, Actual=Received, ReceivedQty=10
[2026-04-23 14:31:54] INFO: ASN WMS-ASN-EXT-00004 Carton CNWH63269: Assigned=Received, Actual=Received, ReceivedQty=10
[2026-04-23 14:31:54] INFO: ASN WMS-ASN-EXT-00004 Carton CNWH63270: Assigned=Received, Actual=Received, ReceivedQty=10
[2026-04-23 14:31:54] INFO: ASN WMS-ASN-EXT-00004 Carton CNWH63271: Assigned=Received, Actual=Received, ReceivedQty=10
[2026-04-23 14:31:54] INFO: ASN WMS-ASN-EXT-00004 Carton CNWH63272: Assigned=Received, Actual=Received, ReceivedQty=10
[2026-04-23 14:31:54] INFO: ASN WMS-ASN-EXT-00004 Carton CNWH63275: Assigned=Received, Actual=Received, ReceivedQty=10
[2026-04-23 14:31:54] INFO: ASN WMS-ASN-EXT-00004 Carton CNWH63277: Assigned=Received, Actual=Received, ReceivedQty=10
[2026-04-23 14:31:54] INFO: ASN WMS-ASN-EXT-00004 Carton CNWH63280: Assigned=Received, Actual=Received, ReceivedQty=10
[2026-04-23 14:31:54] INFO: ASN WMS-ASN-EXT-00004 Carton CNWH63282: Assigned=Received, Actual=Received, ReceivedQty=10
[2026-04-23 14:31:54] INFO: ASN WMS-ASN-EXT-00004 Carton CNWH63283: Assigned=Received, Actual=Received, ReceivedQty=10
[2026-04-23 14:31:54] INFO: ASN WMS-ASN-EXT-00004 Carton CNWH63284: Assigned=Received, Actual=Received, ReceivedQty=10
[2026-04-23 14:31:54] INFO: ASN WMS-ASN-EXT-00004 Carton CNWH63285: Assigned=Received, Actual=Received, ReceivedQty=10
[2026-04-23 14:31:54] INFO: ASN WMS-ASN-EXT-00004 Carton CNWH63286: Assigned=Received, Actual=Received, ReceivedQty=10
[2026-04-23 14:31:54] INFO: ASN WMS-ASN-EXT-00004 Carton CNWH63287: Assigned=Received, Actual=Received, ReceivedQty=10
[2026-04-23 14:31:54] INFO: ASN WMS-ASN-EXT-00004 Carton CNWH63288: Assigned=Received, Actual=Received, ReceivedQty=10
[2026-04-23 14:31:54] INFO: ASN WMS-ASN-EXT-00004 Carton CNWH63289: Assigned=Received, Actual=Received, ReceivedQty=10
[2026-04-23 14:31:54] INFO: ASN WMS-ASN-EXT-00004 Carton CNWH63441: Assigned=Received, Actual=Received, ReceivedQty=10
[2026-04-23 14:31:54] INFO: ASN WMS-ASN-EXT-00004 Carton CNWH63442: Assigned=Received, Actual=Received, ReceivedQty=10
[2026-04-23 14:31:54] INFO: ASN WMS-ASN-EXT-00004 Carton CNWH65363: Assigned=Received, Actual=Received, ReceivedQty=10
[2026-04-23 14:31:54] INFO: ASN WMS-ASN-EXT-00004 Carton CNWH63502: Assigned=Received, Actual=Received, ReceivedQty=10
[2026-04-23 14:31:54] INFO: ASN WMS-ASN-EXT-00004 Carton CNWH63502: Assigned=Received, Actual=Received, ReceivedQty=10
[2026-04-23 14:31:54] INFO: ASN WMS-ASN-EXT-00004 Carton CNWH64607: Assigned=Received, Actual=Received, ReceivedQty=10
[2026-04-23 14:31:55] INFO: ErpNextWmsSyncApiService: Fetched 4 item code(s) from ERPNext for ASN WMS-ASN-EXT-00004 (use as filter for PR/received qty).
[2026-04-23 14:31:55] INFO: ErpNextWmsSyncApiService: Pushing ASN received qty for WMS-ASN-EXT-00004, 4 line(s) (aggregated by item). Item codes: [324249:300, 324250:270, 324251:10, 324252:20], to http://printechsdammam.dyndns.org:88/api/method/printechs_wms.api.asn_receiving.update_asn_received_qty
[2026-04-23 14:31:56] INFO: ErpNextWmsSyncApiService: ASN received qty updated successfully.
[2026-04-23 14:31:56] INFO: ErpNextWmsSyncApiService: Fetched 4 item code(s) from ERPNext for ASN WMS-ASN-EXT-00004 (use as filter for PR/received qty).
[2026-04-23 14:31:56] INFO: ErpNextWmsSyncApiService: Creating Purchase Receipt for ASN WMS-ASN-EXT-00004, warehouse Main Warehouse - MAATC, 4 line(s). Item codes: [324249:300, 324250:270, 324251:10, 324252:20]
[2026-04-23 14:31:56] INFO: ErpNextWmsSyncApiService: Create Purchase Receipt succeeded. Purchase Receipt: MAT-PRE-2026-00006
[2026-04-23 14:31:56] INFO: AsnDataService: SetAsnPurchaseReceiptNo saved MAT-PRE-2026-00006 for ASN WMS-ASN-EXT-00004.
[2026-04-23 14:31:56] INFO: ASN ASN-0001 Carton CNWH12858: Assigned=Assigned, Actual=Assigned, ReceivedQty=0
[2026-04-23 14:31:56] INFO: ASN ASN-0001 Carton CNWH12854: Assigned=Assigned, Actual=Assigned, ReceivedQty=0
[2026-04-23 14:31:56] INFO: ASN ASN-0001 Carton CNWH15390: Assigned=Assigned, Actual=Assigned, ReceivedQty=0
[2026-04-23 14:31:56] INFO: ASN ASN-0001 Carton CNWH42441: Assigned=Assigned, Actual=Assigned, ReceivedQty=0
[2026-04-23 14:31:56] INFO: ASN ASN-0001 Carton CNWH64571: Assigned=Assigned, Actual=Assigned, ReceivedQty=0
[2026-04-23 14:31:56] INFO: ASN ASN-0001 Carton CNWH64521: Assigned=Assigned, Actual=Assigned, ReceivedQty=0
[2026-04-23 14:31:56] INFO: ASN ASN-0001 Carton CNWH63561: Assigned=Assigned, Actual=Assigned, ReceivedQty=0
[2026-04-23 14:31:56] INFO: ASN ASN-0001 Carton CNWH63609: Assigned=Assigned, Actual=Assigned, ReceivedQty=0
[2026-04-23 14:31:56] INFO: ASN WMS-ASN-EXT-00004 Carton CNWH63179: Assigned=Received, Actual=Received, ReceivedQty=10
[2026-04-23 14:31:56] INFO: ASN WMS-ASN-EXT-00004 Carton CNWH63180: Assigned=Received, Actual=Received, ReceivedQty=10
[2026-04-23 14:31:56] INFO: ASN WMS-ASN-EXT-00004 Carton CNWH63196: Assigned=Received, Actual=Received, ReceivedQty=10
[2026-04-23 14:31:56] INFO: ASN WMS-ASN-EXT-00004 Carton CNWH63197: Assigned=Received, Actual=Received, ReceivedQty=10
[2026-04-23 14:31:56] INFO: ASN WMS-ASN-EXT-00004 Carton CNWH63198: Assigned=Received, Actual=Received, ReceivedQty=10
[2026-04-23 14:31:56] INFO: ASN WMS-ASN-EXT-00004 Carton CNWH63199: Assigned=Received, Actual=Received, ReceivedQty=10
[2026-04-23 14:31:56] INFO: ASN WMS-ASN-EXT-00004 Carton CNWH63200: Assigned=Received, Actual=Received, ReceivedQty=10
[2026-04-23 14:31:56] INFO: ASN WMS-ASN-EXT-00004 Carton CNWH63266: Assigned=Received, Actual=Received, ReceivedQty=10
[2026-04-23 14:31:56] INFO: ASN WMS-ASN-EXT-00004 Carton CNWH63268: Assigned=Received, Actual=Received, ReceivedQty=10
[2026-04-23 14:31:56] INFO: ASN WMS-ASN-EXT-00004 Carton CNWH63269: Assigned=Received, Actual=Received, ReceivedQty=10
[2026-04-23 14:31:56] INFO: ASN WMS-ASN-EXT-00004 Carton CNWH63270: Assigned=Received, Actual=Received, ReceivedQty=10
[2026-04-23 14:31:56] INFO: ASN WMS-ASN-EXT-00004 Carton CNWH63271: Assigned=Received, Actual=Received, ReceivedQty=10
[2026-04-23 14:31:56] INFO: ASN WMS-ASN-EXT-00004 Carton CNWH63272: Assigned=Received, Actual=Received, ReceivedQty=10
[2026-04-23 14:31:56] INFO: ASN WMS-ASN-EXT-00004 Carton CNWH63275: Assigned=Received, Actual=Received, ReceivedQty=10
[2026-04-23 14:31:56] INFO: ASN WMS-ASN-EXT-00004 Carton CNWH63277: Assigned=Received, Actual=Received, ReceivedQty=10
[2026-04-23 14:31:56] INFO: ASN WMS-ASN-EXT-00004 Carton CNWH63280: Assigned=Received, Actual=Received, ReceivedQty=10
[2026-04-23 14:31:56] INFO: ASN WMS-ASN-EXT-00004 Carton CNWH63282: Assigned=Received, Actual=Received, ReceivedQty=10
[2026-04-23 14:31:56] INFO: ASN WMS-ASN-EXT-00004 Carton CNWH63283: Assigned=Received, Actual=Received, ReceivedQty=10
[2026-04-23 14:31:56] INFO: ASN WMS-ASN-EXT-00004 Carton CNWH63284: Assigned=Received, Actual=Received, ReceivedQty=10
[2026-04-23 14:31:56] INFO: ASN WMS-ASN-EXT-00004 Carton CNWH63285: Assigned=Received, Actual=Received, ReceivedQty=10
[2026-04-23 14:31:56] INFO: ASN WMS-ASN-EXT-00004 Carton CNWH63286: Assigned=Received, Actual=Received, ReceivedQty=10
[2026-04-23 14:31:56] INFO: ASN WMS-ASN-EXT-00004 Carton CNWH63287: Assigned=Received, Actual=Received, ReceivedQty=10
[2026-04-23 14:31:56] INFO: ASN WMS-ASN-EXT-00004 Carton CNWH63288: Assigned=Received, Actual=Received, ReceivedQty=10
[2026-04-23 14:31:56] INFO: ASN WMS-ASN-EXT-00004 Carton CNWH63289: Assigned=Received, Actual=Received, ReceivedQty=10
[2026-04-23 14:31:56] INFO: ASN WMS-ASN-EXT-00004 Carton CNWH63441: Assigned=Received, Actual=Received, ReceivedQty=10
[2026-04-23 14:31:56] INFO: ASN WMS-ASN-EXT-00004 Carton CNWH63442: Assigned=Received, Actual=Received, ReceivedQty=10
[2026-04-23 14:31:56] INFO: ASN WMS-ASN-EXT-00004 Carton CNWH63444: Assigned=Received, Actual=Received, ReceivedQty=10
[2026-04-23 14:31:56] INFO: ASN WMS-ASN-EXT-00004 Carton CNWH63446: Assigned=Received, Actual=Received, ReceivedQty=10
[2026-04-23 14:31:56] INFO: ASN WMS-ASN-EXT-00004 Carton CNWH63448: Assigned=Received, Actual=Received, ReceivedQty=10
[2026-04-23 14:31:56] INFO: ASN WMS-ASN-EXT-00004 Carton CNWH65363: Assigned=Received, Actual=Received, ReceivedQty=10
[2026-04-23 14:31:56] INFO: ASN WMS-ASN-EXT-00004 Carton CNWH63179: Assigned=Received, Actual=Received, ReceivedQty=10
[2026-04-23 14:31:56] INFO: ASN WMS-ASN-EXT-00004 Carton CNWH63180: Assigned=Received, Actual=Received, ReceivedQty=10
[2026-04-23 14:31:56] INFO: ASN WMS-ASN-EXT-00004 Carton CNWH63196: Assigned=Received, Actual=Received, ReceivedQty=10
[2026-04-23 14:31:56] INFO: ASN WMS-ASN-EXT-00004 Carton CNWH63197: Assigned=Received, Actual=Received, ReceivedQty=10
[2026-04-23 14:31:56] INFO: ASN WMS-ASN-EXT-00004 Carton CNWH63198: Assigned=Received, Actual=Received, ReceivedQty=10
[2026-04-23 14:31:56] INFO: ASN WMS-ASN-EXT-00004 Carton CNWH63199: Assigned=Received, Actual=Received, ReceivedQty=10
[2026-04-23 14:31:56] INFO: ASN WMS-ASN-EXT-00004 Carton CNWH63200: Assigned=Received, Actual=Received, ReceivedQty=10
[2026-04-23 14:31:56] INFO: ASN WMS-ASN-EXT-00004 Carton CNWH63266: Assigned=Received, Actual=Received, ReceivedQty=10
[2026-04-23 14:31:56] INFO: ASN WMS-ASN-EXT-00004 Carton CNWH63268: Assigned=Received, Actual=Received, ReceivedQty=10
[2026-04-23 14:31:56] INFO: ASN WMS-ASN-EXT-00004 Carton CNWH63269: Assigned=Received, Actual=Received, ReceivedQty=10
[2026-04-23 14:31:56] INFO: ASN WMS-ASN-EXT-00004 Carton CNWH63270: Assigned=Received, Actual=Received, ReceivedQty=10
[2026-04-23 14:31:56] INFO: ASN WMS-ASN-EXT-00004 Carton CNWH63271: Assigned=Received, Actual=Received, ReceivedQty=10
[2026-04-23 14:31:56] INFO: ASN WMS-ASN-EXT-00004 Carton CNWH63272: Assigned=Received, Actual=Received, ReceivedQty=10
[2026-04-23 14:31:56] INFO: ASN WMS-ASN-EXT-00004 Carton CNWH63275: Assigned=Received, Actual=Received, ReceivedQty=10
[2026-04-23 14:31:56] INFO: ASN WMS-ASN-EXT-00004 Carton CNWH63277: Assigned=Received, Actual=Received, ReceivedQty=10
[2026-04-23 14:31:56] INFO: ASN WMS-ASN-EXT-00004 Carton CNWH63280: Assigned=Received, Actual=Received, ReceivedQty=10
[2026-04-23 14:31:56] INFO: ASN WMS-ASN-EXT-00004 Carton CNWH63282: Assigned=Received, Actual=Received, ReceivedQty=10
[2026-04-23 14:31:56] INFO: ASN WMS-ASN-EXT-00004 Carton CNWH63283: Assigned=Received, Actual=Received, ReceivedQty=10
[2026-04-23 14:31:56] INFO: ASN WMS-ASN-EXT-00004 Carton CNWH63284: Assigned=Received, Actual=Received, ReceivedQty=10
[2026-04-23 14:31:56] INFO: ASN WMS-ASN-EXT-00004 Carton CNWH63285: Assigned=Received, Actual=Received, ReceivedQty=10
[2026-04-23 14:31:56] INFO: ASN WMS-ASN-EXT-00004 Carton CNWH63286: Assigned=Received, Actual=Received, ReceivedQty=10
[2026-04-23 14:31:56] INFO: ASN WMS-ASN-EXT-00004 Carton CNWH63287: Assigned=Received, Actual=Received, ReceivedQty=10
[2026-04-23 14:31:56] INFO: ASN WMS-ASN-EXT-00004 Carton CNWH63288: Assigned=Received, Actual=Received, ReceivedQty=10
[2026-04-23 14:31:56] INFO: ASN WMS-ASN-EXT-00004 Carton CNWH63289: Assigned=Received, Actual=Received, ReceivedQty=10
[2026-04-23 14:31:56] INFO: ASN WMS-ASN-EXT-00004 Carton CNWH63441: Assigned=Received, Actual=Received, ReceivedQty=10
[2026-04-23 14:31:56] INFO: ASN WMS-ASN-EXT-00004 Carton CNWH63442: Assigned=Received, Actual=Received, ReceivedQty=10
[2026-04-23 14:31:56] INFO: ASN WMS-ASN-EXT-00004 Carton CNWH65363: Assigned=Received, Actual=Received, ReceivedQty=10
[2026-04-23 14:31:56] INFO: ASN WMS-ASN-EXT-00004 Carton CNWH63502: Assigned=Received, Actual=Received, ReceivedQty=10
[2026-04-23 14:31:56] INFO: ASN WMS-ASN-EXT-00004 Carton CNWH63502: Assigned=Received, Actual=Received, ReceivedQty=10
[2026-04-23 14:31:56] INFO: ASN WMS-ASN-EXT-00004 Carton CNWH64607: Assigned=Received, Actual=Received, ReceivedQty=10
[2026-04-23 14:31:58] INFO: ASN ASN-0001 Carton CNWH12858: Assigned=Assigned, Actual=Assigned, ReceivedQty=0
[2026-04-23 14:31:58] INFO: ASN ASN-0001 Carton CNWH12854: Assigned=Assigned, Actual=Assigned, ReceivedQty=0
[2026-04-23 14:31:58] INFO: ASN ASN-0001 Carton CNWH15390: Assigned=Assigned, Actual=Assigned, ReceivedQty=0
[2026-04-23 14:31:58] INFO: ASN ASN-0001 Carton CNWH42441: Assigned=Assigned, Actual=Assigned, ReceivedQty=0
[2026-04-23 14:31:58] INFO: ASN ASN-0001 Carton CNWH64571: Assigned=Assigned, Actual=Assigned, ReceivedQty=0
[2026-04-23 14:31:58] INFO: ASN ASN-0001 Carton CNWH64521: Assigned=Assigned, Actual=Assigned, ReceivedQty=0
[2026-04-23 14:31:58] INFO: ASN ASN-0001 Carton CNWH63561: Assigned=Assigned, Actual=Assigned, ReceivedQty=0
[2026-04-23 14:31:58] INFO: ASN ASN-0001 Carton CNWH63609: Assigned=Assigned, Actual=Assigned, ReceivedQty=0
[2026-04-23 14:31:58] INFO: ASN WMS-ASN-EXT-00004 Carton CNWH63179: Assigned=Received, Actual=Received, ReceivedQty=10
[2026-04-23 14:31:58] INFO: ASN WMS-ASN-EXT-00004 Carton CNWH63180: Assigned=Received, Actual=Received, ReceivedQty=10
[2026-04-23 14:31:58] INFO: ASN WMS-ASN-EXT-00004 Carton CNWH63196: Assigned=Received, Actual=Received, ReceivedQty=10
[2026-04-23 14:31:58] INFO: ASN WMS-ASN-EXT-00004 Carton CNWH63197: Assigned=Received, Actual=Received, ReceivedQty=10
[2026-04-23 14:31:58] INFO: ASN WMS-ASN-EXT-00004 Carton CNWH63198: Assigned=Received, Actual=Received, ReceivedQty=10
[2026-04-23 14:31:58] INFO: ASN WMS-ASN-EXT-00004 Carton CNWH63199: Assigned=Received, Actual=Received, ReceivedQty=10
[2026-04-23 14:31:58] INFO: ASN WMS-ASN-EXT-00004 Carton CNWH63200: Assigned=Received, Actual=Received, ReceivedQty=10
[2026-04-23 14:31:58] INFO: ASN WMS-ASN-EXT-00004 Carton CNWH63266: Assigned=Received, Actual=Received, ReceivedQty=10
[2026-04-23 14:31:58] INFO: ASN WMS-ASN-EXT-00004 Carton CNWH63268: Assigned=Received, Actual=Received, ReceivedQty=10
[2026-04-23 14:31:58] INFO: ASN WMS-ASN-EXT-00004 Carton CNWH63269: Assigned=Received, Actual=Received, ReceivedQty=10
[2026-04-23 14:31:58] INFO: ASN WMS-ASN-EXT-00004 Carton CNWH63270: Assigned=Received, Actual=Received, ReceivedQty=10
[2026-04-23 14:31:58] INFO: ASN WMS-ASN-EXT-00004 Carton CNWH63271: Assigned=Received, Actual=Received, ReceivedQty=10
[2026-04-23 14:31:58] INFO: ASN WMS-ASN-EXT-00004 Carton CNWH63272: Assigned=Received, Actual=Received, ReceivedQty=10
[2026-04-23 14:31:58] INFO: ASN WMS-ASN-EXT-00004 Carton CNWH63275: Assigned=Received, Actual=Received, ReceivedQty=10
[2026-04-23 14:31:58] INFO: ASN WMS-ASN-EXT-00004 Carton CNWH63277: Assigned=Received, Actual=Received, ReceivedQty=10
[2026-04-23 14:31:58] INFO: ASN WMS-ASN-EXT-00004 Carton CNWH63280: Assigned=Received, Actual=Received, ReceivedQty=10
[2026-04-23 14:31:58] INFO: ASN WMS-ASN-EXT-00004 Carton CNWH63282: Assigned=Received, Actual=Received, ReceivedQty=10
[2026-04-23 14:31:58] INFO: ASN WMS-ASN-EXT-00004 Carton CNWH63283: Assigned=Received, Actual=Received, ReceivedQty=10
[2026-04-23 14:31:58] INFO: ASN WMS-ASN-EXT-00004 Carton CNWH63284: Assigned=Received, Actual=Received, ReceivedQty=10
[2026-04-23 14:31:58] INFO: ASN WMS-ASN-EXT-00004 Carton CNWH63285: Assigned=Received, Actual=Received, ReceivedQty=10
[2026-04-23 14:31:58] INFO: ASN WMS-ASN-EXT-00004 Carton CNWH63286: Assigned=Received, Actual=Received, ReceivedQty=10
[2026-04-23 14:31:58] INFO: ASN WMS-ASN-EXT-00004 Carton CNWH63287: Assigned=Received, Actual=Received, ReceivedQty=10
[2026-04-23 14:31:58] INFO: ASN WMS-ASN-EXT-00004 Carton CNWH63288: Assigned=Received, Actual=Received, ReceivedQty=10
[2026-04-23 14:31:58] INFO: ASN WMS-ASN-EXT-00004 Carton CNWH63289: Assigned=Received, Actual=Received, ReceivedQty=10
[2026-04-23 14:31:58] INFO: ASN WMS-ASN-EXT-00004 Carton CNWH63441: Assigned=Received, Actual=Received, ReceivedQty=10
[2026-04-23 14:31:58] INFO: ASN WMS-ASN-EXT-00004 Carton CNWH63442: Assigned=Received, Actual=Received, ReceivedQty=10
[2026-04-23 14:31:58] INFO: ASN WMS-ASN-EXT-00004 Carton CNWH63444: Assigned=Received, Actual=Received, ReceivedQty=10
[2026-04-23 14:31:58] INFO: ASN WMS-ASN-EXT-00004 Carton CNWH63446: Assigned=Received, Actual=Received, ReceivedQty=10
[2026-04-23 14:31:58] INFO: ASN WMS-ASN-EXT-00004 Carton CNWH63448: Assigned=Received, Actual=Received, ReceivedQty=10
[2026-04-23 14:31:58] INFO: ASN WMS-ASN-EXT-00004 Carton CNWH65363: Assigned=Received, Actual=Received, ReceivedQty=10
[2026-04-23 14:31:58] INFO: ASN WMS-ASN-EXT-00004 Carton CNWH63179: Assigned=Received, Actual=Received, ReceivedQty=10
[2026-04-23 14:31:58] INFO: ASN WMS-ASN-EXT-00004 Carton CNWH63180: Assigned=Received, Actual=Received, ReceivedQty=10
[2026-04-23 14:31:58] INFO: ASN WMS-ASN-EXT-00004 Carton CNWH63196: Assigned=Received, Actual=Received, ReceivedQty=10
[2026-04-23 14:31:58] INFO: ASN WMS-ASN-EXT-00004 Carton CNWH63197: Assigned=Received, Actual=Received, ReceivedQty=10
[2026-04-23 14:31:58] INFO: ASN WMS-ASN-EXT-00004 Carton CNWH63198: Assigned=Received, Actual=Received, ReceivedQty=10
[2026-04-23 14:31:58] INFO: ASN WMS-ASN-EXT-00004 Carton CNWH63199: Assigned=Received, Actual=Received, ReceivedQty=10
[2026-04-23 14:31:58] INFO: ASN WMS-ASN-EXT-00004 Carton CNWH63200: Assigned=Received, Actual=Received, ReceivedQty=10
[2026-04-23 14:31:58] INFO: ASN WMS-ASN-EXT-00004 Carton CNWH63266: Assigned=Received, Actual=Received, ReceivedQty=10
[2026-04-23 14:31:58] INFO: ASN WMS-ASN-EXT-00004 Carton CNWH63268: Assigned=Received, Actual=Received, ReceivedQty=10
[2026-04-23 14:31:58] INFO: ASN WMS-ASN-EXT-00004 Carton CNWH63269: Assigned=Received, Actual=Received, ReceivedQty=10
[2026-04-23 14:31:58] INFO: ASN WMS-ASN-EXT-00004 Carton CNWH63270: Assigned=Received, Actual=Received, ReceivedQty=10
[2026-04-23 14:31:58] INFO: ASN WMS-ASN-EXT-00004 Carton CNWH63271: Assigned=Received, Actual=Received, ReceivedQty=10
[2026-04-23 14:31:58] INFO: ASN WMS-ASN-EXT-00004 Carton CNWH63272: Assigned=Received, Actual=Received, ReceivedQty=10
[2026-04-23 14:31:58] INFO: ASN WMS-ASN-EXT-00004 Carton CNWH63275: Assigned=Received, Actual=Received, ReceivedQty=10
[2026-04-23 14:31:58] INFO: ASN WMS-ASN-EXT-00004 Carton CNWH63277: Assigned=Received, Actual=Received, ReceivedQty=10
[2026-04-23 14:31:58] INFO: ASN WMS-ASN-EXT-00004 Carton CNWH63280: Assigned=Received, Actual=Received, ReceivedQty=10
[2026-04-23 14:31:58] INFO: ASN WMS-ASN-EXT-00004 Carton CNWH63282: Assigned=Received, Actual=Received, ReceivedQty=10
[2026-04-23 14:31:58] INFO: ASN WMS-ASN-EXT-00004 Carton CNWH63283: Assigned=Received, Actual=Received, ReceivedQty=10
[2026-04-23 14:31:58] INFO: ASN WMS-ASN-EXT-00004 Carton CNWH63284: Assigned=Received, Actual=Received, ReceivedQty=10
[2026-04-23 14:31:58] INFO: ASN WMS-ASN-EXT-00004 Carton CNWH63285: Assigned=Received, Actual=Received, ReceivedQty=10
[2026-04-23 14:31:58] INFO: ASN WMS-ASN-EXT-00004 Carton CNWH63286: Assigned=Received, Actual=Received, ReceivedQty=10
[2026-04-23 14:31:58] INFO: ASN WMS-ASN-EXT-00004 Carton CNWH63287: Assigned=Received, Actual=Received, ReceivedQty=10
[2026-04-23 14:31:58] INFO: ASN WMS-ASN-EXT-00004 Carton CNWH63288: Assigned=Received, Actual=Received, ReceivedQty=10
[2026-04-23 14:31:58] INFO: ASN WMS-ASN-EXT-00004 Carton CNWH63289: Assigned=Received, Actual=Received, ReceivedQty=10
[2026-04-23 14:31:58] INFO: ASN WMS-ASN-EXT-00004 Carton CNWH63441: Assigned=Received, Actual=Received, ReceivedQty=10
[2026-04-23 14:31:58] INFO: ASN WMS-ASN-EXT-00004 Carton CNWH63442: Assigned=Received, Actual=Received, ReceivedQty=10
[2026-04-23 14:31:58] INFO: ASN WMS-ASN-EXT-00004 Carton CNWH65363: Assigned=Received, Actual=Received, ReceivedQty=10
[2026-04-23 14:31:58] INFO: ASN WMS-ASN-EXT-00004 Carton CNWH63502: Assigned=Received, Actual=Received, ReceivedQty=10
[2026-04-23 14:31:58] INFO: ASN WMS-ASN-EXT-00004 Carton CNWH63502: Assigned=Received, Actual=Received, ReceivedQty=10
[2026-04-23 14:31:58] INFO: ASN WMS-ASN-EXT-00004 Carton CNWH64607: Assigned=Received, Actual=Received, ReceivedQty=10
[2026-04-23 14:32:12] INFO: ASN ASN-0001 Carton CNWH12858: Assigned=Assigned, Actual=Assigned, ReceivedQty=0
[2026-04-23 14:32:12] INFO: ASN ASN-0001 Carton CNWH12854: Assigned=Assigned, Actual=Assigned, ReceivedQty=0
[2026-04-23 14:32:12] INFO: ASN ASN-0001 Carton CNWH15390: Assigned=Assigned, Actual=Assigned, ReceivedQty=0
[2026-04-23 14:32:12] INFO: ASN ASN-0001 Carton CNWH42441: Assigned=Assigned, Actual=Assigned, ReceivedQty=0
[2026-04-23 14:32:12] INFO: ASN ASN-0001 Carton CNWH64571: Assigned=Assigned, Actual=Assigned, ReceivedQty=0
[2026-04-23 14:32:12] INFO: ASN ASN-0001 Carton CNWH64521: Assigned=Assigned, Actual=Assigned, ReceivedQty=0
[2026-04-23 14:32:12] INFO: ASN ASN-0001 Carton CNWH63561: Assigned=Assigned, Actual=Assigned, ReceivedQty=0
[2026-04-23 14:32:12] INFO: ASN ASN-0001 Carton CNWH63609: Assigned=Assigned, Actual=Assigned, ReceivedQty=0
[2026-04-23 14:32:12] INFO: ASN WMS-ASN-EXT-00004 Carton CNWH63179: Assigned=Received, Actual=Received, ReceivedQty=10
[2026-04-23 14:32:12] INFO: ASN WMS-ASN-EXT-00004 Carton CNWH63180: Assigned=Received, Actual=Received, ReceivedQty=10
[2026-04-23 14:32:12] INFO: ASN WMS-ASN-EXT-00004 Carton CNWH63196: Assigned=Received, Actual=Received, ReceivedQty=10
[2026-04-23 14:32:12] INFO: ASN WMS-ASN-EXT-00004 Carton CNWH63197: Assigned=Received, Actual=Received, ReceivedQty=10
[2026-04-23 14:32:12] INFO: ASN WMS-ASN-EXT-00004 Carton CNWH63198: Assigned=Received, Actual=Received, ReceivedQty=10
[2026-04-23 14:32:12] INFO: ASN WMS-ASN-EXT-00004 Carton CNWH63199: Assigned=Received, Actual=Received, ReceivedQty=10
[2026-04-23 14:32:12] INFO: ASN WMS-ASN-EXT-00004 Carton CNWH63200: Assigned=Received, Actual=Received, ReceivedQty=10
[2026-04-23 14:32:12] INFO: ASN WMS-ASN-EXT-00004 Carton CNWH63266: Assigned=Received, Actual=Received, ReceivedQty=10
[2026-04-23 14:32:12] INFO: ASN WMS-ASN-EXT-00004 Carton CNWH63268: Assigned=Received, Actual=Received, ReceivedQty=10
[2026-04-23 14:32:12] INFO: ASN WMS-ASN-EXT-00004 Carton CNWH63269: Assigned=Received, Actual=Received, ReceivedQty=10
[2026-04-23 14:32:12] INFO: ASN WMS-ASN-EXT-00004 Carton CNWH63270: Assigned=Received, Actual=Received, ReceivedQty=10
[2026-04-23 14:32:12] INFO: ASN WMS-ASN-EXT-00004 Carton CNWH63271: Assigned=Received, Actual=Received, ReceivedQty=10
[2026-04-23 14:32:12] INFO: ASN WMS-ASN-EXT-00004 Carton CNWH63272: Assigned=Received, Actual=Received, ReceivedQty=10
[2026-04-23 14:32:12] INFO: ASN WMS-ASN-EXT-00004 Carton CNWH63275: Assigned=Received, Actual=Received, ReceivedQty=10
[2026-04-23 14:32:12] INFO: ASN WMS-ASN-EXT-00004 Carton CNWH63277: Assigned=Received, Actual=Received, ReceivedQty=10
[2026-04-23 14:32:12] INFO: ASN WMS-ASN-EXT-00004 Carton CNWH63280: Assigned=Received, Actual=Received, ReceivedQty=10
[2026-04-23 14:32:12] INFO: ASN WMS-ASN-EXT-00004 Carton CNWH63282: Assigned=Received, Actual=Received, ReceivedQty=10
[2026-04-23 14:32:12] INFO: ASN WMS-ASN-EXT-00004 Carton CNWH63283: Assigned=Received, Actual=Received, ReceivedQty=10
[2026-04-23 14:32:12] INFO: ASN WMS-ASN-EXT-00004 Carton CNWH63284: Assigned=Received, Actual=Received, ReceivedQty=10
[2026-04-23 14:32:12] INFO: ASN WMS-ASN-EXT-00004 Carton CNWH63285: Assigned=Received, Actual=Received, ReceivedQty=10
[2026-04-23 14:32:12] INFO: ASN WMS-ASN-EXT-00004 Carton CNWH63286: Assigned=Received, Actual=Received, ReceivedQty=10
[2026-04-23 14:32:12] INFO: ASN WMS-ASN-EXT-00004 Carton CNWH63287: Assigned=Received, Actual=Received, ReceivedQty=10
[2026-04-23 14:32:12] INFO: ASN WMS-ASN-EXT-00004 Carton CNWH63288: Assigned=Received, Actual=Received, ReceivedQty=10
[2026-04-23 14:32:12] INFO: ASN WMS-ASN-EXT-00004 Carton CNWH63289: Assigned=Received, Actual=Received, ReceivedQty=10
[2026-04-23 14:32:12] INFO: ASN WMS-ASN-EXT-00004 Carton CNWH63441: Assigned=Received, Actual=Received, ReceivedQty=10
[2026-04-23 14:32:12] INFO: ASN WMS-ASN-EXT-00004 Carton CNWH63442: Assigned=Received, Actual=Received, ReceivedQty=10
[2026-04-23 14:32:12] INFO: ASN WMS-ASN-EXT-00004 Carton CNWH63444: Assigned=Received, Actual=Received, ReceivedQty=10
[2026-04-23 14:32:12] INFO: ASN WMS-ASN-EXT-00004 Carton CNWH63446: Assigned=Received, Actual=Received, ReceivedQty=10
[2026-04-23 14:32:12] INFO: ASN WMS-ASN-EXT-00004 Carton CNWH63448: Assigned=Received, Actual=Received, ReceivedQty=10
[2026-04-23 14:32:12] INFO: ASN WMS-ASN-EXT-00004 Carton CNWH65363: Assigned=Received, Actual=Received, ReceivedQty=10
[2026-04-23 14:32:12] INFO: ASN WMS-ASN-EXT-00004 Carton CNWH63179: Assigned=Received, Actual=Received, ReceivedQty=10
[2026-04-23 14:32:12] INFO: ASN WMS-ASN-EXT-00004 Carton CNWH63180: Assigned=Received, Actual=Received, ReceivedQty=10
[2026-04-23 14:32:12] INFO: ASN WMS-ASN-EXT-00004 Carton CNWH63196: Assigned=Received, Actual=Received, ReceivedQty=10
[2026-04-23 14:32:12] INFO: ASN WMS-ASN-EXT-00004 Carton CNWH63197: Assigned=Received, Actual=Received, ReceivedQty=10
[2026-04-23 14:32:12] INFO: ASN WMS-ASN-EXT-00004 Carton CNWH63198: Assigned=Received, Actual=Received, ReceivedQty=10
[2026-04-23 14:32:12] INFO: ASN WMS-ASN-EXT-00004 Carton CNWH63199: Assigned=Received, Actual=Received, ReceivedQty=10
[2026-04-23 14:32:12] INFO: ASN WMS-ASN-EXT-00004 Carton CNWH63200: Assigned=Received, Actual=Received, ReceivedQty=10
[2026-04-23 14:32:12] INFO: ASN WMS-ASN-EXT-00004 Carton CNWH63266: Assigned=Received, Actual=Received, ReceivedQty=10
[2026-04-23 14:32:12] INFO: ASN WMS-ASN-EXT-00004 Carton CNWH63268: Assigned=Received, Actual=Received, ReceivedQty=10
[2026-04-23 14:32:12] INFO: ASN WMS-ASN-EXT-00004 Carton CNWH63269: Assigned=Received, Actual=Received, ReceivedQty=10
[2026-04-23 14:32:12] INFO: ASN WMS-ASN-EXT-00004 Carton CNWH63270: Assigned=Received, Actual=Received, ReceivedQty=10
[2026-04-23 14:32:12] INFO: ASN WMS-ASN-EXT-00004 Carton CNWH63271: Assigned=Received, Actual=Received, ReceivedQty=10
[2026-04-23 14:32:12] INFO: ASN WMS-ASN-EXT-00004 Carton CNWH63272: Assigned=Received, Actual=Received, ReceivedQty=10
[2026-04-23 14:32:12] INFO: ASN WMS-ASN-EXT-00004 Carton CNWH63275: Assigned=Received, Actual=Received, ReceivedQty=10
[2026-04-23 14:32:12] INFO: ASN WMS-ASN-EXT-00004 Carton CNWH63277: Assigned=Received, Actual=Received, ReceivedQty=10
[2026-04-23 14:32:12] INFO: ASN WMS-ASN-EXT-00004 Carton CNWH63280: Assigned=Received, Actual=Received, ReceivedQty=10
[2026-04-23 14:32:12] INFO: ASN WMS-ASN-EXT-00004 Carton CNWH63282: Assigned=Received, Actual=Received, ReceivedQty=10
[2026-04-23 14:32:12] INFO: ASN WMS-ASN-EXT-00004 Carton CNWH63283: Assigned=Received, Actual=Received, ReceivedQty=10
[2026-04-23 14:32:12] INFO: ASN WMS-ASN-EXT-00004 Carton CNWH63284: Assigned=Received, Actual=Received, ReceivedQty=10
[2026-04-23 14:32:12] INFO: ASN WMS-ASN-EXT-00004 Carton CNWH63285: Assigned=Received, Actual=Received, ReceivedQty=10
[2026-04-23 14:32:12] INFO: ASN WMS-ASN-EXT-00004 Carton CNWH63286: Assigned=Received, Actual=Received, ReceivedQty=10
[2026-04-23 14:32:12] INFO: ASN WMS-ASN-EXT-00004 Carton CNWH63287: Assigned=Received, Actual=Received, ReceivedQty=10
[2026-04-23 14:32:12] INFO: ASN WMS-ASN-EXT-00004 Carton CNWH63288: Assigned=Received, Actual=Received, ReceivedQty=10
[2026-04-23 14:32:12] INFO: ASN WMS-ASN-EXT-00004 Carton CNWH63289: Assigned=Received, Actual=Received, ReceivedQty=10
[2026-04-23 14:32:12] INFO: ASN WMS-ASN-EXT-00004 Carton CNWH63441: Assigned=Received, Actual=Received, ReceivedQty=10
[2026-04-23 14:32:12] INFO: ASN WMS-ASN-EXT-00004 Carton CNWH63442: Assigned=Received, Actual=Received, ReceivedQty=10
[2026-04-23 14:32:12] INFO: ASN WMS-ASN-EXT-00004 Carton CNWH65363: Assigned=Received, Actual=Received, ReceivedQty=10
[2026-04-23 14:32:12] INFO: ASN WMS-ASN-EXT-00004 Carton CNWH63502: Assigned=Received, Actual=Received, ReceivedQty=10
[2026-04-23 14:32:12] INFO: ASN WMS-ASN-EXT-00004 Carton CNWH63502: Assigned=Received, Actual=Received, ReceivedQty=10
[2026-04-23 14:32:12] INFO: ASN WMS-ASN-EXT-00004 Carton CNWH64607: Assigned=Received, Actual=Received, ReceivedQty=10
[2026-04-23 14:32:17] INFO: TransferOrderApiService: Fetching transfer orders from http://localhost:3000/api/master/transfer-orders
[2026-04-23 14:32:18] INFO: ASN ASN-0001 Carton CNWH12858: Assigned=Assigned, Actual=Assigned, ReceivedQty=0
[2026-04-23 14:32:18] INFO: ASN ASN-0001 Carton CNWH12854: Assigned=Assigned, Actual=Assigned, ReceivedQty=0
[2026-04-23 14:32:18] INFO: ASN ASN-0001 Carton CNWH15390: Assigned=Assigned, Actual=Assigned, ReceivedQty=0
[2026-04-23 14:32:18] INFO: ASN ASN-0001 Carton CNWH42441: Assigned=Assigned, Actual=Assigned, ReceivedQty=0
[2026-04-23 14:32:18] INFO: ASN ASN-0001 Carton CNWH64571: Assigned=Assigned, Actual=Assigned, ReceivedQty=0
[2026-04-23 14:32:18] INFO: ASN ASN-0001 Carton CNWH64521: Assigned=Assigned, Actual=Assigned, ReceivedQty=0
[2026-04-23 14:32:18] INFO: ASN ASN-0001 Carton CNWH63561: Assigned=Assigned, Actual=Assigned, ReceivedQty=0
[2026-04-23 14:32:18] INFO: ASN ASN-0001 Carton CNWH63609: Assigned=Assigned, Actual=Assigned, ReceivedQty=0
[2026-04-23 14:32:18] INFO: ASN WMS-ASN-EXT-00004 Carton CNWH63179: Assigned=Received, Actual=Received, ReceivedQty=10
[2026-04-23 14:32:18] INFO: ASN WMS-ASN-EXT-00004 Carton CNWH63180: Assigned=Received, Actual=Received, ReceivedQty=10
[2026-04-23 14:32:18] INFO: ASN WMS-ASN-EXT-00004 Carton CNWH63196: Assigned=Received, Actual=Received, ReceivedQty=10
[2026-04-23 14:32:18] INFO: ASN WMS-ASN-EXT-00004 Carton CNWH63197: Assigned=Received, Actual=Received, ReceivedQty=10
[2026-04-23 14:32:18] INFO: ASN WMS-ASN-EXT-00004 Carton CNWH63198: Assigned=Received, Actual=Received, ReceivedQty=10
[2026-04-23 14:32:18] INFO: ASN WMS-ASN-EXT-00004 Carton CNWH63199: Assigned=Received, Actual=Received, ReceivedQty=10
[2026-04-23 14:32:18] INFO: ASN WMS-ASN-EXT-00004 Carton CNWH63200: Assigned=Received, Actual=Received, ReceivedQty=10
[2026-04-23 14:32:18] INFO: ASN WMS-ASN-EXT-00004 Carton CNWH63266: Assigned=Received, Actual=Received, ReceivedQty=10
[2026-04-23 14:32:18] INFO: ASN WMS-ASN-EXT-00004 Carton CNWH63268: Assigned=Received, Actual=Received, ReceivedQty=10
[2026-04-23 14:32:18] INFO: ASN WMS-ASN-EXT-00004 Carton CNWH63269: Assigned=Received, Actual=Received, ReceivedQty=10
[2026-04-23 14:32:18] INFO: ASN WMS-ASN-EXT-00004 Carton CNWH63270: Assigned=Received, Actual=Received, ReceivedQty=10
[2026-04-23 14:32:18] INFO: ASN WMS-ASN-EXT-00004 Carton CNWH63271: Assigned=Received, Actual=Received, ReceivedQty=10
[2026-04-23 14:32:18] INFO: ASN WMS-ASN-EXT-00004 Carton CNWH63272: Assigned=Received, Actual=Received, ReceivedQty=10
[2026-04-23 14:32:18] INFO: ASN WMS-ASN-EXT-00004 Carton CNWH63275: Assigned=Received, Actual=Received, ReceivedQty=10
[2026-04-23 14:32:18] INFO: ASN WMS-ASN-EXT-00004 Carton CNWH63277: Assigned=Received, Actual=Received, ReceivedQty=10
[2026-04-23 14:32:18] INFO: ASN WMS-ASN-EXT-00004 Carton CNWH63280: Assigned=Received, Actual=Received, ReceivedQty=10
[2026-04-23 14:32:18] INFO: ASN WMS-ASN-EXT-00004 Carton CNWH63282: Assigned=Received, Actual=Received, ReceivedQty=10
[2026-04-23 14:32:18] INFO: ASN WMS-ASN-EXT-00004 Carton CNWH63283: Assigned=Received, Actual=Received, ReceivedQty=10
[2026-04-23 14:32:18] INFO: ASN WMS-ASN-EXT-00004 Carton CNWH63284: Assigned=Received, Actual=Received, ReceivedQty=10
[2026-04-23 14:32:18] INFO: ASN WMS-ASN-EXT-00004 Carton CNWH63285: Assigned=Received, Actual=Received, ReceivedQty=10
[2026-04-23 14:32:18] INFO: ASN WMS-ASN-EXT-00004 Carton CNWH63286: Assigned=Received, Actual=Received, ReceivedQty=10
[2026-04-23 14:32:18] INFO: ASN WMS-ASN-EXT-00004 Carton CNWH63287: Assigned=Received, Actual=Received, ReceivedQty=10
[2026-04-23 14:32:18] INFO: ASN WMS-ASN-EXT-00004 Carton CNWH63288: Assigned=Received, Actual=Received, ReceivedQty=10
[2026-04-23 14:32:18] INFO: ASN WMS-ASN-EXT-00004 Carton CNWH63289: Assigned=Received, Actual=Received, ReceivedQty=10
[2026-04-23 14:32:18] INFO: ASN WMS-ASN-EXT-00004 Carton CNWH63441: Assigned=Received, Actual=Received, ReceivedQty=10
[2026-04-23 14:32:18] INFO: ASN WMS-ASN-EXT-00004 Carton CNWH63442: Assigned=Received, Actual=Received, ReceivedQty=10
[2026-04-23 14:32:18] INFO: ASN WMS-ASN-EXT-00004 Carton CNWH63444: Assigned=Received, Actual=Received, ReceivedQty=10
[2026-04-23 14:32:18] INFO: ASN WMS-ASN-EXT-00004 Carton CNWH63446: Assigned=Received, Actual=Received, ReceivedQty=10
[2026-04-23 14:32:18] INFO: ASN WMS-ASN-EXT-00004 Carton CNWH63448: Assigned=Received, Actual=Received, ReceivedQty=10
[2026-04-23 14:32:18] INFO: ASN WMS-ASN-EXT-00004 Carton CNWH65363: Assigned=Received, Actual=Received, ReceivedQty=10
[2026-04-23 14:32:18] INFO: ASN WMS-ASN-EXT-00004 Carton CNWH63179: Assigned=Received, Actual=Received, ReceivedQty=10
[2026-04-23 14:32:18] INFO: ASN WMS-ASN-EXT-00004 Carton CNWH63180: Assigned=Received, Actual=Received, ReceivedQty=10
[2026-04-23 14:32:18] INFO: ASN WMS-ASN-EXT-00004 Carton CNWH63196: Assigned=Received, Actual=Received, ReceivedQty=10
[2026-04-23 14:32:18] INFO: ASN WMS-ASN-EXT-00004 Carton CNWH63197: Assigned=Received, Actual=Received, ReceivedQty=10
[2026-04-23 14:32:18] INFO: ASN WMS-ASN-EXT-00004 Carton CNWH63198: Assigned=Received, Actual=Received, ReceivedQty=10
[2026-04-23 14:32:18] INFO: ASN WMS-ASN-EXT-00004 Carton CNWH63199: Assigned=Received, Actual=Received, ReceivedQty=10
[2026-04-23 14:32:18] INFO: ASN WMS-ASN-EXT-00004 Carton CNWH63200: Assigned=Received, Actual=Received, ReceivedQty=10
[2026-04-23 14:32:18] INFO: ASN WMS-ASN-EXT-00004 Carton CNWH63266: Assigned=Received, Actual=Received, ReceivedQty=10
[2026-04-23 14:32:18] INFO: ASN WMS-ASN-EXT-00004 Carton CNWH63268: Assigned=Received, Actual=Received, ReceivedQty=10
[2026-04-23 14:32:18] INFO: ASN WMS-ASN-EXT-00004 Carton CNWH63269: Assigned=Received, Actual=Received, ReceivedQty=10
[2026-04-23 14:32:18] INFO: ASN WMS-ASN-EXT-00004 Carton CNWH63270: Assigned=Received, Actual=Received, ReceivedQty=10
[2026-04-23 14:32:18] INFO: ASN WMS-ASN-EXT-00004 Carton CNWH63271: Assigned=Received, Actual=Received, ReceivedQty=10
[2026-04-23 14:32:18] INFO: ASN WMS-ASN-EXT-00004 Carton CNWH63272: Assigned=Received, Actual=Received, ReceivedQty=10
[2026-04-23 14:32:18] INFO: ASN WMS-ASN-EXT-00004 Carton CNWH63275: Assigned=Received, Actual=Received, ReceivedQty=10
[2026-04-23 14:32:18] INFO: ASN WMS-ASN-EXT-00004 Carton CNWH63277: Assigned=Received, Actual=Received, ReceivedQty=10
[2026-04-23 14:32:18] INFO: ASN WMS-ASN-EXT-00004 Carton CNWH63280: Assigned=Received, Actual=Received, ReceivedQty=10
[2026-04-23 14:32:18] INFO: ASN WMS-ASN-EXT-00004 Carton CNWH63282: Assigned=Received, Actual=Received, ReceivedQty=10
[2026-04-23 14:32:18] INFO: ASN WMS-ASN-EXT-00004 Carton CNWH63283: Assigned=Received, Actual=Received, ReceivedQty=10
[2026-04-23 14:32:18] INFO: ASN WMS-ASN-EXT-00004 Carton CNWH63284: Assigned=Received, Actual=Received, ReceivedQty=10
[2026-04-23 14:32:18] INFO: ASN WMS-ASN-EXT-00004 Carton CNWH63285: Assigned=Received, Actual=Received, ReceivedQty=10
[2026-04-23 14:32:18] INFO: ASN WMS-ASN-EXT-00004 Carton CNWH63286: Assigned=Received, Actual=Received, ReceivedQty=10
[2026-04-23 14:32:18] INFO: ASN WMS-ASN-EXT-00004 Carton CNWH63287: Assigned=Received, Actual=Received, ReceivedQty=10
[2026-04-23 14:32:18] INFO: ASN WMS-ASN-EXT-00004 Carton CNWH63288: Assigned=Received, Actual=Received, ReceivedQty=10
[2026-04-23 14:32:18] INFO: ASN WMS-ASN-EXT-00004 Carton CNWH63289: Assigned=Received, Actual=Received, ReceivedQty=10
[2026-04-23 14:32:18] INFO: ASN WMS-ASN-EXT-00004 Carton CNWH63441: Assigned=Received, Actual=Received, ReceivedQty=10
[2026-04-23 14:32:18] INFO: ASN WMS-ASN-EXT-00004 Carton CNWH63442: Assigned=Received, Actual=Received, ReceivedQty=10
[2026-04-23 14:32:18] INFO: ASN WMS-ASN-EXT-00004 Carton CNWH65363: Assigned=Received, Actual=Received, ReceivedQty=10
[2026-04-23 14:32:18] INFO: ASN WMS-ASN-EXT-00004 Carton CNWH63502: Assigned=Received, Actual=Received, ReceivedQty=10
[2026-04-23 14:32:18] INFO: ASN WMS-ASN-EXT-00004 Carton CNWH63502: Assigned=Received, Actual=Received, ReceivedQty=10
[2026-04-23 14:32:18] INFO: ASN WMS-ASN-EXT-00004 Carton CNWH64607: Assigned=Received, Actual=Received, ReceivedQty=10
[2026-04-23 14:32:21] INFO: ASN ASN-0001 Carton CNWH12858: Assigned=Assigned, Actual=Assigned, ReceivedQty=0
[2026-04-23 14:32:21] INFO: ASN ASN-0001 Carton CNWH12854: Assigned=Assigned, Actual=Assigned, ReceivedQty=0
[2026-04-23 14:32:21] INFO: ASN ASN-0001 Carton CNWH15390: Assigned=Assigned, Actual=Assigned, ReceivedQty=0
[2026-04-23 14:32:21] INFO: ASN ASN-0001 Carton CNWH42441: Assigned=Assigned, Actual=Assigned, ReceivedQty=0
[2026-04-23 14:32:21] INFO: ASN ASN-0001 Carton CNWH64571: Assigned=Assigned, Actual=Assigned, ReceivedQty=0
[2026-04-23 14:32:21] INFO: ASN ASN-0001 Carton CNWH64521: Assigned=Assigned, Actual=Assigned, ReceivedQty=0
[2026-04-23 14:32:21] INFO: ASN ASN-0001 Carton CNWH63561: Assigned=Assigned, Actual=Assigned, ReceivedQty=0
[2026-04-23 14:32:21] INFO: ASN ASN-0001 Carton CNWH63609: Assigned=Assigned, Actual=Assigned, ReceivedQty=0
[2026-04-23 14:32:21] INFO: ASN WMS-ASN-EXT-00004 Carton CNWH63179: Assigned=Received, Actual=Received, ReceivedQty=10
[2026-04-23 14:32:21] INFO: ASN WMS-ASN-EXT-00004 Carton CNWH63180: Assigned=Received, Actual=Received, ReceivedQty=10
[2026-04-23 14:32:21] INFO: ASN WMS-ASN-EXT-00004 Carton CNWH63196: Assigned=Received, Actual=Received, ReceivedQty=10
[2026-04-23 14:32:21] INFO: ASN WMS-ASN-EXT-00004 Carton CNWH63197: Assigned=Received, Actual=Received, ReceivedQty=10
[2026-04-23 14:32:21] INFO: ASN WMS-ASN-EXT-00004 Carton CNWH63198: Assigned=Received, Actual=Received, ReceivedQty=10
[2026-04-23 14:32:21] INFO: ASN WMS-ASN-EXT-00004 Carton CNWH63199: Assigned=Received, Actual=Received, ReceivedQty=10
[2026-04-23 14:32:21] INFO: ASN WMS-ASN-EXT-00004 Carton CNWH63200: Assigned=Received, Actual=Received, ReceivedQty=10
[2026-04-23 14:32:21] INFO: ASN WMS-ASN-EXT-00004 Carton CNWH63266: Assigned=Received, Actual=Received, ReceivedQty=10
[2026-04-23 14:32:21] INFO: ASN WMS-ASN-EXT-00004 Carton CNWH63268: Assigned=Received, Actual=Received, ReceivedQty=10
[2026-04-23 14:32:21] INFO: ASN WMS-ASN-EXT-00004 Carton CNWH63269: Assigned=Received, Actual=Received, ReceivedQty=10
[2026-04-23 14:32:21] INFO: ASN WMS-ASN-EXT-00004 Carton CNWH63270: Assigned=Received, Actual=Received, ReceivedQty=10
[2026-04-23 14:32:21] INFO: ASN WMS-ASN-EXT-00004 Carton CNWH63271: Assigned=Received, Actual=Received, ReceivedQty=10
[2026-04-23 14:32:21] INFO: ASN WMS-ASN-EXT-00004 Carton CNWH63272: Assigned=Received, Actual=Received, ReceivedQty=10
[2026-04-23 14:32:21] INFO: ASN WMS-ASN-EXT-00004 Carton CNWH63275: Assigned=Received, Actual=Received, ReceivedQty=10
[2026-04-23 14:32:21] INFO: ASN WMS-ASN-EXT-00004 Carton CNWH63277: Assigned=Received, Actual=Received, ReceivedQty=10
[2026-04-23 14:32:21] INFO: ASN WMS-ASN-EXT-00004 Carton CNWH63280: Assigned=Received, Actual=Received, ReceivedQty=10
[2026-04-23 14:32:21] INFO: ASN WMS-ASN-EXT-00004 Carton CNWH63282: Assigned=Received, Actual=Received, ReceivedQty=10
[2026-04-23 14:32:21] INFO: ASN WMS-ASN-EXT-00004 Carton CNWH63283: Assigned=Received, Actual=Received, ReceivedQty=10
[2026-04-23 14:32:21] INFO: ASN WMS-ASN-EXT-00004 Carton CNWH63284: Assigned=Received, Actual=Received, ReceivedQty=10
[2026-04-23 14:32:21] INFO: ASN WMS-ASN-EXT-00004 Carton CNWH63285: Assigned=Received, Actual=Received, ReceivedQty=10
[2026-04-23 14:32:21] INFO: ASN WMS-ASN-EXT-00004 Carton CNWH63286: Assigned=Received, Actual=Received, ReceivedQty=10
[2026-04-23 14:32:21] INFO: ASN WMS-ASN-EXT-00004 Carton CNWH63287: Assigned=Received, Actual=Received, ReceivedQty=10
[2026-04-23 14:32:21] INFO: ASN WMS-ASN-EXT-00004 Carton CNWH63288: Assigned=Received, Actual=Received, ReceivedQty=10
[2026-04-23 14:32:21] INFO: ASN WMS-ASN-EXT-00004 Carton CNWH63289: Assigned=Received, Actual=Received, ReceivedQty=10
[2026-04-23 14:32:21] INFO: ASN WMS-ASN-EXT-00004 Carton CNWH63441: Assigned=Received, Actual=Received, ReceivedQty=10
[2026-04-23 14:32:21] INFO: ASN WMS-ASN-EXT-00004 Carton CNWH63442: Assigned=Received, Actual=Received, ReceivedQty=10
[2026-04-23 14:32:21] INFO: ASN WMS-ASN-EXT-00004 Carton CNWH63444: Assigned=Received, Actual=Received, ReceivedQty=10
[2026-04-23 14:32:21] INFO: ASN WMS-ASN-EXT-00004 Carton CNWH63446: Assigned=Received, Actual=Received, ReceivedQty=10
[2026-04-23 14:32:21] INFO: ASN WMS-ASN-EXT-00004 Carton CNWH63448: Assigned=Received, Actual=Received, ReceivedQty=10
[2026-04-23 14:32:21] INFO: ASN WMS-ASN-EXT-00004 Carton CNWH65363: Assigned=Received, Actual=Received, ReceivedQty=10
[2026-04-23 14:32:21] INFO: ASN WMS-ASN-EXT-00004 Carton CNWH63179: Assigned=Received, Actual=Received, ReceivedQty=10
[2026-04-23 14:32:21] INFO: ASN WMS-ASN-EXT-00004 Carton CNWH63180: Assigned=Received, Actual=Received, ReceivedQty=10
[2026-04-23 14:32:21] INFO: ASN WMS-ASN-EXT-00004 Carton CNWH63196: Assigned=Received, Actual=Received, ReceivedQty=10
[2026-04-23 14:32:21] INFO: ASN WMS-ASN-EXT-00004 Carton CNWH63197: Assigned=Received, Actual=Received, ReceivedQty=10
[2026-04-23 14:32:21] INFO: ASN WMS-ASN-EXT-00004 Carton CNWH63198: Assigned=Received, Actual=Received, ReceivedQty=10
[2026-04-23 14:32:21] INFO: ASN WMS-ASN-EXT-00004 Carton CNWH63199: Assigned=Received, Actual=Received, ReceivedQty=10
[2026-04-23 14:32:21] INFO: ASN WMS-ASN-EXT-00004 Carton CNWH63200: Assigned=Received, Actual=Received, ReceivedQty=10
[2026-04-23 14:32:21] INFO: ASN WMS-ASN-EXT-00004 Carton CNWH63266: Assigned=Received, Actual=Received, ReceivedQty=10
[2026-04-23 14:32:21] INFO: ASN WMS-ASN-EXT-00004 Carton CNWH63268: Assigned=Received, Actual=Received, ReceivedQty=10
[2026-04-23 14:32:21] INFO: ASN WMS-ASN-EXT-00004 Carton CNWH63269: Assigned=Received, Actual=Received, ReceivedQty=10
[2026-04-23 14:32:21] INFO: ASN WMS-ASN-EXT-00004 Carton CNWH63270: Assigned=Received, Actual=Received, ReceivedQty=10
[2026-04-23 14:32:21] INFO: ASN WMS-ASN-EXT-00004 Carton CNWH63271: Assigned=Received, Actual=Received, ReceivedQty=10
[2026-04-23 14:32:21] INFO: ASN WMS-ASN-EXT-00004 Carton CNWH63272: Assigned=Received, Actual=Received, ReceivedQty=10
[2026-04-23 14:32:21] INFO: ASN WMS-ASN-EXT-00004 Carton CNWH63275: Assigned=Received, Actual=Received, ReceivedQty=10
[2026-04-23 14:32:21] INFO: ASN WMS-ASN-EXT-00004 Carton CNWH63277: Assigned=Received, Actual=Received, ReceivedQty=10
[2026-04-23 14:32:21] INFO: ASN WMS-ASN-EXT-00004 Carton CNWH63280: Assigned=Received, Actual=Received, ReceivedQty=10
[2026-04-23 14:32:21] INFO: ASN WMS-ASN-EXT-00004 Carton CNWH63282: Assigned=Received, Actual=Received, ReceivedQty=10
[2026-04-23 14:32:21] INFO: ASN WMS-ASN-EXT-00004 Carton CNWH63283: Assigned=Received, Actual=Received, ReceivedQty=10
[2026-04-23 14:32:21] INFO: ASN WMS-ASN-EXT-00004 Carton CNWH63284: Assigned=Received, Actual=Received, ReceivedQty=10
[2026-04-23 14:32:21] INFO: ASN WMS-ASN-EXT-00004 Carton CNWH63285: Assigned=Received, Actual=Received, ReceivedQty=10
[2026-04-23 14:32:21] INFO: ASN WMS-ASN-EXT-00004 Carton CNWH63286: Assigned=Received, Actual=Received, ReceivedQty=10
[2026-04-23 14:32:21] INFO: ASN WMS-ASN-EXT-00004 Carton CNWH63287: Assigned=Received, Actual=Received, ReceivedQty=10
[2026-04-23 14:32:21] INFO: ASN WMS-ASN-EXT-00004 Carton CNWH63288: Assigned=Received, Actual=Received, ReceivedQty=10
[2026-04-23 14:32:21] INFO: ASN WMS-ASN-EXT-00004 Carton CNWH63289: Assigned=Received, Actual=Received, ReceivedQty=10
[2026-04-23 14:32:21] INFO: ASN WMS-ASN-EXT-00004 Carton CNWH63441: Assigned=Received, Actual=Received, ReceivedQty=10
[2026-04-23 14:32:21] INFO: ASN WMS-ASN-EXT-00004 Carton CNWH63442: Assigned=Received, Actual=Received, ReceivedQty=10
[2026-04-23 14:32:21] INFO: ASN WMS-ASN-EXT-00004 Carton CNWH65363: Assigned=Received, Actual=Received, ReceivedQty=10
[2026-04-23 14:32:21] INFO: ASN WMS-ASN-EXT-00004 Carton CNWH63502: Assigned=Received, Actual=Received, ReceivedQty=10
[2026-04-23 14:32:21] INFO: ASN WMS-ASN-EXT-00004 Carton CNWH63502: Assigned=Received, Actual=Received, ReceivedQty=10
[2026-04-23 14:32:21] INFO: ASN WMS-ASN-EXT-00004 Carton CNWH64607: Assigned=Received, Actual=Received, ReceivedQty=10
[2026-04-23 14:32:21] INFO: ASN ASN-0001 Carton CNWH12858: Assigned=Assigned, Actual=Assigned, ReceivedQty=0
[2026-04-23 14:32:21] INFO: ASN ASN-0001 Carton CNWH12854: Assigned=Assigned, Actual=Assigned, ReceivedQty=0
[2026-04-23 14:32:21] INFO: ASN ASN-0001 Carton CNWH15390: Assigned=Assigned, Actual=Assigned, ReceivedQty=0
[2026-04-23 14:32:21] INFO: ASN ASN-0001 Carton CNWH42441: Assigned=Assigned, Actual=Assigned, ReceivedQty=0
[2026-04-23 14:32:21] INFO: ASN ASN-0001 Carton CNWH64571: Assigned=Assigned, Actual=Assigned, ReceivedQty=0
[2026-04-23 14:32:21] INFO: ASN ASN-0001 Carton CNWH64521: Assigned=Assigned, Actual=Assigned, ReceivedQty=0
[2026-04-23 14:32:21] INFO: ASN ASN-0001 Carton CNWH63561: Assigned=Assigned, Actual=Assigned, ReceivedQty=0
[2026-04-23 14:32:21] INFO: ASN ASN-0001 Carton CNWH63609: Assigned=Assigned, Actual=Assigned, ReceivedQty=0
[2026-04-23 14:32:21] INFO: ASN WMS-ASN-EXT-00004 Carton CNWH63179: Assigned=Received, Actual=Received, ReceivedQty=10
[2026-04-23 14:32:21] INFO: ASN WMS-ASN-EXT-00004 Carton CNWH63180: Assigned=Received, Actual=Received, ReceivedQty=10
[2026-04-23 14:32:21] INFO: ASN WMS-ASN-EXT-00004 Carton CNWH63196: Assigned=Received, Actual=Received, ReceivedQty=10
[2026-04-23 14:32:21] INFO: ASN WMS-ASN-EXT-00004 Carton CNWH63197: Assigned=Received, Actual=Received, ReceivedQty=10
[2026-04-23 14:32:21] INFO: ASN WMS-ASN-EXT-00004 Carton CNWH63198: Assigned=Received, Actual=Received, ReceivedQty=10
[2026-04-23 14:32:21] INFO: ASN WMS-ASN-EXT-00004 Carton CNWH63199: Assigned=Received, Actual=Received, ReceivedQty=10
[2026-04-23 14:32:21] INFO: ASN WMS-ASN-EXT-00004 Carton CNWH63200: Assigned=Received, Actual=Received, ReceivedQty=10
[2026-04-23 14:32:21] INFO: ASN WMS-ASN-EXT-00004 Carton CNWH63266: Assigned=Received, Actual=Received, ReceivedQty=10
[2026-04-23 14:32:21] INFO: ASN WMS-ASN-EXT-00004 Carton CNWH63268: Assigned=Received, Actual=Received, ReceivedQty=10
[2026-04-23 14:32:21] INFO: ASN WMS-ASN-EXT-00004 Carton CNWH63269: Assigned=Received, Actual=Received, ReceivedQty=10
[2026-04-23 14:32:21] INFO: ASN WMS-ASN-EXT-00004 Carton CNWH63270: Assigned=Received, Actual=Received, ReceivedQty=10
[2026-04-23 14:32:21] INFO: ASN WMS-ASN-EXT-00004 Carton CNWH63271: Assigned=Received, Actual=Received, ReceivedQty=10
[2026-04-23 14:32:21] INFO: ASN WMS-ASN-EXT-00004 Carton CNWH63272: Assigned=Received, Actual=Received, ReceivedQty=10
[2026-04-23 14:32:21] INFO: ASN WMS-ASN-EXT-00004 Carton CNWH63275: Assigned=Received, Actual=Received, ReceivedQty=10
[2026-04-23 14:32:21] INFO: ASN WMS-ASN-EXT-00004 Carton CNWH63277: Assigned=Received, Actual=Received, ReceivedQty=10
[2026-04-23 14:32:21] INFO: ASN WMS-ASN-EXT-00004 Carton CNWH63280: Assigned=Received, Actual=Received, ReceivedQty=10
[2026-04-23 14:32:21] INFO: ASN WMS-ASN-EXT-00004 Carton CNWH63282: Assigned=Received, Actual=Received, ReceivedQty=10
[2026-04-23 14:32:21] INFO: ASN WMS-ASN-EXT-00004 Carton CNWH63283: Assigned=Received, Actual=Received, ReceivedQty=10
[2026-04-23 14:32:21] INFO: ASN WMS-ASN-EXT-00004 Carton CNWH63284: Assigned=Received, Actual=Received, ReceivedQty=10
[2026-04-23 14:32:21] INFO: ASN WMS-ASN-EXT-00004 Carton CNWH63285: Assigned=Received, Actual=Received, ReceivedQty=10
[2026-04-23 14:32:21] INFO: ASN WMS-ASN-EXT-00004 Carton CNWH63286: Assigned=Received, Actual=Received, ReceivedQty=10
[2026-04-23 14:32:21] INFO: ASN WMS-ASN-EXT-00004 Carton CNWH63287: Assigned=Received, Actual=Received, ReceivedQty=10
[2026-04-23 14:32:21] INFO: ASN WMS-ASN-EXT-00004 Carton CNWH63288: Assigned=Received, Actual=Received, ReceivedQty=10
[2026-04-23 14:32:21] INFO: ASN WMS-ASN-EXT-00004 Carton CNWH63289: Assigned=Received, Actual=Received, ReceivedQty=10
[2026-04-23 14:32:21] INFO: ASN WMS-ASN-EXT-00004 Carton CNWH63441: Assigned=Received, Actual=Received, ReceivedQty=10
[2026-04-23 14:32:21] INFO: ASN WMS-ASN-EXT-00004 Carton CNWH63442: Assigned=Received, Actual=Received, ReceivedQty=10
[2026-04-23 14:32:21] INFO: ASN WMS-ASN-EXT-00004 Carton CNWH63444: Assigned=Received, Actual=Received, ReceivedQty=10
[2026-04-23 14:32:21] INFO: ASN WMS-ASN-EXT-00004 Carton CNWH63446: Assigned=Received, Actual=Received, ReceivedQty=10
[2026-04-23 14:32:21] INFO: ASN WMS-ASN-EXT-00004 Carton CNWH63448: Assigned=Received, Actual=Received, ReceivedQty=10
[2026-04-23 14:32:21] INFO: ASN WMS-ASN-EXT-00004 Carton CNWH65363: Assigned=Received, Actual=Received, ReceivedQty=10
[2026-04-23 14:32:21] INFO: ASN WMS-ASN-EXT-00004 Carton CNWH63179: Assigned=Received, Actual=Received, ReceivedQty=10
[2026-04-23 14:32:21] INFO: ASN WMS-ASN-EXT-00004 Carton CNWH63180: Assigned=Received, Actual=Received, ReceivedQty=10
[2026-04-23 14:32:21] INFO: ASN WMS-ASN-EXT-00004 Carton CNWH63196: Assigned=Received, Actual=Received, ReceivedQty=10
[2026-04-23 14:32:21] INFO: ASN WMS-ASN-EXT-00004 Carton CNWH63197: Assigned=Received, Actual=Received, ReceivedQty=10
[2026-04-23 14:32:21] INFO: ASN WMS-ASN-EXT-00004 Carton CNWH63198: Assigned=Received, Actual=Received, ReceivedQty=10
[2026-04-23 14:32:21] INFO: ASN WMS-ASN-EXT-00004 Carton CNWH63199: Assigned=Received, Actual=Received, ReceivedQty=10
[2026-04-23 14:32:21] INFO: ASN WMS-ASN-EXT-00004 Carton CNWH63200: Assigned=Received, Actual=Received, ReceivedQty=10
[2026-04-23 14:32:21] INFO: ASN WMS-ASN-EXT-00004 Carton CNWH63266: Assigned=Received, Actual=Received, ReceivedQty=10
[2026-04-23 14:32:21] INFO: ASN WMS-ASN-EXT-00004 Carton CNWH63268: Assigned=Received, Actual=Received, ReceivedQty=10
[2026-04-23 14:32:21] INFO: ASN WMS-ASN-EXT-00004 Carton CNWH63269: Assigned=Received, Actual=Received, ReceivedQty=10
[2026-04-23 14:32:21] INFO: ASN WMS-ASN-EXT-00004 Carton CNWH63270: Assigned=Received, Actual=Received, ReceivedQty=10
[2026-04-23 14:32:21] INFO: ASN WMS-ASN-EXT-00004 Carton CNWH63271: Assigned=Received, Actual=Received, ReceivedQty=10
[2026-04-23 14:32:21] INFO: ASN WMS-ASN-EXT-00004 Carton CNWH63272: Assigned=Received, Actual=Received, ReceivedQty=10
[2026-04-23 14:32:21] INFO: ASN WMS-ASN-EXT-00004 Carton CNWH63275: Assigned=Received, Actual=Received, ReceivedQty=10
[2026-04-23 14:32:21] INFO: ASN WMS-ASN-EXT-00004 Carton CNWH63277: Assigned=Received, Actual=Received, ReceivedQty=10
[2026-04-23 14:32:21] INFO: ASN WMS-ASN-EXT-00004 Carton CNWH63280: Assigned=Received, Actual=Received, ReceivedQty=10
[2026-04-23 14:32:21] INFO: ASN WMS-ASN-EXT-00004 Carton CNWH63282: Assigned=Received, Actual=Received, ReceivedQty=10
[2026-04-23 14:32:21] INFO: ASN WMS-ASN-EXT-00004 Carton CNWH63283: Assigned=Received, Actual=Received, ReceivedQty=10
[2026-04-23 14:32:21] INFO: ASN WMS-ASN-EXT-00004 Carton CNWH63284: Assigned=Received, Actual=Received, ReceivedQty=10
[2026-04-23 14:32:21] INFO: ASN WMS-ASN-EXT-00004 Carton CNWH63285: Assigned=Received, Actual=Received, ReceivedQty=10
[2026-04-23 14:32:21] INFO: ASN WMS-ASN-EXT-00004 Carton CNWH63286: Assigned=Received, Actual=Received, ReceivedQty=10
[2026-04-23 14:32:21] INFO: ASN WMS-ASN-EXT-00004 Carton CNWH63287: Assigned=Received, Actual=Received, ReceivedQty=10
[2026-04-23 14:32:21] INFO: ASN WMS-ASN-EXT-00004 Carton CNWH63288: Assigned=Received, Actual=Received, ReceivedQty=10
[2026-04-23 14:32:21] INFO: ASN WMS-ASN-EXT-00004 Carton CNWH63289: Assigned=Received, Actual=Received, ReceivedQty=10
[2026-04-23 14:32:21] INFO: ASN WMS-ASN-EXT-00004 Carton CNWH63441: Assigned=Received, Actual=Received, ReceivedQty=10
[2026-04-23 14:32:21] INFO: ASN WMS-ASN-EXT-00004 Carton CNWH63442: Assigned=Received, Actual=Received, ReceivedQty=10
[2026-04-23 14:32:21] INFO: ASN WMS-ASN-EXT-00004 Carton CNWH65363: Assigned=Received, Actual=Received, ReceivedQty=10
[2026-04-23 14:32:21] INFO: ASN WMS-ASN-EXT-00004 Carton CNWH63502: Assigned=Received, Actual=Received, ReceivedQty=10
[2026-04-23 14:32:21] INFO: ASN WMS-ASN-EXT-00004 Carton CNWH63502: Assigned=Received, Actual=Received, ReceivedQty=10
[2026-04-23 14:32:21] INFO: ASN WMS-ASN-EXT-00004 Carton CNWH64607: Assigned=Received, Actual=Received, ReceivedQty=10
[2026-04-23 14:32:21] ERROR: TransferOrderApiService: Error fetching transfer orders from API
Exception Type: HttpRequestException
Exception Message: No connection could be made because the target machine actively refused it. (localhost:3000)
Stack Trace:    at System.Net.Http.HttpConnectionPool.ConnectToTcpHostAsync(String host, Int32 port, HttpRequestMessage initialRequest, Boolean async, CancellationToken cancellationToken)
   at System.Net.Http.HttpConnectionPool.ConnectAsync(HttpRequestMessage request, Boolean async, CancellationToken cancellationToken)
   at System.Net.Http.HttpConnectionPool.CreateHttp11ConnectionAsync(HttpRequestMessage request, Boolean async, CancellationToken cancellationToken)
   at System.Net.Http.HttpConnectionPool.AddHttp11ConnectionAsync(QueueItem queueItem)
   at System.Threading.Tasks.TaskCompletionSourceWithCancellation`1.WaitWithCancellationAsync(CancellationToken cancellationToken)
   at System.Net.Http.HttpConnectionPool.SendWithVersionDetectionAndRetryAsync(HttpRequestMessage request, Boolean async, Boolean doRequestAuth, CancellationToken cancellationToken)
   at System.Net.Http.RedirectHandler.SendAsync(HttpRequestMessage request, Boolean async, CancellationToken cancellationToken)
   at System.Net.Http.HttpClient.<SendAsync>g__Core|83_0(HttpRequestMessage request, HttpCompletionOption completionOption, CancellationTokenSource cts, Boolean disposeCts, CancellationTokenSource pendingRequestsCts, CancellationToken originalCancellationToken)
   at Wms.Desktop.Services.TransferOrderApiService.FetchTransferOrdersFromApiAsync(WmsSettings settings) in D:\Development Project\Printechs WMS\Wms.Desktop\Services\TransferOrderApiService.cs:line 41
Inner Exception: No connection could be made because the target machine actively refused it.
--------------------------------------------------------------------------------
[2026-04-23 14:32:21] INFO: TransferOrderSyncService: No transfer orders from API or API not available - keeping existing data
[2026-04-23 14:32:38] INFO: ErpNextWmsSyncApiService: Fetched 4 item code(s) from ERPNext for ASN WMS-ASN-EXT-00004 (use as filter for PR/received qty).
[2026-04-23 14:32:38] INFO: ErpNextWmsSyncApiService: Pushing ASN received qty for WMS-ASN-EXT-00004, 4 line(s) (aggregated by item). Item codes: [324249:300, 324250:270, 324251:10, 324252:20], to http://printechsdammam.dyndns.org:88/api/method/printechs_wms.api.asn_receiving.update_asn_received_qty
[2026-04-23 14:32:38] INFO: ErpNextWmsSyncApiService: ASN received qty updated successfully.
[2026-04-23 14:32:38] INFO: ErpNextWmsSyncApiService: Fetched 4 item code(s) from ERPNext for ASN WMS-ASN-EXT-00004 (use as filter for PR/received qty).
[2026-04-23 14:32:38] INFO: ErpNextWmsSyncApiService: Creating Purchase Receipt for ASN WMS-ASN-EXT-00004, warehouse Main Warehouse - MAATC, 4 line(s). Item codes: [324249:300, 324250:270, 324251:10, 324252:20]
[2026-04-23 14:32:38] INFO: ErpNextWmsSyncApiService: Create Purchase Receipt succeeded. Purchase Receipt: MAT-PRE-2026-00006
[2026-04-23 14:32:38] INFO: AsnDataService: SetAsnPurchaseReceiptNo saved MAT-PRE-2026-00006 for ASN WMS-ASN-EXT-00004.
[2026-04-23 14:32:38] INFO: ASN ASN-0001 Carton CNWH12858: Assigned=Assigned, Actual=Assigned, ReceivedQty=0
[2026-04-23 14:32:38] INFO: ASN ASN-0001 Carton CNWH12854: Assigned=Assigned, Actual=Assigned, ReceivedQty=0
[2026-04-23 14:32:38] INFO: ASN ASN-0001 Carton CNWH15390: Assigned=Assigned, Actual=Assigned, ReceivedQty=0
[2026-04-23 14:32:38] INFO: ASN ASN-0001 Carton CNWH42441: Assigned=Assigned, Actual=Assigned, ReceivedQty=0
[2026-04-23 14:32:38] INFO: ASN ASN-0001 Carton CNWH64571: Assigned=Assigned, Actual=Assigned, ReceivedQty=0
[2026-04-23 14:32:38] INFO: ASN ASN-0001 Carton CNWH64521: Assigned=Assigned, Actual=Assigned, ReceivedQty=0
[2026-04-23 14:32:38] INFO: ASN ASN-0001 Carton CNWH63561: Assigned=Assigned, Actual=Assigned, ReceivedQty=0
[2026-04-23 14:32:38] INFO: ASN ASN-0001 Carton CNWH63609: Assigned=Assigned, Actual=Assigned, ReceivedQty=0
[2026-04-23 14:32:38] INFO: ASN WMS-ASN-EXT-00004 Carton CNWH63179: Assigned=Received, Actual=Received, ReceivedQty=10
[2026-04-23 14:32:38] INFO: ASN WMS-ASN-EXT-00004 Carton CNWH63180: Assigned=Received, Actual=Received, ReceivedQty=10
[2026-04-23 14:32:38] INFO: ASN WMS-ASN-EXT-00004 Carton CNWH63196: Assigned=Received, Actual=Received, ReceivedQty=10
[2026-04-23 14:32:38] INFO: ASN WMS-ASN-EXT-00004 Carton CNWH63197: Assigned=Received, Actual=Received, ReceivedQty=10
[2026-04-23 14:32:38] INFO: ASN WMS-ASN-EXT-00004 Carton CNWH63198: Assigned=Received, Actual=Received, ReceivedQty=10
[2026-04-23 14:32:38] INFO: ASN WMS-ASN-EXT-00004 Carton CNWH63199: Assigned=Received, Actual=Received, ReceivedQty=10
[2026-04-23 14:32:38] INFO: ASN WMS-ASN-EXT-00004 Carton CNWH63200: Assigned=Received, Actual=Received, ReceivedQty=10
[2026-04-23 14:32:38] INFO: ASN WMS-ASN-EXT-00004 Carton CNWH63266: Assigned=Received, Actual=Received, ReceivedQty=10
[2026-04-23 14:32:38] INFO: ASN WMS-ASN-EXT-00004 Carton CNWH63268: Assigned=Received, Actual=Received, ReceivedQty=10
[2026-04-23 14:32:38] INFO: ASN WMS-ASN-EXT-00004 Carton CNWH63269: Assigned=Received, Actual=Received, ReceivedQty=10
[2026-04-23 14:32:38] INFO: ASN WMS-ASN-EXT-00004 Carton CNWH63270: Assigned=Received, Actual=Received, ReceivedQty=10
[2026-04-23 14:32:38] INFO: ASN WMS-ASN-EXT-00004 Carton CNWH63271: Assigned=Received, Actual=Received, ReceivedQty=10
[2026-04-23 14:32:38] INFO: ASN WMS-ASN-EXT-00004 Carton CNWH63272: Assigned=Received, Actual=Received, ReceivedQty=10
[2026-04-23 14:32:38] INFO: ASN WMS-ASN-EXT-00004 Carton CNWH63275: Assigned=Received, Actual=Received, ReceivedQty=10
[2026-04-23 14:32:38] INFO: ASN WMS-ASN-EXT-00004 Carton CNWH63277: Assigned=Received, Actual=Received, ReceivedQty=10
[2026-04-23 14:32:38] INFO: ASN WMS-ASN-EXT-00004 Carton CNWH63280: Assigned=Received, Actual=Received, ReceivedQty=10
[2026-04-23 14:32:38] INFO: ASN WMS-ASN-EXT-00004 Carton CNWH63282: Assigned=Received, Actual=Received, ReceivedQty=10
[2026-04-23 14:32:38] INFO: ASN WMS-ASN-EXT-00004 Carton CNWH63283: Assigned=Received, Actual=Received, ReceivedQty=10
[2026-04-23 14:32:38] INFO: ASN WMS-ASN-EXT-00004 Carton CNWH63284: Assigned=Received, Actual=Received, ReceivedQty=10
[2026-04-23 14:32:38] INFO: ASN WMS-ASN-EXT-00004 Carton CNWH63285: Assigned=Received, Actual=Received, ReceivedQty=10
[2026-04-23 14:32:38] INFO: ASN WMS-ASN-EXT-00004 Carton CNWH63286: Assigned=Received, Actual=Received, ReceivedQty=10
[2026-04-23 14:32:38] INFO: ASN WMS-ASN-EXT-00004 Carton CNWH63287: Assigned=Received, Actual=Received, ReceivedQty=10
[2026-04-23 14:32:38] INFO: ASN WMS-ASN-EXT-00004 Carton CNWH63288: Assigned=Received, Actual=Received, ReceivedQty=10
[2026-04-23 14:32:38] INFO: ASN WMS-ASN-EXT-00004 Carton CNWH63289: Assigned=Received, Actual=Received, ReceivedQty=10
[2026-04-23 14:32:38] INFO: ASN WMS-ASN-EXT-00004 Carton CNWH63441: Assigned=Received, Actual=Received, ReceivedQty=10
[2026-04-23 14:32:38] INFO: ASN WMS-ASN-EXT-00004 Carton CNWH63442: Assigned=Received, Actual=Received, ReceivedQty=10
[2026-04-23 14:32:38] INFO: ASN WMS-ASN-EXT-00004 Carton CNWH63444: Assigned=Received, Actual=Received, ReceivedQty=10
[2026-04-23 14:32:38] INFO: ASN WMS-ASN-EXT-00004 Carton CNWH63446: Assigned=Received, Actual=Received, ReceivedQty=10
[2026-04-23 14:32:38] INFO: ASN WMS-ASN-EXT-00004 Carton CNWH63448: Assigned=Received, Actual=Received, ReceivedQty=10
[2026-04-23 14:32:38] INFO: ASN WMS-ASN-EXT-00004 Carton CNWH65363: Assigned=Received, Actual=Received, ReceivedQty=10
[2026-04-23 14:32:38] INFO: ASN WMS-ASN-EXT-00004 Carton CNWH63179: Assigned=Received, Actual=Received, ReceivedQty=10
[2026-04-23 14:32:38] INFO: ASN WMS-ASN-EXT-00004 Carton CNWH63180: Assigned=Received, Actual=Received, ReceivedQty=10
[2026-04-23 14:32:38] INFO: ASN WMS-ASN-EXT-00004 Carton CNWH63196: Assigned=Received, Actual=Received, ReceivedQty=10
[2026-04-23 14:32:38] INFO: ASN WMS-ASN-EXT-00004 Carton CNWH63197: Assigned=Received, Actual=Received, ReceivedQty=10
[2026-04-23 14:32:38] INFO: ASN WMS-ASN-EXT-00004 Carton CNWH63198: Assigned=Received, Actual=Received, ReceivedQty=10
[2026-04-23 14:32:38] INFO: ASN WMS-ASN-EXT-00004 Carton CNWH63199: Assigned=Received, Actual=Received, ReceivedQty=10
[2026-04-23 14:32:38] INFO: ASN WMS-ASN-EXT-00004 Carton CNWH63200: Assigned=Received, Actual=Received, ReceivedQty=10
[2026-04-23 14:32:38] INFO: ASN WMS-ASN-EXT-00004 Carton CNWH63266: Assigned=Received, Actual=Received, ReceivedQty=10
[2026-04-23 14:32:38] INFO: ASN WMS-ASN-EXT-00004 Carton CNWH63268: Assigned=Received, Actual=Received, ReceivedQty=10
[2026-04-23 14:32:38] INFO: ASN WMS-ASN-EXT-00004 Carton CNWH63269: Assigned=Received, Actual=Received, ReceivedQty=10
[2026-04-23 14:32:38] INFO: ASN WMS-ASN-EXT-00004 Carton CNWH63270: Assigned=Received, Actual=Received, ReceivedQty=10
[2026-04-23 14:32:38] INFO: ASN WMS-ASN-EXT-00004 Carton CNWH63271: Assigned=Received, Actual=Received, ReceivedQty=10
[2026-04-23 14:32:38] INFO: ASN WMS-ASN-EXT-00004 Carton CNWH63272: Assigned=Received, Actual=Received, ReceivedQty=10
[2026-04-23 14:32:38] INFO: ASN WMS-ASN-EXT-00004 Carton CNWH63275: Assigned=Received, Actual=Received, ReceivedQty=10
[2026-04-23 14:32:38] INFO: ASN WMS-ASN-EXT-00004 Carton CNWH63277: Assigned=Received, Actual=Received, ReceivedQty=10
[2026-04-23 14:32:38] INFO: ASN WMS-ASN-EXT-00004 Carton CNWH63280: Assigned=Received, Actual=Received, ReceivedQty=10
[2026-04-23 14:32:38] INFO: ASN WMS-ASN-EXT-00004 Carton CNWH63282: Assigned=Received, Actual=Received, ReceivedQty=10
[2026-04-23 14:32:38] INFO: ASN WMS-ASN-EXT-00004 Carton CNWH63283: Assigned=Received, Actual=Received, ReceivedQty=10
[2026-04-23 14:32:38] INFO: ASN WMS-ASN-EXT-00004 Carton CNWH63284: Assigned=Received, Actual=Received, ReceivedQty=10
[2026-04-23 14:32:38] INFO: ASN WMS-ASN-EXT-00004 Carton CNWH63285: Assigned=Received, Actual=Received, ReceivedQty=10
[2026-04-23 14:32:38] INFO: ASN WMS-ASN-EXT-00004 Carton CNWH63286: Assigned=Received, Actual=Received, ReceivedQty=10
[2026-04-23 14:32:38] INFO: ASN WMS-ASN-EXT-00004 Carton CNWH63287: Assigned=Received, Actual=Received, ReceivedQty=10
[2026-04-23 14:32:38] INFO: ASN WMS-ASN-EXT-00004 Carton CNWH63288: Assigned=Received, Actual=Received, ReceivedQty=10
[2026-04-23 14:32:38] INFO: ASN WMS-ASN-EXT-00004 Carton CNWH63289: Assigned=Received, Actual=Received, ReceivedQty=10
[2026-04-23 14:32:38] INFO: ASN WMS-ASN-EXT-00004 Carton CNWH63441: Assigned=Received, Actual=Received, ReceivedQty=10
[2026-04-23 14:32:38] INFO: ASN WMS-ASN-EXT-00004 Carton CNWH63442: Assigned=Received, Actual=Received, ReceivedQty=10
[2026-04-23 14:32:38] INFO: ASN WMS-ASN-EXT-00004 Carton CNWH65363: Assigned=Received, Actual=Received, ReceivedQty=10
[2026-04-23 14:32:38] INFO: ASN WMS-ASN-EXT-00004 Carton CNWH63502: Assigned=Received, Actual=Received, ReceivedQty=10
[2026-04-23 14:32:38] INFO: ASN WMS-ASN-EXT-00004 Carton CNWH63502: Assigned=Received, Actual=Received, ReceivedQty=10
[2026-04-23 14:32:38] INFO: ASN WMS-ASN-EXT-00004 Carton CNWH64607: Assigned=Received, Actual=Received, ReceivedQty=10
[2026-04-23 14:32:43] INFO: ASN ASN-0001 Carton CNWH12858: Assigned=Assigned, Actual=Assigned, ReceivedQty=0
[2026-04-23 14:32:43] INFO: ASN ASN-0001 Carton CNWH12854: Assigned=Assigned, Actual=Assigned, ReceivedQty=0
[2026-04-23 14:32:43] INFO: ASN ASN-0001 Carton CNWH15390: Assigned=Assigned, Actual=Assigned, ReceivedQty=0
[2026-04-23 14:32:43] INFO: ASN ASN-0001 Carton CNWH42441: Assigned=Assigned, Actual=Assigned, ReceivedQty=0
[2026-04-23 14:32:43] INFO: ASN ASN-0001 Carton CNWH64571: Assigned=Assigned, Actual=Assigned, ReceivedQty=0
[2026-04-23 14:32:43] INFO: ASN ASN-0001 Carton CNWH64521: Assigned=Assigned, Actual=Assigned, ReceivedQty=0
[2026-04-23 14:32:43] INFO: ASN ASN-0001 Carton CNWH63561: Assigned=Assigned, Actual=Assigned, ReceivedQty=0
[2026-04-23 14:32:43] INFO: ASN ASN-0001 Carton CNWH63609: Assigned=Assigned, Actual=Assigned, ReceivedQty=0
[2026-04-23 14:32:43] INFO: ASN WMS-ASN-EXT-00004 Carton CNWH63179: Assigned=Received, Actual=Received, ReceivedQty=10
[2026-04-23 14:32:43] INFO: ASN WMS-ASN-EXT-00004 Carton CNWH63180: Assigned=Received, Actual=Received, ReceivedQty=10
[2026-04-23 14:32:43] INFO: ASN WMS-ASN-EXT-00004 Carton CNWH63196: Assigned=Received, Actual=Received, ReceivedQty=10
[2026-04-23 14:32:43] INFO: ASN WMS-ASN-EXT-00004 Carton CNWH63197: Assigned=Received, Actual=Received, ReceivedQty=10
[2026-04-23 14:32:43] INFO: ASN WMS-ASN-EXT-00004 Carton CNWH63198: Assigned=Received, Actual=Received, ReceivedQty=10
[2026-04-23 14:32:43] INFO: ASN WMS-ASN-EXT-00004 Carton CNWH63199: Assigned=Received, Actual=Received, ReceivedQty=10
[2026-04-23 14:32:43] INFO: ASN WMS-ASN-EXT-00004 Carton CNWH63200: Assigned=Received, Actual=Received, ReceivedQty=10
[2026-04-23 14:32:43] INFO: ASN WMS-ASN-EXT-00004 Carton CNWH63266: Assigned=Received, Actual=Received, ReceivedQty=10
[2026-04-23 14:32:43] INFO: ASN WMS-ASN-EXT-00004 Carton CNWH63268: Assigned=Received, Actual=Received, ReceivedQty=10
[2026-04-23 14:32:43] INFO: ASN WMS-ASN-EXT-00004 Carton CNWH63269: Assigned=Received, Actual=Received, ReceivedQty=10
[2026-04-23 14:32:43] INFO: ASN WMS-ASN-EXT-00004 Carton CNWH63270: Assigned=Received, Actual=Received, ReceivedQty=10
[2026-04-23 14:32:43] INFO: ASN WMS-ASN-EXT-00004 Carton CNWH63271: Assigned=Received, Actual=Received, ReceivedQty=10
[2026-04-23 14:32:43] INFO: ASN WMS-ASN-EXT-00004 Carton CNWH63272: Assigned=Received, Actual=Received, ReceivedQty=10
[2026-04-23 14:32:43] INFO: ASN WMS-ASN-EXT-00004 Carton CNWH63275: Assigned=Received, Actual=Received, ReceivedQty=10
[2026-04-23 14:32:43] INFO: ASN WMS-ASN-EXT-00004 Carton CNWH63277: Assigned=Received, Actual=Received, ReceivedQty=10
[2026-04-23 14:32:43] INFO: ASN WMS-ASN-EXT-00004 Carton CNWH63280: Assigned=Received, Actual=Received, ReceivedQty=10
[2026-04-23 14:32:43] INFO: ASN WMS-ASN-EXT-00004 Carton CNWH63282: Assigned=Received, Actual=Received, ReceivedQty=10
[2026-04-23 14:32:43] INFO: ASN WMS-ASN-EXT-00004 Carton CNWH63283: Assigned=Received, Actual=Received, ReceivedQty=10
[2026-04-23 14:32:43] INFO: ASN WMS-ASN-EXT-00004 Carton CNWH63284: Assigned=Received, Actual=Received, ReceivedQty=10
[2026-04-23 14:32:43] INFO: ASN WMS-ASN-EXT-00004 Carton CNWH63285: Assigned=Received, Actual=Received, ReceivedQty=10
[2026-04-23 14:32:43] INFO: ASN WMS-ASN-EXT-00004 Carton CNWH63286: Assigned=Received, Actual=Received, ReceivedQty=10
[2026-04-23 14:32:43] INFO: ASN WMS-ASN-EXT-00004 Carton CNWH63287: Assigned=Received, Actual=Received, ReceivedQty=10
[2026-04-23 14:32:43] INFO: ASN WMS-ASN-EXT-00004 Carton CNWH63288: Assigned=Received, Actual=Received, ReceivedQty=10
[2026-04-23 14:32:43] INFO: ASN WMS-ASN-EXT-00004 Carton CNWH63289: Assigned=Received, Actual=Received, ReceivedQty=10
[2026-04-23 14:32:43] INFO: ASN WMS-ASN-EXT-00004 Carton CNWH63441: Assigned=Received, Actual=Received, ReceivedQty=10
[2026-04-23 14:32:43] INFO: ASN WMS-ASN-EXT-00004 Carton CNWH63442: Assigned=Received, Actual=Received, ReceivedQty=10
[2026-04-23 14:32:43] INFO: ASN WMS-ASN-EXT-00004 Carton CNWH63444: Assigned=Received, Actual=Received, ReceivedQty=10
[2026-04-23 14:32:43] INFO: ASN WMS-ASN-EXT-00004 Carton CNWH63446: Assigned=Received, Actual=Received, ReceivedQty=10
[2026-04-23 14:32:43] INFO: ASN WMS-ASN-EXT-00004 Carton CNWH63448: Assigned=Received, Actual=Received, ReceivedQty=10
[2026-04-23 14:32:43] INFO: ASN WMS-ASN-EXT-00004 Carton CNWH65363: Assigned=Received, Actual=Received, ReceivedQty=10
[2026-04-23 14:32:43] INFO: ASN WMS-ASN-EXT-00004 Carton CNWH63179: Assigned=Received, Actual=Received, ReceivedQty=10
[2026-04-23 14:32:43] INFO: ASN WMS-ASN-EXT-00004 Carton CNWH63180: Assigned=Received, Actual=Received, ReceivedQty=10
[2026-04-23 14:32:43] INFO: ASN WMS-ASN-EXT-00004 Carton CNWH63196: Assigned=Received, Actual=Received, ReceivedQty=10
[2026-04-23 14:32:43] INFO: ASN WMS-ASN-EXT-00004 Carton CNWH63197: Assigned=Received, Actual=Received, ReceivedQty=10
[2026-04-23 14:32:43] INFO: ASN WMS-ASN-EXT-00004 Carton CNWH63198: Assigned=Received, Actual=Received, ReceivedQty=10
[2026-04-23 14:32:43] INFO: ASN WMS-ASN-EXT-00004 Carton CNWH63199: Assigned=Received, Actual=Received, ReceivedQty=10
[2026-04-23 14:32:43] INFO: ASN WMS-ASN-EXT-00004 Carton CNWH63200: Assigned=Received, Actual=Received, ReceivedQty=10
[2026-04-23 14:32:43] INFO: ASN WMS-ASN-EXT-00004 Carton CNWH63266: Assigned=Received, Actual=Received, ReceivedQty=10
[2026-04-23 14:32:43] INFO: ASN WMS-ASN-EXT-00004 Carton CNWH63268: Assigned=Received, Actual=Received, ReceivedQty=10
[2026-04-23 14:32:43] INFO: ASN WMS-ASN-EXT-00004 Carton CNWH63269: Assigned=Received, Actual=Received, ReceivedQty=10
[2026-04-23 14:32:43] INFO: ASN WMS-ASN-EXT-00004 Carton CNWH63270: Assigned=Received, Actual=Received, ReceivedQty=10
[2026-04-23 14:32:43] INFO: ASN WMS-ASN-EXT-00004 Carton CNWH63271: Assigned=Received, Actual=Received, ReceivedQty=10
[2026-04-23 14:32:43] INFO: ASN WMS-ASN-EXT-00004 Carton CNWH63272: Assigned=Received, Actual=Received, ReceivedQty=10
[2026-04-23 14:32:43] INFO: ASN WMS-ASN-EXT-00004 Carton CNWH63275: Assigned=Received, Actual=Received, ReceivedQty=10
[2026-04-23 14:32:43] INFO: ASN WMS-ASN-EXT-00004 Carton CNWH63277: Assigned=Received, Actual=Received, ReceivedQty=10
[2026-04-23 14:32:43] INFO: ASN WMS-ASN-EXT-00004 Carton CNWH63280: Assigned=Received, Actual=Received, ReceivedQty=10
[2026-04-23 14:32:43] INFO: ASN WMS-ASN-EXT-00004 Carton CNWH63282: Assigned=Received, Actual=Received, ReceivedQty=10
[2026-04-23 14:32:43] INFO: ASN WMS-ASN-EXT-00004 Carton CNWH63283: Assigned=Received, Actual=Received, ReceivedQty=10
[2026-04-23 14:32:43] INFO: ASN WMS-ASN-EXT-00004 Carton CNWH63284: Assigned=Received, Actual=Received, ReceivedQty=10
[2026-04-23 14:32:43] INFO: ASN WMS-ASN-EXT-00004 Carton CNWH63285: Assigned=Received, Actual=Received, ReceivedQty=10
[2026-04-23 14:32:43] INFO: ASN WMS-ASN-EXT-00004 Carton CNWH63286: Assigned=Received, Actual=Received, ReceivedQty=10
[2026-04-23 14:32:43] INFO: ASN WMS-ASN-EXT-00004 Carton CNWH63287: Assigned=Received, Actual=Received, ReceivedQty=10
[2026-04-23 14:32:43] INFO: ASN WMS-ASN-EXT-00004 Carton CNWH63288: Assigned=Received, Actual=Received, ReceivedQty=10
[2026-04-23 14:32:43] INFO: ASN WMS-ASN-EXT-00004 Carton CNWH63289: Assigned=Received, Actual=Received, ReceivedQty=10
[2026-04-23 14:32:43] INFO: ASN WMS-ASN-EXT-00004 Carton CNWH63441: Assigned=Received, Actual=Received, ReceivedQty=10
[2026-04-23 14:32:43] INFO: ASN WMS-ASN-EXT-00004 Carton CNWH63442: Assigned=Received, Actual=Received, ReceivedQty=10
[2026-04-23 14:32:43] INFO: ASN WMS-ASN-EXT-00004 Carton CNWH65363: Assigned=Received, Actual=Received, ReceivedQty=10
[2026-04-23 14:32:43] INFO: ASN WMS-ASN-EXT-00004 Carton CNWH63502: Assigned=Received, Actual=Received, ReceivedQty=10
[2026-04-23 14:32:43] INFO: ASN WMS-ASN-EXT-00004 Carton CNWH63502: Assigned=Received, Actual=Received, ReceivedQty=10
[2026-04-23 14:32:43] INFO: ASN WMS-ASN-EXT-00004 Carton CNWH64607: Assigned=Received, Actual=Received, ReceivedQty=10
[2026-04-23 14:37:15] INFO: ASN ASN-0001 Carton CNWH12858: Assigned=Assigned, Actual=Assigned, ReceivedQty=0
[2026-04-23 14:37:15] INFO: ASN ASN-0001 Carton CNWH12854: Assigned=Assigned, Actual=Assigned, ReceivedQty=0
[2026-04-23 14:37:15] INFO: ASN ASN-0001 Carton CNWH15390: Assigned=Assigned, Actual=Assigned, ReceivedQty=0
[2026-04-23 14:37:15] INFO: ASN ASN-0001 Carton CNWH42441: Assigned=Assigned, Actual=Assigned, ReceivedQty=0
[2026-04-23 14:37:15] INFO: ASN ASN-0001 Carton CNWH64571: Assigned=Assigned, Actual=Assigned, ReceivedQty=0
[2026-04-23 14:37:15] INFO: ASN ASN-0001 Carton CNWH64521: Assigned=Assigned, Actual=Assigned, ReceivedQty=0
[2026-04-23 14:37:15] INFO: ASN ASN-0001 Carton CNWH63561: Assigned=Assigned, Actual=Assigned, ReceivedQty=0
[2026-04-23 14:37:15] INFO: ASN ASN-0001 Carton CNWH63609: Assigned=Assigned, Actual=Assigned, ReceivedQty=0
[2026-04-23 14:37:15] INFO: ASN WMS-ASN-EXT-00004 Carton CNWH63179: Assigned=Received, Actual=Received, ReceivedQty=10
[2026-04-23 14:37:15] INFO: ASN WMS-ASN-EXT-00004 Carton CNWH63180: Assigned=Received, Actual=Received, ReceivedQty=10
[2026-04-23 14:37:15] INFO: ASN WMS-ASN-EXT-00004 Carton CNWH63196: Assigned=Received, Actual=Received, ReceivedQty=10
[2026-04-23 14:37:15] INFO: ASN WMS-ASN-EXT-00004 Carton CNWH63197: Assigned=Received, Actual=Received, ReceivedQty=10
[2026-04-23 14:37:15] INFO: ASN WMS-ASN-EXT-00004 Carton CNWH63198: Assigned=Received, Actual=Received, ReceivedQty=10
[2026-04-23 14:37:15] INFO: ASN WMS-ASN-EXT-00004 Carton CNWH63199: Assigned=Received, Actual=Received, ReceivedQty=10
[2026-04-23 14:37:15] INFO: ASN WMS-ASN-EXT-00004 Carton CNWH63200: Assigned=Received, Actual=Received, ReceivedQty=10
[2026-04-23 14:37:15] INFO: ASN WMS-ASN-EXT-00004 Carton CNWH63266: Assigned=Received, Actual=Received, ReceivedQty=10
[2026-04-23 14:37:15] INFO: ASN WMS-ASN-EXT-00004 Carton CNWH63268: Assigned=Received, Actual=Received, ReceivedQty=10
[2026-04-23 14:37:15] INFO: ASN WMS-ASN-EXT-00004 Carton CNWH63269: Assigned=Received, Actual=Received, ReceivedQty=10
[2026-04-23 14:37:15] INFO: ASN WMS-ASN-EXT-00004 Carton CNWH63270: Assigned=Received, Actual=Received, ReceivedQty=10
[2026-04-23 14:37:15] INFO: ASN WMS-ASN-EXT-00004 Carton CNWH63271: Assigned=Received, Actual=Received, ReceivedQty=10
[2026-04-23 14:37:15] INFO: ASN WMS-ASN-EXT-00004 Carton CNWH63272: Assigned=Received, Actual=Received, ReceivedQty=10
[2026-04-23 14:37:15] INFO: ASN WMS-ASN-EXT-00004 Carton CNWH63275: Assigned=Received, Actual=Received, ReceivedQty=10
[2026-04-23 14:37:15] INFO: ASN WMS-ASN-EXT-00004 Carton CNWH63277: Assigned=Received, Actual=Received, ReceivedQty=10
[2026-04-23 14:37:15] INFO: ASN WMS-ASN-EXT-00004 Carton CNWH63280: Assigned=Received, Actual=Received, ReceivedQty=10
[2026-04-23 14:37:15] INFO: ASN WMS-ASN-EXT-00004 Carton CNWH63282: Assigned=Received, Actual=Received, ReceivedQty=10
[2026-04-23 14:37:15] INFO: ASN WMS-ASN-EXT-00004 Carton CNWH63283: Assigned=Received, Actual=Received, ReceivedQty=10
[2026-04-23 14:37:15] INFO: ASN WMS-ASN-EXT-00004 Carton CNWH63284: Assigned=Received, Actual=Received, ReceivedQty=10
[2026-04-23 14:37:15] INFO: ASN WMS-ASN-EXT-00004 Carton CNWH63285: Assigned=Received, Actual=Received, ReceivedQty=10
[2026-04-23 14:37:15] INFO: ASN WMS-ASN-EXT-00004 Carton CNWH63286: Assigned=Received, Actual=Received, ReceivedQty=10
[2026-04-23 14:37:15] INFO: ASN WMS-ASN-EXT-00004 Carton CNWH63287: Assigned=Received, Actual=Received, ReceivedQty=10
[2026-04-23 14:37:15] INFO: ASN WMS-ASN-EXT-00004 Carton CNWH63288: Assigned=Received, Actual=Received, ReceivedQty=10
[2026-04-23 14:37:15] INFO: ASN WMS-ASN-EXT-00004 Carton CNWH63289: Assigned=Received, Actual=Received, ReceivedQty=10
[2026-04-23 14:37:15] INFO: ASN WMS-ASN-EXT-00004 Carton CNWH63441: Assigned=Received, Actual=Received, ReceivedQty=10
[2026-04-23 14:37:15] INFO: ASN WMS-ASN-EXT-00004 Carton CNWH63442: Assigned=Received, Actual=Received, ReceivedQty=10
[2026-04-23 14:37:15] INFO: ASN WMS-ASN-EXT-00004 Carton CNWH63444: Assigned=Received, Actual=Received, ReceivedQty=10
[2026-04-23 14:37:15] INFO: ASN WMS-ASN-EXT-00004 Carton CNWH63446: Assigned=Received, Actual=Received, ReceivedQty=10
[2026-04-23 14:37:15] INFO: ASN WMS-ASN-EXT-00004 Carton CNWH63448: Assigned=Received, Actual=Received, ReceivedQty=10
[2026-04-23 14:37:15] INFO: ASN WMS-ASN-EXT-00004 Carton CNWH65363: Assigned=Received, Actual=Received, ReceivedQty=10
[2026-04-23 14:37:15] INFO: ASN WMS-ASN-EXT-00004 Carton CNWH63179: Assigned=Received, Actual=Received, ReceivedQty=10
[2026-04-23 14:37:15] INFO: ASN WMS-ASN-EXT-00004 Carton CNWH63180: Assigned=Received, Actual=Received, ReceivedQty=10
[2026-04-23 14:37:15] INFO: ASN WMS-ASN-EXT-00004 Carton CNWH63196: Assigned=Received, Actual=Received, ReceivedQty=10
[2026-04-23 14:37:15] INFO: ASN WMS-ASN-EXT-00004 Carton CNWH63197: Assigned=Received, Actual=Received, ReceivedQty=10
[2026-04-23 14:37:15] INFO: ASN WMS-ASN-EXT-00004 Carton CNWH63198: Assigned=Received, Actual=Received, ReceivedQty=10
[2026-04-23 14:37:15] INFO: ASN WMS-ASN-EXT-00004 Carton CNWH63199: Assigned=Received, Actual=Received, ReceivedQty=10
[2026-04-23 14:37:15] INFO: ASN WMS-ASN-EXT-00004 Carton CNWH63200: Assigned=Received, Actual=Received, ReceivedQty=10
[2026-04-23 14:37:15] INFO: ASN WMS-ASN-EXT-00004 Carton CNWH63266: Assigned=Received, Actual=Received, ReceivedQty=10
[2026-04-23 14:37:15] INFO: ASN WMS-ASN-EXT-00004 Carton CNWH63268: Assigned=Received, Actual=Received, ReceivedQty=10
[2026-04-23 14:37:15] INFO: ASN WMS-ASN-EXT-00004 Carton CNWH63269: Assigned=Received, Actual=Received, ReceivedQty=10
[2026-04-23 14:37:15] INFO: ASN WMS-ASN-EXT-00004 Carton CNWH63270: Assigned=Received, Actual=Received, ReceivedQty=10
[2026-04-23 14:37:15] INFO: ASN WMS-ASN-EXT-00004 Carton CNWH63271: Assigned=Received, Actual=Received, ReceivedQty=10
[2026-04-23 14:37:15] INFO: ASN WMS-ASN-EXT-00004 Carton CNWH63272: Assigned=Received, Actual=Received, ReceivedQty=10
[2026-04-23 14:37:15] INFO: ASN WMS-ASN-EXT-00004 Carton CNWH63275: Assigned=Received, Actual=Received, ReceivedQty=10
[2026-04-23 14:37:15] INFO: ASN WMS-ASN-EXT-00004 Carton CNWH63277: Assigned=Received, Actual=Received, ReceivedQty=10
[2026-04-23 14:37:15] INFO: ASN WMS-ASN-EXT-00004 Carton CNWH63280: Assigned=Received, Actual=Received, ReceivedQty=10
[2026-04-23 14:37:15] INFO: ASN WMS-ASN-EXT-00004 Carton CNWH63282: Assigned=Received, Actual=Received, ReceivedQty=10
[2026-04-23 14:37:15] INFO: ASN WMS-ASN-EXT-00004 Carton CNWH63283: Assigned=Received, Actual=Received, ReceivedQty=10
[2026-04-23 14:37:15] INFO: ASN WMS-ASN-EXT-00004 Carton CNWH63284: Assigned=Received, Actual=Received, ReceivedQty=10
[2026-04-23 14:37:15] INFO: ASN WMS-ASN-EXT-00004 Carton CNWH63285: Assigned=Received, Actual=Received, ReceivedQty=10
[2026-04-23 14:37:15] INFO: ASN WMS-ASN-EXT-00004 Carton CNWH63286: Assigned=Received, Actual=Received, ReceivedQty=10
[2026-04-23 14:37:15] INFO: ASN WMS-ASN-EXT-00004 Carton CNWH63287: Assigned=Received, Actual=Received, ReceivedQty=10
[2026-04-23 14:37:15] INFO: ASN WMS-ASN-EXT-00004 Carton CNWH63288: Assigned=Received, Actual=Received, ReceivedQty=10
[2026-04-23 14:37:15] INFO: ASN WMS-ASN-EXT-00004 Carton CNWH63289: Assigned=Received, Actual=Received, ReceivedQty=10
[2026-04-23 14:37:15] INFO: ASN WMS-ASN-EXT-00004 Carton CNWH63441: Assigned=Received, Actual=Received, ReceivedQty=10
[2026-04-23 14:37:15] INFO: ASN WMS-ASN-EXT-00004 Carton CNWH63442: Assigned=Received, Actual=Received, ReceivedQty=10
[2026-04-23 14:37:15] INFO: ASN WMS-ASN-EXT-00004 Carton CNWH65363: Assigned=Received, Actual=Received, ReceivedQty=10
[2026-04-23 14:37:15] INFO: ASN WMS-ASN-EXT-00004 Carton CNWH63502: Assigned=Received, Actual=Received, ReceivedQty=10
[2026-04-23 14:37:15] INFO: ASN WMS-ASN-EXT-00004 Carton CNWH63502: Assigned=Received, Actual=Received, ReceivedQty=10
[2026-04-23 14:37:15] INFO: ASN WMS-ASN-EXT-00004 Carton CNWH64607: Assigned=Received, Actual=Received, ReceivedQty=10
[2026-04-23 14:37:15] INFO: ASN ASN-0001 Carton CNWH12858: Assigned=Assigned, Actual=Assigned, ReceivedQty=0
[2026-04-23 14:37:15] INFO: ASN ASN-0001 Carton CNWH12854: Assigned=Assigned, Actual=Assigned, ReceivedQty=0
[2026-04-23 14:37:15] INFO: ASN ASN-0001 Carton CNWH15390: Assigned=Assigned, Actual=Assigned, ReceivedQty=0
[2026-04-23 14:37:15] INFO: ASN ASN-0001 Carton CNWH42441: Assigned=Assigned, Actual=Assigned, ReceivedQty=0
[2026-04-23 14:37:15] INFO: ASN ASN-0001 Carton CNWH64571: Assigned=Assigned, Actual=Assigned, ReceivedQty=0
[2026-04-23 14:37:15] INFO: ASN ASN-0001 Carton CNWH64521: Assigned=Assigned, Actual=Assigned, ReceivedQty=0
[2026-04-23 14:37:15] INFO: ASN ASN-0001 Carton CNWH63561: Assigned=Assigned, Actual=Assigned, ReceivedQty=0
[2026-04-23 14:37:15] INFO: ASN ASN-0001 Carton CNWH63609: Assigned=Assigned, Actual=Assigned, ReceivedQty=0
[2026-04-23 14:37:15] INFO: ASN WMS-ASN-EXT-00004 Carton CNWH63179: Assigned=Received, Actual=Received, ReceivedQty=10
[2026-04-23 14:37:15] INFO: ASN WMS-ASN-EXT-00004 Carton CNWH63180: Assigned=Received, Actual=Received, ReceivedQty=10
[2026-04-23 14:37:15] INFO: ASN WMS-ASN-EXT-00004 Carton CNWH63196: Assigned=Received, Actual=Received, ReceivedQty=10
[2026-04-23 14:37:15] INFO: ASN WMS-ASN-EXT-00004 Carton CNWH63197: Assigned=Received, Actual=Received, ReceivedQty=10
[2026-04-23 14:37:15] INFO: ASN WMS-ASN-EXT-00004 Carton CNWH63198: Assigned=Received, Actual=Received, ReceivedQty=10
[2026-04-23 14:37:15] INFO: ASN WMS-ASN-EXT-00004 Carton CNWH63199: Assigned=Received, Actual=Received, ReceivedQty=10
[2026-04-23 14:37:15] INFO: ASN WMS-ASN-EXT-00004 Carton CNWH63200: Assigned=Received, Actual=Received, ReceivedQty=10
[2026-04-23 14:37:15] INFO: ASN WMS-ASN-EXT-00004 Carton CNWH63266: Assigned=Received, Actual=Received, ReceivedQty=10
[2026-04-23 14:37:15] INFO: ASN WMS-ASN-EXT-00004 Carton CNWH63268: Assigned=Received, Actual=Received, ReceivedQty=10
[2026-04-23 14:37:15] INFO: ASN WMS-ASN-EXT-00004 Carton CNWH63269: Assigned=Received, Actual=Received, ReceivedQty=10
[2026-04-23 14:37:15] INFO: ASN WMS-ASN-EXT-00004 Carton CNWH63270: Assigned=Received, Actual=Received, ReceivedQty=10
[2026-04-23 14:37:15] INFO: ASN WMS-ASN-EXT-00004 Carton CNWH63271: Assigned=Received, Actual=Received, ReceivedQty=10
[2026-04-23 14:37:15] INFO: ASN WMS-ASN-EXT-00004 Carton CNWH63272: Assigned=Received, Actual=Received, ReceivedQty=10
[2026-04-23 14:37:15] INFO: ASN WMS-ASN-EXT-00004 Carton CNWH63275: Assigned=Received, Actual=Received, ReceivedQty=10
[2026-04-23 14:37:15] INFO: ASN WMS-ASN-EXT-00004 Carton CNWH63277: Assigned=Received, Actual=Received, ReceivedQty=10
[2026-04-23 14:37:15] INFO: ASN WMS-ASN-EXT-00004 Carton CNWH63280: Assigned=Received, Actual=Received, ReceivedQty=10
[2026-04-23 14:37:15] INFO: ASN WMS-ASN-EXT-00004 Carton CNWH63282: Assigned=Received, Actual=Received, ReceivedQty=10
[2026-04-23 14:37:15] INFO: ASN WMS-ASN-EXT-00004 Carton CNWH63283: Assigned=Received, Actual=Received, ReceivedQty=10
[2026-04-23 14:37:15] INFO: ASN WMS-ASN-EXT-00004 Carton CNWH63284: Assigned=Received, Actual=Received, ReceivedQty=10
[2026-04-23 14:37:15] INFO: ASN WMS-ASN-EXT-00004 Carton CNWH63285: Assigned=Received, Actual=Received, ReceivedQty=10
[2026-04-23 14:37:15] INFO: ASN WMS-ASN-EXT-00004 Carton CNWH63286: Assigned=Received, Actual=Received, ReceivedQty=10
[2026-04-23 14:37:15] INFO: ASN WMS-ASN-EXT-00004 Carton CNWH63287: Assigned=Received, Actual=Received, ReceivedQty=10
[2026-04-23 14:37:15] INFO: ASN WMS-ASN-EXT-00004 Carton CNWH63288: Assigned=Received, Actual=Received, ReceivedQty=10
[2026-04-23 14:37:15] INFO: ASN WMS-ASN-EXT-00004 Carton CNWH63289: Assigned=Received, Actual=Received, ReceivedQty=10
[2026-04-23 14:37:15] INFO: ASN WMS-ASN-EXT-00004 Carton CNWH63441: Assigned=Received, Actual=Received, ReceivedQty=10
[2026-04-23 14:37:15] INFO: ASN WMS-ASN-EXT-00004 Carton CNWH63442: Assigned=Received, Actual=Received, ReceivedQty=10
[2026-04-23 14:37:15] INFO: ASN WMS-ASN-EXT-00004 Carton CNWH63444: Assigned=Received, Actual=Received, ReceivedQty=10
[2026-04-23 14:37:15] INFO: ASN WMS-ASN-EXT-00004 Carton CNWH63446: Assigned=Received, Actual=Received, ReceivedQty=10
[2026-04-23 14:37:15] INFO: ASN WMS-ASN-EXT-00004 Carton CNWH63448: Assigned=Received, Actual=Received, ReceivedQty=10
[2026-04-23 14:37:15] INFO: ASN WMS-ASN-EXT-00004 Carton CNWH65363: Assigned=Received, Actual=Received, ReceivedQty=10
[2026-04-23 14:37:15] INFO: ASN WMS-ASN-EXT-00004 Carton CNWH63179: Assigned=Received, Actual=Received, ReceivedQty=10
[2026-04-23 14:37:15] INFO: ASN WMS-ASN-EXT-00004 Carton CNWH63180: Assigned=Received, Actual=Received, ReceivedQty=10
[2026-04-23 14:37:15] INFO: ASN WMS-ASN-EXT-00004 Carton CNWH63196: Assigned=Received, Actual=Received, ReceivedQty=10
[2026-04-23 14:37:15] INFO: ASN WMS-ASN-EXT-00004 Carton CNWH63197: Assigned=Received, Actual=Received, ReceivedQty=10
[2026-04-23 14:37:15] INFO: ASN WMS-ASN-EXT-00004 Carton CNWH63198: Assigned=Received, Actual=Received, ReceivedQty=10
[2026-04-23 14:37:15] INFO: ASN WMS-ASN-EXT-00004 Carton CNWH63199: Assigned=Received, Actual=Received, ReceivedQty=10
[2026-04-23 14:37:15] INFO: ASN WMS-ASN-EXT-00004 Carton CNWH63200: Assigned=Received, Actual=Received, ReceivedQty=10
[2026-04-23 14:37:15] INFO: ASN WMS-ASN-EXT-00004 Carton CNWH63266: Assigned=Received, Actual=Received, ReceivedQty=10
[2026-04-23 14:37:15] INFO: ASN WMS-ASN-EXT-00004 Carton CNWH63268: Assigned=Received, Actual=Received, ReceivedQty=10
[2026-04-23 14:37:15] INFO: ASN WMS-ASN-EXT-00004 Carton CNWH63269: Assigned=Received, Actual=Received, ReceivedQty=10
[2026-04-23 14:37:15] INFO: ASN WMS-ASN-EXT-00004 Carton CNWH63270: Assigned=Received, Actual=Received, ReceivedQty=10
[2026-04-23 14:37:15] INFO: ASN WMS-ASN-EXT-00004 Carton CNWH63271: Assigned=Received, Actual=Received, ReceivedQty=10
[2026-04-23 14:37:15] INFO: ASN WMS-ASN-EXT-00004 Carton CNWH63272: Assigned=Received, Actual=Received, ReceivedQty=10
[2026-04-23 14:37:15] INFO: ASN WMS-ASN-EXT-00004 Carton CNWH63275: Assigned=Received, Actual=Received, ReceivedQty=10
[2026-04-23 14:37:15] INFO: ASN WMS-ASN-EXT-00004 Carton CNWH63277: Assigned=Received, Actual=Received, ReceivedQty=10
[2026-04-23 14:37:15] INFO: ASN WMS-ASN-EXT-00004 Carton CNWH63280: Assigned=Received, Actual=Received, ReceivedQty=10
[2026-04-23 14:37:15] INFO: ASN WMS-ASN-EXT-00004 Carton CNWH63282: Assigned=Received, Actual=Received, ReceivedQty=10
[2026-04-23 14:37:15] INFO: ASN WMS-ASN-EXT-00004 Carton CNWH63283: Assigned=Received, Actual=Received, ReceivedQty=10
[2026-04-23 14:37:15] INFO: ASN WMS-ASN-EXT-00004 Carton CNWH63284: Assigned=Received, Actual=Received, ReceivedQty=10
[2026-04-23 14:37:15] INFO: ASN WMS-ASN-EXT-00004 Carton CNWH63285: Assigned=Received, Actual=Received, ReceivedQty=10
[2026-04-23 14:37:15] INFO: ASN WMS-ASN-EXT-00004 Carton CNWH63286: Assigned=Received, Actual=Received, ReceivedQty=10
[2026-04-23 14:37:15] INFO: ASN WMS-ASN-EXT-00004 Carton CNWH63287: Assigned=Received, Actual=Received, ReceivedQty=10
[2026-04-23 14:37:15] INFO: ASN WMS-ASN-EXT-00004 Carton CNWH63288: Assigned=Received, Actual=Received, ReceivedQty=10
[2026-04-23 14:37:15] INFO: ASN WMS-ASN-EXT-00004 Carton CNWH63289: Assigned=Received, Actual=Received, ReceivedQty=10
[2026-04-23 14:37:15] INFO: ASN WMS-ASN-EXT-00004 Carton CNWH63441: Assigned=Received, Actual=Received, ReceivedQty=10
[2026-04-23 14:37:15] INFO: ASN WMS-ASN-EXT-00004 Carton CNWH63442: Assigned=Received, Actual=Received, ReceivedQty=10
[2026-04-23 14:37:15] INFO: ASN WMS-ASN-EXT-00004 Carton CNWH65363: Assigned=Received, Actual=Received, ReceivedQty=10
[2026-04-23 14:37:15] INFO: ASN WMS-ASN-EXT-00004 Carton CNWH63502: Assigned=Received, Actual=Received, ReceivedQty=10
[2026-04-23 14:37:15] INFO: ASN WMS-ASN-EXT-00004 Carton CNWH63502: Assigned=Received, Actual=Received, ReceivedQty=10
[2026-04-23 14:37:15] INFO: ASN WMS-ASN-EXT-00004 Carton CNWH64607: Assigned=Received, Actual=Received, ReceivedQty=10
[2026-04-23 14:37:17] INFO: ErpNextWmsSyncApiService: Fetched 4 item code(s) from ERPNext for ASN WMS-ASN-EXT-00004 (use as filter for PR/received qty).
[2026-04-23 14:37:17] INFO: ErpNextWmsSyncApiService: Pushing ASN received qty for WMS-ASN-EXT-00004, 4 line(s) (aggregated by item). Item codes: [324249:300, 324250:270, 324251:10, 324252:20], to http://printechsdammam.dyndns.org:88/api/method/printechs_wms.api.asn_receiving.update_asn_received_qty
[2026-04-23 14:37:17] INFO: ErpNextWmsSyncApiService: ASN received qty updated successfully.
[2026-04-23 14:37:17] INFO: ErpNextWmsSyncApiService: Fetched 4 item code(s) from ERPNext for ASN WMS-ASN-EXT-00004 (use as filter for PR/received qty).
[2026-04-23 14:37:17] INFO: ErpNextWmsSyncApiService: Creating Purchase Receipt for ASN WMS-ASN-EXT-00004, warehouse Main Warehouse - MAATC, 4 line(s). Item codes: [324249:300, 324250:270, 324251:10, 324252:20]
[2026-04-23 14:37:17] INFO: ErpNextWmsSyncApiService: Create Purchase Receipt succeeded. Purchase Receipt: MAT-PRE-2026-00006
[2026-04-23 14:37:17] INFO: AsnDataService: SetAsnPurchaseReceiptNo saved MAT-PRE-2026-00006 for ASN WMS-ASN-EXT-00004.
[2026-04-23 14:37:17] INFO: ASN ASN-0001 Carton CNWH12858: Assigned=Assigned, Actual=Assigned, ReceivedQty=0
[2026-04-23 14:37:17] INFO: ASN ASN-0001 Carton CNWH12854: Assigned=Assigned, Actual=Assigned, ReceivedQty=0
[2026-04-23 14:37:17] INFO: ASN ASN-0001 Carton CNWH15390: Assigned=Assigned, Actual=Assigned, ReceivedQty=0
[2026-04-23 14:37:17] INFO: ASN ASN-0001 Carton CNWH42441: Assigned=Assigned, Actual=Assigned, ReceivedQty=0
[2026-04-23 14:37:17] INFO: ASN ASN-0001 Carton CNWH64571: Assigned=Assigned, Actual=Assigned, ReceivedQty=0
[2026-04-23 14:37:17] INFO: ASN ASN-0001 Carton CNWH64521: Assigned=Assigned, Actual=Assigned, ReceivedQty=0
[2026-04-23 14:37:17] INFO: ASN ASN-0001 Carton CNWH63561: Assigned=Assigned, Actual=Assigned, ReceivedQty=0
[2026-04-23 14:37:17] INFO: ASN ASN-0001 Carton CNWH63609: Assigned=Assigned, Actual=Assigned, ReceivedQty=0
[2026-04-23 14:37:17] INFO: ASN WMS-ASN-EXT-00004 Carton CNWH63179: Assigned=Received, Actual=Received, ReceivedQty=10
[2026-04-23 14:37:17] INFO: ASN WMS-ASN-EXT-00004 Carton CNWH63180: Assigned=Received, Actual=Received, ReceivedQty=10
[2026-04-23 14:37:17] INFO: ASN WMS-ASN-EXT-00004 Carton CNWH63196: Assigned=Received, Actual=Received, ReceivedQty=10
[2026-04-23 14:37:17] INFO: ASN WMS-ASN-EXT-00004 Carton CNWH63197: Assigned=Received, Actual=Received, ReceivedQty=10
[2026-04-23 14:37:17] INFO: ASN WMS-ASN-EXT-00004 Carton CNWH63198: Assigned=Received, Actual=Received, ReceivedQty=10
[2026-04-23 14:37:17] INFO: ASN WMS-ASN-EXT-00004 Carton CNWH63199: Assigned=Received, Actual=Received, ReceivedQty=10
[2026-04-23 14:37:17] INFO: ASN WMS-ASN-EXT-00004 Carton CNWH63200: Assigned=Received, Actual=Received, ReceivedQty=10
[2026-04-23 14:37:17] INFO: ASN WMS-ASN-EXT-00004 Carton CNWH63266: Assigned=Received, Actual=Received, ReceivedQty=10
[2026-04-23 14:37:17] INFO: ASN WMS-ASN-EXT-00004 Carton CNWH63268: Assigned=Received, Actual=Received, ReceivedQty=10
[2026-04-23 14:37:17] INFO: ASN WMS-ASN-EXT-00004 Carton CNWH63269: Assigned=Received, Actual=Received, ReceivedQty=10
[2026-04-23 14:37:17] INFO: ASN WMS-ASN-EXT-00004 Carton CNWH63270: Assigned=Received, Actual=Received, ReceivedQty=10
[2026-04-23 14:37:17] INFO: ASN WMS-ASN-EXT-00004 Carton CNWH63271: Assigned=Received, Actual=Received, ReceivedQty=10
[2026-04-23 14:37:17] INFO: ASN WMS-ASN-EXT-00004 Carton CNWH63272: Assigned=Received, Actual=Received, ReceivedQty=10
[2026-04-23 14:37:17] INFO: ASN WMS-ASN-EXT-00004 Carton CNWH63275: Assigned=Received, Actual=Received, ReceivedQty=10
[2026-04-23 14:37:17] INFO: ASN WMS-ASN-EXT-00004 Carton CNWH63277: Assigned=Received, Actual=Received, ReceivedQty=10
[2026-04-23 14:37:17] INFO: ASN WMS-ASN-EXT-00004 Carton CNWH63280: Assigned=Received, Actual=Received, ReceivedQty=10
[2026-04-23 14:37:17] INFO: ASN WMS-ASN-EXT-00004 Carton CNWH63282: Assigned=Received, Actual=Received, ReceivedQty=10
[2026-04-23 14:37:17] INFO: ASN WMS-ASN-EXT-00004 Carton CNWH63283: Assigned=Received, Actual=Received, ReceivedQty=10
[2026-04-23 14:37:17] INFO: ASN WMS-ASN-EXT-00004 Carton CNWH63284: Assigned=Received, Actual=Received, ReceivedQty=10
[2026-04-23 14:37:17] INFO: ASN WMS-ASN-EXT-00004 Carton CNWH63285: Assigned=Received, Actual=Received, ReceivedQty=10
[2026-04-23 14:37:17] INFO: ASN WMS-ASN-EXT-00004 Carton CNWH63286: Assigned=Received, Actual=Received, ReceivedQty=10
[2026-04-23 14:37:17] INFO: ASN WMS-ASN-EXT-00004 Carton CNWH63287: Assigned=Received, Actual=Received, ReceivedQty=10
[2026-04-23 14:37:17] INFO: ASN WMS-ASN-EXT-00004 Carton CNWH63288: Assigned=Received, Actual=Received, ReceivedQty=10
[2026-04-23 14:37:17] INFO: ASN WMS-ASN-EXT-00004 Carton CNWH63289: Assigned=Received, Actual=Received, ReceivedQty=10
[2026-04-23 14:37:17] INFO: ASN WMS-ASN-EXT-00004 Carton CNWH63441: Assigned=Received, Actual=Received, ReceivedQty=10
[2026-04-23 14:37:17] INFO: ASN WMS-ASN-EXT-00004 Carton CNWH63442: Assigned=Received, Actual=Received, ReceivedQty=10
[2026-04-23 14:37:17] INFO: ASN WMS-ASN-EXT-00004 Carton CNWH63444: Assigned=Received, Actual=Received, ReceivedQty=10
[2026-04-23 14:37:17] INFO: ASN WMS-ASN-EXT-00004 Carton CNWH63446: Assigned=Received, Actual=Received, ReceivedQty=10
[2026-04-23 14:37:17] INFO: ASN WMS-ASN-EXT-00004 Carton CNWH63448: Assigned=Received, Actual=Received, ReceivedQty=10
[2026-04-23 14:37:17] INFO: ASN WMS-ASN-EXT-00004 Carton CNWH65363: Assigned=Received, Actual=Received, ReceivedQty=10
[2026-04-23 14:37:17] INFO: ASN WMS-ASN-EXT-00004 Carton CNWH63179: Assigned=Received, Actual=Received, ReceivedQty=10
[2026-04-23 14:37:17] INFO: ASN WMS-ASN-EXT-00004 Carton CNWH63180: Assigned=Received, Actual=Received, ReceivedQty=10
[2026-04-23 14:37:17] INFO: ASN WMS-ASN-EXT-00004 Carton CNWH63196: Assigned=Received, Actual=Received, ReceivedQty=10
[2026-04-23 14:37:17] INFO: ASN WMS-ASN-EXT-00004 Carton CNWH63197: Assigned=Received, Actual=Received, ReceivedQty=10
[2026-04-23 14:37:17] INFO: ASN WMS-ASN-EXT-00004 Carton CNWH63198: Assigned=Received, Actual=Received, ReceivedQty=10
[2026-04-23 14:37:17] INFO: ASN WMS-ASN-EXT-00004 Carton CNWH63199: Assigned=Received, Actual=Received, ReceivedQty=10
[2026-04-23 14:37:17] INFO: ASN WMS-ASN-EXT-00004 Carton CNWH63200: Assigned=Received, Actual=Received, ReceivedQty=10
[2026-04-23 14:37:17] INFO: ASN WMS-ASN-EXT-00004 Carton CNWH63266: Assigned=Received, Actual=Received, ReceivedQty=10
[2026-04-23 14:37:17] INFO: ASN WMS-ASN-EXT-00004 Carton CNWH63268: Assigned=Received, Actual=Received, ReceivedQty=10
[2026-04-23 14:37:17] INFO: ASN WMS-ASN-EXT-00004 Carton CNWH63269: Assigned=Received, Actual=Received, ReceivedQty=10
[2026-04-23 14:37:17] INFO: ASN WMS-ASN-EXT-00004 Carton CNWH63270: Assigned=Received, Actual=Received, ReceivedQty=10
[2026-04-23 14:37:17] INFO: ASN WMS-ASN-EXT-00004 Carton CNWH63271: Assigned=Received, Actual=Received, ReceivedQty=10
[2026-04-23 14:37:17] INFO: ASN WMS-ASN-EXT-00004 Carton CNWH63272: Assigned=Received, Actual=Received, ReceivedQty=10
[2026-04-23 14:37:17] INFO: ASN WMS-ASN-EXT-00004 Carton CNWH63275: Assigned=Received, Actual=Received, ReceivedQty=10
[2026-04-23 14:37:17] INFO: ASN WMS-ASN-EXT-00004 Carton CNWH63277: Assigned=Received, Actual=Received, ReceivedQty=10
[2026-04-23 14:37:17] INFO: ASN WMS-ASN-EXT-00004 Carton CNWH63280: Assigned=Received, Actual=Received, ReceivedQty=10
[2026-04-23 14:37:17] INFO: ASN WMS-ASN-EXT-00004 Carton CNWH63282: Assigned=Received, Actual=Received, ReceivedQty=10
[2026-04-23 14:37:17] INFO: ASN WMS-ASN-EXT-00004 Carton CNWH63283: Assigned=Received, Actual=Received, ReceivedQty=10
[2026-04-23 14:37:17] INFO: ASN WMS-ASN-EXT-00004 Carton CNWH63284: Assigned=Received, Actual=Received, ReceivedQty=10
[2026-04-23 14:37:17] INFO: ASN WMS-ASN-EXT-00004 Carton CNWH63285: Assigned=Received, Actual=Received, ReceivedQty=10
[2026-04-23 14:37:17] INFO: ASN WMS-ASN-EXT-00004 Carton CNWH63286: Assigned=Received, Actual=Received, ReceivedQty=10
[2026-04-23 14:37:17] INFO: ASN WMS-ASN-EXT-00004 Carton CNWH63287: Assigned=Received, Actual=Received, ReceivedQty=10
[2026-04-23 14:37:17] INFO: ASN WMS-ASN-EXT-00004 Carton CNWH63288: Assigned=Received, Actual=Received, ReceivedQty=10
[2026-04-23 14:37:17] INFO: ASN WMS-ASN-EXT-00004 Carton CNWH63289: Assigned=Received, Actual=Received, ReceivedQty=10
[2026-04-23 14:37:17] INFO: ASN WMS-ASN-EXT-00004 Carton CNWH63441: Assigned=Received, Actual=Received, ReceivedQty=10
[2026-04-23 14:37:17] INFO: ASN WMS-ASN-EXT-00004 Carton CNWH63442: Assigned=Received, Actual=Received, ReceivedQty=10
[2026-04-23 14:37:17] INFO: ASN WMS-ASN-EXT-00004 Carton CNWH65363: Assigned=Received, Actual=Received, ReceivedQty=10
[2026-04-23 14:37:17] INFO: ASN WMS-ASN-EXT-00004 Carton CNWH63502: Assigned=Received, Actual=Received, ReceivedQty=10
[2026-04-23 14:37:17] INFO: ASN WMS-ASN-EXT-00004 Carton CNWH63502: Assigned=Received, Actual=Received, ReceivedQty=10
[2026-04-23 14:37:17] INFO: ASN WMS-ASN-EXT-00004 Carton CNWH64607: Assigned=Received, Actual=Received, ReceivedQty=10
[2026-04-23 14:37:18] INFO: ASN ASN-0001 Carton CNWH12858: Assigned=Assigned, Actual=Assigned, ReceivedQty=0
[2026-04-23 14:37:18] INFO: ASN ASN-0001 Carton CNWH12854: Assigned=Assigned, Actual=Assigned, ReceivedQty=0
[2026-04-23 14:37:18] INFO: ASN ASN-0001 Carton CNWH15390: Assigned=Assigned, Actual=Assigned, ReceivedQty=0
[2026-04-23 14:37:18] INFO: ASN ASN-0001 Carton CNWH42441: Assigned=Assigned, Actual=Assigned, ReceivedQty=0
[2026-04-23 14:37:18] INFO: ASN ASN-0001 Carton CNWH64571: Assigned=Assigned, Actual=Assigned, ReceivedQty=0
[2026-04-23 14:37:18] INFO: ASN ASN-0001 Carton CNWH64521: Assigned=Assigned, Actual=Assigned, ReceivedQty=0
[2026-04-23 14:37:18] INFO: ASN ASN-0001 Carton CNWH63561: Assigned=Assigned, Actual=Assigned, ReceivedQty=0
[2026-04-23 14:37:18] INFO: ASN ASN-0001 Carton CNWH63609: Assigned=Assigned, Actual=Assigned, ReceivedQty=0
[2026-04-23 14:37:18] INFO: ASN WMS-ASN-EXT-00004 Carton CNWH63179: Assigned=Received, Actual=Received, ReceivedQty=10
[2026-04-23 14:37:18] INFO: ASN WMS-ASN-EXT-00004 Carton CNWH63180: Assigned=Received, Actual=Received, ReceivedQty=10
[2026-04-23 14:37:18] INFO: ASN WMS-ASN-EXT-00004 Carton CNWH63196: Assigned=Received, Actual=Received, ReceivedQty=10
[2026-04-23 14:37:18] INFO: ASN WMS-ASN-EXT-00004 Carton CNWH63197: Assigned=Received, Actual=Received, ReceivedQty=10
[2026-04-23 14:37:18] INFO: ASN WMS-ASN-EXT-00004 Carton CNWH63198: Assigned=Received, Actual=Received, ReceivedQty=10
[2026-04-23 14:37:18] INFO: ASN WMS-ASN-EXT-00004 Carton CNWH63199: Assigned=Received, Actual=Received, ReceivedQty=10
[2026-04-23 14:37:18] INFO: ASN WMS-ASN-EXT-00004 Carton CNWH63200: Assigned=Received, Actual=Received, ReceivedQty=10
[2026-04-23 14:37:18] INFO: ASN WMS-ASN-EXT-00004 Carton CNWH63266: Assigned=Received, Actual=Received, ReceivedQty=10
[2026-04-23 14:37:18] INFO: ASN WMS-ASN-EXT-00004 Carton CNWH63268: Assigned=Received, Actual=Received, ReceivedQty=10
[2026-04-23 14:37:18] INFO: ASN WMS-ASN-EXT-00004 Carton CNWH63269: Assigned=Received, Actual=Received, ReceivedQty=10
[2026-04-23 14:37:18] INFO: ASN WMS-ASN-EXT-00004 Carton CNWH63270: Assigned=Received, Actual=Received, ReceivedQty=10
[2026-04-23 14:37:18] INFO: ASN WMS-ASN-EXT-00004 Carton CNWH63271: Assigned=Received, Actual=Received, ReceivedQty=10
[2026-04-23 14:37:18] INFO: ASN WMS-ASN-EXT-00004 Carton CNWH63272: Assigned=Received, Actual=Received, ReceivedQty=10
[2026-04-23 14:37:18] INFO: ASN WMS-ASN-EXT-00004 Carton CNWH63275: Assigned=Received, Actual=Received, ReceivedQty=10
[2026-04-23 14:37:18] INFO: ASN WMS-ASN-EXT-00004 Carton CNWH63277: Assigned=Received, Actual=Received, ReceivedQty=10
[2026-04-23 14:37:18] INFO: ASN WMS-ASN-EXT-00004 Carton CNWH63280: Assigned=Received, Actual=Received, ReceivedQty=10
[2026-04-23 14:37:18] INFO: ASN WMS-ASN-EXT-00004 Carton CNWH63282: Assigned=Received, Actual=Received, ReceivedQty=10
[2026-04-23 14:37:18] INFO: ASN WMS-ASN-EXT-00004 Carton CNWH63283: Assigned=Received, Actual=Received, ReceivedQty=10
[2026-04-23 14:37:18] INFO: ASN WMS-ASN-EXT-00004 Carton CNWH63284: Assigned=Received, Actual=Received, ReceivedQty=10
[2026-04-23 14:37:18] INFO: ASN WMS-ASN-EXT-00004 Carton CNWH63285: Assigned=Received, Actual=Received, ReceivedQty=10
[2026-04-23 14:37:18] INFO: ASN WMS-ASN-EXT-00004 Carton CNWH63286: Assigned=Received, Actual=Received, ReceivedQty=10
[2026-04-23 14:37:18] INFO: ASN WMS-ASN-EXT-00004 Carton CNWH63287: Assigned=Received, Actual=Received, ReceivedQty=10
[2026-04-23 14:37:18] INFO: ASN WMS-ASN-EXT-00004 Carton CNWH63288: Assigned=Received, Actual=Received, ReceivedQty=10
[2026-04-23 14:37:18] INFO: ASN WMS-ASN-EXT-00004 Carton CNWH63289: Assigned=Received, Actual=Received, ReceivedQty=10
[2026-04-23 14:37:18] INFO: ASN WMS-ASN-EXT-00004 Carton CNWH63441: Assigned=Received, Actual=Received, ReceivedQty=10
[2026-04-23 14:37:18] INFO: ASN WMS-ASN-EXT-00004 Carton CNWH63442: Assigned=Received, Actual=Received, ReceivedQty=10
[2026-04-23 14:37:18] INFO: ASN WMS-ASN-EXT-00004 Carton CNWH63444: Assigned=Received, Actual=Received, ReceivedQty=10
[2026-04-23 14:37:18] INFO: ASN WMS-ASN-EXT-00004 Carton CNWH63446: Assigned=Received, Actual=Received, ReceivedQty=10
[2026-04-23 14:37:18] INFO: ASN WMS-ASN-EXT-00004 Carton CNWH63448: Assigned=Received, Actual=Received, ReceivedQty=10
[2026-04-23 14:37:18] INFO: ASN WMS-ASN-EXT-00004 Carton CNWH65363: Assigned=Received, Actual=Received, ReceivedQty=10
[2026-04-23 14:37:18] INFO: ASN WMS-ASN-EXT-00004 Carton CNWH63179: Assigned=Received, Actual=Received, ReceivedQty=10
[2026-04-23 14:37:18] INFO: ASN WMS-ASN-EXT-00004 Carton CNWH63180: Assigned=Received, Actual=Received, ReceivedQty=10
[2026-04-23 14:37:18] INFO: ASN WMS-ASN-EXT-00004 Carton CNWH63196: Assigned=Received, Actual=Received, ReceivedQty=10
[2026-04-23 14:37:18] INFO: ASN WMS-ASN-EXT-00004 Carton CNWH63197: Assigned=Received, Actual=Received, ReceivedQty=10
[2026-04-23 14:37:18] INFO: ASN WMS-ASN-EXT-00004 Carton CNWH63198: Assigned=Received, Actual=Received, ReceivedQty=10
[2026-04-23 14:37:18] INFO: ASN WMS-ASN-EXT-00004 Carton CNWH63199: Assigned=Received, Actual=Received, ReceivedQty=10
[2026-04-23 14:37:18] INFO: ASN WMS-ASN-EXT-00004 Carton CNWH63200: Assigned=Received, Actual=Received, ReceivedQty=10
[2026-04-23 14:37:18] INFO: ASN WMS-ASN-EXT-00004 Carton CNWH63266: Assigned=Received, Actual=Received, ReceivedQty=10
[2026-04-23 14:37:18] INFO: ASN WMS-ASN-EXT-00004 Carton CNWH63268: Assigned=Received, Actual=Received, ReceivedQty=10
[2026-04-23 14:37:18] INFO: ASN WMS-ASN-EXT-00004 Carton CNWH63269: Assigned=Received, Actual=Received, ReceivedQty=10
[2026-04-23 14:37:18] INFO: ASN WMS-ASN-EXT-00004 Carton CNWH63270: Assigned=Received, Actual=Received, ReceivedQty=10
[2026-04-23 14:37:18] INFO: ASN WMS-ASN-EXT-00004 Carton CNWH63271: Assigned=Received, Actual=Received, ReceivedQty=10
[2026-04-23 14:37:18] INFO: ASN WMS-ASN-EXT-00004 Carton CNWH63272: Assigned=Received, Actual=Received, ReceivedQty=10
[2026-04-23 14:37:18] INFO: ASN WMS-ASN-EXT-00004 Carton CNWH63275: Assigned=Received, Actual=Received, ReceivedQty=10
[2026-04-23 14:37:18] INFO: ASN WMS-ASN-EXT-00004 Carton CNWH63277: Assigned=Received, Actual=Received, ReceivedQty=10
[2026-04-23 14:37:18] INFO: ASN WMS-ASN-EXT-00004 Carton CNWH63280: Assigned=Received, Actual=Received, ReceivedQty=10
[2026-04-23 14:37:18] INFO: ASN WMS-ASN-EXT-00004 Carton CNWH63282: Assigned=Received, Actual=Received, ReceivedQty=10
[2026-04-23 14:37:18] INFO: ASN WMS-ASN-EXT-00004 Carton CNWH63283: Assigned=Received, Actual=Received, ReceivedQty=10
[2026-04-23 14:37:18] INFO: ASN WMS-ASN-EXT-00004 Carton CNWH63284: Assigned=Received, Actual=Received, ReceivedQty=10
[2026-04-23 14:37:18] INFO: ASN WMS-ASN-EXT-00004 Carton CNWH63285: Assigned=Received, Actual=Received, ReceivedQty=10
[2026-04-23 14:37:18] INFO: ASN WMS-ASN-EXT-00004 Carton CNWH63286: Assigned=Received, Actual=Received, ReceivedQty=10
[2026-04-23 14:37:18] INFO: ASN WMS-ASN-EXT-00004 Carton CNWH63287: Assigned=Received, Actual=Received, ReceivedQty=10
[2026-04-23 14:37:18] INFO: ASN WMS-ASN-EXT-00004 Carton CNWH63288: Assigned=Received, Actual=Received, ReceivedQty=10
[2026-04-23 14:37:18] INFO: ASN WMS-ASN-EXT-00004 Carton CNWH63289: Assigned=Received, Actual=Received, ReceivedQty=10
[2026-04-23 14:37:18] INFO: ASN WMS-ASN-EXT-00004 Carton CNWH63441: Assigned=Received, Actual=Received, ReceivedQty=10
[2026-04-23 14:37:18] INFO: ASN WMS-ASN-EXT-00004 Carton CNWH63442: Assigned=Received, Actual=Received, ReceivedQty=10
[2026-04-23 14:37:18] INFO: ASN WMS-ASN-EXT-00004 Carton CNWH65363: Assigned=Received, Actual=Received, ReceivedQty=10
[2026-04-23 14:37:18] INFO: ASN WMS-ASN-EXT-00004 Carton CNWH63502: Assigned=Received, Actual=Received, ReceivedQty=10
[2026-04-23 14:37:18] INFO: ASN WMS-ASN-EXT-00004 Carton CNWH63502: Assigned=Received, Actual=Received, ReceivedQty=10
[2026-04-23 14:37:18] INFO: ASN WMS-ASN-EXT-00004 Carton CNWH64607: Assigned=Received, Actual=Received, ReceivedQty=10
[2026-04-23 14:37:46] INFO: ASN ASN-0001 Carton CNWH12858: Assigned=Assigned, Actual=Assigned, ReceivedQty=0
[2026-04-23 14:37:46] INFO: ASN ASN-0001 Carton CNWH12854: Assigned=Assigned, Actual=Assigned, ReceivedQty=0
[2026-04-23 14:37:46] INFO: ASN ASN-0001 Carton CNWH15390: Assigned=Assigned, Actual=Assigned, ReceivedQty=0
[2026-04-23 14:37:46] INFO: ASN ASN-0001 Carton CNWH42441: Assigned=Assigned, Actual=Assigned, ReceivedQty=0
[2026-04-23 14:37:46] INFO: ASN ASN-0001 Carton CNWH64571: Assigned=Assigned, Actual=Assigned, ReceivedQty=0
[2026-04-23 14:37:46] INFO: ASN ASN-0001 Carton CNWH64521: Assigned=Assigned, Actual=Assigned, ReceivedQty=0
[2026-04-23 14:37:46] INFO: ASN ASN-0001 Carton CNWH63561: Assigned=Assigned, Actual=Assigned, ReceivedQty=0
[2026-04-23 14:37:46] INFO: ASN ASN-0001 Carton CNWH63609: Assigned=Assigned, Actual=Assigned, ReceivedQty=0
[2026-04-23 14:37:46] INFO: ASN WMS-ASN-EXT-00004 Carton CNWH63179: Assigned=Received, Actual=Received, ReceivedQty=10
[2026-04-23 14:37:46] INFO: ASN WMS-ASN-EXT-00004 Carton CNWH63180: Assigned=Received, Actual=Received, ReceivedQty=10
[2026-04-23 14:37:46] INFO: ASN WMS-ASN-EXT-00004 Carton CNWH63196: Assigned=Received, Actual=Received, ReceivedQty=10
[2026-04-23 14:37:46] INFO: ASN WMS-ASN-EXT-00004 Carton CNWH63197: Assigned=Received, Actual=Received, ReceivedQty=10
[2026-04-23 14:37:46] INFO: ASN WMS-ASN-EXT-00004 Carton CNWH63198: Assigned=Received, Actual=Received, ReceivedQty=10
[2026-04-23 14:37:46] INFO: ASN WMS-ASN-EXT-00004 Carton CNWH63199: Assigned=Received, Actual=Received, ReceivedQty=10
[2026-04-23 14:37:46] INFO: ASN WMS-ASN-EXT-00004 Carton CNWH63200: Assigned=Received, Actual=Received, ReceivedQty=10
[2026-04-23 14:37:46] INFO: ASN WMS-ASN-EXT-00004 Carton CNWH63266: Assigned=Received, Actual=Received, ReceivedQty=10
[2026-04-23 14:37:46] INFO: ASN WMS-ASN-EXT-00004 Carton CNWH63268: Assigned=Received, Actual=Received, ReceivedQty=10
[2026-04-23 14:37:46] INFO: ASN WMS-ASN-EXT-00004 Carton CNWH63269: Assigned=Received, Actual=Received, ReceivedQty=10
[2026-04-23 14:37:46] INFO: ASN WMS-ASN-EXT-00004 Carton CNWH63270: Assigned=Received, Actual=Received, ReceivedQty=10
[2026-04-23 14:37:46] INFO: ASN WMS-ASN-EXT-00004 Carton CNWH63271: Assigned=Received, Actual=Received, ReceivedQty=10
[2026-04-23 14:37:46] INFO: ASN WMS-ASN-EXT-00004 Carton CNWH63272: Assigned=Received, Actual=Received, ReceivedQty=10
[2026-04-23 14:37:46] INFO: ASN WMS-ASN-EXT-00004 Carton CNWH63275: Assigned=Received, Actual=Received, ReceivedQty=10
[2026-04-23 14:37:46] INFO: ASN WMS-ASN-EXT-00004 Carton CNWH63277: Assigned=Received, Actual=Received, ReceivedQty=10
[2026-04-23 14:37:46] INFO: ASN WMS-ASN-EXT-00004 Carton CNWH63280: Assigned=Received, Actual=Received, ReceivedQty=10
[2026-04-23 14:37:46] INFO: ASN WMS-ASN-EXT-00004 Carton CNWH63282: Assigned=Received, Actual=Received, ReceivedQty=10
[2026-04-23 14:37:46] INFO: ASN WMS-ASN-EXT-00004 Carton CNWH63283: Assigned=Received, Actual=Received, ReceivedQty=10
[2026-04-23 14:37:46] INFO: ASN WMS-ASN-EXT-00004 Carton CNWH63284: Assigned=Received, Actual=Received, ReceivedQty=10
[2026-04-23 14:37:46] INFO: ASN WMS-ASN-EXT-00004 Carton CNWH63285: Assigned=Received, Actual=Received, ReceivedQty=10
[2026-04-23 14:37:46] INFO: ASN WMS-ASN-EXT-00004 Carton CNWH63286: Assigned=Received, Actual=Received, ReceivedQty=10
[2026-04-23 14:37:46] INFO: ASN WMS-ASN-EXT-00004 Carton CNWH63287: Assigned=Received, Actual=Received, ReceivedQty=10
[2026-04-23 14:37:46] INFO: ASN WMS-ASN-EXT-00004 Carton CNWH63288: Assigned=Received, Actual=Received, ReceivedQty=10
[2026-04-23 14:37:46] INFO: ASN WMS-ASN-EXT-00004 Carton CNWH63289: Assigned=Received, Actual=Received, ReceivedQty=10
[2026-04-23 14:37:46] INFO: ASN WMS-ASN-EXT-00004 Carton CNWH63441: Assigned=Received, Actual=Received, ReceivedQty=10
[2026-04-23 14:37:46] INFO: ASN WMS-ASN-EXT-00004 Carton CNWH63442: Assigned=Received, Actual=Received, ReceivedQty=10
[2026-04-23 14:37:46] INFO: ASN WMS-ASN-EXT-00004 Carton CNWH63444: Assigned=Received, Actual=Received, ReceivedQty=10
[2026-04-23 14:37:46] INFO: ASN WMS-ASN-EXT-00004 Carton CNWH63446: Assigned=Received, Actual=Received, ReceivedQty=10
[2026-04-23 14:37:46] INFO: ASN WMS-ASN-EXT-00004 Carton CNWH63448: Assigned=Received, Actual=Received, ReceivedQty=10
[2026-04-23 14:37:46] INFO: ASN WMS-ASN-EXT-00004 Carton CNWH65363: Assigned=Received, Actual=Received, ReceivedQty=10
[2026-04-23 14:37:46] INFO: ASN WMS-ASN-EXT-00004 Carton CNWH63179: Assigned=Received, Actual=Received, ReceivedQty=10
[2026-04-23 14:37:46] INFO: ASN WMS-ASN-EXT-00004 Carton CNWH63180: Assigned=Received, Actual=Received, ReceivedQty=10
[2026-04-23 14:37:46] INFO: ASN WMS-ASN-EXT-00004 Carton CNWH63196: Assigned=Received, Actual=Received, ReceivedQty=10
[2026-04-23 14:37:46] INFO: ASN WMS-ASN-EXT-00004 Carton CNWH63197: Assigned=Received, Actual=Received, ReceivedQty=10
[2026-04-23 14:37:46] INFO: ASN WMS-ASN-EXT-00004 Carton CNWH63198: Assigned=Received, Actual=Received, ReceivedQty=10
[2026-04-23 14:37:46] INFO: ASN WMS-ASN-EXT-00004 Carton CNWH63199: Assigned=Received, Actual=Received, ReceivedQty=10
[2026-04-23 14:37:46] INFO: ASN WMS-ASN-EXT-00004 Carton CNWH63200: Assigned=Received, Actual=Received, ReceivedQty=10
[2026-04-23 14:37:46] INFO: ASN WMS-ASN-EXT-00004 Carton CNWH63266: Assigned=Received, Actual=Received, ReceivedQty=10
[2026-04-23 14:37:46] INFO: ASN WMS-ASN-EXT-00004 Carton CNWH63268: Assigned=Received, Actual=Received, ReceivedQty=10
[2026-04-23 14:37:46] INFO: ASN WMS-ASN-EXT-00004 Carton CNWH63269: Assigned=Received, Actual=Received, ReceivedQty=10
[2026-04-23 14:37:46] INFO: ASN WMS-ASN-EXT-00004 Carton CNWH63270: Assigned=Received, Actual=Received, ReceivedQty=10
[2026-04-23 14:37:46] INFO: ASN WMS-ASN-EXT-00004 Carton CNWH63271: Assigned=Received, Actual=Received, ReceivedQty=10
[2026-04-23 14:37:46] INFO: ASN WMS-ASN-EXT-00004 Carton CNWH63272: Assigned=Received, Actual=Received, ReceivedQty=10
[2026-04-23 14:37:46] INFO: ASN WMS-ASN-EXT-00004 Carton CNWH63275: Assigned=Received, Actual=Received, ReceivedQty=10
[2026-04-23 14:37:46] INFO: ASN WMS-ASN-EXT-00004 Carton CNWH63277: Assigned=Received, Actual=Received, ReceivedQty=10
[2026-04-23 14:37:46] INFO: ASN WMS-ASN-EXT-00004 Carton CNWH63280: Assigned=Received, Actual=Received, ReceivedQty=10
[2026-04-23 14:37:46] INFO: ASN WMS-ASN-EXT-00004 Carton CNWH63282: Assigned=Received, Actual=Received, ReceivedQty=10
[2026-04-23 14:37:46] INFO: ASN WMS-ASN-EXT-00004 Carton CNWH63283: Assigned=Received, Actual=Received, ReceivedQty=10
[2026-04-23 14:37:46] INFO: ASN WMS-ASN-EXT-00004 Carton CNWH63284: Assigned=Received, Actual=Received, ReceivedQty=10
[2026-04-23 14:37:46] INFO: ASN WMS-ASN-EXT-00004 Carton CNWH63285: Assigned=Received, Actual=Received, ReceivedQty=10
[2026-04-23 14:37:46] INFO: ASN WMS-ASN-EXT-00004 Carton CNWH63286: Assigned=Received, Actual=Received, ReceivedQty=10
[2026-04-23 14:37:46] INFO: ASN WMS-ASN-EXT-00004 Carton CNWH63287: Assigned=Received, Actual=Received, ReceivedQty=10
[2026-04-23 14:37:46] INFO: ASN WMS-ASN-EXT-00004 Carton CNWH63288: Assigned=Received, Actual=Received, ReceivedQty=10
[2026-04-23 14:37:46] INFO: ASN WMS-ASN-EXT-00004 Carton CNWH63289: Assigned=Received, Actual=Received, ReceivedQty=10
[2026-04-23 14:37:46] INFO: ASN WMS-ASN-EXT-00004 Carton CNWH63441: Assigned=Received, Actual=Received, ReceivedQty=10
[2026-04-23 14:37:46] INFO: ASN WMS-ASN-EXT-00004 Carton CNWH63442: Assigned=Received, Actual=Received, ReceivedQty=10
[2026-04-23 14:37:46] INFO: ASN WMS-ASN-EXT-00004 Carton CNWH65363: Assigned=Received, Actual=Received, ReceivedQty=10
[2026-04-23 14:37:46] INFO: ASN WMS-ASN-EXT-00004 Carton CNWH63502: Assigned=Received, Actual=Received, ReceivedQty=10
[2026-04-23 14:37:46] INFO: ASN WMS-ASN-EXT-00004 Carton CNWH63502: Assigned=Received, Actual=Received, ReceivedQty=10
[2026-04-23 14:37:46] INFO: ASN WMS-ASN-EXT-00004 Carton CNWH64607: Assigned=Received, Actual=Received, ReceivedQty=10
[2026-04-23 14:37:51] INFO: ErpNextWmsSyncApiService: Fetched 4 item code(s) from ERPNext for ASN WMS-ASN-EXT-00004 (use as filter for PR/received qty).
[2026-04-23 14:37:51] INFO: ErpNextWmsSyncApiService: Pushing ASN received qty for WMS-ASN-EXT-00004, 4 line(s) (aggregated by item). Item codes: [324249:300, 324250:270, 324251:10, 324252:20], to http://printechsdammam.dyndns.org:88/api/method/printechs_wms.api.asn_receiving.update_asn_received_qty
[2026-04-23 14:37:51] INFO: ErpNextWmsSyncApiService: ASN received qty updated successfully.
[2026-04-23 14:37:51] INFO: ErpNextWmsSyncApiService: Fetched 4 item code(s) from ERPNext for ASN WMS-ASN-EXT-00004 (use as filter for PR/received qty).
[2026-04-23 14:37:51] INFO: ErpNextWmsSyncApiService: Creating Purchase Receipt for ASN WMS-ASN-EXT-00004, warehouse Main Warehouse - MAATC, 4 line(s). Item codes: [324249:300, 324250:270, 324251:10, 324252:20]
[2026-04-23 14:37:51] INFO: ErpNextWmsSyncApiService: Create Purchase Receipt succeeded. Purchase Receipt: MAT-PRE-2026-00006
[2026-04-23 14:37:51] INFO: AsnDataService: SetAsnPurchaseReceiptNo saved MAT-PRE-2026-00006 for ASN WMS-ASN-EXT-00004.
[2026-04-23 14:37:51] INFO: ASN ASN-0001 Carton CNWH12858: Assigned=Assigned, Actual=Assigned, ReceivedQty=0
[2026-04-23 14:37:51] INFO: ASN ASN-0001 Carton CNWH12854: Assigned=Assigned, Actual=Assigned, ReceivedQty=0
[2026-04-23 14:37:51] INFO: ASN ASN-0001 Carton CNWH15390: Assigned=Assigned, Actual=Assigned, ReceivedQty=0
[2026-04-23 14:37:51] INFO: ASN ASN-0001 Carton CNWH42441: Assigned=Assigned, Actual=Assigned, ReceivedQty=0
[2026-04-23 14:37:51] INFO: ASN ASN-0001 Carton CNWH64571: Assigned=Assigned, Actual=Assigned, ReceivedQty=0
[2026-04-23 14:37:51] INFO: ASN ASN-0001 Carton CNWH64521: Assigned=Assigned, Actual=Assigned, ReceivedQty=0
[2026-04-23 14:37:51] INFO: ASN ASN-0001 Carton CNWH63561: Assigned=Assigned, Actual=Assigned, ReceivedQty=0
[2026-04-23 14:37:51] INFO: ASN ASN-0001 Carton CNWH63609: Assigned=Assigned, Actual=Assigned, ReceivedQty=0
[2026-04-23 14:37:51] INFO: ASN WMS-ASN-EXT-00004 Carton CNWH63179: Assigned=Received, Actual=Received, ReceivedQty=10
[2026-04-23 14:37:51] INFO: ASN WMS-ASN-EXT-00004 Carton CNWH63180: Assigned=Received, Actual=Received, ReceivedQty=10
[2026-04-23 14:37:51] INFO: ASN WMS-ASN-EXT-00004 Carton CNWH63196: Assigned=Received, Actual=Received, ReceivedQty=10
[2026-04-23 14:37:51] INFO: ASN WMS-ASN-EXT-00004 Carton CNWH63197: Assigned=Received, Actual=Received, ReceivedQty=10
[2026-04-23 14:37:51] INFO: ASN WMS-ASN-EXT-00004 Carton CNWH63198: Assigned=Received, Actual=Received, ReceivedQty=10
[2026-04-23 14:37:51] INFO: ASN WMS-ASN-EXT-00004 Carton CNWH63199: Assigned=Received, Actual=Received, ReceivedQty=10
[2026-04-23 14:37:51] INFO: ASN WMS-ASN-EXT-00004 Carton CNWH63200: Assigned=Received, Actual=Received, ReceivedQty=10
[2026-04-23 14:37:51] INFO: ASN WMS-ASN-EXT-00004 Carton CNWH63266: Assigned=Received, Actual=Received, ReceivedQty=10
[2026-04-23 14:37:51] INFO: ASN WMS-ASN-EXT-00004 Carton CNWH63268: Assigned=Received, Actual=Received, ReceivedQty=10
[2026-04-23 14:37:51] INFO: ASN WMS-ASN-EXT-00004 Carton CNWH63269: Assigned=Received, Actual=Received, ReceivedQty=10
[2026-04-23 14:37:51] INFO: ASN WMS-ASN-EXT-00004 Carton CNWH63270: Assigned=Received, Actual=Received, ReceivedQty=10
[2026-04-23 14:37:51] INFO: ASN WMS-ASN-EXT-00004 Carton CNWH63271: Assigned=Received, Actual=Received, ReceivedQty=10
[2026-04-23 14:37:51] INFO: ASN WMS-ASN-EXT-00004 Carton CNWH63272: Assigned=Received, Actual=Received, ReceivedQty=10
[2026-04-23 14:37:51] INFO: ASN WMS-ASN-EXT-00004 Carton CNWH63275: Assigned=Received, Actual=Received, ReceivedQty=10
[2026-04-23 14:37:51] INFO: ASN WMS-ASN-EXT-00004 Carton CNWH63277: Assigned=Received, Actual=Received, ReceivedQty=10
[2026-04-23 14:37:51] INFO: ASN WMS-ASN-EXT-00004 Carton CNWH63280: Assigned=Received, Actual=Received, ReceivedQty=10
[2026-04-23 14:37:51] INFO: ASN WMS-ASN-EXT-00004 Carton CNWH63282: Assigned=Received, Actual=Received, ReceivedQty=10
[2026-04-23 14:37:51] INFO: ASN WMS-ASN-EXT-00004 Carton CNWH63283: Assigned=Received, Actual=Received, ReceivedQty=10
[2026-04-23 14:37:51] INFO: ASN WMS-ASN-EXT-00004 Carton CNWH63284: Assigned=Received, Actual=Received, ReceivedQty=10
[2026-04-23 14:37:51] INFO: ASN WMS-ASN-EXT-00004 Carton CNWH63285: Assigned=Received, Actual=Received, ReceivedQty=10
[2026-04-23 14:37:51] INFO: ASN WMS-ASN-EXT-00004 Carton CNWH63286: Assigned=Received, Actual=Received, ReceivedQty=10
[2026-04-23 14:37:51] INFO: ASN WMS-ASN-EXT-00004 Carton CNWH63287: Assigned=Received, Actual=Received, ReceivedQty=10
[2026-04-23 14:37:51] INFO: ASN WMS-ASN-EXT-00004 Carton CNWH63288: Assigned=Received, Actual=Received, ReceivedQty=10
[2026-04-23 14:37:51] INFO: ASN WMS-ASN-EXT-00004 Carton CNWH63289: Assigned=Received, Actual=Received, ReceivedQty=10
[2026-04-23 14:37:51] INFO: ASN WMS-ASN-EXT-00004 Carton CNWH63441: Assigned=Received, Actual=Received, ReceivedQty=10
[2026-04-23 14:37:51] INFO: ASN WMS-ASN-EXT-00004 Carton CNWH63442: Assigned=Received, Actual=Received, ReceivedQty=10
[2026-04-23 14:37:51] INFO: ASN WMS-ASN-EXT-00004 Carton CNWH63444: Assigned=Received, Actual=Received, ReceivedQty=10
[2026-04-23 14:37:51] INFO: ASN WMS-ASN-EXT-00004 Carton CNWH63446: Assigned=Received, Actual=Received, ReceivedQty=10
[2026-04-23 14:37:51] INFO: ASN WMS-ASN-EXT-00004 Carton CNWH63448: Assigned=Received, Actual=Received, ReceivedQty=10
[2026-04-23 14:37:51] INFO: ASN WMS-ASN-EXT-00004 Carton CNWH65363: Assigned=Received, Actual=Received, ReceivedQty=10
[2026-04-23 14:37:51] INFO: ASN WMS-ASN-EXT-00004 Carton CNWH63179: Assigned=Received, Actual=Received, ReceivedQty=10
[2026-04-23 14:37:51] INFO: ASN WMS-ASN-EXT-00004 Carton CNWH63180: Assigned=Received, Actual=Received, ReceivedQty=10
[2026-04-23 14:37:51] INFO: ASN WMS-ASN-EXT-00004 Carton CNWH63196: Assigned=Received, Actual=Received, ReceivedQty=10
[2026-04-23 14:37:51] INFO: ASN WMS-ASN-EXT-00004 Carton CNWH63197: Assigned=Received, Actual=Received, ReceivedQty=10
[2026-04-23 14:37:51] INFO: ASN WMS-ASN-EXT-00004 Carton CNWH63198: Assigned=Received, Actual=Received, ReceivedQty=10
[2026-04-23 14:37:51] INFO: ASN WMS-ASN-EXT-00004 Carton CNWH63199: Assigned=Received, Actual=Received, ReceivedQty=10
[2026-04-23 14:37:51] INFO: ASN WMS-ASN-EXT-00004 Carton CNWH63200: Assigned=Received, Actual=Received, ReceivedQty=10
[2026-04-23 14:37:51] INFO: ASN WMS-ASN-EXT-00004 Carton CNWH63266: Assigned=Received, Actual=Received, ReceivedQty=10
[2026-04-23 14:37:51] INFO: ASN WMS-ASN-EXT-00004 Carton CNWH63268: Assigned=Received, Actual=Received, ReceivedQty=10
[2026-04-23 14:37:51] INFO: ASN WMS-ASN-EXT-00004 Carton CNWH63269: Assigned=Received, Actual=Received, ReceivedQty=10
[2026-04-23 14:37:51] INFO: ASN WMS-ASN-EXT-00004 Carton CNWH63270: Assigned=Received, Actual=Received, ReceivedQty=10
[2026-04-23 14:37:51] INFO: ASN WMS-ASN-EXT-00004 Carton CNWH63271: Assigned=Received, Actual=Received, ReceivedQty=10
[2026-04-23 14:37:51] INFO: ASN WMS-ASN-EXT-00004 Carton CNWH63272: Assigned=Received, Actual=Received, ReceivedQty=10
[2026-04-23 14:37:51] INFO: ASN WMS-ASN-EXT-00004 Carton CNWH63275: Assigned=Received, Actual=Received, ReceivedQty=10
[2026-04-23 14:37:51] INFO: ASN WMS-ASN-EXT-00004 Carton CNWH63277: Assigned=Received, Actual=Received, ReceivedQty=10
[2026-04-23 14:37:51] INFO: ASN WMS-ASN-EXT-00004 Carton CNWH63280: Assigned=Received, Actual=Received, ReceivedQty=10
[2026-04-23 14:37:51] INFO: ASN WMS-ASN-EXT-00004 Carton CNWH63282: Assigned=Received, Actual=Received, ReceivedQty=10
[2026-04-23 14:37:51] INFO: ASN WMS-ASN-EXT-00004 Carton CNWH63283: Assigned=Received, Actual=Received, ReceivedQty=10
[2026-04-23 14:37:51] INFO: ASN WMS-ASN-EXT-00004 Carton CNWH63284: Assigned=Received, Actual=Received, ReceivedQty=10
[2026-04-23 14:37:51] INFO: ASN WMS-ASN-EXT-00004 Carton CNWH63285: Assigned=Received, Actual=Received, ReceivedQty=10
[2026-04-23 14:37:51] INFO: ASN WMS-ASN-EXT-00004 Carton CNWH63286: Assigned=Received, Actual=Received, ReceivedQty=10
[2026-04-23 14:37:51] INFO: ASN WMS-ASN-EXT-00004 Carton CNWH63287: Assigned=Received, Actual=Received, ReceivedQty=10
[2026-04-23 14:37:51] INFO: ASN WMS-ASN-EXT-00004 Carton CNWH63288: Assigned=Received, Actual=Received, ReceivedQty=10
[2026-04-23 14:37:51] INFO: ASN WMS-ASN-EXT-00004 Carton CNWH63289: Assigned=Received, Actual=Received, ReceivedQty=10
[2026-04-23 14:37:51] INFO: ASN WMS-ASN-EXT-00004 Carton CNWH63441: Assigned=Received, Actual=Received, ReceivedQty=10
[2026-04-23 14:37:51] INFO: ASN WMS-ASN-EXT-00004 Carton CNWH63442: Assigned=Received, Actual=Received, ReceivedQty=10
[2026-04-23 14:37:51] INFO: ASN WMS-ASN-EXT-00004 Carton CNWH65363: Assigned=Received, Actual=Received, ReceivedQty=10
[2026-04-23 14:37:51] INFO: ASN WMS-ASN-EXT-00004 Carton CNWH63502: Assigned=Received, Actual=Received, ReceivedQty=10
[2026-04-23 14:37:51] INFO: ASN WMS-ASN-EXT-00004 Carton CNWH63502: Assigned=Received, Actual=Received, ReceivedQty=10
[2026-04-23 14:37:51] INFO: ASN WMS-ASN-EXT-00004 Carton CNWH64607: Assigned=Received, Actual=Received, ReceivedQty=10
[2026-04-23 14:37:55] INFO: ASN ASN-0001 Carton CNWH12858: Assigned=Assigned, Actual=Assigned, ReceivedQty=0
[2026-04-23 14:37:55] INFO: ASN ASN-0001 Carton CNWH12854: Assigned=Assigned, Actual=Assigned, ReceivedQty=0
[2026-04-23 14:37:55] INFO: ASN ASN-0001 Carton CNWH15390: Assigned=Assigned, Actual=Assigned, ReceivedQty=0
[2026-04-23 14:37:55] INFO: ASN ASN-0001 Carton CNWH42441: Assigned=Assigned, Actual=Assigned, ReceivedQty=0
[2026-04-23 14:37:55] INFO: ASN ASN-0001 Carton CNWH64571: Assigned=Assigned, Actual=Assigned, ReceivedQty=0
[2026-04-23 14:37:55] INFO: ASN ASN-0001 Carton CNWH64521: Assigned=Assigned, Actual=Assigned, ReceivedQty=0
[2026-04-23 14:37:55] INFO: ASN ASN-0001 Carton CNWH63561: Assigned=Assigned, Actual=Assigned, ReceivedQty=0
[2026-04-23 14:37:55] INFO: ASN ASN-0001 Carton CNWH63609: Assigned=Assigned, Actual=Assigned, ReceivedQty=0
[2026-04-23 14:37:55] INFO: ASN WMS-ASN-EXT-00004 Carton CNWH63179: Assigned=Received, Actual=Received, ReceivedQty=10
[2026-04-23 14:37:55] INFO: ASN WMS-ASN-EXT-00004 Carton CNWH63180: Assigned=Received, Actual=Received, ReceivedQty=10
[2026-04-23 14:37:55] INFO: ASN WMS-ASN-EXT-00004 Carton CNWH63196: Assigned=Received, Actual=Received, ReceivedQty=10
[2026-04-23 14:37:55] INFO: ASN WMS-ASN-EXT-00004 Carton CNWH63197: Assigned=Received, Actual=Received, ReceivedQty=10
[2026-04-23 14:37:55] INFO: ASN WMS-ASN-EXT-00004 Carton CNWH63198: Assigned=Received, Actual=Received, ReceivedQty=10
[2026-04-23 14:37:55] INFO: ASN WMS-ASN-EXT-00004 Carton CNWH63199: Assigned=Received, Actual=Received, ReceivedQty=10
[2026-04-23 14:37:55] INFO: ASN WMS-ASN-EXT-00004 Carton CNWH63200: Assigned=Received, Actual=Received, ReceivedQty=10
[2026-04-23 14:37:55] INFO: ASN WMS-ASN-EXT-00004 Carton CNWH63266: Assigned=Received, Actual=Received, ReceivedQty=10
[2026-04-23 14:37:55] INFO: ASN WMS-ASN-EXT-00004 Carton CNWH63268: Assigned=Received, Actual=Received, ReceivedQty=10
[2026-04-23 14:37:55] INFO: ASN WMS-ASN-EXT-00004 Carton CNWH63269: Assigned=Received, Actual=Received, ReceivedQty=10
[2026-04-23 14:37:55] INFO: ASN WMS-ASN-EXT-00004 Carton CNWH63270: Assigned=Received, Actual=Received, ReceivedQty=10
[2026-04-23 14:37:55] INFO: ASN WMS-ASN-EXT-00004 Carton CNWH63271: Assigned=Received, Actual=Received, ReceivedQty=10
[2026-04-23 14:37:55] INFO: ASN WMS-ASN-EXT-00004 Carton CNWH63272: Assigned=Received, Actual=Received, ReceivedQty=10
[2026-04-23 14:37:55] INFO: ASN WMS-ASN-EXT-00004 Carton CNWH63275: Assigned=Received, Actual=Received, ReceivedQty=10
[2026-04-23 14:37:55] INFO: ASN WMS-ASN-EXT-00004 Carton CNWH63277: Assigned=Received, Actual=Received, ReceivedQty=10
[2026-04-23 14:37:55] INFO: ASN WMS-ASN-EXT-00004 Carton CNWH63280: Assigned=Received, Actual=Received, ReceivedQty=10
[2026-04-23 14:37:55] INFO: ASN WMS-ASN-EXT-00004 Carton CNWH63282: Assigned=Received, Actual=Received, ReceivedQty=10
[2026-04-23 14:37:55] INFO: ASN WMS-ASN-EXT-00004 Carton CNWH63283: Assigned=Received, Actual=Received, ReceivedQty=10
[2026-04-23 14:37:55] INFO: ASN WMS-ASN-EXT-00004 Carton CNWH63284: Assigned=Received, Actual=Received, ReceivedQty=10
[2026-04-23 14:37:55] INFO: ASN WMS-ASN-EXT-00004 Carton CNWH63285: Assigned=Received, Actual=Received, ReceivedQty=10
[2026-04-23 14:37:55] INFO: ASN WMS-ASN-EXT-00004 Carton CNWH63286: Assigned=Received, Actual=Received, ReceivedQty=10
[2026-04-23 14:37:55] INFO: ASN WMS-ASN-EXT-00004 Carton CNWH63287: Assigned=Received, Actual=Received, ReceivedQty=10
[2026-04-23 14:37:55] INFO: ASN WMS-ASN-EXT-00004 Carton CNWH63288: Assigned=Received, Actual=Received, ReceivedQty=10
[2026-04-23 14:37:55] INFO: ASN WMS-ASN-EXT-00004 Carton CNWH63289: Assigned=Received, Actual=Received, ReceivedQty=10
[2026-04-23 14:37:55] INFO: ASN WMS-ASN-EXT-00004 Carton CNWH63441: Assigned=Received, Actual=Received, ReceivedQty=10
[2026-04-23 14:37:55] INFO: ASN WMS-ASN-EXT-00004 Carton CNWH63442: Assigned=Received, Actual=Received, ReceivedQty=10
[2026-04-23 14:37:55] INFO: ASN WMS-ASN-EXT-00004 Carton CNWH63444: Assigned=Received, Actual=Received, ReceivedQty=10
[2026-04-23 14:37:55] INFO: ASN WMS-ASN-EXT-00004 Carton CNWH63446: Assigned=Received, Actual=Received, ReceivedQty=10
[2026-04-23 14:37:55] INFO: ASN WMS-ASN-EXT-00004 Carton CNWH63448: Assigned=Received, Actual=Received, ReceivedQty=10
[2026-04-23 14:37:55] INFO: ASN WMS-ASN-EXT-00004 Carton CNWH65363: Assigned=Received, Actual=Received, ReceivedQty=10
[2026-04-23 14:37:55] INFO: ASN WMS-ASN-EXT-00004 Carton CNWH63179: Assigned=Received, Actual=Received, ReceivedQty=10
[2026-04-23 14:37:55] INFO: ASN WMS-ASN-EXT-00004 Carton CNWH63180: Assigned=Received, Actual=Received, ReceivedQty=10
[2026-04-23 14:37:55] INFO: ASN WMS-ASN-EXT-00004 Carton CNWH63196: Assigned=Received, Actual=Received, ReceivedQty=10
[2026-04-23 14:37:55] INFO: ASN WMS-ASN-EXT-00004 Carton CNWH63197: Assigned=Received, Actual=Received, ReceivedQty=10
[2026-04-23 14:37:55] INFO: ASN WMS-ASN-EXT-00004 Carton CNWH63198: Assigned=Received, Actual=Received, ReceivedQty=10
[2026-04-23 14:37:55] INFO: ASN WMS-ASN-EXT-00004 Carton CNWH63199: Assigned=Received, Actual=Received, ReceivedQty=10
[2026-04-23 14:37:55] INFO: ASN WMS-ASN-EXT-00004 Carton CNWH63200: Assigned=Received, Actual=Received, ReceivedQty=10
[2026-04-23 14:37:55] INFO: ASN WMS-ASN-EXT-00004 Carton CNWH63266: Assigned=Received, Actual=Received, ReceivedQty=10
[2026-04-23 14:37:55] INFO: ASN WMS-ASN-EXT-00004 Carton CNWH63268: Assigned=Received, Actual=Received, ReceivedQty=10
[2026-04-23 14:37:55] INFO: ASN WMS-ASN-EXT-00004 Carton CNWH63269: Assigned=Received, Actual=Received, ReceivedQty=10
[2026-04-23 14:37:55] INFO: ASN WMS-ASN-EXT-00004 Carton CNWH63270: Assigned=Received, Actual=Received, ReceivedQty=10
[2026-04-23 14:37:55] INFO: ASN WMS-ASN-EXT-00004 Carton CNWH63271: Assigned=Received, Actual=Received, ReceivedQty=10
[2026-04-23 14:37:55] INFO: ASN WMS-ASN-EXT-00004 Carton CNWH63272: Assigned=Received, Actual=Received, ReceivedQty=10
[2026-04-23 14:37:55] INFO: ASN WMS-ASN-EXT-00004 Carton CNWH63275: Assigned=Received, Actual=Received, ReceivedQty=10
[2026-04-23 14:37:55] INFO: ASN WMS-ASN-EXT-00004 Carton CNWH63277: Assigned=Received, Actual=Received, ReceivedQty=10
[2026-04-23 14:37:55] INFO: ASN WMS-ASN-EXT-00004 Carton CNWH63280: Assigned=Received, Actual=Received, ReceivedQty=10
[2026-04-23 14:37:55] INFO: ASN WMS-ASN-EXT-00004 Carton CNWH63282: Assigned=Received, Actual=Received, ReceivedQty=10
[2026-04-23 14:37:55] INFO: ASN WMS-ASN-EXT-00004 Carton CNWH63283: Assigned=Received, Actual=Received, ReceivedQty=10
[2026-04-23 14:37:55] INFO: ASN WMS-ASN-EXT-00004 Carton CNWH63284: Assigned=Received, Actual=Received, ReceivedQty=10
[2026-04-23 14:37:55] INFO: ASN WMS-ASN-EXT-00004 Carton CNWH63285: Assigned=Received, Actual=Received, ReceivedQty=10
[2026-04-23 14:37:55] INFO: ASN WMS-ASN-EXT-00004 Carton CNWH63286: Assigned=Received, Actual=Received, ReceivedQty=10
[2026-04-23 14:37:55] INFO: ASN WMS-ASN-EXT-00004 Carton CNWH63287: Assigned=Received, Actual=Received, ReceivedQty=10
[2026-04-23 14:37:55] INFO: ASN WMS-ASN-EXT-00004 Carton CNWH63288: Assigned=Received, Actual=Received, ReceivedQty=10
[2026-04-23 14:37:55] INFO: ASN WMS-ASN-EXT-00004 Carton CNWH63289: Assigned=Received, Actual=Received, ReceivedQty=10
[2026-04-23 14:37:55] INFO: ASN WMS-ASN-EXT-00004 Carton CNWH63441: Assigned=Received, Actual=Received, ReceivedQty=10
[2026-04-23 14:37:55] INFO: ASN WMS-ASN-EXT-00004 Carton CNWH63442: Assigned=Received, Actual=Received, ReceivedQty=10
[2026-04-23 14:37:55] INFO: ASN WMS-ASN-EXT-00004 Carton CNWH65363: Assigned=Received, Actual=Received, ReceivedQty=10
[2026-04-23 14:37:55] INFO: ASN WMS-ASN-EXT-00004 Carton CNWH63502: Assigned=Received, Actual=Received, ReceivedQty=10
[2026-04-23 14:37:55] INFO: ASN WMS-ASN-EXT-00004 Carton CNWH63502: Assigned=Received, Actual=Received, ReceivedQty=10
[2026-04-23 14:37:55] INFO: ASN WMS-ASN-EXT-00004 Carton CNWH64607: Assigned=Received, Actual=Received, ReceivedQty=10
[2026-04-23 14:38:02] INFO: ASN ASN-0001 Carton CNWH12858: Assigned=Assigned, Actual=Assigned, ReceivedQty=0
[2026-04-23 14:38:02] INFO: ASN ASN-0001 Carton CNWH12854: Assigned=Assigned, Actual=Assigned, ReceivedQty=0
[2026-04-23 14:38:02] INFO: ASN ASN-0001 Carton CNWH15390: Assigned=Assigned, Actual=Assigned, ReceivedQty=0
[2026-04-23 14:38:02] INFO: ASN ASN-0001 Carton CNWH42441: Assigned=Assigned, Actual=Assigned, ReceivedQty=0
[2026-04-23 14:38:02] INFO: ASN ASN-0001 Carton CNWH64571: Assigned=Assigned, Actual=Assigned, ReceivedQty=0
[2026-04-23 14:38:02] INFO: ASN ASN-0001 Carton CNWH64521: Assigned=Assigned, Actual=Assigned, ReceivedQty=0
[2026-04-23 14:38:02] INFO: ASN ASN-0001 Carton CNWH63561: Assigned=Assigned, Actual=Assigned, ReceivedQty=0
[2026-04-23 14:38:02] INFO: ASN ASN-0001 Carton CNWH63609: Assigned=Assigned, Actual=Assigned, ReceivedQty=0
[2026-04-23 14:38:02] INFO: ASN WMS-ASN-EXT-00004 Carton CNWH63179: Assigned=Received, Actual=Received, ReceivedQty=10
[2026-04-23 14:38:02] INFO: ASN WMS-ASN-EXT-00004 Carton CNWH63180: Assigned=Received, Actual=Received, ReceivedQty=10
[2026-04-23 14:38:02] INFO: ASN WMS-ASN-EXT-00004 Carton CNWH63196: Assigned=Received, Actual=Received, ReceivedQty=10
[2026-04-23 14:38:02] INFO: ASN WMS-ASN-EXT-00004 Carton CNWH63197: Assigned=Received, Actual=Received, ReceivedQty=10
[2026-04-23 14:38:02] INFO: ASN WMS-ASN-EXT-00004 Carton CNWH63198: Assigned=Received, Actual=Received, ReceivedQty=10
[2026-04-23 14:38:02] INFO: ASN WMS-ASN-EXT-00004 Carton CNWH63199: Assigned=Received, Actual=Received, ReceivedQty=10
[2026-04-23 14:38:02] INFO: ASN WMS-ASN-EXT-00004 Carton CNWH63200: Assigned=Received, Actual=Received, ReceivedQty=10
[2026-04-23 14:38:02] INFO: ASN WMS-ASN-EXT-00004 Carton CNWH63266: Assigned=Received, Actual=Received, ReceivedQty=10
[2026-04-23 14:38:02] INFO: ASN WMS-ASN-EXT-00004 Carton CNWH63268: Assigned=Received, Actual=Received, ReceivedQty=10
[2026-04-23 14:38:02] INFO: ASN WMS-ASN-EXT-00004 Carton CNWH63269: Assigned=Received, Actual=Received, ReceivedQty=10
[2026-04-23 14:38:02] INFO: ASN WMS-ASN-EXT-00004 Carton CNWH63270: Assigned=Received, Actual=Received, ReceivedQty=10
[2026-04-23 14:38:02] INFO: ASN WMS-ASN-EXT-00004 Carton CNWH63271: Assigned=Received, Actual=Received, ReceivedQty=10
[2026-04-23 14:38:02] INFO: ASN WMS-ASN-EXT-00004 Carton CNWH63272: Assigned=Received, Actual=Received, ReceivedQty=10
[2026-04-23 14:38:02] INFO: ASN WMS-ASN-EXT-00004 Carton CNWH63275: Assigned=Received, Actual=Received, ReceivedQty=10
[2026-04-23 14:38:02] INFO: ASN WMS-ASN-EXT-00004 Carton CNWH63277: Assigned=Received, Actual=Received, ReceivedQty=10
[2026-04-23 14:38:02] INFO: ASN WMS-ASN-EXT-00004 Carton CNWH63280: Assigned=Received, Actual=Received, ReceivedQty=10
[2026-04-23 14:38:02] INFO: ASN WMS-ASN-EXT-00004 Carton CNWH63282: Assigned=Received, Actual=Received, ReceivedQty=10
[2026-04-23 14:38:02] INFO: ASN WMS-ASN-EXT-00004 Carton CNWH63283: Assigned=Received, Actual=Received, ReceivedQty=10
[2026-04-23 14:38:02] INFO: ASN WMS-ASN-EXT-00004 Carton CNWH63284: Assigned=Received, Actual=Received, ReceivedQty=10
[2026-04-23 14:38:02] INFO: ASN WMS-ASN-EXT-00004 Carton CNWH63285: Assigned=Received, Actual=Received, ReceivedQty=10
[2026-04-23 14:38:02] INFO: ASN WMS-ASN-EXT-00004 Carton CNWH63286: Assigned=Received, Actual=Received, ReceivedQty=10
[2026-04-23 14:38:02] INFO: ASN WMS-ASN-EXT-00004 Carton CNWH63287: Assigned=Received, Actual=Received, ReceivedQty=10
[2026-04-23 14:38:02] INFO: ASN WMS-ASN-EXT-00004 Carton CNWH63288: Assigned=Received, Actual=Received, ReceivedQty=10
[2026-04-23 14:38:02] INFO: ASN WMS-ASN-EXT-00004 Carton CNWH63289: Assigned=Received, Actual=Received, ReceivedQty=10
[2026-04-23 14:38:02] INFO: ASN WMS-ASN-EXT-00004 Carton CNWH63441: Assigned=Received, Actual=Received, ReceivedQty=10
[2026-04-23 14:38:02] INFO: ASN WMS-ASN-EXT-00004 Carton CNWH63442: Assigned=Received, Actual=Received, ReceivedQty=10
[2026-04-23 14:38:02] INFO: ASN WMS-ASN-EXT-00004 Carton CNWH63444: Assigned=Received, Actual=Received, ReceivedQty=10
[2026-04-23 14:38:02] INFO: ASN WMS-ASN-EXT-00004 Carton CNWH63446: Assigned=Received, Actual=Received, ReceivedQty=10
[2026-04-23 14:38:02] INFO: ASN WMS-ASN-EXT-00004 Carton CNWH63448: Assigned=Received, Actual=Received, ReceivedQty=10
[2026-04-23 14:38:02] INFO: ASN WMS-ASN-EXT-00004 Carton CNWH65363: Assigned=Received, Actual=Received, ReceivedQty=10
[2026-04-23 14:38:02] INFO: ASN WMS-ASN-EXT-00004 Carton CNWH63179: Assigned=Received, Actual=Received, ReceivedQty=10
[2026-04-23 14:38:02] INFO: ASN WMS-ASN-EXT-00004 Carton CNWH63180: Assigned=Received, Actual=Received, ReceivedQty=10
[2026-04-23 14:38:02] INFO: ASN WMS-ASN-EXT-00004 Carton CNWH63196: Assigned=Received, Actual=Received, ReceivedQty=10
[2026-04-23 14:38:02] INFO: ASN WMS-ASN-EXT-00004 Carton CNWH63197: Assigned=Received, Actual=Received, ReceivedQty=10
[2026-04-23 14:38:02] INFO: ASN WMS-ASN-EXT-00004 Carton CNWH63198: Assigned=Received, Actual=Received, ReceivedQty=10
[2026-04-23 14:38:02] INFO: ASN WMS-ASN-EXT-00004 Carton CNWH63199: Assigned=Received, Actual=Received, ReceivedQty=10
[2026-04-23 14:38:02] INFO: ASN WMS-ASN-EXT-00004 Carton CNWH63200: Assigned=Received, Actual=Received, ReceivedQty=10
[2026-04-23 14:38:02] INFO: ASN WMS-ASN-EXT-00004 Carton CNWH63266: Assigned=Received, Actual=Received, ReceivedQty=10
[2026-04-23 14:38:02] INFO: ASN WMS-ASN-EXT-00004 Carton CNWH63268: Assigned=Received, Actual=Received, ReceivedQty=10
[2026-04-23 14:38:02] INFO: ASN WMS-ASN-EXT-00004 Carton CNWH63269: Assigned=Received, Actual=Received, ReceivedQty=10
[2026-04-23 14:38:02] INFO: ASN WMS-ASN-EXT-00004 Carton CNWH63270: Assigned=Received, Actual=Received, ReceivedQty=10
[2026-04-23 14:38:02] INFO: ASN WMS-ASN-EXT-00004 Carton CNWH63271: Assigned=Received, Actual=Received, ReceivedQty=10
[2026-04-23 14:38:02] INFO: ASN WMS-ASN-EXT-00004 Carton CNWH63272: Assigned=Received, Actual=Received, ReceivedQty=10
[2026-04-23 14:38:02] INFO: ASN WMS-ASN-EXT-00004 Carton CNWH63275: Assigned=Received, Actual=Received, ReceivedQty=10
[2026-04-23 14:38:02] INFO: ASN WMS-ASN-EXT-00004 Carton CNWH63277: Assigned=Received, Actual=Received, ReceivedQty=10
[2026-04-23 14:38:02] INFO: ASN WMS-ASN-EXT-00004 Carton CNWH63280: Assigned=Received, Actual=Received, ReceivedQty=10
[2026-04-23 14:38:02] INFO: ASN WMS-ASN-EXT-00004 Carton CNWH63282: Assigned=Received, Actual=Received, ReceivedQty=10
[2026-04-23 14:38:02] INFO: ASN WMS-ASN-EXT-00004 Carton CNWH63283: Assigned=Received, Actual=Received, ReceivedQty=10
[2026-04-23 14:38:02] INFO: ASN WMS-ASN-EXT-00004 Carton CNWH63284: Assigned=Received, Actual=Received, ReceivedQty=10
[2026-04-23 14:38:02] INFO: ASN WMS-ASN-EXT-00004 Carton CNWH63285: Assigned=Received, Actual=Received, ReceivedQty=10
[2026-04-23 14:38:02] INFO: ASN WMS-ASN-EXT-00004 Carton CNWH63286: Assigned=Received, Actual=Received, ReceivedQty=10
[2026-04-23 14:38:02] INFO: ASN WMS-ASN-EXT-00004 Carton CNWH63287: Assigned=Received, Actual=Received, ReceivedQty=10
[2026-04-23 14:38:02] INFO: ASN WMS-ASN-EXT-00004 Carton CNWH63288: Assigned=Received, Actual=Received, ReceivedQty=10
[2026-04-23 14:38:02] INFO: ASN WMS-ASN-EXT-00004 Carton CNWH63289: Assigned=Received, Actual=Received, ReceivedQty=10
[2026-04-23 14:38:02] INFO: ASN WMS-ASN-EXT-00004 Carton CNWH63441: Assigned=Received, Actual=Received, ReceivedQty=10
[2026-04-23 14:38:02] INFO: ASN WMS-ASN-EXT-00004 Carton CNWH63442: Assigned=Received, Actual=Received, ReceivedQty=10
[2026-04-23 14:38:02] INFO: ASN WMS-ASN-EXT-00004 Carton CNWH65363: Assigned=Received, Actual=Received, ReceivedQty=10
[2026-04-23 14:38:02] INFO: ASN WMS-ASN-EXT-00004 Carton CNWH63502: Assigned=Received, Actual=Received, ReceivedQty=10
[2026-04-23 14:38:02] INFO: ASN WMS-ASN-EXT-00004 Carton CNWH63502: Assigned=Received, Actual=Received, ReceivedQty=10
[2026-04-23 14:38:02] INFO: ASN WMS-ASN-EXT-00004 Carton CNWH64607: Assigned=Received, Actual=Received, ReceivedQty=10
[2026-04-23 14:38:02] INFO: ASN ASN-0001 Carton CNWH12858: Assigned=Assigned, Actual=Assigned, ReceivedQty=0
[2026-04-23 14:38:02] INFO: ASN ASN-0001 Carton CNWH12854: Assigned=Assigned, Actual=Assigned, ReceivedQty=0
[2026-04-23 14:38:02] INFO: ASN ASN-0001 Carton CNWH15390: Assigned=Assigned, Actual=Assigned, ReceivedQty=0
[2026-04-23 14:38:02] INFO: ASN ASN-0001 Carton CNWH42441: Assigned=Assigned, Actual=Assigned, ReceivedQty=0
[2026-04-23 14:38:02] INFO: ASN ASN-0001 Carton CNWH64571: Assigned=Assigned, Actual=Assigned, ReceivedQty=0
[2026-04-23 14:38:02] INFO: ASN ASN-0001 Carton CNWH64521: Assigned=Assigned, Actual=Assigned, ReceivedQty=0
[2026-04-23 14:38:02] INFO: ASN ASN-0001 Carton CNWH63561: Assigned=Assigned, Actual=Assigned, ReceivedQty=0
[2026-04-23 14:38:02] INFO: ASN ASN-0001 Carton CNWH63609: Assigned=Assigned, Actual=Assigned, ReceivedQty=0
[2026-04-23 14:38:02] INFO: ASN WMS-ASN-EXT-00004 Carton CNWH63179: Assigned=Received, Actual=Received, ReceivedQty=10
[2026-04-23 14:38:02] INFO: ASN WMS-ASN-EXT-00004 Carton CNWH63180: Assigned=Received, Actual=Received, ReceivedQty=10
[2026-04-23 14:38:02] INFO: ASN WMS-ASN-EXT-00004 Carton CNWH63196: Assigned=Received, Actual=Received, ReceivedQty=10
[2026-04-23 14:38:02] INFO: ASN WMS-ASN-EXT-00004 Carton CNWH63197: Assigned=Received, Actual=Received, ReceivedQty=10
[2026-04-23 14:38:02] INFO: ASN WMS-ASN-EXT-00004 Carton CNWH63198: Assigned=Received, Actual=Received, ReceivedQty=10
[2026-04-23 14:38:02] INFO: ASN WMS-ASN-EXT-00004 Carton CNWH63199: Assigned=Received, Actual=Received, ReceivedQty=10
[2026-04-23 14:38:02] INFO: ASN WMS-ASN-EXT-00004 Carton CNWH63200: Assigned=Received, Actual=Received, ReceivedQty=10
[2026-04-23 14:38:02] INFO: ASN WMS-ASN-EXT-00004 Carton CNWH63266: Assigned=Received, Actual=Received, ReceivedQty=10
[2026-04-23 14:38:02] INFO: ASN WMS-ASN-EXT-00004 Carton CNWH63268: Assigned=Received, Actual=Received, ReceivedQty=10
[2026-04-23 14:38:02] INFO: ASN WMS-ASN-EXT-00004 Carton CNWH63269: Assigned=Received, Actual=Received, ReceivedQty=10
[2026-04-23 14:38:02] INFO: ASN WMS-ASN-EXT-00004 Carton CNWH63270: Assigned=Received, Actual=Received, ReceivedQty=10
[2026-04-23 14:38:02] INFO: ASN WMS-ASN-EXT-00004 Carton CNWH63271: Assigned=Received, Actual=Received, ReceivedQty=10
[2026-04-23 14:38:02] INFO: ASN WMS-ASN-EXT-00004 Carton CNWH63272: Assigned=Received, Actual=Received, ReceivedQty=10
[2026-04-23 14:38:02] INFO: ASN WMS-ASN-EXT-00004 Carton CNWH63275: Assigned=Received, Actual=Received, ReceivedQty=10
[2026-04-23 14:38:02] INFO: ASN WMS-ASN-EXT-00004 Carton CNWH63277: Assigned=Received, Actual=Received, ReceivedQty=10
[2026-04-23 14:38:02] INFO: ASN WMS-ASN-EXT-00004 Carton CNWH63280: Assigned=Received, Actual=Received, ReceivedQty=10
[2026-04-23 14:38:02] INFO: ASN WMS-ASN-EXT-00004 Carton CNWH63282: Assigned=Received, Actual=Received, ReceivedQty=10
[2026-04-23 14:38:02] INFO: ASN WMS-ASN-EXT-00004 Carton CNWH63283: Assigned=Received, Actual=Received, ReceivedQty=10
[2026-04-23 14:38:02] INFO: ASN WMS-ASN-EXT-00004 Carton CNWH63284: Assigned=Received, Actual=Received, ReceivedQty=10
[2026-04-23 14:38:02] INFO: ASN WMS-ASN-EXT-00004 Carton CNWH63285: Assigned=Received, Actual=Received, ReceivedQty=10
[2026-04-23 14:38:02] INFO: ASN WMS-ASN-EXT-00004 Carton CNWH63286: Assigned=Received, Actual=Received, ReceivedQty=10
[2026-04-23 14:38:02] INFO: ASN WMS-ASN-EXT-00004 Carton CNWH63287: Assigned=Received, Actual=Received, ReceivedQty=10
[2026-04-23 14:38:02] INFO: ASN WMS-ASN-EXT-00004 Carton CNWH63288: Assigned=Received, Actual=Received, ReceivedQty=10
[2026-04-23 14:38:02] INFO: ASN WMS-ASN-EXT-00004 Carton CNWH63289: Assigned=Received, Actual=Received, ReceivedQty=10
[2026-04-23 14:38:02] INFO: ASN WMS-ASN-EXT-00004 Carton CNWH63441: Assigned=Received, Actual=Received, ReceivedQty=10
[2026-04-23 14:38:02] INFO: ASN WMS-ASN-EXT-00004 Carton CNWH63442: Assigned=Received, Actual=Received, ReceivedQty=10
[2026-04-23 14:38:02] INFO: ASN WMS-ASN-EXT-00004 Carton CNWH63444: Assigned=Received, Actual=Received, ReceivedQty=10
[2026-04-23 14:38:02] INFO: ASN WMS-ASN-EXT-00004 Carton CNWH63446: Assigned=Received, Actual=Received, ReceivedQty=10
[2026-04-23 14:38:02] INFO: ASN WMS-ASN-EXT-00004 Carton CNWH63448: Assigned=Received, Actual=Received, ReceivedQty=10
[2026-04-23 14:38:02] INFO: ASN WMS-ASN-EXT-00004 Carton CNWH65363: Assigned=Received, Actual=Received, ReceivedQty=10
[2026-04-23 14:38:02] INFO: ASN WMS-ASN-EXT-00004 Carton CNWH63179: Assigned=Received, Actual=Received, ReceivedQty=10
[2026-04-23 14:38:02] INFO: ASN WMS-ASN-EXT-00004 Carton CNWH63180: Assigned=Received, Actual=Received, ReceivedQty=10
[2026-04-23 14:38:02] INFO: ASN WMS-ASN-EXT-00004 Carton CNWH63196: Assigned=Received, Actual=Received, ReceivedQty=10
[2026-04-23 14:38:02] INFO: ASN WMS-ASN-EXT-00004 Carton CNWH63197: Assigned=Received, Actual=Received, ReceivedQty=10
[2026-04-23 14:38:02] INFO: ASN WMS-ASN-EXT-00004 Carton CNWH63198: Assigned=Received, Actual=Received, ReceivedQty=10
[2026-04-23 14:38:02] INFO: ASN WMS-ASN-EXT-00004 Carton CNWH63199: Assigned=Received, Actual=Received, ReceivedQty=10
[2026-04-23 14:38:02] INFO: ASN WMS-ASN-EXT-00004 Carton CNWH63200: Assigned=Received, Actual=Received, ReceivedQty=10
[2026-04-23 14:38:02] INFO: ASN WMS-ASN-EXT-00004 Carton CNWH63266: Assigned=Received, Actual=Received, ReceivedQty=10
[2026-04-23 14:38:02] INFO: ASN WMS-ASN-EXT-00004 Carton CNWH63268: Assigned=Received, Actual=Received, ReceivedQty=10
[2026-04-23 14:38:02] INFO: ASN WMS-ASN-EXT-00004 Carton CNWH63269: Assigned=Received, Actual=Received, ReceivedQty=10
[2026-04-23 14:38:02] INFO: ASN WMS-ASN-EXT-00004 Carton CNWH63270: Assigned=Received, Actual=Received, ReceivedQty=10
[2026-04-23 14:38:02] INFO: ASN WMS-ASN-EXT-00004 Carton CNWH63271: Assigned=Received, Actual=Received, ReceivedQty=10
[2026-04-23 14:38:02] INFO: ASN WMS-ASN-EXT-00004 Carton CNWH63272: Assigned=Received, Actual=Received, ReceivedQty=10
[2026-04-23 14:38:02] INFO: ASN WMS-ASN-EXT-00004 Carton CNWH63275: Assigned=Received, Actual=Received, ReceivedQty=10
[2026-04-23 14:38:02] INFO: ASN WMS-ASN-EXT-00004 Carton CNWH63277: Assigned=Received, Actual=Received, ReceivedQty=10
[2026-04-23 14:38:02] INFO: ASN WMS-ASN-EXT-00004 Carton CNWH63280: Assigned=Received, Actual=Received, ReceivedQty=10
[2026-04-23 14:38:02] INFO: ASN WMS-ASN-EXT-00004 Carton CNWH63282: Assigned=Received, Actual=Received, ReceivedQty=10
[2026-04-23 14:38:02] INFO: ASN WMS-ASN-EXT-00004 Carton CNWH63283: Assigned=Received, Actual=Received, ReceivedQty=10
[2026-04-23 14:38:02] INFO: ASN WMS-ASN-EXT-00004 Carton CNWH63284: Assigned=Received, Actual=Received, ReceivedQty=10
[2026-04-23 14:38:02] INFO: ASN WMS-ASN-EXT-00004 Carton CNWH63285: Assigned=Received, Actual=Received, ReceivedQty=10
[2026-04-23 14:38:02] INFO: ASN WMS-ASN-EXT-00004 Carton CNWH63286: Assigned=Received, Actual=Received, ReceivedQty=10
[2026-04-23 14:38:02] INFO: ASN WMS-ASN-EXT-00004 Carton CNWH63287: Assigned=Received, Actual=Received, ReceivedQty=10
[2026-04-23 14:38:02] INFO: ASN WMS-ASN-EXT-00004 Carton CNWH63288: Assigned=Received, Actual=Received, ReceivedQty=10
[2026-04-23 14:38:02] INFO: ASN WMS-ASN-EXT-00004 Carton CNWH63289: Assigned=Received, Actual=Received, ReceivedQty=10
[2026-04-23 14:38:02] INFO: ASN WMS-ASN-EXT-00004 Carton CNWH63441: Assigned=Received, Actual=Received, ReceivedQty=10
[2026-04-23 14:38:02] INFO: ASN WMS-ASN-EXT-00004 Carton CNWH63442: Assigned=Received, Actual=Received, ReceivedQty=10
[2026-04-23 14:38:02] INFO: ASN WMS-ASN-EXT-00004 Carton CNWH65363: Assigned=Received, Actual=Received, ReceivedQty=10
[2026-04-23 14:38:02] INFO: ASN WMS-ASN-EXT-00004 Carton CNWH63502: Assigned=Received, Actual=Received, ReceivedQty=10
[2026-04-23 14:38:02] INFO: ASN WMS-ASN-EXT-00004 Carton CNWH63502: Assigned=Received, Actual=Received, ReceivedQty=10
[2026-04-23 14:38:02] INFO: ASN WMS-ASN-EXT-00004 Carton CNWH64607: Assigned=Received, Actual=Received, ReceivedQty=10
[2026-04-23 14:41:39] INFO: ASN ASN-0001 Carton CNWH12858: Assigned=Assigned, Actual=Assigned, ReceivedQty=0
[2026-04-23 14:41:39] INFO: ASN ASN-0001 Carton CNWH12854: Assigned=Assigned, Actual=Assigned, ReceivedQty=0
[2026-04-23 14:41:39] INFO: ASN ASN-0001 Carton CNWH15390: Assigned=Assigned, Actual=Assigned, ReceivedQty=0
[2026-04-23 14:41:39] INFO: ASN ASN-0001 Carton CNWH42441: Assigned=Assigned, Actual=Assigned, ReceivedQty=0
[2026-04-23 14:41:39] INFO: ASN ASN-0001 Carton CNWH64571: Assigned=Assigned, Actual=Assigned, ReceivedQty=0
[2026-04-23 14:41:39] INFO: ASN ASN-0001 Carton CNWH64521: Assigned=Assigned, Actual=Assigned, ReceivedQty=0
[2026-04-23 14:41:39] INFO: ASN ASN-0001 Carton CNWH63561: Assigned=Assigned, Actual=Assigned, ReceivedQty=0
[2026-04-23 14:41:39] INFO: ASN ASN-0001 Carton CNWH63609: Assigned=Assigned, Actual=Assigned, ReceivedQty=0
[2026-04-23 14:41:39] INFO: ASN WMS-ASN-EXT-00004 Carton CNWH63179: Assigned=Received, Actual=Received, ReceivedQty=10
[2026-04-23 14:41:39] INFO: ASN WMS-ASN-EXT-00004 Carton CNWH63180: Assigned=Received, Actual=Received, ReceivedQty=10
[2026-04-23 14:41:39] INFO: ASN WMS-ASN-EXT-00004 Carton CNWH63196: Assigned=Received, Actual=Received, ReceivedQty=10
[2026-04-23 14:41:39] INFO: ASN WMS-ASN-EXT-00004 Carton CNWH63197: Assigned=Received, Actual=Received, ReceivedQty=10
[2026-04-23 14:41:39] INFO: ASN WMS-ASN-EXT-00004 Carton CNWH63198: Assigned=Received, Actual=Received, ReceivedQty=10
[2026-04-23 14:41:39] INFO: ASN WMS-ASN-EXT-00004 Carton CNWH63199: Assigned=Received, Actual=Received, ReceivedQty=10
[2026-04-23 14:41:39] INFO: ASN WMS-ASN-EXT-00004 Carton CNWH63200: Assigned=Received, Actual=Received, ReceivedQty=10
[2026-04-23 14:41:39] INFO: ASN WMS-ASN-EXT-00004 Carton CNWH63266: Assigned=Received, Actual=Received, ReceivedQty=10
[2026-04-23 14:41:39] INFO: ASN WMS-ASN-EXT-00004 Carton CNWH63268: Assigned=Received, Actual=Received, ReceivedQty=10
[2026-04-23 14:41:39] INFO: ASN WMS-ASN-EXT-00004 Carton CNWH63269: Assigned=Received, Actual=Received, ReceivedQty=10
[2026-04-23 14:41:39] INFO: ASN WMS-ASN-EXT-00004 Carton CNWH63270: Assigned=Received, Actual=Received, ReceivedQty=10
[2026-04-23 14:41:39] INFO: ASN WMS-ASN-EXT-00004 Carton CNWH63271: Assigned=Received, Actual=Received, ReceivedQty=10
[2026-04-23 14:41:39] INFO: ASN WMS-ASN-EXT-00004 Carton CNWH63272: Assigned=Received, Actual=Received, ReceivedQty=10
[2026-04-23 14:41:39] INFO: ASN WMS-ASN-EXT-00004 Carton CNWH63275: Assigned=Received, Actual=Received, ReceivedQty=10
[2026-04-23 14:41:39] INFO: ASN WMS-ASN-EXT-00004 Carton CNWH63277: Assigned=Received, Actual=Received, ReceivedQty=10
[2026-04-23 14:41:39] INFO: ASN WMS-ASN-EXT-00004 Carton CNWH63280: Assigned=Received, Actual=Received, ReceivedQty=10
[2026-04-23 14:41:39] INFO: ASN WMS-ASN-EXT-00004 Carton CNWH63282: Assigned=Received, Actual=Received, ReceivedQty=10
[2026-04-23 14:41:39] INFO: ASN WMS-ASN-EXT-00004 Carton CNWH63283: Assigned=Received, Actual=Received, ReceivedQty=10
[2026-04-23 14:41:39] INFO: ASN WMS-ASN-EXT-00004 Carton CNWH63284: Assigned=Received, Actual=Received, ReceivedQty=10
[2026-04-23 14:41:39] INFO: ASN WMS-ASN-EXT-00004 Carton CNWH63285: Assigned=Received, Actual=Received, ReceivedQty=10
[2026-04-23 14:41:39] INFO: ASN WMS-ASN-EXT-00004 Carton CNWH63286: Assigned=Received, Actual=Received, ReceivedQty=10
[2026-04-23 14:41:39] INFO: ASN WMS-ASN-EXT-00004 Carton CNWH63287: Assigned=Received, Actual=Received, ReceivedQty=10
[2026-04-23 14:41:39] INFO: ASN WMS-ASN-EXT-00004 Carton CNWH63288: Assigned=Received, Actual=Received, ReceivedQty=10
[2026-04-23 14:41:39] INFO: ASN WMS-ASN-EXT-00004 Carton CNWH63289: Assigned=Received, Actual=Received, ReceivedQty=10
[2026-04-23 14:41:39] INFO: ASN WMS-ASN-EXT-00004 Carton CNWH63441: Assigned=Received, Actual=Received, ReceivedQty=10
[2026-04-23 14:41:39] INFO: ASN WMS-ASN-EXT-00004 Carton CNWH63442: Assigned=Received, Actual=Received, ReceivedQty=10
[2026-04-23 14:41:39] INFO: ASN WMS-ASN-EXT-00004 Carton CNWH63444: Assigned=Received, Actual=Received, ReceivedQty=10
[2026-04-23 14:41:39] INFO: ASN WMS-ASN-EXT-00004 Carton CNWH63446: Assigned=Received, Actual=Received, ReceivedQty=10
[2026-04-23 14:41:39] INFO: ASN WMS-ASN-EXT-00004 Carton CNWH63448: Assigned=Received, Actual=Received, ReceivedQty=10
[2026-04-23 14:41:39] INFO: ASN WMS-ASN-EXT-00004 Carton CNWH65363: Assigned=Received, Actual=Received, ReceivedQty=10
[2026-04-23 14:41:39] INFO: ASN WMS-ASN-EXT-00004 Carton CNWH63179: Assigned=Received, Actual=Received, ReceivedQty=10
[2026-04-23 14:41:39] INFO: ASN WMS-ASN-EXT-00004 Carton CNWH63180: Assigned=Received, Actual=Received, ReceivedQty=10
[2026-04-23 14:41:39] INFO: ASN WMS-ASN-EXT-00004 Carton CNWH63196: Assigned=Received, Actual=Received, ReceivedQty=10
[2026-04-23 14:41:39] INFO: ASN WMS-ASN-EXT-00004 Carton CNWH63197: Assigned=Received, Actual=Received, ReceivedQty=10
[2026-04-23 14:41:39] INFO: ASN WMS-ASN-EXT-00004 Carton CNWH63198: Assigned=Received, Actual=Received, ReceivedQty=10
[2026-04-23 14:41:39] INFO: ASN WMS-ASN-EXT-00004 Carton CNWH63199: Assigned=Received, Actual=Received, ReceivedQty=10
[2026-04-23 14:41:39] INFO: ASN WMS-ASN-EXT-00004 Carton CNWH63200: Assigned=Received, Actual=Received, ReceivedQty=10
[2026-04-23 14:41:39] INFO: ASN WMS-ASN-EXT-00004 Carton CNWH63266: Assigned=Received, Actual=Received, ReceivedQty=10
[2026-04-23 14:41:39] INFO: ASN WMS-ASN-EXT-00004 Carton CNWH63268: Assigned=Received, Actual=Received, ReceivedQty=10
[2026-04-23 14:41:39] INFO: ASN WMS-ASN-EXT-00004 Carton CNWH63269: Assigned=Received, Actual=Received, ReceivedQty=10
[2026-04-23 14:41:39] INFO: ASN WMS-ASN-EXT-00004 Carton CNWH63270: Assigned=Received, Actual=Received, ReceivedQty=10
[2026-04-23 14:41:39] INFO: ASN WMS-ASN-EXT-00004 Carton CNWH63271: Assigned=Received, Actual=Received, ReceivedQty=10
[2026-04-23 14:41:39] INFO: ASN WMS-ASN-EXT-00004 Carton CNWH63272: Assigned=Received, Actual=Received, ReceivedQty=10
[2026-04-23 14:41:39] INFO: ASN WMS-ASN-EXT-00004 Carton CNWH63275: Assigned=Received, Actual=Received, ReceivedQty=10
[2026-04-23 14:41:39] INFO: ASN WMS-ASN-EXT-00004 Carton CNWH63277: Assigned=Received, Actual=Received, ReceivedQty=10
[2026-04-23 14:41:39] INFO: ASN WMS-ASN-EXT-00004 Carton CNWH63280: Assigned=Received, Actual=Received, ReceivedQty=10
[2026-04-23 14:41:39] INFO: ASN WMS-ASN-EXT-00004 Carton CNWH63282: Assigned=Received, Actual=Received, ReceivedQty=10
[2026-04-23 14:41:39] INFO: ASN WMS-ASN-EXT-00004 Carton CNWH63283: Assigned=Received, Actual=Received, ReceivedQty=10
[2026-04-23 14:41:39] INFO: ASN WMS-ASN-EXT-00004 Carton CNWH63284: Assigned=Received, Actual=Received, ReceivedQty=10
[2026-04-23 14:41:39] INFO: ASN WMS-ASN-EXT-00004 Carton CNWH63285: Assigned=Received, Actual=Received, ReceivedQty=10
[2026-04-23 14:41:39] INFO: ASN WMS-ASN-EXT-00004 Carton CNWH63286: Assigned=Received, Actual=Received, ReceivedQty=10
[2026-04-23 14:41:39] INFO: ASN WMS-ASN-EXT-00004 Carton CNWH63287: Assigned=Received, Actual=Received, ReceivedQty=10
[2026-04-23 14:41:39] INFO: ASN WMS-ASN-EXT-00004 Carton CNWH63288: Assigned=Received, Actual=Received, ReceivedQty=10
[2026-04-23 14:41:39] INFO: ASN WMS-ASN-EXT-00004 Carton CNWH63289: Assigned=Received, Actual=Received, ReceivedQty=10
[2026-04-23 14:41:39] INFO: ASN WMS-ASN-EXT-00004 Carton CNWH63441: Assigned=Received, Actual=Received, ReceivedQty=10
[2026-04-23 14:41:39] INFO: ASN WMS-ASN-EXT-00004 Carton CNWH63442: Assigned=Received, Actual=Received, ReceivedQty=10
[2026-04-23 14:41:39] INFO: ASN WMS-ASN-EXT-00004 Carton CNWH65363: Assigned=Received, Actual=Received, ReceivedQty=10
[2026-04-23 14:41:39] INFO: ASN WMS-ASN-EXT-00004 Carton CNWH63502: Assigned=Received, Actual=Received, ReceivedQty=10
[2026-04-23 14:41:39] INFO: ASN WMS-ASN-EXT-00004 Carton CNWH63502: Assigned=Received, Actual=Received, ReceivedQty=10
[2026-04-23 14:41:39] INFO: ASN WMS-ASN-EXT-00004 Carton CNWH64607: Assigned=Received, Actual=Received, ReceivedQty=10
[2026-04-23 14:41:40] INFO: ErpNextWmsSyncApiService: Fetched 4 item code(s) from ERPNext for ASN WMS-ASN-EXT-00004 (use as filter for PR/received qty).
[2026-04-23 14:41:40] INFO: ErpNextWmsSyncApiService: Pushing ASN received qty for WMS-ASN-EXT-00004, 4 line(s) (aggregated by item). Item codes: [324249:300, 324250:270, 324251:10, 324252:20], to http://printechsdammam.dyndns.org:88/api/method/printechs_wms.api.asn_receiving.update_asn_received_qty
[2026-04-23 14:41:40] INFO: ErpNextWmsSyncApiService: ASN received qty updated successfully.
[2026-04-23 14:41:40] INFO: ErpNextWmsSyncApiService: Fetched 4 item code(s) from ERPNext for ASN WMS-ASN-EXT-00004 (use as filter for PR/received qty).
[2026-04-23 14:41:40] INFO: ErpNextWmsSyncApiService: Creating Purchase Receipt for ASN WMS-ASN-EXT-00004, warehouse Main Warehouse - MAATC, 4 line(s). Item codes: [324249:300, 324250:270, 324251:10, 324252:20]
[2026-04-23 14:41:40] INFO: ErpNextWmsSyncApiService: Create Purchase Receipt succeeded. Purchase Receipt: MAT-PRE-2026-00006
[2026-04-23 14:41:40] INFO: AsnDataService: SetAsnPurchaseReceiptNo saved MAT-PRE-2026-00006 for ASN WMS-ASN-EXT-00004.
[2026-04-23 14:41:40] INFO: ASN ASN-0001 Carton CNWH12858: Assigned=Assigned, Actual=Assigned, ReceivedQty=0
[2026-04-23 14:41:40] INFO: ASN ASN-0001 Carton CNWH12854: Assigned=Assigned, Actual=Assigned, ReceivedQty=0
[2026-04-23 14:41:40] INFO: ASN ASN-0001 Carton CNWH15390: Assigned=Assigned, Actual=Assigned, ReceivedQty=0
[2026-04-23 14:41:40] INFO: ASN ASN-0001 Carton CNWH42441: Assigned=Assigned, Actual=Assigned, ReceivedQty=0
[2026-04-23 14:41:40] INFO: ASN ASN-0001 Carton CNWH64571: Assigned=Assigned, Actual=Assigned, ReceivedQty=0
[2026-04-23 14:41:40] INFO: ASN ASN-0001 Carton CNWH64521: Assigned=Assigned, Actual=Assigned, ReceivedQty=0
[2026-04-23 14:41:40] INFO: ASN ASN-0001 Carton CNWH63561: Assigned=Assigned, Actual=Assigned, ReceivedQty=0
[2026-04-23 14:41:40] INFO: ASN ASN-0001 Carton CNWH63609: Assigned=Assigned, Actual=Assigned, ReceivedQty=0
[2026-04-23 14:41:40] INFO: ASN WMS-ASN-EXT-00004 Carton CNWH63179: Assigned=Received, Actual=Received, ReceivedQty=10
[2026-04-23 14:41:40] INFO: ASN WMS-ASN-EXT-00004 Carton CNWH63180: Assigned=Received, Actual=Received, ReceivedQty=10
[2026-04-23 14:41:40] INFO: ASN WMS-ASN-EXT-00004 Carton CNWH63196: Assigned=Received, Actual=Received, ReceivedQty=10
[2026-04-23 14:41:40] INFO: ASN WMS-ASN-EXT-00004 Carton CNWH63197: Assigned=Received, Actual=Received, ReceivedQty=10
[2026-04-23 14:41:40] INFO: ASN WMS-ASN-EXT-00004 Carton CNWH63198: Assigned=Received, Actual=Received, ReceivedQty=10
[2026-04-23 14:41:40] INFO: ASN WMS-ASN-EXT-00004 Carton CNWH63199: Assigned=Received, Actual=Received, ReceivedQty=10
[2026-04-23 14:41:40] INFO: ASN WMS-ASN-EXT-00004 Carton CNWH63200: Assigned=Received, Actual=Received, ReceivedQty=10
[2026-04-23 14:41:40] INFO: ASN WMS-ASN-EXT-00004 Carton CNWH63266: Assigned=Received, Actual=Received, ReceivedQty=10
[2026-04-23 14:41:40] INFO: ASN WMS-ASN-EXT-00004 Carton CNWH63268: Assigned=Received, Actual=Received, ReceivedQty=10
[2026-04-23 14:41:40] INFO: ASN WMS-ASN-EXT-00004 Carton CNWH63269: Assigned=Received, Actual=Received, ReceivedQty=10
[2026-04-23 14:41:40] INFO: ASN WMS-ASN-EXT-00004 Carton CNWH63270: Assigned=Received, Actual=Received, ReceivedQty=10
[2026-04-23 14:41:40] INFO: ASN WMS-ASN-EXT-00004 Carton CNWH63271: Assigned=Received, Actual=Received, ReceivedQty=10
[2026-04-23 14:41:40] INFO: ASN WMS-ASN-EXT-00004 Carton CNWH63272: Assigned=Received, Actual=Received, ReceivedQty=10
[2026-04-23 14:41:40] INFO: ASN WMS-ASN-EXT-00004 Carton CNWH63275: Assigned=Received, Actual=Received, ReceivedQty=10
[2026-04-23 14:41:40] INFO: ASN WMS-ASN-EXT-00004 Carton CNWH63277: Assigned=Received, Actual=Received, ReceivedQty=10
[2026-04-23 14:41:40] INFO: ASN WMS-ASN-EXT-00004 Carton CNWH63280: Assigned=Received, Actual=Received, ReceivedQty=10
[2026-04-23 14:41:40] INFO: ASN WMS-ASN-EXT-00004 Carton CNWH63282: Assigned=Received, Actual=Received, ReceivedQty=10
[2026-04-23 14:41:40] INFO: ASN WMS-ASN-EXT-00004 Carton CNWH63283: Assigned=Received, Actual=Received, ReceivedQty=10
[2026-04-23 14:41:40] INFO: ASN WMS-ASN-EXT-00004 Carton CNWH63284: Assigned=Received, Actual=Received, ReceivedQty=10
[2026-04-23 14:41:40] INFO: ASN WMS-ASN-EXT-00004 Carton CNWH63285: Assigned=Received, Actual=Received, ReceivedQty=10
[2026-04-23 14:41:40] INFO: ASN WMS-ASN-EXT-00004 Carton CNWH63286: Assigned=Received, Actual=Received, ReceivedQty=10
[2026-04-23 14:41:40] INFO: ASN WMS-ASN-EXT-00004 Carton CNWH63287: Assigned=Received, Actual=Received, ReceivedQty=10
[2026-04-23 14:41:40] INFO: ASN WMS-ASN-EXT-00004 Carton CNWH63288: Assigned=Received, Actual=Received, ReceivedQty=10
[2026-04-23 14:41:40] INFO: ASN WMS-ASN-EXT-00004 Carton CNWH63289: Assigned=Received, Actual=Received, ReceivedQty=10
[2026-04-23 14:41:40] INFO: ASN WMS-ASN-EXT-00004 Carton CNWH63441: Assigned=Received, Actual=Received, ReceivedQty=10
[2026-04-23 14:41:40] INFO: ASN WMS-ASN-EXT-00004 Carton CNWH63442: Assigned=Received, Actual=Received, ReceivedQty=10
[2026-04-23 14:41:40] INFO: ASN WMS-ASN-EXT-00004 Carton CNWH63444: Assigned=Received, Actual=Received, ReceivedQty=10
[2026-04-23 14:41:40] INFO: ASN WMS-ASN-EXT-00004 Carton CNWH63446: Assigned=Received, Actual=Received, ReceivedQty=10
[2026-04-23 14:41:40] INFO: ASN WMS-ASN-EXT-00004 Carton CNWH63448: Assigned=Received, Actual=Received, ReceivedQty=10
[2026-04-23 14:41:40] INFO: ASN WMS-ASN-EXT-00004 Carton CNWH65363: Assigned=Received, Actual=Received, ReceivedQty=10
[2026-04-23 14:41:40] INFO: ASN WMS-ASN-EXT-00004 Carton CNWH63179: Assigned=Received, Actual=Received, ReceivedQty=10
[2026-04-23 14:41:40] INFO: ASN WMS-ASN-EXT-00004 Carton CNWH63180: Assigned=Received, Actual=Received, ReceivedQty=10
[2026-04-23 14:41:40] INFO: ASN WMS-ASN-EXT-00004 Carton CNWH63196: Assigned=Received, Actual=Received, ReceivedQty=10
[2026-04-23 14:41:40] INFO: ASN WMS-ASN-EXT-00004 Carton CNWH63197: Assigned=Received, Actual=Received, ReceivedQty=10
[2026-04-23 14:41:40] INFO: ASN WMS-ASN-EXT-00004 Carton CNWH63198: Assigned=Received, Actual=Received, ReceivedQty=10
[2026-04-23 14:41:40] INFO: ASN WMS-ASN-EXT-00004 Carton CNWH63199: Assigned=Received, Actual=Received, ReceivedQty=10
[2026-04-23 14:41:40] INFO: ASN WMS-ASN-EXT-00004 Carton CNWH63200: Assigned=Received, Actual=Received, ReceivedQty=10
[2026-04-23 14:41:40] INFO: ASN WMS-ASN-EXT-00004 Carton CNWH63266: Assigned=Received, Actual=Received, ReceivedQty=10
[2026-04-23 14:41:40] INFO: ASN WMS-ASN-EXT-00004 Carton CNWH63268: Assigned=Received, Actual=Received, ReceivedQty=10
[2026-04-23 14:41:40] INFO: ASN WMS-ASN-EXT-00004 Carton CNWH63269: Assigned=Received, Actual=Received, ReceivedQty=10
[2026-04-23 14:41:40] INFO: ASN WMS-ASN-EXT-00004 Carton CNWH63270: Assigned=Received, Actual=Received, ReceivedQty=10
[2026-04-23 14:41:40] INFO: ASN WMS-ASN-EXT-00004 Carton CNWH63271: Assigned=Received, Actual=Received, ReceivedQty=10
[2026-04-23 14:41:40] INFO: ASN WMS-ASN-EXT-00004 Carton CNWH63272: Assigned=Received, Actual=Received, ReceivedQty=10
[2026-04-23 14:41:40] INFO: ASN WMS-ASN-EXT-00004 Carton CNWH63275: Assigned=Received, Actual=Received, ReceivedQty=10
[2026-04-23 14:41:40] INFO: ASN WMS-ASN-EXT-00004 Carton CNWH63277: Assigned=Received, Actual=Received, ReceivedQty=10
[2026-04-23 14:41:40] INFO: ASN WMS-ASN-EXT-00004 Carton CNWH63280: Assigned=Received, Actual=Received, ReceivedQty=10
[2026-04-23 14:41:40] INFO: ASN WMS-ASN-EXT-00004 Carton CNWH63282: Assigned=Received, Actual=Received, ReceivedQty=10
[2026-04-23 14:41:40] INFO: ASN WMS-ASN-EXT-00004 Carton CNWH63283: Assigned=Received, Actual=Received, ReceivedQty=10
[2026-04-23 14:41:40] INFO: ASN WMS-ASN-EXT-00004 Carton CNWH63284: Assigned=Received, Actual=Received, ReceivedQty=10
[2026-04-23 14:41:40] INFO: ASN WMS-ASN-EXT-00004 Carton CNWH63285: Assigned=Received, Actual=Received, ReceivedQty=10
[2026-04-23 14:41:40] INFO: ASN WMS-ASN-EXT-00004 Carton CNWH63286: Assigned=Received, Actual=Received, ReceivedQty=10
[2026-04-23 14:41:40] INFO: ASN WMS-ASN-EXT-00004 Carton CNWH63287: Assigned=Received, Actual=Received, ReceivedQty=10
[2026-04-23 14:41:40] INFO: ASN WMS-ASN-EXT-00004 Carton CNWH63288: Assigned=Received, Actual=Received, ReceivedQty=10
[2026-04-23 14:41:40] INFO: ASN WMS-ASN-EXT-00004 Carton CNWH63289: Assigned=Received, Actual=Received, ReceivedQty=10
[2026-04-23 14:41:40] INFO: ASN WMS-ASN-EXT-00004 Carton CNWH63441: Assigned=Received, Actual=Received, ReceivedQty=10
[2026-04-23 14:41:40] INFO: ASN WMS-ASN-EXT-00004 Carton CNWH63442: Assigned=Received, Actual=Received, ReceivedQty=10
[2026-04-23 14:41:40] INFO: ASN WMS-ASN-EXT-00004 Carton CNWH65363: Assigned=Received, Actual=Received, ReceivedQty=10
[2026-04-23 14:41:40] INFO: ASN WMS-ASN-EXT-00004 Carton CNWH63502: Assigned=Received, Actual=Received, ReceivedQty=10
[2026-04-23 14:41:40] INFO: ASN WMS-ASN-EXT-00004 Carton CNWH63502: Assigned=Received, Actual=Received, ReceivedQty=10
[2026-04-23 14:41:40] INFO: ASN WMS-ASN-EXT-00004 Carton CNWH64607: Assigned=Received, Actual=Received, ReceivedQty=10
[2026-04-23 14:41:42] INFO: ASN ASN-0001 Carton CNWH12858: Assigned=Assigned, Actual=Assigned, ReceivedQty=0
[2026-04-23 14:41:42] INFO: ASN ASN-0001 Carton CNWH12854: Assigned=Assigned, Actual=Assigned, ReceivedQty=0
[2026-04-23 14:41:42] INFO: ASN ASN-0001 Carton CNWH15390: Assigned=Assigned, Actual=Assigned, ReceivedQty=0
[2026-04-23 14:41:42] INFO: ASN ASN-0001 Carton CNWH42441: Assigned=Assigned, Actual=Assigned, ReceivedQty=0
[2026-04-23 14:41:42] INFO: ASN ASN-0001 Carton CNWH64571: Assigned=Assigned, Actual=Assigned, ReceivedQty=0
[2026-04-23 14:41:42] INFO: ASN ASN-0001 Carton CNWH64521: Assigned=Assigned, Actual=Assigned, ReceivedQty=0
[2026-04-23 14:41:42] INFO: ASN ASN-0001 Carton CNWH63561: Assigned=Assigned, Actual=Assigned, ReceivedQty=0
[2026-04-23 14:41:42] INFO: ASN ASN-0001 Carton CNWH63609: Assigned=Assigned, Actual=Assigned, ReceivedQty=0
[2026-04-23 14:41:42] INFO: ASN WMS-ASN-EXT-00004 Carton CNWH63179: Assigned=Received, Actual=Received, ReceivedQty=10
[2026-04-23 14:41:42] INFO: ASN WMS-ASN-EXT-00004 Carton CNWH63180: Assigned=Received, Actual=Received, ReceivedQty=10
[2026-04-23 14:41:42] INFO: ASN WMS-ASN-EXT-00004 Carton CNWH63196: Assigned=Received, Actual=Received, ReceivedQty=10
[2026-04-23 14:41:42] INFO: ASN WMS-ASN-EXT-00004 Carton CNWH63197: Assigned=Received, Actual=Received, ReceivedQty=10
[2026-04-23 14:41:42] INFO: ASN WMS-ASN-EXT-00004 Carton CNWH63198: Assigned=Received, Actual=Received, ReceivedQty=10
[2026-04-23 14:41:42] INFO: ASN WMS-ASN-EXT-00004 Carton CNWH63199: Assigned=Received, Actual=Received, ReceivedQty=10
[2026-04-23 14:41:42] INFO: ASN WMS-ASN-EXT-00004 Carton CNWH63200: Assigned=Received, Actual=Received, ReceivedQty=10
[2026-04-23 14:41:42] INFO: ASN WMS-ASN-EXT-00004 Carton CNWH63266: Assigned=Received, Actual=Received, ReceivedQty=10
[2026-04-23 14:41:42] INFO: ASN WMS-ASN-EXT-00004 Carton CNWH63268: Assigned=Received, Actual=Received, ReceivedQty=10
[2026-04-23 14:41:42] INFO: ASN WMS-ASN-EXT-00004 Carton CNWH63269: Assigned=Received, Actual=Received, ReceivedQty=10
[2026-04-23 14:41:42] INFO: ASN WMS-ASN-EXT-00004 Carton CNWH63270: Assigned=Received, Actual=Received, ReceivedQty=10
[2026-04-23 14:41:42] INFO: ASN WMS-ASN-EXT-00004 Carton CNWH63271: Assigned=Received, Actual=Received, ReceivedQty=10
[2026-04-23 14:41:42] INFO: ASN WMS-ASN-EXT-00004 Carton CNWH63272: Assigned=Received, Actual=Received, ReceivedQty=10
[2026-04-23 14:41:42] INFO: ASN WMS-ASN-EXT-00004 Carton CNWH63275: Assigned=Received, Actual=Received, ReceivedQty=10
[2026-04-23 14:41:42] INFO: ASN WMS-ASN-EXT-00004 Carton CNWH63277: Assigned=Received, Actual=Received, ReceivedQty=10
[2026-04-23 14:41:42] INFO: ASN WMS-ASN-EXT-00004 Carton CNWH63280: Assigned=Received, Actual=Received, ReceivedQty=10
[2026-04-23 14:41:42] INFO: ASN WMS-ASN-EXT-00004 Carton CNWH63282: Assigned=Received, Actual=Received, ReceivedQty=10
[2026-04-23 14:41:42] INFO: ASN WMS-ASN-EXT-00004 Carton CNWH63283: Assigned=Received, Actual=Received, ReceivedQty=10
[2026-04-23 14:41:42] INFO: ASN WMS-ASN-EXT-00004 Carton CNWH63284: Assigned=Received, Actual=Received, ReceivedQty=10
[2026-04-23 14:41:42] INFO: ASN WMS-ASN-EXT-00004 Carton CNWH63285: Assigned=Received, Actual=Received, ReceivedQty=10
[2026-04-23 14:41:42] INFO: ASN WMS-ASN-EXT-00004 Carton CNWH63286: Assigned=Received, Actual=Received, ReceivedQty=10
[2026-04-23 14:41:42] INFO: ASN WMS-ASN-EXT-00004 Carton CNWH63287: Assigned=Received, Actual=Received, ReceivedQty=10
[2026-04-23 14:41:42] INFO: ASN WMS-ASN-EXT-00004 Carton CNWH63288: Assigned=Received, Actual=Received, ReceivedQty=10
[2026-04-23 14:41:42] INFO: ASN WMS-ASN-EXT-00004 Carton CNWH63289: Assigned=Received, Actual=Received, ReceivedQty=10
[2026-04-23 14:41:42] INFO: ASN WMS-ASN-EXT-00004 Carton CNWH63441: Assigned=Received, Actual=Received, ReceivedQty=10
[2026-04-23 14:41:42] INFO: ASN WMS-ASN-EXT-00004 Carton CNWH63442: Assigned=Received, Actual=Received, ReceivedQty=10
[2026-04-23 14:41:42] INFO: ASN WMS-ASN-EXT-00004 Carton CNWH63444: Assigned=Received, Actual=Received, ReceivedQty=10
[2026-04-23 14:41:42] INFO: ASN WMS-ASN-EXT-00004 Carton CNWH63446: Assigned=Received, Actual=Received, ReceivedQty=10
[2026-04-23 14:41:42] INFO: ASN WMS-ASN-EXT-00004 Carton CNWH63448: Assigned=Received, Actual=Received, ReceivedQty=10
[2026-04-23 14:41:42] INFO: ASN WMS-ASN-EXT-00004 Carton CNWH65363: Assigned=Received, Actual=Received, ReceivedQty=10
[2026-04-23 14:41:42] INFO: ASN WMS-ASN-EXT-00004 Carton CNWH63179: Assigned=Received, Actual=Received, ReceivedQty=10
[2026-04-23 14:41:42] INFO: ASN WMS-ASN-EXT-00004 Carton CNWH63180: Assigned=Received, Actual=Received, ReceivedQty=10
[2026-04-23 14:41:42] INFO: ASN WMS-ASN-EXT-00004 Carton CNWH63196: Assigned=Received, Actual=Received, ReceivedQty=10
[2026-04-23 14:41:42] INFO: ASN WMS-ASN-EXT-00004 Carton CNWH63197: Assigned=Received, Actual=Received, ReceivedQty=10
[2026-04-23 14:41:42] INFO: ASN WMS-ASN-EXT-00004 Carton CNWH63198: Assigned=Received, Actual=Received, ReceivedQty=10
[2026-04-23 14:41:42] INFO: ASN WMS-ASN-EXT-00004 Carton CNWH63199: Assigned=Received, Actual=Received, ReceivedQty=10
[2026-04-23 14:41:42] INFO: ASN WMS-ASN-EXT-00004 Carton CNWH63200: Assigned=Received, Actual=Received, ReceivedQty=10
[2026-04-23 14:41:42] INFO: ASN WMS-ASN-EXT-00004 Carton CNWH63266: Assigned=Received, Actual=Received, ReceivedQty=10
[2026-04-23 14:41:42] INFO: ASN WMS-ASN-EXT-00004 Carton CNWH63268: Assigned=Received, Actual=Received, ReceivedQty=10
[2026-04-23 14:41:42] INFO: ASN WMS-ASN-EXT-00004 Carton CNWH63269: Assigned=Received, Actual=Received, ReceivedQty=10
[2026-04-23 14:41:42] INFO: ASN WMS-ASN-EXT-00004 Carton CNWH63270: Assigned=Received, Actual=Received, ReceivedQty=10
[2026-04-23 14:41:42] INFO: ASN WMS-ASN-EXT-00004 Carton CNWH63271: Assigned=Received, Actual=Received, ReceivedQty=10
[2026-04-23 14:41:42] INFO: ASN WMS-ASN-EXT-00004 Carton CNWH63272: Assigned=Received, Actual=Received, ReceivedQty=10
[2026-04-23 14:41:42] INFO: ASN WMS-ASN-EXT-00004 Carton CNWH63275: Assigned=Received, Actual=Received, ReceivedQty=10
[2026-04-23 14:41:42] INFO: ASN WMS-ASN-EXT-00004 Carton CNWH63277: Assigned=Received, Actual=Received, ReceivedQty=10
[2026-04-23 14:41:42] INFO: ASN WMS-ASN-EXT-00004 Carton CNWH63280: Assigned=Received, Actual=Received, ReceivedQty=10
[2026-04-23 14:41:42] INFO: ASN WMS-ASN-EXT-00004 Carton CNWH63282: Assigned=Received, Actual=Received, ReceivedQty=10
[2026-04-23 14:41:42] INFO: ASN WMS-ASN-EXT-00004 Carton CNWH63283: Assigned=Received, Actual=Received, ReceivedQty=10
[2026-04-23 14:41:42] INFO: ASN WMS-ASN-EXT-00004 Carton CNWH63284: Assigned=Received, Actual=Received, ReceivedQty=10
[2026-04-23 14:41:42] INFO: ASN WMS-ASN-EXT-00004 Carton CNWH63285: Assigned=Received, Actual=Received, ReceivedQty=10
[2026-04-23 14:41:42] INFO: ASN WMS-ASN-EXT-00004 Carton CNWH63286: Assigned=Received, Actual=Received, ReceivedQty=10
[2026-04-23 14:41:42] INFO: ASN WMS-ASN-EXT-00004 Carton CNWH63287: Assigned=Received, Actual=Received, ReceivedQty=10
[2026-04-23 14:41:42] INFO: ASN WMS-ASN-EXT-00004 Carton CNWH63288: Assigned=Received, Actual=Received, ReceivedQty=10
[2026-04-23 14:41:42] INFO: ASN WMS-ASN-EXT-00004 Carton CNWH63289: Assigned=Received, Actual=Received, ReceivedQty=10
[2026-04-23 14:41:42] INFO: ASN WMS-ASN-EXT-00004 Carton CNWH63441: Assigned=Received, Actual=Received, ReceivedQty=10
[2026-04-23 14:41:42] INFO: ASN WMS-ASN-EXT-00004 Carton CNWH63442: Assigned=Received, Actual=Received, ReceivedQty=10
[2026-04-23 14:41:42] INFO: ASN WMS-ASN-EXT-00004 Carton CNWH65363: Assigned=Received, Actual=Received, ReceivedQty=10
[2026-04-23 14:41:42] INFO: ASN WMS-ASN-EXT-00004 Carton CNWH63502: Assigned=Received, Actual=Received, ReceivedQty=10
[2026-04-23 14:41:42] INFO: ASN WMS-ASN-EXT-00004 Carton CNWH63502: Assigned=Received, Actual=Received, ReceivedQty=10
[2026-04-23 14:41:42] INFO: ASN WMS-ASN-EXT-00004 Carton CNWH64607: Assigned=Received, Actual=Received, ReceivedQty=10
[2026-04-23 14:42:17] INFO: ASN ASN-0001 Carton CNWH12858: Assigned=Assigned, Actual=Assigned, ReceivedQty=0
[2026-04-23 14:42:17] INFO: ASN ASN-0001 Carton CNWH12854: Assigned=Assigned, Actual=Assigned, ReceivedQty=0
[2026-04-23 14:42:17] INFO: ASN ASN-0001 Carton CNWH15390: Assigned=Assigned, Actual=Assigned, ReceivedQty=0
[2026-04-23 14:42:17] INFO: ASN ASN-0001 Carton CNWH42441: Assigned=Assigned, Actual=Assigned, ReceivedQty=0
[2026-04-23 14:42:17] INFO: ASN ASN-0001 Carton CNWH64571: Assigned=Assigned, Actual=Assigned, ReceivedQty=0
[2026-04-23 14:42:17] INFO: ASN ASN-0001 Carton CNWH64521: Assigned=Assigned, Actual=Assigned, ReceivedQty=0
[2026-04-23 14:42:17] INFO: ASN ASN-0001 Carton CNWH63561: Assigned=Assigned, Actual=Assigned, ReceivedQty=0
[2026-04-23 14:42:17] INFO: ASN ASN-0001 Carton CNWH63609: Assigned=Assigned, Actual=Assigned, ReceivedQty=0
[2026-04-23 14:42:17] INFO: ASN WMS-ASN-EXT-00004 Carton CNWH63179: Assigned=Received, Actual=Received, ReceivedQty=10
[2026-04-23 14:42:17] INFO: ASN WMS-ASN-EXT-00004 Carton CNWH63180: Assigned=Received, Actual=Received, ReceivedQty=10
[2026-04-23 14:42:17] INFO: ASN WMS-ASN-EXT-00004 Carton CNWH63196: Assigned=Received, Actual=Received, ReceivedQty=10
[2026-04-23 14:42:17] INFO: ASN WMS-ASN-EXT-00004 Carton CNWH63197: Assigned=Received, Actual=Received, ReceivedQty=10
[2026-04-23 14:42:17] INFO: ASN WMS-ASN-EXT-00004 Carton CNWH63198: Assigned=Received, Actual=Received, ReceivedQty=10
[2026-04-23 14:42:17] INFO: ASN WMS-ASN-EXT-00004 Carton CNWH63199: Assigned=Received, Actual=Received, ReceivedQty=10
[2026-04-23 14:42:17] INFO: ASN WMS-ASN-EXT-00004 Carton CNWH63200: Assigned=Received, Actual=Received, ReceivedQty=10
[2026-04-23 14:42:17] INFO: ASN WMS-ASN-EXT-00004 Carton CNWH63266: Assigned=Received, Actual=Received, ReceivedQty=10
[2026-04-23 14:42:17] INFO: ASN WMS-ASN-EXT-00004 Carton CNWH63268: Assigned=Received, Actual=Received, ReceivedQty=10
[2026-04-23 14:42:17] INFO: ASN WMS-ASN-EXT-00004 Carton CNWH63269: Assigned=Received, Actual=Received, ReceivedQty=10
[2026-04-23 14:42:17] INFO: ASN WMS-ASN-EXT-00004 Carton CNWH63270: Assigned=Received, Actual=Received, ReceivedQty=10
[2026-04-23 14:42:17] INFO: ASN WMS-ASN-EXT-00004 Carton CNWH63271: Assigned=Received, Actual=Received, ReceivedQty=10
[2026-04-23 14:42:17] INFO: ASN WMS-ASN-EXT-00004 Carton CNWH63272: Assigned=Received, Actual=Received, ReceivedQty=10
[2026-04-23 14:42:17] INFO: ASN WMS-ASN-EXT-00004 Carton CNWH63275: Assigned=Received, Actual=Received, ReceivedQty=10
[2026-04-23 14:42:17] INFO: ASN WMS-ASN-EXT-00004 Carton CNWH63277: Assigned=Received, Actual=Received, ReceivedQty=10
[2026-04-23 14:42:17] INFO: ASN WMS-ASN-EXT-00004 Carton CNWH63280: Assigned=Received, Actual=Received, ReceivedQty=10
[2026-04-23 14:42:17] INFO: ASN WMS-ASN-EXT-00004 Carton CNWH63282: Assigned=Received, Actual=Received, ReceivedQty=10
[2026-04-23 14:42:17] INFO: ASN WMS-ASN-EXT-00004 Carton CNWH63283: Assigned=Received, Actual=Received, ReceivedQty=10
[2026-04-23 14:42:17] INFO: ASN WMS-ASN-EXT-00004 Carton CNWH63284: Assigned=Received, Actual=Received, ReceivedQty=10
[2026-04-23 14:42:17] INFO: ASN WMS-ASN-EXT-00004 Carton CNWH63285: Assigned=Received, Actual=Received, ReceivedQty=10
[2026-04-23 14:42:17] INFO: ASN WMS-ASN-EXT-00004 Carton CNWH63286: Assigned=Received, Actual=Received, ReceivedQty=10
[2026-04-23 14:42:17] INFO: ASN WMS-ASN-EXT-00004 Carton CNWH63287: Assigned=Received, Actual=Received, ReceivedQty=10
[2026-04-23 14:42:17] INFO: ASN WMS-ASN-EXT-00004 Carton CNWH63288: Assigned=Received, Actual=Received, ReceivedQty=10
[2026-04-23 14:42:17] INFO: ASN WMS-ASN-EXT-00004 Carton CNWH63289: Assigned=Received, Actual=Received, ReceivedQty=10
[2026-04-23 14:42:17] INFO: ASN WMS-ASN-EXT-00004 Carton CNWH63441: Assigned=Received, Actual=Received, ReceivedQty=10
[2026-04-23 14:42:17] INFO: ASN WMS-ASN-EXT-00004 Carton CNWH63442: Assigned=Received, Actual=Received, ReceivedQty=10
[2026-04-23 14:42:17] INFO: ASN WMS-ASN-EXT-00004 Carton CNWH63444: Assigned=Received, Actual=Received, ReceivedQty=10
[2026-04-23 14:42:17] INFO: ASN WMS-ASN-EXT-00004 Carton CNWH63446: Assigned=Received, Actual=Received, ReceivedQty=10
[2026-04-23 14:42:17] INFO: ASN WMS-ASN-EXT-00004 Carton CNWH63448: Assigned=Received, Actual=Received, ReceivedQty=10
[2026-04-23 14:42:17] INFO: ASN WMS-ASN-EXT-00004 Carton CNWH65363: Assigned=Received, Actual=Received, ReceivedQty=10
[2026-04-23 14:42:17] INFO: ASN WMS-ASN-EXT-00004 Carton CNWH63179: Assigned=Received, Actual=Received, ReceivedQty=10
[2026-04-23 14:42:17] INFO: ASN WMS-ASN-EXT-00004 Carton CNWH63180: Assigned=Received, Actual=Received, ReceivedQty=10
[2026-04-23 14:42:17] INFO: ASN WMS-ASN-EXT-00004 Carton CNWH63196: Assigned=Received, Actual=Received, ReceivedQty=10
[2026-04-23 14:42:17] INFO: ASN WMS-ASN-EXT-00004 Carton CNWH63197: Assigned=Received, Actual=Received, ReceivedQty=10
[2026-04-23 14:42:17] INFO: ASN WMS-ASN-EXT-00004 Carton CNWH63198: Assigned=Received, Actual=Received, ReceivedQty=10
[2026-04-23 14:42:17] INFO: ASN WMS-ASN-EXT-00004 Carton CNWH63199: Assigned=Received, Actual=Received, ReceivedQty=10
[2026-04-23 14:42:17] INFO: ASN WMS-ASN-EXT-00004 Carton CNWH63200: Assigned=Received, Actual=Received, ReceivedQty=10
[2026-04-23 14:42:17] INFO: ASN WMS-ASN-EXT-00004 Carton CNWH63266: Assigned=Received, Actual=Received, ReceivedQty=10
[2026-04-23 14:42:17] INFO: ASN WMS-ASN-EXT-00004 Carton CNWH63268: Assigned=Received, Actual=Received, ReceivedQty=10
[2026-04-23 14:42:17] INFO: ASN WMS-ASN-EXT-00004 Carton CNWH63269: Assigned=Received, Actual=Received, ReceivedQty=10
[2026-04-23 14:42:17] INFO: ASN WMS-ASN-EXT-00004 Carton CNWH63270: Assigned=Received, Actual=Received, ReceivedQty=10
[2026-04-23 14:42:17] INFO: ASN WMS-ASN-EXT-00004 Carton CNWH63271: Assigned=Received, Actual=Received, ReceivedQty=10
[2026-04-23 14:42:17] INFO: ASN WMS-ASN-EXT-00004 Carton CNWH63272: Assigned=Received, Actual=Received, ReceivedQty=10
[2026-04-23 14:42:17] INFO: ASN WMS-ASN-EXT-00004 Carton CNWH63275: Assigned=Received, Actual=Received, ReceivedQty=10
[2026-04-23 14:42:17] INFO: ASN WMS-ASN-EXT-00004 Carton CNWH63277: Assigned=Received, Actual=Received, ReceivedQty=10
[2026-04-23 14:42:17] INFO: ASN WMS-ASN-EXT-00004 Carton CNWH63280: Assigned=Received, Actual=Received, ReceivedQty=10
[2026-04-23 14:42:17] INFO: ASN WMS-ASN-EXT-00004 Carton CNWH63282: Assigned=Received, Actual=Received, ReceivedQty=10
[2026-04-23 14:42:17] INFO: ASN WMS-ASN-EXT-00004 Carton CNWH63283: Assigned=Received, Actual=Received, ReceivedQty=10
[2026-04-23 14:42:17] INFO: ASN WMS-ASN-EXT-00004 Carton CNWH63284: Assigned=Received, Actual=Received, ReceivedQty=10
[2026-04-23 14:42:17] INFO: ASN WMS-ASN-EXT-00004 Carton CNWH63285: Assigned=Received, Actual=Received, ReceivedQty=10
[2026-04-23 14:42:17] INFO: ASN WMS-ASN-EXT-00004 Carton CNWH63286: Assigned=Received, Actual=Received, ReceivedQty=10
[2026-04-23 14:42:17] INFO: ASN WMS-ASN-EXT-00004 Carton CNWH63287: Assigned=Received, Actual=Received, ReceivedQty=10
[2026-04-23 14:42:17] INFO: ASN WMS-ASN-EXT-00004 Carton CNWH63288: Assigned=Received, Actual=Received, ReceivedQty=10
[2026-04-23 14:42:17] INFO: ASN WMS-ASN-EXT-00004 Carton CNWH63289: Assigned=Received, Actual=Received, ReceivedQty=10
[2026-04-23 14:42:17] INFO: ASN WMS-ASN-EXT-00004 Carton CNWH63441: Assigned=Received, Actual=Received, ReceivedQty=10
[2026-04-23 14:42:17] INFO: ASN WMS-ASN-EXT-00004 Carton CNWH63442: Assigned=Received, Actual=Received, ReceivedQty=10
[2026-04-23 14:42:17] INFO: ASN WMS-ASN-EXT-00004 Carton CNWH65363: Assigned=Received, Actual=Received, ReceivedQty=10
[2026-04-23 14:42:17] INFO: ASN WMS-ASN-EXT-00004 Carton CNWH63502: Assigned=Received, Actual=Received, ReceivedQty=10
[2026-04-23 14:42:17] INFO: ASN WMS-ASN-EXT-00004 Carton CNWH63502: Assigned=Received, Actual=Received, ReceivedQty=10
[2026-04-23 14:42:17] INFO: ASN WMS-ASN-EXT-00004 Carton CNWH64607: Assigned=Received, Actual=Received, ReceivedQty=10
[2026-04-23 14:42:25] INFO: ASN ASN-0001 Carton CNWH12858: Assigned=Assigned, Actual=Assigned, ReceivedQty=0
[2026-04-23 14:42:25] INFO: ASN ASN-0001 Carton CNWH12854: Assigned=Assigned, Actual=Assigned, ReceivedQty=0
[2026-04-23 14:42:25] INFO: ASN ASN-0001 Carton CNWH15390: Assigned=Assigned, Actual=Assigned, ReceivedQty=0
[2026-04-23 14:42:25] INFO: ASN ASN-0001 Carton CNWH42441: Assigned=Assigned, Actual=Assigned, ReceivedQty=0
[2026-04-23 14:42:25] INFO: ASN ASN-0001 Carton CNWH64571: Assigned=Assigned, Actual=Assigned, ReceivedQty=0
[2026-04-23 14:42:25] INFO: ASN ASN-0001 Carton CNWH64521: Assigned=Assigned, Actual=Assigned, ReceivedQty=0
[2026-04-23 14:42:25] INFO: ASN ASN-0001 Carton CNWH63561: Assigned=Assigned, Actual=Assigned, ReceivedQty=0
[2026-04-23 14:42:25] INFO: ASN ASN-0001 Carton CNWH63609: Assigned=Assigned, Actual=Assigned, ReceivedQty=0
[2026-04-23 14:42:25] INFO: ASN WMS-ASN-EXT-00004 Carton CNWH63179: Assigned=Received, Actual=Received, ReceivedQty=10
[2026-04-23 14:42:25] INFO: ASN WMS-ASN-EXT-00004 Carton CNWH63180: Assigned=Received, Actual=Received, ReceivedQty=10
[2026-04-23 14:42:25] INFO: ASN WMS-ASN-EXT-00004 Carton CNWH63196: Assigned=Received, Actual=Received, ReceivedQty=10
[2026-04-23 14:42:25] INFO: ASN WMS-ASN-EXT-00004 Carton CNWH63197: Assigned=Received, Actual=Received, ReceivedQty=10
[2026-04-23 14:42:25] INFO: ASN WMS-ASN-EXT-00004 Carton CNWH63198: Assigned=Received, Actual=Received, ReceivedQty=10
[2026-04-23 14:42:25] INFO: ASN WMS-ASN-EXT-00004 Carton CNWH63199: Assigned=Received, Actual=Received, ReceivedQty=10
[2026-04-23 14:42:25] INFO: ASN WMS-ASN-EXT-00004 Carton CNWH63200: Assigned=Received, Actual=Received, ReceivedQty=10
[2026-04-23 14:42:25] INFO: ASN WMS-ASN-EXT-00004 Carton CNWH63266: Assigned=Received, Actual=Received, ReceivedQty=10
[2026-04-23 14:42:25] INFO: ASN WMS-ASN-EXT-00004 Carton CNWH63268: Assigned=Received, Actual=Received, ReceivedQty=10
[2026-04-23 14:42:25] INFO: ASN WMS-ASN-EXT-00004 Carton CNWH63269: Assigned=Received, Actual=Received, ReceivedQty=10
[2026-04-23 14:42:25] INFO: ASN WMS-ASN-EXT-00004 Carton CNWH63270: Assigned=Received, Actual=Received, ReceivedQty=10
[2026-04-23 14:42:25] INFO: ASN WMS-ASN-EXT-00004 Carton CNWH63271: Assigned=Received, Actual=Received, ReceivedQty=10
[2026-04-23 14:42:25] INFO: ASN WMS-ASN-EXT-00004 Carton CNWH63272: Assigned=Received, Actual=Received, ReceivedQty=10
[2026-04-23 14:42:25] INFO: ASN WMS-ASN-EXT-00004 Carton CNWH63275: Assigned=Received, Actual=Received, ReceivedQty=10
[2026-04-23 14:42:25] INFO: ASN WMS-ASN-EXT-00004 Carton CNWH63277: Assigned=Received, Actual=Received, ReceivedQty=10
[2026-04-23 14:42:25] INFO: ASN WMS-ASN-EXT-00004 Carton CNWH63280: Assigned=Received, Actual=Received, ReceivedQty=10
[2026-04-23 14:42:25] INFO: ASN WMS-ASN-EXT-00004 Carton CNWH63282: Assigned=Received, Actual=Received, ReceivedQty=10
[2026-04-23 14:42:25] INFO: ASN WMS-ASN-EXT-00004 Carton CNWH63283: Assigned=Received, Actual=Received, ReceivedQty=10
[2026-04-23 14:42:25] INFO: ASN WMS-ASN-EXT-00004 Carton CNWH63284: Assigned=Received, Actual=Received, ReceivedQty=10
[2026-04-23 14:42:25] INFO: ASN WMS-ASN-EXT-00004 Carton CNWH63285: Assigned=Received, Actual=Received, ReceivedQty=10
[2026-04-23 14:42:25] INFO: ASN WMS-ASN-EXT-00004 Carton CNWH63286: Assigned=Received, Actual=Received, ReceivedQty=10
[2026-04-23 14:42:25] INFO: ASN WMS-ASN-EXT-00004 Carton CNWH63287: Assigned=Received, Actual=Received, ReceivedQty=10
[2026-04-23 14:42:25] INFO: ASN WMS-ASN-EXT-00004 Carton CNWH63288: Assigned=Received, Actual=Received, ReceivedQty=10
[2026-04-23 14:42:25] INFO: ASN WMS-ASN-EXT-00004 Carton CNWH63289: Assigned=Received, Actual=Received, ReceivedQty=10
[2026-04-23 14:42:25] INFO: ASN WMS-ASN-EXT-00004 Carton CNWH63441: Assigned=Received, Actual=Received, ReceivedQty=10
[2026-04-23 14:42:25] INFO: ASN WMS-ASN-EXT-00004 Carton CNWH63442: Assigned=Received, Actual=Received, ReceivedQty=10
[2026-04-23 14:42:25] INFO: ASN WMS-ASN-EXT-00004 Carton CNWH63444: Assigned=Received, Actual=Received, ReceivedQty=10
[2026-04-23 14:42:25] INFO: ASN WMS-ASN-EXT-00004 Carton CNWH63446: Assigned=Received, Actual=Received, ReceivedQty=10
[2026-04-23 14:42:25] INFO: ASN WMS-ASN-EXT-00004 Carton CNWH63448: Assigned=Received, Actual=Received, ReceivedQty=10
[2026-04-23 14:42:25] INFO: ASN WMS-ASN-EXT-00004 Carton CNWH65363: Assigned=Received, Actual=Received, ReceivedQty=10
[2026-04-23 14:42:25] INFO: ASN WMS-ASN-EXT-00004 Carton CNWH63179: Assigned=Received, Actual=Received, ReceivedQty=10
[2026-04-23 14:42:25] INFO: ASN WMS-ASN-EXT-00004 Carton CNWH63180: Assigned=Received, Actual=Received, ReceivedQty=10
[2026-04-23 14:42:25] INFO: ASN WMS-ASN-EXT-00004 Carton CNWH63196: Assigned=Received, Actual=Received, ReceivedQty=10
[2026-04-23 14:42:25] INFO: ASN WMS-ASN-EXT-00004 Carton CNWH63197: Assigned=Received, Actual=Received, ReceivedQty=10
[2026-04-23 14:42:25] INFO: ASN WMS-ASN-EXT-00004 Carton CNWH63198: Assigned=Received, Actual=Received, ReceivedQty=10
[2026-04-23 14:42:25] INFO: ASN WMS-ASN-EXT-00004 Carton CNWH63199: Assigned=Received, Actual=Received, ReceivedQty=10
[2026-04-23 14:42:25] INFO: ASN WMS-ASN-EXT-00004 Carton CNWH63200: Assigned=Received, Actual=Received, ReceivedQty=10
[2026-04-23 14:42:25] INFO: ASN WMS-ASN-EXT-00004 Carton CNWH63266: Assigned=Received, Actual=Received, ReceivedQty=10
[2026-04-23 14:42:25] INFO: ASN WMS-ASN-EXT-00004 Carton CNWH63268: Assigned=Received, Actual=Received, ReceivedQty=10
[2026-04-23 14:42:25] INFO: ASN WMS-ASN-EXT-00004 Carton CNWH63269: Assigned=Received, Actual=Received, ReceivedQty=10
[2026-04-23 14:42:25] INFO: ASN WMS-ASN-EXT-00004 Carton CNWH63270: Assigned=Received, Actual=Received, ReceivedQty=10
[2026-04-23 14:42:25] INFO: ASN WMS-ASN-EXT-00004 Carton CNWH63271: Assigned=Received, Actual=Received, ReceivedQty=10
[2026-04-23 14:42:25] INFO: ASN WMS-ASN-EXT-00004 Carton CNWH63272: Assigned=Received, Actual=Received, ReceivedQty=10
[2026-04-23 14:42:25] INFO: ASN WMS-ASN-EXT-00004 Carton CNWH63275: Assigned=Received, Actual=Received, ReceivedQty=10
[2026-04-23 14:42:25] INFO: ASN WMS-ASN-EXT-00004 Carton CNWH63277: Assigned=Received, Actual=Received, ReceivedQty=10
[2026-04-23 14:42:25] INFO: ASN WMS-ASN-EXT-00004 Carton CNWH63280: Assigned=Received, Actual=Received, ReceivedQty=10
[2026-04-23 14:42:25] INFO: ASN WMS-ASN-EXT-00004 Carton CNWH63282: Assigned=Received, Actual=Received, ReceivedQty=10
[2026-04-23 14:42:25] INFO: ASN WMS-ASN-EXT-00004 Carton CNWH63283: Assigned=Received, Actual=Received, ReceivedQty=10
[2026-04-23 14:42:25] INFO: ASN WMS-ASN-EXT-00004 Carton CNWH63284: Assigned=Received, Actual=Received, ReceivedQty=10
[2026-04-23 14:42:25] INFO: ASN WMS-ASN-EXT-00004 Carton CNWH63285: Assigned=Received, Actual=Received, ReceivedQty=10
[2026-04-23 14:42:25] INFO: ASN WMS-ASN-EXT-00004 Carton CNWH63286: Assigned=Received, Actual=Received, ReceivedQty=10
[2026-04-23 14:42:25] INFO: ASN WMS-ASN-EXT-00004 Carton CNWH63287: Assigned=Received, Actual=Received, ReceivedQty=10
[2026-04-23 14:42:25] INFO: ASN WMS-ASN-EXT-00004 Carton CNWH63288: Assigned=Received, Actual=Received, ReceivedQty=10
[2026-04-23 14:42:25] INFO: ASN WMS-ASN-EXT-00004 Carton CNWH63289: Assigned=Received, Actual=Received, ReceivedQty=10
[2026-04-23 14:42:25] INFO: ASN WMS-ASN-EXT-00004 Carton CNWH63441: Assigned=Received, Actual=Received, ReceivedQty=10
[2026-04-23 14:42:25] INFO: ASN WMS-ASN-EXT-00004 Carton CNWH63442: Assigned=Received, Actual=Received, ReceivedQty=10
[2026-04-23 14:42:25] INFO: ASN WMS-ASN-EXT-00004 Carton CNWH65363: Assigned=Received, Actual=Received, ReceivedQty=10
[2026-04-23 14:42:25] INFO: ASN WMS-ASN-EXT-00004 Carton CNWH63502: Assigned=Received, Actual=Received, ReceivedQty=10
[2026-04-23 14:42:25] INFO: ASN WMS-ASN-EXT-00004 Carton CNWH63502: Assigned=Received, Actual=Received, ReceivedQty=10
[2026-04-23 14:42:25] INFO: ASN WMS-ASN-EXT-00004 Carton CNWH64607: Assigned=Received, Actual=Received, ReceivedQty=10
