[2026-04-20 11:14:38] INFO: AuthService: Attempting login to http://localhost:3000/api/auth/login for user sysadmin
[2026-04-20 11:14:42] ERROR: AuthService: Network error during login: No connection could be made because the target machine actively refused it. (localhost:3000)
Exception Type: HttpRequestException
Exception Message: No connection could be made because the target machine actively refused it. (localhost:3000)
Stack Trace:    at System.Net.Http.HttpConnectionPool.ConnectToTcpHostAsync(String host, Int32 port, HttpRequestMessage initialRequest, Boolean async, CancellationToken cancellationToken)
   at System.Net.Http.HttpConnectionPool.ConnectAsync(HttpRequestMessage request, Boolean async, CancellationToken cancellationToken)
   at System.Net.Http.HttpConnectionPool.CreateHttp11ConnectionAsync(HttpRequestMessage request, Boolean async, CancellationToken cancellationToken)
   at System.Net.Http.HttpConnectionPool.AddHttp11ConnectionAsync(QueueItem queueItem)
   at System.Threading.Tasks.TaskCompletionSourceWithCancellation`1.WaitWithCancellationAsync(CancellationToken cancellationToken)
   at System.Net.Http.HttpConnectionPool.SendWithVersionDetectionAndRetryAsync(HttpRequestMessage request, Boolean async, Boolean doRequestAuth, CancellationToken cancellationToken)
   at System.Net.Http.RedirectHandler.SendAsync(HttpRequestMessage request, Boolean async, CancellationToken cancellationToken)
   at System.Net.Http.HttpClient.<SendAsync>g__Core|83_0(HttpRequestMessage request, HttpCompletionOption completionOption, CancellationTokenSource cts, Boolean disposeCts, CancellationTokenSource pendingRequestsCts, CancellationToken originalCancellationToken)
   at Wms.Desktop.Services.AuthService.LoginAsync(WmsSettings settings, String userCode, String password) in D:\Development Project\Printechs WMS\Wms.Desktop\Services\AuthService.cs:line 65
Inner Exception: No connection could be made because the target machine actively refused it.
--------------------------------------------------------------------------------
[2026-04-20 11:15:12] INFO: AuthService: Attempting login to http://localhost:3000/api/auth/login for user sysadmin
[2026-04-20 11:15:14] INFO: AuthService: Login response status: OK
[2026-04-20 11:15:14] INFO: AuthService: Login successful for user sysadmin
[2026-04-20 11:36:02] INFO: ASN ASN-0001 Carton CNWH12858: Assigned=Received, Actual=Received, ReceivedQty=50
[2026-04-20 11:36:02] INFO: ASN ASN-0001 Carton CNWH12854: Assigned=Received, Actual=Received, ReceivedQty=50
[2026-04-20 11:36:02] INFO: ASN ASN-0001 Carton CNWH15390: Assigned=Received, Actual=Received, ReceivedQty=50
[2026-04-20 11:36:02] INFO: ASN ASN-0001 Carton CNWH42441: Assigned=Received, Actual=Received, ReceivedQty=50
[2026-04-20 11:36:02] INFO: ASN ASN-0001 Carton CNWH64571: Assigned=Received, Actual=Received, ReceivedQty=50
[2026-04-20 11:36:02] INFO: ASN ASN-0001 Carton CNWH64521: Assigned=Received, Actual=Received, ReceivedQty=50
[2026-04-20 11:36:02] INFO: ASN ASN-0001 Carton CNWH63561: Assigned=Received, Actual=Received, ReceivedQty=50
[2026-04-20 11:36:02] INFO: ASN ASN-0001 Carton CNWH63609: Assigned=Received, Actual=Received, ReceivedQty=50
[2026-04-20 11:36:02] INFO: ASN ASN-0002 Carton CTN-5550: Assigned=Assigned, Actual=Assigned, ReceivedQty=0
[2026-04-20 11:36:02] INFO: ASN ASN-0002 Carton CTN-5550: Assigned=Assigned, Actual=Assigned, ReceivedQty=0
[2026-04-20 11:36:02] INFO: ASN ASN-0002 Carton CTN-5550: Assigned=Assigned, Actual=Assigned, ReceivedQty=0
[2026-04-20 11:36:02] INFO: ASN ASN-0004 Carton CTN-5550: Assigned=Assigned, Actual=Assigned, ReceivedQty=0
[2026-04-20 11:36:02] INFO: ASN ASN-0004 Carton CTN-5550: Assigned=Assigned, Actual=Assigned, ReceivedQty=0
[2026-04-20 11:36:02] INFO: ASN ASN-0004 Carton CTN-5550: Assigned=Assigned, Actual=Assigned, ReceivedQty=0
[2026-04-20 11:36:02] INFO: ASN ASN-0005 Carton CTN-5550: Assigned=Assigned, Actual=Assigned, ReceivedQty=0
[2026-04-20 11:36:02] INFO: ASN ASN-0005 Carton CTN-5550: Assigned=Assigned, Actual=Assigned, ReceivedQty=0
[2026-04-20 11:36:02] INFO: ASN ASN-0005 Carton CTN-5550: Assigned=Assigned, Actual=Assigned, ReceivedQty=0
[2026-04-20 11:36:02] INFO: ASN ASN-0006 Carton CTN-5550: Assigned=Assigned, Actual=Assigned, ReceivedQty=0
[2026-04-20 11:36:02] INFO: ASN ASN-0006 Carton CTN-5550: Assigned=Assigned, Actual=Assigned, ReceivedQty=0
[2026-04-20 11:36:02] INFO: ASN ASN-0006 Carton CTN-5550: Assigned=Assigned, Actual=Assigned, ReceivedQty=0
[2026-04-20 11:36:04] INFO: ASN ASN-0001 Carton CNWH12858: Assigned=Received, Actual=Received, ReceivedQty=50
[2026-04-20 11:36:04] INFO: ASN ASN-0001 Carton CNWH12854: Assigned=Received, Actual=Received, ReceivedQty=50
[2026-04-20 11:36:04] INFO: ASN ASN-0001 Carton CNWH15390: Assigned=Received, Actual=Received, ReceivedQty=50
[2026-04-20 11:36:04] INFO: ASN ASN-0001 Carton CNWH42441: Assigned=Received, Actual=Received, ReceivedQty=50
[2026-04-20 11:36:04] INFO: ASN ASN-0001 Carton CNWH64571: Assigned=Received, Actual=Received, ReceivedQty=50
[2026-04-20 11:36:04] INFO: ASN ASN-0001 Carton CNWH64521: Assigned=Received, Actual=Received, ReceivedQty=50
[2026-04-20 11:36:04] INFO: ASN ASN-0001 Carton CNWH63561: Assigned=Received, Actual=Received, ReceivedQty=50
[2026-04-20 11:36:04] INFO: ASN ASN-0001 Carton CNWH63609: Assigned=Received, Actual=Received, ReceivedQty=50
[2026-04-20 11:36:04] INFO: ASN ASN-0002 Carton CTN-5550: Assigned=Assigned, Actual=Assigned, ReceivedQty=0
[2026-04-20 11:36:04] INFO: ASN ASN-0002 Carton CTN-5550: Assigned=Assigned, Actual=Assigned, ReceivedQty=0
[2026-04-20 11:36:04] INFO: ASN ASN-0002 Carton CTN-5550: Assigned=Assigned, Actual=Assigned, ReceivedQty=0
[2026-04-20 11:36:04] INFO: ASN ASN-0004 Carton CTN-5550: Assigned=Assigned, Actual=Assigned, ReceivedQty=0
[2026-04-20 11:36:04] INFO: ASN ASN-0004 Carton CTN-5550: Assigned=Assigned, Actual=Assigned, ReceivedQty=0
[2026-04-20 11:36:04] INFO: ASN ASN-0004 Carton CTN-5550: Assigned=Assigned, Actual=Assigned, ReceivedQty=0
[2026-04-20 11:36:04] INFO: ASN ASN-0005 Carton CTN-5550: Assigned=Assigned, Actual=Assigned, ReceivedQty=0
[2026-04-20 11:36:04] INFO: ASN ASN-0005 Carton CTN-5550: Assigned=Assigned, Actual=Assigned, ReceivedQty=0
[2026-04-20 11:36:04] INFO: ASN ASN-0005 Carton CTN-5550: Assigned=Assigned, Actual=Assigned, ReceivedQty=0
[2026-04-20 11:36:04] INFO: ASN ASN-0006 Carton CTN-5550: Assigned=Assigned, Actual=Assigned, ReceivedQty=0
[2026-04-20 11:36:04] INFO: ASN ASN-0006 Carton CTN-5550: Assigned=Assigned, Actual=Assigned, ReceivedQty=0
[2026-04-20 11:36:04] INFO: ASN ASN-0006 Carton CTN-5550: Assigned=Assigned, Actual=Assigned, ReceivedQty=0
[2026-04-20 11:36:04] INFO: ASN ASN-0001 Carton CNWH12858: Assigned=Received, Actual=Received, ReceivedQty=50
[2026-04-20 11:36:04] INFO: ASN ASN-0001 Carton CNWH12854: Assigned=Received, Actual=Received, ReceivedQty=50
[2026-04-20 11:36:04] INFO: ASN ASN-0001 Carton CNWH15390: Assigned=Received, Actual=Received, ReceivedQty=50
[2026-04-20 11:36:04] INFO: ASN ASN-0001 Carton CNWH42441: Assigned=Received, Actual=Received, ReceivedQty=50
[2026-04-20 11:36:04] INFO: ASN ASN-0001 Carton CNWH64571: Assigned=Received, Actual=Received, ReceivedQty=50
[2026-04-20 11:36:04] INFO: ASN ASN-0001 Carton CNWH64521: Assigned=Received, Actual=Received, ReceivedQty=50
[2026-04-20 11:36:04] INFO: ASN ASN-0001 Carton CNWH63561: Assigned=Received, Actual=Received, ReceivedQty=50
[2026-04-20 11:36:04] INFO: ASN ASN-0001 Carton CNWH63609: Assigned=Received, Actual=Received, ReceivedQty=50
[2026-04-20 11:36:04] INFO: ASN ASN-0002 Carton CTN-5550: Assigned=Assigned, Actual=Assigned, ReceivedQty=0
[2026-04-20 11:36:04] INFO: ASN ASN-0002 Carton CTN-5550: Assigned=Assigned, Actual=Assigned, ReceivedQty=0
[2026-04-20 11:36:04] INFO: ASN ASN-0002 Carton CTN-5550: Assigned=Assigned, Actual=Assigned, ReceivedQty=0
[2026-04-20 11:36:04] INFO: ASN ASN-0004 Carton CTN-5550: Assigned=Assigned, Actual=Assigned, ReceivedQty=0
[2026-04-20 11:36:04] INFO: ASN ASN-0004 Carton CTN-5550: Assigned=Assigned, Actual=Assigned, ReceivedQty=0
[2026-04-20 11:36:04] INFO: ASN ASN-0004 Carton CTN-5550: Assigned=Assigned, Actual=Assigned, ReceivedQty=0
[2026-04-20 11:36:04] INFO: ASN ASN-0005 Carton CTN-5550: Assigned=Assigned, Actual=Assigned, ReceivedQty=0
[2026-04-20 11:36:04] INFO: ASN ASN-0005 Carton CTN-5550: Assigned=Assigned, Actual=Assigned, ReceivedQty=0
[2026-04-20 11:36:04] INFO: ASN ASN-0005 Carton CTN-5550: Assigned=Assigned, Actual=Assigned, ReceivedQty=0
[2026-04-20 11:36:04] INFO: ASN ASN-0006 Carton CTN-5550: Assigned=Assigned, Actual=Assigned, ReceivedQty=0
[2026-04-20 11:36:04] INFO: ASN ASN-0006 Carton CTN-5550: Assigned=Assigned, Actual=Assigned, ReceivedQty=0
[2026-04-20 11:36:04] INFO: ASN ASN-0006 Carton CTN-5550: Assigned=Assigned, Actual=Assigned, ReceivedQty=0
[2026-04-20 11:36:07] INFO: ErpNextWmsSyncApiService: Pushing ASN received qty for ASN-0001, 8 line(s) (aggregated by item). Item codes: [247775:50, 247787:50, 269151:50, 269152:50, 320125:50, 320126:50, 320127:50, 320129:50], to http://printechsdammam.dyndns.org:88/api/method/printechs_wms.api.asn_receiving.update_asn_received_qty
[2026-04-20 11:36:07] INFO: ErpNextWmsSyncApiService: ASN received qty updated successfully.
[2026-04-20 11:36:08] INFO: ErpNextWmsSyncApiService: Creating Purchase Receipt for ASN ASN-0001, warehouse Main Warehouse - MAATC, 8 line(s). Item codes: [247775:50, 247787:50, 269151:50, 269152:50, 320125:50, 320126:50, 320127:50, 320129:50]
[2026-04-20 11:36:08] INFO: ErpNextWmsSyncApiService: Create Purchase Receipt succeeded. Purchase Receipt: MAT-PRE-2026-00001
[2026-04-20 11:36:08] INFO: AsnDataService: SetAsnPurchaseReceiptNo saved MAT-PRE-2026-00001 for ASN ASN-0001.
[2026-04-20 11:36:08] INFO: ASN ASN-0001 Carton CNWH12858: Assigned=Received, Actual=Received, ReceivedQty=50
[2026-04-20 11:36:08] INFO: ASN ASN-0001 Carton CNWH12854: Assigned=Received, Actual=Received, ReceivedQty=50
[2026-04-20 11:36:08] INFO: ASN ASN-0001 Carton CNWH15390: Assigned=Received, Actual=Received, ReceivedQty=50
[2026-04-20 11:36:08] INFO: ASN ASN-0001 Carton CNWH42441: Assigned=Received, Actual=Received, ReceivedQty=50
[2026-04-20 11:36:08] INFO: ASN ASN-0001 Carton CNWH64571: Assigned=Received, Actual=Received, ReceivedQty=50
[2026-04-20 11:36:08] INFO: ASN ASN-0001 Carton CNWH64521: Assigned=Received, Actual=Received, ReceivedQty=50
[2026-04-20 11:36:08] INFO: ASN ASN-0001 Carton CNWH63561: Assigned=Received, Actual=Received, ReceivedQty=50
[2026-04-20 11:36:08] INFO: ASN ASN-0001 Carton CNWH63609: Assigned=Received, Actual=Received, ReceivedQty=50
[2026-04-20 11:36:08] INFO: ASN ASN-0002 Carton CTN-5550: Assigned=Assigned, Actual=Assigned, ReceivedQty=0
[2026-04-20 11:36:08] INFO: ASN ASN-0002 Carton CTN-5550: Assigned=Assigned, Actual=Assigned, ReceivedQty=0
[2026-04-20 11:36:08] INFO: ASN ASN-0002 Carton CTN-5550: Assigned=Assigned, Actual=Assigned, ReceivedQty=0
[2026-04-20 11:36:08] INFO: ASN ASN-0004 Carton CTN-5550: Assigned=Assigned, Actual=Assigned, ReceivedQty=0
[2026-04-20 11:36:08] INFO: ASN ASN-0004 Carton CTN-5550: Assigned=Assigned, Actual=Assigned, ReceivedQty=0
[2026-04-20 11:36:08] INFO: ASN ASN-0004 Carton CTN-5550: Assigned=Assigned, Actual=Assigned, ReceivedQty=0
[2026-04-20 11:36:08] INFO: ASN ASN-0005 Carton CTN-5550: Assigned=Assigned, Actual=Assigned, ReceivedQty=0
[2026-04-20 11:36:08] INFO: ASN ASN-0005 Carton CTN-5550: Assigned=Assigned, Actual=Assigned, ReceivedQty=0
[2026-04-20 11:36:08] INFO: ASN ASN-0005 Carton CTN-5550: Assigned=Assigned, Actual=Assigned, ReceivedQty=0
[2026-04-20 11:36:08] INFO: ASN ASN-0006 Carton CTN-5550: Assigned=Assigned, Actual=Assigned, ReceivedQty=0
[2026-04-20 11:36:08] INFO: ASN ASN-0006 Carton CTN-5550: Assigned=Assigned, Actual=Assigned, ReceivedQty=0
[2026-04-20 11:36:08] INFO: ASN ASN-0006 Carton CTN-5550: Assigned=Assigned, Actual=Assigned, ReceivedQty=0
[2026-04-20 11:36:09] INFO: ASN ASN-0001 Carton CNWH12858: Assigned=Received, Actual=Received, ReceivedQty=50
[2026-04-20 11:36:09] INFO: ASN ASN-0001 Carton CNWH12854: Assigned=Received, Actual=Received, ReceivedQty=50
[2026-04-20 11:36:09] INFO: ASN ASN-0001 Carton CNWH15390: Assigned=Received, Actual=Received, ReceivedQty=50
[2026-04-20 11:36:09] INFO: ASN ASN-0001 Carton CNWH42441: Assigned=Received, Actual=Received, ReceivedQty=50
[2026-04-20 11:36:09] INFO: ASN ASN-0001 Carton CNWH64571: Assigned=Received, Actual=Received, ReceivedQty=50
[2026-04-20 11:36:09] INFO: ASN ASN-0001 Carton CNWH64521: Assigned=Received, Actual=Received, ReceivedQty=50
[2026-04-20 11:36:09] INFO: ASN ASN-0001 Carton CNWH63561: Assigned=Received, Actual=Received, ReceivedQty=50
[2026-04-20 11:36:09] INFO: ASN ASN-0001 Carton CNWH63609: Assigned=Received, Actual=Received, ReceivedQty=50
[2026-04-20 11:36:09] INFO: ASN ASN-0002 Carton CTN-5550: Assigned=Assigned, Actual=Assigned, ReceivedQty=0
[2026-04-20 11:36:09] INFO: ASN ASN-0002 Carton CTN-5550: Assigned=Assigned, Actual=Assigned, ReceivedQty=0
[2026-04-20 11:36:09] INFO: ASN ASN-0002 Carton CTN-5550: Assigned=Assigned, Actual=Assigned, ReceivedQty=0
[2026-04-20 11:36:09] INFO: ASN ASN-0004 Carton CTN-5550: Assigned=Assigned, Actual=Assigned, ReceivedQty=0
[2026-04-20 11:36:09] INFO: ASN ASN-0004 Carton CTN-5550: Assigned=Assigned, Actual=Assigned, ReceivedQty=0
[2026-04-20 11:36:09] INFO: ASN ASN-0004 Carton CTN-5550: Assigned=Assigned, Actual=Assigned, ReceivedQty=0
[2026-04-20 11:36:09] INFO: ASN ASN-0005 Carton CTN-5550: Assigned=Assigned, Actual=Assigned, ReceivedQty=0
[2026-04-20 11:36:09] INFO: ASN ASN-0005 Carton CTN-5550: Assigned=Assigned, Actual=Assigned, ReceivedQty=0
[2026-04-20 11:36:09] INFO: ASN ASN-0005 Carton CTN-5550: Assigned=Assigned, Actual=Assigned, ReceivedQty=0
[2026-04-20 11:36:09] INFO: ASN ASN-0006 Carton CTN-5550: Assigned=Assigned, Actual=Assigned, ReceivedQty=0
[2026-04-20 11:36:09] INFO: ASN ASN-0006 Carton CTN-5550: Assigned=Assigned, Actual=Assigned, ReceivedQty=0
[2026-04-20 11:36:09] INFO: ASN ASN-0006 Carton CTN-5550: Assigned=Assigned, Actual=Assigned, ReceivedQty=0
[2026-04-20 11:37:24] INFO: ASN ASN-0001 Carton CNWH12858: Assigned=Received, Actual=Received, ReceivedQty=50
[2026-04-20 11:37:24] INFO: ASN ASN-0001 Carton CNWH12854: Assigned=Received, Actual=Received, ReceivedQty=50
[2026-04-20 11:37:24] INFO: ASN ASN-0001 Carton CNWH15390: Assigned=Received, Actual=Received, ReceivedQty=50
[2026-04-20 11:37:24] INFO: ASN ASN-0001 Carton CNWH42441: Assigned=Received, Actual=Received, ReceivedQty=50
[2026-04-20 11:37:24] INFO: ASN ASN-0001 Carton CNWH64571: Assigned=Received, Actual=Received, ReceivedQty=50
[2026-04-20 11:37:24] INFO: ASN ASN-0001 Carton CNWH64521: Assigned=Received, Actual=Received, ReceivedQty=50
[2026-04-20 11:37:24] INFO: ASN ASN-0001 Carton CNWH63561: Assigned=Received, Actual=Received, ReceivedQty=50
[2026-04-20 11:37:24] INFO: ASN ASN-0001 Carton CNWH63609: Assigned=Received, Actual=Received, ReceivedQty=50
[2026-04-20 11:37:24] INFO: ASN ASN-0002 Carton CTN-5550: Assigned=Assigned, Actual=Assigned, ReceivedQty=0
[2026-04-20 11:37:24] INFO: ASN ASN-0002 Carton CTN-5550: Assigned=Assigned, Actual=Assigned, ReceivedQty=0
[2026-04-20 11:37:24] INFO: ASN ASN-0002 Carton CTN-5550: Assigned=Assigned, Actual=Assigned, ReceivedQty=0
[2026-04-20 11:37:24] INFO: ASN ASN-0004 Carton CTN-5550: Assigned=Assigned, Actual=Assigned, ReceivedQty=0
[2026-04-20 11:37:24] INFO: ASN ASN-0004 Carton CTN-5550: Assigned=Assigned, Actual=Assigned, ReceivedQty=0
[2026-04-20 11:37:24] INFO: ASN ASN-0004 Carton CTN-5550: Assigned=Assigned, Actual=Assigned, ReceivedQty=0
[2026-04-20 11:37:24] INFO: ASN ASN-0005 Carton CTN-5550: Assigned=Assigned, Actual=Assigned, ReceivedQty=0
[2026-04-20 11:37:24] INFO: ASN ASN-0005 Carton CTN-5550: Assigned=Assigned, Actual=Assigned, ReceivedQty=0
[2026-04-20 11:37:24] INFO: ASN ASN-0005 Carton CTN-5550: Assigned=Assigned, Actual=Assigned, ReceivedQty=0
[2026-04-20 11:37:24] INFO: ASN ASN-0006 Carton CTN-5550: Assigned=Assigned, Actual=Assigned, ReceivedQty=0
[2026-04-20 11:37:24] INFO: ASN ASN-0006 Carton CTN-5550: Assigned=Assigned, Actual=Assigned, ReceivedQty=0
[2026-04-20 11:37:24] INFO: ASN ASN-0006 Carton CTN-5550: Assigned=Assigned, Actual=Assigned, ReceivedQty=0
[2026-04-20 11:38:41] INFO: ASN ASN-0001 Carton CNWH12858: Assigned=Received, Actual=Received, ReceivedQty=50
[2026-04-20 11:38:41] INFO: ASN ASN-0001 Carton CNWH12854: Assigned=Received, Actual=Received, ReceivedQty=50
[2026-04-20 11:38:41] INFO: ASN ASN-0001 Carton CNWH15390: Assigned=Received, Actual=Received, ReceivedQty=50
[2026-04-20 11:38:41] INFO: ASN ASN-0001 Carton CNWH42441: Assigned=Received, Actual=Received, ReceivedQty=50
[2026-04-20 11:38:41] INFO: ASN ASN-0001 Carton CNWH64571: Assigned=Received, Actual=Received, ReceivedQty=50
[2026-04-20 11:38:41] INFO: ASN ASN-0001 Carton CNWH64521: Assigned=Received, Actual=Received, ReceivedQty=50
[2026-04-20 11:38:41] INFO: ASN ASN-0001 Carton CNWH63561: Assigned=Received, Actual=Received, ReceivedQty=50
[2026-04-20 11:38:41] INFO: ASN ASN-0001 Carton CNWH63609: Assigned=Received, Actual=Received, ReceivedQty=50
[2026-04-20 11:38:41] INFO: ASN ASN-0002 Carton CTN-5550: Assigned=Assigned, Actual=Assigned, ReceivedQty=0
[2026-04-20 11:38:41] INFO: ASN ASN-0002 Carton CTN-5550: Assigned=Assigned, Actual=Assigned, ReceivedQty=0
[2026-04-20 11:38:41] INFO: ASN ASN-0002 Carton CTN-5550: Assigned=Assigned, Actual=Assigned, ReceivedQty=0
[2026-04-20 11:38:41] INFO: ASN ASN-0004 Carton CTN-5550: Assigned=Assigned, Actual=Assigned, ReceivedQty=0
[2026-04-20 11:38:41] INFO: ASN ASN-0004 Carton CTN-5550: Assigned=Assigned, Actual=Assigned, ReceivedQty=0
[2026-04-20 11:38:41] INFO: ASN ASN-0004 Carton CTN-5550: Assigned=Assigned, Actual=Assigned, ReceivedQty=0
[2026-04-20 11:38:41] INFO: ASN ASN-0005 Carton CTN-5550: Assigned=Assigned, Actual=Assigned, ReceivedQty=0
[2026-04-20 11:38:41] INFO: ASN ASN-0005 Carton CTN-5550: Assigned=Assigned, Actual=Assigned, ReceivedQty=0
[2026-04-20 11:38:41] INFO: ASN ASN-0005 Carton CTN-5550: Assigned=Assigned, Actual=Assigned, ReceivedQty=0
[2026-04-20 11:38:41] INFO: ASN ASN-0006 Carton CTN-5550: Assigned=Assigned, Actual=Assigned, ReceivedQty=0
[2026-04-20 11:38:41] INFO: ASN ASN-0006 Carton CTN-5550: Assigned=Assigned, Actual=Assigned, ReceivedQty=0
[2026-04-20 11:38:41] INFO: ASN ASN-0006 Carton CTN-5550: Assigned=Assigned, Actual=Assigned, ReceivedQty=0
[2026-04-20 11:38:42] INFO: ASN ASN-0001 Carton CNWH12858: Assigned=Received, Actual=Received, ReceivedQty=50
[2026-04-20 11:38:42] INFO: ASN ASN-0001 Carton CNWH12854: Assigned=Received, Actual=Received, ReceivedQty=50
[2026-04-20 11:38:42] INFO: ASN ASN-0001 Carton CNWH15390: Assigned=Received, Actual=Received, ReceivedQty=50
[2026-04-20 11:38:42] INFO: ASN ASN-0001 Carton CNWH42441: Assigned=Received, Actual=Received, ReceivedQty=50
[2026-04-20 11:38:42] INFO: ASN ASN-0001 Carton CNWH64571: Assigned=Received, Actual=Received, ReceivedQty=50
[2026-04-20 11:38:42] INFO: ASN ASN-0001 Carton CNWH64521: Assigned=Received, Actual=Received, ReceivedQty=50
[2026-04-20 11:38:42] INFO: ASN ASN-0001 Carton CNWH63561: Assigned=Received, Actual=Received, ReceivedQty=50
[2026-04-20 11:38:42] INFO: ASN ASN-0001 Carton CNWH63609: Assigned=Received, Actual=Received, ReceivedQty=50
[2026-04-20 11:38:42] INFO: ASN ASN-0002 Carton CTN-5550: Assigned=Assigned, Actual=Assigned, ReceivedQty=0
[2026-04-20 11:38:42] INFO: ASN ASN-0002 Carton CTN-5550: Assigned=Assigned, Actual=Assigned, ReceivedQty=0
[2026-04-20 11:38:42] INFO: ASN ASN-0002 Carton CTN-5550: Assigned=Assigned, Actual=Assigned, ReceivedQty=0
[2026-04-20 11:38:42] INFO: ASN ASN-0004 Carton CTN-5550: Assigned=Assigned, Actual=Assigned, ReceivedQty=0
[2026-04-20 11:38:42] INFO: ASN ASN-0004 Carton CTN-5550: Assigned=Assigned, Actual=Assigned, ReceivedQty=0
[2026-04-20 11:38:42] INFO: ASN ASN-0004 Carton CTN-5550: Assigned=Assigned, Actual=Assigned, ReceivedQty=0
[2026-04-20 11:38:42] INFO: ASN ASN-0005 Carton CTN-5550: Assigned=Assigned, Actual=Assigned, ReceivedQty=0
[2026-04-20 11:38:42] INFO: ASN ASN-0005 Carton CTN-5550: Assigned=Assigned, Actual=Assigned, ReceivedQty=0
[2026-04-20 11:38:42] INFO: ASN ASN-0005 Carton CTN-5550: Assigned=Assigned, Actual=Assigned, ReceivedQty=0
[2026-04-20 11:38:42] INFO: ASN ASN-0006 Carton CTN-5550: Assigned=Assigned, Actual=Assigned, ReceivedQty=0
[2026-04-20 11:38:42] INFO: ASN ASN-0006 Carton CTN-5550: Assigned=Assigned, Actual=Assigned, ReceivedQty=0
[2026-04-20 11:38:42] INFO: ASN ASN-0006 Carton CTN-5550: Assigned=Assigned, Actual=Assigned, ReceivedQty=0
[2026-04-20 11:38:42] INFO: ASN ASN-0001 Carton CNWH12858: Assigned=Received, Actual=Received, ReceivedQty=50
[2026-04-20 11:38:42] INFO: ASN ASN-0001 Carton CNWH12854: Assigned=Received, Actual=Received, ReceivedQty=50
[2026-04-20 11:38:42] INFO: ASN ASN-0001 Carton CNWH15390: Assigned=Received, Actual=Received, ReceivedQty=50
[2026-04-20 11:38:42] INFO: ASN ASN-0001 Carton CNWH42441: Assigned=Received, Actual=Received, ReceivedQty=50
[2026-04-20 11:38:42] INFO: ASN ASN-0001 Carton CNWH64571: Assigned=Received, Actual=Received, ReceivedQty=50
[2026-04-20 11:38:42] INFO: ASN ASN-0001 Carton CNWH64521: Assigned=Received, Actual=Received, ReceivedQty=50
[2026-04-20 11:38:42] INFO: ASN ASN-0001 Carton CNWH63561: Assigned=Received, Actual=Received, ReceivedQty=50
[2026-04-20 11:38:42] INFO: ASN ASN-0001 Carton CNWH63609: Assigned=Received, Actual=Received, ReceivedQty=50
[2026-04-20 11:38:42] INFO: ASN ASN-0002 Carton CTN-5550: Assigned=Assigned, Actual=Assigned, ReceivedQty=0
[2026-04-20 11:38:42] INFO: ASN ASN-0002 Carton CTN-5550: Assigned=Assigned, Actual=Assigned, ReceivedQty=0
[2026-04-20 11:38:42] INFO: ASN ASN-0002 Carton CTN-5550: Assigned=Assigned, Actual=Assigned, ReceivedQty=0
[2026-04-20 11:38:42] INFO: ASN ASN-0004 Carton CTN-5550: Assigned=Assigned, Actual=Assigned, ReceivedQty=0
[2026-04-20 11:38:42] INFO: ASN ASN-0004 Carton CTN-5550: Assigned=Assigned, Actual=Assigned, ReceivedQty=0
[2026-04-20 11:38:42] INFO: ASN ASN-0004 Carton CTN-5550: Assigned=Assigned, Actual=Assigned, ReceivedQty=0
[2026-04-20 11:38:42] INFO: ASN ASN-0005 Carton CTN-5550: Assigned=Assigned, Actual=Assigned, ReceivedQty=0
[2026-04-20 11:38:42] INFO: ASN ASN-0005 Carton CTN-5550: Assigned=Assigned, Actual=Assigned, ReceivedQty=0
[2026-04-20 11:38:42] INFO: ASN ASN-0005 Carton CTN-5550: Assigned=Assigned, Actual=Assigned, ReceivedQty=0
[2026-04-20 11:38:42] INFO: ASN ASN-0006 Carton CTN-5550: Assigned=Assigned, Actual=Assigned, ReceivedQty=0
[2026-04-20 11:38:42] INFO: ASN ASN-0006 Carton CTN-5550: Assigned=Assigned, Actual=Assigned, ReceivedQty=0
[2026-04-20 11:38:42] INFO: ASN ASN-0006 Carton CTN-5550: Assigned=Assigned, Actual=Assigned, ReceivedQty=0
[2026-04-20 11:38:45] INFO: ErpNextWmsSyncApiService: Pushing ASN received qty for ASN-0001, 8 line(s) (aggregated by item). Item codes: [247775:50, 247787:50, 269151:50, 269152:50, 320125:50, 320126:50, 320127:50, 320129:50], to http://printechsdammam.dyndns.org:88/api/method/printechs_wms.api.asn_receiving.update_asn_received_qty
[2026-04-20 11:38:45] INFO: ErpNextWmsSyncApiService: ASN received qty updated successfully.
[2026-04-20 11:38:45] INFO: ErpNextWmsSyncApiService: Creating Purchase Receipt for ASN ASN-0001, warehouse Main Warehouse - MAATC, 8 line(s). Item codes: [247775:50, 247787:50, 269151:50, 269152:50, 320125:50, 320126:50, 320127:50, 320129:50]
[2026-04-20 11:38:45] INFO: ErpNextWmsSyncApiService: Create Purchase Receipt succeeded. Purchase Receipt: MAT-PRE-2026-00001
[2026-04-20 11:38:45] INFO: AsnDataService: SetAsnPurchaseReceiptNo saved MAT-PRE-2026-00001 for ASN ASN-0001.
[2026-04-20 11:38:45] INFO: ASN ASN-0001 Carton CNWH12858: Assigned=Received, Actual=Received, ReceivedQty=50
[2026-04-20 11:38:45] INFO: ASN ASN-0001 Carton CNWH12854: Assigned=Received, Actual=Received, ReceivedQty=50
[2026-04-20 11:38:45] INFO: ASN ASN-0001 Carton CNWH15390: Assigned=Received, Actual=Received, ReceivedQty=50
[2026-04-20 11:38:45] INFO: ASN ASN-0001 Carton CNWH42441: Assigned=Received, Actual=Received, ReceivedQty=50
[2026-04-20 11:38:45] INFO: ASN ASN-0001 Carton CNWH64571: Assigned=Received, Actual=Received, ReceivedQty=50
[2026-04-20 11:38:45] INFO: ASN ASN-0001 Carton CNWH64521: Assigned=Received, Actual=Received, ReceivedQty=50
[2026-04-20 11:38:45] INFO: ASN ASN-0001 Carton CNWH63561: Assigned=Received, Actual=Received, ReceivedQty=50
[2026-04-20 11:38:45] INFO: ASN ASN-0001 Carton CNWH63609: Assigned=Received, Actual=Received, ReceivedQty=50
[2026-04-20 11:38:45] INFO: ASN ASN-0002 Carton CTN-5550: Assigned=Assigned, Actual=Assigned, ReceivedQty=0
[2026-04-20 11:38:45] INFO: ASN ASN-0002 Carton CTN-5550: Assigned=Assigned, Actual=Assigned, ReceivedQty=0
[2026-04-20 11:38:45] INFO: ASN ASN-0002 Carton CTN-5550: Assigned=Assigned, Actual=Assigned, ReceivedQty=0
[2026-04-20 11:38:45] INFO: ASN ASN-0004 Carton CTN-5550: Assigned=Assigned, Actual=Assigned, ReceivedQty=0
[2026-04-20 11:38:45] INFO: ASN ASN-0004 Carton CTN-5550: Assigned=Assigned, Actual=Assigned, ReceivedQty=0
[2026-04-20 11:38:45] INFO: ASN ASN-0004 Carton CTN-5550: Assigned=Assigned, Actual=Assigned, ReceivedQty=0
[2026-04-20 11:38:45] INFO: ASN ASN-0005 Carton CTN-5550: Assigned=Assigned, Actual=Assigned, ReceivedQty=0
[2026-04-20 11:38:45] INFO: ASN ASN-0005 Carton CTN-5550: Assigned=Assigned, Actual=Assigned, ReceivedQty=0
[2026-04-20 11:38:45] INFO: ASN ASN-0005 Carton CTN-5550: Assigned=Assigned, Actual=Assigned, ReceivedQty=0
[2026-04-20 11:38:45] INFO: ASN ASN-0006 Carton CTN-5550: Assigned=Assigned, Actual=Assigned, ReceivedQty=0
[2026-04-20 11:38:45] INFO: ASN ASN-0006 Carton CTN-5550: Assigned=Assigned, Actual=Assigned, ReceivedQty=0
[2026-04-20 11:38:45] INFO: ASN ASN-0006 Carton CTN-5550: Assigned=Assigned, Actual=Assigned, ReceivedQty=0
[2026-04-20 11:38:46] INFO: ASN ASN-0001 Carton CNWH12858: Assigned=Received, Actual=Received, ReceivedQty=50
[2026-04-20 11:38:46] INFO: ASN ASN-0001 Carton CNWH12854: Assigned=Received, Actual=Received, ReceivedQty=50
[2026-04-20 11:38:46] INFO: ASN ASN-0001 Carton CNWH15390: Assigned=Received, Actual=Received, ReceivedQty=50
[2026-04-20 11:38:46] INFO: ASN ASN-0001 Carton CNWH42441: Assigned=Received, Actual=Received, ReceivedQty=50
[2026-04-20 11:38:46] INFO: ASN ASN-0001 Carton CNWH64571: Assigned=Received, Actual=Received, ReceivedQty=50
[2026-04-20 11:38:46] INFO: ASN ASN-0001 Carton CNWH64521: Assigned=Received, Actual=Received, ReceivedQty=50
[2026-04-20 11:38:46] INFO: ASN ASN-0001 Carton CNWH63561: Assigned=Received, Actual=Received, ReceivedQty=50
[2026-04-20 11:38:46] INFO: ASN ASN-0001 Carton CNWH63609: Assigned=Received, Actual=Received, ReceivedQty=50
[2026-04-20 11:38:46] INFO: ASN ASN-0002 Carton CTN-5550: Assigned=Assigned, Actual=Assigned, ReceivedQty=0
[2026-04-20 11:38:46] INFO: ASN ASN-0002 Carton CTN-5550: Assigned=Assigned, Actual=Assigned, ReceivedQty=0
[2026-04-20 11:38:46] INFO: ASN ASN-0002 Carton CTN-5550: Assigned=Assigned, Actual=Assigned, ReceivedQty=0
[2026-04-20 11:38:46] INFO: ASN ASN-0004 Carton CTN-5550: Assigned=Assigned, Actual=Assigned, ReceivedQty=0
[2026-04-20 11:38:46] INFO: ASN ASN-0004 Carton CTN-5550: Assigned=Assigned, Actual=Assigned, ReceivedQty=0
[2026-04-20 11:38:46] INFO: ASN ASN-0004 Carton CTN-5550: Assigned=Assigned, Actual=Assigned, ReceivedQty=0
[2026-04-20 11:38:46] INFO: ASN ASN-0005 Carton CTN-5550: Assigned=Assigned, Actual=Assigned, ReceivedQty=0
[2026-04-20 11:38:46] INFO: ASN ASN-0005 Carton CTN-5550: Assigned=Assigned, Actual=Assigned, ReceivedQty=0
[2026-04-20 11:38:46] INFO: ASN ASN-0005 Carton CTN-5550: Assigned=Assigned, Actual=Assigned, ReceivedQty=0
[2026-04-20 11:38:46] INFO: ASN ASN-0006 Carton CTN-5550: Assigned=Assigned, Actual=Assigned, ReceivedQty=0
[2026-04-20 11:38:46] INFO: ASN ASN-0006 Carton CTN-5550: Assigned=Assigned, Actual=Assigned, ReceivedQty=0
[2026-04-20 11:38:46] INFO: ASN ASN-0006 Carton CTN-5550: Assigned=Assigned, Actual=Assigned, ReceivedQty=0
[2026-04-20 11:40:10] INFO: ASN ASN-0001 Carton CNWH12858: Assigned=Received, Actual=Received, ReceivedQty=50
[2026-04-20 11:40:10] INFO: ASN ASN-0001 Carton CNWH12854: Assigned=Received, Actual=Received, ReceivedQty=50
[2026-04-20 11:40:10] INFO: ASN ASN-0001 Carton CNWH15390: Assigned=Received, Actual=Received, ReceivedQty=50
[2026-04-20 11:40:10] INFO: ASN ASN-0001 Carton CNWH42441: Assigned=Received, Actual=Received, ReceivedQty=50
[2026-04-20 11:40:10] INFO: ASN ASN-0001 Carton CNWH64571: Assigned=Received, Actual=Received, ReceivedQty=50
[2026-04-20 11:40:10] INFO: ASN ASN-0001 Carton CNWH64521: Assigned=Received, Actual=Received, ReceivedQty=50
[2026-04-20 11:40:10] INFO: ASN ASN-0001 Carton CNWH63561: Assigned=Received, Actual=Received, ReceivedQty=50
[2026-04-20 11:40:10] INFO: ASN ASN-0001 Carton CNWH63609: Assigned=Received, Actual=Received, ReceivedQty=50
[2026-04-20 11:40:10] INFO: ASN ASN-0002 Carton CTN-5550: Assigned=Assigned, Actual=Assigned, ReceivedQty=0
[2026-04-20 11:40:10] INFO: ASN ASN-0002 Carton CTN-5550: Assigned=Assigned, Actual=Assigned, ReceivedQty=0
[2026-04-20 11:40:10] INFO: ASN ASN-0002 Carton CTN-5550: Assigned=Assigned, Actual=Assigned, ReceivedQty=0
[2026-04-20 11:40:10] INFO: ASN ASN-0004 Carton CTN-5550: Assigned=Assigned, Actual=Assigned, ReceivedQty=0
[2026-04-20 11:40:10] INFO: ASN ASN-0004 Carton CTN-5550: Assigned=Assigned, Actual=Assigned, ReceivedQty=0
[2026-04-20 11:40:10] INFO: ASN ASN-0004 Carton CTN-5550: Assigned=Assigned, Actual=Assigned, ReceivedQty=0
[2026-04-20 11:40:10] INFO: ASN ASN-0005 Carton CTN-5550: Assigned=Assigned, Actual=Assigned, ReceivedQty=0
[2026-04-20 11:40:10] INFO: ASN ASN-0005 Carton CTN-5550: Assigned=Assigned, Actual=Assigned, ReceivedQty=0
[2026-04-20 11:40:10] INFO: ASN ASN-0005 Carton CTN-5550: Assigned=Assigned, Actual=Assigned, ReceivedQty=0
[2026-04-20 11:40:10] INFO: ASN ASN-0006 Carton CTN-5550: Assigned=Assigned, Actual=Assigned, ReceivedQty=0
[2026-04-20 11:40:10] INFO: ASN ASN-0006 Carton CTN-5550: Assigned=Assigned, Actual=Assigned, ReceivedQty=0
[2026-04-20 11:40:10] INFO: ASN ASN-0006 Carton CTN-5550: Assigned=Assigned, Actual=Assigned, ReceivedQty=0
[2026-04-20 11:40:11] INFO: ASN ASN-0001 Carton CNWH12858: Assigned=Received, Actual=Received, ReceivedQty=50
[2026-04-20 11:40:11] INFO: ASN ASN-0001 Carton CNWH12854: Assigned=Received, Actual=Received, ReceivedQty=50
[2026-04-20 11:40:11] INFO: ASN ASN-0001 Carton CNWH15390: Assigned=Received, Actual=Received, ReceivedQty=50
[2026-04-20 11:40:11] INFO: ASN ASN-0001 Carton CNWH42441: Assigned=Received, Actual=Received, ReceivedQty=50
[2026-04-20 11:40:11] INFO: ASN ASN-0001 Carton CNWH64571: Assigned=Received, Actual=Received, ReceivedQty=50
[2026-04-20 11:40:11] INFO: ASN ASN-0001 Carton CNWH64521: Assigned=Received, Actual=Received, ReceivedQty=50
[2026-04-20 11:40:11] INFO: ASN ASN-0001 Carton CNWH63561: Assigned=Received, Actual=Received, ReceivedQty=50
[2026-04-20 11:40:11] INFO: ASN ASN-0001 Carton CNWH63609: Assigned=Received, Actual=Received, ReceivedQty=50
[2026-04-20 11:40:11] INFO: ASN ASN-0002 Carton CTN-5550: Assigned=Assigned, Actual=Assigned, ReceivedQty=0
[2026-04-20 11:40:11] INFO: ASN ASN-0002 Carton CTN-5550: Assigned=Assigned, Actual=Assigned, ReceivedQty=0
[2026-04-20 11:40:11] INFO: ASN ASN-0002 Carton CTN-5550: Assigned=Assigned, Actual=Assigned, ReceivedQty=0
[2026-04-20 11:40:11] INFO: ASN ASN-0004 Carton CTN-5550: Assigned=Assigned, Actual=Assigned, ReceivedQty=0
[2026-04-20 11:40:11] INFO: ASN ASN-0004 Carton CTN-5550: Assigned=Assigned, Actual=Assigned, ReceivedQty=0
[2026-04-20 11:40:11] INFO: ASN ASN-0004 Carton CTN-5550: Assigned=Assigned, Actual=Assigned, ReceivedQty=0
[2026-04-20 11:40:11] INFO: ASN ASN-0005 Carton CTN-5550: Assigned=Assigned, Actual=Assigned, ReceivedQty=0
[2026-04-20 11:40:11] INFO: ASN ASN-0005 Carton CTN-5550: Assigned=Assigned, Actual=Assigned, ReceivedQty=0
[2026-04-20 11:40:11] INFO: ASN ASN-0005 Carton CTN-5550: Assigned=Assigned, Actual=Assigned, ReceivedQty=0
[2026-04-20 11:40:11] INFO: ASN ASN-0006 Carton CTN-5550: Assigned=Assigned, Actual=Assigned, ReceivedQty=0
[2026-04-20 11:40:11] INFO: ASN ASN-0006 Carton CTN-5550: Assigned=Assigned, Actual=Assigned, ReceivedQty=0
[2026-04-20 11:40:11] INFO: ASN ASN-0006 Carton CTN-5550: Assigned=Assigned, Actual=Assigned, ReceivedQty=0
[2026-04-20 11:40:11] INFO: ASN ASN-0001 Carton CNWH12858: Assigned=Received, Actual=Received, ReceivedQty=50
[2026-04-20 11:40:11] INFO: ASN ASN-0001 Carton CNWH12854: Assigned=Received, Actual=Received, ReceivedQty=50
[2026-04-20 11:40:11] INFO: ASN ASN-0001 Carton CNWH15390: Assigned=Received, Actual=Received, ReceivedQty=50
[2026-04-20 11:40:11] INFO: ASN ASN-0001 Carton CNWH42441: Assigned=Received, Actual=Received, ReceivedQty=50
[2026-04-20 11:40:11] INFO: ASN ASN-0001 Carton CNWH64571: Assigned=Received, Actual=Received, ReceivedQty=50
[2026-04-20 11:40:11] INFO: ASN ASN-0001 Carton CNWH64521: Assigned=Received, Actual=Received, ReceivedQty=50
[2026-04-20 11:40:11] INFO: ASN ASN-0001 Carton CNWH63561: Assigned=Received, Actual=Received, ReceivedQty=50
[2026-04-20 11:40:11] INFO: ASN ASN-0001 Carton CNWH63609: Assigned=Received, Actual=Received, ReceivedQty=50
[2026-04-20 11:40:11] INFO: ASN ASN-0002 Carton CTN-5550: Assigned=Assigned, Actual=Assigned, ReceivedQty=0
[2026-04-20 11:40:11] INFO: ASN ASN-0002 Carton CTN-5550: Assigned=Assigned, Actual=Assigned, ReceivedQty=0
[2026-04-20 11:40:11] INFO: ASN ASN-0002 Carton CTN-5550: Assigned=Assigned, Actual=Assigned, ReceivedQty=0
[2026-04-20 11:40:11] INFO: ASN ASN-0004 Carton CTN-5550: Assigned=Assigned, Actual=Assigned, ReceivedQty=0
[2026-04-20 11:40:11] INFO: ASN ASN-0004 Carton CTN-5550: Assigned=Assigned, Actual=Assigned, ReceivedQty=0
[2026-04-20 11:40:11] INFO: ASN ASN-0004 Carton CTN-5550: Assigned=Assigned, Actual=Assigned, ReceivedQty=0
[2026-04-20 11:40:11] INFO: ASN ASN-0005 Carton CTN-5550: Assigned=Assigned, Actual=Assigned, ReceivedQty=0
[2026-04-20 11:40:11] INFO: ASN ASN-0005 Carton CTN-5550: Assigned=Assigned, Actual=Assigned, ReceivedQty=0
[2026-04-20 11:40:11] INFO: ASN ASN-0005 Carton CTN-5550: Assigned=Assigned, Actual=Assigned, ReceivedQty=0
[2026-04-20 11:40:11] INFO: ASN ASN-0006 Carton CTN-5550: Assigned=Assigned, Actual=Assigned, ReceivedQty=0
[2026-04-20 11:40:11] INFO: ASN ASN-0006 Carton CTN-5550: Assigned=Assigned, Actual=Assigned, ReceivedQty=0
[2026-04-20 11:40:11] INFO: ASN ASN-0006 Carton CTN-5550: Assigned=Assigned, Actual=Assigned, ReceivedQty=0
[2026-04-20 11:40:14] INFO: ErpNextWmsSyncApiService: Pushing ASN received qty for ASN-0001, 8 line(s) (aggregated by item). Item codes: [247775:50, 247787:50, 269151:50, 269152:50, 320125:50, 320126:50, 320127:50, 320129:50], to http://printechsdammam.dyndns.org:88/api/method/printechs_wms.api.asn_receiving.update_asn_received_qty
[2026-04-20 11:40:14] ERROR: ErpNextWmsSyncApiService: ASN received qty API returned ExpectationFailed: {"exception":"frappe.exceptions.ValidationError: WMS ASN not found: ASN-0001","exc_type":"ValidationError","_exc_source":"printechs_wms (app)","exc":"[\"Traceback (most recent call last):\\n  File \\\"apps/frappe/frappe/app.py\\\", line 120, in application\\n    response = frappe.api.handle(request)\\n               ^^^^^^^^^^^^^^^^^^^^^^^^^^\\n  File \\\"apps/frappe/frappe/api/__init__.py\\\", line 52, in handle\\n    data = endpoint(**arguments)\\n           ^^^^^^^^^^^^^^^^^^^^^\\n  File \\\"apps/frappe/frappe/api/v1.py\\\", line 40, in handle_rpc_call\\n    return frappe.handler.handle()\\n           ^^^^^^^^^^^^^^^^^^^^^^^\\n  File \\\"apps/frappe/frappe/handler.py\\\", line 52, in handle\\n    data = execute_cmd(cmd)\\n           ^^^^^^^^^^^^^^^^\\n  File \\\"apps/frappe/frappe/handler.py\\\", line 85, in execute_cmd\\n    return frappe.call(method, **frappe.form_dict)\\n           ^^^^^^^^^^^^^^^^^^^^^^^^^^^^^^^^^^^^^^^\\n  File \\\"apps/frappe/frappe/__init__.py\\\", line 1754, in call\\n    return fn(*args, **newargs)\\n           ^^^^^^^^^^^^^^^^^^^^\\n  File \\\"apps/frappe/frappe/utils/typing_validations.py\\\", line 32, in wrapper\\n    return func(*args, **kwargs)\\n           ^^^^^^^^^^^^^^^^^^^^^\\n  File \\\"apps/printechs_wms/printechs_wms/api/asn_receiving.py\\\", line 224, in update_asn_received_qty\\n    frappe.throw(_(\\\"{0} not found: {1}\\\").format(ASN_DOCTYPE, asn_no))\\n  File \\\"apps/frappe/frappe/__init__.py\\\", line 609, in throw\\n    msgprint(\\n  File \\\"apps/frappe/frappe/__init__.py\\\", line 574, in msgprint\\n    _raise_exception()\\n  File \\\"apps/frappe/frappe/__init__.py\\\", line 525, in _raise_exception\\n    raise exc\\nfrappe.exceptions.ValidationError: WMS ASN not found: ASN-0001\\n\"]","_server_messages":"[\"{\\\"message\\\": \\\"WMS ASN not found: ASN-0001\\\", \\\"title\\\": \\\"Message\\\", \\\"indicator\\\": \\\"red\\\", \\\"raise_exception\\\": 1, \\\"__frappe_exc_id\\\": \\\"3e5a715b72c504681f7ca851d8174d37abffecd0b31a8f0bd7a8b191\\\"}\"]"}
--------------------------------------------------------------------------------
[2026-04-20 11:40:20] INFO: ASN ASN-0001 Carton CNWH12858: Assigned=Received, Actual=Received, ReceivedQty=50
[2026-04-20 11:40:20] INFO: ASN ASN-0001 Carton CNWH12854: Assigned=Received, Actual=Received, ReceivedQty=50
[2026-04-20 11:40:20] INFO: ASN ASN-0001 Carton CNWH15390: Assigned=Received, Actual=Received, ReceivedQty=50
[2026-04-20 11:40:20] INFO: ASN ASN-0001 Carton CNWH42441: Assigned=Received, Actual=Received, ReceivedQty=50
[2026-04-20 11:40:20] INFO: ASN ASN-0001 Carton CNWH64571: Assigned=Received, Actual=Received, ReceivedQty=50
[2026-04-20 11:40:20] INFO: ASN ASN-0001 Carton CNWH64521: Assigned=Received, Actual=Received, ReceivedQty=50
[2026-04-20 11:40:20] INFO: ASN ASN-0001 Carton CNWH63561: Assigned=Received, Actual=Received, ReceivedQty=50
[2026-04-20 11:40:20] INFO: ASN ASN-0001 Carton CNWH63609: Assigned=Received, Actual=Received, ReceivedQty=50
[2026-04-20 11:40:20] INFO: ASN ASN-0002 Carton CTN-5550: Assigned=Assigned, Actual=Assigned, ReceivedQty=0
[2026-04-20 11:40:20] INFO: ASN ASN-0002 Carton CTN-5550: Assigned=Assigned, Actual=Assigned, ReceivedQty=0
[2026-04-20 11:40:20] INFO: ASN ASN-0002 Carton CTN-5550: Assigned=Assigned, Actual=Assigned, ReceivedQty=0
[2026-04-20 11:40:20] INFO: ASN ASN-0004 Carton CTN-5550: Assigned=Assigned, Actual=Assigned, ReceivedQty=0
[2026-04-20 11:40:20] INFO: ASN ASN-0004 Carton CTN-5550: Assigned=Assigned, Actual=Assigned, ReceivedQty=0
[2026-04-20 11:40:20] INFO: ASN ASN-0004 Carton CTN-5550: Assigned=Assigned, Actual=Assigned, ReceivedQty=0
[2026-04-20 11:40:20] INFO: ASN ASN-0005 Carton CTN-5550: Assigned=Assigned, Actual=Assigned, ReceivedQty=0
[2026-04-20 11:40:20] INFO: ASN ASN-0005 Carton CTN-5550: Assigned=Assigned, Actual=Assigned, ReceivedQty=0
[2026-04-20 11:40:20] INFO: ASN ASN-0005 Carton CTN-5550: Assigned=Assigned, Actual=Assigned, ReceivedQty=0
[2026-04-20 11:40:20] INFO: ASN ASN-0006 Carton CTN-5550: Assigned=Assigned, Actual=Assigned, ReceivedQty=0
[2026-04-20 11:40:20] INFO: ASN ASN-0006 Carton CTN-5550: Assigned=Assigned, Actual=Assigned, ReceivedQty=0
[2026-04-20 11:40:20] INFO: ASN ASN-0006 Carton CTN-5550: Assigned=Assigned, Actual=Assigned, ReceivedQty=0
[2026-04-20 11:44:06] INFO: ASN ASN-0001 Carton CNWH12858: Assigned=Received, Actual=Received, ReceivedQty=50
[2026-04-20 11:44:06] INFO: ASN ASN-0001 Carton CNWH12854: Assigned=Received, Actual=Received, ReceivedQty=50
[2026-04-20 11:44:06] INFO: ASN ASN-0001 Carton CNWH15390: Assigned=Received, Actual=Received, ReceivedQty=50
[2026-04-20 11:44:06] INFO: ASN ASN-0001 Carton CNWH42441: Assigned=Received, Actual=Received, ReceivedQty=50
[2026-04-20 11:44:06] INFO: ASN ASN-0001 Carton CNWH64571: Assigned=Received, Actual=Received, ReceivedQty=50
[2026-04-20 11:44:06] INFO: ASN ASN-0001 Carton CNWH64521: Assigned=Received, Actual=Received, ReceivedQty=50
[2026-04-20 11:44:06] INFO: ASN ASN-0001 Carton CNWH63561: Assigned=Received, Actual=Received, ReceivedQty=50
[2026-04-20 11:44:06] INFO: ASN ASN-0001 Carton CNWH63609: Assigned=Received, Actual=Received, ReceivedQty=50
[2026-04-20 11:44:06] INFO: ASN ASN-0002 Carton CTN-5550: Assigned=Assigned, Actual=Assigned, ReceivedQty=0
[2026-04-20 11:44:06] INFO: ASN ASN-0002 Carton CTN-5550: Assigned=Assigned, Actual=Assigned, ReceivedQty=0
[2026-04-20 11:44:06] INFO: ASN ASN-0002 Carton CTN-5550: Assigned=Assigned, Actual=Assigned, ReceivedQty=0
[2026-04-20 11:44:06] INFO: ASN ASN-0004 Carton CTN-5550: Assigned=Assigned, Actual=Assigned, ReceivedQty=0
[2026-04-20 11:44:06] INFO: ASN ASN-0004 Carton CTN-5550: Assigned=Assigned, Actual=Assigned, ReceivedQty=0
[2026-04-20 11:44:06] INFO: ASN ASN-0004 Carton CTN-5550: Assigned=Assigned, Actual=Assigned, ReceivedQty=0
[2026-04-20 11:44:06] INFO: ASN ASN-0005 Carton CTN-5550: Assigned=Assigned, Actual=Assigned, ReceivedQty=0
[2026-04-20 11:44:06] INFO: ASN ASN-0005 Carton CTN-5550: Assigned=Assigned, Actual=Assigned, ReceivedQty=0
[2026-04-20 11:44:06] INFO: ASN ASN-0005 Carton CTN-5550: Assigned=Assigned, Actual=Assigned, ReceivedQty=0
[2026-04-20 11:44:06] INFO: ASN ASN-0006 Carton CTN-5550: Assigned=Assigned, Actual=Assigned, ReceivedQty=0
[2026-04-20 11:44:06] INFO: ASN ASN-0006 Carton CTN-5550: Assigned=Assigned, Actual=Assigned, ReceivedQty=0
[2026-04-20 11:44:06] INFO: ASN ASN-0006 Carton CTN-5550: Assigned=Assigned, Actual=Assigned, ReceivedQty=0
[2026-04-20 11:44:09] INFO: ErpNextWmsSyncApiService: Pushing ASN received qty for ASN-0001, 8 line(s) (aggregated by item). Item codes: [247775:50, 247787:50, 269151:50, 269152:50, 320125:50, 320126:50, 320127:50, 320129:50], to http://printechsdammam.dyndns.org:88/api/method/printechs_wms.api.asn_receiving.update_asn_received_qty
[2026-04-20 11:44:09] ERROR: ErpNextWmsSyncApiService: ASN received qty API returned ExpectationFailed: {"exception":"frappe.exceptions.ValidationError: WMS ASN not found: ASN-0001","exc_type":"ValidationError","_exc_source":"printechs_wms (app)","exc":"[\"Traceback (most recent call last):\\n  File \\\"apps/frappe/frappe/app.py\\\", line 120, in application\\n    response = frappe.api.handle(request)\\n               ^^^^^^^^^^^^^^^^^^^^^^^^^^\\n  File \\\"apps/frappe/frappe/api/__init__.py\\\", line 52, in handle\\n    data = endpoint(**arguments)\\n           ^^^^^^^^^^^^^^^^^^^^^\\n  File \\\"apps/frappe/frappe/api/v1.py\\\", line 40, in handle_rpc_call\\n    return frappe.handler.handle()\\n           ^^^^^^^^^^^^^^^^^^^^^^^\\n  File \\\"apps/frappe/frappe/handler.py\\\", line 52, in handle\\n    data = execute_cmd(cmd)\\n           ^^^^^^^^^^^^^^^^\\n  File \\\"apps/frappe/frappe/handler.py\\\", line 85, in execute_cmd\\n    return frappe.call(method, **frappe.form_dict)\\n           ^^^^^^^^^^^^^^^^^^^^^^^^^^^^^^^^^^^^^^^\\n  File \\\"apps/frappe/frappe/__init__.py\\\", line 1754, in call\\n    return fn(*args, **newargs)\\n           ^^^^^^^^^^^^^^^^^^^^\\n  File \\\"apps/frappe/frappe/utils/typing_validations.py\\\", line 32, in wrapper\\n    return func(*args, **kwargs)\\n           ^^^^^^^^^^^^^^^^^^^^^\\n  File \\\"apps/printechs_wms/printechs_wms/api/asn_receiving.py\\\", line 224, in update_asn_received_qty\\n    frappe.throw(_(\\\"{0} not found: {1}\\\").format(ASN_DOCTYPE, asn_no))\\n  File \\\"apps/frappe/frappe/__init__.py\\\", line 609, in throw\\n    msgprint(\\n  File \\\"apps/frappe/frappe/__init__.py\\\", line 574, in msgprint\\n    _raise_exception()\\n  File \\\"apps/frappe/frappe/__init__.py\\\", line 525, in _raise_exception\\n    raise exc\\nfrappe.exceptions.ValidationError: WMS ASN not found: ASN-0001\\n\"]","_server_messages":"[\"{\\\"message\\\": \\\"WMS ASN not found: ASN-0001\\\", \\\"title\\\": \\\"Message\\\", \\\"indicator\\\": \\\"red\\\", \\\"raise_exception\\\": 1, \\\"__frappe_exc_id\\\": \\\"8d690f0f98c4cee1d4fb5b9c9f290319f91dd3919803d85fd33869ca\\\"}\"]"}
--------------------------------------------------------------------------------
[2026-04-20 11:44:10] INFO: ASN ASN-0001 Carton CNWH12858: Assigned=Received, Actual=Received, ReceivedQty=50
[2026-04-20 11:44:10] INFO: ASN ASN-0001 Carton CNWH12854: Assigned=Received, Actual=Received, ReceivedQty=50
[2026-04-20 11:44:10] INFO: ASN ASN-0001 Carton CNWH15390: Assigned=Received, Actual=Received, ReceivedQty=50
[2026-04-20 11:44:10] INFO: ASN ASN-0001 Carton CNWH42441: Assigned=Received, Actual=Received, ReceivedQty=50
[2026-04-20 11:44:10] INFO: ASN ASN-0001 Carton CNWH64571: Assigned=Received, Actual=Received, ReceivedQty=50
[2026-04-20 11:44:10] INFO: ASN ASN-0001 Carton CNWH64521: Assigned=Received, Actual=Received, ReceivedQty=50
[2026-04-20 11:44:10] INFO: ASN ASN-0001 Carton CNWH63561: Assigned=Received, Actual=Received, ReceivedQty=50
[2026-04-20 11:44:10] INFO: ASN ASN-0001 Carton CNWH63609: Assigned=Received, Actual=Received, ReceivedQty=50
[2026-04-20 11:44:10] INFO: ASN ASN-0002 Carton CTN-5550: Assigned=Assigned, Actual=Assigned, ReceivedQty=0
[2026-04-20 11:44:10] INFO: ASN ASN-0002 Carton CTN-5550: Assigned=Assigned, Actual=Assigned, ReceivedQty=0
[2026-04-20 11:44:10] INFO: ASN ASN-0002 Carton CTN-5550: Assigned=Assigned, Actual=Assigned, ReceivedQty=0
[2026-04-20 11:44:10] INFO: ASN ASN-0004 Carton CTN-5550: Assigned=Assigned, Actual=Assigned, ReceivedQty=0
[2026-04-20 11:44:10] INFO: ASN ASN-0004 Carton CTN-5550: Assigned=Assigned, Actual=Assigned, ReceivedQty=0
[2026-04-20 11:44:10] INFO: ASN ASN-0004 Carton CTN-5550: Assigned=Assigned, Actual=Assigned, ReceivedQty=0
[2026-04-20 11:44:10] INFO: ASN ASN-0005 Carton CTN-5550: Assigned=Assigned, Actual=Assigned, ReceivedQty=0
[2026-04-20 11:44:10] INFO: ASN ASN-0005 Carton CTN-5550: Assigned=Assigned, Actual=Assigned, ReceivedQty=0
[2026-04-20 11:44:10] INFO: ASN ASN-0005 Carton CTN-5550: Assigned=Assigned, Actual=Assigned, ReceivedQty=0
[2026-04-20 11:44:10] INFO: ASN ASN-0006 Carton CTN-5550: Assigned=Assigned, Actual=Assigned, ReceivedQty=0
[2026-04-20 11:44:10] INFO: ASN ASN-0006 Carton CTN-5550: Assigned=Assigned, Actual=Assigned, ReceivedQty=0
[2026-04-20 11:44:10] INFO: ASN ASN-0006 Carton CTN-5550: Assigned=Assigned, Actual=Assigned, ReceivedQty=0
[2026-04-20 11:44:15] INFO: ASN ASN-0001 Carton CNWH12858: Assigned=Received, Actual=Received, ReceivedQty=50
[2026-04-20 11:44:15] INFO: ASN ASN-0001 Carton CNWH12854: Assigned=Received, Actual=Received, ReceivedQty=50
[2026-04-20 11:44:15] INFO: ASN ASN-0001 Carton CNWH15390: Assigned=Received, Actual=Received, ReceivedQty=50
[2026-04-20 11:44:15] INFO: ASN ASN-0001 Carton CNWH42441: Assigned=Received, Actual=Received, ReceivedQty=50
[2026-04-20 11:44:15] INFO: ASN ASN-0001 Carton CNWH64571: Assigned=Received, Actual=Received, ReceivedQty=50
[2026-04-20 11:44:15] INFO: ASN ASN-0001 Carton CNWH64521: Assigned=Received, Actual=Received, ReceivedQty=50
[2026-04-20 11:44:15] INFO: ASN ASN-0001 Carton CNWH63561: Assigned=Received, Actual=Received, ReceivedQty=50
[2026-04-20 11:44:15] INFO: ASN ASN-0001 Carton CNWH63609: Assigned=Received, Actual=Received, ReceivedQty=50
[2026-04-20 11:44:15] INFO: ASN ASN-0002 Carton CTN-5550: Assigned=Assigned, Actual=Assigned, ReceivedQty=0
[2026-04-20 11:44:15] INFO: ASN ASN-0002 Carton CTN-5550: Assigned=Assigned, Actual=Assigned, ReceivedQty=0
[2026-04-20 11:44:15] INFO: ASN ASN-0002 Carton CTN-5550: Assigned=Assigned, Actual=Assigned, ReceivedQty=0
[2026-04-20 11:44:15] INFO: ASN ASN-0004 Carton CTN-5550: Assigned=Assigned, Actual=Assigned, ReceivedQty=0
[2026-04-20 11:44:15] INFO: ASN ASN-0004 Carton CTN-5550: Assigned=Assigned, Actual=Assigned, ReceivedQty=0
[2026-04-20 11:44:15] INFO: ASN ASN-0004 Carton CTN-5550: Assigned=Assigned, Actual=Assigned, ReceivedQty=0
[2026-04-20 11:44:15] INFO: ASN ASN-0005 Carton CTN-5550: Assigned=Assigned, Actual=Assigned, ReceivedQty=0
[2026-04-20 11:44:15] INFO: ASN ASN-0005 Carton CTN-5550: Assigned=Assigned, Actual=Assigned, ReceivedQty=0
[2026-04-20 11:44:15] INFO: ASN ASN-0005 Carton CTN-5550: Assigned=Assigned, Actual=Assigned, ReceivedQty=0
[2026-04-20 11:44:15] INFO: ASN ASN-0006 Carton CTN-5550: Assigned=Assigned, Actual=Assigned, ReceivedQty=0
[2026-04-20 11:44:15] INFO: ASN ASN-0006 Carton CTN-5550: Assigned=Assigned, Actual=Assigned, ReceivedQty=0
[2026-04-20 11:44:15] INFO: ASN ASN-0006 Carton CTN-5550: Assigned=Assigned, Actual=Assigned, ReceivedQty=0
[2026-04-20 11:44:15] INFO: ASN ASN-0001 Carton CNWH12858: Assigned=Received, Actual=Received, ReceivedQty=50
[2026-04-20 11:44:15] INFO: ASN ASN-0001 Carton CNWH12854: Assigned=Received, Actual=Received, ReceivedQty=50
[2026-04-20 11:44:15] INFO: ASN ASN-0001 Carton CNWH15390: Assigned=Received, Actual=Received, ReceivedQty=50
[2026-04-20 11:44:15] INFO: ASN ASN-0001 Carton CNWH42441: Assigned=Received, Actual=Received, ReceivedQty=50
[2026-04-20 11:44:15] INFO: ASN ASN-0001 Carton CNWH64571: Assigned=Received, Actual=Received, ReceivedQty=50
[2026-04-20 11:44:15] INFO: ASN ASN-0001 Carton CNWH64521: Assigned=Received, Actual=Received, ReceivedQty=50
[2026-04-20 11:44:15] INFO: ASN ASN-0001 Carton CNWH63561: Assigned=Received, Actual=Received, ReceivedQty=50
[2026-04-20 11:44:15] INFO: ASN ASN-0001 Carton CNWH63609: Assigned=Received, Actual=Received, ReceivedQty=50
[2026-04-20 11:44:15] INFO: ASN ASN-0002 Carton CTN-5550: Assigned=Assigned, Actual=Assigned, ReceivedQty=0
[2026-04-20 11:44:15] INFO: ASN ASN-0002 Carton CTN-5550: Assigned=Assigned, Actual=Assigned, ReceivedQty=0
[2026-04-20 11:44:15] INFO: ASN ASN-0002 Carton CTN-5550: Assigned=Assigned, Actual=Assigned, ReceivedQty=0
[2026-04-20 11:44:15] INFO: ASN ASN-0004 Carton CTN-5550: Assigned=Assigned, Actual=Assigned, ReceivedQty=0
[2026-04-20 11:44:15] INFO: ASN ASN-0004 Carton CTN-5550: Assigned=Assigned, Actual=Assigned, ReceivedQty=0
[2026-04-20 11:44:15] INFO: ASN ASN-0004 Carton CTN-5550: Assigned=Assigned, Actual=Assigned, ReceivedQty=0
[2026-04-20 11:44:15] INFO: ASN ASN-0005 Carton CTN-5550: Assigned=Assigned, Actual=Assigned, ReceivedQty=0
[2026-04-20 11:44:15] INFO: ASN ASN-0005 Carton CTN-5550: Assigned=Assigned, Actual=Assigned, ReceivedQty=0
[2026-04-20 11:44:15] INFO: ASN ASN-0005 Carton CTN-5550: Assigned=Assigned, Actual=Assigned, ReceivedQty=0
[2026-04-20 11:44:15] INFO: ASN ASN-0006 Carton CTN-5550: Assigned=Assigned, Actual=Assigned, ReceivedQty=0
[2026-04-20 11:44:15] INFO: ASN ASN-0006 Carton CTN-5550: Assigned=Assigned, Actual=Assigned, ReceivedQty=0
[2026-04-20 11:44:15] INFO: ASN ASN-0006 Carton CTN-5550: Assigned=Assigned, Actual=Assigned, ReceivedQty=0
[2026-04-20 11:44:16] INFO: ErpNextWmsSyncApiService: Pushing ASN received qty for ASN-0001, 8 line(s) (aggregated by item). Item codes: [247775:50, 247787:50, 269151:50, 269152:50, 320125:50, 320126:50, 320127:50, 320129:50], to http://printechsdammam.dyndns.org:88/api/method/printechs_wms.api.asn_receiving.update_asn_received_qty
[2026-04-20 11:44:16] ERROR: ErpNextWmsSyncApiService: ASN received qty API returned ExpectationFailed: {"exception":"frappe.exceptions.ValidationError: WMS ASN not found: ASN-0001","exc_type":"ValidationError","_exc_source":"printechs_wms (app)","exc":"[\"Traceback (most recent call last):\\n  File \\\"apps/frappe/frappe/app.py\\\", line 120, in application\\n    response = frappe.api.handle(request)\\n               ^^^^^^^^^^^^^^^^^^^^^^^^^^\\n  File \\\"apps/frappe/frappe/api/__init__.py\\\", line 52, in handle\\n    data = endpoint(**arguments)\\n           ^^^^^^^^^^^^^^^^^^^^^\\n  File \\\"apps/frappe/frappe/api/v1.py\\\", line 40, in handle_rpc_call\\n    return frappe.handler.handle()\\n           ^^^^^^^^^^^^^^^^^^^^^^^\\n  File \\\"apps/frappe/frappe/handler.py\\\", line 52, in handle\\n    data = execute_cmd(cmd)\\n           ^^^^^^^^^^^^^^^^\\n  File \\\"apps/frappe/frappe/handler.py\\\", line 85, in execute_cmd\\n    return frappe.call(method, **frappe.form_dict)\\n           ^^^^^^^^^^^^^^^^^^^^^^^^^^^^^^^^^^^^^^^\\n  File \\\"apps/frappe/frappe/__init__.py\\\", line 1754, in call\\n    return fn(*args, **newargs)\\n           ^^^^^^^^^^^^^^^^^^^^\\n  File \\\"apps/frappe/frappe/utils/typing_validations.py\\\", line 32, in wrapper\\n    return func(*args, **kwargs)\\n           ^^^^^^^^^^^^^^^^^^^^^\\n  File \\\"apps/printechs_wms/printechs_wms/api/asn_receiving.py\\\", line 224, in update_asn_received_qty\\n    frappe.throw(_(\\\"{0} not found: {1}\\\").format(ASN_DOCTYPE, asn_no))\\n  File \\\"apps/frappe/frappe/__init__.py\\\", line 609, in throw\\n    msgprint(\\n  File \\\"apps/frappe/frappe/__init__.py\\\", line 574, in msgprint\\n    _raise_exception()\\n  File \\\"apps/frappe/frappe/__init__.py\\\", line 525, in _raise_exception\\n    raise exc\\nfrappe.exceptions.ValidationError: WMS ASN not found: ASN-0001\\n\"]","_server_messages":"[\"{\\\"message\\\": \\\"WMS ASN not found: ASN-0001\\\", \\\"title\\\": \\\"Message\\\", \\\"indicator\\\": \\\"red\\\", \\\"raise_exception\\\": 1, \\\"__frappe_exc_id\\\": \\\"caa3f14340161434ef268d9be1297c51b1a5665877db5381bf6a827f\\\"}\"]"}
--------------------------------------------------------------------------------
[2026-04-20 11:44:19] INFO: ASN ASN-0001 Carton CNWH12858: Assigned=Received, Actual=Received, ReceivedQty=50
[2026-04-20 11:44:19] INFO: ASN ASN-0001 Carton CNWH12854: Assigned=Received, Actual=Received, ReceivedQty=50
[2026-04-20 11:44:19] INFO: ASN ASN-0001 Carton CNWH15390: Assigned=Received, Actual=Received, ReceivedQty=50
[2026-04-20 11:44:19] INFO: ASN ASN-0001 Carton CNWH42441: Assigned=Received, Actual=Received, ReceivedQty=50
[2026-04-20 11:44:19] INFO: ASN ASN-0001 Carton CNWH64571: Assigned=Received, Actual=Received, ReceivedQty=50
[2026-04-20 11:44:19] INFO: ASN ASN-0001 Carton CNWH64521: Assigned=Received, Actual=Received, ReceivedQty=50
[2026-04-20 11:44:19] INFO: ASN ASN-0001 Carton CNWH63561: Assigned=Received, Actual=Received, ReceivedQty=50
[2026-04-20 11:44:19] INFO: ASN ASN-0001 Carton CNWH63609: Assigned=Received, Actual=Received, ReceivedQty=50
[2026-04-20 11:44:19] INFO: ASN ASN-0002 Carton CTN-5550: Assigned=Assigned, Actual=Assigned, ReceivedQty=0
[2026-04-20 11:44:19] INFO: ASN ASN-0002 Carton CTN-5550: Assigned=Assigned, Actual=Assigned, ReceivedQty=0
[2026-04-20 11:44:19] INFO: ASN ASN-0002 Carton CTN-5550: Assigned=Assigned, Actual=Assigned, ReceivedQty=0
[2026-04-20 11:44:19] INFO: ASN ASN-0004 Carton CTN-5550: Assigned=Assigned, Actual=Assigned, ReceivedQty=0
[2026-04-20 11:44:19] INFO: ASN ASN-0004 Carton CTN-5550: Assigned=Assigned, Actual=Assigned, ReceivedQty=0
[2026-04-20 11:44:19] INFO: ASN ASN-0004 Carton CTN-5550: Assigned=Assigned, Actual=Assigned, ReceivedQty=0
[2026-04-20 11:44:19] INFO: ASN ASN-0005 Carton CTN-5550: Assigned=Assigned, Actual=Assigned, ReceivedQty=0
[2026-04-20 11:44:19] INFO: ASN ASN-0005 Carton CTN-5550: Assigned=Assigned, Actual=Assigned, ReceivedQty=0
[2026-04-20 11:44:19] INFO: ASN ASN-0005 Carton CTN-5550: Assigned=Assigned, Actual=Assigned, ReceivedQty=0
[2026-04-20 11:44:19] INFO: ASN ASN-0006 Carton CTN-5550: Assigned=Assigned, Actual=Assigned, ReceivedQty=0
[2026-04-20 11:44:19] INFO: ASN ASN-0006 Carton CTN-5550: Assigned=Assigned, Actual=Assigned, ReceivedQty=0
[2026-04-20 11:44:19] INFO: ASN ASN-0006 Carton CTN-5550: Assigned=Assigned, Actual=Assigned, ReceivedQty=0
[2026-04-20 11:44:28] INFO: PurchaseOrderListView: Loaded event fired, refreshing data
[2026-04-20 11:44:28] INFO: PurchaseOrderListView: Calling RefreshAsync on ViewModel
[2026-04-20 11:44:28] INFO: Loading Purchase Orders from database...
[2026-04-20 11:44:28] INFO: Loaded 0 Purchase Orders from database
[2026-04-20 11:44:28] INFO: PurchaseOrderListViewModel: Loaded 0 Purchase Orders from database
[2026-04-20 11:44:28] INFO: PurchaseOrderListView: RefreshAsync completed
[2026-04-20 11:44:29] INFO: ASN ASN-0001 Carton CNWH12858: Assigned=Received, Actual=Received, ReceivedQty=50
[2026-04-20 11:44:29] INFO: ASN ASN-0001 Carton CNWH12854: Assigned=Received, Actual=Received, ReceivedQty=50
[2026-04-20 11:44:29] INFO: ASN ASN-0001 Carton CNWH15390: Assigned=Received, Actual=Received, ReceivedQty=50
[2026-04-20 11:44:29] INFO: ASN ASN-0001 Carton CNWH42441: Assigned=Received, Actual=Received, ReceivedQty=50
[2026-04-20 11:44:29] INFO: ASN ASN-0001 Carton CNWH64571: Assigned=Received, Actual=Received, ReceivedQty=50
[2026-04-20 11:44:29] INFO: ASN ASN-0001 Carton CNWH64521: Assigned=Received, Actual=Received, ReceivedQty=50
[2026-04-20 11:44:29] INFO: ASN ASN-0001 Carton CNWH63561: Assigned=Received, Actual=Received, ReceivedQty=50
[2026-04-20 11:44:29] INFO: ASN ASN-0001 Carton CNWH63609: Assigned=Received, Actual=Received, ReceivedQty=50
[2026-04-20 11:44:29] INFO: ASN ASN-0002 Carton CTN-5550: Assigned=Assigned, Actual=Assigned, ReceivedQty=0
[2026-04-20 11:44:29] INFO: ASN ASN-0002 Carton CTN-5550: Assigned=Assigned, Actual=Assigned, ReceivedQty=0
[2026-04-20 11:44:29] INFO: ASN ASN-0002 Carton CTN-5550: Assigned=Assigned, Actual=Assigned, ReceivedQty=0
[2026-04-20 11:44:29] INFO: ASN ASN-0004 Carton CTN-5550: Assigned=Assigned, Actual=Assigned, ReceivedQty=0
[2026-04-20 11:44:29] INFO: ASN ASN-0004 Carton CTN-5550: Assigned=Assigned, Actual=Assigned, ReceivedQty=0
[2026-04-20 11:44:29] INFO: ASN ASN-0004 Carton CTN-5550: Assigned=Assigned, Actual=Assigned, ReceivedQty=0
[2026-04-20 11:44:29] INFO: ASN ASN-0005 Carton CTN-5550: Assigned=Assigned, Actual=Assigned, ReceivedQty=0
[2026-04-20 11:44:29] INFO: ASN ASN-0005 Carton CTN-5550: Assigned=Assigned, Actual=Assigned, ReceivedQty=0
[2026-04-20 11:44:29] INFO: ASN ASN-0005 Carton CTN-5550: Assigned=Assigned, Actual=Assigned, ReceivedQty=0
[2026-04-20 11:44:29] INFO: ASN ASN-0006 Carton CTN-5550: Assigned=Assigned, Actual=Assigned, ReceivedQty=0
[2026-04-20 11:44:29] INFO: ASN ASN-0006 Carton CTN-5550: Assigned=Assigned, Actual=Assigned, ReceivedQty=0
[2026-04-20 11:44:29] INFO: ASN ASN-0006 Carton CTN-5550: Assigned=Assigned, Actual=Assigned, ReceivedQty=0
[2026-04-20 11:44:33] INFO: ASN ASN-0001 Carton CNWH12858: Assigned=Received, Actual=Received, ReceivedQty=50
[2026-04-20 11:44:33] INFO: ASN ASN-0001 Carton CNWH12854: Assigned=Received, Actual=Received, ReceivedQty=50
[2026-04-20 11:44:33] INFO: ASN ASN-0001 Carton CNWH15390: Assigned=Received, Actual=Received, ReceivedQty=50
[2026-04-20 11:44:33] INFO: ASN ASN-0001 Carton CNWH42441: Assigned=Received, Actual=Received, ReceivedQty=50
[2026-04-20 11:44:33] INFO: ASN ASN-0001 Carton CNWH64571: Assigned=Received, Actual=Received, ReceivedQty=50
[2026-04-20 11:44:33] INFO: ASN ASN-0001 Carton CNWH64521: Assigned=Received, Actual=Received, ReceivedQty=50
[2026-04-20 11:44:33] INFO: ASN ASN-0001 Carton CNWH63561: Assigned=Received, Actual=Received, ReceivedQty=50
[2026-04-20 11:44:33] INFO: ASN ASN-0001 Carton CNWH63609: Assigned=Received, Actual=Received, ReceivedQty=50
[2026-04-20 11:44:33] INFO: ASN ASN-0002 Carton CTN-5550: Assigned=Assigned, Actual=Assigned, ReceivedQty=0
[2026-04-20 11:44:33] INFO: ASN ASN-0002 Carton CTN-5550: Assigned=Assigned, Actual=Assigned, ReceivedQty=0
[2026-04-20 11:44:33] INFO: ASN ASN-0002 Carton CTN-5550: Assigned=Assigned, Actual=Assigned, ReceivedQty=0
[2026-04-20 11:44:33] INFO: ASN ASN-0004 Carton CTN-5550: Assigned=Assigned, Actual=Assigned, ReceivedQty=0
[2026-04-20 11:44:33] INFO: ASN ASN-0004 Carton CTN-5550: Assigned=Assigned, Actual=Assigned, ReceivedQty=0
[2026-04-20 11:44:33] INFO: ASN ASN-0004 Carton CTN-5550: Assigned=Assigned, Actual=Assigned, ReceivedQty=0
[2026-04-20 11:44:33] INFO: ASN ASN-0005 Carton CTN-5550: Assigned=Assigned, Actual=Assigned, ReceivedQty=0
[2026-04-20 11:44:33] INFO: ASN ASN-0005 Carton CTN-5550: Assigned=Assigned, Actual=Assigned, ReceivedQty=0
[2026-04-20 11:44:33] INFO: ASN ASN-0005 Carton CTN-5550: Assigned=Assigned, Actual=Assigned, ReceivedQty=0
[2026-04-20 11:44:33] INFO: ASN ASN-0006 Carton CTN-5550: Assigned=Assigned, Actual=Assigned, ReceivedQty=0
[2026-04-20 11:44:33] INFO: ASN ASN-0006 Carton CTN-5550: Assigned=Assigned, Actual=Assigned, ReceivedQty=0
[2026-04-20 11:44:33] INFO: ASN ASN-0006 Carton CTN-5550: Assigned=Assigned, Actual=Assigned, ReceivedQty=0
[2026-04-20 11:44:33] INFO: ASN ASN-0001 Carton CNWH12858: Assigned=Received, Actual=Received, ReceivedQty=50
[2026-04-20 11:44:33] INFO: ASN ASN-0001 Carton CNWH12854: Assigned=Received, Actual=Received, ReceivedQty=50
[2026-04-20 11:44:33] INFO: ASN ASN-0001 Carton CNWH15390: Assigned=Received, Actual=Received, ReceivedQty=50
[2026-04-20 11:44:33] INFO: ASN ASN-0001 Carton CNWH42441: Assigned=Received, Actual=Received, ReceivedQty=50
[2026-04-20 11:44:33] INFO: ASN ASN-0001 Carton CNWH64571: Assigned=Received, Actual=Received, ReceivedQty=50
[2026-04-20 11:44:33] INFO: ASN ASN-0001 Carton CNWH64521: Assigned=Received, Actual=Received, ReceivedQty=50
[2026-04-20 11:44:33] INFO: ASN ASN-0001 Carton CNWH63561: Assigned=Received, Actual=Received, ReceivedQty=50
[2026-04-20 11:44:33] INFO: ASN ASN-0001 Carton CNWH63609: Assigned=Received, Actual=Received, ReceivedQty=50
[2026-04-20 11:44:33] INFO: ASN ASN-0002 Carton CTN-5550: Assigned=Assigned, Actual=Assigned, ReceivedQty=0
[2026-04-20 11:44:33] INFO: ASN ASN-0002 Carton CTN-5550: Assigned=Assigned, Actual=Assigned, ReceivedQty=0
[2026-04-20 11:44:33] INFO: ASN ASN-0002 Carton CTN-5550: Assigned=Assigned, Actual=Assigned, ReceivedQty=0
[2026-04-20 11:44:33] INFO: ASN ASN-0004 Carton CTN-5550: Assigned=Assigned, Actual=Assigned, ReceivedQty=0
[2026-04-20 11:44:33] INFO: ASN ASN-0004 Carton CTN-5550: Assigned=Assigned, Actual=Assigned, ReceivedQty=0
[2026-04-20 11:44:33] INFO: ASN ASN-0004 Carton CTN-5550: Assigned=Assigned, Actual=Assigned, ReceivedQty=0
[2026-04-20 11:44:33] INFO: ASN ASN-0005 Carton CTN-5550: Assigned=Assigned, Actual=Assigned, ReceivedQty=0
[2026-04-20 11:44:33] INFO: ASN ASN-0005 Carton CTN-5550: Assigned=Assigned, Actual=Assigned, ReceivedQty=0
[2026-04-20 11:44:33] INFO: ASN ASN-0005 Carton CTN-5550: Assigned=Assigned, Actual=Assigned, ReceivedQty=0
[2026-04-20 11:44:33] INFO: ASN ASN-0006 Carton CTN-5550: Assigned=Assigned, Actual=Assigned, ReceivedQty=0
[2026-04-20 11:44:33] INFO: ASN ASN-0006 Carton CTN-5550: Assigned=Assigned, Actual=Assigned, ReceivedQty=0
[2026-04-20 11:44:33] INFO: ASN ASN-0006 Carton CTN-5550: Assigned=Assigned, Actual=Assigned, ReceivedQty=0
[2026-04-20 11:44:35] INFO: ErpNextWmsSyncApiService: Pushing ASN received qty for ASN-0001, 8 line(s) (aggregated by item). Item codes: [247775:50, 247787:50, 269151:50, 269152:50, 320125:50, 320126:50, 320127:50, 320129:50], to http://printechsdammam.dyndns.org:88/api/method/printechs_wms.api.asn_receiving.update_asn_received_qty
[2026-04-20 11:44:35] ERROR: ErpNextWmsSyncApiService: ASN received qty API returned ExpectationFailed: {"exception":"frappe.exceptions.ValidationError: WMS ASN not found: ASN-0001","exc_type":"ValidationError","_exc_source":"printechs_wms (app)","exc":"[\"Traceback (most recent call last):\\n  File \\\"apps/frappe/frappe/app.py\\\", line 120, in application\\n    response = frappe.api.handle(request)\\n               ^^^^^^^^^^^^^^^^^^^^^^^^^^\\n  File \\\"apps/frappe/frappe/api/__init__.py\\\", line 52, in handle\\n    data = endpoint(**arguments)\\n           ^^^^^^^^^^^^^^^^^^^^^\\n  File \\\"apps/frappe/frappe/api/v1.py\\\", line 40, in handle_rpc_call\\n    return frappe.handler.handle()\\n           ^^^^^^^^^^^^^^^^^^^^^^^\\n  File \\\"apps/frappe/frappe/handler.py\\\", line 52, in handle\\n    data = execute_cmd(cmd)\\n           ^^^^^^^^^^^^^^^^\\n  File \\\"apps/frappe/frappe/handler.py\\\", line 85, in execute_cmd\\n    return frappe.call(method, **frappe.form_dict)\\n           ^^^^^^^^^^^^^^^^^^^^^^^^^^^^^^^^^^^^^^^\\n  File \\\"apps/frappe/frappe/__init__.py\\\", line 1754, in call\\n    return fn(*args, **newargs)\\n           ^^^^^^^^^^^^^^^^^^^^\\n  File \\\"apps/frappe/frappe/utils/typing_validations.py\\\", line 32, in wrapper\\n    return func(*args, **kwargs)\\n           ^^^^^^^^^^^^^^^^^^^^^\\n  File \\\"apps/printechs_wms/printechs_wms/api/asn_receiving.py\\\", line 224, in update_asn_received_qty\\n    frappe.throw(_(\\\"{0} not found: {1}\\\").format(ASN_DOCTYPE, asn_no))\\n  File \\\"apps/frappe/frappe/__init__.py\\\", line 609, in throw\\n    msgprint(\\n  File \\\"apps/frappe/frappe/__init__.py\\\", line 574, in msgprint\\n    _raise_exception()\\n  File \\\"apps/frappe/frappe/__init__.py\\\", line 525, in _raise_exception\\n    raise exc\\nfrappe.exceptions.ValidationError: WMS ASN not found: ASN-0001\\n\"]","_server_messages":"[\"{\\\"message\\\": \\\"WMS ASN not found: ASN-0001\\\", \\\"title\\\": \\\"Message\\\", \\\"indicator\\\": \\\"red\\\", \\\"raise_exception\\\": 1, \\\"__frappe_exc_id\\\": \\\"0d559c10391acf1785ccacba999dd2fd481294e07a911b857cea766f\\\"}\"]"}
--------------------------------------------------------------------------------
[2026-04-20 11:48:02] INFO: ASN ASN-0001 Carton CNWH12858: Assigned=Received, Actual=Received, ReceivedQty=50
[2026-04-20 11:48:02] INFO: ASN ASN-0001 Carton CNWH12854: Assigned=Received, Actual=Received, ReceivedQty=50
[2026-04-20 11:48:02] INFO: ASN ASN-0001 Carton CNWH15390: Assigned=Received, Actual=Received, ReceivedQty=50
[2026-04-20 11:48:02] INFO: ASN ASN-0001 Carton CNWH42441: Assigned=Received, Actual=Received, ReceivedQty=50
[2026-04-20 11:48:02] INFO: ASN ASN-0001 Carton CNWH64571: Assigned=Received, Actual=Received, ReceivedQty=50
[2026-04-20 11:48:02] INFO: ASN ASN-0001 Carton CNWH64521: Assigned=Received, Actual=Received, ReceivedQty=50
[2026-04-20 11:48:02] INFO: ASN ASN-0001 Carton CNWH63561: Assigned=Received, Actual=Received, ReceivedQty=50
[2026-04-20 11:48:02] INFO: ASN ASN-0001 Carton CNWH63609: Assigned=Received, Actual=Received, ReceivedQty=50
[2026-04-20 11:48:02] INFO: ASN ASN-0002 Carton CTN-5550: Assigned=Assigned, Actual=Assigned, ReceivedQty=0
[2026-04-20 11:48:02] INFO: ASN ASN-0002 Carton CTN-5550: Assigned=Assigned, Actual=Assigned, ReceivedQty=0
[2026-04-20 11:48:02] INFO: ASN ASN-0002 Carton CTN-5550: Assigned=Assigned, Actual=Assigned, ReceivedQty=0
[2026-04-20 11:48:02] INFO: ASN ASN-0004 Carton CTN-5550: Assigned=Assigned, Actual=Assigned, ReceivedQty=0
[2026-04-20 11:48:02] INFO: ASN ASN-0004 Carton CTN-5550: Assigned=Assigned, Actual=Assigned, ReceivedQty=0
[2026-04-20 11:48:02] INFO: ASN ASN-0004 Carton CTN-5550: Assigned=Assigned, Actual=Assigned, ReceivedQty=0
[2026-04-20 11:48:02] INFO: ASN ASN-0005 Carton CTN-5550: Assigned=Assigned, Actual=Assigned, ReceivedQty=0
[2026-04-20 11:48:02] INFO: ASN ASN-0005 Carton CTN-5550: Assigned=Assigned, Actual=Assigned, ReceivedQty=0
[2026-04-20 11:48:02] INFO: ASN ASN-0005 Carton CTN-5550: Assigned=Assigned, Actual=Assigned, ReceivedQty=0
[2026-04-20 11:48:02] INFO: ASN ASN-0006 Carton CTN-5550: Assigned=Assigned, Actual=Assigned, ReceivedQty=0
[2026-04-20 11:48:02] INFO: ASN ASN-0006 Carton CTN-5550: Assigned=Assigned, Actual=Assigned, ReceivedQty=0
[2026-04-20 11:48:02] INFO: ASN ASN-0006 Carton CTN-5550: Assigned=Assigned, Actual=Assigned, ReceivedQty=0
[2026-04-20 11:48:03] INFO: ASN ASN-0001 Carton CNWH12858: Assigned=Received, Actual=Received, ReceivedQty=50
[2026-04-20 11:48:03] INFO: ASN ASN-0001 Carton CNWH12854: Assigned=Received, Actual=Received, ReceivedQty=50
[2026-04-20 11:48:03] INFO: ASN ASN-0001 Carton CNWH15390: Assigned=Received, Actual=Received, ReceivedQty=50
[2026-04-20 11:48:03] INFO: ASN ASN-0001 Carton CNWH42441: Assigned=Received, Actual=Received, ReceivedQty=50
[2026-04-20 11:48:03] INFO: ASN ASN-0001 Carton CNWH64571: Assigned=Received, Actual=Received, ReceivedQty=50
[2026-04-20 11:48:03] INFO: ASN ASN-0001 Carton CNWH64521: Assigned=Received, Actual=Received, ReceivedQty=50
[2026-04-20 11:48:03] INFO: ASN ASN-0001 Carton CNWH63561: Assigned=Received, Actual=Received, ReceivedQty=50
[2026-04-20 11:48:03] INFO: ASN ASN-0001 Carton CNWH63609: Assigned=Received, Actual=Received, ReceivedQty=50
[2026-04-20 11:48:03] INFO: ASN ASN-0002 Carton CTN-5550: Assigned=Assigned, Actual=Assigned, ReceivedQty=0
[2026-04-20 11:48:03] INFO: ASN ASN-0002 Carton CTN-5550: Assigned=Assigned, Actual=Assigned, ReceivedQty=0
[2026-04-20 11:48:03] INFO: ASN ASN-0002 Carton CTN-5550: Assigned=Assigned, Actual=Assigned, ReceivedQty=0
[2026-04-20 11:48:03] INFO: ASN ASN-0004 Carton CTN-5550: Assigned=Assigned, Actual=Assigned, ReceivedQty=0
[2026-04-20 11:48:03] INFO: ASN ASN-0004 Carton CTN-5550: Assigned=Assigned, Actual=Assigned, ReceivedQty=0
[2026-04-20 11:48:03] INFO: ASN ASN-0004 Carton CTN-5550: Assigned=Assigned, Actual=Assigned, ReceivedQty=0
[2026-04-20 11:48:03] INFO: ASN ASN-0005 Carton CTN-5550: Assigned=Assigned, Actual=Assigned, ReceivedQty=0
[2026-04-20 11:48:03] INFO: ASN ASN-0005 Carton CTN-5550: Assigned=Assigned, Actual=Assigned, ReceivedQty=0
[2026-04-20 11:48:03] INFO: ASN ASN-0005 Carton CTN-5550: Assigned=Assigned, Actual=Assigned, ReceivedQty=0
[2026-04-20 11:48:03] INFO: ASN ASN-0006 Carton CTN-5550: Assigned=Assigned, Actual=Assigned, ReceivedQty=0
[2026-04-20 11:48:03] INFO: ASN ASN-0006 Carton CTN-5550: Assigned=Assigned, Actual=Assigned, ReceivedQty=0
[2026-04-20 11:48:03] INFO: ASN ASN-0006 Carton CTN-5550: Assigned=Assigned, Actual=Assigned, ReceivedQty=0
[2026-04-20 11:48:04] INFO: ErpNextWmsSyncApiService: Pushing ASN received qty for ASN-0001, 8 line(s) (aggregated by item). Item codes: [247775:50, 247787:50, 269151:50, 269152:50, 320125:50, 320126:50, 320127:50, 320129:50], to http://printechsdammam.dyndns.org:88/api/method/printechs_wms.api.asn_receiving.update_asn_received_qty
[2026-04-20 11:48:04] INFO: ErpNextWmsSyncApiService: ASN received qty updated successfully.
[2026-04-20 11:48:04] INFO: ErpNextWmsSyncApiService: Creating Purchase Receipt for ASN ASN-0001, warehouse Main Warehouse - MAATC, 8 line(s). Item codes: [247775:50, 247787:50, 269151:50, 269152:50, 320125:50, 320126:50, 320127:50, 320129:50]
[2026-04-20 11:48:07] INFO: ErpNextWmsSyncApiService: Create Purchase Receipt succeeded. Purchase Receipt: MAT-PRE-2026-00004
[2026-04-20 11:48:07] INFO: AsnDataService: SetAsnPurchaseReceiptNo saved MAT-PRE-2026-00004 for ASN ASN-0001.
[2026-04-20 11:48:07] INFO: ASN ASN-0001 Carton CNWH12858: Assigned=Received, Actual=Received, ReceivedQty=50
[2026-04-20 11:48:07] INFO: ASN ASN-0001 Carton CNWH12854: Assigned=Received, Actual=Received, ReceivedQty=50
[2026-04-20 11:48:07] INFO: ASN ASN-0001 Carton CNWH15390: Assigned=Received, Actual=Received, ReceivedQty=50
[2026-04-20 11:48:07] INFO: ASN ASN-0001 Carton CNWH42441: Assigned=Received, Actual=Received, ReceivedQty=50
[2026-04-20 11:48:07] INFO: ASN ASN-0001 Carton CNWH64571: Assigned=Received, Actual=Received, ReceivedQty=50
[2026-04-20 11:48:07] INFO: ASN ASN-0001 Carton CNWH64521: Assigned=Received, Actual=Received, ReceivedQty=50
[2026-04-20 11:48:07] INFO: ASN ASN-0001 Carton CNWH63561: Assigned=Received, Actual=Received, ReceivedQty=50
[2026-04-20 11:48:07] INFO: ASN ASN-0001 Carton CNWH63609: Assigned=Received, Actual=Received, ReceivedQty=50
[2026-04-20 11:48:07] INFO: ASN ASN-0002 Carton CTN-5550: Assigned=Assigned, Actual=Assigned, ReceivedQty=0
[2026-04-20 11:48:07] INFO: ASN ASN-0002 Carton CTN-5550: Assigned=Assigned, Actual=Assigned, ReceivedQty=0
[2026-04-20 11:48:07] INFO: ASN ASN-0002 Carton CTN-5550: Assigned=Assigned, Actual=Assigned, ReceivedQty=0
[2026-04-20 11:48:07] INFO: ASN ASN-0004 Carton CTN-5550: Assigned=Assigned, Actual=Assigned, ReceivedQty=0
[2026-04-20 11:48:07] INFO: ASN ASN-0004 Carton CTN-5550: Assigned=Assigned, Actual=Assigned, ReceivedQty=0
[2026-04-20 11:48:07] INFO: ASN ASN-0004 Carton CTN-5550: Assigned=Assigned, Actual=Assigned, ReceivedQty=0
[2026-04-20 11:48:07] INFO: ASN ASN-0005 Carton CTN-5550: Assigned=Assigned, Actual=Assigned, ReceivedQty=0
[2026-04-20 11:48:07] INFO: ASN ASN-0005 Carton CTN-5550: Assigned=Assigned, Actual=Assigned, ReceivedQty=0
[2026-04-20 11:48:07] INFO: ASN ASN-0005 Carton CTN-5550: Assigned=Assigned, Actual=Assigned, ReceivedQty=0
[2026-04-20 11:48:07] INFO: ASN ASN-0006 Carton CTN-5550: Assigned=Assigned, Actual=Assigned, ReceivedQty=0
[2026-04-20 11:48:07] INFO: ASN ASN-0006 Carton CTN-5550: Assigned=Assigned, Actual=Assigned, ReceivedQty=0
[2026-04-20 11:48:07] INFO: ASN ASN-0006 Carton CTN-5550: Assigned=Assigned, Actual=Assigned, ReceivedQty=0
[2026-04-20 11:48:09] INFO: ASN ASN-0001 Carton CNWH12858: Assigned=Received, Actual=Received, ReceivedQty=50
[2026-04-20 11:48:09] INFO: ASN ASN-0001 Carton CNWH12854: Assigned=Received, Actual=Received, ReceivedQty=50
[2026-04-20 11:48:09] INFO: ASN ASN-0001 Carton CNWH15390: Assigned=Received, Actual=Received, ReceivedQty=50
[2026-04-20 11:48:09] INFO: ASN ASN-0001 Carton CNWH42441: Assigned=Received, Actual=Received, ReceivedQty=50
[2026-04-20 11:48:09] INFO: ASN ASN-0001 Carton CNWH64571: Assigned=Received, Actual=Received, ReceivedQty=50
[2026-04-20 11:48:09] INFO: ASN ASN-0001 Carton CNWH64521: Assigned=Received, Actual=Received, ReceivedQty=50
[2026-04-20 11:48:09] INFO: ASN ASN-0001 Carton CNWH63561: Assigned=Received, Actual=Received, ReceivedQty=50
[2026-04-20 11:48:09] INFO: ASN ASN-0001 Carton CNWH63609: Assigned=Received, Actual=Received, ReceivedQty=50
[2026-04-20 11:48:09] INFO: ASN ASN-0002 Carton CTN-5550: Assigned=Assigned, Actual=Assigned, ReceivedQty=0
[2026-04-20 11:48:09] INFO: ASN ASN-0002 Carton CTN-5550: Assigned=Assigned, Actual=Assigned, ReceivedQty=0
[2026-04-20 11:48:09] INFO: ASN ASN-0002 Carton CTN-5550: Assigned=Assigned, Actual=Assigned, ReceivedQty=0
[2026-04-20 11:48:09] INFO: ASN ASN-0004 Carton CTN-5550: Assigned=Assigned, Actual=Assigned, ReceivedQty=0
[2026-04-20 11:48:09] INFO: ASN ASN-0004 Carton CTN-5550: Assigned=Assigned, Actual=Assigned, ReceivedQty=0
[2026-04-20 11:48:09] INFO: ASN ASN-0004 Carton CTN-5550: Assigned=Assigned, Actual=Assigned, ReceivedQty=0
[2026-04-20 11:48:09] INFO: ASN ASN-0005 Carton CTN-5550: Assigned=Assigned, Actual=Assigned, ReceivedQty=0
[2026-04-20 11:48:09] INFO: ASN ASN-0005 Carton CTN-5550: Assigned=Assigned, Actual=Assigned, ReceivedQty=0
[2026-04-20 11:48:09] INFO: ASN ASN-0005 Carton CTN-5550: Assigned=Assigned, Actual=Assigned, ReceivedQty=0
[2026-04-20 11:48:09] INFO: ASN ASN-0006 Carton CTN-5550: Assigned=Assigned, Actual=Assigned, ReceivedQty=0
[2026-04-20 11:48:09] INFO: ASN ASN-0006 Carton CTN-5550: Assigned=Assigned, Actual=Assigned, ReceivedQty=0
[2026-04-20 11:48:09] INFO: ASN ASN-0006 Carton CTN-5550: Assigned=Assigned, Actual=Assigned, ReceivedQty=0
[2026-04-20 11:48:17] INFO: TransferCartonListView: Loaded event fired
[2026-04-20 11:48:17] INFO: TransferCartonListView: Calling RefreshAsync on ViewModel
[2026-04-20 11:48:17] INFO: TransferCartonListViewModel: Starting to load transfer cartons
[2026-04-20 11:48:17] INFO: Loading Transfer Cartons from database...
[2026-04-20 11:48:17] INFO: TransferCartonDataService: Starting schema detection
[2026-04-20 11:48:17] INFO: TransferCartonDataService: Found column 'asn_no'
[2026-04-20 11:48:17] INFO: TransferCartonDataService: Found column 'to_no'
[2026-04-20 11:48:17] INFO: TransferCartonDataService: Returning - AsnColumn=asn_no, ToColumn=to_no
[2026-04-20 11:48:17] INFO: Detected schema: AsnColumn=asn_no, ToColumn=to_no
[2026-04-20 11:48:17] INFO: Executing query: SELECT tc_id, status, asn_no, to_no, store, 
                               created_by, created_on, sealed_by, sealed_on, dispatched_on, remarks,
                               purchase_receipt_no, purchase_receipt_docstatus, purchase_receipt_created, purchase_receipt_submitted,
                               warehouse_transfer_no, warehouse_transfer_created
                        FROM tabTransferCarton
                        ORDER BY created_on DESC, tc_id
[2026-04-20 11:48:17] INFO: Loaded 1 transfer cartons from database
[2026-04-20 11:48:17] INFO: TransferCartonListViewModel: Received 1 transfer cartons from service
[2026-04-20 11:48:17] INFO: TransferCartonListViewModel: Added 1 transfer cartons to collection
[2026-04-20 11:48:17] INFO: TransferCartonListView: RefreshAsync completed
[2026-04-20 11:48:18] INFO: TransferCartonDetailViewModel: Loading data for TC-0001-1776588077596
[2026-04-20 11:48:18] INFO: ASN ASN-0001 Carton CNWH12858: Assigned=Received, Actual=Received, ReceivedQty=50
[2026-04-20 11:48:18] INFO: ASN ASN-0001 Carton CNWH12854: Assigned=Received, Actual=Received, ReceivedQty=50
[2026-04-20 11:48:18] INFO: ASN ASN-0001 Carton CNWH15390: Assigned=Received, Actual=Received, ReceivedQty=50
[2026-04-20 11:48:18] INFO: ASN ASN-0001 Carton CNWH42441: Assigned=Received, Actual=Received, ReceivedQty=50
[2026-04-20 11:48:18] INFO: ASN ASN-0001 Carton CNWH64571: Assigned=Received, Actual=Received, ReceivedQty=50
[2026-04-20 11:48:18] INFO: ASN ASN-0001 Carton CNWH64521: Assigned=Received, Actual=Received, ReceivedQty=50
[2026-04-20 11:48:18] INFO: ASN ASN-0001 Carton CNWH63561: Assigned=Received, Actual=Received, ReceivedQty=50
[2026-04-20 11:48:18] INFO: ASN ASN-0001 Carton CNWH63609: Assigned=Received, Actual=Received, ReceivedQty=50
[2026-04-20 11:48:18] INFO: ASN ASN-0002 Carton CTN-5550: Assigned=Assigned, Actual=Assigned, ReceivedQty=0
[2026-04-20 11:48:18] INFO: ASN ASN-0002 Carton CTN-5550: Assigned=Assigned, Actual=Assigned, ReceivedQty=0
[2026-04-20 11:48:18] INFO: ASN ASN-0002 Carton CTN-5550: Assigned=Assigned, Actual=Assigned, ReceivedQty=0
[2026-04-20 11:48:18] INFO: ASN ASN-0004 Carton CTN-5550: Assigned=Assigned, Actual=Assigned, ReceivedQty=0
[2026-04-20 11:48:18] INFO: ASN ASN-0004 Carton CTN-5550: Assigned=Assigned, Actual=Assigned, ReceivedQty=0
[2026-04-20 11:48:18] INFO: ASN ASN-0004 Carton CTN-5550: Assigned=Assigned, Actual=Assigned, ReceivedQty=0
[2026-04-20 11:48:18] INFO: ASN ASN-0005 Carton CTN-5550: Assigned=Assigned, Actual=Assigned, ReceivedQty=0
[2026-04-20 11:48:18] INFO: ASN ASN-0005 Carton CTN-5550: Assigned=Assigned, Actual=Assigned, ReceivedQty=0
[2026-04-20 11:48:18] INFO: ASN ASN-0005 Carton CTN-5550: Assigned=Assigned, Actual=Assigned, ReceivedQty=0
[2026-04-20 11:48:18] INFO: ASN ASN-0006 Carton CTN-5550: Assigned=Assigned, Actual=Assigned, ReceivedQty=0
[2026-04-20 11:48:18] INFO: ASN ASN-0006 Carton CTN-5550: Assigned=Assigned, Actual=Assigned, ReceivedQty=0
[2026-04-20 11:48:18] INFO: ASN ASN-0006 Carton CTN-5550: Assigned=Assigned, Actual=Assigned, ReceivedQty=0
[2026-04-20 11:48:18] INFO: TransferCartonDetailViewModel: Loaded ASN ASN-0001
[2026-04-20 11:48:18] INFO: TransferCartonDetailViewModel: Loaded Transfer Order WMS-TO-00001
[2026-04-20 11:48:18] INFO: TransferCartonService: Loading contents for transfer carton TC-0001-1776588077596
[2026-04-20 11:48:18] INFO: TransferCartonService: Executing query with tc_id = 'TC-0001-1776588077596'
[2026-04-20 11:48:18] INFO: TransferCartonService: SQL = SELECT 
                            item_code,
                            carton_id AS source_carton,
                            SUM(qty) AS quantity,
                            MAX(user_id) AS packed_by,
                            MAX(event_time) AS packed_on
                        FROM tabWmsScanEvent
                        WHERE tc_id = @tc_id
                        AND event_type IN ('PACK_BOX_TO_TC', 'PACK_ITEM_TO_TC')
                        AND item_code IS NOT NULL
                        AND item_code != ''
                        AND qty > 0
                        GROUP BY item_code, carton_id
                        ORDER BY packed_on DESC
[2026-04-20 11:48:18] INFO: TransferCartonService: Total events with tc_id = 'TC-0001-1776588077596': 0
[2026-04-20 11:48:18] INFO: TransferCartonService: Events with item_code: 0
[2026-04-20 11:48:18] INFO: TransferCartonService: PACK_BOX_TO_TC events: 0
[2026-04-20 11:48:18] INFO: TransferCartonService: Processed 0 rows from database
[2026-04-20 11:48:18] INFO: TransferCartonService: No events found with tc_id. Trying fallback: derive from boxes matching transfer carton criteria.
[2026-04-20 11:48:18] INFO: TransferCartonService: Transfer carton details - ASN: ASN-0001, TO: WMS-TO-00001, Store: 002-Unaizah-2
[2026-04-20 11:48:18] INFO: TransferCartonService: Found 1 boxes matching ASN=ASN-0001, TO=WMS-TO-00001, Store=002-Unaizah-2
[2026-04-20 11:48:18] INFO: TransferCartonService: Derived 7 items from 1 boxes
[2026-04-20 11:48:18] INFO: TransferCartonService: Found 7 unique items for transfer carton TC-0001-1776588077596
[2026-04-20 11:48:18] INFO: TransferCartonDetailViewModel: Loaded 7 items for transfer carton TC-0001-1776588077596
[2026-04-20 11:48:18] ERROR: ErpNextWmsSyncApiService: GetPrStatusForAsn returned Unauthorized: {"exception":"frappe.exceptions.AuthenticationError","exc_type":"AuthenticationError","exc":"[\"Traceback (most recent call last):\\n  File \\\"apps/frappe/frappe/app.py\\\", line 102, in application\\n    validate_auth()\\n  File \\\"apps/frappe/frappe/auth.py\\\", line 621, in validate_auth\\n    validate_auth_via_api_keys(authorization_header)\\n  File \\\"apps/frappe/frappe/auth.py\\\", line 687, in validate_auth_via_api_keys\\n    validate_api_key_secret(api_key, api_secret, authorization_source)\\n  File \\\"apps/frappe/frappe/auth.py\\\", line 707, in validate_api_key_secret\\n    raise frappe.AuthenticationError\\nfrappe.exceptions.AuthenticationError\\n\"]"}
--------------------------------------------------------------------------------
[2026-04-20 11:48:21] ERROR: ErpNextWmsSyncApiService: GetPrStatusForAsn returned Unauthorized: {"exception":"frappe.exceptions.AuthenticationError","exc_type":"AuthenticationError","exc":"[\"Traceback (most recent call last):\\n  File \\\"apps/frappe/frappe/app.py\\\", line 102, in application\\n    validate_auth()\\n  File \\\"apps/frappe/frappe/auth.py\\\", line 621, in validate_auth\\n    validate_auth_via_api_keys(authorization_header)\\n  File \\\"apps/frappe/frappe/auth.py\\\", line 687, in validate_auth_via_api_keys\\n    validate_api_key_secret(api_key, api_secret, authorization_source)\\n  File \\\"apps/frappe/frappe/auth.py\\\", line 707, in validate_api_key_secret\\n    raise frappe.AuthenticationError\\nfrappe.exceptions.AuthenticationError\\n\"]"}
--------------------------------------------------------------------------------
[2026-04-20 11:50:04] INFO: TransferCartonListView: Loaded event fired
[2026-04-20 11:50:04] INFO: TransferCartonListView: Calling RefreshAsync on ViewModel
[2026-04-20 11:50:04] INFO: TransferCartonListViewModel: Starting to load transfer cartons
[2026-04-20 11:50:04] INFO: Loading Transfer Cartons from database...
[2026-04-20 11:50:04] INFO: TransferCartonDataService: Starting schema detection
[2026-04-20 11:50:04] INFO: TransferCartonDataService: Found column 'asn_no'
[2026-04-20 11:50:04] INFO: TransferCartonDataService: Found column 'to_no'
[2026-04-20 11:50:04] INFO: TransferCartonDataService: Returning - AsnColumn=asn_no, ToColumn=to_no
[2026-04-20 11:50:04] INFO: Detected schema: AsnColumn=asn_no, ToColumn=to_no
[2026-04-20 11:50:04] INFO: Executing query: SELECT tc_id, status, asn_no, to_no, store, 
                               created_by, created_on, sealed_by, sealed_on, dispatched_on, remarks,
                               purchase_receipt_no, purchase_receipt_docstatus, purchase_receipt_created, purchase_receipt_submitted,
                               warehouse_transfer_no, warehouse_transfer_created
                        FROM tabTransferCarton
                        ORDER BY created_on DESC, tc_id
[2026-04-20 11:50:04] INFO: Loaded 1 transfer cartons from database
[2026-04-20 11:50:04] INFO: TransferCartonListViewModel: Received 1 transfer cartons from service
[2026-04-20 11:50:04] INFO: TransferCartonListViewModel: Added 1 transfer cartons to collection
[2026-04-20 11:50:04] INFO: TransferCartonListView: RefreshAsync completed
[2026-04-20 11:50:06] INFO: TransferCartonDetailViewModel: Loading data for TC-0001-1776588077596
[2026-04-20 11:50:06] INFO: ASN ASN-0001 Carton CNWH12858: Assigned=Received, Actual=Received, ReceivedQty=50
[2026-04-20 11:50:06] INFO: ASN ASN-0001 Carton CNWH12854: Assigned=Received, Actual=Received, ReceivedQty=50
[2026-04-20 11:50:06] INFO: ASN ASN-0001 Carton CNWH15390: Assigned=Received, Actual=Received, ReceivedQty=50
[2026-04-20 11:50:06] INFO: ASN ASN-0001 Carton CNWH42441: Assigned=Received, Actual=Received, ReceivedQty=50
[2026-04-20 11:50:06] INFO: ASN ASN-0001 Carton CNWH64571: Assigned=Received, Actual=Received, ReceivedQty=50
[2026-04-20 11:50:06] INFO: ASN ASN-0001 Carton CNWH64521: Assigned=Received, Actual=Received, ReceivedQty=50
[2026-04-20 11:50:06] INFO: ASN ASN-0001 Carton CNWH63561: Assigned=Received, Actual=Received, ReceivedQty=50
[2026-04-20 11:50:06] INFO: ASN ASN-0001 Carton CNWH63609: Assigned=Received, Actual=Received, ReceivedQty=50
[2026-04-20 11:50:06] INFO: ASN ASN-0002 Carton CTN-5550: Assigned=Assigned, Actual=Assigned, ReceivedQty=0
[2026-04-20 11:50:06] INFO: ASN ASN-0002 Carton CTN-5550: Assigned=Assigned, Actual=Assigned, ReceivedQty=0
[2026-04-20 11:50:06] INFO: ASN ASN-0002 Carton CTN-5550: Assigned=Assigned, Actual=Assigned, ReceivedQty=0
[2026-04-20 11:50:06] INFO: ASN ASN-0004 Carton CTN-5550: Assigned=Assigned, Actual=Assigned, ReceivedQty=0
[2026-04-20 11:50:06] INFO: ASN ASN-0004 Carton CTN-5550: Assigned=Assigned, Actual=Assigned, ReceivedQty=0
[2026-04-20 11:50:06] INFO: ASN ASN-0004 Carton CTN-5550: Assigned=Assigned, Actual=Assigned, ReceivedQty=0
[2026-04-20 11:50:06] INFO: ASN ASN-0005 Carton CTN-5550: Assigned=Assigned, Actual=Assigned, ReceivedQty=0
[2026-04-20 11:50:06] INFO: ASN ASN-0005 Carton CTN-5550: Assigned=Assigned, Actual=Assigned, ReceivedQty=0
[2026-04-20 11:50:06] INFO: ASN ASN-0005 Carton CTN-5550: Assigned=Assigned, Actual=Assigned, ReceivedQty=0
[2026-04-20 11:50:06] INFO: ASN ASN-0006 Carton CTN-5550: Assigned=Assigned, Actual=Assigned, ReceivedQty=0
[2026-04-20 11:50:06] INFO: ASN ASN-0006 Carton CTN-5550: Assigned=Assigned, Actual=Assigned, ReceivedQty=0
[2026-04-20 11:50:06] INFO: ASN ASN-0006 Carton CTN-5550: Assigned=Assigned, Actual=Assigned, ReceivedQty=0
[2026-04-20 11:50:06] INFO: TransferCartonDetailViewModel: Loaded ASN ASN-0001
[2026-04-20 11:50:06] INFO: TransferCartonDetailViewModel: Loaded Transfer Order WMS-TO-00001
[2026-04-20 11:50:06] INFO: TransferCartonService: Loading contents for transfer carton TC-0001-1776588077596
[2026-04-20 11:50:06] INFO: TransferCartonService: Executing query with tc_id = 'TC-0001-1776588077596'
[2026-04-20 11:50:06] INFO: TransferCartonService: SQL = SELECT 
                            item_code,
                            carton_id AS source_carton,
                            SUM(qty) AS quantity,
                            MAX(user_id) AS packed_by,
                            MAX(event_time) AS packed_on
                        FROM tabWmsScanEvent
                        WHERE tc_id = @tc_id
                        AND event_type IN ('PACK_BOX_TO_TC', 'PACK_ITEM_TO_TC')
                        AND item_code IS NOT NULL
                        AND item_code != ''
                        AND qty > 0
                        GROUP BY item_code, carton_id
                        ORDER BY packed_on DESC
[2026-04-20 11:50:06] INFO: TransferCartonService: Total events with tc_id = 'TC-0001-1776588077596': 0
[2026-04-20 11:50:06] INFO: TransferCartonService: Events with item_code: 0
[2026-04-20 11:50:06] INFO: TransferCartonService: PACK_BOX_TO_TC events: 0
[2026-04-20 11:50:06] INFO: TransferCartonService: Processed 0 rows from database
[2026-04-20 11:50:06] INFO: TransferCartonService: No events found with tc_id. Trying fallback: derive from boxes matching transfer carton criteria.
[2026-04-20 11:50:06] INFO: TransferCartonService: Transfer carton details - ASN: ASN-0001, TO: WMS-TO-00001, Store: 002-Unaizah-2
[2026-04-20 11:50:06] INFO: TransferCartonService: Found 1 boxes matching ASN=ASN-0001, TO=WMS-TO-00001, Store=002-Unaizah-2
[2026-04-20 11:50:06] INFO: TransferCartonService: Derived 7 items from 1 boxes
[2026-04-20 11:50:06] INFO: TransferCartonService: Found 7 unique items for transfer carton TC-0001-1776588077596
[2026-04-20 11:50:06] INFO: TransferCartonDetailViewModel: Loaded 7 items for transfer carton TC-0001-1776588077596
[2026-04-20 11:50:06] ERROR: ErpNextWmsSyncApiService: GetPrStatusForAsn returned Unauthorized: {"exception":"frappe.exceptions.AuthenticationError","exc_type":"AuthenticationError","exc":"[\"Traceback (most recent call last):\\n  File \\\"apps/frappe/frappe/app.py\\\", line 102, in application\\n    validate_auth()\\n  File \\\"apps/frappe/frappe/auth.py\\\", line 621, in validate_auth\\n    validate_auth_via_api_keys(authorization_header)\\n  File \\\"apps/frappe/frappe/auth.py\\\", line 687, in validate_auth_via_api_keys\\n    validate_api_key_secret(api_key, api_secret, authorization_source)\\n  File \\\"apps/frappe/frappe/auth.py\\\", line 707, in validate_api_key_secret\\n    raise frappe.AuthenticationError\\nfrappe.exceptions.AuthenticationError\\n\"]"}
--------------------------------------------------------------------------------
[2026-04-20 11:50:07] ERROR: ErpNextWmsSyncApiService: GetPrStatusForAsn returned Unauthorized: {"exception":"frappe.exceptions.AuthenticationError","exc_type":"AuthenticationError","exc":"[\"Traceback (most recent call last):\\n  File \\\"apps/frappe/frappe/app.py\\\", line 102, in application\\n    validate_auth()\\n  File \\\"apps/frappe/frappe/auth.py\\\", line 621, in validate_auth\\n    validate_auth_via_api_keys(authorization_header)\\n  File \\\"apps/frappe/frappe/auth.py\\\", line 687, in validate_auth_via_api_keys\\n    validate_api_key_secret(api_key, api_secret, authorization_source)\\n  File \\\"apps/frappe/frappe/auth.py\\\", line 707, in validate_api_key_secret\\n    raise frappe.AuthenticationError\\nfrappe.exceptions.AuthenticationError\\n\"]"}
--------------------------------------------------------------------------------
[2026-04-20 11:54:22] INFO: TransferCartonListView: Loaded event fired
[2026-04-20 11:54:22] INFO: TransferCartonListView: Calling RefreshAsync on ViewModel
[2026-04-20 11:54:22] INFO: TransferCartonListViewModel: Starting to load transfer cartons
[2026-04-20 11:54:22] INFO: Loading Transfer Cartons from database...
[2026-04-20 11:54:22] INFO: TransferCartonDataService: Starting schema detection
[2026-04-20 11:54:22] INFO: TransferCartonDataService: Found column 'asn_no'
[2026-04-20 11:54:22] INFO: TransferCartonDataService: Found column 'to_no'
[2026-04-20 11:54:22] INFO: TransferCartonDataService: Returning - AsnColumn=asn_no, ToColumn=to_no
[2026-04-20 11:54:22] INFO: Detected schema: AsnColumn=asn_no, ToColumn=to_no
[2026-04-20 11:54:22] INFO: Executing query: SELECT tc_id, status, asn_no, to_no, store, 
                               created_by, created_on, sealed_by, sealed_on, dispatched_on, remarks,
                               purchase_receipt_no, purchase_receipt_docstatus, purchase_receipt_created, purchase_receipt_submitted,
                               warehouse_transfer_no, warehouse_transfer_created
                        FROM tabTransferCarton
                        ORDER BY created_on DESC, tc_id
[2026-04-20 11:54:22] INFO: Loaded 1 transfer cartons from database
[2026-04-20 11:54:22] INFO: TransferCartonListViewModel: Received 1 transfer cartons from service
[2026-04-20 11:54:22] INFO: TransferCartonListViewModel: Added 1 transfer cartons to collection
[2026-04-20 11:54:22] INFO: TransferCartonListView: RefreshAsync completed
[2026-04-20 11:54:23] INFO: TransferCartonDetailViewModel: Loading data for TC-0001-1776588077596
[2026-04-20 11:54:23] INFO: ASN ASN-0001 Carton CNWH12858: Assigned=Received, Actual=Received, ReceivedQty=50
[2026-04-20 11:54:23] INFO: ASN ASN-0001 Carton CNWH12854: Assigned=Received, Actual=Received, ReceivedQty=50
[2026-04-20 11:54:23] INFO: ASN ASN-0001 Carton CNWH15390: Assigned=Received, Actual=Received, ReceivedQty=50
[2026-04-20 11:54:23] INFO: ASN ASN-0001 Carton CNWH42441: Assigned=Received, Actual=Received, ReceivedQty=50
[2026-04-20 11:54:23] INFO: ASN ASN-0001 Carton CNWH64571: Assigned=Received, Actual=Received, ReceivedQty=50
[2026-04-20 11:54:23] INFO: ASN ASN-0001 Carton CNWH64521: Assigned=Received, Actual=Received, ReceivedQty=50
[2026-04-20 11:54:23] INFO: ASN ASN-0001 Carton CNWH63561: Assigned=Received, Actual=Received, ReceivedQty=50
[2026-04-20 11:54:23] INFO: ASN ASN-0001 Carton CNWH63609: Assigned=Received, Actual=Received, ReceivedQty=50
[2026-04-20 11:54:23] INFO: ASN ASN-0002 Carton CTN-5550: Assigned=Assigned, Actual=Assigned, ReceivedQty=0
[2026-04-20 11:54:23] INFO: ASN ASN-0002 Carton CTN-5550: Assigned=Assigned, Actual=Assigned, ReceivedQty=0
[2026-04-20 11:54:23] INFO: ASN ASN-0002 Carton CTN-5550: Assigned=Assigned, Actual=Assigned, ReceivedQty=0
[2026-04-20 11:54:23] INFO: ASN ASN-0004 Carton CTN-5550: Assigned=Assigned, Actual=Assigned, ReceivedQty=0
[2026-04-20 11:54:23] INFO: ASN ASN-0004 Carton CTN-5550: Assigned=Assigned, Actual=Assigned, ReceivedQty=0
[2026-04-20 11:54:23] INFO: ASN ASN-0004 Carton CTN-5550: Assigned=Assigned, Actual=Assigned, ReceivedQty=0
[2026-04-20 11:54:23] INFO: ASN ASN-0005 Carton CTN-5550: Assigned=Assigned, Actual=Assigned, ReceivedQty=0
[2026-04-20 11:54:23] INFO: ASN ASN-0005 Carton CTN-5550: Assigned=Assigned, Actual=Assigned, ReceivedQty=0
[2026-04-20 11:54:23] INFO: ASN ASN-0005 Carton CTN-5550: Assigned=Assigned, Actual=Assigned, ReceivedQty=0
[2026-04-20 11:54:23] INFO: ASN ASN-0006 Carton CTN-5550: Assigned=Assigned, Actual=Assigned, ReceivedQty=0
[2026-04-20 11:54:23] INFO: ASN ASN-0006 Carton CTN-5550: Assigned=Assigned, Actual=Assigned, ReceivedQty=0
[2026-04-20 11:54:23] INFO: ASN ASN-0006 Carton CTN-5550: Assigned=Assigned, Actual=Assigned, ReceivedQty=0
[2026-04-20 11:54:23] INFO: TransferCartonDetailViewModel: Loaded ASN ASN-0001
[2026-04-20 11:54:23] INFO: TransferCartonDetailViewModel: Loaded Transfer Order WMS-TO-00001
[2026-04-20 11:54:23] INFO: TransferCartonService: Loading contents for transfer carton TC-0001-1776588077596
[2026-04-20 11:54:23] INFO: TransferCartonService: Executing query with tc_id = 'TC-0001-1776588077596'
[2026-04-20 11:54:23] INFO: TransferCartonService: SQL = SELECT 
                            item_code,
                            carton_id AS source_carton,
                            SUM(qty) AS quantity,
                            MAX(user_id) AS packed_by,
                            MAX(event_time) AS packed_on
                        FROM tabWmsScanEvent
                        WHERE tc_id = @tc_id
                        AND event_type IN ('PACK_BOX_TO_TC', 'PACK_ITEM_TO_TC')
                        AND item_code IS NOT NULL
                        AND item_code != ''
                        AND qty > 0
                        GROUP BY item_code, carton_id
                        ORDER BY packed_on DESC
[2026-04-20 11:54:23] INFO: TransferCartonService: Total events with tc_id = 'TC-0001-1776588077596': 0
[2026-04-20 11:54:23] INFO: TransferCartonService: Events with item_code: 0
[2026-04-20 11:54:23] INFO: TransferCartonService: PACK_BOX_TO_TC events: 0
[2026-04-20 11:54:23] INFO: TransferCartonService: Processed 0 rows from database
[2026-04-20 11:54:23] INFO: TransferCartonService: No events found with tc_id. Trying fallback: derive from boxes matching transfer carton criteria.
[2026-04-20 11:54:23] INFO: TransferCartonService: Transfer carton details - ASN: ASN-0001, TO: WMS-TO-00001, Store: 002-Unaizah-2
[2026-04-20 11:54:23] INFO: TransferCartonService: Found 1 boxes matching ASN=ASN-0001, TO=WMS-TO-00001, Store=002-Unaizah-2
[2026-04-20 11:54:23] INFO: TransferCartonService: Derived 7 items from 1 boxes
[2026-04-20 11:54:23] INFO: TransferCartonService: Found 7 unique items for transfer carton TC-0001-1776588077596
[2026-04-20 11:54:23] INFO: TransferCartonDetailViewModel: Loaded 7 items for transfer carton TC-0001-1776588077596
[2026-04-20 11:54:23] ERROR: ErpNextWmsSyncApiService: GetPrStatusForAsn returned Unauthorized: {"exception":"frappe.exceptions.AuthenticationError","exc_type":"AuthenticationError","exc":"[\"Traceback (most recent call last):\\n  File \\\"apps/frappe/frappe/app.py\\\", line 102, in application\\n    validate_auth()\\n  File \\\"apps/frappe/frappe/auth.py\\\", line 621, in validate_auth\\n    validate_auth_via_api_keys(authorization_header)\\n  File \\\"apps/frappe/frappe/auth.py\\\", line 687, in validate_auth_via_api_keys\\n    validate_api_key_secret(api_key, api_secret, authorization_source)\\n  File \\\"apps/frappe/frappe/auth.py\\\", line 707, in validate_api_key_secret\\n    raise frappe.AuthenticationError\\nfrappe.exceptions.AuthenticationError\\n\"]"}
--------------------------------------------------------------------------------
[2026-04-20 11:54:24] ERROR: ErpNextWmsSyncApiService: GetPrStatusForAsn returned Unauthorized: {"exception":"frappe.exceptions.AuthenticationError","exc_type":"AuthenticationError","exc":"[\"Traceback (most recent call last):\\n  File \\\"apps/frappe/frappe/app.py\\\", line 102, in application\\n    validate_auth()\\n  File \\\"apps/frappe/frappe/auth.py\\\", line 621, in validate_auth\\n    validate_auth_via_api_keys(authorization_header)\\n  File \\\"apps/frappe/frappe/auth.py\\\", line 687, in validate_auth_via_api_keys\\n    validate_api_key_secret(api_key, api_secret, authorization_source)\\n  File \\\"apps/frappe/frappe/auth.py\\\", line 707, in validate_api_key_secret\\n    raise frappe.AuthenticationError\\nfrappe.exceptions.AuthenticationError\\n\"]"}
--------------------------------------------------------------------------------
[2026-04-20 11:55:40] INFO: AuthService: Attempting login to http://localhost:3000/api/auth/login for user sysadmin
[2026-04-20 11:55:42] INFO: AuthService: Login response status: OK
[2026-04-20 11:55:42] INFO: AuthService: Login successful for user sysadmin
[2026-04-20 11:55:46] INFO: TransferCartonListView: Loaded event fired
[2026-04-20 11:55:46] INFO: TransferCartonListView: Calling RefreshAsync on ViewModel
[2026-04-20 11:55:46] INFO: TransferCartonListViewModel: Starting to load transfer cartons
[2026-04-20 11:55:46] INFO: Loading Transfer Cartons from database...
[2026-04-20 11:55:46] INFO: TransferCartonDataService: Starting schema detection
[2026-04-20 11:55:46] INFO: TransferCartonDataService: Found column 'asn_no'
[2026-04-20 11:55:46] INFO: TransferCartonDataService: Found column 'to_no'
[2026-04-20 11:55:46] INFO: TransferCartonDataService: Returning - AsnColumn=asn_no, ToColumn=to_no
[2026-04-20 11:55:46] INFO: Detected schema: AsnColumn=asn_no, ToColumn=to_no
[2026-04-20 11:55:46] INFO: Executing query: SELECT tc_id, status, asn_no, to_no, store, 
                               created_by, created_on, sealed_by, sealed_on, dispatched_on, remarks,
                               purchase_receipt_no, purchase_receipt_docstatus, purchase_receipt_created, purchase_receipt_submitted,
                               warehouse_transfer_no, warehouse_transfer_created
                        FROM tabTransferCarton
                        ORDER BY created_on DESC, tc_id
[2026-04-20 11:55:46] INFO: Loaded 1 transfer cartons from database
[2026-04-20 11:55:46] INFO: TransferCartonListViewModel: Received 1 transfer cartons from service
[2026-04-20 11:55:46] INFO: TransferCartonListViewModel: Added 1 transfer cartons to collection
[2026-04-20 11:55:46] INFO: TransferCartonListView: RefreshAsync completed
[2026-04-20 11:55:47] INFO: TransferCartonDetailViewModel: Loading data for TC-0001-1776588077596
[2026-04-20 11:55:47] INFO: ASN ASN-0001 Carton CNWH12858: Assigned=Received, Actual=Received, ReceivedQty=50
[2026-04-20 11:55:47] INFO: ASN ASN-0001 Carton CNWH12854: Assigned=Received, Actual=Received, ReceivedQty=50
[2026-04-20 11:55:47] INFO: ASN ASN-0001 Carton CNWH15390: Assigned=Received, Actual=Received, ReceivedQty=50
[2026-04-20 11:55:47] INFO: ASN ASN-0001 Carton CNWH42441: Assigned=Received, Actual=Received, ReceivedQty=50
[2026-04-20 11:55:47] INFO: ASN ASN-0001 Carton CNWH64571: Assigned=Received, Actual=Received, ReceivedQty=50
[2026-04-20 11:55:47] INFO: ASN ASN-0001 Carton CNWH64521: Assigned=Received, Actual=Received, ReceivedQty=50
[2026-04-20 11:55:47] INFO: ASN ASN-0001 Carton CNWH63561: Assigned=Received, Actual=Received, ReceivedQty=50
[2026-04-20 11:55:47] INFO: ASN ASN-0001 Carton CNWH63609: Assigned=Received, Actual=Received, ReceivedQty=50
[2026-04-20 11:55:47] INFO: ASN ASN-0002 Carton CTN-5550: Assigned=Assigned, Actual=Assigned, ReceivedQty=0
[2026-04-20 11:55:47] INFO: ASN ASN-0002 Carton CTN-5550: Assigned=Assigned, Actual=Assigned, ReceivedQty=0
[2026-04-20 11:55:47] INFO: ASN ASN-0002 Carton CTN-5550: Assigned=Assigned, Actual=Assigned, ReceivedQty=0
[2026-04-20 11:55:47] INFO: ASN ASN-0004 Carton CTN-5550: Assigned=Assigned, Actual=Assigned, ReceivedQty=0
[2026-04-20 11:55:47] INFO: ASN ASN-0004 Carton CTN-5550: Assigned=Assigned, Actual=Assigned, ReceivedQty=0
[2026-04-20 11:55:47] INFO: ASN ASN-0004 Carton CTN-5550: Assigned=Assigned, Actual=Assigned, ReceivedQty=0
[2026-04-20 11:55:47] INFO: ASN ASN-0005 Carton CTN-5550: Assigned=Assigned, Actual=Assigned, ReceivedQty=0
[2026-04-20 11:55:47] INFO: ASN ASN-0005 Carton CTN-5550: Assigned=Assigned, Actual=Assigned, ReceivedQty=0
[2026-04-20 11:55:47] INFO: ASN ASN-0005 Carton CTN-5550: Assigned=Assigned, Actual=Assigned, ReceivedQty=0
[2026-04-20 11:55:47] INFO: ASN ASN-0006 Carton CTN-5550: Assigned=Assigned, Actual=Assigned, ReceivedQty=0
[2026-04-20 11:55:47] INFO: ASN ASN-0006 Carton CTN-5550: Assigned=Assigned, Actual=Assigned, ReceivedQty=0
[2026-04-20 11:55:47] INFO: ASN ASN-0006 Carton CTN-5550: Assigned=Assigned, Actual=Assigned, ReceivedQty=0
[2026-04-20 11:55:47] INFO: TransferCartonDetailViewModel: Loaded ASN ASN-0001
[2026-04-20 11:55:47] INFO: TransferCartonDetailViewModel: Loaded Transfer Order WMS-TO-00001
[2026-04-20 11:55:47] INFO: TransferCartonService: Loading contents for transfer carton TC-0001-1776588077596
[2026-04-20 11:55:47] INFO: TransferCartonService: Executing query with tc_id = 'TC-0001-1776588077596'
[2026-04-20 11:55:47] INFO: TransferCartonService: SQL = SELECT 
                            item_code,
                            carton_id AS source_carton,
                            SUM(qty) AS quantity,
                            MAX(user_id) AS packed_by,
                            MAX(event_time) AS packed_on
                        FROM tabWmsScanEvent
                        WHERE tc_id = @tc_id
                        AND event_type IN ('PACK_BOX_TO_TC', 'PACK_ITEM_TO_TC')
                        AND item_code IS NOT NULL
                        AND item_code != ''
                        AND qty > 0
                        GROUP BY item_code, carton_id
                        ORDER BY packed_on DESC
[2026-04-20 11:55:47] INFO: TransferCartonService: Total events with tc_id = 'TC-0001-1776588077596': 0
[2026-04-20 11:55:47] INFO: TransferCartonService: Events with item_code: 0
[2026-04-20 11:55:47] INFO: TransferCartonService: PACK_BOX_TO_TC events: 0
[2026-04-20 11:55:47] INFO: TransferCartonService: Processed 0 rows from database
[2026-04-20 11:55:47] INFO: TransferCartonService: No events found with tc_id. Trying fallback: derive from boxes matching transfer carton criteria.
[2026-04-20 11:55:47] INFO: TransferCartonService: Transfer carton details - ASN: ASN-0001, TO: WMS-TO-00001, Store: 002-Unaizah-2
[2026-04-20 11:55:47] INFO: TransferCartonService: Found 1 boxes matching ASN=ASN-0001, TO=WMS-TO-00001, Store=002-Unaizah-2
[2026-04-20 11:55:47] INFO: TransferCartonService: Derived 7 items from 1 boxes
[2026-04-20 11:55:47] INFO: TransferCartonService: Found 7 unique items for transfer carton TC-0001-1776588077596
[2026-04-20 11:55:47] INFO: TransferCartonDetailViewModel: Loaded 7 items for transfer carton TC-0001-1776588077596
[2026-04-20 11:55:47] INFO: ErpNextWmsSyncApiService: GetPrStatusForAsn GET http://87.237.225.155:90/api/method/printechs_wms.api.asn_to_purchase_receipt.get_pr_status_for_asn?asn_no=ASN-0001
[2026-04-20 11:55:47] ERROR: ErpNextWmsSyncApiService: GetPrStatusForAsn returned Unauthorized: {"exception":"frappe.exceptions.AuthenticationError","exc_type":"AuthenticationError","exc":"[\"Traceback (most recent call last):\\n  File \\\"apps/frappe/frappe/app.py\\\", line 102, in application\\n    validate_auth()\\n  File \\\"apps/frappe/frappe/auth.py\\\", line 621, in validate_auth\\n    validate_auth_via_api_keys(authorization_header)\\n  File \\\"apps/frappe/frappe/auth.py\\\", line 687, in validate_auth_via_api_keys\\n    validate_api_key_secret(api_key, api_secret, authorization_source)\\n  File \\\"apps/frappe/frappe/auth.py\\\", line 707, in validate_api_key_secret\\n    raise frappe.AuthenticationError\\nfrappe.exceptions.AuthenticationError\\n\"]"}
--------------------------------------------------------------------------------
[2026-04-20 11:55:47] INFO: TransferCartonDetailViewModel: PR status refresh for ASN-0001: 401 UNAUTHORIZED. URL: http://87.237.225.155:90/api/method/printechs_wms.api.asn_to_purchase_receipt.get_pr_status_for_asn?asn_no=ASN-0001
Response: {"exception":"frappe.exceptions.AuthenticationError","exc_type":"AuthenticationError","exc":"[\"Traceback (most recent call last):\\n  File \\\"apps/frappe/frappe/app.py\\\", line 102, in application\\n    validate_auth()\\n  File \\\"apps/frappe/frappe/auth.py\\\", line 621, in validate_auth\\n    validate_auth_via_api_keys(authorization_header)\\n  File \\\"apps/frappe/frappe/auth.py\\\", line 687, in validate_auth_via_api_keys\\n    validate_api_key_secret(api_key, api_secret, authorization_source)\\n  File \\\"apps/frappe/frappe/auth.py\\\", line 707, in validate_api_key_secret\\n    raise…
[2026-04-20 11:55:48] INFO: ErpNextWmsSyncApiService: GetPrStatusForAsn GET http://87.237.225.155:90/api/method/printechs_wms.api.asn_to_purchase_receipt.get_pr_status_for_asn?asn_no=ASN-0001
[2026-04-20 11:55:48] ERROR: ErpNextWmsSyncApiService: GetPrStatusForAsn returned Unauthorized: {"exception":"frappe.exceptions.AuthenticationError","exc_type":"AuthenticationError","exc":"[\"Traceback (most recent call last):\\n  File \\\"apps/frappe/frappe/app.py\\\", line 102, in application\\n    validate_auth()\\n  File \\\"apps/frappe/frappe/auth.py\\\", line 621, in validate_auth\\n    validate_auth_via_api_keys(authorization_header)\\n  File \\\"apps/frappe/frappe/auth.py\\\", line 687, in validate_auth_via_api_keys\\n    validate_api_key_secret(api_key, api_secret, authorization_source)\\n  File \\\"apps/frappe/frappe/auth.py\\\", line 707, in validate_api_key_secret\\n    raise frappe.AuthenticationError\\nfrappe.exceptions.AuthenticationError\\n\"]"}
--------------------------------------------------------------------------------
[2026-04-20 11:56:17] INFO: ErpNextWmsSyncApiService: GetPrStatusForAsn GET http://87.237.225.155:90/api/method/printechs_wms.api.asn_to_purchase_receipt.get_pr_status_for_asn?asn_no=ASN-0001
[2026-04-20 11:56:17] ERROR: ErpNextWmsSyncApiService: GetPrStatusForAsn returned Unauthorized: {"exception":"frappe.exceptions.AuthenticationError","exc_type":"AuthenticationError","exc":"[\"Traceback (most recent call last):\\n  File \\\"apps/frappe/frappe/app.py\\\", line 102, in application\\n    validate_auth()\\n  File \\\"apps/frappe/frappe/auth.py\\\", line 621, in validate_auth\\n    validate_auth_via_api_keys(authorization_header)\\n  File \\\"apps/frappe/frappe/auth.py\\\", line 687, in validate_auth_via_api_keys\\n    validate_api_key_secret(api_key, api_secret, authorization_source)\\n  File \\\"apps/frappe/frappe/auth.py\\\", line 707, in validate_api_key_secret\\n    raise frappe.AuthenticationError\\nfrappe.exceptions.AuthenticationError\\n\"]"}
--------------------------------------------------------------------------------
[2026-04-20 11:58:32] INFO: AuthService: Attempting login to http://localhost:3000/api/auth/login for user sysadmin
[2026-04-20 11:58:34] INFO: AuthService: Login response status: OK
[2026-04-20 11:58:34] INFO: AuthService: Login successful for user sysadmin
[2026-04-20 11:58:40] INFO: TransferCartonListView: Loaded event fired
[2026-04-20 11:58:40] INFO: TransferCartonListView: Calling RefreshAsync on ViewModel
[2026-04-20 11:58:40] INFO: TransferCartonListViewModel: Starting to load transfer cartons
[2026-04-20 11:58:40] INFO: Loading Transfer Cartons from database...
[2026-04-20 11:58:40] INFO: TransferCartonDataService: Starting schema detection
[2026-04-20 11:58:40] INFO: TransferCartonDataService: Found column 'asn_no'
[2026-04-20 11:58:40] INFO: TransferCartonDataService: Found column 'to_no'
[2026-04-20 11:58:40] INFO: TransferCartonDataService: Returning - AsnColumn=asn_no, ToColumn=to_no
[2026-04-20 11:58:40] INFO: Detected schema: AsnColumn=asn_no, ToColumn=to_no
[2026-04-20 11:58:40] INFO: Executing query: SELECT tc_id, status, asn_no, to_no, store, 
                               created_by, created_on, sealed_by, sealed_on, dispatched_on, remarks,
                               purchase_receipt_no, purchase_receipt_docstatus, purchase_receipt_created, purchase_receipt_submitted,
                               warehouse_transfer_no, warehouse_transfer_created
                        FROM tabTransferCarton
                        ORDER BY created_on DESC, tc_id
[2026-04-20 11:58:40] INFO: Loaded 1 transfer cartons from database
[2026-04-20 11:58:40] INFO: TransferCartonListViewModel: Received 1 transfer cartons from service
[2026-04-20 11:58:40] INFO: TransferCartonListViewModel: Added 1 transfer cartons to collection
[2026-04-20 11:58:40] INFO: TransferCartonListView: RefreshAsync completed
[2026-04-20 11:58:41] INFO: TransferCartonDetailViewModel: Loading data for TC-0001-1776588077596
[2026-04-20 11:58:41] INFO: ASN ASN-0001 Carton CNWH12858: Assigned=Received, Actual=Received, ReceivedQty=50
[2026-04-20 11:58:41] INFO: ASN ASN-0001 Carton CNWH12854: Assigned=Received, Actual=Received, ReceivedQty=50
[2026-04-20 11:58:41] INFO: ASN ASN-0001 Carton CNWH15390: Assigned=Received, Actual=Received, ReceivedQty=50
[2026-04-20 11:58:41] INFO: ASN ASN-0001 Carton CNWH42441: Assigned=Received, Actual=Received, ReceivedQty=50
[2026-04-20 11:58:41] INFO: ASN ASN-0001 Carton CNWH64571: Assigned=Received, Actual=Received, ReceivedQty=50
[2026-04-20 11:58:41] INFO: ASN ASN-0001 Carton CNWH64521: Assigned=Received, Actual=Received, ReceivedQty=50
[2026-04-20 11:58:41] INFO: ASN ASN-0001 Carton CNWH63561: Assigned=Received, Actual=Received, ReceivedQty=50
[2026-04-20 11:58:41] INFO: ASN ASN-0001 Carton CNWH63609: Assigned=Received, Actual=Received, ReceivedQty=50
[2026-04-20 11:58:41] INFO: ASN ASN-0002 Carton CTN-5550: Assigned=Assigned, Actual=Assigned, ReceivedQty=0
[2026-04-20 11:58:41] INFO: ASN ASN-0002 Carton CTN-5550: Assigned=Assigned, Actual=Assigned, ReceivedQty=0
[2026-04-20 11:58:41] INFO: ASN ASN-0002 Carton CTN-5550: Assigned=Assigned, Actual=Assigned, ReceivedQty=0
[2026-04-20 11:58:41] INFO: ASN ASN-0004 Carton CTN-5550: Assigned=Assigned, Actual=Assigned, ReceivedQty=0
[2026-04-20 11:58:41] INFO: ASN ASN-0004 Carton CTN-5550: Assigned=Assigned, Actual=Assigned, ReceivedQty=0
[2026-04-20 11:58:41] INFO: ASN ASN-0004 Carton CTN-5550: Assigned=Assigned, Actual=Assigned, ReceivedQty=0
[2026-04-20 11:58:41] INFO: ASN ASN-0005 Carton CTN-5550: Assigned=Assigned, Actual=Assigned, ReceivedQty=0
[2026-04-20 11:58:41] INFO: ASN ASN-0005 Carton CTN-5550: Assigned=Assigned, Actual=Assigned, ReceivedQty=0
[2026-04-20 11:58:41] INFO: ASN ASN-0005 Carton CTN-5550: Assigned=Assigned, Actual=Assigned, ReceivedQty=0
[2026-04-20 11:58:41] INFO: ASN ASN-0006 Carton CTN-5550: Assigned=Assigned, Actual=Assigned, ReceivedQty=0
[2026-04-20 11:58:41] INFO: ASN ASN-0006 Carton CTN-5550: Assigned=Assigned, Actual=Assigned, ReceivedQty=0
[2026-04-20 11:58:41] INFO: ASN ASN-0006 Carton CTN-5550: Assigned=Assigned, Actual=Assigned, ReceivedQty=0
[2026-04-20 11:58:41] INFO: TransferCartonDetailViewModel: Loaded ASN ASN-0001
[2026-04-20 11:58:41] INFO: TransferCartonDetailViewModel: Loaded Transfer Order WMS-TO-00001
[2026-04-20 11:58:41] INFO: TransferCartonService: Loading contents for transfer carton TC-0001-1776588077596
[2026-04-20 11:58:41] INFO: TransferCartonService: Executing query with tc_id = 'TC-0001-1776588077596'
[2026-04-20 11:58:41] INFO: TransferCartonService: SQL = SELECT 
                            item_code,
                            carton_id AS source_carton,
                            SUM(qty) AS quantity,
                            MAX(user_id) AS packed_by,
                            MAX(event_time) AS packed_on
                        FROM tabWmsScanEvent
                        WHERE tc_id = @tc_id
                        AND event_type IN ('PACK_BOX_TO_TC', 'PACK_ITEM_TO_TC')
                        AND item_code IS NOT NULL
                        AND item_code != ''
                        AND qty > 0
                        GROUP BY item_code, carton_id
                        ORDER BY packed_on DESC
[2026-04-20 11:58:41] INFO: TransferCartonService: Total events with tc_id = 'TC-0001-1776588077596': 0
[2026-04-20 11:58:41] INFO: TransferCartonService: Events with item_code: 0
[2026-04-20 11:58:41] INFO: TransferCartonService: PACK_BOX_TO_TC events: 0
[2026-04-20 11:58:41] INFO: TransferCartonService: Processed 0 rows from database
[2026-04-20 11:58:41] INFO: TransferCartonService: No events found with tc_id. Trying fallback: derive from boxes matching transfer carton criteria.
[2026-04-20 11:58:41] INFO: TransferCartonService: Transfer carton details - ASN: ASN-0001, TO: WMS-TO-00001, Store: 002-Unaizah-2
[2026-04-20 11:58:41] INFO: TransferCartonService: Found 1 boxes matching ASN=ASN-0001, TO=WMS-TO-00001, Store=002-Unaizah-2
[2026-04-20 11:58:41] INFO: TransferCartonService: Derived 7 items from 1 boxes
[2026-04-20 11:58:41] INFO: TransferCartonService: Found 7 unique items for transfer carton TC-0001-1776588077596
[2026-04-20 11:58:41] INFO: TransferCartonDetailViewModel: Loaded 7 items for transfer carton TC-0001-1776588077596
[2026-04-20 11:58:41] INFO: ErpNextWmsSyncApiService: GetPrStatusForAsn GET http://printechsdammam.dyndns.org:88/api/method/printechs_wms.api.asn_to_purchase_receipt.get_pr_status_for_asn?asn_no=ASN-0001
[2026-04-20 11:58:42] INFO: ErpNextWmsSyncApiService: GetPrStatusForAsn GET http://printechsdammam.dyndns.org:88/api/method/printechs_wms.api.asn_to_purchase_receipt.get_pr_status_for_asn?asn_no=ASN-0001
[2026-04-20 11:59:10] INFO: ErpNextWmsSyncApiService: GetPrStatusForAsn GET http://printechsdammam.dyndns.org:88/api/method/printechs_wms.api.asn_to_purchase_receipt.get_pr_status_for_asn?asn_no=ASN-0001
[2026-04-20 11:59:46] INFO: SortBoxListView: Loaded event fired
[2026-04-20 11:59:46] INFO: SortBoxListView: Calling RefreshAsync on ViewModel
[2026-04-20 11:59:46] INFO: SortBoxListViewModel: Starting to load sort boxes
[2026-04-20 11:59:46] INFO: Loading Sort Boxes from database...
[2026-04-20 11:59:46] INFO: Executing query: SELECT box_id, status, advance_shipping_notice, transfer_order, store, 
                               purpose, created_by, created_on, closed_by, closed_on, 
                               dispatched_on, received_at_store_on, remarks
                        FROM tabSortBox
                        ORDER BY created_on DESC, box_id
[2026-04-20 11:59:46] INFO: Loaded 11 sort boxes from database
[2026-04-20 11:59:46] INFO: SortBoxListViewModel: Received 11 sort boxes from service
[2026-04-20 11:59:46] INFO: SortBoxListViewModel: Added 11 sort boxes to collection
[2026-04-20 11:59:46] INFO: SortBoxListView: RefreshAsync completed
[2026-04-20 11:59:46] INFO: TransferCartonListView: Loaded event fired
[2026-04-20 11:59:46] INFO: TransferCartonListView: Calling RefreshAsync on ViewModel
[2026-04-20 11:59:46] INFO: TransferCartonListViewModel: Starting to load transfer cartons
[2026-04-20 11:59:46] INFO: Loading Transfer Cartons from database...
[2026-04-20 11:59:46] INFO: TransferCartonDataService: Starting schema detection
[2026-04-20 11:59:46] INFO: TransferCartonDataService: Found column 'asn_no'
[2026-04-20 11:59:46] INFO: TransferCartonDataService: Found column 'to_no'
[2026-04-20 11:59:46] INFO: TransferCartonDataService: Returning - AsnColumn=asn_no, ToColumn=to_no
[2026-04-20 11:59:46] INFO: Detected schema: AsnColumn=asn_no, ToColumn=to_no
[2026-04-20 11:59:46] INFO: Executing query: SELECT tc_id, status, asn_no, to_no, store, 
                               created_by, created_on, sealed_by, sealed_on, dispatched_on, remarks,
                               purchase_receipt_no, purchase_receipt_docstatus, purchase_receipt_created, purchase_receipt_submitted,
                               warehouse_transfer_no, warehouse_transfer_created
                        FROM tabTransferCarton
                        ORDER BY created_on DESC, tc_id
[2026-04-20 11:59:46] INFO: Loaded 1 transfer cartons from database
[2026-04-20 11:59:46] INFO: TransferCartonListViewModel: Received 1 transfer cartons from service
[2026-04-20 11:59:46] INFO: TransferCartonListViewModel: Added 1 transfer cartons to collection
[2026-04-20 11:59:46] INFO: TransferCartonListView: RefreshAsync completed
[2026-04-20 11:59:50] INFO: TransferCartonDetailViewModel: Loading data for TC-0001-1776588077596
[2026-04-20 11:59:50] INFO: ASN ASN-0001 Carton CNWH12858: Assigned=Received, Actual=Received, ReceivedQty=50
[2026-04-20 11:59:50] INFO: ASN ASN-0001 Carton CNWH12854: Assigned=Received, Actual=Received, ReceivedQty=50
[2026-04-20 11:59:50] INFO: ASN ASN-0001 Carton CNWH15390: Assigned=Received, Actual=Received, ReceivedQty=50
[2026-04-20 11:59:50] INFO: ASN ASN-0001 Carton CNWH42441: Assigned=Received, Actual=Received, ReceivedQty=50
[2026-04-20 11:59:50] INFO: ASN ASN-0001 Carton CNWH64571: Assigned=Received, Actual=Received, ReceivedQty=50
[2026-04-20 11:59:50] INFO: ASN ASN-0001 Carton CNWH64521: Assigned=Received, Actual=Received, ReceivedQty=50
[2026-04-20 11:59:50] INFO: ASN ASN-0001 Carton CNWH63561: Assigned=Received, Actual=Received, ReceivedQty=50
[2026-04-20 11:59:50] INFO: ASN ASN-0001 Carton CNWH63609: Assigned=Received, Actual=Received, ReceivedQty=50
[2026-04-20 11:59:50] INFO: ASN ASN-0002 Carton CTN-5550: Assigned=Assigned, Actual=Assigned, ReceivedQty=0
[2026-04-20 11:59:50] INFO: ASN ASN-0002 Carton CTN-5550: Assigned=Assigned, Actual=Assigned, ReceivedQty=0
[2026-04-20 11:59:50] INFO: ASN ASN-0002 Carton CTN-5550: Assigned=Assigned, Actual=Assigned, ReceivedQty=0
[2026-04-20 11:59:50] INFO: ASN ASN-0004 Carton CTN-5550: Assigned=Assigned, Actual=Assigned, ReceivedQty=0
[2026-04-20 11:59:50] INFO: ASN ASN-0004 Carton CTN-5550: Assigned=Assigned, Actual=Assigned, ReceivedQty=0
[2026-04-20 11:59:50] INFO: ASN ASN-0004 Carton CTN-5550: Assigned=Assigned, Actual=Assigned, ReceivedQty=0
[2026-04-20 11:59:50] INFO: ASN ASN-0005 Carton CTN-5550: Assigned=Assigned, Actual=Assigned, ReceivedQty=0
[2026-04-20 11:59:50] INFO: ASN ASN-0005 Carton CTN-5550: Assigned=Assigned, Actual=Assigned, ReceivedQty=0
[2026-04-20 11:59:50] INFO: ASN ASN-0005 Carton CTN-5550: Assigned=Assigned, Actual=Assigned, ReceivedQty=0
[2026-04-20 11:59:50] INFO: ASN ASN-0006 Carton CTN-5550: Assigned=Assigned, Actual=Assigned, ReceivedQty=0
[2026-04-20 11:59:50] INFO: ASN ASN-0006 Carton CTN-5550: Assigned=Assigned, Actual=Assigned, ReceivedQty=0
[2026-04-20 11:59:50] INFO: ASN ASN-0006 Carton CTN-5550: Assigned=Assigned, Actual=Assigned, ReceivedQty=0
[2026-04-20 11:59:50] INFO: TransferCartonDetailViewModel: Loaded ASN ASN-0001
[2026-04-20 11:59:50] INFO: TransferCartonDetailViewModel: Loaded Transfer Order WMS-TO-00001
[2026-04-20 11:59:50] INFO: TransferCartonService: Loading contents for transfer carton TC-0001-1776588077596
[2026-04-20 11:59:50] INFO: TransferCartonService: Executing query with tc_id = 'TC-0001-1776588077596'
[2026-04-20 11:59:50] INFO: TransferCartonService: SQL = SELECT 
                            item_code,
                            carton_id AS source_carton,
                            SUM(qty) AS quantity,
                            MAX(user_id) AS packed_by,
                            MAX(event_time) AS packed_on
                        FROM tabWmsScanEvent
                        WHERE tc_id = @tc_id
                        AND event_type IN ('PACK_BOX_TO_TC', 'PACK_ITEM_TO_TC')
                        AND item_code IS NOT NULL
                        AND item_code != ''
                        AND qty > 0
                        GROUP BY item_code, carton_id
                        ORDER BY packed_on DESC
[2026-04-20 11:59:50] INFO: TransferCartonService: Total events with tc_id = 'TC-0001-1776588077596': 0
[2026-04-20 11:59:50] INFO: TransferCartonService: Events with item_code: 0
[2026-04-20 11:59:50] INFO: TransferCartonService: PACK_BOX_TO_TC events: 0
[2026-04-20 11:59:50] INFO: TransferCartonService: Processed 0 rows from database
[2026-04-20 11:59:50] INFO: TransferCartonService: No events found with tc_id. Trying fallback: derive from boxes matching transfer carton criteria.
[2026-04-20 11:59:50] INFO: TransferCartonService: Transfer carton details - ASN: ASN-0001, TO: WMS-TO-00001, Store: 002-Unaizah-2
[2026-04-20 11:59:50] INFO: TransferCartonService: Found 1 boxes matching ASN=ASN-0001, TO=WMS-TO-00001, Store=002-Unaizah-2
[2026-04-20 11:59:50] INFO: TransferCartonService: Derived 7 items from 1 boxes
[2026-04-20 11:59:50] INFO: TransferCartonService: Found 7 unique items for transfer carton TC-0001-1776588077596
[2026-04-20 11:59:50] INFO: TransferCartonDetailViewModel: Loaded 7 items for transfer carton TC-0001-1776588077596
[2026-04-20 11:59:50] INFO: ErpNextWmsSyncApiService: GetPrStatusForAsn GET http://printechsdammam.dyndns.org:88/api/method/printechs_wms.api.asn_to_purchase_receipt.get_pr_status_for_asn?asn_no=ASN-0001
[2026-04-20 11:59:57] INFO: TransferCartonDetailViewModel: Printing out slip for 'TC-0001-1776588077596'
[2026-04-20 11:59:57] INFO: PrintService: Starting out slip print job for 'TC-0001-1776588077596'
[2026-04-20 11:59:59] INFO: PrintService: Print dialog cancelled by user
[2026-04-20 12:00:07] INFO: TransferOrderApiService: Fetching transfer orders from http://localhost:3000/api/master/transfer-orders
[2026-04-20 12:00:09] INFO: TransferOrderApiService: Fetched 1 transfer order(s) from API
[2026-04-20 12:00:09] INFO: TransferOrderSyncService: Synced 0 new, 1 updated transfer order(s) from API
[2026-04-20 12:00:16] INFO: ASN ASN-0001 Carton CNWH12858: Assigned=Received, Actual=Received, ReceivedQty=50
[2026-04-20 12:00:16] INFO: ASN ASN-0001 Carton CNWH12854: Assigned=Received, Actual=Received, ReceivedQty=50
[2026-04-20 12:00:16] INFO: ASN ASN-0001 Carton CNWH15390: Assigned=Received, Actual=Received, ReceivedQty=50
[2026-04-20 12:00:16] INFO: ASN ASN-0001 Carton CNWH42441: Assigned=Received, Actual=Received, ReceivedQty=50
[2026-04-20 12:00:16] INFO: ASN ASN-0001 Carton CNWH64571: Assigned=Received, Actual=Received, ReceivedQty=50
[2026-04-20 12:00:16] INFO: ASN ASN-0001 Carton CNWH64521: Assigned=Received, Actual=Received, ReceivedQty=50
[2026-04-20 12:00:16] INFO: ASN ASN-0001 Carton CNWH63561: Assigned=Received, Actual=Received, ReceivedQty=50
[2026-04-20 12:00:16] INFO: ASN ASN-0001 Carton CNWH63609: Assigned=Received, Actual=Received, ReceivedQty=50
[2026-04-20 12:00:16] INFO: ASN ASN-0002 Carton CTN-5550: Assigned=Assigned, Actual=Assigned, ReceivedQty=0
[2026-04-20 12:00:16] INFO: ASN ASN-0002 Carton CTN-5550: Assigned=Assigned, Actual=Assigned, ReceivedQty=0
[2026-04-20 12:00:16] INFO: ASN ASN-0002 Carton CTN-5550: Assigned=Assigned, Actual=Assigned, ReceivedQty=0
[2026-04-20 12:00:16] INFO: ASN ASN-0004 Carton CTN-5550: Assigned=Assigned, Actual=Assigned, ReceivedQty=0
[2026-04-20 12:00:16] INFO: ASN ASN-0004 Carton CTN-5550: Assigned=Assigned, Actual=Assigned, ReceivedQty=0
[2026-04-20 12:00:16] INFO: ASN ASN-0004 Carton CTN-5550: Assigned=Assigned, Actual=Assigned, ReceivedQty=0
[2026-04-20 12:00:16] INFO: ASN ASN-0005 Carton CTN-5550: Assigned=Assigned, Actual=Assigned, ReceivedQty=0
[2026-04-20 12:00:16] INFO: ASN ASN-0005 Carton CTN-5550: Assigned=Assigned, Actual=Assigned, ReceivedQty=0
[2026-04-20 12:00:16] INFO: ASN ASN-0005 Carton CTN-5550: Assigned=Assigned, Actual=Assigned, ReceivedQty=0
[2026-04-20 12:00:16] INFO: ASN ASN-0006 Carton CTN-5550: Assigned=Assigned, Actual=Assigned, ReceivedQty=0
[2026-04-20 12:00:16] INFO: ASN ASN-0006 Carton CTN-5550: Assigned=Assigned, Actual=Assigned, ReceivedQty=0
[2026-04-20 12:00:16] INFO: ASN ASN-0006 Carton CTN-5550: Assigned=Assigned, Actual=Assigned, ReceivedQty=0
[2026-04-20 12:00:18] INFO: TransferCartonListView: Loaded event fired
[2026-04-20 12:00:18] INFO: TransferCartonListView: Calling RefreshAsync on ViewModel
[2026-04-20 12:00:18] INFO: TransferCartonListViewModel: Starting to load transfer cartons
[2026-04-20 12:00:18] INFO: Loading Transfer Cartons from database...
[2026-04-20 12:00:18] INFO: TransferCartonDataService: Starting schema detection
[2026-04-20 12:00:18] INFO: TransferCartonDataService: Found column 'asn_no'
[2026-04-20 12:00:18] INFO: TransferCartonDataService: Found column 'to_no'
[2026-04-20 12:00:18] INFO: TransferCartonDataService: Returning - AsnColumn=asn_no, ToColumn=to_no
[2026-04-20 12:00:18] INFO: Detected schema: AsnColumn=asn_no, ToColumn=to_no
[2026-04-20 12:00:18] INFO: Executing query: SELECT tc_id, status, asn_no, to_no, store, 
                               created_by, created_on, sealed_by, sealed_on, dispatched_on, remarks,
                               purchase_receipt_no, purchase_receipt_docstatus, purchase_receipt_created, purchase_receipt_submitted,
                               warehouse_transfer_no, warehouse_transfer_created
                        FROM tabTransferCarton
                        ORDER BY created_on DESC, tc_id
[2026-04-20 12:00:18] INFO: Loaded 1 transfer cartons from database
[2026-04-20 12:00:18] INFO: TransferCartonListViewModel: Received 1 transfer cartons from service
[2026-04-20 12:00:18] INFO: TransferCartonListViewModel: Added 1 transfer cartons to collection
[2026-04-20 12:00:18] INFO: TransferCartonListView: RefreshAsync completed
[2026-04-20 12:00:20] INFO: TransferCartonDetailViewModel: Loading data for TC-0001-1776588077596
[2026-04-20 12:00:20] INFO: ASN ASN-0001 Carton CNWH12858: Assigned=Received, Actual=Received, ReceivedQty=50
[2026-04-20 12:00:20] INFO: ASN ASN-0001 Carton CNWH12854: Assigned=Received, Actual=Received, ReceivedQty=50
[2026-04-20 12:00:20] INFO: ASN ASN-0001 Carton CNWH15390: Assigned=Received, Actual=Received, ReceivedQty=50
[2026-04-20 12:00:20] INFO: ASN ASN-0001 Carton CNWH42441: Assigned=Received, Actual=Received, ReceivedQty=50
[2026-04-20 12:00:20] INFO: ASN ASN-0001 Carton CNWH64571: Assigned=Received, Actual=Received, ReceivedQty=50
[2026-04-20 12:00:20] INFO: ASN ASN-0001 Carton CNWH64521: Assigned=Received, Actual=Received, ReceivedQty=50
[2026-04-20 12:00:20] INFO: ASN ASN-0001 Carton CNWH63561: Assigned=Received, Actual=Received, ReceivedQty=50
[2026-04-20 12:00:20] INFO: ASN ASN-0001 Carton CNWH63609: Assigned=Received, Actual=Received, ReceivedQty=50
[2026-04-20 12:00:20] INFO: ASN ASN-0002 Carton CTN-5550: Assigned=Assigned, Actual=Assigned, ReceivedQty=0
[2026-04-20 12:00:20] INFO: ASN ASN-0002 Carton CTN-5550: Assigned=Assigned, Actual=Assigned, ReceivedQty=0
[2026-04-20 12:00:20] INFO: ASN ASN-0002 Carton CTN-5550: Assigned=Assigned, Actual=Assigned, ReceivedQty=0
[2026-04-20 12:00:20] INFO: ASN ASN-0004 Carton CTN-5550: Assigned=Assigned, Actual=Assigned, ReceivedQty=0
[2026-04-20 12:00:20] INFO: ASN ASN-0004 Carton CTN-5550: Assigned=Assigned, Actual=Assigned, ReceivedQty=0
[2026-04-20 12:00:20] INFO: ASN ASN-0004 Carton CTN-5550: Assigned=Assigned, Actual=Assigned, ReceivedQty=0
[2026-04-20 12:00:20] INFO: ASN ASN-0005 Carton CTN-5550: Assigned=Assigned, Actual=Assigned, ReceivedQty=0
[2026-04-20 12:00:20] INFO: ASN ASN-0005 Carton CTN-5550: Assigned=Assigned, Actual=Assigned, ReceivedQty=0
[2026-04-20 12:00:20] INFO: ASN ASN-0005 Carton CTN-5550: Assigned=Assigned, Actual=Assigned, ReceivedQty=0
[2026-04-20 12:00:20] INFO: ASN ASN-0006 Carton CTN-5550: Assigned=Assigned, Actual=Assigned, ReceivedQty=0
[2026-04-20 12:00:20] INFO: ASN ASN-0006 Carton CTN-5550: Assigned=Assigned, Actual=Assigned, ReceivedQty=0
[2026-04-20 12:00:20] INFO: ASN ASN-0006 Carton CTN-5550: Assigned=Assigned, Actual=Assigned, ReceivedQty=0
[2026-04-20 12:00:20] INFO: TransferCartonDetailViewModel: Loaded ASN ASN-0001
[2026-04-20 12:00:20] INFO: TransferCartonDetailViewModel: Loaded Transfer Order WMS-TO-00001
[2026-04-20 12:00:20] INFO: TransferCartonService: Loading contents for transfer carton TC-0001-1776588077596
[2026-04-20 12:00:20] INFO: TransferCartonService: Executing query with tc_id = 'TC-0001-1776588077596'
[2026-04-20 12:00:20] INFO: TransferCartonService: SQL = SELECT 
                            item_code,
                            carton_id AS source_carton,
                            SUM(qty) AS quantity,
                            MAX(user_id) AS packed_by,
                            MAX(event_time) AS packed_on
                        FROM tabWmsScanEvent
                        WHERE tc_id = @tc_id
                        AND event_type IN ('PACK_BOX_TO_TC', 'PACK_ITEM_TO_TC')
                        AND item_code IS NOT NULL
                        AND item_code != ''
                        AND qty > 0
                        GROUP BY item_code, carton_id
                        ORDER BY packed_on DESC
[2026-04-20 12:00:20] INFO: TransferCartonService: Total events with tc_id = 'TC-0001-1776588077596': 0
[2026-04-20 12:00:20] INFO: TransferCartonService: Events with item_code: 0
[2026-04-20 12:00:20] INFO: TransferCartonService: PACK_BOX_TO_TC events: 0
[2026-04-20 12:00:20] INFO: TransferCartonService: Processed 0 rows from database
[2026-04-20 12:00:20] INFO: TransferCartonService: No events found with tc_id. Trying fallback: derive from boxes matching transfer carton criteria.
[2026-04-20 12:00:20] INFO: TransferCartonService: Transfer carton details - ASN: ASN-0001, TO: WMS-TO-00001, Store: 002-Unaizah-2
[2026-04-20 12:00:20] INFO: TransferCartonService: Found 1 boxes matching ASN=ASN-0001, TO=WMS-TO-00001, Store=002-Unaizah-2
[2026-04-20 12:00:20] INFO: TransferCartonService: Derived 7 items from 1 boxes
[2026-04-20 12:00:20] INFO: TransferCartonService: Found 7 unique items for transfer carton TC-0001-1776588077596
[2026-04-20 12:00:20] INFO: TransferCartonDetailViewModel: Loaded 7 items for transfer carton TC-0001-1776588077596
[2026-04-20 12:00:20] INFO: ErpNextWmsSyncApiService: GetPrStatusForAsn GET http://printechsdammam.dyndns.org:88/api/method/printechs_wms.api.asn_to_purchase_receipt.get_pr_status_for_asn?asn_no=ASN-0001
[2026-04-20 12:00:41] INFO: SortBoxListView: Loaded event fired
[2026-04-20 12:00:41] INFO: SortBoxListView: Calling RefreshAsync on ViewModel
[2026-04-20 12:00:41] INFO: SortBoxListViewModel: Starting to load sort boxes
[2026-04-20 12:00:41] INFO: Loading Sort Boxes from database...
[2026-04-20 12:00:41] INFO: Executing query: SELECT box_id, status, advance_shipping_notice, transfer_order, store, 
                               purpose, created_by, created_on, closed_by, closed_on, 
                               dispatched_on, received_at_store_on, remarks
                        FROM tabSortBox
                        ORDER BY created_on DESC, box_id
[2026-04-20 12:00:41] INFO: Loaded 11 sort boxes from database
[2026-04-20 12:00:41] INFO: SortBoxListViewModel: Received 11 sort boxes from service
[2026-04-20 12:00:41] INFO: SortBoxListViewModel: Added 11 sort boxes to collection
[2026-04-20 12:00:41] INFO: SortBoxListView: RefreshAsync completed
[2026-04-20 12:00:45] INFO: TransferCartonListView: Loaded event fired
[2026-04-20 12:00:45] INFO: TransferCartonListView: Calling RefreshAsync on ViewModel
[2026-04-20 12:00:45] INFO: TransferCartonListViewModel: Starting to load transfer cartons
[2026-04-20 12:00:45] INFO: Loading Transfer Cartons from database...
[2026-04-20 12:00:45] INFO: TransferCartonDataService: Starting schema detection
[2026-04-20 12:00:45] INFO: TransferCartonDataService: Found column 'asn_no'
[2026-04-20 12:00:45] INFO: TransferCartonDataService: Found column 'to_no'
[2026-04-20 12:00:45] INFO: TransferCartonDataService: Returning - AsnColumn=asn_no, ToColumn=to_no
[2026-04-20 12:00:45] INFO: Detected schema: AsnColumn=asn_no, ToColumn=to_no
[2026-04-20 12:00:45] INFO: Executing query: SELECT tc_id, status, asn_no, to_no, store, 
                               created_by, created_on, sealed_by, sealed_on, dispatched_on, remarks,
                               purchase_receipt_no, purchase_receipt_docstatus, purchase_receipt_created, purchase_receipt_submitted,
                               warehouse_transfer_no, warehouse_transfer_created
                        FROM tabTransferCarton
                        ORDER BY created_on DESC, tc_id
[2026-04-20 12:00:45] INFO: Loaded 1 transfer cartons from database
[2026-04-20 12:00:45] INFO: TransferCartonListViewModel: Received 1 transfer cartons from service
[2026-04-20 12:00:45] INFO: TransferCartonListViewModel: Added 1 transfer cartons to collection
[2026-04-20 12:00:45] INFO: TransferCartonListView: RefreshAsync completed
[2026-04-20 12:00:47] INFO: SortBoxListView: Loaded event fired
[2026-04-20 12:00:47] INFO: SortBoxListView: Calling RefreshAsync on ViewModel
[2026-04-20 12:00:47] INFO: SortBoxListViewModel: Starting to load sort boxes
[2026-04-20 12:00:47] INFO: Loading Sort Boxes from database...
[2026-04-20 12:00:47] INFO: Executing query: SELECT box_id, status, advance_shipping_notice, transfer_order, store, 
                               purpose, created_by, created_on, closed_by, closed_on, 
                               dispatched_on, received_at_store_on, remarks
                        FROM tabSortBox
                        ORDER BY created_on DESC, box_id
[2026-04-20 12:00:47] INFO: Loaded 11 sort boxes from database
[2026-04-20 12:00:47] INFO: SortBoxListViewModel: Received 11 sort boxes from service
[2026-04-20 12:00:47] INFO: SortBoxListViewModel: Added 11 sort boxes to collection
[2026-04-20 12:00:47] INFO: SortBoxListView: RefreshAsync completed
[2026-04-20 12:00:48] INFO: TransferCartonListView: Loaded event fired
[2026-04-20 12:00:48] INFO: TransferCartonListView: Calling RefreshAsync on ViewModel
[2026-04-20 12:00:48] INFO: TransferCartonListViewModel: Starting to load transfer cartons
[2026-04-20 12:00:48] INFO: Loading Transfer Cartons from database...
[2026-04-20 12:00:48] INFO: TransferCartonDataService: Starting schema detection
[2026-04-20 12:00:48] INFO: TransferCartonDataService: Found column 'asn_no'
[2026-04-20 12:00:48] INFO: TransferCartonDataService: Found column 'to_no'
[2026-04-20 12:00:48] INFO: TransferCartonDataService: Returning - AsnColumn=asn_no, ToColumn=to_no
[2026-04-20 12:00:48] INFO: Detected schema: AsnColumn=asn_no, ToColumn=to_no
[2026-04-20 12:00:48] INFO: Executing query: SELECT tc_id, status, asn_no, to_no, store, 
                               created_by, created_on, sealed_by, sealed_on, dispatched_on, remarks,
                               purchase_receipt_no, purchase_receipt_docstatus, purchase_receipt_created, purchase_receipt_submitted,
                               warehouse_transfer_no, warehouse_transfer_created
                        FROM tabTransferCarton
                        ORDER BY created_on DESC, tc_id
[2026-04-20 12:00:48] INFO: Loaded 1 transfer cartons from database
[2026-04-20 12:00:48] INFO: TransferCartonListViewModel: Received 1 transfer cartons from service
[2026-04-20 12:00:48] INFO: TransferCartonListViewModel: Added 1 transfer cartons to collection
[2026-04-20 12:00:48] INFO: TransferCartonListView: RefreshAsync completed
[2026-04-20 12:13:12] INFO: TransferCartonDetailViewModel: Loading data for TC-0001-1776588077596
[2026-04-20 12:13:12] INFO: ASN ASN-0001 Carton CNWH12858: Assigned=Received, Actual=Received, ReceivedQty=50
[2026-04-20 12:13:12] INFO: ASN ASN-0001 Carton CNWH12854: Assigned=Received, Actual=Received, ReceivedQty=50
[2026-04-20 12:13:12] INFO: ASN ASN-0001 Carton CNWH15390: Assigned=Received, Actual=Received, ReceivedQty=50
[2026-04-20 12:13:12] INFO: ASN ASN-0001 Carton CNWH42441: Assigned=Received, Actual=Received, ReceivedQty=50
[2026-04-20 12:13:12] INFO: ASN ASN-0001 Carton CNWH64571: Assigned=Received, Actual=Received, ReceivedQty=50
[2026-04-20 12:13:12] INFO: ASN ASN-0001 Carton CNWH64521: Assigned=Received, Actual=Received, ReceivedQty=50
[2026-04-20 12:13:12] INFO: ASN ASN-0001 Carton CNWH63561: Assigned=Received, Actual=Received, ReceivedQty=50
[2026-04-20 12:13:12] INFO: ASN ASN-0001 Carton CNWH63609: Assigned=Received, Actual=Received, ReceivedQty=50
[2026-04-20 12:13:12] INFO: ASN ASN-0002 Carton CTN-5550: Assigned=Assigned, Actual=Assigned, ReceivedQty=0
[2026-04-20 12:13:12] INFO: ASN ASN-0002 Carton CTN-5550: Assigned=Assigned, Actual=Assigned, ReceivedQty=0
[2026-04-20 12:13:12] INFO: ASN ASN-0002 Carton CTN-5550: Assigned=Assigned, Actual=Assigned, ReceivedQty=0
[2026-04-20 12:13:12] INFO: ASN ASN-0004 Carton CTN-5550: Assigned=Assigned, Actual=Assigned, ReceivedQty=0
[2026-04-20 12:13:12] INFO: ASN ASN-0004 Carton CTN-5550: Assigned=Assigned, Actual=Assigned, ReceivedQty=0
[2026-04-20 12:13:12] INFO: ASN ASN-0004 Carton CTN-5550: Assigned=Assigned, Actual=Assigned, ReceivedQty=0
[2026-04-20 12:13:12] INFO: ASN ASN-0005 Carton CTN-5550: Assigned=Assigned, Actual=Assigned, ReceivedQty=0
[2026-04-20 12:13:12] INFO: ASN ASN-0005 Carton CTN-5550: Assigned=Assigned, Actual=Assigned, ReceivedQty=0
[2026-04-20 12:13:12] INFO: ASN ASN-0005 Carton CTN-5550: Assigned=Assigned, Actual=Assigned, ReceivedQty=0
[2026-04-20 12:13:12] INFO: ASN ASN-0006 Carton CTN-5550: Assigned=Assigned, Actual=Assigned, ReceivedQty=0
[2026-04-20 12:13:12] INFO: ASN ASN-0006 Carton CTN-5550: Assigned=Assigned, Actual=Assigned, ReceivedQty=0
[2026-04-20 12:13:12] INFO: ASN ASN-0006 Carton CTN-5550: Assigned=Assigned, Actual=Assigned, ReceivedQty=0
[2026-04-20 12:13:12] INFO: TransferCartonDetailViewModel: Loaded ASN ASN-0001
[2026-04-20 12:13:12] INFO: TransferCartonDetailViewModel: Loaded Transfer Order WMS-TO-00001
[2026-04-20 12:13:12] INFO: TransferCartonService: Loading contents for transfer carton TC-0001-1776588077596
[2026-04-20 12:13:12] INFO: TransferCartonService: Executing query with tc_id = 'TC-0001-1776588077596'
[2026-04-20 12:13:12] INFO: TransferCartonService: SQL = SELECT 
                            item_code,
                            carton_id AS source_carton,
                            SUM(qty) AS quantity,
                            MAX(user_id) AS packed_by,
                            MAX(event_time) AS packed_on
                        FROM tabWmsScanEvent
                        WHERE tc_id = @tc_id
                        AND event_type IN ('PACK_BOX_TO_TC', 'PACK_ITEM_TO_TC')
                        AND item_code IS NOT NULL
                        AND item_code != ''
                        AND qty > 0
                        GROUP BY item_code, carton_id
                        ORDER BY packed_on DESC
[2026-04-20 12:13:12] INFO: TransferCartonService: Total events with tc_id = 'TC-0001-1776588077596': 0
[2026-04-20 12:13:12] INFO: TransferCartonService: Events with item_code: 0
[2026-04-20 12:13:12] INFO: TransferCartonService: PACK_BOX_TO_TC events: 0
[2026-04-20 12:13:12] INFO: TransferCartonService: Processed 0 rows from database
[2026-04-20 12:13:12] INFO: TransferCartonService: No events found with tc_id. Trying fallback: derive from boxes matching transfer carton criteria.
[2026-04-20 12:13:12] INFO: TransferCartonService: Transfer carton details - ASN: ASN-0001, TO: WMS-TO-00001, Store: 002-Unaizah-2
[2026-04-20 12:13:12] INFO: TransferCartonService: Found 1 boxes matching ASN=ASN-0001, TO=WMS-TO-00001, Store=002-Unaizah-2
[2026-04-20 12:13:12] INFO: TransferCartonService: Derived 7 items from 1 boxes
[2026-04-20 12:13:12] INFO: TransferCartonService: Found 7 unique items for transfer carton TC-0001-1776588077596
[2026-04-20 12:13:12] INFO: TransferCartonDetailViewModel: Loaded 7 items for transfer carton TC-0001-1776588077596
[2026-04-20 12:13:12] INFO: ErpNextWmsSyncApiService: GetPrStatusForAsn GET http://printechsdammam.dyndns.org:88/api/method/printechs_wms.api.asn_to_purchase_receipt.get_pr_status_for_asn?asn_no=ASN-0001
[2026-04-20 12:20:06] INFO: AuthService: Attempting login to http://localhost:3000/api/auth/login for user sysadmin
[2026-04-20 12:20:08] INFO: AuthService: Login response status: OK
[2026-04-20 12:20:08] INFO: AuthService: Login successful for user sysadmin
[2026-04-20 13:00:52] INFO: TransferCartonListView: Loaded event fired
[2026-04-20 13:00:52] INFO: TransferCartonListView: Calling RefreshAsync on ViewModel
[2026-04-20 13:00:52] INFO: TransferCartonListViewModel: Starting to load transfer cartons
[2026-04-20 13:00:52] INFO: Loading Transfer Cartons from database...
[2026-04-20 13:00:52] INFO: TransferCartonDataService: Starting schema detection
[2026-04-20 13:00:52] INFO: TransferCartonDataService: Found column 'asn_no'
[2026-04-20 13:00:52] INFO: TransferCartonDataService: Found column 'to_no'
[2026-04-20 13:00:52] INFO: TransferCartonDataService: Returning - AsnColumn=asn_no, ToColumn=to_no
[2026-04-20 13:00:52] INFO: Detected schema: AsnColumn=asn_no, ToColumn=to_no
[2026-04-20 13:00:52] INFO: Executing query: SELECT tc_id, status, asn_no, to_no, store, 
                               created_by, created_on, sealed_by, sealed_on, dispatched_on, remarks,
                               purchase_receipt_no, purchase_receipt_docstatus, purchase_receipt_created, purchase_receipt_submitted,
                               warehouse_transfer_no, warehouse_transfer_created
                        FROM tabTransferCarton
                        ORDER BY created_on DESC, tc_id
[2026-04-20 13:00:52] INFO: Loaded 1 transfer cartons from database
[2026-04-20 13:00:52] INFO: TransferCartonListViewModel: Received 1 transfer cartons from service
[2026-04-20 13:00:52] INFO: TransferCartonListViewModel: Added 1 transfer cartons to collection
[2026-04-20 13:00:52] INFO: TransferCartonListView: RefreshAsync completed
[2026-04-20 13:00:53] INFO: TransferCartonDetailViewModel: Loading data for TC-0001-1776588077596
[2026-04-20 13:00:53] INFO: ASN ASN-0001 Carton CNWH12858: Assigned=Received, Actual=Received, ReceivedQty=50
[2026-04-20 13:00:53] INFO: ASN ASN-0001 Carton CNWH12854: Assigned=Received, Actual=Received, ReceivedQty=50
[2026-04-20 13:00:53] INFO: ASN ASN-0001 Carton CNWH15390: Assigned=Received, Actual=Received, ReceivedQty=50
[2026-04-20 13:00:53] INFO: ASN ASN-0001 Carton CNWH42441: Assigned=Received, Actual=Received, ReceivedQty=50
[2026-04-20 13:00:53] INFO: ASN ASN-0001 Carton CNWH64571: Assigned=Received, Actual=Received, ReceivedQty=50
[2026-04-20 13:00:53] INFO: ASN ASN-0001 Carton CNWH64521: Assigned=Received, Actual=Received, ReceivedQty=50
[2026-04-20 13:00:53] INFO: ASN ASN-0001 Carton CNWH63561: Assigned=Received, Actual=Received, ReceivedQty=50
[2026-04-20 13:00:53] INFO: ASN ASN-0001 Carton CNWH63609: Assigned=Received, Actual=Received, ReceivedQty=50
[2026-04-20 13:00:53] INFO: ASN ASN-0002 Carton CTN-5550: Assigned=Assigned, Actual=Assigned, ReceivedQty=0
[2026-04-20 13:00:53] INFO: ASN ASN-0002 Carton CTN-5550: Assigned=Assigned, Actual=Assigned, ReceivedQty=0
[2026-04-20 13:00:53] INFO: ASN ASN-0002 Carton CTN-5550: Assigned=Assigned, Actual=Assigned, ReceivedQty=0
[2026-04-20 13:00:53] INFO: ASN ASN-0004 Carton CTN-5550: Assigned=Assigned, Actual=Assigned, ReceivedQty=0
[2026-04-20 13:00:53] INFO: ASN ASN-0004 Carton CTN-5550: Assigned=Assigned, Actual=Assigned, ReceivedQty=0
[2026-04-20 13:00:53] INFO: ASN ASN-0004 Carton CTN-5550: Assigned=Assigned, Actual=Assigned, ReceivedQty=0
[2026-04-20 13:00:53] INFO: ASN ASN-0005 Carton CTN-5550: Assigned=Assigned, Actual=Assigned, ReceivedQty=0
[2026-04-20 13:00:53] INFO: ASN ASN-0005 Carton CTN-5550: Assigned=Assigned, Actual=Assigned, ReceivedQty=0
[2026-04-20 13:00:53] INFO: ASN ASN-0005 Carton CTN-5550: Assigned=Assigned, Actual=Assigned, ReceivedQty=0
[2026-04-20 13:00:53] INFO: ASN ASN-0006 Carton CTN-5550: Assigned=Assigned, Actual=Assigned, ReceivedQty=0
[2026-04-20 13:00:53] INFO: ASN ASN-0006 Carton CTN-5550: Assigned=Assigned, Actual=Assigned, ReceivedQty=0
[2026-04-20 13:00:53] INFO: ASN ASN-0006 Carton CTN-5550: Assigned=Assigned, Actual=Assigned, ReceivedQty=0
[2026-04-20 13:00:53] INFO: TransferCartonDetailViewModel: Loaded ASN ASN-0001
[2026-04-20 13:00:53] INFO: TransferCartonDetailViewModel: Loaded Transfer Order WMS-TO-00001
[2026-04-20 13:00:53] INFO: TransferCartonService: Loading contents for transfer carton TC-0001-1776588077596
[2026-04-20 13:00:53] INFO: TransferCartonService: Executing query with tc_id = 'TC-0001-1776588077596'
[2026-04-20 13:00:53] INFO: TransferCartonService: SQL = SELECT 
                            item_code,
                            carton_id AS source_carton,
                            SUM(qty) AS quantity,
                            MAX(user_id) AS packed_by,
                            MAX(event_time) AS packed_on
                        FROM tabWmsScanEvent
                        WHERE tc_id = @tc_id
                        AND event_type IN ('PACK_BOX_TO_TC', 'PACK_ITEM_TO_TC')
                        AND item_code IS NOT NULL
                        AND item_code != ''
                        AND qty > 0
                        GROUP BY item_code, carton_id
                        ORDER BY packed_on DESC
[2026-04-20 13:00:53] INFO: TransferCartonService: Total events with tc_id = 'TC-0001-1776588077596': 0
[2026-04-20 13:00:53] INFO: TransferCartonService: Events with item_code: 0
[2026-04-20 13:00:53] INFO: TransferCartonService: PACK_BOX_TO_TC events: 0
[2026-04-20 13:00:53] INFO: TransferCartonService: Processed 0 rows from database
[2026-04-20 13:00:53] INFO: TransferCartonService: No events found with tc_id. Trying fallback: derive from boxes matching transfer carton criteria.
[2026-04-20 13:00:53] INFO: TransferCartonService: Transfer carton details - ASN: ASN-0001, TO: WMS-TO-00001, Store: 002-Unaizah-2
[2026-04-20 13:00:53] INFO: TransferCartonService: Found 1 boxes matching ASN=ASN-0001, TO=WMS-TO-00001, Store=002-Unaizah-2
[2026-04-20 13:00:53] INFO: TransferCartonService: Derived 7 items from 1 boxes
[2026-04-20 13:00:53] INFO: TransferCartonService: Found 7 unique items for transfer carton TC-0001-1776588077596
[2026-04-20 13:00:53] INFO: TransferCartonDetailViewModel: Loaded 7 items for transfer carton TC-0001-1776588077596
[2026-04-20 13:00:53] INFO: ErpNextWmsSyncApiService: GetPrStatusForAsn GET http://printechsdammam.dyndns.org:88/api/method/printechs_wms.api.asn_to_purchase_receipt.get_pr_status_for_asn?asn_no=ASN-0001
[2026-04-20 13:00:56] INFO: ErpNextWmsSyncApiService: GetPrStatusForAsn GET http://printechsdammam.dyndns.org:88/api/method/printechs_wms.api.asn_to_purchase_receipt.get_pr_status_for_asn?asn_no=ASN-0001
[2026-04-20 15:54:22] INFO: AuthService: Attempting login to http://localhost:3000/api/auth/login for user sysadmin
[2026-04-20 15:54:24] INFO: AuthService: Login response status: OK
[2026-04-20 15:54:24] INFO: AuthService: Login successful for user sysadmin
[2026-04-20 15:54:36] INFO: InboundSessionListView: Loaded event fired
[2026-04-20 15:54:36] INFO: InboundSessionListView: Calling RefreshAsync on ViewModel
[2026-04-20 15:54:36] INFO: InboundSessionListViewModel: Starting to load sessions
[2026-04-20 15:54:36] INFO: InboundSessionListViewModel: Attempting to sync from API...
[2026-04-20 15:54:36] INFO: InboundSessionApiService: Fetching sessions from http://localhost:3000/api/api/inbound/sessions
[2026-04-20 15:54:38] ERROR: InboundSessionApiService: API returned NotFound
--------------------------------------------------------------------------------
[2026-04-20 15:54:38] INFO: InboundSessionSyncService: No sessions from API or API not available - keeping existing data
[2026-04-20 15:54:38] INFO: InboundSessionListViewModel: API sync not available - using existing database data
[2026-04-20 15:54:38] INFO: InboundSessionListViewModel: Loading sessions from database
[2026-04-20 15:54:38] INFO: Loading Inbound Sessions from database...
[2026-04-20 15:54:38] INFO: DetectSchemaAsync: Starting schema detection
[2026-04-20 15:54:38] INFO: DetectSchemaAsync: Found column 'inbound_session'
[2026-04-20 15:54:38] INFO: DetectSchemaAsync: Found column 'asn_no'
[2026-04-20 15:54:38] INFO: DetectSchemaAsync: Found column 'started_at'
[2026-04-20 15:54:38] INFO: DetectSchemaAsync: hasInboundSession=True, hasTitle=False, hasAsnNo=True, hasAdvanceShippingNotice=False, hasStartedAt=True, hasStartedOn=False, hasTransferIn=False
[2026-04-20 15:54:38] INFO: DetectSchemaAsync: Returning - UsesNewSchema=True, TitleColumn=inbound_session, AsnColumn=asn_no, StartedColumn=started_at, HasTransferIn=False
[2026-04-20 15:54:38] INFO: Detected schema: UsesNewSchema=True, TitleColumn=inbound_session, AsnColumn=asn_no, StartedColumn=started_at, HasTransferIn=False
[2026-04-20 15:54:38] INFO: Executing query: SELECT DISTINCT
                                  inbound_session as session_title,
                                  status, 
                                  asn_no as asn,
                                  NULL as transfer_in,
                                  transfer_order, 
                                  dock, 
                                  started_by, 
                                  started_at as started,
                                  COALESCE(completed_on, ended_at) as completed
                               FROM tabInboundSession
                               ORDER BY started_at DESC, inbound_session
[2026-04-20 15:54:38] INFO: Loaded 1 inbound sessions from database
[2026-04-20 15:54:38] INFO: Executing receive lines query with INNER JOIN filter: SELECT DISTINCT r.parent_title, r.carton_id, r.item_code, r.expected_qty, 
                                           r.received_qty, r.`condition`, r.remarks
                                    FROM ...
[2026-04-20 15:54:38] INFO: InboundSessionDataService: Fetched receive line - Session: SESSION-ASN0001-DEVJUXR961521-USER961521, Carton: CNWH12854, Item: 247787
[2026-04-20 15:54:38] INFO: InboundSessionDataService: Fetched receive line - Session: SESSION-ASN0001-DEVJUXR961521-USER961521, Carton: CNWH42441, Item: 247775
[2026-04-20 15:54:38] INFO: InboundSessionDataService: Fetched receive line - Session: SESSION-ASN0001-DEVJUXR961521-USER961521, Carton: CNWH42441, Item: 269152
[2026-04-20 15:54:38] INFO: InboundSessionDataService: Fetched receive line - Session: SESSION-ASN0001-DEVJUXR961521-USER961521, Carton: CNWH63561, Item: 247775
[2026-04-20 15:54:38] INFO: InboundSessionDataService: Fetched receive line - Session: SESSION-ASN0001-DEVJUXR961521-USER961521, Carton: CNWH63561, Item: 320127
[2026-04-20 15:54:38] INFO: InboundSessionDataService: Fetched receive line - Session: SESSION-ASN0001-DEVJUXR961521-USER961521, Carton: CNWH63609, Item: 247775
[2026-04-20 15:54:38] INFO: InboundSessionDataService: Fetched receive line - Session: SESSION-ASN0001-DEVJUXR961521-USER961521, Carton: CNWH63609, Item: 320129
[2026-04-20 15:54:38] INFO: InboundSessionDataService: Fetched receive line - Session: SESSION-ASN0001-DEVJUXR961521-USER961521, Carton: CNWH64521, Item: 247775
[2026-04-20 15:54:38] INFO: InboundSessionDataService: Fetched receive line - Session: SESSION-ASN0001-DEVJUXR961521-USER961521, Carton: CNWH64521, Item: 320126
[2026-04-20 15:54:38] INFO: InboundSessionDataService: Fetched receive line - Session: SESSION-ASN0001-DEVJUXR961521-USER961521, Carton: CNWH64571, Item: 247775
[2026-04-20 15:54:38] INFO: InboundSessionDataService: Fetched receive line - Session: SESSION-ASN0001-DEVJUXR961521-USER961521, Carton: CNWH64571, Item: 320125
[2026-04-20 15:54:38] INFO: InboundSessionDataService: Total receive lines fetched from database (after INNER JOIN filter): 11
[2026-04-20 15:54:38] INFO: Returning 1 inbound sessions
[2026-04-20 15:54:38] INFO: InboundSessionListViewModel: Received 1 sessions from service
[2026-04-20 15:54:38] INFO: InboundSessionListViewModel: Added 1 sessions to collection
[2026-04-20 15:54:38] INFO: InboundSessionListView: RefreshAsync completed
[2026-04-20 15:54:39] INFO: ASN sync from ERPNext started.
[2026-04-20 15:54:39] INFO: ErpNextWmsSyncApiService: [Item Group] Fetching ASNs from http://printechsdammam.dyndns.org:88/api/method/printechs_wms.api.wms_sync.get_asns_for_wms?export_pending=1&include_items=1
[2026-04-20 15:54:39] INFO: ErpNextWmsSyncApiService: [Item Group] Fetched 2 ASNs
[2026-04-20 15:54:39] INFO: ErpNextWmsSyncApiService: [ASN] Fetching ASNs from http://printechsdammam.dyndns.org:88/api/method/printechs_wms.api.wms_sync.get_asns_for_wms?export_pending=1&include_items=1
[2026-04-20 15:54:39] INFO: ErpNextWmsSyncApiService: [ASN] Fetched 2 ASNs
[2026-04-20 15:54:39] INFO: ErpNextWmsSyncApiService: [ASN Status] Fetching ASNs from http://printechsdammam.dyndns.org:88/api/method/printechs_wms.api.wms_sync.get_asns_for_wms?export_pending=1&include_items=1
[2026-04-20 15:54:39] INFO: ErpNextWmsSyncApiService: [ASN Status] Fetched 2 ASNs
[2026-04-20 15:54:39] INFO: ErpNextWmsSyncApiService: [MR] Fetching ASNs from http://printechsdammam.dyndns.org:88/api/method/printechs_wms.api.wms_sync.get_asns_for_wms?export_pending=1&include_items=1
[2026-04-20 15:54:39] INFO: ErpNextWmsSyncApiService: [MR] Fetched 2 ASNs
[2026-04-20 15:54:39] INFO: ErpNextWmsSyncApiService: [ERPNext 9] Fetching ASNs from http://printechsdammam.dyndns.org:88/api/method/printechs_wms.api.wms_sync.get_asns_for_wms?export_pending=1&include_items=1
[2026-04-20 15:54:39] INFO: ErpNextWmsSyncApiService: [ERPNext 9] Fetched 2 ASNs
[2026-04-20 15:54:39] INFO: ErpNextWmsSyncApiService: [Stock Entry] Fetching ASNs from http://printechsdammam.dyndns.org:88/api/method/printechs_wms.api.wms_sync.get_asns_for_wms?export_pending=1&include_items=1
[2026-04-20 15:54:39] INFO: ErpNextWmsSyncApiService: [Stock Entry] Fetched 2 ASNs
[2026-04-20 15:54:39] INFO: ErpNextWmsSyncApiService: [ERPNext 11] Fetching ASNs from http://printechsdammam.dyndns.org:88/api/method/printechs_wms.api.wms_sync.get_asns_for_wms?export_pending=1&include_items=1
[2026-04-20 15:54:39] INFO: ErpNextWmsSyncApiService: [ERPNext 11] Fetched 2 ASNs
[2026-04-20 15:54:39] INFO: ErpNextWmsSyncApiService: ERPNext 13 API URL or key not configured
[2026-04-20 15:54:39] INFO: AsnSyncFromErpNextService: Syncing 2 ASN(s) with items.
[2026-04-20 15:54:39] INFO: ASN sync from ERPNext completed. Fetched: 2, ASNs inserted: 0, updated: 2, items: 10, errors: 0
[2026-04-20 15:54:39] INFO: ErpNextWmsSyncApiService: Posting ASN ASN-0002 status=Exported to http://printechsdammam.dyndns.org:88/api/method/printechs_wms.api.wms_sync.update_asn_wms_status
[2026-04-20 15:54:39] INFO: ErpNextWmsSyncApiService: ASN status updated successfully.
[2026-04-20 15:54:39] INFO: ErpNextWmsSyncApiService: Posting ASN ASN-0001 status=Exported to http://printechsdammam.dyndns.org:88/api/method/printechs_wms.api.wms_sync.update_asn_wms_status
[2026-04-20 15:54:39] ERROR: ErpNextWmsSyncApiService: ASN status API returned ExpectationFailed: {"exception":"frappe.exceptions.ValidationError:  Status cannot be \"Partially Received\". It should be one of \"Draft\", \"Open\", \"Completed\", \"Cancelled\"","exc_type":"ValidationError","_exc_source":"printechs_wms (app)","exc":"[\"Traceback (most recent call last):\\n  File \\\"apps/frappe/frappe/app.py\\\", line 120, in application\\n    response = frappe.api.handle(request)\\n               ^^^^^^^^^^^^^^^^^^^^^^^^^^\\n  File \\\"apps/frappe/frappe/api/__init__.py\\\", line 52, in handle\\n    data = endpoint(**arguments)\\n           ^^^^^^^^^^^^^^^^^^^^^\\n  File \\\"apps/frappe/frappe/api/v1.py\\\", line 40, in handle_rpc_call\\n    return frappe.handler.handle()\\n           ^^^^^^^^^^^^^^^^^^^^^^^\\n  File \\\"apps/frappe/frappe/handler.py\\\", line 52, in handle\\n    data = execute_cmd(cmd)\\n           ^^^^^^^^^^^^^^^^\\n  File \\\"apps/frappe/frappe/handler.py\\\", line 85, in execute_cmd\\n    return frappe.call(method, **frappe.form_dict)\\n           ^^^^^^^^^^^^^^^^^^^^^^^^^^^^^^^^^^^^^^^\\n  File \\\"apps/frappe/frappe/__init__.py\\\", line 1754, in call\\n    return fn(*args, **newargs)\\n           ^^^^^^^^^^^^^^^^^^^^\\n  File \\\"apps/frappe/frappe/utils/typing_validations.py\\\", line 32, in wrapper\\n    return func(*args, **kwargs)\\n           ^^^^^^^^^^^^^^^^^^^^^\\n  File \\\"apps/printechs_wms/printechs_wms/api/wms_sync.py\\\", line 379, in update_asn_wms_status\\n    doc.save()\\n  File \\\"apps/frappe/frappe/model/document.py\\\", line 378, in save\\n    return self._save(*args, **kwargs)\\n           ^^^^^^^^^^^^^^^^^^^^^^^^^^^\\n  File \\\"apps/frappe/frappe/model/document.py\\\", line 417, in _save\\n    self._validate()\\n  File \\\"apps/frappe/frappe/model/document.py\\\", line 624, in _validate\\n    self._validate_selects()\\n  File \\\"apps/frappe/frappe/model/base_document.py\\\", line 913, in _validate_selects\\n    frappe.throw(\\n  File \\\"apps/frappe/frappe/__init__.py\\\", line 609, in throw\\n    msgprint(\\n  File \\\"apps/frappe/frappe/__init__.py\\\", line 574, in msgprint\\n    _raise_exception()\\n  File \\\"apps/frappe/frappe/__init__.py\\\", line 525, in _raise_exception\\n    raise exc\\nfrappe.exceptions.ValidationError:  Status cannot be \\\"Partially Received\\\". It should be one of \\\"Draft\\\", \\\"Open\\\", \\\"Completed\\\", \\\"Cancelled\\\"\\n\"]","_server_messages":"[\"{\\\"message\\\": \\\" Status cannot be \\\\\\\"Partially Received\\\\\\\". It should be one of \\\\\\\"Draft\\\\\\\", \\\\\\\"Open\\\\\\\", \\\\\\\"Completed\\\\\\\", \\\\\\\"Cancelled\\\\\\\"\\\", \\\"title\\\": \\\"Message\\\", \\\"indicator\\\": \\\"red\\\", \\\"raise_exception\\\": 1, \\\"__frappe_exc_id\\\": \\\"449de4bed3e9e523dd0cfd3a55975e159348c664b854876bee136028\\\"}\"]"}
--------------------------------------------------------------------------------
[2026-04-20 15:54:39] ERROR: AsnSyncFromErpNextService: Failed to post ASN ASN-0001 status to ERPNext: ExpectationFailed: {"exception":"frappe.exceptions.ValidationError:  Status cannot be \"Partially Received\". It should be one of \"Draft\", \"Open\", \"Completed\", \"Cancelled\"","exc_type":"ValidationError","_exc_source":"printechs_wms (app)","exc":"[\"Traceback (most recent call last):\\n  File \\\"apps/frappe/frappe/app.py\\\", line 120, in application\\n    response = frappe.api.handle(request)\\n               ^^^^^^^^^^^^^^^^^^^^^^^^^^\\n  File \\\"apps/frappe/frappe/api/__init__.py\\\", line 52, in handle\\n    data = endpoint(**arguments)\\n           ^^^^^^^^^^^^^^^^^^^^^\\n  File \\\"apps/frappe/frappe/api/v1.py\\\", line 40, in handle_rpc_call\\n    return frappe.handler.handle()\\n           ^^^^^^^^^^^^^^^^^^^^^^^\\n  File \\\"apps/frappe/frappe/handler.py\\\", line 52, in handle\\n    data = execute_cmd(cmd)\\n           ^^^^^^^^^^^^^^^^\\n  File \\\"apps/frappe/frappe/handler.py\\\", line 85, in execute_cmd\\n    return frappe.call(method, **frappe.form_dict)\\n           ^^^^^^^^^^^^^^^^^^^^^^^^^^^^^^^^^^^^^^^\\n  File \\\"apps/frappe/frappe/__init__.py\\\", line 1754, in call\\n    return fn(*args, **newargs)\\n           ^^^^^^^^^^^^^^^^^^^^\\n  File \\\"apps/frappe/frappe/utils/typing_validations.py\\\", line 32, in wrapper\\n    return func(*args, **kwargs)\\n           ^^^^^^^^^^^^^^^^^^^^^\\n  File \\\"apps/printechs_wms/printechs_wms/api/wms_sync.py\\\", line 379, in update_asn_wms_status\\n    doc.save()\\n  File \\\"apps/frappe/frappe/model/document.py\\\", line 378, in save\\n    return self._save(*args, **kwargs)\\n           ^^^^^^^^^^^^^^^^^^^^^^^^^^^\\n  File \\\"apps/frappe/frappe/model/document.py\\\", line 417, in _save\\n    self._validate()\\n  File \\\"apps/frappe/frappe/model/document.py\\\", line 624, in _validate\\n    self._validate_selects()\\n  File \\\"apps/frappe/frappe/model/base_document.py\\\", line 913, in _validate_selects\\n    frappe.throw(\\n  File \\\"apps/frappe/frappe/__init__.py\\\", line 609, in throw\\n    msgprint(\\n  File \\\"apps/frappe/frappe/__init__.py\\\", line 574, in msgprint\\n    _raise_exception()\\n  File \\\"apps/frappe/frappe/__init__.py\\\", line 525, in _raise_exception\\n    raise exc\\nfrappe.exceptions.ValidationError:  Status cannot be \\\"Partially Received\\\". It should be one of \\\"Draft\\\", \\\"Open\\\", \\\"Completed\\\", \\\"Cancelled\\\"\\n\"]","_server_messages":"[\"{\\\"message\\\": \\\" Status cannot be \\\\\\\"Partially Received\\\\\\\". It should be one of \\\\\\\"Draft\\\\\\\", \\\\\\\"Open\\\\\\\", \\\\\\\"Completed\\\\\\\", \\\\\\\"Cancelled\\\\\\\"\\\", \\\"title\\\": \\\"Message\\\", \\\"indicator\\\": \\\"red\\\", \\\"raise_exception\\\": 1, \\\"__frappe_exc_id\\\": \\\"449de4bed3e9e523dd0cfd3a55975e159348c664b854876bee136028\\\"}\"]"}
--------------------------------------------------------------------------------
[2026-04-20 15:54:39] INFO: AsnSyncFromErpNextService: ASN status posted to ERPNext: 1/2 updated (update_asn_wms_status per ASN)
[2026-04-20 15:54:39] INFO: Transfer Order sync from ERPNext started.
[2026-04-20 15:54:39] INFO: ErpNextWmsSyncApiService: [Item Group] Fetching Transfer Orders from http://printechsdammam.dyndns.org:88/api/method/printechs_wms.api.wms_sync.get_tos_for_wms?export_pending=1&include_items=1&docstatus=1
[2026-04-20 15:54:40] INFO: ErpNextWmsSyncApiService: [Item Group] Fetched 1 Transfer Orders
[2026-04-20 15:54:40] INFO: ErpNextWmsSyncApiService: [TO] Fetching Transfer Orders from http://printechsdammam.dyndns.org:88/api/method/printechs_wms.api.wms_sync.get_tos_for_wms?export_pending=1&include_items=1&docstatus=1
[2026-04-20 15:54:40] INFO: ErpNextWmsSyncApiService: [TO] Fetched 1 Transfer Orders
[2026-04-20 15:54:40] INFO: ErpNextWmsSyncApiService: [TO Status] Fetching Transfer Orders from http://printechsdammam.dyndns.org:88/api/method/printechs_wms.api.wms_sync.get_tos_for_wms?export_pending=1&include_items=1&docstatus=1
[2026-04-20 15:54:40] INFO: ErpNextWmsSyncApiService: [TO Status] Fetched 1 Transfer Orders
[2026-04-20 15:54:40] INFO: ErpNextWmsSyncApiService: [MR] Fetching Transfer Orders from http://printechsdammam.dyndns.org:88/api/method/printechs_wms.api.wms_sync.get_tos_for_wms?export_pending=1&include_items=1&docstatus=1
[2026-04-20 15:54:40] INFO: ErpNextWmsSyncApiService: [MR] Fetched 1 Transfer Orders
[2026-04-20 15:54:40] INFO: ErpNextWmsSyncApiService: [ERPNext 9] Fetching Transfer Orders from http://printechsdammam.dyndns.org:88/api/method/printechs_wms.api.wms_sync.get_tos_for_wms?export_pending=1&include_items=1&docstatus=1
[2026-04-20 15:54:40] INFO: ErpNextWmsSyncApiService: [ERPNext 9] Fetched 1 Transfer Orders
[2026-04-20 15:54:40] INFO: ErpNextWmsSyncApiService: [Stock Entry] Fetching Transfer Orders from http://printechsdammam.dyndns.org:88/api/method/printechs_wms.api.wms_sync.get_tos_for_wms?export_pending=1&include_items=1&docstatus=1
[2026-04-20 15:54:40] INFO: ErpNextWmsSyncApiService: [Stock Entry] Fetched 1 Transfer Orders
[2026-04-20 15:54:40] INFO: ErpNextWmsSyncApiService: [ERPNext 11] Fetching Transfer Orders from http://printechsdammam.dyndns.org:88/api/method/printechs_wms.api.wms_sync.get_tos_for_wms?export_pending=1&include_items=1&docstatus=1
[2026-04-20 15:54:40] INFO: ErpNextWmsSyncApiService: [ERPNext 11] Fetched 1 Transfer Orders
[2026-04-20 15:54:40] INFO: ErpNextWmsSyncApiService: ERPNext 13 API URL or key not configured
[2026-04-20 15:54:40] INFO: TransferOrderSyncFromErpNextService: Syncing 1 TO(s) with items.
[2026-04-20 15:54:40] INFO: Transfer Order sync from ERPNext completed. Fetched: 1, TOs inserted: 0, updated: 1, items: 4, errors: 0
[2026-04-20 15:54:40] ERROR: ErpNextWmsSyncApiService: TO status API returned ExpectationFailed: {"exception":"frappe.exceptions.ValidationError: Failed to get method for command printechs_wms.api.wms_sync.update_transfer_order_wms_status with module 'printechs_wms.api.wms_sync' has no attribute 'update_transfer_order_wms_status'","exc_type":"ValidationError","exc":"[\"Traceback (most recent call last):\\n  File \\\"apps/frappe/frappe/handler.py\\\", line 74, in execute_cmd\\n    method = get_attr(cmd)\\n             ^^^^^^^^^^^^^\\n  File \\\"apps/frappe/frappe/handler.py\\\", line 292, in get_attr\\n    method = frappe.get_attr(cmd)\\n             ^^^^^^^^^^^^^^^^^^^^\\n  File \\\"apps/frappe/frappe/__init__.py\\\", line 1744, in get_attr\\n    return getattr(get_module(modulename), methodname)\\n           ^^^^^^^^^^^^^^^^^^^^^^^^^^^^^^^^^^^^^^^^^^^\\nAttributeError: module 'printechs_wms.api.wms_sync' has no attribute 'update_transfer_order_wms_status'\\n\\nDuring handling of the above exception, another exception occurred:\\n\\nTraceback (most recent call last):\\n  File \\\"apps/frappe/frappe/app.py\\\", line 120, in application\\n    response = frappe.api.handle(request)\\n               ^^^^^^^^^^^^^^^^^^^^^^^^^^\\n  File \\\"apps/frappe/frappe/api/__init__.py\\\", line 52, in handle\\n    data = endpoint(**arguments)\\n           ^^^^^^^^^^^^^^^^^^^^^\\n  File \\\"apps/frappe/frappe/api/v1.py\\\", line 40, in handle_rpc_call\\n    return frappe.handler.handle()\\n           ^^^^^^^^^^^^^^^^^^^^^^^\\n  File \\\"apps/frappe/frappe/handler.py\\\", line 52, in handle\\n    data = execute_cmd(cmd)\\n           ^^^^^^^^^^^^^^^^\\n  File \\\"apps/frappe/frappe/handler.py\\\", line 76, in execute_cmd\\n    frappe.throw(_(\\\"Failed to get method for command {0} with {1}\\\").format(cmd, e))\\n  File \\\"apps/frappe/frappe/__init__.py\\\", line 609, in throw\\n    msgprint(\\n  File \\\"apps/frappe/frappe/__init__.py\\\", line 574, in msgprint\\n    _raise_exception()\\n  File \\\"apps/frappe/frappe/__init__.py\\\", line 525, in _raise_exception\\n    raise exc\\nfrappe.exceptions.ValidationError: Failed to get method for command printechs_wms.api.wms_sync.update_transfer_order_wms_status with module 'printechs_wms.api.wms_sync' has no attribute 'update_transfer_order_wms_status'\\n\"]","_server_messages":"[\"{\\\"message\\\": \\\"Failed to get method for command printechs_wms.api.wms_sync.update_transfer_order_wms_status with module 'printechs_wms.api.wms_sync' has no attribute 'update_transfer_order_wms_status'\\\", \\\"title\\\": \\\"Message\\\", \\\"indicator\\\": \\\"red\\\", \\\"raise_exception\\\": 1, \\\"__frappe_exc_id\\\": \\\"880e6b2bbbcb86b6964c5807acf8ce47d84f97661ff2a3272ee722bd\\\"}\"]"}
--------------------------------------------------------------------------------
[2026-04-20 15:54:40] ERROR: TransferOrderSyncFromErpNextService: Failed to post TO WMS-TO-00001 status to ERPNext: ExpectationFailed: {"exception":"frappe.exceptions.ValidationError: Failed to get method for command printechs_wms.api.wms_sync.update_transfer_order_wms_status with module 'printechs_wms.api.wms_sync' has no attribute 'update_transfer_order_wms_status'","exc_type":"ValidationError","exc":"[\"Traceback (most recent call last):\\n  File \\\"apps/frappe/frappe/handler.py\\\", line 74, in execute_cmd\\n    method = get_attr(cmd)\\n             ^^^^^^^^^^^^^\\n  File \\\"apps/frappe/frappe/handler.py\\\", line 292, in get_attr\\n    method = frappe.get_attr(cmd)\\n             ^^^^^^^^^^^^^^^^^^^^\\n  File \\\"apps/frappe/frappe/__init__.py\\\", line 1744, in get_attr\\n    return getattr(get_module(modulename), methodname)\\n           ^^^^^^^^^^^^^^^^^^^^^^^^^^^^^^^^^^^^^^^^^^^\\nAttributeError: module 'printechs_wms.api.wms_sync' has no attribute 'update_transfer_order_wms_status'\\n\\nDuring handling of the above exception, another exception occurred:\\n\\nTraceback (most recent call last):\\n  File \\\"apps/frappe/frappe/app.py\\\", line 120, in application\\n    response = frappe.api.handle(request)\\n               ^^^^^^^^^^^^^^^^^^^^^^^^^^\\n  File \\\"apps/frappe/frappe/api/__init__.py\\\", line 52, in handle\\n    data = endpoint(**arguments)\\n           ^^^^^^^^^^^^^^^^^^^^^\\n  File \\\"apps/frappe/frappe/api/v1.py\\\", line 40, in handle_rpc_call\\n    return frappe.handler.handle()\\n           ^^^^^^^^^^^^^^^^^^^^^^^\\n  File \\\"apps/frappe/frappe/handler.py\\\", line 52, in handle\\n    data = execute_cmd(cmd)\\n           ^^^^^^^^^^^^^^^^\\n  File \\\"apps/frappe/frappe/handler.py\\\", line 76, in execute_cmd\\n    frappe.throw(_(\\\"Failed to get method for command {0} with {1}\\\").format(cmd, e))\\n  File \\\"apps/frappe/frappe/__init__.py\\\", line 609, in throw\\n    msgprint(\\n  File \\\"apps/frappe/frappe/__init__.py\\\", line 574, in msgprint\\n    _raise_exception()\\n  File \\\"apps/frappe/frappe/__init__.py\\\", line 525, in _raise_exception\\n    raise exc\\nfrappe.exceptions.ValidationError: Failed to get method for command printechs_wms.api.wms_sync.update_transfer_order_wms_status with module 'printechs_wms.api.wms_sync' has no attribute 'update_transfer_order_wms_status'\\n\"]","_server_messages":"[\"{\\\"message\\\": \\\"Failed to get method for command printechs_wms.api.wms_sync.update_transfer_order_wms_status with module 'printechs_wms.api.wms_sync' has no attribute 'update_transfer_order_wms_status'\\\", \\\"title\\\": \\\"Message\\\", \\\"indicator\\\": \\\"red\\\", \\\"raise_exception\\\": 1, \\\"__frappe_exc_id\\\": \\\"880e6b2bbbcb86b6964c5807acf8ce47d84f97661ff2a3272ee722bd\\\"}\"]"}
--------------------------------------------------------------------------------
[2026-04-20 15:54:40] INFO: TransferOrderSyncFromErpNextService: TO status posted to ERPNext: 0/1 updated (update_transfer_order_wms_status per TO)
[2026-04-20 15:54:40] INFO: Material Request sync from ERPNext started.
[2026-04-20 15:54:40] INFO: ErpNextWmsSyncApiService: [Item Group] Fetching Material Requests from http://printechsdammam.dyndns.org:88/api/method/printechs_wms.api.material_request.get_material_transfer_requests?from_warehouse=Main%20Warehouse%20-%20MAATC&state=Pending&docstatus=1&include_items=1&limit=200
[2026-04-20 15:54:40] INFO: ErpNextWmsSyncApiService: [Item Group] Fetched 1 Material Requests
[2026-04-20 15:54:40] INFO: ErpNextWmsSyncApiService: [MR] Fetching Material Requests from http://printechsdammam.dyndns.org:88/api/method/printechs_wms.api.material_request.get_material_transfer_requests?from_warehouse=Main%20Warehouse%20-%20MAATC&state=Pending&docstatus=1&include_items=1&limit=200
[2026-04-20 15:54:40] INFO: ErpNextWmsSyncApiService: [MR] Fetched 1 Material Requests
[2026-04-20 15:54:40] INFO: ErpNextWmsSyncApiService: [ERPNext 9] Fetching Material Requests from http://printechsdammam.dyndns.org:88/api/method/printechs_wms.api.material_request.get_material_transfer_requests?from_warehouse=Main%20Warehouse%20-%20MAATC&state=Pending&docstatus=1&include_items=1&limit=200
[2026-04-20 15:54:40] INFO: ErpNextWmsSyncApiService: [ERPNext 9] Fetched 1 Material Requests
[2026-04-20 15:54:40] INFO: ErpNextWmsSyncApiService: [Stock Entry] Fetching Material Requests from http://printechsdammam.dyndns.org:88/api/method/printechs_wms.api.material_request.get_material_transfer_requests?from_warehouse=Main%20Warehouse%20-%20MAATC&state=Pending&docstatus=1&include_items=1&limit=200
[2026-04-20 15:54:40] INFO: ErpNextWmsSyncApiService: [Stock Entry] Fetched 1 Material Requests
[2026-04-20 15:54:40] INFO: ErpNextWmsSyncApiService: [ERPNext 11] Fetching Material Requests from http://printechsdammam.dyndns.org:88/api/method/printechs_wms.api.material_request.get_material_transfer_requests?from_warehouse=Main%20Warehouse%20-%20MAATC&state=Pending&docstatus=1&include_items=1&limit=200
[2026-04-20 15:54:40] INFO: ErpNextWmsSyncApiService: [ERPNext 11] Fetched 1 Material Requests
[2026-04-20 15:54:40] INFO: ErpNextWmsSyncApiService: [ERPNext 13] Fetching Material Requests from /api/method/printechs_wms.api.asn_to_purchase_receipt.get_pr_status_for_asn?asn_no=<linked ASN>/api/method/printechs_wms.api.material_request.get_material_transfer_requests?from_warehouse=Main%20Warehouse%20-%20MAATC&state=Pending&docstatus=1&include_items=1&limit=200
[2026-04-20 15:54:40] ERROR: ErpNextWmsSyncApiService: [ERPNext 13] Error fetching Material Requests: An invalid request URI was provided. Either the request URI must be an absolute URI or BaseAddress must be set.
Exception Type: InvalidOperationException
Exception Message: An invalid request URI was provided. Either the request URI must be an absolute URI or BaseAddress must be set.
Stack Trace:    at System.Net.Http.HttpClient.PrepareRequestMessage(HttpRequestMessage request)
   at System.Net.Http.HttpClient.SendAsync(HttpRequestMessage request, HttpCompletionOption completionOption, CancellationToken cancellationToken)
   at Wms.Desktop.Services.ErpNextWmsSyncApiService.FetchMessageListAsync[T](String apiUrl, String apiKey, String label, String entityName) in D:\Development Project\Printechs WMS\Wms.Desktop\Services\ErpNextWmsSyncApiService.cs:line 523
--------------------------------------------------------------------------------
[2026-04-20 15:54:40] INFO: MaterialRequestSyncFromErpNextService: Syncing 1 Material Request(s) with items.
[2026-04-20 15:54:40] INFO: MaterialRequestSyncFromErpNextService: MR MAT-MR-2026-00001: inserting 2 item(s) (preserving local picked qty where higher).
[2026-04-20 15:54:40] INFO: Material Request sync from ERPNext completed. Fetched: 1, MRs inserted: 1, updated: 0, items: 2, errors: 0
[2026-04-20 15:54:40] INFO: Transfer In sync from ERPNext started (tabTransferIn / tabTransferInItem).
[2026-04-20 15:54:40] INFO: TransferInSyncFromErpNextService: Step 1 - Dropping legacy tabTransferInStockEntry tables if they exist.
[2026-04-20 15:54:40] INFO: DatabaseService: Dropped tabTransferInStockEntry and tabTransferInStockEntryItem if they existed.
[2026-04-20 15:54:40] INFO: TransferInSyncFromErpNextService: Step 2 - Connecting to database: wms_desktop, host: localhost
[2026-04-20 15:54:40] INFO: TransferInSyncFromErpNextService: Step 3 - Connection opened. Database: wms_desktop
[2026-04-20 15:54:40] INFO: TransferInSyncFromErpNextService: Step 4 - Using 6 endpoint(s) for Transfer In.
[2026-04-20 15:54:40] INFO: ErpNextWmsSyncApiService: [Item Group] Fetching Transfer In Stock Entries from http://printechsdammam.dyndns.org:88/api/method/printechs_wms.api.transfer_in_sync.get_material_transfer_stock_entries?add_to_transit=1&custom_receiving_warehouse=Main%20Warehouse%20-%20MAATC&docstatus=1
[2026-04-20 15:54:40] INFO: ErpNextWmsSyncApiService: [Item Group] Fetched 1 Transfer In Stock Entries
[2026-04-20 15:54:40] INFO: TransferInSyncFromErpNextService: Endpoint [Item Group] returned 1 raw entry(ies).
[2026-04-20 15:54:40] INFO: ErpNextWmsSyncApiService: [MR] Fetching Transfer In Stock Entries from http://printechsdammam.dyndns.org:88/api/method/printechs_wms.api.transfer_in_sync.get_material_transfer_stock_entries?add_to_transit=1&custom_receiving_warehouse=Main%20Warehouse%20-%20MAATC&docstatus=1
[2026-04-20 15:54:40] INFO: ErpNextWmsSyncApiService: [MR] Fetched 1 Transfer In Stock Entries
[2026-04-20 15:54:40] INFO: TransferInSyncFromErpNextService: Endpoint [MR] returned 1 raw entry(ies).
[2026-04-20 15:54:40] INFO: ErpNextWmsSyncApiService: [ERPNext 9] Fetching Transfer In Stock Entries from http://printechsdammam.dyndns.org:88/api/method/printechs_wms.api.transfer_in_sync.get_material_transfer_stock_entries?to_warehouse=Main%20Warehouse%20-%20MAATC&docstatus=1
[2026-04-20 15:54:40] INFO: ErpNextWmsSyncApiService: [ERPNext 9] Fetched 1 Transfer In Stock Entries
[2026-04-20 15:54:40] INFO: TransferInSyncFromErpNextService: Endpoint [ERPNext 9] returned 1 raw entry(ies).
[2026-04-20 15:54:40] INFO: ErpNextWmsSyncApiService: [Stock Entry] Fetching Transfer In Stock Entries from http://printechsdammam.dyndns.org:88/api/method/printechs_wms.api.transfer_in_sync.get_material_transfer_stock_entries?add_to_transit=1&custom_receiving_warehouse=Main%20Warehouse%20-%20MAATC&docstatus=1
[2026-04-20 15:54:40] INFO: ErpNextWmsSyncApiService: [Stock Entry] Fetched 1 Transfer In Stock Entries
[2026-04-20 15:54:40] INFO: TransferInSyncFromErpNextService: Endpoint [Stock Entry] returned 1 raw entry(ies).
[2026-04-20 15:54:40] INFO: ErpNextWmsSyncApiService: [ERPNext 11] Fetching Transfer In Stock Entries from http://printechsdammam.dyndns.org:88/api/method/printechs_wms.api.transfer_in_sync.get_material_transfer_stock_entries?add_to_transit=1&custom_receiving_warehouse=Main%20Warehouse%20-%20MAATC&docstatus=1
[2026-04-20 15:54:40] INFO: ErpNextWmsSyncApiService: [ERPNext 11] Fetched 1 Transfer In Stock Entries
[2026-04-20 15:54:40] INFO: TransferInSyncFromErpNextService: Endpoint [ERPNext 11] returned 1 raw entry(ies).
[2026-04-20 15:54:40] INFO: ErpNextWmsSyncApiService: [ERPNext 13] Fetching Transfer In Stock Entries from /api/method/printechs_wms.api.asn_to_purchase_receipt.get_pr_status_for_asn?asn_no=<linked ASN>/api/method/printechs_wms.api.transfer_in_sync.get_material_transfer_stock_entries?add_to_transit=1&custom_receiving_warehouse=Main%20Warehouse%20-%20MAATC&docstatus=1
[2026-04-20 15:54:40] ERROR: ErpNextWmsSyncApiService: [ERPNext 13] Error fetching Transfer In Stock Entries: An invalid request URI was provided. Either the request URI must be an absolute URI or BaseAddress must be set.
Exception Type: InvalidOperationException
Exception Message: An invalid request URI was provided. Either the request URI must be an absolute URI or BaseAddress must be set.
Stack Trace:    at System.Net.Http.HttpClient.PrepareRequestMessage(HttpRequestMessage request)
   at System.Net.Http.HttpClient.SendAsync(HttpRequestMessage request, HttpCompletionOption completionOption, CancellationToken cancellationToken)
   at Wms.Desktop.Services.ErpNextWmsSyncApiService.FetchMessageListAsync[T](String apiUrl, String apiKey, String label, String entityName) in D:\Development Project\Printechs WMS\Wms.Desktop\Services\ErpNextWmsSyncApiService.cs:line 523
--------------------------------------------------------------------------------
[2026-04-20 15:54:40] INFO: TransferInSyncFromErpNextService: Step 5 - Total raw entries from API: 5
[2026-04-20 15:54:40] INFO: TransferInSyncFromErpNextService: Step 6 - After dedupe: 2 unique Transfer In(s) to sync. Keys: [MAT-STE-2026-00002, MAT-STE-2026-00003]
[2026-04-20 15:54:40] INFO: TransferInSyncFromErpNextService: --- Processing entry: MAT-STE-2026-00002 ---
[2026-04-20 15:54:40] INFO: TransferInSyncFromErpNextService: tabTransferIn INSERT/UPDATE for MAT-STE-2026-00002 affected rows: 1 (1=inserted, 2=updated).
[2026-04-20 15:54:40] INFO: TransferInSyncFromErpNextService: DELETE old tabTransferInItem for MAT-STE-2026-00002 deleted rows: 0.
[2026-04-20 15:54:40] INFO: TransferInSyncFromErpNextService: Entry MAT-STE-2026-00002: inserting 2 item(s) into tabTransferInItem.
[2026-04-20 15:54:40] INFO: TransferInSyncFromErpNextService: Inserting tabTransferInItem: parent=MAT-STE-2026-00002, item_code=108231, qty=5.
[2026-04-20 15:54:40] INFO: TransferInSyncFromErpNextService: Item INSERT for 108231 affected rows: 1.
[2026-04-20 15:54:40] INFO: TransferInSyncFromErpNextService: Inserting tabTransferInItem: parent=MAT-STE-2026-00002, item_code=108229, qty=5.
[2026-04-20 15:54:40] INFO: TransferInSyncFromErpNextService: Item INSERT for 108229 affected rows: 1.
[2026-04-20 15:54:40] INFO: TransferInSyncFromErpNextService: Committing transaction for MAT-STE-2026-00002.
[2026-04-20 15:54:40] INFO: TransferInSyncFromErpNextService: Transaction committed for MAT-STE-2026-00002.
[2026-04-20 15:54:40] INFO: TransferInSyncFromErpNextService: Verification tabTransferInItem count for MAT-STE-2026-00002 => 2 row(s).
[2026-04-20 15:54:40] INFO: TransferInSyncFromErpNextService: --- Processing entry: MAT-STE-2026-00003 ---
[2026-04-20 15:54:40] INFO: TransferInSyncFromErpNextService: tabTransferIn INSERT/UPDATE for MAT-STE-2026-00003 affected rows: 1 (1=inserted, 2=updated).
[2026-04-20 15:54:40] INFO: TransferInSyncFromErpNextService: DELETE old tabTransferInItem for MAT-STE-2026-00003 deleted rows: 0.
[2026-04-20 15:54:40] INFO: TransferInSyncFromErpNextService: Entry MAT-STE-2026-00003: inserting 2 item(s) into tabTransferInItem.
[2026-04-20 15:54:40] INFO: TransferInSyncFromErpNextService: Inserting tabTransferInItem: parent=MAT-STE-2026-00003, item_code=108231, qty=5.
[2026-04-20 15:54:40] INFO: TransferInSyncFromErpNextService: Item INSERT for 108231 affected rows: 1.
[2026-04-20 15:54:40] INFO: TransferInSyncFromErpNextService: Inserting tabTransferInItem: parent=MAT-STE-2026-00003, item_code=108229, qty=5.
[2026-04-20 15:54:40] INFO: TransferInSyncFromErpNextService: Item INSERT for 108229 affected rows: 1.
[2026-04-20 15:54:40] INFO: TransferInSyncFromErpNextService: Committing transaction for MAT-STE-2026-00003.
[2026-04-20 15:54:40] INFO: TransferInSyncFromErpNextService: Transaction committed for MAT-STE-2026-00003.
[2026-04-20 15:54:40] INFO: TransferInSyncFromErpNextService: Verification tabTransferInItem count for MAT-STE-2026-00003 => 2 row(s).
[2026-04-20 15:54:40] INFO: Transfer In sync from ERPNext completed. Fetched: 2, entries inserted: 2, updated: 0, items: 4, errors: 0
[2026-04-20 15:54:41] INFO: ErpNextWmsSyncApiService: WMS snapshot updated successfully.
[2026-04-20 15:54:41] INFO: ErpNextWmsSyncApiService: Calling rebuild_wms_stock_balance for company=Mohammed Abdullah Almousa Trading Company, warehouse=Main Warehouse - MAATC
[2026-04-20 15:54:41] INFO: ErpNextWmsSyncApiService: rebuild_wms_stock_balance updated successfully.
[2026-04-20 15:54:41] INFO: ErpNextWmsSyncApiService: rebuild_wms_stock_balance completed successfully.
[2026-04-20 15:54:55] INFO: ASN ASN-0001 Carton CNWH12858: Assigned=Assigned, Actual=Received, ReceivedQty=50
[2026-04-20 15:54:55] INFO: ASN ASN-0001 Carton CNWH12854: Assigned=Assigned, Actual=Received, ReceivedQty=51
[2026-04-20 15:54:55] INFO: ASN ASN-0001 Carton CNWH15390: Assigned=Assigned, Actual=Received, ReceivedQty=50
[2026-04-20 15:54:55] INFO: ASN ASN-0001 Carton CNWH42441: Assigned=Assigned, Actual=Received, ReceivedQty=50
[2026-04-20 15:54:55] INFO: ASN ASN-0001 Carton CNWH64571: Assigned=Assigned, Actual=Received, ReceivedQty=50
[2026-04-20 15:54:55] INFO: ASN ASN-0001 Carton CNWH64521: Assigned=Assigned, Actual=Received, ReceivedQty=50
[2026-04-20 15:54:55] INFO: ASN ASN-0001 Carton CNWH63561: Assigned=Assigned, Actual=Received, ReceivedQty=50
[2026-04-20 15:54:55] INFO: ASN ASN-0001 Carton CNWH63609: Assigned=Assigned, Actual=Received, ReceivedQty=50
[2026-04-20 15:54:55] INFO: ASN ASN-0002 Carton CNWH12858: Assigned=Assigned, Actual=Assigned, ReceivedQty=0
[2026-04-20 15:54:55] INFO: ASN ASN-0002 Carton CNWH12854: Assigned=Assigned, Actual=Assigned, ReceivedQty=0
[2026-04-20 15:54:55] INFO: ASN ASN-0004 Carton CTN-5550: Assigned=Assigned, Actual=Assigned, ReceivedQty=0
[2026-04-20 15:54:55] INFO: ASN ASN-0004 Carton CTN-5550: Assigned=Assigned, Actual=Assigned, ReceivedQty=0
[2026-04-20 15:54:55] INFO: ASN ASN-0004 Carton CTN-5550: Assigned=Assigned, Actual=Assigned, ReceivedQty=0
[2026-04-20 15:54:55] INFO: ASN ASN-0005 Carton CTN-5550: Assigned=Assigned, Actual=Assigned, ReceivedQty=0
[2026-04-20 15:54:55] INFO: ASN ASN-0005 Carton CTN-5550: Assigned=Assigned, Actual=Assigned, ReceivedQty=0
[2026-04-20 15:54:55] INFO: ASN ASN-0005 Carton CTN-5550: Assigned=Assigned, Actual=Assigned, ReceivedQty=0
[2026-04-20 15:54:55] INFO: ASN ASN-0006 Carton CTN-5550: Assigned=Assigned, Actual=Assigned, ReceivedQty=0
[2026-04-20 15:54:55] INFO: ASN ASN-0006 Carton CTN-5550: Assigned=Assigned, Actual=Assigned, ReceivedQty=0
[2026-04-20 15:54:55] INFO: ASN ASN-0006 Carton CTN-5550: Assigned=Assigned, Actual=Assigned, ReceivedQty=0
[2026-04-20 15:55:05] INFO: ASN ASN-0001 Carton CNWH12858: Assigned=Assigned, Actual=Received, ReceivedQty=50
[2026-04-20 15:55:05] INFO: ASN ASN-0001 Carton CNWH12854: Assigned=Assigned, Actual=Received, ReceivedQty=51
[2026-04-20 15:55:05] INFO: ASN ASN-0001 Carton CNWH15390: Assigned=Assigned, Actual=Received, ReceivedQty=50
[2026-04-20 15:55:05] INFO: ASN ASN-0001 Carton CNWH42441: Assigned=Assigned, Actual=Received, ReceivedQty=50
[2026-04-20 15:55:05] INFO: ASN ASN-0001 Carton CNWH64571: Assigned=Assigned, Actual=Received, ReceivedQty=50
[2026-04-20 15:55:05] INFO: ASN ASN-0001 Carton CNWH64521: Assigned=Assigned, Actual=Received, ReceivedQty=50
[2026-04-20 15:55:05] INFO: ASN ASN-0001 Carton CNWH63561: Assigned=Assigned, Actual=Received, ReceivedQty=50
[2026-04-20 15:55:05] INFO: ASN ASN-0001 Carton CNWH63609: Assigned=Assigned, Actual=Received, ReceivedQty=50
[2026-04-20 15:55:05] INFO: ASN ASN-0002 Carton CNWH12858: Assigned=Assigned, Actual=Assigned, ReceivedQty=0
[2026-04-20 15:55:05] INFO: ASN ASN-0002 Carton CNWH12854: Assigned=Assigned, Actual=Assigned, ReceivedQty=0
[2026-04-20 15:55:05] INFO: ASN ASN-0004 Carton CTN-5550: Assigned=Assigned, Actual=Assigned, ReceivedQty=0
[2026-04-20 15:55:05] INFO: ASN ASN-0004 Carton CTN-5550: Assigned=Assigned, Actual=Assigned, ReceivedQty=0
[2026-04-20 15:55:05] INFO: ASN ASN-0004 Carton CTN-5550: Assigned=Assigned, Actual=Assigned, ReceivedQty=0
[2026-04-20 15:55:05] INFO: ASN ASN-0005 Carton CTN-5550: Assigned=Assigned, Actual=Assigned, ReceivedQty=0
[2026-04-20 15:55:05] INFO: ASN ASN-0005 Carton CTN-5550: Assigned=Assigned, Actual=Assigned, ReceivedQty=0
[2026-04-20 15:55:05] INFO: ASN ASN-0005 Carton CTN-5550: Assigned=Assigned, Actual=Assigned, ReceivedQty=0
[2026-04-20 15:55:05] INFO: ASN ASN-0006 Carton CTN-5550: Assigned=Assigned, Actual=Assigned, ReceivedQty=0
[2026-04-20 15:55:05] INFO: ASN ASN-0006 Carton CTN-5550: Assigned=Assigned, Actual=Assigned, ReceivedQty=0
[2026-04-20 15:55:05] INFO: ASN ASN-0006 Carton CTN-5550: Assigned=Assigned, Actual=Assigned, ReceivedQty=0
[2026-04-20 15:55:05] INFO: ASN ASN-0001 Carton CNWH12858: Assigned=Assigned, Actual=Received, ReceivedQty=50
[2026-04-20 15:55:05] INFO: ASN ASN-0001 Carton CNWH12854: Assigned=Assigned, Actual=Received, ReceivedQty=51
[2026-04-20 15:55:05] INFO: ASN ASN-0001 Carton CNWH15390: Assigned=Assigned, Actual=Received, ReceivedQty=50
[2026-04-20 15:55:05] INFO: ASN ASN-0001 Carton CNWH42441: Assigned=Assigned, Actual=Received, ReceivedQty=50
[2026-04-20 15:55:05] INFO: ASN ASN-0001 Carton CNWH64571: Assigned=Assigned, Actual=Received, ReceivedQty=50
[2026-04-20 15:55:05] INFO: ASN ASN-0001 Carton CNWH64521: Assigned=Assigned, Actual=Received, ReceivedQty=50
[2026-04-20 15:55:05] INFO: ASN ASN-0001 Carton CNWH63561: Assigned=Assigned, Actual=Received, ReceivedQty=50
[2026-04-20 15:55:05] INFO: ASN ASN-0001 Carton CNWH63609: Assigned=Assigned, Actual=Received, ReceivedQty=50
[2026-04-20 15:55:05] INFO: ASN ASN-0002 Carton CNWH12858: Assigned=Assigned, Actual=Assigned, ReceivedQty=0
[2026-04-20 15:55:05] INFO: ASN ASN-0002 Carton CNWH12854: Assigned=Assigned, Actual=Assigned, ReceivedQty=0
[2026-04-20 15:55:05] INFO: ASN ASN-0004 Carton CTN-5550: Assigned=Assigned, Actual=Assigned, ReceivedQty=0
[2026-04-20 15:55:05] INFO: ASN ASN-0004 Carton CTN-5550: Assigned=Assigned, Actual=Assigned, ReceivedQty=0
[2026-04-20 15:55:05] INFO: ASN ASN-0004 Carton CTN-5550: Assigned=Assigned, Actual=Assigned, ReceivedQty=0
[2026-04-20 15:55:05] INFO: ASN ASN-0005 Carton CTN-5550: Assigned=Assigned, Actual=Assigned, ReceivedQty=0
[2026-04-20 15:55:05] INFO: ASN ASN-0005 Carton CTN-5550: Assigned=Assigned, Actual=Assigned, ReceivedQty=0
[2026-04-20 15:55:05] INFO: ASN ASN-0005 Carton CTN-5550: Assigned=Assigned, Actual=Assigned, ReceivedQty=0
[2026-04-20 15:55:05] INFO: ASN ASN-0006 Carton CTN-5550: Assigned=Assigned, Actual=Assigned, ReceivedQty=0
[2026-04-20 15:55:05] INFO: ASN ASN-0006 Carton CTN-5550: Assigned=Assigned, Actual=Assigned, ReceivedQty=0
[2026-04-20 15:55:05] INFO: ASN ASN-0006 Carton CTN-5550: Assigned=Assigned, Actual=Assigned, ReceivedQty=0
[2026-04-20 15:55:07] INFO: ASN ASN-0001 Carton CNWH12858: Assigned=Assigned, Actual=Received, ReceivedQty=50
[2026-04-20 15:55:07] INFO: ASN ASN-0001 Carton CNWH12854: Assigned=Assigned, Actual=Received, ReceivedQty=51
[2026-04-20 15:55:07] INFO: ASN ASN-0001 Carton CNWH15390: Assigned=Assigned, Actual=Received, ReceivedQty=50
[2026-04-20 15:55:07] INFO: ASN ASN-0001 Carton CNWH42441: Assigned=Assigned, Actual=Received, ReceivedQty=50
[2026-04-20 15:55:07] INFO: ASN ASN-0001 Carton CNWH64571: Assigned=Assigned, Actual=Received, ReceivedQty=50
[2026-04-20 15:55:07] INFO: ASN ASN-0001 Carton CNWH64521: Assigned=Assigned, Actual=Received, ReceivedQty=50
[2026-04-20 15:55:07] INFO: ASN ASN-0001 Carton CNWH63561: Assigned=Assigned, Actual=Received, ReceivedQty=50
[2026-04-20 15:55:07] INFO: ASN ASN-0001 Carton CNWH63609: Assigned=Assigned, Actual=Received, ReceivedQty=50
[2026-04-20 15:55:07] INFO: ASN ASN-0002 Carton CNWH12858: Assigned=Assigned, Actual=Assigned, ReceivedQty=0
[2026-04-20 15:55:07] INFO: ASN ASN-0002 Carton CNWH12854: Assigned=Assigned, Actual=Assigned, ReceivedQty=0
[2026-04-20 15:55:07] INFO: ASN ASN-0004 Carton CTN-5550: Assigned=Assigned, Actual=Assigned, ReceivedQty=0
[2026-04-20 15:55:07] INFO: ASN ASN-0004 Carton CTN-5550: Assigned=Assigned, Actual=Assigned, ReceivedQty=0
[2026-04-20 15:55:07] INFO: ASN ASN-0004 Carton CTN-5550: Assigned=Assigned, Actual=Assigned, ReceivedQty=0
[2026-04-20 15:55:07] INFO: ASN ASN-0005 Carton CTN-5550: Assigned=Assigned, Actual=Assigned, ReceivedQty=0
[2026-04-20 15:55:07] INFO: ASN ASN-0005 Carton CTN-5550: Assigned=Assigned, Actual=Assigned, ReceivedQty=0
[2026-04-20 15:55:07] INFO: ASN ASN-0005 Carton CTN-5550: Assigned=Assigned, Actual=Assigned, ReceivedQty=0
[2026-04-20 15:55:07] INFO: ASN ASN-0006 Carton CTN-5550: Assigned=Assigned, Actual=Assigned, ReceivedQty=0
[2026-04-20 15:55:07] INFO: ASN ASN-0006 Carton CTN-5550: Assigned=Assigned, Actual=Assigned, ReceivedQty=0
[2026-04-20 15:55:07] INFO: ASN ASN-0006 Carton CTN-5550: Assigned=Assigned, Actual=Assigned, ReceivedQty=0
[2026-04-20 15:55:07] INFO: ASN ASN-0001 Carton CNWH12858: Assigned=Assigned, Actual=Received, ReceivedQty=50
[2026-04-20 15:55:07] INFO: ASN ASN-0001 Carton CNWH12854: Assigned=Assigned, Actual=Received, ReceivedQty=51
[2026-04-20 15:55:07] INFO: ASN ASN-0001 Carton CNWH15390: Assigned=Assigned, Actual=Received, ReceivedQty=50
[2026-04-20 15:55:07] INFO: ASN ASN-0001 Carton CNWH42441: Assigned=Assigned, Actual=Received, ReceivedQty=50
[2026-04-20 15:55:07] INFO: ASN ASN-0001 Carton CNWH64571: Assigned=Assigned, Actual=Received, ReceivedQty=50
[2026-04-20 15:55:07] INFO: ASN ASN-0001 Carton CNWH64521: Assigned=Assigned, Actual=Received, ReceivedQty=50
[2026-04-20 15:55:07] INFO: ASN ASN-0001 Carton CNWH63561: Assigned=Assigned, Actual=Received, ReceivedQty=50
[2026-04-20 15:55:07] INFO: ASN ASN-0001 Carton CNWH63609: Assigned=Assigned, Actual=Received, ReceivedQty=50
[2026-04-20 15:55:07] INFO: ASN ASN-0002 Carton CNWH12858: Assigned=Assigned, Actual=Assigned, ReceivedQty=0
[2026-04-20 15:55:07] INFO: ASN ASN-0002 Carton CNWH12854: Assigned=Assigned, Actual=Assigned, ReceivedQty=0
[2026-04-20 15:55:07] INFO: ASN ASN-0004 Carton CTN-5550: Assigned=Assigned, Actual=Assigned, ReceivedQty=0
[2026-04-20 15:55:07] INFO: ASN ASN-0004 Carton CTN-5550: Assigned=Assigned, Actual=Assigned, ReceivedQty=0
[2026-04-20 15:55:07] INFO: ASN ASN-0004 Carton CTN-5550: Assigned=Assigned, Actual=Assigned, ReceivedQty=0
[2026-04-20 15:55:07] INFO: ASN ASN-0005 Carton CTN-5550: Assigned=Assigned, Actual=Assigned, ReceivedQty=0
[2026-04-20 15:55:07] INFO: ASN ASN-0005 Carton CTN-5550: Assigned=Assigned, Actual=Assigned, ReceivedQty=0
[2026-04-20 15:55:07] INFO: ASN ASN-0005 Carton CTN-5550: Assigned=Assigned, Actual=Assigned, ReceivedQty=0
[2026-04-20 15:55:07] INFO: ASN ASN-0006 Carton CTN-5550: Assigned=Assigned, Actual=Assigned, ReceivedQty=0
[2026-04-20 15:55:07] INFO: ASN ASN-0006 Carton CTN-5550: Assigned=Assigned, Actual=Assigned, ReceivedQty=0
[2026-04-20 15:55:07] INFO: ASN ASN-0006 Carton CTN-5550: Assigned=Assigned, Actual=Assigned, ReceivedQty=0
[2026-04-20 15:58:36] INFO: TransferOrderApiService: Fetching transfer orders from http://localhost:3000/api/master/transfer-orders
[2026-04-20 15:58:38] INFO: TransferOrderApiService: Fetched 1 transfer order(s) from API
[2026-04-20 15:58:38] INFO: TransferOrderSyncService: Synced 0 new, 1 updated transfer order(s) from API
[2026-04-20 15:58:40] INFO: ASN sync from ERPNext started.
[2026-04-20 15:58:40] INFO: ErpNextWmsSyncApiService: [Item Group] Fetching ASNs from http://printechsdammam.dyndns.org:88/api/method/printechs_wms.api.wms_sync.get_asns_for_wms?export_pending=1&include_items=1
[2026-04-20 15:58:40] INFO: ErpNextWmsSyncApiService: [Item Group] Fetched 2 ASNs
[2026-04-20 15:58:40] INFO: ErpNextWmsSyncApiService: [ASN] Fetching ASNs from http://printechsdammam.dyndns.org:88/api/method/printechs_wms.api.wms_sync.get_asns_for_wms?export_pending=1&include_items=1
[2026-04-20 15:58:40] INFO: ErpNextWmsSyncApiService: [ASN] Fetched 2 ASNs
[2026-04-20 15:58:40] INFO: ErpNextWmsSyncApiService: [ASN Status] Fetching ASNs from http://printechsdammam.dyndns.org:88/api/method/printechs_wms.api.wms_sync.get_asns_for_wms?export_pending=1&include_items=1
[2026-04-20 15:58:40] INFO: ErpNextWmsSyncApiService: [ASN Status] Fetched 2 ASNs
[2026-04-20 15:58:40] INFO: ErpNextWmsSyncApiService: [MR] Fetching ASNs from http://printechsdammam.dyndns.org:88/api/method/printechs_wms.api.wms_sync.get_asns_for_wms?export_pending=1&include_items=1
[2026-04-20 15:58:40] INFO: ErpNextWmsSyncApiService: [MR] Fetched 2 ASNs
[2026-04-20 15:58:40] INFO: ErpNextWmsSyncApiService: [ERPNext 9] Fetching ASNs from http://printechsdammam.dyndns.org:88/api/method/printechs_wms.api.wms_sync.get_asns_for_wms?export_pending=1&include_items=1
[2026-04-20 15:58:40] INFO: ErpNextWmsSyncApiService: [ERPNext 9] Fetched 2 ASNs
[2026-04-20 15:58:40] INFO: ErpNextWmsSyncApiService: [Stock Entry] Fetching ASNs from http://printechsdammam.dyndns.org:88/api/method/printechs_wms.api.wms_sync.get_asns_for_wms?export_pending=1&include_items=1
[2026-04-20 15:58:40] INFO: ErpNextWmsSyncApiService: [Stock Entry] Fetched 2 ASNs
[2026-04-20 15:58:40] INFO: ErpNextWmsSyncApiService: [ERPNext 11] Fetching ASNs from http://printechsdammam.dyndns.org:88/api/method/printechs_wms.api.wms_sync.get_asns_for_wms?export_pending=1&include_items=1
[2026-04-20 15:58:40] INFO: ErpNextWmsSyncApiService: [ERPNext 11] Fetched 2 ASNs
[2026-04-20 15:58:40] INFO: ErpNextWmsSyncApiService: ERPNext 13 API URL or key not configured
[2026-04-20 15:58:40] INFO: AsnSyncFromErpNextService: Syncing 2 ASN(s) with items.
[2026-04-20 15:58:40] INFO: ASN sync from ERPNext completed. Fetched: 2, ASNs inserted: 0, updated: 2, items: 10, errors: 0
[2026-04-20 15:58:40] INFO: ErpNextWmsSyncApiService: Posting ASN ASN-0002 status=Exported to http://printechsdammam.dyndns.org:88/api/method/printechs_wms.api.wms_sync.update_asn_wms_status
[2026-04-20 15:58:40] INFO: ErpNextWmsSyncApiService: ASN status updated successfully.
[2026-04-20 15:58:40] INFO: ErpNextWmsSyncApiService: Posting ASN ASN-0001 status=Exported to http://printechsdammam.dyndns.org:88/api/method/printechs_wms.api.wms_sync.update_asn_wms_status
[2026-04-20 15:58:40] ERROR: ErpNextWmsSyncApiService: ASN status API returned ExpectationFailed: {"exception":"frappe.exceptions.ValidationError:  Status cannot be \"Partially Received\". It should be one of \"Draft\", \"Open\", \"Completed\", \"Cancelled\"","exc_type":"ValidationError","_exc_source":"printechs_wms (app)","exc":"[\"Traceback (most recent call last):\\n  File \\\"apps/frappe/frappe/app.py\\\", line 120, in application\\n    response = frappe.api.handle(request)\\n               ^^^^^^^^^^^^^^^^^^^^^^^^^^\\n  File \\\"apps/frappe/frappe/api/__init__.py\\\", line 52, in handle\\n    data = endpoint(**arguments)\\n           ^^^^^^^^^^^^^^^^^^^^^\\n  File \\\"apps/frappe/frappe/api/v1.py\\\", line 40, in handle_rpc_call\\n    return frappe.handler.handle()\\n           ^^^^^^^^^^^^^^^^^^^^^^^\\n  File \\\"apps/frappe/frappe/handler.py\\\", line 52, in handle\\n    data = execute_cmd(cmd)\\n           ^^^^^^^^^^^^^^^^\\n  File \\\"apps/frappe/frappe/handler.py\\\", line 85, in execute_cmd\\n    return frappe.call(method, **frappe.form_dict)\\n           ^^^^^^^^^^^^^^^^^^^^^^^^^^^^^^^^^^^^^^^\\n  File \\\"apps/frappe/frappe/__init__.py\\\", line 1754, in call\\n    return fn(*args, **newargs)\\n           ^^^^^^^^^^^^^^^^^^^^\\n  File \\\"apps/frappe/frappe/utils/typing_validations.py\\\", line 32, in wrapper\\n    return func(*args, **kwargs)\\n           ^^^^^^^^^^^^^^^^^^^^^\\n  File \\\"apps/printechs_wms/printechs_wms/api/wms_sync.py\\\", line 379, in update_asn_wms_status\\n    doc.save()\\n  File \\\"apps/frappe/frappe/model/document.py\\\", line 378, in save\\n    return self._save(*args, **kwargs)\\n           ^^^^^^^^^^^^^^^^^^^^^^^^^^^\\n  File \\\"apps/frappe/frappe/model/document.py\\\", line 417, in _save\\n    self._validate()\\n  File \\\"apps/frappe/frappe/model/document.py\\\", line 624, in _validate\\n    self._validate_selects()\\n  File \\\"apps/frappe/frappe/model/base_document.py\\\", line 913, in _validate_selects\\n    frappe.throw(\\n  File \\\"apps/frappe/frappe/__init__.py\\\", line 609, in throw\\n    msgprint(\\n  File \\\"apps/frappe/frappe/__init__.py\\\", line 574, in msgprint\\n    _raise_exception()\\n  File \\\"apps/frappe/frappe/__init__.py\\\", line 525, in _raise_exception\\n    raise exc\\nfrappe.exceptions.ValidationError:  Status cannot be \\\"Partially Received\\\". It should be one of \\\"Draft\\\", \\\"Open\\\", \\\"Completed\\\", \\\"Cancelled\\\"\\n\"]","_server_messages":"[\"{\\\"message\\\": \\\" Status cannot be \\\\\\\"Partially Received\\\\\\\". It should be one of \\\\\\\"Draft\\\\\\\", \\\\\\\"Open\\\\\\\", \\\\\\\"Completed\\\\\\\", \\\\\\\"Cancelled\\\\\\\"\\\", \\\"title\\\": \\\"Message\\\", \\\"indicator\\\": \\\"red\\\", \\\"raise_exception\\\": 1, \\\"__frappe_exc_id\\\": \\\"ca828079c4c49c73865ba14e19a6d6df26891c0ff1944e9e5a0e8dd3\\\"}\"]"}
--------------------------------------------------------------------------------
[2026-04-20 15:58:40] ERROR: AsnSyncFromErpNextService: Failed to post ASN ASN-0001 status to ERPNext: ExpectationFailed: {"exception":"frappe.exceptions.ValidationError:  Status cannot be \"Partially Received\". It should be one of \"Draft\", \"Open\", \"Completed\", \"Cancelled\"","exc_type":"ValidationError","_exc_source":"printechs_wms (app)","exc":"[\"Traceback (most recent call last):\\n  File \\\"apps/frappe/frappe/app.py\\\", line 120, in application\\n    response = frappe.api.handle(request)\\n               ^^^^^^^^^^^^^^^^^^^^^^^^^^\\n  File \\\"apps/frappe/frappe/api/__init__.py\\\", line 52, in handle\\n    data = endpoint(**arguments)\\n           ^^^^^^^^^^^^^^^^^^^^^\\n  File \\\"apps/frappe/frappe/api/v1.py\\\", line 40, in handle_rpc_call\\n    return frappe.handler.handle()\\n           ^^^^^^^^^^^^^^^^^^^^^^^\\n  File \\\"apps/frappe/frappe/handler.py\\\", line 52, in handle\\n    data = execute_cmd(cmd)\\n           ^^^^^^^^^^^^^^^^\\n  File \\\"apps/frappe/frappe/handler.py\\\", line 85, in execute_cmd\\n    return frappe.call(method, **frappe.form_dict)\\n           ^^^^^^^^^^^^^^^^^^^^^^^^^^^^^^^^^^^^^^^\\n  File \\\"apps/frappe/frappe/__init__.py\\\", line 1754, in call\\n    return fn(*args, **newargs)\\n           ^^^^^^^^^^^^^^^^^^^^\\n  File \\\"apps/frappe/frappe/utils/typing_validations.py\\\", line 32, in wrapper\\n    return func(*args, **kwargs)\\n           ^^^^^^^^^^^^^^^^^^^^^\\n  File \\\"apps/printechs_wms/printechs_wms/api/wms_sync.py\\\", line 379, in update_asn_wms_status\\n    doc.save()\\n  File \\\"apps/frappe/frappe/model/document.py\\\", line 378, in save\\n    return self._save(*args, **kwargs)\\n           ^^^^^^^^^^^^^^^^^^^^^^^^^^^\\n  File \\\"apps/frappe/frappe/model/document.py\\\", line 417, in _save\\n    self._validate()\\n  File \\\"apps/frappe/frappe/model/document.py\\\", line 624, in _validate\\n    self._validate_selects()\\n  File \\\"apps/frappe/frappe/model/base_document.py\\\", line 913, in _validate_selects\\n    frappe.throw(\\n  File \\\"apps/frappe/frappe/__init__.py\\\", line 609, in throw\\n    msgprint(\\n  File \\\"apps/frappe/frappe/__init__.py\\\", line 574, in msgprint\\n    _raise_exception()\\n  File \\\"apps/frappe/frappe/__init__.py\\\", line 525, in _raise_exception\\n    raise exc\\nfrappe.exceptions.ValidationError:  Status cannot be \\\"Partially Received\\\". It should be one of \\\"Draft\\\", \\\"Open\\\", \\\"Completed\\\", \\\"Cancelled\\\"\\n\"]","_server_messages":"[\"{\\\"message\\\": \\\" Status cannot be \\\\\\\"Partially Received\\\\\\\". It should be one of \\\\\\\"Draft\\\\\\\", \\\\\\\"Open\\\\\\\", \\\\\\\"Completed\\\\\\\", \\\\\\\"Cancelled\\\\\\\"\\\", \\\"title\\\": \\\"Message\\\", \\\"indicator\\\": \\\"red\\\", \\\"raise_exception\\\": 1, \\\"__frappe_exc_id\\\": \\\"ca828079c4c49c73865ba14e19a6d6df26891c0ff1944e9e5a0e8dd3\\\"}\"]"}
--------------------------------------------------------------------------------
[2026-04-20 15:58:40] INFO: AsnSyncFromErpNextService: ASN status posted to ERPNext: 1/2 updated (update_asn_wms_status per ASN)
[2026-04-20 15:58:40] INFO: Transfer Order sync from ERPNext started.
[2026-04-20 15:58:40] INFO: ErpNextWmsSyncApiService: [Item Group] Fetching Transfer Orders from http://printechsdammam.dyndns.org:88/api/method/printechs_wms.api.wms_sync.get_tos_for_wms?export_pending=1&include_items=1&docstatus=1
[2026-04-20 15:58:40] INFO: ErpNextWmsSyncApiService: [Item Group] Fetched 1 Transfer Orders
[2026-04-20 15:58:40] INFO: ErpNextWmsSyncApiService: [TO] Fetching Transfer Orders from http://printechsdammam.dyndns.org:88/api/method/printechs_wms.api.wms_sync.get_tos_for_wms?export_pending=1&include_items=1&docstatus=1
[2026-04-20 15:58:40] INFO: ErpNextWmsSyncApiService: [TO] Fetched 1 Transfer Orders
[2026-04-20 15:58:40] INFO: ErpNextWmsSyncApiService: [TO Status] Fetching Transfer Orders from http://printechsdammam.dyndns.org:88/api/method/printechs_wms.api.wms_sync.get_tos_for_wms?export_pending=1&include_items=1&docstatus=1
[2026-04-20 15:58:40] INFO: ErpNextWmsSyncApiService: [TO Status] Fetched 1 Transfer Orders
[2026-04-20 15:58:40] INFO: ErpNextWmsSyncApiService: [MR] Fetching Transfer Orders from http://printechsdammam.dyndns.org:88/api/method/printechs_wms.api.wms_sync.get_tos_for_wms?export_pending=1&include_items=1&docstatus=1
[2026-04-20 15:58:40] INFO: ErpNextWmsSyncApiService: [MR] Fetched 1 Transfer Orders
[2026-04-20 15:58:40] INFO: ErpNextWmsSyncApiService: [ERPNext 9] Fetching Transfer Orders from http://printechsdammam.dyndns.org:88/api/method/printechs_wms.api.wms_sync.get_tos_for_wms?export_pending=1&include_items=1&docstatus=1
[2026-04-20 15:58:40] INFO: ErpNextWmsSyncApiService: [ERPNext 9] Fetched 1 Transfer Orders
[2026-04-20 15:58:40] INFO: ErpNextWmsSyncApiService: [Stock Entry] Fetching Transfer Orders from http://printechsdammam.dyndns.org:88/api/method/printechs_wms.api.wms_sync.get_tos_for_wms?export_pending=1&include_items=1&docstatus=1
[2026-04-20 15:58:40] INFO: ErpNextWmsSyncApiService: [Stock Entry] Fetched 1 Transfer Orders
[2026-04-20 15:58:40] INFO: ErpNextWmsSyncApiService: [ERPNext 11] Fetching Transfer Orders from http://printechsdammam.dyndns.org:88/api/method/printechs_wms.api.wms_sync.get_tos_for_wms?export_pending=1&include_items=1&docstatus=1
[2026-04-20 15:58:40] INFO: ErpNextWmsSyncApiService: [ERPNext 11] Fetched 1 Transfer Orders
[2026-04-20 15:58:40] INFO: ErpNextWmsSyncApiService: ERPNext 13 API URL or key not configured
[2026-04-20 15:58:40] INFO: TransferOrderSyncFromErpNextService: Syncing 1 TO(s) with items.
[2026-04-20 15:58:41] INFO: Transfer Order sync from ERPNext completed. Fetched: 1, TOs inserted: 0, updated: 1, items: 4, errors: 0
[2026-04-20 15:58:41] ERROR: ErpNextWmsSyncApiService: TO status API returned ExpectationFailed: {"exception":"frappe.exceptions.ValidationError: Failed to get method for command printechs_wms.api.wms_sync.update_transfer_order_wms_status with module 'printechs_wms.api.wms_sync' has no attribute 'update_transfer_order_wms_status'","exc_type":"ValidationError","exc":"[\"Traceback (most recent call last):\\n  File \\\"apps/frappe/frappe/handler.py\\\", line 74, in execute_cmd\\n    method = get_attr(cmd)\\n             ^^^^^^^^^^^^^\\n  File \\\"apps/frappe/frappe/handler.py\\\", line 292, in get_attr\\n    method = frappe.get_attr(cmd)\\n             ^^^^^^^^^^^^^^^^^^^^\\n  File \\\"apps/frappe/frappe/__init__.py\\\", line 1744, in get_attr\\n    return getattr(get_module(modulename), methodname)\\n           ^^^^^^^^^^^^^^^^^^^^^^^^^^^^^^^^^^^^^^^^^^^\\nAttributeError: module 'printechs_wms.api.wms_sync' has no attribute 'update_transfer_order_wms_status'\\n\\nDuring handling of the above exception, another exception occurred:\\n\\nTraceback (most recent call last):\\n  File \\\"apps/frappe/frappe/app.py\\\", line 120, in application\\n    response = frappe.api.handle(request)\\n               ^^^^^^^^^^^^^^^^^^^^^^^^^^\\n  File \\\"apps/frappe/frappe/api/__init__.py\\\", line 52, in handle\\n    data = endpoint(**arguments)\\n           ^^^^^^^^^^^^^^^^^^^^^\\n  File \\\"apps/frappe/frappe/api/v1.py\\\", line 40, in handle_rpc_call\\n    return frappe.handler.handle()\\n           ^^^^^^^^^^^^^^^^^^^^^^^\\n  File \\\"apps/frappe/frappe/handler.py\\\", line 52, in handle\\n    data = execute_cmd(cmd)\\n           ^^^^^^^^^^^^^^^^\\n  File \\\"apps/frappe/frappe/handler.py\\\", line 76, in execute_cmd\\n    frappe.throw(_(\\\"Failed to get method for command {0} with {1}\\\").format(cmd, e))\\n  File \\\"apps/frappe/frappe/__init__.py\\\", line 609, in throw\\n    msgprint(\\n  File \\\"apps/frappe/frappe/__init__.py\\\", line 574, in msgprint\\n    _raise_exception()\\n  File \\\"apps/frappe/frappe/__init__.py\\\", line 525, in _raise_exception\\n    raise exc\\nfrappe.exceptions.ValidationError: Failed to get method for command printechs_wms.api.wms_sync.update_transfer_order_wms_status with module 'printechs_wms.api.wms_sync' has no attribute 'update_transfer_order_wms_status'\\n\"]","_server_messages":"[\"{\\\"message\\\": \\\"Failed to get method for command printechs_wms.api.wms_sync.update_transfer_order_wms_status with module 'printechs_wms.api.wms_sync' has no attribute 'update_transfer_order_wms_status'\\\", \\\"title\\\": \\\"Message\\\", \\\"indicator\\\": \\\"red\\\", \\\"raise_exception\\\": 1, \\\"__frappe_exc_id\\\": \\\"aa8d9461840db5d1c8b8c044277dcd9c655755fd71a07955484d48a0\\\"}\"]"}
--------------------------------------------------------------------------------
[2026-04-20 15:58:41] ERROR: TransferOrderSyncFromErpNextService: Failed to post TO WMS-TO-00001 status to ERPNext: ExpectationFailed: {"exception":"frappe.exceptions.ValidationError: Failed to get method for command printechs_wms.api.wms_sync.update_transfer_order_wms_status with module 'printechs_wms.api.wms_sync' has no attribute 'update_transfer_order_wms_status'","exc_type":"ValidationError","exc":"[\"Traceback (most recent call last):\\n  File \\\"apps/frappe/frappe/handler.py\\\", line 74, in execute_cmd\\n    method = get_attr(cmd)\\n             ^^^^^^^^^^^^^\\n  File \\\"apps/frappe/frappe/handler.py\\\", line 292, in get_attr\\n    method = frappe.get_attr(cmd)\\n             ^^^^^^^^^^^^^^^^^^^^\\n  File \\\"apps/frappe/frappe/__init__.py\\\", line 1744, in get_attr\\n    return getattr(get_module(modulename), methodname)\\n           ^^^^^^^^^^^^^^^^^^^^^^^^^^^^^^^^^^^^^^^^^^^\\nAttributeError: module 'printechs_wms.api.wms_sync' has no attribute 'update_transfer_order_wms_status'\\n\\nDuring handling of the above exception, another exception occurred:\\n\\nTraceback (most recent call last):\\n  File \\\"apps/frappe/frappe/app.py\\\", line 120, in application\\n    response = frappe.api.handle(request)\\n               ^^^^^^^^^^^^^^^^^^^^^^^^^^\\n  File \\\"apps/frappe/frappe/api/__init__.py\\\", line 52, in handle\\n    data = endpoint(**arguments)\\n           ^^^^^^^^^^^^^^^^^^^^^\\n  File \\\"apps/frappe/frappe/api/v1.py\\\", line 40, in handle_rpc_call\\n    return frappe.handler.handle()\\n           ^^^^^^^^^^^^^^^^^^^^^^^\\n  File \\\"apps/frappe/frappe/handler.py\\\", line 52, in handle\\n    data = execute_cmd(cmd)\\n           ^^^^^^^^^^^^^^^^\\n  File \\\"apps/frappe/frappe/handler.py\\\", line 76, in execute_cmd\\n    frappe.throw(_(\\\"Failed to get method for command {0} with {1}\\\").format(cmd, e))\\n  File \\\"apps/frappe/frappe/__init__.py\\\", line 609, in throw\\n    msgprint(\\n  File \\\"apps/frappe/frappe/__init__.py\\\", line 574, in msgprint\\n    _raise_exception()\\n  File \\\"apps/frappe/frappe/__init__.py\\\", line 525, in _raise_exception\\n    raise exc\\nfrappe.exceptions.ValidationError: Failed to get method for command printechs_wms.api.wms_sync.update_transfer_order_wms_status with module 'printechs_wms.api.wms_sync' has no attribute 'update_transfer_order_wms_status'\\n\"]","_server_messages":"[\"{\\\"message\\\": \\\"Failed to get method for command printechs_wms.api.wms_sync.update_transfer_order_wms_status with module 'printechs_wms.api.wms_sync' has no attribute 'update_transfer_order_wms_status'\\\", \\\"title\\\": \\\"Message\\\", \\\"indicator\\\": \\\"red\\\", \\\"raise_exception\\\": 1, \\\"__frappe_exc_id\\\": \\\"aa8d9461840db5d1c8b8c044277dcd9c655755fd71a07955484d48a0\\\"}\"]"}
--------------------------------------------------------------------------------
[2026-04-20 15:58:41] INFO: TransferOrderSyncFromErpNextService: TO status posted to ERPNext: 0/1 updated (update_transfer_order_wms_status per TO)
[2026-04-20 15:58:41] INFO: Material Request sync from ERPNext started.
[2026-04-20 15:58:41] INFO: ErpNextWmsSyncApiService: [Item Group] Fetching Material Requests from http://printechsdammam.dyndns.org:88/api/method/printechs_wms.api.material_request.get_material_transfer_requests?from_warehouse=Main%20Warehouse%20-%20MAATC&state=Pending&docstatus=1&include_items=1&limit=200
[2026-04-20 15:58:41] INFO: ErpNextWmsSyncApiService: [Item Group] Fetched 1 Material Requests
[2026-04-20 15:58:41] INFO: ErpNextWmsSyncApiService: [MR] Fetching Material Requests from http://printechsdammam.dyndns.org:88/api/method/printechs_wms.api.material_request.get_material_transfer_requests?from_warehouse=Main%20Warehouse%20-%20MAATC&state=Pending&docstatus=1&include_items=1&limit=200
[2026-04-20 15:58:41] INFO: ErpNextWmsSyncApiService: [MR] Fetched 1 Material Requests
[2026-04-20 15:58:41] INFO: ErpNextWmsSyncApiService: [ERPNext 9] Fetching Material Requests from http://printechsdammam.dyndns.org:88/api/method/printechs_wms.api.material_request.get_material_transfer_requests?from_warehouse=Main%20Warehouse%20-%20MAATC&state=Pending&docstatus=1&include_items=1&limit=200
[2026-04-20 15:58:41] INFO: ErpNextWmsSyncApiService: [ERPNext 9] Fetched 1 Material Requests
[2026-04-20 15:58:41] INFO: ErpNextWmsSyncApiService: [Stock Entry] Fetching Material Requests from http://printechsdammam.dyndns.org:88/api/method/printechs_wms.api.material_request.get_material_transfer_requests?from_warehouse=Main%20Warehouse%20-%20MAATC&state=Pending&docstatus=1&include_items=1&limit=200
[2026-04-20 15:58:41] INFO: ErpNextWmsSyncApiService: [Stock Entry] Fetched 1 Material Requests
[2026-04-20 15:58:41] INFO: ErpNextWmsSyncApiService: [ERPNext 11] Fetching Material Requests from http://printechsdammam.dyndns.org:88/api/method/printechs_wms.api.material_request.get_material_transfer_requests?from_warehouse=Main%20Warehouse%20-%20MAATC&state=Pending&docstatus=1&include_items=1&limit=200
[2026-04-20 15:58:41] INFO: ErpNextWmsSyncApiService: [ERPNext 11] Fetched 1 Material Requests
[2026-04-20 15:58:41] INFO: ErpNextWmsSyncApiService: [ERPNext 13] Fetching Material Requests from /api/method/printechs_wms.api.asn_to_purchase_receipt.get_pr_status_for_asn?asn_no=<linked ASN>/api/method/printechs_wms.api.material_request.get_material_transfer_requests?from_warehouse=Main%20Warehouse%20-%20MAATC&state=Pending&docstatus=1&include_items=1&limit=200
[2026-04-20 15:58:41] ERROR: ErpNextWmsSyncApiService: [ERPNext 13] Error fetching Material Requests: An invalid request URI was provided. Either the request URI must be an absolute URI or BaseAddress must be set.
Exception Type: InvalidOperationException
Exception Message: An invalid request URI was provided. Either the request URI must be an absolute URI or BaseAddress must be set.
Stack Trace:    at System.Net.Http.HttpClient.PrepareRequestMessage(HttpRequestMessage request)
   at System.Net.Http.HttpClient.GetAsync(String requestUri)
   at Wms.Desktop.Services.ErpNextWmsSyncApiService.FetchMessageListAsync[T](String apiUrl, String apiKey, String label, String entityName) in D:\Development Project\Printechs WMS\Wms.Desktop\Services\ErpNextWmsSyncApiService.cs:line 523
--------------------------------------------------------------------------------
[2026-04-20 15:58:41] INFO: MaterialRequestSyncFromErpNextService: Syncing 1 Material Request(s) with items.
[2026-04-20 15:58:41] INFO: MaterialRequestSyncFromErpNextService: MR MAT-MR-2026-00001: inserting 2 item(s) (preserving local picked qty where higher).
[2026-04-20 15:58:41] INFO: Material Request sync from ERPNext completed. Fetched: 1, MRs inserted: 0, updated: 1, items: 2, errors: 0
[2026-04-20 15:58:41] INFO: Transfer In sync from ERPNext started (tabTransferIn / tabTransferInItem).
[2026-04-20 15:58:41] INFO: TransferInSyncFromErpNextService: Step 1 - Dropping legacy tabTransferInStockEntry tables if they exist.
[2026-04-20 15:58:41] INFO: DatabaseService: Dropped tabTransferInStockEntry and tabTransferInStockEntryItem if they existed.
[2026-04-20 15:58:41] INFO: TransferInSyncFromErpNextService: Step 2 - Connecting to database: wms_desktop, host: localhost
[2026-04-20 15:58:41] INFO: TransferInSyncFromErpNextService: Step 3 - Connection opened. Database: wms_desktop
[2026-04-20 15:58:41] INFO: TransferInSyncFromErpNextService: Step 4 - Using 6 endpoint(s) for Transfer In.
[2026-04-20 15:58:41] INFO: ErpNextWmsSyncApiService: [Item Group] Fetching Transfer In Stock Entries from http://printechsdammam.dyndns.org:88/api/method/printechs_wms.api.transfer_in_sync.get_material_transfer_stock_entries?add_to_transit=1&custom_receiving_warehouse=Main%20Warehouse%20-%20MAATC&docstatus=1
[2026-04-20 15:58:41] INFO: ErpNextWmsSyncApiService: [Item Group] Fetched 1 Transfer In Stock Entries
[2026-04-20 15:58:41] INFO: TransferInSyncFromErpNextService: Endpoint [Item Group] returned 1 raw entry(ies).
[2026-04-20 15:58:41] INFO: ErpNextWmsSyncApiService: [MR] Fetching Transfer In Stock Entries from http://printechsdammam.dyndns.org:88/api/method/printechs_wms.api.transfer_in_sync.get_material_transfer_stock_entries?add_to_transit=1&custom_receiving_warehouse=Main%20Warehouse%20-%20MAATC&docstatus=1
[2026-04-20 15:58:41] INFO: ErpNextWmsSyncApiService: [MR] Fetched 1 Transfer In Stock Entries
[2026-04-20 15:58:41] INFO: TransferInSyncFromErpNextService: Endpoint [MR] returned 1 raw entry(ies).
[2026-04-20 15:58:41] INFO: ErpNextWmsSyncApiService: [ERPNext 9] Fetching Transfer In Stock Entries from http://printechsdammam.dyndns.org:88/api/method/printechs_wms.api.transfer_in_sync.get_material_transfer_stock_entries?to_warehouse=Main%20Warehouse%20-%20MAATC&docstatus=1
[2026-04-20 15:58:41] INFO: ErpNextWmsSyncApiService: [ERPNext 9] Fetched 1 Transfer In Stock Entries
[2026-04-20 15:58:41] INFO: TransferInSyncFromErpNextService: Endpoint [ERPNext 9] returned 1 raw entry(ies).
[2026-04-20 15:58:41] INFO: ErpNextWmsSyncApiService: [Stock Entry] Fetching Transfer In Stock Entries from http://printechsdammam.dyndns.org:88/api/method/printechs_wms.api.transfer_in_sync.get_material_transfer_stock_entries?add_to_transit=1&custom_receiving_warehouse=Main%20Warehouse%20-%20MAATC&docstatus=1
[2026-04-20 15:58:41] INFO: ErpNextWmsSyncApiService: [Stock Entry] Fetched 1 Transfer In Stock Entries
[2026-04-20 15:58:41] INFO: TransferInSyncFromErpNextService: Endpoint [Stock Entry] returned 1 raw entry(ies).
[2026-04-20 15:58:41] INFO: ErpNextWmsSyncApiService: [ERPNext 11] Fetching Transfer In Stock Entries from http://printechsdammam.dyndns.org:88/api/method/printechs_wms.api.transfer_in_sync.get_material_transfer_stock_entries?add_to_transit=1&custom_receiving_warehouse=Main%20Warehouse%20-%20MAATC&docstatus=1
[2026-04-20 15:58:41] INFO: ErpNextWmsSyncApiService: [ERPNext 11] Fetched 1 Transfer In Stock Entries
[2026-04-20 15:58:41] INFO: TransferInSyncFromErpNextService: Endpoint [ERPNext 11] returned 1 raw entry(ies).
[2026-04-20 15:58:41] INFO: ErpNextWmsSyncApiService: [ERPNext 13] Fetching Transfer In Stock Entries from /api/method/printechs_wms.api.asn_to_purchase_receipt.get_pr_status_for_asn?asn_no=<linked ASN>/api/method/printechs_wms.api.transfer_in_sync.get_material_transfer_stock_entries?add_to_transit=1&custom_receiving_warehouse=Main%20Warehouse%20-%20MAATC&docstatus=1
[2026-04-20 15:58:41] ERROR: ErpNextWmsSyncApiService: [ERPNext 13] Error fetching Transfer In Stock Entries: An invalid request URI was provided. Either the request URI must be an absolute URI or BaseAddress must be set.
Exception Type: InvalidOperationException
Exception Message: An invalid request URI was provided. Either the request URI must be an absolute URI or BaseAddress must be set.
Stack Trace:    at System.Net.Http.HttpClient.PrepareRequestMessage(HttpRequestMessage request)
   at System.Net.Http.HttpClient.GetAsync(String requestUri)
   at Wms.Desktop.Services.ErpNextWmsSyncApiService.FetchMessageListAsync[T](String apiUrl, String apiKey, String label, String entityName) in D:\Development Project\Printechs WMS\Wms.Desktop\Services\ErpNextWmsSyncApiService.cs:line 523
--------------------------------------------------------------------------------
[2026-04-20 15:58:41] INFO: TransferInSyncFromErpNextService: Step 5 - Total raw entries from API: 5
[2026-04-20 15:58:41] INFO: TransferInSyncFromErpNextService: Step 6 - After dedupe: 2 unique Transfer In(s) to sync. Keys: [MAT-STE-2026-00002, MAT-STE-2026-00003]
[2026-04-20 15:58:41] INFO: TransferInSyncFromErpNextService: --- Processing entry: MAT-STE-2026-00002 ---
[2026-04-20 15:58:41] INFO: TransferInSyncFromErpNextService: tabTransferIn INSERT/UPDATE for MAT-STE-2026-00002 affected rows: 2 (1=inserted, 2=updated).
[2026-04-20 15:58:41] INFO: TransferInSyncFromErpNextService: DELETE old tabTransferInItem for MAT-STE-2026-00002 deleted rows: 2.
[2026-04-20 15:58:41] INFO: TransferInSyncFromErpNextService: Entry MAT-STE-2026-00002: inserting 2 item(s) into tabTransferInItem.
[2026-04-20 15:58:41] INFO: TransferInSyncFromErpNextService: Inserting tabTransferInItem: parent=MAT-STE-2026-00002, item_code=108231, qty=5.
[2026-04-20 15:58:41] INFO: TransferInSyncFromErpNextService: Item INSERT for 108231 affected rows: 1.
[2026-04-20 15:58:41] INFO: TransferInSyncFromErpNextService: Inserting tabTransferInItem: parent=MAT-STE-2026-00002, item_code=108229, qty=5.
[2026-04-20 15:58:41] INFO: TransferInSyncFromErpNextService: Item INSERT for 108229 affected rows: 1.
[2026-04-20 15:58:41] INFO: TransferInSyncFromErpNextService: Committing transaction for MAT-STE-2026-00002.
[2026-04-20 15:58:41] INFO: TransferInSyncFromErpNextService: Transaction committed for MAT-STE-2026-00002.
[2026-04-20 15:58:41] INFO: TransferInSyncFromErpNextService: Verification tabTransferInItem count for MAT-STE-2026-00002 => 2 row(s).
[2026-04-20 15:58:41] INFO: TransferInSyncFromErpNextService: --- Processing entry: MAT-STE-2026-00003 ---
[2026-04-20 15:58:41] INFO: TransferInSyncFromErpNextService: tabTransferIn INSERT/UPDATE for MAT-STE-2026-00003 affected rows: 2 (1=inserted, 2=updated).
[2026-04-20 15:58:41] INFO: TransferInSyncFromErpNextService: DELETE old tabTransferInItem for MAT-STE-2026-00003 deleted rows: 2.
[2026-04-20 15:58:41] INFO: TransferInSyncFromErpNextService: Entry MAT-STE-2026-00003: inserting 2 item(s) into tabTransferInItem.
[2026-04-20 15:58:41] INFO: TransferInSyncFromErpNextService: Inserting tabTransferInItem: parent=MAT-STE-2026-00003, item_code=108231, qty=5.
[2026-04-20 15:58:41] INFO: TransferInSyncFromErpNextService: Item INSERT for 108231 affected rows: 1.
[2026-04-20 15:58:41] INFO: TransferInSyncFromErpNextService: Inserting tabTransferInItem: parent=MAT-STE-2026-00003, item_code=108229, qty=5.
[2026-04-20 15:58:41] INFO: TransferInSyncFromErpNextService: Item INSERT for 108229 affected rows: 1.
[2026-04-20 15:58:41] INFO: TransferInSyncFromErpNextService: Committing transaction for MAT-STE-2026-00003.
[2026-04-20 15:58:41] INFO: TransferInSyncFromErpNextService: Transaction committed for MAT-STE-2026-00003.
[2026-04-20 15:58:41] INFO: TransferInSyncFromErpNextService: Verification tabTransferInItem count for MAT-STE-2026-00003 => 2 row(s).
[2026-04-20 15:58:41] INFO: Transfer In sync from ERPNext completed. Fetched: 2, entries inserted: 0, updated: 2, items: 4, errors: 0
[2026-04-20 15:58:41] INFO: ErpNextWmsSyncApiService: WMS snapshot updated successfully.
[2026-04-20 15:58:41] INFO: ErpNextWmsSyncApiService: Calling rebuild_wms_stock_balance for company=Mohammed Abdullah Almousa Trading Company, warehouse=Main Warehouse - MAATC
[2026-04-20 15:58:42] INFO: ErpNextWmsSyncApiService: rebuild_wms_stock_balance updated successfully.
[2026-04-20 15:58:42] INFO: ErpNextWmsSyncApiService: rebuild_wms_stock_balance completed successfully.
[2026-04-20 15:58:47] INFO: ASN ASN-0001 Carton CNWH12858: Assigned=Assigned, Actual=Received, ReceivedQty=50
[2026-04-20 15:58:47] INFO: ASN ASN-0001 Carton CNWH12854: Assigned=Assigned, Actual=Received, ReceivedQty=51
[2026-04-20 15:58:47] INFO: ASN ASN-0001 Carton CNWH15390: Assigned=Assigned, Actual=Received, ReceivedQty=50
[2026-04-20 15:58:47] INFO: ASN ASN-0001 Carton CNWH42441: Assigned=Assigned, Actual=Received, ReceivedQty=50
[2026-04-20 15:58:47] INFO: ASN ASN-0001 Carton CNWH64571: Assigned=Assigned, Actual=Received, ReceivedQty=50
[2026-04-20 15:58:47] INFO: ASN ASN-0001 Carton CNWH64521: Assigned=Assigned, Actual=Received, ReceivedQty=50
[2026-04-20 15:58:47] INFO: ASN ASN-0001 Carton CNWH63561: Assigned=Assigned, Actual=Received, ReceivedQty=50
[2026-04-20 15:58:47] INFO: ASN ASN-0001 Carton CNWH63609: Assigned=Assigned, Actual=Received, ReceivedQty=50
[2026-04-20 15:58:47] INFO: ASN ASN-0002 Carton CNWH12858: Assigned=Assigned, Actual=Assigned, ReceivedQty=0
[2026-04-20 15:58:47] INFO: ASN ASN-0002 Carton CNWH12854: Assigned=Assigned, Actual=Assigned, ReceivedQty=0
[2026-04-20 15:58:47] INFO: ASN ASN-0004 Carton CTN-5550: Assigned=Assigned, Actual=Assigned, ReceivedQty=0
[2026-04-20 15:58:47] INFO: ASN ASN-0004 Carton CTN-5550: Assigned=Assigned, Actual=Assigned, ReceivedQty=0
[2026-04-20 15:58:47] INFO: ASN ASN-0004 Carton CTN-5550: Assigned=Assigned, Actual=Assigned, ReceivedQty=0
[2026-04-20 15:58:47] INFO: ASN ASN-0005 Carton CTN-5550: Assigned=Assigned, Actual=Assigned, ReceivedQty=0
[2026-04-20 15:58:47] INFO: ASN ASN-0005 Carton CTN-5550: Assigned=Assigned, Actual=Assigned, ReceivedQty=0
[2026-04-20 15:58:47] INFO: ASN ASN-0005 Carton CTN-5550: Assigned=Assigned, Actual=Assigned, ReceivedQty=0
[2026-04-20 15:58:47] INFO: ASN ASN-0006 Carton CTN-5550: Assigned=Assigned, Actual=Assigned, ReceivedQty=0
[2026-04-20 15:58:47] INFO: ASN ASN-0006 Carton CTN-5550: Assigned=Assigned, Actual=Assigned, ReceivedQty=0
[2026-04-20 15:58:47] INFO: ASN ASN-0006 Carton CTN-5550: Assigned=Assigned, Actual=Assigned, ReceivedQty=0
[2026-04-20 15:58:48] INFO: TransferOrderApiService: Fetching transfer orders from http://localhost:3000/api/master/transfer-orders
[2026-04-20 15:58:50] INFO: TransferOrderApiService: Fetched 1 transfer order(s) from API
[2026-04-20 15:58:50] INFO: TransferOrderSyncService: Synced 0 new, 1 updated transfer order(s) from API
[2026-04-20 15:59:02] INFO: ASN ASN-0001 Carton CNWH12858: Assigned=Assigned, Actual=Received, ReceivedQty=50
[2026-04-20 15:59:02] INFO: ASN ASN-0001 Carton CNWH12854: Assigned=Assigned, Actual=Received, ReceivedQty=51
[2026-04-20 15:59:02] INFO: ASN ASN-0001 Carton CNWH15390: Assigned=Assigned, Actual=Received, ReceivedQty=50
[2026-04-20 15:59:02] INFO: ASN ASN-0001 Carton CNWH42441: Assigned=Assigned, Actual=Received, ReceivedQty=50
[2026-04-20 15:59:02] INFO: ASN ASN-0001 Carton CNWH64571: Assigned=Assigned, Actual=Received, ReceivedQty=50
[2026-04-20 15:59:02] INFO: ASN ASN-0001 Carton CNWH64521: Assigned=Assigned, Actual=Received, ReceivedQty=50
[2026-04-20 15:59:02] INFO: ASN ASN-0001 Carton CNWH63561: Assigned=Assigned, Actual=Received, ReceivedQty=50
[2026-04-20 15:59:02] INFO: ASN ASN-0001 Carton CNWH63609: Assigned=Assigned, Actual=Received, ReceivedQty=50
[2026-04-20 15:59:02] INFO: ASN ASN-0002 Carton CNWH12858: Assigned=Assigned, Actual=Assigned, ReceivedQty=0
[2026-04-20 15:59:02] INFO: ASN ASN-0002 Carton CNWH12854: Assigned=Assigned, Actual=Assigned, ReceivedQty=0
[2026-04-20 15:59:02] INFO: ASN ASN-0004 Carton CTN-5550: Assigned=Assigned, Actual=Assigned, ReceivedQty=0
[2026-04-20 15:59:02] INFO: ASN ASN-0004 Carton CTN-5550: Assigned=Assigned, Actual=Assigned, ReceivedQty=0
[2026-04-20 15:59:02] INFO: ASN ASN-0004 Carton CTN-5550: Assigned=Assigned, Actual=Assigned, ReceivedQty=0
[2026-04-20 15:59:02] INFO: ASN ASN-0005 Carton CTN-5550: Assigned=Assigned, Actual=Assigned, ReceivedQty=0
[2026-04-20 15:59:02] INFO: ASN ASN-0005 Carton CTN-5550: Assigned=Assigned, Actual=Assigned, ReceivedQty=0
[2026-04-20 15:59:02] INFO: ASN ASN-0005 Carton CTN-5550: Assigned=Assigned, Actual=Assigned, ReceivedQty=0
[2026-04-20 15:59:02] INFO: ASN ASN-0006 Carton CTN-5550: Assigned=Assigned, Actual=Assigned, ReceivedQty=0
[2026-04-20 15:59:02] INFO: ASN ASN-0006 Carton CTN-5550: Assigned=Assigned, Actual=Assigned, ReceivedQty=0
[2026-04-20 15:59:02] INFO: ASN ASN-0006 Carton CTN-5550: Assigned=Assigned, Actual=Assigned, ReceivedQty=0
[2026-04-20 16:01:13] INFO: TransferOrderApiService: Fetching transfer orders from http://localhost:3000/api/master/transfer-orders
[2026-04-20 16:01:15] INFO: TransferOrderApiService: Fetched 1 transfer order(s) from API
[2026-04-20 16:01:15] INFO: TransferOrderSyncService: Synced 0 new, 1 updated transfer order(s) from API
[2026-04-20 16:03:45] INFO: TransferOrderApiService: Fetching transfer orders from http://localhost:3000/api/master/transfer-orders
[2026-04-20 16:03:47] INFO: TransferOrderApiService: Fetched 0 transfer order(s) from API
[2026-04-20 16:03:47] INFO: TransferOrderSyncService: No transfer orders from API or API not available - keeping existing data
[2026-04-20 16:03:48] INFO: ASN sync from ERPNext started.
[2026-04-20 16:03:48] INFO: ErpNextWmsSyncApiService: [Item Group] Fetching ASNs from http://printechsdammam.dyndns.org:88/api/method/printechs_wms.api.wms_sync.get_asns_for_wms?export_pending=1&include_items=1
[2026-04-20 16:03:48] INFO: ErpNextWmsSyncApiService: [Item Group] Fetched 2 ASNs
[2026-04-20 16:03:48] INFO: ErpNextWmsSyncApiService: [ASN] Fetching ASNs from http://printechsdammam.dyndns.org:88/api/method/printechs_wms.api.wms_sync.get_asns_for_wms?export_pending=1&include_items=1
[2026-04-20 16:03:48] INFO: ErpNextWmsSyncApiService: [ASN] Fetched 2 ASNs
[2026-04-20 16:03:48] INFO: ErpNextWmsSyncApiService: [ASN Status] Fetching ASNs from http://printechsdammam.dyndns.org:88/api/method/printechs_wms.api.wms_sync.get_asns_for_wms?export_pending=1&include_items=1
[2026-04-20 16:03:49] INFO: ErpNextWmsSyncApiService: [ASN Status] Fetched 2 ASNs
[2026-04-20 16:03:49] INFO: ErpNextWmsSyncApiService: [MR] Fetching ASNs from http://printechsdammam.dyndns.org:88/api/method/printechs_wms.api.wms_sync.get_asns_for_wms?export_pending=1&include_items=1
[2026-04-20 16:03:49] INFO: ErpNextWmsSyncApiService: [MR] Fetched 2 ASNs
[2026-04-20 16:03:49] INFO: ErpNextWmsSyncApiService: [ERPNext 9] Fetching ASNs from http://printechsdammam.dyndns.org:88/api/method/printechs_wms.api.wms_sync.get_asns_for_wms?export_pending=1&include_items=1
[2026-04-20 16:03:49] INFO: ErpNextWmsSyncApiService: [ERPNext 9] Fetched 2 ASNs
[2026-04-20 16:03:49] INFO: ErpNextWmsSyncApiService: [Stock Entry] Fetching ASNs from http://printechsdammam.dyndns.org:88/api/method/printechs_wms.api.wms_sync.get_asns_for_wms?export_pending=1&include_items=1
[2026-04-20 16:03:49] INFO: ErpNextWmsSyncApiService: [Stock Entry] Fetched 2 ASNs
[2026-04-20 16:03:49] INFO: ErpNextWmsSyncApiService: [ERPNext 11] Fetching ASNs from http://printechsdammam.dyndns.org:88/api/method/printechs_wms.api.wms_sync.get_asns_for_wms?export_pending=1&include_items=1
[2026-04-20 16:03:49] INFO: ErpNextWmsSyncApiService: [ERPNext 11] Fetched 2 ASNs
[2026-04-20 16:03:49] INFO: ErpNextWmsSyncApiService: ERPNext 13 API URL or key not configured
[2026-04-20 16:03:49] INFO: AsnSyncFromErpNextService: Syncing 2 ASN(s) with items.
[2026-04-20 16:03:49] INFO: ASN sync from ERPNext completed. Fetched: 2, ASNs inserted: 2, updated: 0, items: 10, errors: 0
[2026-04-20 16:03:49] INFO: ErpNextWmsSyncApiService: Posting ASN ASN-0002 status=Exported to http://printechsdammam.dyndns.org:88/api/method/printechs_wms.api.wms_sync.update_asn_wms_status
[2026-04-20 16:03:49] INFO: ErpNextWmsSyncApiService: ASN status updated successfully.
[2026-04-20 16:03:49] INFO: ErpNextWmsSyncApiService: Posting ASN ASN-0001 status=Exported to http://printechsdammam.dyndns.org:88/api/method/printechs_wms.api.wms_sync.update_asn_wms_status
[2026-04-20 16:03:49] ERROR: ErpNextWmsSyncApiService: ASN status API returned ExpectationFailed: {"exception":"frappe.exceptions.ValidationError:  Status cannot be \"Partially Received\". It should be one of \"Draft\", \"Open\", \"Completed\", \"Cancelled\"","exc_type":"ValidationError","_exc_source":"printechs_wms (app)","exc":"[\"Traceback (most recent call last):\\n  File \\\"apps/frappe/frappe/app.py\\\", line 120, in application\\n    response = frappe.api.handle(request)\\n               ^^^^^^^^^^^^^^^^^^^^^^^^^^\\n  File \\\"apps/frappe/frappe/api/__init__.py\\\", line 52, in handle\\n    data = endpoint(**arguments)\\n           ^^^^^^^^^^^^^^^^^^^^^\\n  File \\\"apps/frappe/frappe/api/v1.py\\\", line 40, in handle_rpc_call\\n    return frappe.handler.handle()\\n           ^^^^^^^^^^^^^^^^^^^^^^^\\n  File \\\"apps/frappe/frappe/handler.py\\\", line 52, in handle\\n    data = execute_cmd(cmd)\\n           ^^^^^^^^^^^^^^^^\\n  File \\\"apps/frappe/frappe/handler.py\\\", line 85, in execute_cmd\\n    return frappe.call(method, **frappe.form_dict)\\n           ^^^^^^^^^^^^^^^^^^^^^^^^^^^^^^^^^^^^^^^\\n  File \\\"apps/frappe/frappe/__init__.py\\\", line 1754, in call\\n    return fn(*args, **newargs)\\n           ^^^^^^^^^^^^^^^^^^^^\\n  File \\\"apps/frappe/frappe/utils/typing_validations.py\\\", line 32, in wrapper\\n    return func(*args, **kwargs)\\n           ^^^^^^^^^^^^^^^^^^^^^\\n  File \\\"apps/printechs_wms/printechs_wms/api/wms_sync.py\\\", line 379, in update_asn_wms_status\\n    doc.save()\\n  File \\\"apps/frappe/frappe/model/document.py\\\", line 378, in save\\n    return self._save(*args, **kwargs)\\n           ^^^^^^^^^^^^^^^^^^^^^^^^^^^\\n  File \\\"apps/frappe/frappe/model/document.py\\\", line 417, in _save\\n    self._validate()\\n  File \\\"apps/frappe/frappe/model/document.py\\\", line 624, in _validate\\n    self._validate_selects()\\n  File \\\"apps/frappe/frappe/model/base_document.py\\\", line 913, in _validate_selects\\n    frappe.throw(\\n  File \\\"apps/frappe/frappe/__init__.py\\\", line 609, in throw\\n    msgprint(\\n  File \\\"apps/frappe/frappe/__init__.py\\\", line 574, in msgprint\\n    _raise_exception()\\n  File \\\"apps/frappe/frappe/__init__.py\\\", line 525, in _raise_exception\\n    raise exc\\nfrappe.exceptions.ValidationError:  Status cannot be \\\"Partially Received\\\". It should be one of \\\"Draft\\\", \\\"Open\\\", \\\"Completed\\\", \\\"Cancelled\\\"\\n\"]","_server_messages":"[\"{\\\"message\\\": \\\" Status cannot be \\\\\\\"Partially Received\\\\\\\". It should be one of \\\\\\\"Draft\\\\\\\", \\\\\\\"Open\\\\\\\", \\\\\\\"Completed\\\\\\\", \\\\\\\"Cancelled\\\\\\\"\\\", \\\"title\\\": \\\"Message\\\", \\\"indicator\\\": \\\"red\\\", \\\"raise_exception\\\": 1, \\\"__frappe_exc_id\\\": \\\"86619e89dcf00a8bc89d5d8190e24b95b809f45a05679266e79ae951\\\"}\"]"}
--------------------------------------------------------------------------------
[2026-04-20 16:03:49] ERROR: AsnSyncFromErpNextService: Failed to post ASN ASN-0001 status to ERPNext: ExpectationFailed: {"exception":"frappe.exceptions.ValidationError:  Status cannot be \"Partially Received\". It should be one of \"Draft\", \"Open\", \"Completed\", \"Cancelled\"","exc_type":"ValidationError","_exc_source":"printechs_wms (app)","exc":"[\"Traceback (most recent call last):\\n  File \\\"apps/frappe/frappe/app.py\\\", line 120, in application\\n    response = frappe.api.handle(request)\\n               ^^^^^^^^^^^^^^^^^^^^^^^^^^\\n  File \\\"apps/frappe/frappe/api/__init__.py\\\", line 52, in handle\\n    data = endpoint(**arguments)\\n           ^^^^^^^^^^^^^^^^^^^^^\\n  File \\\"apps/frappe/frappe/api/v1.py\\\", line 40, in handle_rpc_call\\n    return frappe.handler.handle()\\n           ^^^^^^^^^^^^^^^^^^^^^^^\\n  File \\\"apps/frappe/frappe/handler.py\\\", line 52, in handle\\n    data = execute_cmd(cmd)\\n           ^^^^^^^^^^^^^^^^\\n  File \\\"apps/frappe/frappe/handler.py\\\", line 85, in execute_cmd\\n    return frappe.call(method, **frappe.form_dict)\\n           ^^^^^^^^^^^^^^^^^^^^^^^^^^^^^^^^^^^^^^^\\n  File \\\"apps/frappe/frappe/__init__.py\\\", line 1754, in call\\n    return fn(*args, **newargs)\\n           ^^^^^^^^^^^^^^^^^^^^\\n  File \\\"apps/frappe/frappe/utils/typing_validations.py\\\", line 32, in wrapper\\n    return func(*args, **kwargs)\\n           ^^^^^^^^^^^^^^^^^^^^^\\n  File \\\"apps/printechs_wms/printechs_wms/api/wms_sync.py\\\", line 379, in update_asn_wms_status\\n    doc.save()\\n  File \\\"apps/frappe/frappe/model/document.py\\\", line 378, in save\\n    return self._save(*args, **kwargs)\\n           ^^^^^^^^^^^^^^^^^^^^^^^^^^^\\n  File \\\"apps/frappe/frappe/model/document.py\\\", line 417, in _save\\n    self._validate()\\n  File \\\"apps/frappe/frappe/model/document.py\\\", line 624, in _validate\\n    self._validate_selects()\\n  File \\\"apps/frappe/frappe/model/base_document.py\\\", line 913, in _validate_selects\\n    frappe.throw(\\n  File \\\"apps/frappe/frappe/__init__.py\\\", line 609, in throw\\n    msgprint(\\n  File \\\"apps/frappe/frappe/__init__.py\\\", line 574, in msgprint\\n    _raise_exception()\\n  File \\\"apps/frappe/frappe/__init__.py\\\", line 525, in _raise_exception\\n    raise exc\\nfrappe.exceptions.ValidationError:  Status cannot be \\\"Partially Received\\\". It should be one of \\\"Draft\\\", \\\"Open\\\", \\\"Completed\\\", \\\"Cancelled\\\"\\n\"]","_server_messages":"[\"{\\\"message\\\": \\\" Status cannot be \\\\\\\"Partially Received\\\\\\\". It should be one of \\\\\\\"Draft\\\\\\\", \\\\\\\"Open\\\\\\\", \\\\\\\"Completed\\\\\\\", \\\\\\\"Cancelled\\\\\\\"\\\", \\\"title\\\": \\\"Message\\\", \\\"indicator\\\": \\\"red\\\", \\\"raise_exception\\\": 1, \\\"__frappe_exc_id\\\": \\\"86619e89dcf00a8bc89d5d8190e24b95b809f45a05679266e79ae951\\\"}\"]"}
--------------------------------------------------------------------------------
[2026-04-20 16:03:49] INFO: AsnSyncFromErpNextService: ASN status posted to ERPNext: 1/2 updated (update_asn_wms_status per ASN)
[2026-04-20 16:03:49] INFO: Transfer Order sync from ERPNext started.
[2026-04-20 16:03:49] INFO: ErpNextWmsSyncApiService: [Item Group] Fetching Transfer Orders from http://printechsdammam.dyndns.org:88/api/method/printechs_wms.api.wms_sync.get_tos_for_wms?export_pending=1&include_items=1&docstatus=1
[2026-04-20 16:03:49] INFO: ErpNextWmsSyncApiService: [Item Group] Fetched 1 Transfer Orders
[2026-04-20 16:03:49] INFO: ErpNextWmsSyncApiService: [TO] Fetching Transfer Orders from http://printechsdammam.dyndns.org:88/api/method/printechs_wms.api.wms_sync.get_tos_for_wms?export_pending=1&include_items=1&docstatus=1
[2026-04-20 16:03:49] INFO: ErpNextWmsSyncApiService: [TO] Fetched 1 Transfer Orders
[2026-04-20 16:03:49] INFO: ErpNextWmsSyncApiService: [TO Status] Fetching Transfer Orders from http://printechsdammam.dyndns.org:88/api/method/printechs_wms.api.wms_sync.get_tos_for_wms?export_pending=1&include_items=1&docstatus=1
[2026-04-20 16:03:49] INFO: ErpNextWmsSyncApiService: [TO Status] Fetched 1 Transfer Orders
[2026-04-20 16:03:49] INFO: ErpNextWmsSyncApiService: [MR] Fetching Transfer Orders from http://printechsdammam.dyndns.org:88/api/method/printechs_wms.api.wms_sync.get_tos_for_wms?export_pending=1&include_items=1&docstatus=1
[2026-04-20 16:03:49] INFO: ErpNextWmsSyncApiService: [MR] Fetched 1 Transfer Orders
[2026-04-20 16:03:49] INFO: ErpNextWmsSyncApiService: [ERPNext 9] Fetching Transfer Orders from http://printechsdammam.dyndns.org:88/api/method/printechs_wms.api.wms_sync.get_tos_for_wms?export_pending=1&include_items=1&docstatus=1
[2026-04-20 16:03:49] INFO: ErpNextWmsSyncApiService: [ERPNext 9] Fetched 1 Transfer Orders
[2026-04-20 16:03:49] INFO: ErpNextWmsSyncApiService: [Stock Entry] Fetching Transfer Orders from http://printechsdammam.dyndns.org:88/api/method/printechs_wms.api.wms_sync.get_tos_for_wms?export_pending=1&include_items=1&docstatus=1
[2026-04-20 16:03:49] INFO: ErpNextWmsSyncApiService: [Stock Entry] Fetched 1 Transfer Orders
[2026-04-20 16:03:49] INFO: ErpNextWmsSyncApiService: [ERPNext 11] Fetching Transfer Orders from http://printechsdammam.dyndns.org:88/api/method/printechs_wms.api.wms_sync.get_tos_for_wms?export_pending=1&include_items=1&docstatus=1
[2026-04-20 16:03:49] INFO: ErpNextWmsSyncApiService: [ERPNext 11] Fetched 1 Transfer Orders
[2026-04-20 16:03:49] INFO: ErpNextWmsSyncApiService: ERPNext 13 API URL or key not configured
[2026-04-20 16:03:49] INFO: TransferOrderSyncFromErpNextService: Syncing 1 TO(s) with items.
[2026-04-20 16:03:49] INFO: Transfer Order sync from ERPNext completed. Fetched: 1, TOs inserted: 1, updated: 0, items: 4, errors: 0
[2026-04-20 16:03:49] ERROR: ErpNextWmsSyncApiService: TO status API returned ExpectationFailed: {"exception":"frappe.exceptions.ValidationError: Failed to get method for command printechs_wms.api.wms_sync.update_transfer_order_wms_status with module 'printechs_wms.api.wms_sync' has no attribute 'update_transfer_order_wms_status'","exc_type":"ValidationError","exc":"[\"Traceback (most recent call last):\\n  File \\\"apps/frappe/frappe/handler.py\\\", line 74, in execute_cmd\\n    method = get_attr(cmd)\\n             ^^^^^^^^^^^^^\\n  File \\\"apps/frappe/frappe/handler.py\\\", line 292, in get_attr\\n    method = frappe.get_attr(cmd)\\n             ^^^^^^^^^^^^^^^^^^^^\\n  File \\\"apps/frappe/frappe/__init__.py\\\", line 1744, in get_attr\\n    return getattr(get_module(modulename), methodname)\\n           ^^^^^^^^^^^^^^^^^^^^^^^^^^^^^^^^^^^^^^^^^^^\\nAttributeError: module 'printechs_wms.api.wms_sync' has no attribute 'update_transfer_order_wms_status'\\n\\nDuring handling of the above exception, another exception occurred:\\n\\nTraceback (most recent call last):\\n  File \\\"apps/frappe/frappe/app.py\\\", line 120, in application\\n    response = frappe.api.handle(request)\\n               ^^^^^^^^^^^^^^^^^^^^^^^^^^\\n  File \\\"apps/frappe/frappe/api/__init__.py\\\", line 52, in handle\\n    data = endpoint(**arguments)\\n           ^^^^^^^^^^^^^^^^^^^^^\\n  File \\\"apps/frappe/frappe/api/v1.py\\\", line 40, in handle_rpc_call\\n    return frappe.handler.handle()\\n           ^^^^^^^^^^^^^^^^^^^^^^^\\n  File \\\"apps/frappe/frappe/handler.py\\\", line 52, in handle\\n    data = execute_cmd(cmd)\\n           ^^^^^^^^^^^^^^^^\\n  File \\\"apps/frappe/frappe/handler.py\\\", line 76, in execute_cmd\\n    frappe.throw(_(\\\"Failed to get method for command {0} with {1}\\\").format(cmd, e))\\n  File \\\"apps/frappe/frappe/__init__.py\\\", line 609, in throw\\n    msgprint(\\n  File \\\"apps/frappe/frappe/__init__.py\\\", line 574, in msgprint\\n    _raise_exception()\\n  File \\\"apps/frappe/frappe/__init__.py\\\", line 525, in _raise_exception\\n    raise exc\\nfrappe.exceptions.ValidationError: Failed to get method for command printechs_wms.api.wms_sync.update_transfer_order_wms_status with module 'printechs_wms.api.wms_sync' has no attribute 'update_transfer_order_wms_status'\\n\"]","_server_messages":"[\"{\\\"message\\\": \\\"Failed to get method for command printechs_wms.api.wms_sync.update_transfer_order_wms_status with module 'printechs_wms.api.wms_sync' has no attribute 'update_transfer_order_wms_status'\\\", \\\"title\\\": \\\"Message\\\", \\\"indicator\\\": \\\"red\\\", \\\"raise_exception\\\": 1, \\\"__frappe_exc_id\\\": \\\"54e5dde5c8e70d4ead35085571d0efd3d9161bf2e121975c0ea280d2\\\"}\"]"}
--------------------------------------------------------------------------------
[2026-04-20 16:03:49] ERROR: TransferOrderSyncFromErpNextService: Failed to post TO WMS-TO-00001 status to ERPNext: ExpectationFailed: {"exception":"frappe.exceptions.ValidationError: Failed to get method for command printechs_wms.api.wms_sync.update_transfer_order_wms_status with module 'printechs_wms.api.wms_sync' has no attribute 'update_transfer_order_wms_status'","exc_type":"ValidationError","exc":"[\"Traceback (most recent call last):\\n  File \\\"apps/frappe/frappe/handler.py\\\", line 74, in execute_cmd\\n    method = get_attr(cmd)\\n             ^^^^^^^^^^^^^\\n  File \\\"apps/frappe/frappe/handler.py\\\", line 292, in get_attr\\n    method = frappe.get_attr(cmd)\\n             ^^^^^^^^^^^^^^^^^^^^\\n  File \\\"apps/frappe/frappe/__init__.py\\\", line 1744, in get_attr\\n    return getattr(get_module(modulename), methodname)\\n           ^^^^^^^^^^^^^^^^^^^^^^^^^^^^^^^^^^^^^^^^^^^\\nAttributeError: module 'printechs_wms.api.wms_sync' has no attribute 'update_transfer_order_wms_status'\\n\\nDuring handling of the above exception, another exception occurred:\\n\\nTraceback (most recent call last):\\n  File \\\"apps/frappe/frappe/app.py\\\", line 120, in application\\n    response = frappe.api.handle(request)\\n               ^^^^^^^^^^^^^^^^^^^^^^^^^^\\n  File \\\"apps/frappe/frappe/api/__init__.py\\\", line 52, in handle\\n    data = endpoint(**arguments)\\n           ^^^^^^^^^^^^^^^^^^^^^\\n  File \\\"apps/frappe/frappe/api/v1.py\\\", line 40, in handle_rpc_call\\n    return frappe.handler.handle()\\n           ^^^^^^^^^^^^^^^^^^^^^^^\\n  File \\\"apps/frappe/frappe/handler.py\\\", line 52, in handle\\n    data = execute_cmd(cmd)\\n           ^^^^^^^^^^^^^^^^\\n  File \\\"apps/frappe/frappe/handler.py\\\", line 76, in execute_cmd\\n    frappe.throw(_(\\\"Failed to get method for command {0} with {1}\\\").format(cmd, e))\\n  File \\\"apps/frappe/frappe/__init__.py\\\", line 609, in throw\\n    msgprint(\\n  File \\\"apps/frappe/frappe/__init__.py\\\", line 574, in msgprint\\n    _raise_exception()\\n  File \\\"apps/frappe/frappe/__init__.py\\\", line 525, in _raise_exception\\n    raise exc\\nfrappe.exceptions.ValidationError: Failed to get method for command printechs_wms.api.wms_sync.update_transfer_order_wms_status with module 'printechs_wms.api.wms_sync' has no attribute 'update_transfer_order_wms_status'\\n\"]","_server_messages":"[\"{\\\"message\\\": \\\"Failed to get method for command printechs_wms.api.wms_sync.update_transfer_order_wms_status with module 'printechs_wms.api.wms_sync' has no attribute 'update_transfer_order_wms_status'\\\", \\\"title\\\": \\\"Message\\\", \\\"indicator\\\": \\\"red\\\", \\\"raise_exception\\\": 1, \\\"__frappe_exc_id\\\": \\\"54e5dde5c8e70d4ead35085571d0efd3d9161bf2e121975c0ea280d2\\\"}\"]"}
--------------------------------------------------------------------------------
[2026-04-20 16:03:49] INFO: TransferOrderSyncFromErpNextService: TO status posted to ERPNext: 0/1 updated (update_transfer_order_wms_status per TO)
[2026-04-20 16:03:49] INFO: Material Request sync from ERPNext started.
[2026-04-20 16:03:49] INFO: ErpNextWmsSyncApiService: [Item Group] Fetching Material Requests from http://printechsdammam.dyndns.org:88/api/method/printechs_wms.api.material_request.get_material_transfer_requests?from_warehouse=Main%20Warehouse%20-%20MAATC&state=Pending&docstatus=1&include_items=1&limit=200
[2026-04-20 16:03:49] INFO: ErpNextWmsSyncApiService: [Item Group] Fetched 1 Material Requests
[2026-04-20 16:03:49] INFO: ErpNextWmsSyncApiService: [MR] Fetching Material Requests from http://printechsdammam.dyndns.org:88/api/method/printechs_wms.api.material_request.get_material_transfer_requests?from_warehouse=Main%20Warehouse%20-%20MAATC&state=Pending&docstatus=1&include_items=1&limit=200
[2026-04-20 16:03:49] INFO: ErpNextWmsSyncApiService: [MR] Fetched 1 Material Requests
[2026-04-20 16:03:49] INFO: ErpNextWmsSyncApiService: [ERPNext 9] Fetching Material Requests from http://printechsdammam.dyndns.org:88/api/method/printechs_wms.api.material_request.get_material_transfer_requests?from_warehouse=Main%20Warehouse%20-%20MAATC&state=Pending&docstatus=1&include_items=1&limit=200
[2026-04-20 16:03:49] INFO: ErpNextWmsSyncApiService: [ERPNext 9] Fetched 1 Material Requests
[2026-04-20 16:03:49] INFO: ErpNextWmsSyncApiService: [Stock Entry] Fetching Material Requests from http://printechsdammam.dyndns.org:88/api/method/printechs_wms.api.material_request.get_material_transfer_requests?from_warehouse=Main%20Warehouse%20-%20MAATC&state=Pending&docstatus=1&include_items=1&limit=200
[2026-04-20 16:03:49] INFO: ErpNextWmsSyncApiService: [Stock Entry] Fetched 1 Material Requests
[2026-04-20 16:03:49] INFO: ErpNextWmsSyncApiService: [ERPNext 11] Fetching Material Requests from http://printechsdammam.dyndns.org:88/api/method/printechs_wms.api.material_request.get_material_transfer_requests?from_warehouse=Main%20Warehouse%20-%20MAATC&state=Pending&docstatus=1&include_items=1&limit=200
[2026-04-20 16:03:50] INFO: ErpNextWmsSyncApiService: [ERPNext 11] Fetched 1 Material Requests
[2026-04-20 16:03:50] INFO: ErpNextWmsSyncApiService: [ERPNext 13] Fetching Material Requests from /api/method/printechs_wms.api.asn_to_purchase_receipt.get_pr_status_for_asn?asn_no=<linked ASN>/api/method/printechs_wms.api.material_request.get_material_transfer_requests?from_warehouse=Main%20Warehouse%20-%20MAATC&state=Pending&docstatus=1&include_items=1&limit=200
[2026-04-20 16:03:50] ERROR: ErpNextWmsSyncApiService: [ERPNext 13] Error fetching Material Requests: An invalid request URI was provided. Either the request URI must be an absolute URI or BaseAddress must be set.
Exception Type: InvalidOperationException
Exception Message: An invalid request URI was provided. Either the request URI must be an absolute URI or BaseAddress must be set.
Stack Trace:    at System.Net.Http.HttpClient.PrepareRequestMessage(HttpRequestMessage request)
   at System.Net.Http.HttpClient.GetAsync(String requestUri)
   at Wms.Desktop.Services.ErpNextWmsSyncApiService.FetchMessageListAsync[T](String apiUrl, String apiKey, String label, String entityName) in D:\Development Project\Printechs WMS\Wms.Desktop\Services\ErpNextWmsSyncApiService.cs:line 523
--------------------------------------------------------------------------------
[2026-04-20 16:03:50] INFO: MaterialRequestSyncFromErpNextService: Syncing 1 Material Request(s) with items.
[2026-04-20 16:03:50] INFO: MaterialRequestSyncFromErpNextService: MR MAT-MR-2026-00001: inserting 2 item(s) (preserving local picked qty where higher).
[2026-04-20 16:03:50] INFO: Material Request sync from ERPNext completed. Fetched: 1, MRs inserted: 0, updated: 1, items: 2, errors: 0
[2026-04-20 16:03:50] INFO: Transfer In sync from ERPNext started (tabTransferIn / tabTransferInItem).
[2026-04-20 16:03:50] INFO: TransferInSyncFromErpNextService: Step 1 - Dropping legacy tabTransferInStockEntry tables if they exist.
[2026-04-20 16:03:50] INFO: DatabaseService: Dropped tabTransferInStockEntry and tabTransferInStockEntryItem if they existed.
[2026-04-20 16:03:50] INFO: TransferInSyncFromErpNextService: Step 2 - Connecting to database: wms_desktop, host: localhost
[2026-04-20 16:03:50] INFO: TransferInSyncFromErpNextService: Step 3 - Connection opened. Database: wms_desktop
[2026-04-20 16:03:50] INFO: TransferInSyncFromErpNextService: Step 4 - Using 6 endpoint(s) for Transfer In.
[2026-04-20 16:03:50] INFO: ErpNextWmsSyncApiService: [Item Group] Fetching Transfer In Stock Entries from http://printechsdammam.dyndns.org:88/api/method/printechs_wms.api.transfer_in_sync.get_material_transfer_stock_entries?add_to_transit=1&custom_receiving_warehouse=Main%20Warehouse%20-%20MAATC&docstatus=1
[2026-04-20 16:03:50] INFO: ErpNextWmsSyncApiService: [Item Group] Fetched 1 Transfer In Stock Entries
[2026-04-20 16:03:50] INFO: TransferInSyncFromErpNextService: Endpoint [Item Group] returned 1 raw entry(ies).
[2026-04-20 16:03:50] INFO: ErpNextWmsSyncApiService: [MR] Fetching Transfer In Stock Entries from http://printechsdammam.dyndns.org:88/api/method/printechs_wms.api.transfer_in_sync.get_material_transfer_stock_entries?add_to_transit=1&custom_receiving_warehouse=Main%20Warehouse%20-%20MAATC&docstatus=1
[2026-04-20 16:03:50] INFO: ErpNextWmsSyncApiService: [MR] Fetched 1 Transfer In Stock Entries
[2026-04-20 16:03:50] INFO: TransferInSyncFromErpNextService: Endpoint [MR] returned 1 raw entry(ies).
[2026-04-20 16:03:50] INFO: ErpNextWmsSyncApiService: [ERPNext 9] Fetching Transfer In Stock Entries from http://printechsdammam.dyndns.org:88/api/method/printechs_wms.api.transfer_in_sync.get_material_transfer_stock_entries?to_warehouse=Main%20Warehouse%20-%20MAATC&docstatus=1
[2026-04-20 16:03:50] INFO: ErpNextWmsSyncApiService: [ERPNext 9] Fetched 1 Transfer In Stock Entries
[2026-04-20 16:03:50] INFO: TransferInSyncFromErpNextService: Endpoint [ERPNext 9] returned 1 raw entry(ies).
[2026-04-20 16:03:50] INFO: ErpNextWmsSyncApiService: [Stock Entry] Fetching Transfer In Stock Entries from http://printechsdammam.dyndns.org:88/api/method/printechs_wms.api.transfer_in_sync.get_material_transfer_stock_entries?add_to_transit=1&custom_receiving_warehouse=Main%20Warehouse%20-%20MAATC&docstatus=1
[2026-04-20 16:03:50] INFO: ErpNextWmsSyncApiService: [Stock Entry] Fetched 1 Transfer In Stock Entries
[2026-04-20 16:03:50] INFO: TransferInSyncFromErpNextService: Endpoint [Stock Entry] returned 1 raw entry(ies).
[2026-04-20 16:03:50] INFO: ErpNextWmsSyncApiService: [ERPNext 11] Fetching Transfer In Stock Entries from http://printechsdammam.dyndns.org:88/api/method/printechs_wms.api.transfer_in_sync.get_material_transfer_stock_entries?add_to_transit=1&custom_receiving_warehouse=Main%20Warehouse%20-%20MAATC&docstatus=1
[2026-04-20 16:03:50] INFO: ErpNextWmsSyncApiService: [ERPNext 11] Fetched 1 Transfer In Stock Entries
[2026-04-20 16:03:50] INFO: TransferInSyncFromErpNextService: Endpoint [ERPNext 11] returned 1 raw entry(ies).
[2026-04-20 16:03:50] INFO: ErpNextWmsSyncApiService: [ERPNext 13] Fetching Transfer In Stock Entries from /api/method/printechs_wms.api.asn_to_purchase_receipt.get_pr_status_for_asn?asn_no=<linked ASN>/api/method/printechs_wms.api.transfer_in_sync.get_material_transfer_stock_entries?add_to_transit=1&custom_receiving_warehouse=Main%20Warehouse%20-%20MAATC&docstatus=1
[2026-04-20 16:03:50] ERROR: ErpNextWmsSyncApiService: [ERPNext 13] Error fetching Transfer In Stock Entries: An invalid request URI was provided. Either the request URI must be an absolute URI or BaseAddress must be set.
Exception Type: InvalidOperationException
Exception Message: An invalid request URI was provided. Either the request URI must be an absolute URI or BaseAddress must be set.
Stack Trace:    at System.Net.Http.HttpClient.PrepareRequestMessage(HttpRequestMessage request)
   at System.Net.Http.HttpClient.GetAsync(String requestUri)
   at Wms.Desktop.Services.ErpNextWmsSyncApiService.FetchMessageListAsync[T](String apiUrl, String apiKey, String label, String entityName) in D:\Development Project\Printechs WMS\Wms.Desktop\Services\ErpNextWmsSyncApiService.cs:line 523
--------------------------------------------------------------------------------
[2026-04-20 16:03:50] INFO: TransferInSyncFromErpNextService: Step 5 - Total raw entries from API: 5
[2026-04-20 16:03:50] INFO: TransferInSyncFromErpNextService: Step 6 - After dedupe: 2 unique Transfer In(s) to sync. Keys: [MAT-STE-2026-00002, MAT-STE-2026-00003]
[2026-04-20 16:03:50] INFO: TransferInSyncFromErpNextService: --- Processing entry: MAT-STE-2026-00002 ---
[2026-04-20 16:03:50] INFO: TransferInSyncFromErpNextService: tabTransferIn INSERT/UPDATE for MAT-STE-2026-00002 affected rows: 2 (1=inserted, 2=updated).
[2026-04-20 16:03:50] INFO: TransferInSyncFromErpNextService: DELETE old tabTransferInItem for MAT-STE-2026-00002 deleted rows: 2.
[2026-04-20 16:03:50] INFO: TransferInSyncFromErpNextService: Entry MAT-STE-2026-00002: inserting 2 item(s) into tabTransferInItem.
[2026-04-20 16:03:50] INFO: TransferInSyncFromErpNextService: Inserting tabTransferInItem: parent=MAT-STE-2026-00002, item_code=108231, qty=5.
[2026-04-20 16:03:50] INFO: TransferInSyncFromErpNextService: Item INSERT for 108231 affected rows: 1.
[2026-04-20 16:03:50] INFO: TransferInSyncFromErpNextService: Inserting tabTransferInItem: parent=MAT-STE-2026-00002, item_code=108229, qty=5.
[2026-04-20 16:03:50] INFO: TransferInSyncFromErpNextService: Item INSERT for 108229 affected rows: 1.
[2026-04-20 16:03:50] INFO: TransferInSyncFromErpNextService: Committing transaction for MAT-STE-2026-00002.
[2026-04-20 16:03:50] INFO: TransferInSyncFromErpNextService: Transaction committed for MAT-STE-2026-00002.
[2026-04-20 16:03:50] INFO: TransferInSyncFromErpNextService: Verification tabTransferInItem count for MAT-STE-2026-00002 => 2 row(s).
[2026-04-20 16:03:50] INFO: TransferInSyncFromErpNextService: --- Processing entry: MAT-STE-2026-00003 ---
[2026-04-20 16:03:50] INFO: TransferInSyncFromErpNextService: tabTransferIn INSERT/UPDATE for MAT-STE-2026-00003 affected rows: 2 (1=inserted, 2=updated).
[2026-04-20 16:03:50] INFO: TransferInSyncFromErpNextService: DELETE old tabTransferInItem for MAT-STE-2026-00003 deleted rows: 2.
[2026-04-20 16:03:50] INFO: TransferInSyncFromErpNextService: Entry MAT-STE-2026-00003: inserting 2 item(s) into tabTransferInItem.
[2026-04-20 16:03:50] INFO: TransferInSyncFromErpNextService: Inserting tabTransferInItem: parent=MAT-STE-2026-00003, item_code=108231, qty=5.
[2026-04-20 16:03:50] INFO: TransferInSyncFromErpNextService: Item INSERT for 108231 affected rows: 1.
[2026-04-20 16:03:50] INFO: TransferInSyncFromErpNextService: Inserting tabTransferInItem: parent=MAT-STE-2026-00003, item_code=108229, qty=5.
[2026-04-20 16:03:50] INFO: TransferInSyncFromErpNextService: Item INSERT for 108229 affected rows: 1.
[2026-04-20 16:03:50] INFO: TransferInSyncFromErpNextService: Committing transaction for MAT-STE-2026-00003.
[2026-04-20 16:03:50] INFO: TransferInSyncFromErpNextService: Transaction committed for MAT-STE-2026-00003.
[2026-04-20 16:03:50] INFO: TransferInSyncFromErpNextService: Verification tabTransferInItem count for MAT-STE-2026-00003 => 2 row(s).
[2026-04-20 16:03:50] INFO: Transfer In sync from ERPNext completed. Fetched: 2, entries inserted: 0, updated: 2, items: 4, errors: 0
[2026-04-20 16:03:50] INFO: ErpNextWmsSyncApiService: WMS snapshot updated successfully.
[2026-04-20 16:03:50] INFO: ErpNextWmsSyncApiService: Calling rebuild_wms_stock_balance for company=Mohammed Abdullah Almousa Trading Company, warehouse=Main Warehouse - MAATC
[2026-04-20 16:03:50] INFO: ErpNextWmsSyncApiService: rebuild_wms_stock_balance updated successfully.
[2026-04-20 16:03:50] INFO: ErpNextWmsSyncApiService: rebuild_wms_stock_balance completed successfully.
[2026-04-20 16:03:55] INFO: ASN ASN-0001 Carton CNWH12858: Assigned=Assigned, Actual=Received, ReceivedQty=50
[2026-04-20 16:03:55] INFO: ASN ASN-0001 Carton CNWH12854: Assigned=Assigned, Actual=Received, ReceivedQty=51
[2026-04-20 16:03:55] INFO: ASN ASN-0001 Carton CNWH15390: Assigned=Assigned, Actual=Received, ReceivedQty=50
[2026-04-20 16:03:55] INFO: ASN ASN-0001 Carton CNWH42441: Assigned=Assigned, Actual=Received, ReceivedQty=50
[2026-04-20 16:03:55] INFO: ASN ASN-0001 Carton CNWH64571: Assigned=Assigned, Actual=Received, ReceivedQty=50
[2026-04-20 16:03:55] INFO: ASN ASN-0001 Carton CNWH64521: Assigned=Assigned, Actual=Received, ReceivedQty=50
[2026-04-20 16:03:55] INFO: ASN ASN-0001 Carton CNWH63561: Assigned=Assigned, Actual=Received, ReceivedQty=50
[2026-04-20 16:03:55] INFO: ASN ASN-0001 Carton CNWH63609: Assigned=Assigned, Actual=Received, ReceivedQty=50
[2026-04-20 16:03:55] INFO: ASN ASN-0002 Carton CNWH12858: Assigned=Assigned, Actual=Assigned, ReceivedQty=0
[2026-04-20 16:03:55] INFO: ASN ASN-0002 Carton CNWH12854: Assigned=Assigned, Actual=Assigned, ReceivedQty=0
[2026-04-20 16:03:57] INFO: TransferOrderApiService: Fetching transfer orders from http://localhost:3000/api/master/transfer-orders
[2026-04-20 16:03:59] INFO: TransferOrderApiService: Fetched 1 transfer order(s) from API
[2026-04-20 16:03:59] INFO: TransferOrderSyncService: Synced 0 new, 1 updated transfer order(s) from API
[2026-04-20 16:04:01] INFO: ASN ASN-0001 Carton CNWH12858: Assigned=Assigned, Actual=Received, ReceivedQty=50
[2026-04-20 16:04:01] INFO: ASN ASN-0001 Carton CNWH12854: Assigned=Assigned, Actual=Received, ReceivedQty=51
[2026-04-20 16:04:01] INFO: ASN ASN-0001 Carton CNWH15390: Assigned=Assigned, Actual=Received, ReceivedQty=50
[2026-04-20 16:04:01] INFO: ASN ASN-0001 Carton CNWH42441: Assigned=Assigned, Actual=Received, ReceivedQty=50
[2026-04-20 16:04:01] INFO: ASN ASN-0001 Carton CNWH64571: Assigned=Assigned, Actual=Received, ReceivedQty=50
[2026-04-20 16:04:01] INFO: ASN ASN-0001 Carton CNWH64521: Assigned=Assigned, Actual=Received, ReceivedQty=50
[2026-04-20 16:04:01] INFO: ASN ASN-0001 Carton CNWH63561: Assigned=Assigned, Actual=Received, ReceivedQty=50
[2026-04-20 16:04:01] INFO: ASN ASN-0001 Carton CNWH63609: Assigned=Assigned, Actual=Received, ReceivedQty=50
[2026-04-20 16:04:01] INFO: ASN ASN-0002 Carton CNWH12858: Assigned=Assigned, Actual=Assigned, ReceivedQty=0
[2026-04-20 16:04:01] INFO: ASN ASN-0002 Carton CNWH12854: Assigned=Assigned, Actual=Assigned, ReceivedQty=0
[2026-04-20 16:04:02] INFO: ASN ASN-0001 Carton CNWH12858: Assigned=Assigned, Actual=Received, ReceivedQty=50
[2026-04-20 16:04:02] INFO: ASN ASN-0001 Carton CNWH12854: Assigned=Assigned, Actual=Received, ReceivedQty=51
[2026-04-20 16:04:02] INFO: ASN ASN-0001 Carton CNWH15390: Assigned=Assigned, Actual=Received, ReceivedQty=50
[2026-04-20 16:04:02] INFO: ASN ASN-0001 Carton CNWH42441: Assigned=Assigned, Actual=Received, ReceivedQty=50
[2026-04-20 16:04:02] INFO: ASN ASN-0001 Carton CNWH64571: Assigned=Assigned, Actual=Received, ReceivedQty=50
[2026-04-20 16:04:02] INFO: ASN ASN-0001 Carton CNWH64521: Assigned=Assigned, Actual=Received, ReceivedQty=50
[2026-04-20 16:04:02] INFO: ASN ASN-0001 Carton CNWH63561: Assigned=Assigned, Actual=Received, ReceivedQty=50
[2026-04-20 16:04:02] INFO: ASN ASN-0001 Carton CNWH63609: Assigned=Assigned, Actual=Received, ReceivedQty=50
[2026-04-20 16:04:02] INFO: ASN ASN-0002 Carton CNWH12858: Assigned=Assigned, Actual=Assigned, ReceivedQty=0
[2026-04-20 16:04:02] INFO: ASN ASN-0002 Carton CNWH12854: Assigned=Assigned, Actual=Assigned, ReceivedQty=0
[2026-04-20 16:04:02] INFO: ASN ASN-0001 Carton CNWH12858: Assigned=Assigned, Actual=Received, ReceivedQty=50
[2026-04-20 16:04:02] INFO: ASN ASN-0001 Carton CNWH12854: Assigned=Assigned, Actual=Received, ReceivedQty=51
[2026-04-20 16:04:02] INFO: ASN ASN-0001 Carton CNWH15390: Assigned=Assigned, Actual=Received, ReceivedQty=50
[2026-04-20 16:04:02] INFO: ASN ASN-0001 Carton CNWH42441: Assigned=Assigned, Actual=Received, ReceivedQty=50
[2026-04-20 16:04:02] INFO: ASN ASN-0001 Carton CNWH64571: Assigned=Assigned, Actual=Received, ReceivedQty=50
[2026-04-20 16:04:02] INFO: ASN ASN-0001 Carton CNWH64521: Assigned=Assigned, Actual=Received, ReceivedQty=50
[2026-04-20 16:04:02] INFO: ASN ASN-0001 Carton CNWH63561: Assigned=Assigned, Actual=Received, ReceivedQty=50
[2026-04-20 16:04:02] INFO: ASN ASN-0001 Carton CNWH63609: Assigned=Assigned, Actual=Received, ReceivedQty=50
[2026-04-20 16:04:02] INFO: ASN ASN-0002 Carton CNWH12858: Assigned=Assigned, Actual=Assigned, ReceivedQty=0
[2026-04-20 16:04:02] INFO: ASN ASN-0002 Carton CNWH12854: Assigned=Assigned, Actual=Assigned, ReceivedQty=0
[2026-04-20 16:04:06] INFO: ASN ASN-0001 Carton CNWH12858: Assigned=Assigned, Actual=Received, ReceivedQty=50
[2026-04-20 16:04:06] INFO: ASN ASN-0001 Carton CNWH12854: Assigned=Assigned, Actual=Received, ReceivedQty=51
[2026-04-20 16:04:06] INFO: ASN ASN-0001 Carton CNWH15390: Assigned=Assigned, Actual=Received, ReceivedQty=50
[2026-04-20 16:04:06] INFO: ASN ASN-0001 Carton CNWH42441: Assigned=Assigned, Actual=Received, ReceivedQty=50
[2026-04-20 16:04:06] INFO: ASN ASN-0001 Carton CNWH64571: Assigned=Assigned, Actual=Received, ReceivedQty=50
[2026-04-20 16:04:06] INFO: ASN ASN-0001 Carton CNWH64521: Assigned=Assigned, Actual=Received, ReceivedQty=50
[2026-04-20 16:04:06] INFO: ASN ASN-0001 Carton CNWH63561: Assigned=Assigned, Actual=Received, ReceivedQty=50
[2026-04-20 16:04:06] INFO: ASN ASN-0001 Carton CNWH63609: Assigned=Assigned, Actual=Received, ReceivedQty=50
[2026-04-20 16:04:06] INFO: ASN ASN-0002 Carton CNWH12858: Assigned=Assigned, Actual=Assigned, ReceivedQty=0
[2026-04-20 16:04:06] INFO: ASN ASN-0002 Carton CNWH12854: Assigned=Assigned, Actual=Assigned, ReceivedQty=0
[2026-04-20 16:04:06] INFO: ASN ASN-0001 Carton CNWH12858: Assigned=Assigned, Actual=Received, ReceivedQty=50
[2026-04-20 16:04:06] INFO: ASN ASN-0001 Carton CNWH12854: Assigned=Assigned, Actual=Received, ReceivedQty=51
[2026-04-20 16:04:06] INFO: ASN ASN-0001 Carton CNWH15390: Assigned=Assigned, Actual=Received, ReceivedQty=50
[2026-04-20 16:04:06] INFO: ASN ASN-0001 Carton CNWH42441: Assigned=Assigned, Actual=Received, ReceivedQty=50
[2026-04-20 16:04:06] INFO: ASN ASN-0001 Carton CNWH64571: Assigned=Assigned, Actual=Received, ReceivedQty=50
[2026-04-20 16:04:06] INFO: ASN ASN-0001 Carton CNWH64521: Assigned=Assigned, Actual=Received, ReceivedQty=50
[2026-04-20 16:04:06] INFO: ASN ASN-0001 Carton CNWH63561: Assigned=Assigned, Actual=Received, ReceivedQty=50
[2026-04-20 16:04:06] INFO: ASN ASN-0001 Carton CNWH63609: Assigned=Assigned, Actual=Received, ReceivedQty=50
[2026-04-20 16:04:06] INFO: ASN ASN-0002 Carton CNWH12858: Assigned=Assigned, Actual=Assigned, ReceivedQty=0
[2026-04-20 16:04:06] INFO: ASN ASN-0002 Carton CNWH12854: Assigned=Assigned, Actual=Assigned, ReceivedQty=0
[2026-04-20 16:05:36] INFO: ASN ASN-0001 Carton CNWH12858: Assigned=Assigned, Actual=Received, ReceivedQty=50
[2026-04-20 16:05:36] INFO: ASN ASN-0001 Carton CNWH12854: Assigned=Assigned, Actual=Received, ReceivedQty=51
[2026-04-20 16:05:36] INFO: ASN ASN-0001 Carton CNWH15390: Assigned=Assigned, Actual=Received, ReceivedQty=50
[2026-04-20 16:05:36] INFO: ASN ASN-0001 Carton CNWH42441: Assigned=Assigned, Actual=Received, ReceivedQty=50
[2026-04-20 16:05:36] INFO: ASN ASN-0001 Carton CNWH64571: Assigned=Assigned, Actual=Received, ReceivedQty=50
[2026-04-20 16:05:36] INFO: ASN ASN-0001 Carton CNWH64521: Assigned=Assigned, Actual=Received, ReceivedQty=50
[2026-04-20 16:05:36] INFO: ASN ASN-0001 Carton CNWH63561: Assigned=Assigned, Actual=Received, ReceivedQty=50
[2026-04-20 16:05:36] INFO: ASN ASN-0001 Carton CNWH63609: Assigned=Assigned, Actual=Received, ReceivedQty=50
[2026-04-20 16:05:36] INFO: ASN ASN-0002 Carton CNWH12858: Assigned=Assigned, Actual=Assigned, ReceivedQty=0
[2026-04-20 16:05:36] INFO: ASN ASN-0002 Carton CNWH12854: Assigned=Assigned, Actual=Assigned, ReceivedQty=0
[2026-04-20 16:05:36] INFO: ASN ASN-0001 Carton CNWH12858: Assigned=Assigned, Actual=Received, ReceivedQty=50
[2026-04-20 16:05:36] INFO: ASN ASN-0001 Carton CNWH12854: Assigned=Assigned, Actual=Received, ReceivedQty=51
[2026-04-20 16:05:36] INFO: ASN ASN-0001 Carton CNWH15390: Assigned=Assigned, Actual=Received, ReceivedQty=50
[2026-04-20 16:05:36] INFO: ASN ASN-0001 Carton CNWH42441: Assigned=Assigned, Actual=Received, ReceivedQty=50
[2026-04-20 16:05:36] INFO: ASN ASN-0001 Carton CNWH64571: Assigned=Assigned, Actual=Received, ReceivedQty=50
[2026-04-20 16:05:36] INFO: ASN ASN-0001 Carton CNWH64521: Assigned=Assigned, Actual=Received, ReceivedQty=50
[2026-04-20 16:05:36] INFO: ASN ASN-0001 Carton CNWH63561: Assigned=Assigned, Actual=Received, ReceivedQty=50
[2026-04-20 16:05:36] INFO: ASN ASN-0001 Carton CNWH63609: Assigned=Assigned, Actual=Received, ReceivedQty=50
[2026-04-20 16:05:36] INFO: ASN ASN-0002 Carton CNWH12858: Assigned=Assigned, Actual=Assigned, ReceivedQty=0
[2026-04-20 16:05:36] INFO: ASN ASN-0002 Carton CNWH12854: Assigned=Assigned, Actual=Assigned, ReceivedQty=0
[2026-04-20 16:05:45] INFO: TransferOrderApiService: Fetching transfer orders from http://localhost:3000/api/master/transfer-orders
[2026-04-20 16:05:47] INFO: TransferOrderApiService: Fetched 1 transfer order(s) from API
[2026-04-20 16:05:47] INFO: TransferOrderSyncService: Synced 0 new, 1 updated transfer order(s) from API
[2026-04-20 16:51:45] INFO: ASN ASN-0001 Carton CNWH12858: Assigned=Assigned, Actual=Received, ReceivedQty=50
[2026-04-20 16:51:45] INFO: ASN ASN-0001 Carton CNWH12854: Assigned=Assigned, Actual=Received, ReceivedQty=51
[2026-04-20 16:51:45] INFO: ASN ASN-0001 Carton CNWH15390: Assigned=Assigned, Actual=Received, ReceivedQty=50
[2026-04-20 16:51:45] INFO: ASN ASN-0001 Carton CNWH42441: Assigned=Assigned, Actual=Received, ReceivedQty=50
[2026-04-20 16:51:45] INFO: ASN ASN-0001 Carton CNWH64571: Assigned=Assigned, Actual=Received, ReceivedQty=50
[2026-04-20 16:51:45] INFO: ASN ASN-0001 Carton CNWH64521: Assigned=Assigned, Actual=Received, ReceivedQty=50
[2026-04-20 16:51:45] INFO: ASN ASN-0001 Carton CNWH63561: Assigned=Assigned, Actual=Received, ReceivedQty=50
[2026-04-20 16:51:45] INFO: ASN ASN-0001 Carton CNWH63609: Assigned=Assigned, Actual=Received, ReceivedQty=50
[2026-04-20 16:51:45] INFO: ASN ASN-0002 Carton CNWH12858: Assigned=Received, Actual=Received, ReceivedQty=50
[2026-04-20 16:51:45] INFO: ASN ASN-0002 Carton CNWH12854: Assigned=Received, Actual=Received, ReceivedQty=50
[2026-04-20 16:51:48] INFO: ASN ASN-0001 Carton CNWH12858: Assigned=Assigned, Actual=Received, ReceivedQty=50
[2026-04-20 16:51:48] INFO: ASN ASN-0001 Carton CNWH12854: Assigned=Assigned, Actual=Received, ReceivedQty=51
[2026-04-20 16:51:48] INFO: ASN ASN-0001 Carton CNWH15390: Assigned=Assigned, Actual=Received, ReceivedQty=50
[2026-04-20 16:51:48] INFO: ASN ASN-0001 Carton CNWH42441: Assigned=Assigned, Actual=Received, ReceivedQty=50
[2026-04-20 16:51:48] INFO: ASN ASN-0001 Carton CNWH64571: Assigned=Assigned, Actual=Received, ReceivedQty=50
[2026-04-20 16:51:48] INFO: ASN ASN-0001 Carton CNWH64521: Assigned=Assigned, Actual=Received, ReceivedQty=50
[2026-04-20 16:51:48] INFO: ASN ASN-0001 Carton CNWH63561: Assigned=Assigned, Actual=Received, ReceivedQty=50
[2026-04-20 16:51:48] INFO: ASN ASN-0001 Carton CNWH63609: Assigned=Assigned, Actual=Received, ReceivedQty=50
[2026-04-20 16:51:48] INFO: ASN ASN-0002 Carton CNWH12858: Assigned=Received, Actual=Received, ReceivedQty=50
[2026-04-20 16:51:48] INFO: ASN ASN-0002 Carton CNWH12854: Assigned=Received, Actual=Received, ReceivedQty=50
[2026-04-20 16:51:48] INFO: ASN ASN-0001 Carton CNWH12858: Assigned=Assigned, Actual=Received, ReceivedQty=50
[2026-04-20 16:51:48] INFO: ASN ASN-0001 Carton CNWH12854: Assigned=Assigned, Actual=Received, ReceivedQty=51
[2026-04-20 16:51:48] INFO: ASN ASN-0001 Carton CNWH15390: Assigned=Assigned, Actual=Received, ReceivedQty=50
[2026-04-20 16:51:48] INFO: ASN ASN-0001 Carton CNWH42441: Assigned=Assigned, Actual=Received, ReceivedQty=50
[2026-04-20 16:51:48] INFO: ASN ASN-0001 Carton CNWH64571: Assigned=Assigned, Actual=Received, ReceivedQty=50
[2026-04-20 16:51:48] INFO: ASN ASN-0001 Carton CNWH64521: Assigned=Assigned, Actual=Received, ReceivedQty=50
[2026-04-20 16:51:48] INFO: ASN ASN-0001 Carton CNWH63561: Assigned=Assigned, Actual=Received, ReceivedQty=50
[2026-04-20 16:51:48] INFO: ASN ASN-0001 Carton CNWH63609: Assigned=Assigned, Actual=Received, ReceivedQty=50
[2026-04-20 16:51:48] INFO: ASN ASN-0002 Carton CNWH12858: Assigned=Received, Actual=Received, ReceivedQty=50
[2026-04-20 16:51:48] INFO: ASN ASN-0002 Carton CNWH12854: Assigned=Received, Actual=Received, ReceivedQty=50
[2026-04-20 19:55:18] INFO: TransferOrderApiService: Fetching transfer orders from http://localhost:3000/api/master/transfer-orders
[2026-04-20 19:55:18] INFO: ASN ASN-0001 Carton CNWH12858: Assigned=Assigned, Actual=Received, ReceivedQty=50
[2026-04-20 19:55:18] INFO: ASN ASN-0001 Carton CNWH12854: Assigned=Assigned, Actual=Received, ReceivedQty=51
[2026-04-20 19:55:18] INFO: ASN ASN-0001 Carton CNWH15390: Assigned=Assigned, Actual=Received, ReceivedQty=50
[2026-04-20 19:55:18] INFO: ASN ASN-0001 Carton CNWH42441: Assigned=Assigned, Actual=Received, ReceivedQty=50
[2026-04-20 19:55:18] INFO: ASN ASN-0001 Carton CNWH64571: Assigned=Assigned, Actual=Received, ReceivedQty=50
[2026-04-20 19:55:18] INFO: ASN ASN-0001 Carton CNWH64521: Assigned=Assigned, Actual=Received, ReceivedQty=50
[2026-04-20 19:55:18] INFO: ASN ASN-0001 Carton CNWH63561: Assigned=Assigned, Actual=Received, ReceivedQty=50
[2026-04-20 19:55:18] INFO: ASN ASN-0001 Carton CNWH63609: Assigned=Assigned, Actual=Received, ReceivedQty=50
[2026-04-20 19:55:18] INFO: ASN ASN-0002 Carton CNWH12858: Assigned=Received, Actual=Received, ReceivedQty=50
[2026-04-20 19:55:18] INFO: ASN ASN-0002 Carton CNWH12854: Assigned=Received, Actual=Receiving, ReceivedQty=150
[2026-04-20 19:55:20] INFO: TransferOrderApiService: Fetched 1 transfer order(s) from API
[2026-04-20 19:55:20] INFO: TransferOrderSyncService: Synced 0 new, 1 updated transfer order(s) from API
[2026-04-20 19:55:20] INFO: ASN ASN-0001 Carton CNWH12858: Assigned=Assigned, Actual=Received, ReceivedQty=50
[2026-04-20 19:55:20] INFO: ASN ASN-0001 Carton CNWH12854: Assigned=Assigned, Actual=Received, ReceivedQty=51
[2026-04-20 19:55:20] INFO: ASN ASN-0001 Carton CNWH15390: Assigned=Assigned, Actual=Received, ReceivedQty=50
[2026-04-20 19:55:20] INFO: ASN ASN-0001 Carton CNWH42441: Assigned=Assigned, Actual=Received, ReceivedQty=50
[2026-04-20 19:55:20] INFO: ASN ASN-0001 Carton CNWH64571: Assigned=Assigned, Actual=Received, ReceivedQty=50
[2026-04-20 19:55:20] INFO: ASN ASN-0001 Carton CNWH64521: Assigned=Assigned, Actual=Received, ReceivedQty=50
[2026-04-20 19:55:20] INFO: ASN ASN-0001 Carton CNWH63561: Assigned=Assigned, Actual=Received, ReceivedQty=50
[2026-04-20 19:55:20] INFO: ASN ASN-0001 Carton CNWH63609: Assigned=Assigned, Actual=Received, ReceivedQty=50
[2026-04-20 19:55:20] INFO: ASN ASN-0002 Carton CNWH12858: Assigned=Received, Actual=Received, ReceivedQty=50
[2026-04-20 19:55:20] INFO: ASN ASN-0002 Carton CNWH12854: Assigned=Received, Actual=Receiving, ReceivedQty=150
[2026-04-20 19:55:20] INFO: ASN ASN-0001 Carton CNWH12858: Assigned=Assigned, Actual=Received, ReceivedQty=50
[2026-04-20 19:55:20] INFO: ASN ASN-0001 Carton CNWH12854: Assigned=Assigned, Actual=Received, ReceivedQty=51
[2026-04-20 19:55:20] INFO: ASN ASN-0001 Carton CNWH15390: Assigned=Assigned, Actual=Received, ReceivedQty=50
[2026-04-20 19:55:20] INFO: ASN ASN-0001 Carton CNWH42441: Assigned=Assigned, Actual=Received, ReceivedQty=50
[2026-04-20 19:55:20] INFO: ASN ASN-0001 Carton CNWH64571: Assigned=Assigned, Actual=Received, ReceivedQty=50
[2026-04-20 19:55:20] INFO: ASN ASN-0001 Carton CNWH64521: Assigned=Assigned, Actual=Received, ReceivedQty=50
[2026-04-20 19:55:20] INFO: ASN ASN-0001 Carton CNWH63561: Assigned=Assigned, Actual=Received, ReceivedQty=50
[2026-04-20 19:55:20] INFO: ASN ASN-0001 Carton CNWH63609: Assigned=Assigned, Actual=Received, ReceivedQty=50
[2026-04-20 19:55:20] INFO: ASN ASN-0002 Carton CNWH12858: Assigned=Received, Actual=Received, ReceivedQty=50
[2026-04-20 19:55:20] INFO: ASN ASN-0002 Carton CNWH12854: Assigned=Received, Actual=Receiving, ReceivedQty=150
[2026-04-20 19:56:59] INFO: TransferCartonListView: Loaded event fired
[2026-04-20 19:56:59] INFO: TransferCartonListView: Calling RefreshAsync on ViewModel
[2026-04-20 19:56:59] INFO: TransferCartonListViewModel: Starting to load transfer cartons
[2026-04-20 19:56:59] INFO: Loading Transfer Cartons from database...
[2026-04-20 19:56:59] INFO: TransferCartonDataService: Starting schema detection
[2026-04-20 19:56:59] INFO: TransferCartonDataService: Found column 'asn_no'
[2026-04-20 19:56:59] INFO: TransferCartonDataService: Found column 'to_no'
[2026-04-20 19:56:59] INFO: TransferCartonDataService: Returning - AsnColumn=asn_no, ToColumn=to_no
[2026-04-20 19:56:59] INFO: Detected schema: AsnColumn=asn_no, ToColumn=to_no
[2026-04-20 19:56:59] INFO: Executing query: SELECT tc_id, status, asn_no, to_no, store, 
                               created_by, created_on, sealed_by, sealed_on, dispatched_on, remarks,
                               purchase_receipt_no, purchase_receipt_docstatus, purchase_receipt_created, purchase_receipt_submitted,
                               warehouse_transfer_no, warehouse_transfer_created
                        FROM tabTransferCarton
                        ORDER BY created_on DESC, tc_id
[2026-04-20 19:56:59] INFO: Loaded 3 transfer cartons from database
[2026-04-20 19:56:59] INFO: TransferCartonListViewModel: Received 3 transfer cartons from service
[2026-04-20 19:56:59] INFO: TransferCartonListViewModel: Added 3 transfer cartons to collection
[2026-04-20 19:56:59] INFO: TransferCartonListView: RefreshAsync completed
[2026-04-20 19:57:01] INFO: TransferCartonDetailViewModel: Loading data for TC-0002-1776704180938
[2026-04-20 19:57:01] INFO: ASN ASN-0001 Carton CNWH12858: Assigned=Assigned, Actual=Received, ReceivedQty=50
[2026-04-20 19:57:01] INFO: ASN ASN-0001 Carton CNWH12854: Assigned=Assigned, Actual=Received, ReceivedQty=51
[2026-04-20 19:57:01] INFO: ASN ASN-0001 Carton CNWH15390: Assigned=Assigned, Actual=Received, ReceivedQty=50
[2026-04-20 19:57:01] INFO: ASN ASN-0001 Carton CNWH42441: Assigned=Assigned, Actual=Received, ReceivedQty=50
[2026-04-20 19:57:01] INFO: ASN ASN-0001 Carton CNWH64571: Assigned=Assigned, Actual=Received, ReceivedQty=50
[2026-04-20 19:57:01] INFO: ASN ASN-0001 Carton CNWH64521: Assigned=Assigned, Actual=Received, ReceivedQty=50
[2026-04-20 19:57:01] INFO: ASN ASN-0001 Carton CNWH63561: Assigned=Assigned, Actual=Received, ReceivedQty=50
[2026-04-20 19:57:01] INFO: ASN ASN-0001 Carton CNWH63609: Assigned=Assigned, Actual=Received, ReceivedQty=50
[2026-04-20 19:57:01] INFO: ASN ASN-0002 Carton CNWH12858: Assigned=Received, Actual=Received, ReceivedQty=50
[2026-04-20 19:57:01] INFO: ASN ASN-0002 Carton CNWH12854: Assigned=Received, Actual=Receiving, ReceivedQty=150
[2026-04-20 19:57:01] INFO: TransferCartonDetailViewModel: Loaded ASN ASN-0002
[2026-04-20 19:57:01] INFO: TransferCartonDetailViewModel: Loaded Transfer Order WMS-TO-00001
[2026-04-20 19:57:01] INFO: TransferCartonService: Loading contents for transfer carton TC-0002-1776704180938
[2026-04-20 19:57:01] INFO: TransferCartonService: Executing query with tc_id = 'TC-0002-1776704180938'
[2026-04-20 19:57:01] INFO: TransferCartonService: SQL = SELECT 
                            item_code,
                            carton_id AS source_carton,
                            SUM(qty) AS quantity,
                            MAX(user_id) AS packed_by,
                            MAX(event_time) AS packed_on
                        FROM tabWmsScanEvent
                        WHERE tc_id = @tc_id
                        AND event_type IN ('PACK_BOX_TO_TC', 'PACK_ITEM_TO_TC')
                        AND item_code IS NOT NULL
                        AND item_code != ''
                        AND qty > 0
                        GROUP BY item_code, carton_id
                        ORDER BY packed_on DESC
[2026-04-20 19:57:01] INFO: TransferCartonService: Total events with tc_id = 'TC-0002-1776704180938': 0
[2026-04-20 19:57:01] INFO: TransferCartonService: Events with item_code: 0
[2026-04-20 19:57:01] INFO: TransferCartonService: PACK_BOX_TO_TC events: 0
[2026-04-20 19:57:01] INFO: TransferCartonService: Processed 0 rows from database
[2026-04-20 19:57:01] INFO: TransferCartonService: No events found with tc_id. Trying fallback: derive from boxes matching transfer carton criteria.
[2026-04-20 19:57:01] INFO: TransferCartonService: Transfer carton details - ASN: ASN-0002, TO: WMS-TO-00001, Store: 004-Alras
[2026-04-20 19:57:01] INFO: TransferCartonService: Found 1 boxes matching ASN=ASN-0002, TO=WMS-TO-00001, Store=004-Alras
[2026-04-20 19:57:01] INFO: TransferCartonService: Derived 2 items from 1 boxes
[2026-04-20 19:57:01] INFO: TransferCartonService: Found 2 unique items for transfer carton TC-0002-1776704180938
[2026-04-20 19:57:01] INFO: TransferCartonDetailViewModel: Loaded 2 items for transfer carton TC-0002-1776704180938
[2026-04-20 19:57:01] INFO: ErpNextWmsSyncApiService: GetPrStatusForAsn GET http://printechsdammam.dyndns.org:88/api/method/printechs_wms.api.asn_to_purchase_receipt.get_pr_status_for_asn?asn_no=ASN-0002
[2026-04-20 19:57:02] INFO: TransferCartonDetailViewModel: Printing label for 'TC-0002-1776704180938'
[2026-04-20 19:57:03] INFO: BarcodeService: Generating Code128 barcode for 'TC-0002-1776704180938'
[2026-04-20 19:57:03] INFO: BarcodeService: Successfully generated barcode image (400x120)
[2026-04-20 19:57:03] INFO: PrintService: Starting transfer carton label print job for 'TC-0002-1776704180938'
[2026-04-20 19:57:05] INFO: PrintService: Print dialog cancelled by user
[2026-04-20 19:57:11] INFO: ASN ASN-0001 Carton CNWH12858: Assigned=Assigned, Actual=Received, ReceivedQty=50
[2026-04-20 19:57:11] INFO: ASN ASN-0001 Carton CNWH12854: Assigned=Assigned, Actual=Received, ReceivedQty=51
[2026-04-20 19:57:11] INFO: ASN ASN-0001 Carton CNWH15390: Assigned=Assigned, Actual=Received, ReceivedQty=50
[2026-04-20 19:57:11] INFO: ASN ASN-0001 Carton CNWH42441: Assigned=Assigned, Actual=Received, ReceivedQty=50
[2026-04-20 19:57:11] INFO: ASN ASN-0001 Carton CNWH64571: Assigned=Assigned, Actual=Received, ReceivedQty=50
[2026-04-20 19:57:11] INFO: ASN ASN-0001 Carton CNWH64521: Assigned=Assigned, Actual=Received, ReceivedQty=50
[2026-04-20 19:57:11] INFO: ASN ASN-0001 Carton CNWH63561: Assigned=Assigned, Actual=Received, ReceivedQty=50
[2026-04-20 19:57:11] INFO: ASN ASN-0001 Carton CNWH63609: Assigned=Assigned, Actual=Received, ReceivedQty=50
[2026-04-20 19:57:11] INFO: ASN ASN-0002 Carton CNWH12858: Assigned=Received, Actual=Received, ReceivedQty=50
[2026-04-20 19:57:11] INFO: ASN ASN-0002 Carton CNWH12854: Assigned=Received, Actual=Receiving, ReceivedQty=150
[2026-04-20 19:57:13] INFO: ASN ASN-0001 Carton CNWH12858: Assigned=Assigned, Actual=Received, ReceivedQty=50
[2026-04-20 19:57:13] INFO: ASN ASN-0001 Carton CNWH12854: Assigned=Assigned, Actual=Received, ReceivedQty=51
[2026-04-20 19:57:13] INFO: ASN ASN-0001 Carton CNWH15390: Assigned=Assigned, Actual=Received, ReceivedQty=50
[2026-04-20 19:57:13] INFO: ASN ASN-0001 Carton CNWH42441: Assigned=Assigned, Actual=Received, ReceivedQty=50
[2026-04-20 19:57:13] INFO: ASN ASN-0001 Carton CNWH64571: Assigned=Assigned, Actual=Received, ReceivedQty=50
[2026-04-20 19:57:13] INFO: ASN ASN-0001 Carton CNWH64521: Assigned=Assigned, Actual=Received, ReceivedQty=50
[2026-04-20 19:57:13] INFO: ASN ASN-0001 Carton CNWH63561: Assigned=Assigned, Actual=Received, ReceivedQty=50
[2026-04-20 19:57:13] INFO: ASN ASN-0001 Carton CNWH63609: Assigned=Assigned, Actual=Received, ReceivedQty=50
[2026-04-20 19:57:13] INFO: ASN ASN-0002 Carton CNWH12858: Assigned=Received, Actual=Received, ReceivedQty=50
[2026-04-20 19:57:13] INFO: ASN ASN-0002 Carton CNWH12854: Assigned=Received, Actual=Receiving, ReceivedQty=150
[2026-04-20 19:57:13] INFO: ASN ASN-0001 Carton CNWH12858: Assigned=Assigned, Actual=Received, ReceivedQty=50
[2026-04-20 19:57:13] INFO: ASN ASN-0001 Carton CNWH12854: Assigned=Assigned, Actual=Received, ReceivedQty=51
[2026-04-20 19:57:13] INFO: ASN ASN-0001 Carton CNWH15390: Assigned=Assigned, Actual=Received, ReceivedQty=50
[2026-04-20 19:57:13] INFO: ASN ASN-0001 Carton CNWH42441: Assigned=Assigned, Actual=Received, ReceivedQty=50
[2026-04-20 19:57:13] INFO: ASN ASN-0001 Carton CNWH64571: Assigned=Assigned, Actual=Received, ReceivedQty=50
[2026-04-20 19:57:13] INFO: ASN ASN-0001 Carton CNWH64521: Assigned=Assigned, Actual=Received, ReceivedQty=50
[2026-04-20 19:57:13] INFO: ASN ASN-0001 Carton CNWH63561: Assigned=Assigned, Actual=Received, ReceivedQty=50
[2026-04-20 19:57:13] INFO: ASN ASN-0001 Carton CNWH63609: Assigned=Assigned, Actual=Received, ReceivedQty=50
[2026-04-20 19:57:13] INFO: ASN ASN-0002 Carton CNWH12858: Assigned=Received, Actual=Received, ReceivedQty=50
[2026-04-20 19:57:13] INFO: ASN ASN-0002 Carton CNWH12854: Assigned=Received, Actual=Receiving, ReceivedQty=150
[2026-04-20 19:57:27] INFO: ASN ASN-0001 Carton CNWH12858: Assigned=Assigned, Actual=Received, ReceivedQty=50
[2026-04-20 19:57:27] INFO: ASN ASN-0001 Carton CNWH12854: Assigned=Assigned, Actual=Received, ReceivedQty=51
[2026-04-20 19:57:27] INFO: ASN ASN-0001 Carton CNWH15390: Assigned=Assigned, Actual=Received, ReceivedQty=50
[2026-04-20 19:57:27] INFO: ASN ASN-0001 Carton CNWH42441: Assigned=Assigned, Actual=Received, ReceivedQty=50
[2026-04-20 19:57:27] INFO: ASN ASN-0001 Carton CNWH64571: Assigned=Assigned, Actual=Received, ReceivedQty=50
[2026-04-20 19:57:27] INFO: ASN ASN-0001 Carton CNWH64521: Assigned=Assigned, Actual=Received, ReceivedQty=50
[2026-04-20 19:57:27] INFO: ASN ASN-0001 Carton CNWH63561: Assigned=Assigned, Actual=Received, ReceivedQty=50
[2026-04-20 19:57:27] INFO: ASN ASN-0001 Carton CNWH63609: Assigned=Assigned, Actual=Received, ReceivedQty=50
[2026-04-20 19:57:27] INFO: ASN ASN-0002 Carton CNWH12858: Assigned=Received, Actual=Received, ReceivedQty=50
[2026-04-20 19:57:27] INFO: ASN ASN-0002 Carton CNWH12854: Assigned=Received, Actual=Receiving, ReceivedQty=150
[2026-04-20 19:57:29] INFO: ASN ASN-0001 Carton CNWH12858: Assigned=Assigned, Actual=Received, ReceivedQty=50
[2026-04-20 19:57:29] INFO: ASN ASN-0001 Carton CNWH12854: Assigned=Assigned, Actual=Received, ReceivedQty=51
[2026-04-20 19:57:29] INFO: ASN ASN-0001 Carton CNWH15390: Assigned=Assigned, Actual=Received, ReceivedQty=50
[2026-04-20 19:57:29] INFO: ASN ASN-0001 Carton CNWH42441: Assigned=Assigned, Actual=Received, ReceivedQty=50
[2026-04-20 19:57:29] INFO: ASN ASN-0001 Carton CNWH64571: Assigned=Assigned, Actual=Received, ReceivedQty=50
[2026-04-20 19:57:29] INFO: ASN ASN-0001 Carton CNWH64521: Assigned=Assigned, Actual=Received, ReceivedQty=50
[2026-04-20 19:57:29] INFO: ASN ASN-0001 Carton CNWH63561: Assigned=Assigned, Actual=Received, ReceivedQty=50
[2026-04-20 19:57:29] INFO: ASN ASN-0001 Carton CNWH63609: Assigned=Assigned, Actual=Received, ReceivedQty=50
[2026-04-20 19:57:29] INFO: ASN ASN-0002 Carton CNWH12858: Assigned=Received, Actual=Received, ReceivedQty=50
[2026-04-20 19:57:29] INFO: ASN ASN-0002 Carton CNWH12854: Assigned=Received, Actual=Receiving, ReceivedQty=150
[2026-04-20 19:58:33] INFO: TransferOrderApiService: Fetching transfer orders from http://localhost:3000/api/master/transfer-orders
[2026-04-20 19:58:35] INFO: TransferOrderApiService: Fetched 0 transfer order(s) from API
[2026-04-20 19:58:35] INFO: TransferOrderSyncService: No transfer orders from API or API not available - keeping existing data
[2026-04-20 20:01:28] INFO: ASN sync from ERPNext started.
[2026-04-20 20:01:28] INFO: ErpNextWmsSyncApiService: [Item Group] Fetching ASNs from http://printechsdammam.dyndns.org:88/api/method/printechs_wms.api.wms_sync.get_asns_for_wms?export_pending=1&include_items=1
[2026-04-20 20:01:28] INFO: ErpNextWmsSyncApiService: [Item Group] Fetched 2 ASNs
[2026-04-20 20:01:28] INFO: ErpNextWmsSyncApiService: [ASN] Fetching ASNs from http://printechsdammam.dyndns.org:88/api/method/printechs_wms.api.wms_sync.get_asns_for_wms?export_pending=1&include_items=1
[2026-04-20 20:01:28] INFO: ErpNextWmsSyncApiService: [ASN] Fetched 2 ASNs
[2026-04-20 20:01:28] INFO: ErpNextWmsSyncApiService: [ASN Status] Fetching ASNs from http://printechsdammam.dyndns.org:88/api/method/printechs_wms.api.wms_sync.get_asns_for_wms?export_pending=1&include_items=1
[2026-04-20 20:01:28] INFO: ErpNextWmsSyncApiService: [ASN Status] Fetched 2 ASNs
[2026-04-20 20:01:28] INFO: ErpNextWmsSyncApiService: [MR] Fetching ASNs from http://printechsdammam.dyndns.org:88/api/method/printechs_wms.api.wms_sync.get_asns_for_wms?export_pending=1&include_items=1
[2026-04-20 20:01:28] INFO: ErpNextWmsSyncApiService: [MR] Fetched 2 ASNs
[2026-04-20 20:01:28] INFO: ErpNextWmsSyncApiService: [ERPNext 9] Fetching ASNs from http://printechsdammam.dyndns.org:88/api/method/printechs_wms.api.wms_sync.get_asns_for_wms?export_pending=1&include_items=1
[2026-04-20 20:01:28] INFO: ErpNextWmsSyncApiService: [ERPNext 9] Fetched 2 ASNs
[2026-04-20 20:01:28] INFO: ErpNextWmsSyncApiService: [Stock Entry] Fetching ASNs from http://printechsdammam.dyndns.org:88/api/method/printechs_wms.api.wms_sync.get_asns_for_wms?export_pending=1&include_items=1
[2026-04-20 20:01:28] INFO: ErpNextWmsSyncApiService: [Stock Entry] Fetched 2 ASNs
[2026-04-20 20:01:28] INFO: ErpNextWmsSyncApiService: [ERPNext 11] Fetching ASNs from http://printechsdammam.dyndns.org:88/api/method/printechs_wms.api.wms_sync.get_asns_for_wms?export_pending=1&include_items=1
[2026-04-20 20:01:28] INFO: ErpNextWmsSyncApiService: [ERPNext 11] Fetched 2 ASNs
[2026-04-20 20:01:28] INFO: ErpNextWmsSyncApiService: ERPNext 13 API URL or key not configured
[2026-04-20 20:01:28] INFO: AsnSyncFromErpNextService: Syncing 2 ASN(s) with items.
[2026-04-20 20:01:28] INFO: ASN sync from ERPNext completed. Fetched: 2, ASNs inserted: 2, updated: 0, items: 10, errors: 0
[2026-04-20 20:01:28] INFO: ErpNextWmsSyncApiService: Posting ASN ASN-0002 status=Exported to http://printechsdammam.dyndns.org:88/api/method/printechs_wms.api.wms_sync.update_asn_wms_status
[2026-04-20 20:01:29] INFO: ErpNextWmsSyncApiService: ASN status updated successfully.
[2026-04-20 20:01:29] INFO: ErpNextWmsSyncApiService: Posting ASN ASN-0001 status=Exported to http://printechsdammam.dyndns.org:88/api/method/printechs_wms.api.wms_sync.update_asn_wms_status
[2026-04-20 20:01:29] ERROR: ErpNextWmsSyncApiService: ASN status API returned ExpectationFailed: {"exception":"frappe.exceptions.ValidationError:  Status cannot be \"Partially Received\". It should be one of \"Draft\", \"Open\", \"Completed\", \"Cancelled\"","exc_type":"ValidationError","_exc_source":"printechs_wms (app)","exc":"[\"Traceback (most recent call last):\\n  File \\\"apps/frappe/frappe/app.py\\\", line 120, in application\\n    response = frappe.api.handle(request)\\n               ^^^^^^^^^^^^^^^^^^^^^^^^^^\\n  File \\\"apps/frappe/frappe/api/__init__.py\\\", line 52, in handle\\n    data = endpoint(**arguments)\\n           ^^^^^^^^^^^^^^^^^^^^^\\n  File \\\"apps/frappe/frappe/api/v1.py\\\", line 40, in handle_rpc_call\\n    return frappe.handler.handle()\\n           ^^^^^^^^^^^^^^^^^^^^^^^\\n  File \\\"apps/frappe/frappe/handler.py\\\", line 52, in handle\\n    data = execute_cmd(cmd)\\n           ^^^^^^^^^^^^^^^^\\n  File \\\"apps/frappe/frappe/handler.py\\\", line 85, in execute_cmd\\n    return frappe.call(method, **frappe.form_dict)\\n           ^^^^^^^^^^^^^^^^^^^^^^^^^^^^^^^^^^^^^^^\\n  File \\\"apps/frappe/frappe/__init__.py\\\", line 1754, in call\\n    return fn(*args, **newargs)\\n           ^^^^^^^^^^^^^^^^^^^^\\n  File \\\"apps/frappe/frappe/utils/typing_validations.py\\\", line 32, in wrapper\\n    return func(*args, **kwargs)\\n           ^^^^^^^^^^^^^^^^^^^^^\\n  File \\\"apps/printechs_wms/printechs_wms/api/wms_sync.py\\\", line 379, in update_asn_wms_status\\n    doc.save()\\n  File \\\"apps/frappe/frappe/model/document.py\\\", line 378, in save\\n    return self._save(*args, **kwargs)\\n           ^^^^^^^^^^^^^^^^^^^^^^^^^^^\\n  File \\\"apps/frappe/frappe/model/document.py\\\", line 417, in _save\\n    self._validate()\\n  File \\\"apps/frappe/frappe/model/document.py\\\", line 624, in _validate\\n    self._validate_selects()\\n  File \\\"apps/frappe/frappe/model/base_document.py\\\", line 913, in _validate_selects\\n    frappe.throw(\\n  File \\\"apps/frappe/frappe/__init__.py\\\", line 609, in throw\\n    msgprint(\\n  File \\\"apps/frappe/frappe/__init__.py\\\", line 574, in msgprint\\n    _raise_exception()\\n  File \\\"apps/frappe/frappe/__init__.py\\\", line 525, in _raise_exception\\n    raise exc\\nfrappe.exceptions.ValidationError:  Status cannot be \\\"Partially Received\\\". It should be one of \\\"Draft\\\", \\\"Open\\\", \\\"Completed\\\", \\\"Cancelled\\\"\\n\"]","_server_messages":"[\"{\\\"message\\\": \\\" Status cannot be \\\\\\\"Partially Received\\\\\\\". It should be one of \\\\\\\"Draft\\\\\\\", \\\\\\\"Open\\\\\\\", \\\\\\\"Completed\\\\\\\", \\\\\\\"Cancelled\\\\\\\"\\\", \\\"title\\\": \\\"Message\\\", \\\"indicator\\\": \\\"red\\\", \\\"raise_exception\\\": 1, \\\"__frappe_exc_id\\\": \\\"a23a803d1a70af2fc7117fd4eedb753498c5c5e8fef0cc4ed8602bad\\\"}\"]"}
--------------------------------------------------------------------------------
[2026-04-20 20:01:29] ERROR: AsnSyncFromErpNextService: Failed to post ASN ASN-0001 status to ERPNext: ExpectationFailed: {"exception":"frappe.exceptions.ValidationError:  Status cannot be \"Partially Received\". It should be one of \"Draft\", \"Open\", \"Completed\", \"Cancelled\"","exc_type":"ValidationError","_exc_source":"printechs_wms (app)","exc":"[\"Traceback (most recent call last):\\n  File \\\"apps/frappe/frappe/app.py\\\", line 120, in application\\n    response = frappe.api.handle(request)\\n               ^^^^^^^^^^^^^^^^^^^^^^^^^^\\n  File \\\"apps/frappe/frappe/api/__init__.py\\\", line 52, in handle\\n    data = endpoint(**arguments)\\n           ^^^^^^^^^^^^^^^^^^^^^\\n  File \\\"apps/frappe/frappe/api/v1.py\\\", line 40, in handle_rpc_call\\n    return frappe.handler.handle()\\n           ^^^^^^^^^^^^^^^^^^^^^^^\\n  File \\\"apps/frappe/frappe/handler.py\\\", line 52, in handle\\n    data = execute_cmd(cmd)\\n           ^^^^^^^^^^^^^^^^\\n  File \\\"apps/frappe/frappe/handler.py\\\", line 85, in execute_cmd\\n    return frappe.call(method, **frappe.form_dict)\\n           ^^^^^^^^^^^^^^^^^^^^^^^^^^^^^^^^^^^^^^^\\n  File \\\"apps/frappe/frappe/__init__.py\\\", line 1754, in call\\n    return fn(*args, **newargs)\\n           ^^^^^^^^^^^^^^^^^^^^\\n  File \\\"apps/frappe/frappe/utils/typing_validations.py\\\", line 32, in wrapper\\n    return func(*args, **kwargs)\\n           ^^^^^^^^^^^^^^^^^^^^^\\n  File \\\"apps/printechs_wms/printechs_wms/api/wms_sync.py\\\", line 379, in update_asn_wms_status\\n    doc.save()\\n  File \\\"apps/frappe/frappe/model/document.py\\\", line 378, in save\\n    return self._save(*args, **kwargs)\\n           ^^^^^^^^^^^^^^^^^^^^^^^^^^^\\n  File \\\"apps/frappe/frappe/model/document.py\\\", line 417, in _save\\n    self._validate()\\n  File \\\"apps/frappe/frappe/model/document.py\\\", line 624, in _validate\\n    self._validate_selects()\\n  File \\\"apps/frappe/frappe/model/base_document.py\\\", line 913, in _validate_selects\\n    frappe.throw(\\n  File \\\"apps/frappe/frappe/__init__.py\\\", line 609, in throw\\n    msgprint(\\n  File \\\"apps/frappe/frappe/__init__.py\\\", line 574, in msgprint\\n    _raise_exception()\\n  File \\\"apps/frappe/frappe/__init__.py\\\", line 525, in _raise_exception\\n    raise exc\\nfrappe.exceptions.ValidationError:  Status cannot be \\\"Partially Received\\\". It should be one of \\\"Draft\\\", \\\"Open\\\", \\\"Completed\\\", \\\"Cancelled\\\"\\n\"]","_server_messages":"[\"{\\\"message\\\": \\\" Status cannot be \\\\\\\"Partially Received\\\\\\\". It should be one of \\\\\\\"Draft\\\\\\\", \\\\\\\"Open\\\\\\\", \\\\\\\"Completed\\\\\\\", \\\\\\\"Cancelled\\\\\\\"\\\", \\\"title\\\": \\\"Message\\\", \\\"indicator\\\": \\\"red\\\", \\\"raise_exception\\\": 1, \\\"__frappe_exc_id\\\": \\\"a23a803d1a70af2fc7117fd4eedb753498c5c5e8fef0cc4ed8602bad\\\"}\"]"}
--------------------------------------------------------------------------------
[2026-04-20 20:01:29] INFO: AsnSyncFromErpNextService: ASN status posted to ERPNext: 1/2 updated (update_asn_wms_status per ASN)
[2026-04-20 20:01:29] INFO: Transfer Order sync from ERPNext started.
[2026-04-20 20:01:29] INFO: ErpNextWmsSyncApiService: [Item Group] Fetching Transfer Orders from http://printechsdammam.dyndns.org:88/api/method/printechs_wms.api.wms_sync.get_tos_for_wms?export_pending=1&include_items=1&docstatus=1
[2026-04-20 20:01:29] INFO: ErpNextWmsSyncApiService: [Item Group] Fetched 1 Transfer Orders
[2026-04-20 20:01:29] INFO: ErpNextWmsSyncApiService: [TO] Fetching Transfer Orders from http://printechsdammam.dyndns.org:88/api/method/printechs_wms.api.wms_sync.get_tos_for_wms?export_pending=1&include_items=1&docstatus=1
[2026-04-20 20:01:29] INFO: ErpNextWmsSyncApiService: [TO] Fetched 1 Transfer Orders
[2026-04-20 20:01:29] INFO: ErpNextWmsSyncApiService: [TO Status] Fetching Transfer Orders from http://printechsdammam.dyndns.org:88/api/method/printechs_wms.api.wms_sync.get_tos_for_wms?export_pending=1&include_items=1&docstatus=1
[2026-04-20 20:01:29] INFO: ErpNextWmsSyncApiService: [TO Status] Fetched 1 Transfer Orders
[2026-04-20 20:01:29] INFO: ErpNextWmsSyncApiService: [MR] Fetching Transfer Orders from http://printechsdammam.dyndns.org:88/api/method/printechs_wms.api.wms_sync.get_tos_for_wms?export_pending=1&include_items=1&docstatus=1
[2026-04-20 20:01:29] INFO: ErpNextWmsSyncApiService: [MR] Fetched 1 Transfer Orders
[2026-04-20 20:01:29] INFO: ErpNextWmsSyncApiService: [ERPNext 9] Fetching Transfer Orders from http://printechsdammam.dyndns.org:88/api/method/printechs_wms.api.wms_sync.get_tos_for_wms?export_pending=1&include_items=1&docstatus=1
[2026-04-20 20:01:29] INFO: ErpNextWmsSyncApiService: [ERPNext 9] Fetched 1 Transfer Orders
[2026-04-20 20:01:29] INFO: ErpNextWmsSyncApiService: [Stock Entry] Fetching Transfer Orders from http://printechsdammam.dyndns.org:88/api/method/printechs_wms.api.wms_sync.get_tos_for_wms?export_pending=1&include_items=1&docstatus=1
[2026-04-20 20:01:29] INFO: ErpNextWmsSyncApiService: [Stock Entry] Fetched 1 Transfer Orders
[2026-04-20 20:01:29] INFO: ErpNextWmsSyncApiService: [ERPNext 11] Fetching Transfer Orders from http://printechsdammam.dyndns.org:88/api/method/printechs_wms.api.wms_sync.get_tos_for_wms?export_pending=1&include_items=1&docstatus=1
[2026-04-20 20:01:29] INFO: ErpNextWmsSyncApiService: [ERPNext 11] Fetched 1 Transfer Orders
[2026-04-20 20:01:29] INFO: ErpNextWmsSyncApiService: ERPNext 13 API URL or key not configured
[2026-04-20 20:01:29] INFO: TransferOrderSyncFromErpNextService: Syncing 1 TO(s) with items.
[2026-04-20 20:01:30] INFO: Transfer Order sync from ERPNext completed. Fetched: 1, TOs inserted: 1, updated: 0, items: 4, errors: 0
[2026-04-20 20:01:30] ERROR: ErpNextWmsSyncApiService: TO status API returned ExpectationFailed: {"exception":"frappe.exceptions.ValidationError: Failed to get method for command printechs_wms.api.wms_sync.update_transfer_order_wms_status with module 'printechs_wms.api.wms_sync' has no attribute 'update_transfer_order_wms_status'","exc_type":"ValidationError","exc":"[\"Traceback (most recent call last):\\n  File \\\"apps/frappe/frappe/handler.py\\\", line 74, in execute_cmd\\n    method = get_attr(cmd)\\n             ^^^^^^^^^^^^^\\n  File \\\"apps/frappe/frappe/handler.py\\\", line 292, in get_attr\\n    method = frappe.get_attr(cmd)\\n             ^^^^^^^^^^^^^^^^^^^^\\n  File \\\"apps/frappe/frappe/__init__.py\\\", line 1744, in get_attr\\n    return getattr(get_module(modulename), methodname)\\n           ^^^^^^^^^^^^^^^^^^^^^^^^^^^^^^^^^^^^^^^^^^^\\nAttributeError: module 'printechs_wms.api.wms_sync' has no attribute 'update_transfer_order_wms_status'\\n\\nDuring handling of the above exception, another exception occurred:\\n\\nTraceback (most recent call last):\\n  File \\\"apps/frappe/frappe/app.py\\\", line 120, in application\\n    response = frappe.api.handle(request)\\n               ^^^^^^^^^^^^^^^^^^^^^^^^^^\\n  File \\\"apps/frappe/frappe/api/__init__.py\\\", line 52, in handle\\n    data = endpoint(**arguments)\\n           ^^^^^^^^^^^^^^^^^^^^^\\n  File \\\"apps/frappe/frappe/api/v1.py\\\", line 40, in handle_rpc_call\\n    return frappe.handler.handle()\\n           ^^^^^^^^^^^^^^^^^^^^^^^\\n  File \\\"apps/frappe/frappe/handler.py\\\", line 52, in handle\\n    data = execute_cmd(cmd)\\n           ^^^^^^^^^^^^^^^^\\n  File \\\"apps/frappe/frappe/handler.py\\\", line 76, in execute_cmd\\n    frappe.throw(_(\\\"Failed to get method for command {0} with {1}\\\").format(cmd, e))\\n  File \\\"apps/frappe/frappe/__init__.py\\\", line 609, in throw\\n    msgprint(\\n  File \\\"apps/frappe/frappe/__init__.py\\\", line 574, in msgprint\\n    _raise_exception()\\n  File \\\"apps/frappe/frappe/__init__.py\\\", line 525, in _raise_exception\\n    raise exc\\nfrappe.exceptions.ValidationError: Failed to get method for command printechs_wms.api.wms_sync.update_transfer_order_wms_status with module 'printechs_wms.api.wms_sync' has no attribute 'update_transfer_order_wms_status'\\n\"]","_server_messages":"[\"{\\\"message\\\": \\\"Failed to get method for command printechs_wms.api.wms_sync.update_transfer_order_wms_status with module 'printechs_wms.api.wms_sync' has no attribute 'update_transfer_order_wms_status'\\\", \\\"title\\\": \\\"Message\\\", \\\"indicator\\\": \\\"red\\\", \\\"raise_exception\\\": 1, \\\"__frappe_exc_id\\\": \\\"b0d9dab6f40b9ae8d7e1dc8b8f6e56149ccb4053450a871ea261c398\\\"}\"]"}
--------------------------------------------------------------------------------
[2026-04-20 20:01:30] ERROR: TransferOrderSyncFromErpNextService: Failed to post TO WMS-TO-00001 status to ERPNext: ExpectationFailed: {"exception":"frappe.exceptions.ValidationError: Failed to get method for command printechs_wms.api.wms_sync.update_transfer_order_wms_status with module 'printechs_wms.api.wms_sync' has no attribute 'update_transfer_order_wms_status'","exc_type":"ValidationError","exc":"[\"Traceback (most recent call last):\\n  File \\\"apps/frappe/frappe/handler.py\\\", line 74, in execute_cmd\\n    method = get_attr(cmd)\\n             ^^^^^^^^^^^^^\\n  File \\\"apps/frappe/frappe/handler.py\\\", line 292, in get_attr\\n    method = frappe.get_attr(cmd)\\n             ^^^^^^^^^^^^^^^^^^^^\\n  File \\\"apps/frappe/frappe/__init__.py\\\", line 1744, in get_attr\\n    return getattr(get_module(modulename), methodname)\\n           ^^^^^^^^^^^^^^^^^^^^^^^^^^^^^^^^^^^^^^^^^^^\\nAttributeError: module 'printechs_wms.api.wms_sync' has no attribute 'update_transfer_order_wms_status'\\n\\nDuring handling of the above exception, another exception occurred:\\n\\nTraceback (most recent call last):\\n  File \\\"apps/frappe/frappe/app.py\\\", line 120, in application\\n    response = frappe.api.handle(request)\\n               ^^^^^^^^^^^^^^^^^^^^^^^^^^\\n  File \\\"apps/frappe/frappe/api/__init__.py\\\", line 52, in handle\\n    data = endpoint(**arguments)\\n           ^^^^^^^^^^^^^^^^^^^^^\\n  File \\\"apps/frappe/frappe/api/v1.py\\\", line 40, in handle_rpc_call\\n    return frappe.handler.handle()\\n           ^^^^^^^^^^^^^^^^^^^^^^^\\n  File \\\"apps/frappe/frappe/handler.py\\\", line 52, in handle\\n    data = execute_cmd(cmd)\\n           ^^^^^^^^^^^^^^^^\\n  File \\\"apps/frappe/frappe/handler.py\\\", line 76, in execute_cmd\\n    frappe.throw(_(\\\"Failed to get method for command {0} with {1}\\\").format(cmd, e))\\n  File \\\"apps/frappe/frappe/__init__.py\\\", line 609, in throw\\n    msgprint(\\n  File \\\"apps/frappe/frappe/__init__.py\\\", line 574, in msgprint\\n    _raise_exception()\\n  File \\\"apps/frappe/frappe/__init__.py\\\", line 525, in _raise_exception\\n    raise exc\\nfrappe.exceptions.ValidationError: Failed to get method for command printechs_wms.api.wms_sync.update_transfer_order_wms_status with module 'printechs_wms.api.wms_sync' has no attribute 'update_transfer_order_wms_status'\\n\"]","_server_messages":"[\"{\\\"message\\\": \\\"Failed to get method for command printechs_wms.api.wms_sync.update_transfer_order_wms_status with module 'printechs_wms.api.wms_sync' has no attribute 'update_transfer_order_wms_status'\\\", \\\"title\\\": \\\"Message\\\", \\\"indicator\\\": \\\"red\\\", \\\"raise_exception\\\": 1, \\\"__frappe_exc_id\\\": \\\"b0d9dab6f40b9ae8d7e1dc8b8f6e56149ccb4053450a871ea261c398\\\"}\"]"}
--------------------------------------------------------------------------------
[2026-04-20 20:01:30] INFO: TransferOrderSyncFromErpNextService: TO status posted to ERPNext: 0/1 updated (update_transfer_order_wms_status per TO)
[2026-04-20 20:01:30] INFO: Material Request sync from ERPNext started.
[2026-04-20 20:01:30] INFO: ErpNextWmsSyncApiService: [Item Group] Fetching Material Requests from http://printechsdammam.dyndns.org:88/api/method/printechs_wms.api.material_request.get_material_transfer_requests?from_warehouse=Main%20Warehouse%20-%20MAATC&state=Pending&docstatus=1&include_items=1&limit=200
[2026-04-20 20:01:30] INFO: ErpNextWmsSyncApiService: [Item Group] Fetched 1 Material Requests
[2026-04-20 20:01:30] INFO: ErpNextWmsSyncApiService: [MR] Fetching Material Requests from http://printechsdammam.dyndns.org:88/api/method/printechs_wms.api.material_request.get_material_transfer_requests?from_warehouse=Main%20Warehouse%20-%20MAATC&state=Pending&docstatus=1&include_items=1&limit=200
[2026-04-20 20:01:30] INFO: ErpNextWmsSyncApiService: [MR] Fetched 1 Material Requests
[2026-04-20 20:01:30] INFO: ErpNextWmsSyncApiService: [ERPNext 9] Fetching Material Requests from http://printechsdammam.dyndns.org:88/api/method/printechs_wms.api.material_request.get_material_transfer_requests?from_warehouse=Main%20Warehouse%20-%20MAATC&state=Pending&docstatus=1&include_items=1&limit=200
[2026-04-20 20:01:30] INFO: ErpNextWmsSyncApiService: [ERPNext 9] Fetched 1 Material Requests
[2026-04-20 20:01:30] INFO: ErpNextWmsSyncApiService: [Stock Entry] Fetching Material Requests from http://printechsdammam.dyndns.org:88/api/method/printechs_wms.api.material_request.get_material_transfer_requests?from_warehouse=Main%20Warehouse%20-%20MAATC&state=Pending&docstatus=1&include_items=1&limit=200
[2026-04-20 20:01:30] INFO: ErpNextWmsSyncApiService: [Stock Entry] Fetched 1 Material Requests
[2026-04-20 20:01:30] INFO: ErpNextWmsSyncApiService: [ERPNext 11] Fetching Material Requests from http://printechsdammam.dyndns.org:88/api/method/printechs_wms.api.material_request.get_material_transfer_requests?from_warehouse=Main%20Warehouse%20-%20MAATC&state=Pending&docstatus=1&include_items=1&limit=200
[2026-04-20 20:01:30] INFO: ErpNextWmsSyncApiService: [ERPNext 11] Fetched 1 Material Requests
[2026-04-20 20:01:30] INFO: ErpNextWmsSyncApiService: [ERPNext 13] Fetching Material Requests from /api/method/printechs_wms.api.asn_to_purchase_receipt.get_pr_status_for_asn?asn_no=<linked ASN>/api/method/printechs_wms.api.material_request.get_material_transfer_requests?from_warehouse=Main%20Warehouse%20-%20MAATC&state=Pending&docstatus=1&include_items=1&limit=200
[2026-04-20 20:01:30] ERROR: ErpNextWmsSyncApiService: [ERPNext 13] Error fetching Material Requests: An invalid request URI was provided. Either the request URI must be an absolute URI or BaseAddress must be set.
Exception Type: InvalidOperationException
Exception Message: An invalid request URI was provided. Either the request URI must be an absolute URI or BaseAddress must be set.
Stack Trace:    at System.Net.Http.HttpClient.PrepareRequestMessage(HttpRequestMessage request)
   at System.Net.Http.HttpClient.GetAsync(String requestUri)
   at Wms.Desktop.Services.ErpNextWmsSyncApiService.FetchMessageListAsync[T](String apiUrl, String apiKey, String label, String entityName) in D:\Development Project\Printechs WMS\Wms.Desktop\Services\ErpNextWmsSyncApiService.cs:line 523
--------------------------------------------------------------------------------
[2026-04-20 20:01:30] INFO: MaterialRequestSyncFromErpNextService: Syncing 1 Material Request(s) with items.
[2026-04-20 20:01:30] INFO: MaterialRequestSyncFromErpNextService: MR MAT-MR-2026-00001: inserting 2 item(s) (preserving local picked qty where higher).
[2026-04-20 20:01:30] INFO: Material Request sync from ERPNext completed. Fetched: 1, MRs inserted: 1, updated: 0, items: 2, errors: 0
[2026-04-20 20:01:30] INFO: Transfer In sync from ERPNext started (tabTransferIn / tabTransferInItem).
[2026-04-20 20:01:30] INFO: TransferInSyncFromErpNextService: Step 1 - Dropping legacy tabTransferInStockEntry tables if they exist.
[2026-04-20 20:01:30] INFO: DatabaseService: Dropped tabTransferInStockEntry and tabTransferInStockEntryItem if they existed.
[2026-04-20 20:01:30] INFO: TransferInSyncFromErpNextService: Step 2 - Connecting to database: wms_desktop, host: localhost
[2026-04-20 20:01:30] INFO: TransferInSyncFromErpNextService: Step 3 - Connection opened. Database: wms_desktop
[2026-04-20 20:01:30] INFO: TransferInSyncFromErpNextService: Step 4 - Using 6 endpoint(s) for Transfer In.
[2026-04-20 20:01:30] INFO: ErpNextWmsSyncApiService: [Item Group] Fetching Transfer In Stock Entries from http://printechsdammam.dyndns.org:88/api/method/printechs_wms.api.transfer_in_sync.get_material_transfer_stock_entries?add_to_transit=1&custom_receiving_warehouse=Main%20Warehouse%20-%20MAATC&docstatus=1
[2026-04-20 20:01:30] INFO: ErpNextWmsSyncApiService: [Item Group] Fetched 1 Transfer In Stock Entries
[2026-04-20 20:01:30] INFO: TransferInSyncFromErpNextService: Endpoint [Item Group] returned 1 raw entry(ies).
[2026-04-20 20:01:30] INFO: ErpNextWmsSyncApiService: [MR] Fetching Transfer In Stock Entries from http://printechsdammam.dyndns.org:88/api/method/printechs_wms.api.transfer_in_sync.get_material_transfer_stock_entries?add_to_transit=1&custom_receiving_warehouse=Main%20Warehouse%20-%20MAATC&docstatus=1
[2026-04-20 20:01:30] INFO: ErpNextWmsSyncApiService: [MR] Fetched 1 Transfer In Stock Entries
[2026-04-20 20:01:30] INFO: TransferInSyncFromErpNextService: Endpoint [MR] returned 1 raw entry(ies).
[2026-04-20 20:01:30] INFO: ErpNextWmsSyncApiService: [ERPNext 9] Fetching Transfer In Stock Entries from http://printechsdammam.dyndns.org:88/api/method/printechs_wms.api.transfer_in_sync.get_material_transfer_stock_entries?to_warehouse=Main%20Warehouse%20-%20MAATC&docstatus=1
[2026-04-20 20:01:31] INFO: ErpNextWmsSyncApiService: [ERPNext 9] Fetched 1 Transfer In Stock Entries
[2026-04-20 20:01:31] INFO: TransferInSyncFromErpNextService: Endpoint [ERPNext 9] returned 1 raw entry(ies).
[2026-04-20 20:01:31] INFO: ErpNextWmsSyncApiService: [Stock Entry] Fetching Transfer In Stock Entries from http://printechsdammam.dyndns.org:88/api/method/printechs_wms.api.transfer_in_sync.get_material_transfer_stock_entries?add_to_transit=1&custom_receiving_warehouse=Main%20Warehouse%20-%20MAATC&docstatus=1
[2026-04-20 20:01:31] INFO: ErpNextWmsSyncApiService: [Stock Entry] Fetched 1 Transfer In Stock Entries
[2026-04-20 20:01:31] INFO: TransferInSyncFromErpNextService: Endpoint [Stock Entry] returned 1 raw entry(ies).
[2026-04-20 20:01:31] INFO: ErpNextWmsSyncApiService: [ERPNext 11] Fetching Transfer In Stock Entries from http://printechsdammam.dyndns.org:88/api/method/printechs_wms.api.transfer_in_sync.get_material_transfer_stock_entries?add_to_transit=1&custom_receiving_warehouse=Main%20Warehouse%20-%20MAATC&docstatus=1
[2026-04-20 20:01:31] INFO: ErpNextWmsSyncApiService: [ERPNext 11] Fetched 1 Transfer In Stock Entries
[2026-04-20 20:01:31] INFO: TransferInSyncFromErpNextService: Endpoint [ERPNext 11] returned 1 raw entry(ies).
[2026-04-20 20:01:31] INFO: ErpNextWmsSyncApiService: [ERPNext 13] Fetching Transfer In Stock Entries from /api/method/printechs_wms.api.asn_to_purchase_receipt.get_pr_status_for_asn?asn_no=<linked ASN>/api/method/printechs_wms.api.transfer_in_sync.get_material_transfer_stock_entries?add_to_transit=1&custom_receiving_warehouse=Main%20Warehouse%20-%20MAATC&docstatus=1
[2026-04-20 20:01:31] ERROR: ErpNextWmsSyncApiService: [ERPNext 13] Error fetching Transfer In Stock Entries: An invalid request URI was provided. Either the request URI must be an absolute URI or BaseAddress must be set.
Exception Type: InvalidOperationException
Exception Message: An invalid request URI was provided. Either the request URI must be an absolute URI or BaseAddress must be set.
Stack Trace:    at System.Net.Http.HttpClient.PrepareRequestMessage(HttpRequestMessage request)
   at System.Net.Http.HttpClient.GetAsync(String requestUri)
   at Wms.Desktop.Services.ErpNextWmsSyncApiService.FetchMessageListAsync[T](String apiUrl, String apiKey, String label, String entityName) in D:\Development Project\Printechs WMS\Wms.Desktop\Services\ErpNextWmsSyncApiService.cs:line 523
--------------------------------------------------------------------------------
[2026-04-20 20:01:31] INFO: TransferInSyncFromErpNextService: Step 5 - Total raw entries from API: 5
[2026-04-20 20:01:31] INFO: TransferInSyncFromErpNextService: Step 6 - After dedupe: 2 unique Transfer In(s) to sync. Keys: [MAT-STE-2026-00002, MAT-STE-2026-00003]
[2026-04-20 20:01:31] INFO: TransferInSyncFromErpNextService: --- Processing entry: MAT-STE-2026-00002 ---
[2026-04-20 20:01:31] INFO: TransferInSyncFromErpNextService: tabTransferIn INSERT/UPDATE for MAT-STE-2026-00002 affected rows: 1 (1=inserted, 2=updated).
[2026-04-20 20:01:31] INFO: TransferInSyncFromErpNextService: DELETE old tabTransferInItem for MAT-STE-2026-00002 deleted rows: 0.
[2026-04-20 20:01:31] INFO: TransferInSyncFromErpNextService: Entry MAT-STE-2026-00002: inserting 2 item(s) into tabTransferInItem.
[2026-04-20 20:01:31] INFO: TransferInSyncFromErpNextService: Inserting tabTransferInItem: parent=MAT-STE-2026-00002, item_code=108231, qty=5.
[2026-04-20 20:01:31] INFO: TransferInSyncFromErpNextService: Item INSERT for 108231 affected rows: 1.
[2026-04-20 20:01:31] INFO: TransferInSyncFromErpNextService: Inserting tabTransferInItem: parent=MAT-STE-2026-00002, item_code=108229, qty=5.
[2026-04-20 20:01:31] INFO: TransferInSyncFromErpNextService: Item INSERT for 108229 affected rows: 1.
[2026-04-20 20:01:31] INFO: TransferInSyncFromErpNextService: Committing transaction for MAT-STE-2026-00002.
[2026-04-20 20:01:31] INFO: TransferInSyncFromErpNextService: Transaction committed for MAT-STE-2026-00002.
[2026-04-20 20:01:31] INFO: TransferInSyncFromErpNextService: Verification tabTransferInItem count for MAT-STE-2026-00002 => 2 row(s).
[2026-04-20 20:01:31] INFO: TransferInSyncFromErpNextService: --- Processing entry: MAT-STE-2026-00003 ---
[2026-04-20 20:01:31] INFO: TransferInSyncFromErpNextService: tabTransferIn INSERT/UPDATE for MAT-STE-2026-00003 affected rows: 1 (1=inserted, 2=updated).
[2026-04-20 20:01:31] INFO: TransferInSyncFromErpNextService: DELETE old tabTransferInItem for MAT-STE-2026-00003 deleted rows: 0.
[2026-04-20 20:01:31] INFO: TransferInSyncFromErpNextService: Entry MAT-STE-2026-00003: inserting 2 item(s) into tabTransferInItem.
[2026-04-20 20:01:31] INFO: TransferInSyncFromErpNextService: Inserting tabTransferInItem: parent=MAT-STE-2026-00003, item_code=108231, qty=5.
[2026-04-20 20:01:31] INFO: TransferInSyncFromErpNextService: Item INSERT for 108231 affected rows: 1.
[2026-04-20 20:01:31] INFO: TransferInSyncFromErpNextService: Inserting tabTransferInItem: parent=MAT-STE-2026-00003, item_code=108229, qty=5.
[2026-04-20 20:01:31] INFO: TransferInSyncFromErpNextService: Item INSERT for 108229 affected rows: 1.
[2026-04-20 20:01:31] INFO: TransferInSyncFromErpNextService: Committing transaction for MAT-STE-2026-00003.
[2026-04-20 20:01:31] INFO: TransferInSyncFromErpNextService: Transaction committed for MAT-STE-2026-00003.
[2026-04-20 20:01:31] INFO: TransferInSyncFromErpNextService: Verification tabTransferInItem count for MAT-STE-2026-00003 => 2 row(s).
[2026-04-20 20:01:31] INFO: Transfer In sync from ERPNext completed. Fetched: 2, entries inserted: 2, updated: 0, items: 4, errors: 0
[2026-04-20 20:01:31] INFO: ErpNextWmsSyncApiService: WMS snapshot updated successfully.
[2026-04-20 20:01:31] INFO: ErpNextWmsSyncApiService: Calling rebuild_wms_stock_balance for company=Mohammed Abdullah Almousa Trading Company, warehouse=Main Warehouse - MAATC
[2026-04-20 20:01:32] INFO: ErpNextWmsSyncApiService: rebuild_wms_stock_balance updated successfully.
[2026-04-20 20:01:32] INFO: ErpNextWmsSyncApiService: rebuild_wms_stock_balance completed successfully.
[2026-04-20 20:01:38] INFO: ASN ASN-0001 Carton CNWH12858: Assigned=Assigned, Actual=Assigned, ReceivedQty=0
[2026-04-20 20:01:38] INFO: ASN ASN-0001 Carton CNWH12854: Assigned=Assigned, Actual=Assigned, ReceivedQty=0
[2026-04-20 20:01:38] INFO: ASN ASN-0001 Carton CNWH15390: Assigned=Assigned, Actual=Assigned, ReceivedQty=0
[2026-04-20 20:01:38] INFO: ASN ASN-0001 Carton CNWH42441: Assigned=Assigned, Actual=Assigned, ReceivedQty=0
[2026-04-20 20:01:38] INFO: ASN ASN-0001 Carton CNWH64571: Assigned=Assigned, Actual=Assigned, ReceivedQty=0
[2026-04-20 20:01:38] INFO: ASN ASN-0001 Carton CNWH64521: Assigned=Assigned, Actual=Assigned, ReceivedQty=0
[2026-04-20 20:01:38] INFO: ASN ASN-0001 Carton CNWH63561: Assigned=Assigned, Actual=Assigned, ReceivedQty=0
[2026-04-20 20:01:38] INFO: ASN ASN-0001 Carton CNWH63609: Assigned=Assigned, Actual=Assigned, ReceivedQty=0
[2026-04-20 20:01:38] INFO: ASN ASN-0002 Carton CNWH12858: Assigned=Assigned, Actual=Assigned, ReceivedQty=0
[2026-04-20 20:01:38] INFO: ASN ASN-0002 Carton CNWH12854: Assigned=Assigned, Actual=Assigned, ReceivedQty=0
[2026-04-20 20:01:41] INFO: ASN ASN-0001 Carton CNWH12858: Assigned=Assigned, Actual=Assigned, ReceivedQty=0
[2026-04-20 20:01:41] INFO: ASN ASN-0001 Carton CNWH12854: Assigned=Assigned, Actual=Assigned, ReceivedQty=0
[2026-04-20 20:01:41] INFO: ASN ASN-0001 Carton CNWH15390: Assigned=Assigned, Actual=Assigned, ReceivedQty=0
[2026-04-20 20:01:41] INFO: ASN ASN-0001 Carton CNWH42441: Assigned=Assigned, Actual=Assigned, ReceivedQty=0
[2026-04-20 20:01:41] INFO: ASN ASN-0001 Carton CNWH64571: Assigned=Assigned, Actual=Assigned, ReceivedQty=0
[2026-04-20 20:01:41] INFO: ASN ASN-0001 Carton CNWH64521: Assigned=Assigned, Actual=Assigned, ReceivedQty=0
[2026-04-20 20:01:41] INFO: ASN ASN-0001 Carton CNWH63561: Assigned=Assigned, Actual=Assigned, ReceivedQty=0
[2026-04-20 20:01:41] INFO: ASN ASN-0001 Carton CNWH63609: Assigned=Assigned, Actual=Assigned, ReceivedQty=0
[2026-04-20 20:01:41] INFO: ASN ASN-0002 Carton CNWH12858: Assigned=Assigned, Actual=Assigned, ReceivedQty=0
[2026-04-20 20:01:41] INFO: ASN ASN-0002 Carton CNWH12854: Assigned=Assigned, Actual=Assigned, ReceivedQty=0
[2026-04-20 20:01:41] INFO: ASN ASN-0001 Carton CNWH12858: Assigned=Assigned, Actual=Assigned, ReceivedQty=0
[2026-04-20 20:01:41] INFO: ASN ASN-0001 Carton CNWH12854: Assigned=Assigned, Actual=Assigned, ReceivedQty=0
[2026-04-20 20:01:41] INFO: ASN ASN-0001 Carton CNWH15390: Assigned=Assigned, Actual=Assigned, ReceivedQty=0
[2026-04-20 20:01:41] INFO: ASN ASN-0001 Carton CNWH42441: Assigned=Assigned, Actual=Assigned, ReceivedQty=0
[2026-04-20 20:01:41] INFO: ASN ASN-0001 Carton CNWH64571: Assigned=Assigned, Actual=Assigned, ReceivedQty=0
[2026-04-20 20:01:41] INFO: ASN ASN-0001 Carton CNWH64521: Assigned=Assigned, Actual=Assigned, ReceivedQty=0
[2026-04-20 20:01:41] INFO: ASN ASN-0001 Carton CNWH63561: Assigned=Assigned, Actual=Assigned, ReceivedQty=0
[2026-04-20 20:01:41] INFO: ASN ASN-0001 Carton CNWH63609: Assigned=Assigned, Actual=Assigned, ReceivedQty=0
[2026-04-20 20:01:41] INFO: ASN ASN-0002 Carton CNWH12858: Assigned=Assigned, Actual=Assigned, ReceivedQty=0
[2026-04-20 20:01:41] INFO: ASN ASN-0002 Carton CNWH12854: Assigned=Assigned, Actual=Assigned, ReceivedQty=0
[2026-04-20 20:04:52] INFO: ASN ASN-0001 Carton CNWH12858: Assigned=Assigned, Actual=Assigned, ReceivedQty=0
[2026-04-20 20:04:52] INFO: ASN ASN-0001 Carton CNWH12854: Assigned=Assigned, Actual=Assigned, ReceivedQty=0
[2026-04-20 20:04:52] INFO: ASN ASN-0001 Carton CNWH15390: Assigned=Assigned, Actual=Assigned, ReceivedQty=0
[2026-04-20 20:04:52] INFO: ASN ASN-0001 Carton CNWH42441: Assigned=Assigned, Actual=Assigned, ReceivedQty=0
[2026-04-20 20:04:52] INFO: ASN ASN-0001 Carton CNWH64571: Assigned=Assigned, Actual=Assigned, ReceivedQty=0
[2026-04-20 20:04:52] INFO: ASN ASN-0001 Carton CNWH64521: Assigned=Assigned, Actual=Assigned, ReceivedQty=0
[2026-04-20 20:04:52] INFO: ASN ASN-0001 Carton CNWH63561: Assigned=Assigned, Actual=Assigned, ReceivedQty=0
[2026-04-20 20:04:52] INFO: ASN ASN-0001 Carton CNWH63609: Assigned=Assigned, Actual=Assigned, ReceivedQty=0
[2026-04-20 20:04:52] INFO: ASN ASN-0002 Carton CNWH12858: Assigned=Received, Actual=Received, ReceivedQty=100
[2026-04-20 20:04:52] INFO: ASN ASN-0002 Carton CNWH12854: Assigned=Assigned, Actual=Assigned, ReceivedQty=0
[2026-04-20 20:08:21] INFO: ASN ASN-0001 Carton CNWH12858: Assigned=Assigned, Actual=Assigned, ReceivedQty=0
[2026-04-20 20:08:21] INFO: ASN ASN-0001 Carton CNWH12854: Assigned=Assigned, Actual=Assigned, ReceivedQty=0
[2026-04-20 20:08:21] INFO: ASN ASN-0001 Carton CNWH15390: Assigned=Assigned, Actual=Assigned, ReceivedQty=0
[2026-04-20 20:08:21] INFO: ASN ASN-0001 Carton CNWH42441: Assigned=Assigned, Actual=Assigned, ReceivedQty=0
[2026-04-20 20:08:21] INFO: ASN ASN-0001 Carton CNWH64571: Assigned=Assigned, Actual=Assigned, ReceivedQty=0
[2026-04-20 20:08:21] INFO: ASN ASN-0001 Carton CNWH64521: Assigned=Assigned, Actual=Assigned, ReceivedQty=0
[2026-04-20 20:08:21] INFO: ASN ASN-0001 Carton CNWH63561: Assigned=Assigned, Actual=Assigned, ReceivedQty=0
[2026-04-20 20:08:21] INFO: ASN ASN-0001 Carton CNWH63609: Assigned=Assigned, Actual=Assigned, ReceivedQty=0
[2026-04-20 20:08:21] INFO: ASN ASN-0002 Carton CNWH12858: Assigned=Received, Actual=Received, ReceivedQty=100
[2026-04-20 20:08:21] INFO: ASN ASN-0002 Carton CNWH12854: Assigned=Unloaded, Actual=Unloaded, ReceivedQty=0
[2026-04-20 20:08:28] INFO: TransferCartonListView: Loaded event fired
[2026-04-20 20:08:28] INFO: TransferCartonListView: Calling RefreshAsync on ViewModel
[2026-04-20 20:08:28] INFO: TransferCartonListViewModel: Starting to load transfer cartons
[2026-04-20 20:08:28] INFO: Loading Transfer Cartons from database...
[2026-04-20 20:08:28] INFO: TransferCartonDataService: Starting schema detection
[2026-04-20 20:08:28] INFO: TransferCartonDataService: Found column 'asn_no'
[2026-04-20 20:08:28] INFO: TransferCartonDataService: Found column 'to_no'
[2026-04-20 20:08:28] INFO: TransferCartonDataService: Returning - AsnColumn=asn_no, ToColumn=to_no
[2026-04-20 20:08:28] INFO: Detected schema: AsnColumn=asn_no, ToColumn=to_no
[2026-04-20 20:08:28] INFO: Executing query: SELECT tc_id, status, asn_no, to_no, store, 
                               created_by, created_on, sealed_by, sealed_on, dispatched_on, remarks,
                               purchase_receipt_no, purchase_receipt_docstatus, purchase_receipt_created, purchase_receipt_submitted,
                               warehouse_transfer_no, warehouse_transfer_created
                        FROM tabTransferCarton
                        ORDER BY created_on DESC, tc_id
[2026-04-20 20:08:28] INFO: Loaded 2 transfer cartons from database
[2026-04-20 20:08:28] INFO: TransferCartonListViewModel: Received 2 transfer cartons from service
[2026-04-20 20:08:28] INFO: TransferCartonListViewModel: Added 2 transfer cartons to collection
[2026-04-20 20:08:28] INFO: TransferCartonListView: RefreshAsync completed
[2026-04-20 20:08:35] INFO: TransferCartonDetailViewModel: Loading data for TC-0002-1776704865161
[2026-04-20 20:08:35] INFO: ASN ASN-0001 Carton CNWH12858: Assigned=Assigned, Actual=Assigned, ReceivedQty=0
[2026-04-20 20:08:35] INFO: ASN ASN-0001 Carton CNWH12854: Assigned=Assigned, Actual=Assigned, ReceivedQty=0
[2026-04-20 20:08:35] INFO: ASN ASN-0001 Carton CNWH15390: Assigned=Assigned, Actual=Assigned, ReceivedQty=0
[2026-04-20 20:08:35] INFO: ASN ASN-0001 Carton CNWH42441: Assigned=Assigned, Actual=Assigned, ReceivedQty=0
[2026-04-20 20:08:35] INFO: ASN ASN-0001 Carton CNWH64571: Assigned=Assigned, Actual=Assigned, ReceivedQty=0
[2026-04-20 20:08:35] INFO: ASN ASN-0001 Carton CNWH64521: Assigned=Assigned, Actual=Assigned, ReceivedQty=0
[2026-04-20 20:08:35] INFO: ASN ASN-0001 Carton CNWH63561: Assigned=Assigned, Actual=Assigned, ReceivedQty=0
[2026-04-20 20:08:35] INFO: ASN ASN-0001 Carton CNWH63609: Assigned=Assigned, Actual=Assigned, ReceivedQty=0
[2026-04-20 20:08:35] INFO: ASN ASN-0002 Carton CNWH12858: Assigned=Received, Actual=Received, ReceivedQty=100
[2026-04-20 20:08:35] INFO: ASN ASN-0002 Carton CNWH12854: Assigned=Unloaded, Actual=Unloaded, ReceivedQty=0
[2026-04-20 20:08:35] INFO: TransferCartonDetailViewModel: Loaded ASN ASN-0002
[2026-04-20 20:08:35] INFO: TransferCartonDetailViewModel: Loaded Transfer Order WMS-TO-00001
[2026-04-20 20:08:35] INFO: TransferCartonService: Loading contents for transfer carton TC-0002-1776704865161
[2026-04-20 20:08:35] INFO: TransferCartonService: Executing query with tc_id = 'TC-0002-1776704865161'
[2026-04-20 20:08:35] INFO: TransferCartonService: SQL = SELECT 
                            item_code,
                            carton_id AS source_carton,
                            SUM(qty) AS quantity,
                            MAX(user_id) AS packed_by,
                            MAX(event_time) AS packed_on
                        FROM tabWmsScanEvent
                        WHERE tc_id = @tc_id
                        AND event_type IN ('PACK_BOX_TO_TC', 'PACK_ITEM_TO_TC')
                        AND item_code IS NOT NULL
                        AND item_code != ''
                        AND qty > 0
                        GROUP BY item_code, carton_id
                        ORDER BY packed_on DESC
[2026-04-20 20:08:35] INFO: TransferCartonService: Total events with tc_id = 'TC-0002-1776704865161': 1
[2026-04-20 20:08:35] INFO: TransferCartonService: Events with item_code: 1
[2026-04-20 20:08:35] INFO: TransferCartonService: PACK_BOX_TO_TC events: 1
[2026-04-20 20:08:35] INFO: TransferCartonService: Found grouped item - ItemCode: 247775, SourceCarton: CNWH12858, Quantity: 25
[2026-04-20 20:08:35] INFO: TransferCartonService: Processed 1 rows from database
[2026-04-20 20:08:35] INFO: TransferCartonService: Found 1 unique items for transfer carton TC-0002-1776704865161
[2026-04-20 20:08:35] INFO: TransferCartonDetailViewModel: Loaded 1 items for transfer carton TC-0002-1776704865161
[2026-04-20 20:08:35] INFO: ErpNextWmsSyncApiService: GetPrStatusForAsn GET http://printechsdammam.dyndns.org:88/api/method/printechs_wms.api.asn_to_purchase_receipt.get_pr_status_for_asn?asn_no=ASN-0002
[2026-04-20 20:08:42] INFO: TransferCartonDetailViewModel: Loading data for TC-0002-1776704865161
[2026-04-20 20:08:42] INFO: ASN ASN-0001 Carton CNWH12858: Assigned=Assigned, Actual=Assigned, ReceivedQty=0
[2026-04-20 20:08:42] INFO: ASN ASN-0001 Carton CNWH12854: Assigned=Assigned, Actual=Assigned, ReceivedQty=0
[2026-04-20 20:08:42] INFO: ASN ASN-0001 Carton CNWH15390: Assigned=Assigned, Actual=Assigned, ReceivedQty=0
[2026-04-20 20:08:42] INFO: ASN ASN-0001 Carton CNWH42441: Assigned=Assigned, Actual=Assigned, ReceivedQty=0
[2026-04-20 20:08:42] INFO: ASN ASN-0001 Carton CNWH64571: Assigned=Assigned, Actual=Assigned, ReceivedQty=0
[2026-04-20 20:08:42] INFO: ASN ASN-0001 Carton CNWH64521: Assigned=Assigned, Actual=Assigned, ReceivedQty=0
[2026-04-20 20:08:42] INFO: ASN ASN-0001 Carton CNWH63561: Assigned=Assigned, Actual=Assigned, ReceivedQty=0
[2026-04-20 20:08:42] INFO: ASN ASN-0001 Carton CNWH63609: Assigned=Assigned, Actual=Assigned, ReceivedQty=0
[2026-04-20 20:08:42] INFO: ASN ASN-0002 Carton CNWH12858: Assigned=Received, Actual=Received, ReceivedQty=100
[2026-04-20 20:08:42] INFO: ASN ASN-0002 Carton CNWH12854: Assigned=Unloaded, Actual=Unloaded, ReceivedQty=0
[2026-04-20 20:08:42] INFO: TransferCartonDetailViewModel: Loaded ASN ASN-0002
[2026-04-20 20:08:42] INFO: TransferCartonDetailViewModel: Loaded Transfer Order WMS-TO-00001
[2026-04-20 20:08:42] INFO: TransferCartonService: Loading contents for transfer carton TC-0002-1776704865161
[2026-04-20 20:08:42] INFO: TransferCartonService: Executing query with tc_id = 'TC-0002-1776704865161'
[2026-04-20 20:08:42] INFO: TransferCartonService: SQL = SELECT 
                            item_code,
                            carton_id AS source_carton,
                            SUM(qty) AS quantity,
                            MAX(user_id) AS packed_by,
                            MAX(event_time) AS packed_on
                        FROM tabWmsScanEvent
                        WHERE tc_id = @tc_id
                        AND event_type IN ('PACK_BOX_TO_TC', 'PACK_ITEM_TO_TC')
                        AND item_code IS NOT NULL
                        AND item_code != ''
                        AND qty > 0
                        GROUP BY item_code, carton_id
                        ORDER BY packed_on DESC
[2026-04-20 20:08:42] INFO: TransferCartonService: Total events with tc_id = 'TC-0002-1776704865161': 1
[2026-04-20 20:08:42] INFO: TransferCartonService: Events with item_code: 1
[2026-04-20 20:08:42] INFO: TransferCartonService: PACK_BOX_TO_TC events: 1
[2026-04-20 20:08:42] INFO: TransferCartonService: Found grouped item - ItemCode: 247775, SourceCarton: CNWH12858, Quantity: 25
[2026-04-20 20:08:42] INFO: TransferCartonService: Processed 1 rows from database
[2026-04-20 20:08:42] INFO: TransferCartonService: Found 1 unique items for transfer carton TC-0002-1776704865161
[2026-04-20 20:08:42] INFO: TransferCartonDetailViewModel: Loaded 1 items for transfer carton TC-0002-1776704865161
[2026-04-20 20:08:42] INFO: ErpNextWmsSyncApiService: GetPrStatusForAsn GET http://printechsdammam.dyndns.org:88/api/method/printechs_wms.api.asn_to_purchase_receipt.get_pr_status_for_asn?asn_no=ASN-0002
[2026-04-20 20:14:58] INFO: ItemLocationBreakdownViewModel: Loading location data for 247775 from transaction history
[2026-04-20 20:14:58] INFO: ItemLocationBreakdownViewModel: Found 1 location/carton entries from transaction history
[2026-04-20 20:15:03] INFO: ItemLocationBreakdownViewModel: Loading location data for 247775 from transaction history
[2026-04-20 20:15:03] INFO: ItemLocationBreakdownViewModel: Found 1 location/carton entries from transaction history
[2026-04-20 20:15:20] INFO: ItemLocationBreakdownViewModel: Loading location data for 247775 from transaction history
[2026-04-20 20:15:20] INFO: ItemLocationBreakdownViewModel: Found 1 location/carton entries from transaction history
[2026-04-20 22:33:00] INFO: ASN sync from ERPNext started.
[2026-04-20 22:33:00] INFO: ErpNextWmsSyncApiService: [Item Group] Fetching ASNs from http://printechsdammam.dyndns.org:88/api/method/printechs_wms.api.wms_sync.get_asns_for_wms?export_pending=1&include_items=1
[2026-04-20 22:33:01] INFO: ErpNextWmsSyncApiService: [Item Group] Fetched 2 ASNs
[2026-04-20 22:33:01] INFO: ErpNextWmsSyncApiService: [ASN] Fetching ASNs from http://printechsdammam.dyndns.org:88/api/method/printechs_wms.api.wms_sync.get_asns_for_wms?export_pending=1&include_items=1
[2026-04-20 22:33:01] INFO: ErpNextWmsSyncApiService: [ASN] Fetched 2 ASNs
[2026-04-20 22:33:01] INFO: ErpNextWmsSyncApiService: [ASN Status] Fetching ASNs from http://printechsdammam.dyndns.org:88/api/method/printechs_wms.api.wms_sync.get_asns_for_wms?export_pending=1&include_items=1
[2026-04-20 22:33:01] INFO: ErpNextWmsSyncApiService: [ASN Status] Fetched 2 ASNs
[2026-04-20 22:33:01] INFO: ErpNextWmsSyncApiService: [MR] Fetching ASNs from http://printechsdammam.dyndns.org:88/api/method/printechs_wms.api.wms_sync.get_asns_for_wms?export_pending=1&include_items=1
[2026-04-20 22:33:01] INFO: ErpNextWmsSyncApiService: [MR] Fetched 2 ASNs
[2026-04-20 22:33:01] INFO: ErpNextWmsSyncApiService: [ERPNext 9] Fetching ASNs from http://printechsdammam.dyndns.org:88/api/method/printechs_wms.api.wms_sync.get_asns_for_wms?export_pending=1&include_items=1
[2026-04-20 22:33:01] INFO: ErpNextWmsSyncApiService: [ERPNext 9] Fetched 2 ASNs
[2026-04-20 22:33:01] INFO: ErpNextWmsSyncApiService: [Stock Entry] Fetching ASNs from http://printechsdammam.dyndns.org:88/api/method/printechs_wms.api.wms_sync.get_asns_for_wms?export_pending=1&include_items=1
[2026-04-20 22:33:01] INFO: ErpNextWmsSyncApiService: [Stock Entry] Fetched 2 ASNs
[2026-04-20 22:33:01] INFO: ErpNextWmsSyncApiService: [ERPNext 11] Fetching ASNs from http://printechsdammam.dyndns.org:88/api/method/printechs_wms.api.wms_sync.get_asns_for_wms?export_pending=1&include_items=1
[2026-04-20 22:33:01] INFO: ErpNextWmsSyncApiService: [ERPNext 11] Fetched 2 ASNs
[2026-04-20 22:33:01] INFO: ErpNextWmsSyncApiService: ERPNext 13 API URL or key not configured
[2026-04-20 22:33:01] INFO: AsnSyncFromErpNextService: Syncing 2 ASN(s) with items.
[2026-04-20 22:33:01] INFO: ASN sync from ERPNext completed. Fetched: 2, ASNs inserted: 2, updated: 0, items: 10, errors: 0
[2026-04-20 22:33:01] INFO: ErpNextWmsSyncApiService: Posting ASN ASN-0002 status=Exported to http://printechsdammam.dyndns.org:88/api/method/printechs_wms.api.wms_sync.update_asn_wms_status
[2026-04-20 22:33:01] INFO: ErpNextWmsSyncApiService: ASN status updated successfully.
[2026-04-20 22:33:01] INFO: ErpNextWmsSyncApiService: Posting ASN ASN-0001 status=Exported to http://printechsdammam.dyndns.org:88/api/method/printechs_wms.api.wms_sync.update_asn_wms_status
[2026-04-20 22:33:02] ERROR: ErpNextWmsSyncApiService: ASN status API returned ExpectationFailed: {"exception":"frappe.exceptions.ValidationError:  Status cannot be \"Partially Received\". It should be one of \"Draft\", \"Open\", \"Completed\", \"Cancelled\"","exc_type":"ValidationError","_exc_source":"printechs_wms (app)","exc":"[\"Traceback (most recent call last):\\n  File \\\"apps/frappe/frappe/app.py\\\", line 120, in application\\n    response = frappe.api.handle(request)\\n               ^^^^^^^^^^^^^^^^^^^^^^^^^^\\n  File \\\"apps/frappe/frappe/api/__init__.py\\\", line 52, in handle\\n    data = endpoint(**arguments)\\n           ^^^^^^^^^^^^^^^^^^^^^\\n  File \\\"apps/frappe/frappe/api/v1.py\\\", line 40, in handle_rpc_call\\n    return frappe.handler.handle()\\n           ^^^^^^^^^^^^^^^^^^^^^^^\\n  File \\\"apps/frappe/frappe/handler.py\\\", line 52, in handle\\n    data = execute_cmd(cmd)\\n           ^^^^^^^^^^^^^^^^\\n  File \\\"apps/frappe/frappe/handler.py\\\", line 85, in execute_cmd\\n    return frappe.call(method, **frappe.form_dict)\\n           ^^^^^^^^^^^^^^^^^^^^^^^^^^^^^^^^^^^^^^^\\n  File \\\"apps/frappe/frappe/__init__.py\\\", line 1754, in call\\n    return fn(*args, **newargs)\\n           ^^^^^^^^^^^^^^^^^^^^\\n  File \\\"apps/frappe/frappe/utils/typing_validations.py\\\", line 32, in wrapper\\n    return func(*args, **kwargs)\\n           ^^^^^^^^^^^^^^^^^^^^^\\n  File \\\"apps/printechs_wms/printechs_wms/api/wms_sync.py\\\", line 379, in update_asn_wms_status\\n    doc.save()\\n  File \\\"apps/frappe/frappe/model/document.py\\\", line 378, in save\\n    return self._save(*args, **kwargs)\\n           ^^^^^^^^^^^^^^^^^^^^^^^^^^^\\n  File \\\"apps/frappe/frappe/model/document.py\\\", line 417, in _save\\n    self._validate()\\n  File \\\"apps/frappe/frappe/model/document.py\\\", line 624, in _validate\\n    self._validate_selects()\\n  File \\\"apps/frappe/frappe/model/base_document.py\\\", line 913, in _validate_selects\\n    frappe.throw(\\n  File \\\"apps/frappe/frappe/__init__.py\\\", line 609, in throw\\n    msgprint(\\n  File \\\"apps/frappe/frappe/__init__.py\\\", line 574, in msgprint\\n    _raise_exception()\\n  File \\\"apps/frappe/frappe/__init__.py\\\", line 525, in _raise_exception\\n    raise exc\\nfrappe.exceptions.ValidationError:  Status cannot be \\\"Partially Received\\\". It should be one of \\\"Draft\\\", \\\"Open\\\", \\\"Completed\\\", \\\"Cancelled\\\"\\n\"]","_server_messages":"[\"{\\\"message\\\": \\\" Status cannot be \\\\\\\"Partially Received\\\\\\\". It should be one of \\\\\\\"Draft\\\\\\\", \\\\\\\"Open\\\\\\\", \\\\\\\"Completed\\\\\\\", \\\\\\\"Cancelled\\\\\\\"\\\", \\\"title\\\": \\\"Message\\\", \\\"indicator\\\": \\\"red\\\", \\\"raise_exception\\\": 1, \\\"__frappe_exc_id\\\": \\\"c161ab18236a2ff376a444d329505b21f1187cf4420ad789fd4cb888\\\"}\"]"}
--------------------------------------------------------------------------------
[2026-04-20 22:33:02] ERROR: AsnSyncFromErpNextService: Failed to post ASN ASN-0001 status to ERPNext: ExpectationFailed: {"exception":"frappe.exceptions.ValidationError:  Status cannot be \"Partially Received\". It should be one of \"Draft\", \"Open\", \"Completed\", \"Cancelled\"","exc_type":"ValidationError","_exc_source":"printechs_wms (app)","exc":"[\"Traceback (most recent call last):\\n  File \\\"apps/frappe/frappe/app.py\\\", line 120, in application\\n    response = frappe.api.handle(request)\\n               ^^^^^^^^^^^^^^^^^^^^^^^^^^\\n  File \\\"apps/frappe/frappe/api/__init__.py\\\", line 52, in handle\\n    data = endpoint(**arguments)\\n           ^^^^^^^^^^^^^^^^^^^^^\\n  File \\\"apps/frappe/frappe/api/v1.py\\\", line 40, in handle_rpc_call\\n    return frappe.handler.handle()\\n           ^^^^^^^^^^^^^^^^^^^^^^^\\n  File \\\"apps/frappe/frappe/handler.py\\\", line 52, in handle\\n    data = execute_cmd(cmd)\\n           ^^^^^^^^^^^^^^^^\\n  File \\\"apps/frappe/frappe/handler.py\\\", line 85, in execute_cmd\\n    return frappe.call(method, **frappe.form_dict)\\n           ^^^^^^^^^^^^^^^^^^^^^^^^^^^^^^^^^^^^^^^\\n  File \\\"apps/frappe/frappe/__init__.py\\\", line 1754, in call\\n    return fn(*args, **newargs)\\n           ^^^^^^^^^^^^^^^^^^^^\\n  File \\\"apps/frappe/frappe/utils/typing_validations.py\\\", line 32, in wrapper\\n    return func(*args, **kwargs)\\n           ^^^^^^^^^^^^^^^^^^^^^\\n  File \\\"apps/printechs_wms/printechs_wms/api/wms_sync.py\\\", line 379, in update_asn_wms_status\\n    doc.save()\\n  File \\\"apps/frappe/frappe/model/document.py\\\", line 378, in save\\n    return self._save(*args, **kwargs)\\n           ^^^^^^^^^^^^^^^^^^^^^^^^^^^\\n  File \\\"apps/frappe/frappe/model/document.py\\\", line 417, in _save\\n    self._validate()\\n  File \\\"apps/frappe/frappe/model/document.py\\\", line 624, in _validate\\n    self._validate_selects()\\n  File \\\"apps/frappe/frappe/model/base_document.py\\\", line 913, in _validate_selects\\n    frappe.throw(\\n  File \\\"apps/frappe/frappe/__init__.py\\\", line 609, in throw\\n    msgprint(\\n  File \\\"apps/frappe/frappe/__init__.py\\\", line 574, in msgprint\\n    _raise_exception()\\n  File \\\"apps/frappe/frappe/__init__.py\\\", line 525, in _raise_exception\\n    raise exc\\nfrappe.exceptions.ValidationError:  Status cannot be \\\"Partially Received\\\". It should be one of \\\"Draft\\\", \\\"Open\\\", \\\"Completed\\\", \\\"Cancelled\\\"\\n\"]","_server_messages":"[\"{\\\"message\\\": \\\" Status cannot be \\\\\\\"Partially Received\\\\\\\". It should be one of \\\\\\\"Draft\\\\\\\", \\\\\\\"Open\\\\\\\", \\\\\\\"Completed\\\\\\\", \\\\\\\"Cancelled\\\\\\\"\\\", \\\"title\\\": \\\"Message\\\", \\\"indicator\\\": \\\"red\\\", \\\"raise_exception\\\": 1, \\\"__frappe_exc_id\\\": \\\"c161ab18236a2ff376a444d329505b21f1187cf4420ad789fd4cb888\\\"}\"]"}
--------------------------------------------------------------------------------
[2026-04-20 22:33:02] INFO: AsnSyncFromErpNextService: ASN status posted to ERPNext: 1/2 updated (update_asn_wms_status per ASN)
[2026-04-20 22:33:02] INFO: Transfer Order sync from ERPNext started.
[2026-04-20 22:33:02] INFO: ErpNextWmsSyncApiService: [Item Group] Fetching Transfer Orders from http://printechsdammam.dyndns.org:88/api/method/printechs_wms.api.wms_sync.get_tos_for_wms?export_pending=1&include_items=1&docstatus=1
[2026-04-20 22:33:02] INFO: ErpNextWmsSyncApiService: [Item Group] Fetched 1 Transfer Orders
[2026-04-20 22:33:02] INFO: ErpNextWmsSyncApiService: [TO] Fetching Transfer Orders from http://printechsdammam.dyndns.org:88/api/method/printechs_wms.api.wms_sync.get_tos_for_wms?export_pending=1&include_items=1&docstatus=1
[2026-04-20 22:33:02] INFO: ErpNextWmsSyncApiService: [TO] Fetched 1 Transfer Orders
[2026-04-20 22:33:02] INFO: ErpNextWmsSyncApiService: [TO Status] Fetching Transfer Orders from http://printechsdammam.dyndns.org:88/api/method/printechs_wms.api.wms_sync.get_tos_for_wms?export_pending=1&include_items=1&docstatus=1
[2026-04-20 22:33:02] INFO: ErpNextWmsSyncApiService: [TO Status] Fetched 1 Transfer Orders
[2026-04-20 22:33:02] INFO: ErpNextWmsSyncApiService: [MR] Fetching Transfer Orders from http://printechsdammam.dyndns.org:88/api/method/printechs_wms.api.wms_sync.get_tos_for_wms?export_pending=1&include_items=1&docstatus=1
[2026-04-20 22:33:02] INFO: ErpNextWmsSyncApiService: [MR] Fetched 1 Transfer Orders
[2026-04-20 22:33:02] INFO: ErpNextWmsSyncApiService: [ERPNext 9] Fetching Transfer Orders from http://printechsdammam.dyndns.org:88/api/method/printechs_wms.api.wms_sync.get_tos_for_wms?export_pending=1&include_items=1&docstatus=1
[2026-04-20 22:33:02] INFO: ErpNextWmsSyncApiService: [ERPNext 9] Fetched 1 Transfer Orders
[2026-04-20 22:33:02] INFO: ErpNextWmsSyncApiService: [Stock Entry] Fetching Transfer Orders from http://printechsdammam.dyndns.org:88/api/method/printechs_wms.api.wms_sync.get_tos_for_wms?export_pending=1&include_items=1&docstatus=1
[2026-04-20 22:33:02] INFO: ErpNextWmsSyncApiService: [Stock Entry] Fetched 1 Transfer Orders
[2026-04-20 22:33:02] INFO: ErpNextWmsSyncApiService: [ERPNext 11] Fetching Transfer Orders from http://printechsdammam.dyndns.org:88/api/method/printechs_wms.api.wms_sync.get_tos_for_wms?export_pending=1&include_items=1&docstatus=1
[2026-04-20 22:33:02] INFO: ErpNextWmsSyncApiService: [ERPNext 11] Fetched 1 Transfer Orders
[2026-04-20 22:33:02] INFO: ErpNextWmsSyncApiService: ERPNext 13 API URL or key not configured
[2026-04-20 22:33:02] INFO: TransferOrderSyncFromErpNextService: Syncing 1 TO(s) with items.
[2026-04-20 22:33:02] INFO: Transfer Order sync from ERPNext completed. Fetched: 1, TOs inserted: 1, updated: 0, items: 4, errors: 0
[2026-04-20 22:33:02] ERROR: ErpNextWmsSyncApiService: TO status API returned ExpectationFailed: {"exception":"frappe.exceptions.ValidationError: Failed to get method for command printechs_wms.api.wms_sync.update_transfer_order_wms_status with module 'printechs_wms.api.wms_sync' has no attribute 'update_transfer_order_wms_status'","exc_type":"ValidationError","exc":"[\"Traceback (most recent call last):\\n  File \\\"apps/frappe/frappe/handler.py\\\", line 74, in execute_cmd\\n    method = get_attr(cmd)\\n             ^^^^^^^^^^^^^\\n  File \\\"apps/frappe/frappe/handler.py\\\", line 292, in get_attr\\n    method = frappe.get_attr(cmd)\\n             ^^^^^^^^^^^^^^^^^^^^\\n  File \\\"apps/frappe/frappe/__init__.py\\\", line 1744, in get_attr\\n    return getattr(get_module(modulename), methodname)\\n           ^^^^^^^^^^^^^^^^^^^^^^^^^^^^^^^^^^^^^^^^^^^\\nAttributeError: module 'printechs_wms.api.wms_sync' has no attribute 'update_transfer_order_wms_status'\\n\\nDuring handling of the above exception, another exception occurred:\\n\\nTraceback (most recent call last):\\n  File \\\"apps/frappe/frappe/app.py\\\", line 120, in application\\n    response = frappe.api.handle(request)\\n               ^^^^^^^^^^^^^^^^^^^^^^^^^^\\n  File \\\"apps/frappe/frappe/api/__init__.py\\\", line 52, in handle\\n    data = endpoint(**arguments)\\n           ^^^^^^^^^^^^^^^^^^^^^\\n  File \\\"apps/frappe/frappe/api/v1.py\\\", line 40, in handle_rpc_call\\n    return frappe.handler.handle()\\n           ^^^^^^^^^^^^^^^^^^^^^^^\\n  File \\\"apps/frappe/frappe/handler.py\\\", line 52, in handle\\n    data = execute_cmd(cmd)\\n           ^^^^^^^^^^^^^^^^\\n  File \\\"apps/frappe/frappe/handler.py\\\", line 76, in execute_cmd\\n    frappe.throw(_(\\\"Failed to get method for command {0} with {1}\\\").format(cmd, e))\\n  File \\\"apps/frappe/frappe/__init__.py\\\", line 609, in throw\\n    msgprint(\\n  File \\\"apps/frappe/frappe/__init__.py\\\", line 574, in msgprint\\n    _raise_exception()\\n  File \\\"apps/frappe/frappe/__init__.py\\\", line 525, in _raise_exception\\n    raise exc\\nfrappe.exceptions.ValidationError: Failed to get method for command printechs_wms.api.wms_sync.update_transfer_order_wms_status with module 'printechs_wms.api.wms_sync' has no attribute 'update_transfer_order_wms_status'\\n\"]","_server_messages":"[\"{\\\"message\\\": \\\"Failed to get method for command printechs_wms.api.wms_sync.update_transfer_order_wms_status with module 'printechs_wms.api.wms_sync' has no attribute 'update_transfer_order_wms_status'\\\", \\\"title\\\": \\\"Message\\\", \\\"indicator\\\": \\\"red\\\", \\\"raise_exception\\\": 1, \\\"__frappe_exc_id\\\": \\\"ae50b613a8717c8102a94acdc6cb28289203e311b39bbe766d9e0293\\\"}\"]"}
--------------------------------------------------------------------------------
[2026-04-20 22:33:02] ERROR: TransferOrderSyncFromErpNextService: Failed to post TO WMS-TO-00001 status to ERPNext: ExpectationFailed: {"exception":"frappe.exceptions.ValidationError: Failed to get method for command printechs_wms.api.wms_sync.update_transfer_order_wms_status with module 'printechs_wms.api.wms_sync' has no attribute 'update_transfer_order_wms_status'","exc_type":"ValidationError","exc":"[\"Traceback (most recent call last):\\n  File \\\"apps/frappe/frappe/handler.py\\\", line 74, in execute_cmd\\n    method = get_attr(cmd)\\n             ^^^^^^^^^^^^^\\n  File \\\"apps/frappe/frappe/handler.py\\\", line 292, in get_attr\\n    method = frappe.get_attr(cmd)\\n             ^^^^^^^^^^^^^^^^^^^^\\n  File \\\"apps/frappe/frappe/__init__.py\\\", line 1744, in get_attr\\n    return getattr(get_module(modulename), methodname)\\n           ^^^^^^^^^^^^^^^^^^^^^^^^^^^^^^^^^^^^^^^^^^^\\nAttributeError: module 'printechs_wms.api.wms_sync' has no attribute 'update_transfer_order_wms_status'\\n\\nDuring handling of the above exception, another exception occurred:\\n\\nTraceback (most recent call last):\\n  File \\\"apps/frappe/frappe/app.py\\\", line 120, in application\\n    response = frappe.api.handle(request)\\n               ^^^^^^^^^^^^^^^^^^^^^^^^^^\\n  File \\\"apps/frappe/frappe/api/__init__.py\\\", line 52, in handle\\n    data = endpoint(**arguments)\\n           ^^^^^^^^^^^^^^^^^^^^^\\n  File \\\"apps/frappe/frappe/api/v1.py\\\", line 40, in handle_rpc_call\\n    return frappe.handler.handle()\\n           ^^^^^^^^^^^^^^^^^^^^^^^\\n  File \\\"apps/frappe/frappe/handler.py\\\", line 52, in handle\\n    data = execute_cmd(cmd)\\n           ^^^^^^^^^^^^^^^^\\n  File \\\"apps/frappe/frappe/handler.py\\\", line 76, in execute_cmd\\n    frappe.throw(_(\\\"Failed to get method for command {0} with {1}\\\").format(cmd, e))\\n  File \\\"apps/frappe/frappe/__init__.py\\\", line 609, in throw\\n    msgprint(\\n  File \\\"apps/frappe/frappe/__init__.py\\\", line 574, in msgprint\\n    _raise_exception()\\n  File \\\"apps/frappe/frappe/__init__.py\\\", line 525, in _raise_exception\\n    raise exc\\nfrappe.exceptions.ValidationError: Failed to get method for command printechs_wms.api.wms_sync.update_transfer_order_wms_status with module 'printechs_wms.api.wms_sync' has no attribute 'update_transfer_order_wms_status'\\n\"]","_server_messages":"[\"{\\\"message\\\": \\\"Failed to get method for command printechs_wms.api.wms_sync.update_transfer_order_wms_status with module 'printechs_wms.api.wms_sync' has no attribute 'update_transfer_order_wms_status'\\\", \\\"title\\\": \\\"Message\\\", \\\"indicator\\\": \\\"red\\\", \\\"raise_exception\\\": 1, \\\"__frappe_exc_id\\\": \\\"ae50b613a8717c8102a94acdc6cb28289203e311b39bbe766d9e0293\\\"}\"]"}
--------------------------------------------------------------------------------
[2026-04-20 22:33:02] INFO: TransferOrderSyncFromErpNextService: TO status posted to ERPNext: 0/1 updated (update_transfer_order_wms_status per TO)
[2026-04-20 22:33:02] INFO: Material Request sync from ERPNext started.
[2026-04-20 22:33:02] INFO: ErpNextWmsSyncApiService: [Item Group] Fetching Material Requests from http://printechsdammam.dyndns.org:88/api/method/printechs_wms.api.material_request.get_material_transfer_requests?from_warehouse=Main%20Warehouse%20-%20MAATC&state=Pending&docstatus=1&include_items=1&limit=200
[2026-04-20 22:33:03] INFO: ErpNextWmsSyncApiService: [Item Group] Fetched 1 Material Requests
[2026-04-20 22:33:03] INFO: ErpNextWmsSyncApiService: [MR] Fetching Material Requests from http://printechsdammam.dyndns.org:88/api/method/printechs_wms.api.material_request.get_material_transfer_requests?from_warehouse=Main%20Warehouse%20-%20MAATC&state=Pending&docstatus=1&include_items=1&limit=200
[2026-04-20 22:33:03] INFO: ErpNextWmsSyncApiService: [MR] Fetched 1 Material Requests
[2026-04-20 22:33:03] INFO: ErpNextWmsSyncApiService: [ERPNext 9] Fetching Material Requests from http://printechsdammam.dyndns.org:88/api/method/printechs_wms.api.material_request.get_material_transfer_requests?from_warehouse=Main%20Warehouse%20-%20MAATC&state=Pending&docstatus=1&include_items=1&limit=200
[2026-04-20 22:33:03] INFO: ErpNextWmsSyncApiService: [ERPNext 9] Fetched 1 Material Requests
[2026-04-20 22:33:03] INFO: ErpNextWmsSyncApiService: [Stock Entry] Fetching Material Requests from http://printechsdammam.dyndns.org:88/api/method/printechs_wms.api.material_request.get_material_transfer_requests?from_warehouse=Main%20Warehouse%20-%20MAATC&state=Pending&docstatus=1&include_items=1&limit=200
[2026-04-20 22:33:03] INFO: ErpNextWmsSyncApiService: [Stock Entry] Fetched 1 Material Requests
[2026-04-20 22:33:03] INFO: ErpNextWmsSyncApiService: [ERPNext 11] Fetching Material Requests from http://printechsdammam.dyndns.org:88/api/method/printechs_wms.api.material_request.get_material_transfer_requests?from_warehouse=Main%20Warehouse%20-%20MAATC&state=Pending&docstatus=1&include_items=1&limit=200
[2026-04-20 22:33:03] INFO: ErpNextWmsSyncApiService: [ERPNext 11] Fetched 1 Material Requests
[2026-04-20 22:33:03] INFO: ErpNextWmsSyncApiService: [ERPNext 13] Fetching Material Requests from /api/method/printechs_wms.api.asn_to_purchase_receipt.get_pr_status_for_asn?asn_no=<linked ASN>/api/method/printechs_wms.api.material_request.get_material_transfer_requests?from_warehouse=Main%20Warehouse%20-%20MAATC&state=Pending&docstatus=1&include_items=1&limit=200
[2026-04-20 22:33:03] ERROR: ErpNextWmsSyncApiService: [ERPNext 13] Error fetching Material Requests: An invalid request URI was provided. Either the request URI must be an absolute URI or BaseAddress must be set.
Exception Type: InvalidOperationException
Exception Message: An invalid request URI was provided. Either the request URI must be an absolute URI or BaseAddress must be set.
Stack Trace:    at System.Net.Http.HttpClient.PrepareRequestMessage(HttpRequestMessage request)
   at System.Net.Http.HttpClient.GetAsync(String requestUri)
   at Wms.Desktop.Services.ErpNextWmsSyncApiService.FetchMessageListAsync[T](String apiUrl, String apiKey, String label, String entityName) in D:\Development Project\Printechs WMS\Wms.Desktop\Services\ErpNextWmsSyncApiService.cs:line 523
--------------------------------------------------------------------------------
[2026-04-20 22:33:03] INFO: MaterialRequestSyncFromErpNextService: Syncing 1 Material Request(s) with items.
[2026-04-20 22:33:03] INFO: MaterialRequestSyncFromErpNextService: MR MAT-MR-2026-00001: inserting 2 item(s) (preserving local picked qty where higher).
[2026-04-20 22:33:03] INFO: Material Request sync from ERPNext completed. Fetched: 1, MRs inserted: 1, updated: 0, items: 2, errors: 0
[2026-04-20 22:33:03] INFO: Transfer In sync from ERPNext started (tabTransferIn / tabTransferInItem).
[2026-04-20 22:33:03] INFO: TransferInSyncFromErpNextService: Step 1 - Dropping legacy tabTransferInStockEntry tables if they exist.
[2026-04-20 22:33:03] INFO: DatabaseService: Dropped tabTransferInStockEntry and tabTransferInStockEntryItem if they existed.
[2026-04-20 22:33:03] INFO: TransferInSyncFromErpNextService: Step 2 - Connecting to database: wms_desktop, host: localhost
[2026-04-20 22:33:03] INFO: TransferInSyncFromErpNextService: Step 3 - Connection opened. Database: wms_desktop
[2026-04-20 22:33:03] INFO: TransferInSyncFromErpNextService: Step 4 - Using 6 endpoint(s) for Transfer In.
[2026-04-20 22:33:03] INFO: ErpNextWmsSyncApiService: [Item Group] Fetching Transfer In Stock Entries from http://printechsdammam.dyndns.org:88/api/method/printechs_wms.api.transfer_in_sync.get_material_transfer_stock_entries?add_to_transit=1&custom_receiving_warehouse=Main%20Warehouse%20-%20MAATC&docstatus=1
[2026-04-20 22:33:03] INFO: ErpNextWmsSyncApiService: [Item Group] Fetched 1 Transfer In Stock Entries
[2026-04-20 22:33:03] INFO: TransferInSyncFromErpNextService: Endpoint [Item Group] returned 1 raw entry(ies).
[2026-04-20 22:33:03] INFO: ErpNextWmsSyncApiService: [MR] Fetching Transfer In Stock Entries from http://printechsdammam.dyndns.org:88/api/method/printechs_wms.api.transfer_in_sync.get_material_transfer_stock_entries?add_to_transit=1&custom_receiving_warehouse=Main%20Warehouse%20-%20MAATC&docstatus=1
[2026-04-20 22:33:03] INFO: ErpNextWmsSyncApiService: [MR] Fetched 1 Transfer In Stock Entries
[2026-04-20 22:33:03] INFO: TransferInSyncFromErpNextService: Endpoint [MR] returned 1 raw entry(ies).
[2026-04-20 22:33:03] INFO: ErpNextWmsSyncApiService: [ERPNext 9] Fetching Transfer In Stock Entries from http://printechsdammam.dyndns.org:88/api/method/printechs_wms.api.transfer_in_sync.get_material_transfer_stock_entries?to_warehouse=Main%20Warehouse%20-%20MAATC&docstatus=1
[2026-04-20 22:33:03] INFO: ErpNextWmsSyncApiService: [ERPNext 9] Fetched 1 Transfer In Stock Entries
[2026-04-20 22:33:03] INFO: TransferInSyncFromErpNextService: Endpoint [ERPNext 9] returned 1 raw entry(ies).
[2026-04-20 22:33:03] INFO: ErpNextWmsSyncApiService: [Stock Entry] Fetching Transfer In Stock Entries from http://printechsdammam.dyndns.org:88/api/method/printechs_wms.api.transfer_in_sync.get_material_transfer_stock_entries?add_to_transit=1&custom_receiving_warehouse=Main%20Warehouse%20-%20MAATC&docstatus=1
[2026-04-20 22:33:04] INFO: ErpNextWmsSyncApiService: [Stock Entry] Fetched 1 Transfer In Stock Entries
[2026-04-20 22:33:04] INFO: TransferInSyncFromErpNextService: Endpoint [Stock Entry] returned 1 raw entry(ies).
[2026-04-20 22:33:04] INFO: ErpNextWmsSyncApiService: [ERPNext 11] Fetching Transfer In Stock Entries from http://printechsdammam.dyndns.org:88/api/method/printechs_wms.api.transfer_in_sync.get_material_transfer_stock_entries?add_to_transit=1&custom_receiving_warehouse=Main%20Warehouse%20-%20MAATC&docstatus=1
[2026-04-20 22:33:04] INFO: ErpNextWmsSyncApiService: [ERPNext 11] Fetched 1 Transfer In Stock Entries
[2026-04-20 22:33:04] INFO: TransferInSyncFromErpNextService: Endpoint [ERPNext 11] returned 1 raw entry(ies).
[2026-04-20 22:33:04] INFO: ErpNextWmsSyncApiService: [ERPNext 13] Fetching Transfer In Stock Entries from /api/method/printechs_wms.api.asn_to_purchase_receipt.get_pr_status_for_asn?asn_no=<linked ASN>/api/method/printechs_wms.api.transfer_in_sync.get_material_transfer_stock_entries?add_to_transit=1&custom_receiving_warehouse=Main%20Warehouse%20-%20MAATC&docstatus=1
[2026-04-20 22:33:04] ERROR: ErpNextWmsSyncApiService: [ERPNext 13] Error fetching Transfer In Stock Entries: An invalid request URI was provided. Either the request URI must be an absolute URI or BaseAddress must be set.
Exception Type: InvalidOperationException
Exception Message: An invalid request URI was provided. Either the request URI must be an absolute URI or BaseAddress must be set.
Stack Trace:    at System.Net.Http.HttpClient.PrepareRequestMessage(HttpRequestMessage request)
   at System.Net.Http.HttpClient.GetAsync(String requestUri)
   at Wms.Desktop.Services.ErpNextWmsSyncApiService.FetchMessageListAsync[T](String apiUrl, String apiKey, String label, String entityName) in D:\Development Project\Printechs WMS\Wms.Desktop\Services\ErpNextWmsSyncApiService.cs:line 523
--------------------------------------------------------------------------------
[2026-04-20 22:33:04] INFO: TransferInSyncFromErpNextService: Step 5 - Total raw entries from API: 5
[2026-04-20 22:33:04] INFO: TransferInSyncFromErpNextService: Step 6 - After dedupe: 2 unique Transfer In(s) to sync. Keys: [MAT-STE-2026-00002, MAT-STE-2026-00003]
[2026-04-20 22:33:04] INFO: TransferInSyncFromErpNextService: --- Processing entry: MAT-STE-2026-00002 ---
[2026-04-20 22:33:04] INFO: TransferInSyncFromErpNextService: tabTransferIn INSERT/UPDATE for MAT-STE-2026-00002 affected rows: 1 (1=inserted, 2=updated).
[2026-04-20 22:33:04] INFO: TransferInSyncFromErpNextService: DELETE old tabTransferInItem for MAT-STE-2026-00002 deleted rows: 0.
[2026-04-20 22:33:04] INFO: TransferInSyncFromErpNextService: Entry MAT-STE-2026-00002: inserting 2 item(s) into tabTransferInItem.
[2026-04-20 22:33:04] INFO: TransferInSyncFromErpNextService: Inserting tabTransferInItem: parent=MAT-STE-2026-00002, item_code=108231, qty=5.
[2026-04-20 22:33:04] INFO: TransferInSyncFromErpNextService: Item INSERT for 108231 affected rows: 1.
[2026-04-20 22:33:04] INFO: TransferInSyncFromErpNextService: Inserting tabTransferInItem: parent=MAT-STE-2026-00002, item_code=108229, qty=5.
[2026-04-20 22:33:04] INFO: TransferInSyncFromErpNextService: Item INSERT for 108229 affected rows: 1.
[2026-04-20 22:33:04] INFO: TransferInSyncFromErpNextService: Committing transaction for MAT-STE-2026-00002.
[2026-04-20 22:33:04] INFO: TransferInSyncFromErpNextService: Transaction committed for MAT-STE-2026-00002.
[2026-04-20 22:33:04] INFO: TransferInSyncFromErpNextService: Verification tabTransferInItem count for MAT-STE-2026-00002 => 2 row(s).
[2026-04-20 22:33:04] INFO: TransferInSyncFromErpNextService: --- Processing entry: MAT-STE-2026-00003 ---
[2026-04-20 22:33:04] INFO: TransferInSyncFromErpNextService: tabTransferIn INSERT/UPDATE for MAT-STE-2026-00003 affected rows: 1 (1=inserted, 2=updated).
[2026-04-20 22:33:04] INFO: TransferInSyncFromErpNextService: DELETE old tabTransferInItem for MAT-STE-2026-00003 deleted rows: 0.
[2026-04-20 22:33:04] INFO: TransferInSyncFromErpNextService: Entry MAT-STE-2026-00003: inserting 2 item(s) into tabTransferInItem.
[2026-04-20 22:33:04] INFO: TransferInSyncFromErpNextService: Inserting tabTransferInItem: parent=MAT-STE-2026-00003, item_code=108231, qty=5.
[2026-04-20 22:33:04] INFO: TransferInSyncFromErpNextService: Item INSERT for 108231 affected rows: 1.
[2026-04-20 22:33:04] INFO: TransferInSyncFromErpNextService: Inserting tabTransferInItem: parent=MAT-STE-2026-00003, item_code=108229, qty=5.
[2026-04-20 22:33:04] INFO: TransferInSyncFromErpNextService: Item INSERT for 108229 affected rows: 1.
[2026-04-20 22:33:04] INFO: TransferInSyncFromErpNextService: Committing transaction for MAT-STE-2026-00003.
[2026-04-20 22:33:04] INFO: TransferInSyncFromErpNextService: Transaction committed for MAT-STE-2026-00003.
[2026-04-20 22:33:04] INFO: TransferInSyncFromErpNextService: Verification tabTransferInItem count for MAT-STE-2026-00003 => 2 row(s).
[2026-04-20 22:33:04] INFO: Transfer In sync from ERPNext completed. Fetched: 2, entries inserted: 2, updated: 0, items: 4, errors: 0
[2026-04-20 22:33:04] INFO: ErpNextWmsSyncApiService: WMS snapshot updated successfully.
[2026-04-20 22:33:04] INFO: ErpNextWmsSyncApiService: Calling rebuild_wms_stock_balance for company=Mohammed Abdullah Almousa Trading Company, warehouse=Main Warehouse - MAATC
[2026-04-20 22:33:04] INFO: ErpNextWmsSyncApiService: rebuild_wms_stock_balance updated successfully.
[2026-04-20 22:33:04] INFO: ErpNextWmsSyncApiService: rebuild_wms_stock_balance completed successfully.
[2026-04-20 22:33:11] INFO: ASN ASN-0001 Carton CNWH12858: Assigned=Assigned, Actual=Assigned, ReceivedQty=0
[2026-04-20 22:33:11] INFO: ASN ASN-0001 Carton CNWH12854: Assigned=Assigned, Actual=Assigned, ReceivedQty=0
[2026-04-20 22:33:11] INFO: ASN ASN-0001 Carton CNWH15390: Assigned=Assigned, Actual=Assigned, ReceivedQty=0
[2026-04-20 22:33:11] INFO: ASN ASN-0001 Carton CNWH42441: Assigned=Assigned, Actual=Assigned, ReceivedQty=0
[2026-04-20 22:33:11] INFO: ASN ASN-0001 Carton CNWH64571: Assigned=Assigned, Actual=Assigned, ReceivedQty=0
[2026-04-20 22:33:11] INFO: ASN ASN-0001 Carton CNWH64521: Assigned=Assigned, Actual=Assigned, ReceivedQty=0
[2026-04-20 22:33:11] INFO: ASN ASN-0001 Carton CNWH63561: Assigned=Assigned, Actual=Assigned, ReceivedQty=0
[2026-04-20 22:33:11] INFO: ASN ASN-0001 Carton CNWH63609: Assigned=Assigned, Actual=Assigned, ReceivedQty=0
[2026-04-20 22:33:11] INFO: ASN ASN-0002 Carton CNWH12858: Assigned=Assigned, Actual=Assigned, ReceivedQty=0
[2026-04-20 22:33:11] INFO: ASN ASN-0002 Carton CNWH12854: Assigned=Assigned, Actual=Assigned, ReceivedQty=0
[2026-04-20 22:33:35] INFO: SortBoxListView: Loaded event fired
[2026-04-20 22:33:35] INFO: SortBoxListView: Calling RefreshAsync on ViewModel
[2026-04-20 22:33:35] INFO: SortBoxListViewModel: Starting to load sort boxes
[2026-04-20 22:33:35] INFO: Loading Sort Boxes from database...
[2026-04-20 22:33:35] INFO: Executing query: SELECT box_id, status, advance_shipping_notice, transfer_order, store, 
                               purpose, created_by, created_on, closed_by, closed_on, 
                               dispatched_on, received_at_store_on, remarks
                        FROM tabSortBox
                        ORDER BY created_on DESC, box_id
[2026-04-20 22:33:35] INFO: Loaded 0 sort boxes from database
[2026-04-20 22:33:35] INFO: SortBoxListViewModel: Received 0 sort boxes from service
[2026-04-20 22:33:35] INFO: SortBoxListViewModel: Added 0 sort boxes to collection
[2026-04-20 22:33:35] INFO: SortBoxListView: RefreshAsync completed
[2026-04-20 22:33:36] INFO: TransferCartonListView: Loaded event fired
[2026-04-20 22:33:36] INFO: TransferCartonListView: Calling RefreshAsync on ViewModel
[2026-04-20 22:33:36] INFO: TransferCartonListViewModel: Starting to load transfer cartons
[2026-04-20 22:33:36] INFO: Loading Transfer Cartons from database...
[2026-04-20 22:33:36] INFO: TransferCartonDataService: Starting schema detection
[2026-04-20 22:33:36] INFO: TransferCartonDataService: Found column 'asn_no'
[2026-04-20 22:33:36] INFO: TransferCartonDataService: Found column 'to_no'
[2026-04-20 22:33:36] INFO: TransferCartonDataService: Returning - AsnColumn=asn_no, ToColumn=to_no
[2026-04-20 22:33:36] INFO: Detected schema: AsnColumn=asn_no, ToColumn=to_no
[2026-04-20 22:33:36] INFO: Executing query: SELECT tc_id, status, asn_no, to_no, store, 
                               created_by, created_on, sealed_by, sealed_on, dispatched_on, remarks,
                               purchase_receipt_no, purchase_receipt_docstatus, purchase_receipt_created, purchase_receipt_submitted,
                               warehouse_transfer_no, warehouse_transfer_created
                        FROM tabTransferCarton
                        ORDER BY created_on DESC, tc_id
[2026-04-20 22:33:36] INFO: Loaded 0 transfer cartons from database
[2026-04-20 22:33:36] INFO: TransferCartonListViewModel: Received 0 transfer cartons from service
[2026-04-20 22:33:36] INFO: TransferCartonListViewModel: Added 0 transfer cartons to collection
[2026-04-20 22:33:36] INFO: TransferCartonListView: RefreshAsync completed
[2026-04-20 22:33:41] INFO: SortBoxListView: Loaded event fired
[2026-04-20 22:33:41] INFO: SortBoxListView: Calling RefreshAsync on ViewModel
[2026-04-20 22:33:41] INFO: SortBoxListViewModel: Starting to load sort boxes
[2026-04-20 22:33:41] INFO: Loading Sort Boxes from database...
[2026-04-20 22:33:41] INFO: Executing query: SELECT box_id, status, advance_shipping_notice, transfer_order, store, 
                               purpose, created_by, created_on, closed_by, closed_on, 
                               dispatched_on, received_at_store_on, remarks
                        FROM tabSortBox
                        ORDER BY created_on DESC, box_id
[2026-04-20 22:33:41] INFO: Loaded 0 sort boxes from database
[2026-04-20 22:33:41] INFO: SortBoxListViewModel: Received 0 sort boxes from service
[2026-04-20 22:33:41] INFO: SortBoxListViewModel: Added 0 sort boxes to collection
[2026-04-20 22:33:41] INFO: SortBoxListView: RefreshAsync completed
[2026-04-20 22:50:24] INFO: TransferCartonListView: Loaded event fired
[2026-04-20 22:50:24] INFO: TransferCartonListView: Calling RefreshAsync on ViewModel
[2026-04-20 22:50:24] INFO: TransferCartonListViewModel: Starting to load transfer cartons
[2026-04-20 22:50:24] INFO: Loading Transfer Cartons from database...
[2026-04-20 22:50:24] INFO: TransferCartonDataService: Starting schema detection
[2026-04-20 22:50:24] INFO: TransferCartonDataService: Found column 'asn_no'
[2026-04-20 22:50:24] INFO: TransferCartonDataService: Found column 'to_no'
[2026-04-20 22:50:24] INFO: TransferCartonDataService: Returning - AsnColumn=asn_no, ToColumn=to_no
[2026-04-20 22:50:24] INFO: Detected schema: AsnColumn=asn_no, ToColumn=to_no
[2026-04-20 22:50:24] INFO: Executing query: SELECT tc_id, status, asn_no, to_no, store, 
                               created_by, created_on, sealed_by, sealed_on, dispatched_on, remarks,
                               purchase_receipt_no, purchase_receipt_docstatus, purchase_receipt_created, purchase_receipt_submitted,
                               warehouse_transfer_no, warehouse_transfer_created
                        FROM tabTransferCarton
                        ORDER BY created_on DESC, tc_id
[2026-04-20 22:50:24] INFO: Loaded 2 transfer cartons from database
[2026-04-20 22:50:24] INFO: TransferCartonListViewModel: Received 2 transfer cartons from service
[2026-04-20 22:50:24] INFO: TransferCartonListViewModel: Added 2 transfer cartons to collection
[2026-04-20 22:50:24] INFO: TransferCartonListView: RefreshAsync completed
[2026-04-20 22:50:28] INFO: TransferCartonDetailViewModel: Loading data for TC-0002-1776714103600
[2026-04-20 22:50:28] INFO: ASN ASN-0001 Carton CNWH12858: Assigned=Assigned, Actual=Assigned, ReceivedQty=0
[2026-04-20 22:50:28] INFO: ASN ASN-0001 Carton CNWH12854: Assigned=Assigned, Actual=Assigned, ReceivedQty=0
[2026-04-20 22:50:28] INFO: ASN ASN-0001 Carton CNWH15390: Assigned=Assigned, Actual=Assigned, ReceivedQty=0
[2026-04-20 22:50:28] INFO: ASN ASN-0001 Carton CNWH42441: Assigned=Assigned, Actual=Assigned, ReceivedQty=0
[2026-04-20 22:50:28] INFO: ASN ASN-0001 Carton CNWH64571: Assigned=Assigned, Actual=Assigned, ReceivedQty=0
[2026-04-20 22:50:28] INFO: ASN ASN-0001 Carton CNWH64521: Assigned=Assigned, Actual=Assigned, ReceivedQty=0
[2026-04-20 22:50:28] INFO: ASN ASN-0001 Carton CNWH63561: Assigned=Assigned, Actual=Assigned, ReceivedQty=0
[2026-04-20 22:50:28] INFO: ASN ASN-0001 Carton CNWH63609: Assigned=Assigned, Actual=Assigned, ReceivedQty=0
[2026-04-20 22:50:28] INFO: ASN ASN-0002 Carton CNWH12858: Assigned=Received, Actual=Received, ReceivedQty=100
[2026-04-20 22:50:28] INFO: ASN ASN-0002 Carton CNWH12854: Assigned=Received, Actual=Received, ReceivedQty=100
[2026-04-20 22:50:28] INFO: TransferCartonDetailViewModel: Loaded ASN ASN-0002
[2026-04-20 22:50:28] INFO: TransferCartonDetailViewModel: Loaded Transfer Order WMS-TO-00001
[2026-04-20 22:50:28] INFO: TransferCartonService: Loading contents for transfer carton TC-0002-1776714103600
[2026-04-20 22:50:28] INFO: TransferCartonService: Executing query with tc_id = 'TC-0002-1776714103600'
[2026-04-20 22:50:28] INFO: TransferCartonService: SQL = SELECT 
                            item_code,
                            carton_id AS source_carton,
                            SUM(qty) AS quantity,
                            MAX(user_id) AS packed_by,
                            MAX(event_time) AS packed_on
                        FROM tabWmsScanEvent
                        WHERE tc_id = @tc_id
                        AND event_type IN ('PACK_BOX_TO_TC', 'PACK_ITEM_TO_TC')
                        AND item_code IS NOT NULL
                        AND item_code != ''
                        AND qty > 0
                        GROUP BY item_code, carton_id
                        ORDER BY packed_on DESC
[2026-04-20 22:50:28] INFO: TransferCartonService: Total events with tc_id = 'TC-0002-1776714103600': 1
[2026-04-20 22:50:28] INFO: TransferCartonService: Events with item_code: 1
[2026-04-20 22:50:28] INFO: TransferCartonService: PACK_BOX_TO_TC events: 1
[2026-04-20 22:50:28] INFO: TransferCartonService: Found grouped item - ItemCode: 247787, SourceCarton: CNWH12854, Quantity: 25
[2026-04-20 22:50:28] INFO: TransferCartonService: Processed 1 rows from database
[2026-04-20 22:50:28] INFO: TransferCartonService: Found 1 unique items for transfer carton TC-0002-1776714103600
[2026-04-20 22:50:28] INFO: TransferCartonDetailViewModel: Loaded 1 items for transfer carton TC-0002-1776714103600
[2026-04-20 22:50:28] INFO: ErpNextWmsSyncApiService: GetPrStatusForAsn GET http://printechsdammam.dyndns.org:88/api/method/printechs_wms.api.asn_to_purchase_receipt.get_pr_status_for_asn?asn_no=ASN-0002
[2026-04-20 22:50:32] INFO: TransferCartonDetailViewModel: Loading data for TC-0002-1776713927437
[2026-04-20 22:50:32] INFO: ASN ASN-0001 Carton CNWH12858: Assigned=Assigned, Actual=Assigned, ReceivedQty=0
[2026-04-20 22:50:32] INFO: ASN ASN-0001 Carton CNWH12854: Assigned=Assigned, Actual=Assigned, ReceivedQty=0
[2026-04-20 22:50:32] INFO: ASN ASN-0001 Carton CNWH15390: Assigned=Assigned, Actual=Assigned, ReceivedQty=0
[2026-04-20 22:50:32] INFO: ASN ASN-0001 Carton CNWH42441: Assigned=Assigned, Actual=Assigned, ReceivedQty=0
[2026-04-20 22:50:32] INFO: ASN ASN-0001 Carton CNWH64571: Assigned=Assigned, Actual=Assigned, ReceivedQty=0
[2026-04-20 22:50:32] INFO: ASN ASN-0001 Carton CNWH64521: Assigned=Assigned, Actual=Assigned, ReceivedQty=0
[2026-04-20 22:50:32] INFO: ASN ASN-0001 Carton CNWH63561: Assigned=Assigned, Actual=Assigned, ReceivedQty=0
[2026-04-20 22:50:32] INFO: ASN ASN-0001 Carton CNWH63609: Assigned=Assigned, Actual=Assigned, ReceivedQty=0
[2026-04-20 22:50:32] INFO: ASN ASN-0002 Carton CNWH12858: Assigned=Received, Actual=Received, ReceivedQty=100
[2026-04-20 22:50:32] INFO: ASN ASN-0002 Carton CNWH12854: Assigned=Received, Actual=Received, ReceivedQty=100
[2026-04-20 22:50:32] INFO: TransferCartonDetailViewModel: Loaded ASN ASN-0002
[2026-04-20 22:50:32] INFO: TransferCartonDetailViewModel: Loaded Transfer Order WMS-TO-00001
[2026-04-20 22:50:32] INFO: TransferCartonService: Loading contents for transfer carton TC-0002-1776713927437
[2026-04-20 22:50:32] INFO: TransferCartonService: Executing query with tc_id = 'TC-0002-1776713927437'
[2026-04-20 22:50:32] INFO: TransferCartonService: SQL = SELECT 
                            item_code,
                            carton_id AS source_carton,
                            SUM(qty) AS quantity,
                            MAX(user_id) AS packed_by,
                            MAX(event_time) AS packed_on
                        FROM tabWmsScanEvent
                        WHERE tc_id = @tc_id
                        AND event_type IN ('PACK_BOX_TO_TC', 'PACK_ITEM_TO_TC')
                        AND item_code IS NOT NULL
                        AND item_code != ''
                        AND qty > 0
                        GROUP BY item_code, carton_id
                        ORDER BY packed_on DESC
[2026-04-20 22:50:32] INFO: TransferCartonService: Total events with tc_id = 'TC-0002-1776713927437': 1
[2026-04-20 22:50:32] INFO: TransferCartonService: Events with item_code: 1
[2026-04-20 22:50:32] INFO: TransferCartonService: PACK_BOX_TO_TC events: 1
[2026-04-20 22:50:32] INFO: TransferCartonService: Found grouped item - ItemCode: 247787, SourceCarton: CNWH12854, Quantity: 25
[2026-04-20 22:50:32] INFO: TransferCartonService: Processed 1 rows from database
[2026-04-20 22:50:32] INFO: TransferCartonService: Found 1 unique items for transfer carton TC-0002-1776713927437
[2026-04-20 22:50:32] INFO: TransferCartonDetailViewModel: Loaded 1 items for transfer carton TC-0002-1776713927437
[2026-04-20 22:50:32] INFO: ErpNextWmsSyncApiService: GetPrStatusForAsn GET http://printechsdammam.dyndns.org:88/api/method/printechs_wms.api.asn_to_purchase_receipt.get_pr_status_for_asn?asn_no=ASN-0002
[2026-04-20 22:50:45] INFO: TransferCartonDetailViewModel: Loading data for TC-0002-1776714103600
[2026-04-20 22:50:45] INFO: ASN ASN-0001 Carton CNWH12858: Assigned=Assigned, Actual=Assigned, ReceivedQty=0
[2026-04-20 22:50:45] INFO: ASN ASN-0001 Carton CNWH12854: Assigned=Assigned, Actual=Assigned, ReceivedQty=0
[2026-04-20 22:50:45] INFO: ASN ASN-0001 Carton CNWH15390: Assigned=Assigned, Actual=Assigned, ReceivedQty=0
[2026-04-20 22:50:45] INFO: ASN ASN-0001 Carton CNWH42441: Assigned=Assigned, Actual=Assigned, ReceivedQty=0
[2026-04-20 22:50:45] INFO: ASN ASN-0001 Carton CNWH64571: Assigned=Assigned, Actual=Assigned, ReceivedQty=0
[2026-04-20 22:50:45] INFO: ASN ASN-0001 Carton CNWH64521: Assigned=Assigned, Actual=Assigned, ReceivedQty=0
[2026-04-20 22:50:45] INFO: ASN ASN-0001 Carton CNWH63561: Assigned=Assigned, Actual=Assigned, ReceivedQty=0
[2026-04-20 22:50:45] INFO: ASN ASN-0001 Carton CNWH63609: Assigned=Assigned, Actual=Assigned, ReceivedQty=0
[2026-04-20 22:50:45] INFO: ASN ASN-0002 Carton CNWH12858: Assigned=Received, Actual=Received, ReceivedQty=100
[2026-04-20 22:50:45] INFO: ASN ASN-0002 Carton CNWH12854: Assigned=Received, Actual=Received, ReceivedQty=100
[2026-04-20 22:50:45] INFO: TransferCartonDetailViewModel: Loaded ASN ASN-0002
[2026-04-20 22:50:45] INFO: TransferCartonDetailViewModel: Loaded Transfer Order WMS-TO-00001
[2026-04-20 22:50:45] INFO: TransferCartonService: Loading contents for transfer carton TC-0002-1776714103600
[2026-04-20 22:50:45] INFO: TransferCartonService: Executing query with tc_id = 'TC-0002-1776714103600'
[2026-04-20 22:50:45] INFO: TransferCartonService: SQL = SELECT 
                            item_code,
                            carton_id AS source_carton,
                            SUM(qty) AS quantity,
                            MAX(user_id) AS packed_by,
                            MAX(event_time) AS packed_on
                        FROM tabWmsScanEvent
                        WHERE tc_id = @tc_id
                        AND event_type IN ('PACK_BOX_TO_TC', 'PACK_ITEM_TO_TC')
                        AND item_code IS NOT NULL
                        AND item_code != ''
                        AND qty > 0
                        GROUP BY item_code, carton_id
                        ORDER BY packed_on DESC
[2026-04-20 22:50:45] INFO: TransferCartonService: Total events with tc_id = 'TC-0002-1776714103600': 1
[2026-04-20 22:50:45] INFO: TransferCartonService: Events with item_code: 1
[2026-04-20 22:50:45] INFO: TransferCartonService: PACK_BOX_TO_TC events: 1
[2026-04-20 22:50:45] INFO: TransferCartonService: Found grouped item - ItemCode: 247787, SourceCarton: CNWH12854, Quantity: 25
[2026-04-20 22:50:45] INFO: TransferCartonService: Processed 1 rows from database
[2026-04-20 22:50:45] INFO: TransferCartonService: Found 1 unique items for transfer carton TC-0002-1776714103600
[2026-04-20 22:50:45] INFO: TransferCartonDetailViewModel: Loaded 1 items for transfer carton TC-0002-1776714103600
[2026-04-20 22:50:45] INFO: ErpNextWmsSyncApiService: GetPrStatusForAsn GET http://printechsdammam.dyndns.org:88/api/method/printechs_wms.api.asn_to_purchase_receipt.get_pr_status_for_asn?asn_no=ASN-0002
[2026-04-20 22:50:49] INFO: TransferOrderApiService: Fetching transfer orders from http://localhost:3000/api/master/transfer-orders
[2026-04-20 22:50:51] INFO: TransferOrderApiService: Fetched 1 transfer order(s) from API
[2026-04-20 22:50:51] INFO: TransferOrderSyncService: Synced 0 new, 1 updated transfer order(s) from API
[2026-04-20 22:50:58] INFO: WmsTransactionDataService: Saving transaction 'WMS-TRANS-0001'
[2026-04-20 22:50:58] INFO: WmsTransactionDataService: Successfully saved transaction 'WMS-TRANS-0001'
[2026-04-20 22:50:58] INFO: WmsTransactionAutoCreateService: Created Receiving transaction WMS-TRANS-0001 for ASN ASN-0002
[2026-04-20 22:50:58] INFO: WmsTransactionDataService: Saving transaction 'WMS-TRANS-0002'
[2026-04-20 22:50:58] INFO: WmsTransactionDataService: Successfully saved transaction 'WMS-TRANS-0002'
[2026-04-20 22:50:58] INFO: WmsTransactionAutoCreateService: Created Putaway transaction WMS-TRANS-0002 for task PUT-20260420-0001
[2026-04-20 22:50:58] INFO: WmsTransactionDataService: Saving transaction 'WMS-TRANS-0003'
[2026-04-20 22:50:58] INFO: WmsTransactionDataService: Successfully saved transaction 'WMS-TRANS-0003'
[2026-04-20 22:50:58] INFO: WmsTransactionAutoCreateService: Created Putaway transaction WMS-TRANS-0003 for task PUT-20260420-0002
[2026-04-20 22:50:58] INFO: Loading WMS Transactions from database...
[2026-04-20 22:50:58] INFO: Loaded 3 WMS Transactions from database
[2026-04-20 22:51:23] INFO: SortBoxListView: Loaded event fired
[2026-04-20 22:51:23] INFO: SortBoxListView: Calling RefreshAsync on ViewModel
[2026-04-20 22:51:23] INFO: SortBoxListViewModel: Starting to load sort boxes
[2026-04-20 22:51:23] INFO: Loading Sort Boxes from database...
[2026-04-20 22:51:23] INFO: Executing query: SELECT box_id, status, advance_shipping_notice, transfer_order, store, 
                               purpose, created_by, created_on, closed_by, closed_on, 
                               dispatched_on, received_at_store_on, remarks
                        FROM tabSortBox
                        ORDER BY created_on DESC, box_id
[2026-04-20 22:51:23] INFO: Loaded 6 sort boxes from database
[2026-04-20 22:51:23] INFO: SortBoxListViewModel: Received 6 sort boxes from service
[2026-04-20 22:51:23] INFO: SortBoxListViewModel: Added 6 sort boxes to collection
[2026-04-20 22:51:23] INFO: SortBoxListView: RefreshAsync completed
[2026-04-20 22:51:26] INFO: SortBoxDetailViewModel: Loading data for MYID
[2026-04-20 22:51:26] INFO: ASN ASN-0001 Carton CNWH12858: Assigned=Assigned, Actual=Assigned, ReceivedQty=0
[2026-04-20 22:51:26] INFO: ASN ASN-0001 Carton CNWH12854: Assigned=Assigned, Actual=Assigned, ReceivedQty=0
[2026-04-20 22:51:26] INFO: ASN ASN-0001 Carton CNWH15390: Assigned=Assigned, Actual=Assigned, ReceivedQty=0
[2026-04-20 22:51:27] INFO: ASN ASN-0001 Carton CNWH42441: Assigned=Assigned, Actual=Assigned, ReceivedQty=0
[2026-04-20 22:51:27] INFO: ASN ASN-0001 Carton CNWH64571: Assigned=Assigned, Actual=Assigned, ReceivedQty=0
[2026-04-20 22:51:27] INFO: ASN ASN-0001 Carton CNWH64521: Assigned=Assigned, Actual=Assigned, ReceivedQty=0
[2026-04-20 22:51:27] INFO: ASN ASN-0001 Carton CNWH63561: Assigned=Assigned, Actual=Assigned, ReceivedQty=0
[2026-04-20 22:51:27] INFO: ASN ASN-0001 Carton CNWH63609: Assigned=Assigned, Actual=Assigned, ReceivedQty=0
[2026-04-20 22:51:27] INFO: ASN ASN-0002 Carton CNWH12858: Assigned=Received, Actual=Received, ReceivedQty=100
[2026-04-20 22:51:27] INFO: ASN ASN-0002 Carton CNWH12854: Assigned=Received, Actual=Received, ReceivedQty=100
[2026-04-20 22:51:27] INFO: SortBoxDetailViewModel: Loaded ASN ASN-0002
[2026-04-20 22:51:27] INFO: SortBoxDetailViewModel: Loaded Transfer Order Putaway
[2026-04-20 22:51:27] INFO: SortBoxService: Loading contents for box MYID
[2026-04-20 22:51:27] INFO: SortBoxService: Found 1 unique items for box MYID
[2026-04-20 22:51:27] INFO: SortBoxDetailViewModel: Loaded 1 items for box MYID
[2026-04-21 10:18:50] INFO: TransferCartonListView: Loaded event fired
[2026-04-21 10:18:50] INFO: TransferCartonListView: Calling RefreshAsync on ViewModel
[2026-04-21 10:18:50] INFO: TransferCartonListViewModel: Starting to load transfer cartons
[2026-04-21 10:18:50] INFO: Loading Transfer Cartons from database...
[2026-04-21 10:18:50] INFO: TransferCartonDataService: Starting schema detection
[2026-04-21 10:18:50] INFO: TransferCartonDataService: Found column 'asn_no'
[2026-04-21 10:18:50] INFO: TransferCartonDataService: Found column 'to_no'
[2026-04-21 10:18:50] INFO: TransferCartonDataService: Returning - AsnColumn=asn_no, ToColumn=to_no
[2026-04-21 10:18:50] INFO: Detected schema: AsnColumn=asn_no, ToColumn=to_no
[2026-04-21 10:18:50] INFO: Executing query: SELECT tc_id, status, asn_no, to_no, store, 
                               created_by, created_on, sealed_by, sealed_on, dispatched_on, remarks,
                               purchase_receipt_no, purchase_receipt_docstatus, purchase_receipt_created, purchase_receipt_submitted,
                               warehouse_transfer_no, warehouse_transfer_created
                        FROM tabTransferCarton
                        ORDER BY created_on DESC, tc_id
[2026-04-21 10:18:50] INFO: Loaded 0 transfer cartons from database
[2026-04-21 10:18:50] INFO: TransferCartonListViewModel: Received 0 transfer cartons from service
[2026-04-21 10:18:50] INFO: TransferCartonListViewModel: Added 0 transfer cartons to collection
[2026-04-21 10:18:50] INFO: TransferCartonListView: RefreshAsync completed
[2026-04-21 10:18:50] INFO: SortBoxListView: Loaded event fired
[2026-04-21 10:18:50] INFO: SortBoxListView: Calling RefreshAsync on ViewModel
[2026-04-21 10:18:50] INFO: SortBoxListViewModel: Starting to load sort boxes
[2026-04-21 10:18:50] INFO: Loading Sort Boxes from database...
[2026-04-21 10:18:50] INFO: Executing query: SELECT box_id, status, advance_shipping_notice, transfer_order, store, 
                               purpose, created_by, created_on, closed_by, closed_on, 
                               dispatched_on, received_at_store_on, remarks
                        FROM tabSortBox
                        ORDER BY created_on DESC, box_id
[2026-04-21 10:18:50] INFO: Loaded 0 sort boxes from database
[2026-04-21 10:18:50] INFO: SortBoxListViewModel: Received 0 sort boxes from service
[2026-04-21 10:18:50] INFO: SortBoxListViewModel: Added 0 sort boxes to collection
[2026-04-21 10:18:50] INFO: SortBoxListView: RefreshAsync completed
[2026-04-21 10:18:53] INFO: ASN sync from ERPNext started.
[2026-04-21 10:18:53] INFO: ErpNextWmsSyncApiService: [Item Group] Fetching ASNs from http://printechsdammam.dyndns.org:88/api/method/printechs_wms.api.wms_sync.get_asns_for_wms?export_pending=1&include_items=1
[2026-04-21 10:18:53] INFO: ErpNextWmsSyncApiService: [Item Group] Fetched 2 ASNs
[2026-04-21 10:18:53] INFO: ErpNextWmsSyncApiService: [ASN] Fetching ASNs from http://printechsdammam.dyndns.org:88/api/method/printechs_wms.api.wms_sync.get_asns_for_wms?export_pending=1&include_items=1
[2026-04-21 10:18:53] INFO: ErpNextWmsSyncApiService: [ASN] Fetched 2 ASNs
[2026-04-21 10:18:53] INFO: ErpNextWmsSyncApiService: [ASN Status] Fetching ASNs from http://printechsdammam.dyndns.org:88/api/method/printechs_wms.api.wms_sync.get_asns_for_wms?export_pending=1&include_items=1
[2026-04-21 10:18:53] INFO: ErpNextWmsSyncApiService: [ASN Status] Fetched 2 ASNs
[2026-04-21 10:18:53] INFO: ErpNextWmsSyncApiService: [MR] Fetching ASNs from http://printechsdammam.dyndns.org:88/api/method/printechs_wms.api.wms_sync.get_asns_for_wms?export_pending=1&include_items=1
[2026-04-21 10:18:53] INFO: ErpNextWmsSyncApiService: [MR] Fetched 2 ASNs
[2026-04-21 10:18:53] INFO: ErpNextWmsSyncApiService: [ERPNext 9] Fetching ASNs from http://printechsdammam.dyndns.org:88/api/method/printechs_wms.api.wms_sync.get_asns_for_wms?export_pending=1&include_items=1
[2026-04-21 10:18:53] INFO: ErpNextWmsSyncApiService: [ERPNext 9] Fetched 2 ASNs
[2026-04-21 10:18:53] INFO: ErpNextWmsSyncApiService: [Stock Entry] Fetching ASNs from http://printechsdammam.dyndns.org:88/api/method/printechs_wms.api.wms_sync.get_asns_for_wms?export_pending=1&include_items=1
[2026-04-21 10:18:53] INFO: ErpNextWmsSyncApiService: [Stock Entry] Fetched 2 ASNs
[2026-04-21 10:18:53] INFO: ErpNextWmsSyncApiService: [ERPNext 11] Fetching ASNs from http://printechsdammam.dyndns.org:88/api/method/printechs_wms.api.wms_sync.get_asns_for_wms?export_pending=1&include_items=1
[2026-04-21 10:18:53] INFO: ErpNextWmsSyncApiService: [ERPNext 11] Fetched 2 ASNs
[2026-04-21 10:18:53] INFO: ErpNextWmsSyncApiService: ERPNext 13 API URL or key not configured
[2026-04-21 10:18:53] INFO: AsnSyncFromErpNextService: Syncing 2 ASN(s) with items.
[2026-04-21 10:18:53] INFO: ASN sync from ERPNext completed. Fetched: 2, ASNs inserted: 2, updated: 0, items: 10, errors: 0
[2026-04-21 10:18:53] INFO: ErpNextWmsSyncApiService: Posting ASN ASN-0002 status=Exported to http://printechsdammam.dyndns.org:88/api/method/printechs_wms.api.wms_sync.update_asn_wms_status
[2026-04-21 10:18:53] INFO: ErpNextWmsSyncApiService: ASN status updated successfully.
[2026-04-21 10:18:53] INFO: ErpNextWmsSyncApiService: Posting ASN ASN-0001 status=Exported to http://printechsdammam.dyndns.org:88/api/method/printechs_wms.api.wms_sync.update_asn_wms_status
[2026-04-21 10:18:53] ERROR: ErpNextWmsSyncApiService: ASN status API returned ExpectationFailed: {"exception":"frappe.exceptions.ValidationError:  Status cannot be \"Partially Received\". It should be one of \"Draft\", \"Open\", \"Completed\", \"Cancelled\"","exc_type":"ValidationError","_exc_source":"printechs_wms (app)","exc":"[\"Traceback (most recent call last):\\n  File \\\"apps/frappe/frappe/app.py\\\", line 120, in application\\n    response = frappe.api.handle(request)\\n               ^^^^^^^^^^^^^^^^^^^^^^^^^^\\n  File \\\"apps/frappe/frappe/api/__init__.py\\\", line 52, in handle\\n    data = endpoint(**arguments)\\n           ^^^^^^^^^^^^^^^^^^^^^\\n  File \\\"apps/frappe/frappe/api/v1.py\\\", line 40, in handle_rpc_call\\n    return frappe.handler.handle()\\n           ^^^^^^^^^^^^^^^^^^^^^^^\\n  File \\\"apps/frappe/frappe/handler.py\\\", line 52, in handle\\n    data = execute_cmd(cmd)\\n           ^^^^^^^^^^^^^^^^\\n  File \\\"apps/frappe/frappe/handler.py\\\", line 85, in execute_cmd\\n    return frappe.call(method, **frappe.form_dict)\\n           ^^^^^^^^^^^^^^^^^^^^^^^^^^^^^^^^^^^^^^^\\n  File \\\"apps/frappe/frappe/__init__.py\\\", line 1754, in call\\n    return fn(*args, **newargs)\\n           ^^^^^^^^^^^^^^^^^^^^\\n  File \\\"apps/frappe/frappe/utils/typing_validations.py\\\", line 32, in wrapper\\n    return func(*args, **kwargs)\\n           ^^^^^^^^^^^^^^^^^^^^^\\n  File \\\"apps/printechs_wms/printechs_wms/api/wms_sync.py\\\", line 379, in update_asn_wms_status\\n    doc.save()\\n  File \\\"apps/frappe/frappe/model/document.py\\\", line 378, in save\\n    return self._save(*args, **kwargs)\\n           ^^^^^^^^^^^^^^^^^^^^^^^^^^^\\n  File \\\"apps/frappe/frappe/model/document.py\\\", line 417, in _save\\n    self._validate()\\n  File \\\"apps/frappe/frappe/model/document.py\\\", line 624, in _validate\\n    self._validate_selects()\\n  File \\\"apps/frappe/frappe/model/base_document.py\\\", line 913, in _validate_selects\\n    frappe.throw(\\n  File \\\"apps/frappe/frappe/__init__.py\\\", line 609, in throw\\n    msgprint(\\n  File \\\"apps/frappe/frappe/__init__.py\\\", line 574, in msgprint\\n    _raise_exception()\\n  File \\\"apps/frappe/frappe/__init__.py\\\", line 525, in _raise_exception\\n    raise exc\\nfrappe.exceptions.ValidationError:  Status cannot be \\\"Partially Received\\\". It should be one of \\\"Draft\\\", \\\"Open\\\", \\\"Completed\\\", \\\"Cancelled\\\"\\n\"]","_server_messages":"[\"{\\\"message\\\": \\\" Status cannot be \\\\\\\"Partially Received\\\\\\\". It should be one of \\\\\\\"Draft\\\\\\\", \\\\\\\"Open\\\\\\\", \\\\\\\"Completed\\\\\\\", \\\\\\\"Cancelled\\\\\\\"\\\", \\\"title\\\": \\\"Message\\\", \\\"indicator\\\": \\\"red\\\", \\\"raise_exception\\\": 1, \\\"__frappe_exc_id\\\": \\\"3f0de3b03afb5e76776953717330a0be8d24a8bf92abccaabf9256be\\\"}\"]"}
--------------------------------------------------------------------------------
[2026-04-21 10:18:53] ERROR: AsnSyncFromErpNextService: Failed to post ASN ASN-0001 status to ERPNext: ExpectationFailed: {"exception":"frappe.exceptions.ValidationError:  Status cannot be \"Partially Received\". It should be one of \"Draft\", \"Open\", \"Completed\", \"Cancelled\"","exc_type":"ValidationError","_exc_source":"printechs_wms (app)","exc":"[\"Traceback (most recent call last):\\n  File \\\"apps/frappe/frappe/app.py\\\", line 120, in application\\n    response = frappe.api.handle(request)\\n               ^^^^^^^^^^^^^^^^^^^^^^^^^^\\n  File \\\"apps/frappe/frappe/api/__init__.py\\\", line 52, in handle\\n    data = endpoint(**arguments)\\n           ^^^^^^^^^^^^^^^^^^^^^\\n  File \\\"apps/frappe/frappe/api/v1.py\\\", line 40, in handle_rpc_call\\n    return frappe.handler.handle()\\n           ^^^^^^^^^^^^^^^^^^^^^^^\\n  File \\\"apps/frappe/frappe/handler.py\\\", line 52, in handle\\n    data = execute_cmd(cmd)\\n           ^^^^^^^^^^^^^^^^\\n  File \\\"apps/frappe/frappe/handler.py\\\", line 85, in execute_cmd\\n    return frappe.call(method, **frappe.form_dict)\\n           ^^^^^^^^^^^^^^^^^^^^^^^^^^^^^^^^^^^^^^^\\n  File \\\"apps/frappe/frappe/__init__.py\\\", line 1754, in call\\n    return fn(*args, **newargs)\\n           ^^^^^^^^^^^^^^^^^^^^\\n  File \\\"apps/frappe/frappe/utils/typing_validations.py\\\", line 32, in wrapper\\n    return func(*args, **kwargs)\\n           ^^^^^^^^^^^^^^^^^^^^^\\n  File \\\"apps/printechs_wms/printechs_wms/api/wms_sync.py\\\", line 379, in update_asn_wms_status\\n    doc.save()\\n  File \\\"apps/frappe/frappe/model/document.py\\\", line 378, in save\\n    return self._save(*args, **kwargs)\\n           ^^^^^^^^^^^^^^^^^^^^^^^^^^^\\n  File \\\"apps/frappe/frappe/model/document.py\\\", line 417, in _save\\n    self._validate()\\n  File \\\"apps/frappe/frappe/model/document.py\\\", line 624, in _validate\\n    self._validate_selects()\\n  File \\\"apps/frappe/frappe/model/base_document.py\\\", line 913, in _validate_selects\\n    frappe.throw(\\n  File \\\"apps/frappe/frappe/__init__.py\\\", line 609, in throw\\n    msgprint(\\n  File \\\"apps/frappe/frappe/__init__.py\\\", line 574, in msgprint\\n    _raise_exception()\\n  File \\\"apps/frappe/frappe/__init__.py\\\", line 525, in _raise_exception\\n    raise exc\\nfrappe.exceptions.ValidationError:  Status cannot be \\\"Partially Received\\\". It should be one of \\\"Draft\\\", \\\"Open\\\", \\\"Completed\\\", \\\"Cancelled\\\"\\n\"]","_server_messages":"[\"{\\\"message\\\": \\\" Status cannot be \\\\\\\"Partially Received\\\\\\\". It should be one of \\\\\\\"Draft\\\\\\\", \\\\\\\"Open\\\\\\\", \\\\\\\"Completed\\\\\\\", \\\\\\\"Cancelled\\\\\\\"\\\", \\\"title\\\": \\\"Message\\\", \\\"indicator\\\": \\\"red\\\", \\\"raise_exception\\\": 1, \\\"__frappe_exc_id\\\": \\\"3f0de3b03afb5e76776953717330a0be8d24a8bf92abccaabf9256be\\\"}\"]"}
--------------------------------------------------------------------------------
[2026-04-21 10:18:53] INFO: AsnSyncFromErpNextService: ASN status posted to ERPNext: 1/2 updated (update_asn_wms_status per ASN)
[2026-04-21 10:18:53] INFO: Transfer Order sync from ERPNext started.
[2026-04-21 10:18:53] INFO: ErpNextWmsSyncApiService: [Item Group] Fetching Transfer Orders from http://printechsdammam.dyndns.org:88/api/method/printechs_wms.api.wms_sync.get_tos_for_wms?export_pending=1&include_items=1&docstatus=1
[2026-04-21 10:18:53] INFO: ErpNextWmsSyncApiService: [Item Group] Fetched 1 Transfer Orders
[2026-04-21 10:18:53] INFO: ErpNextWmsSyncApiService: [TO] Fetching Transfer Orders from http://printechsdammam.dyndns.org:88/api/method/printechs_wms.api.wms_sync.get_tos_for_wms?export_pending=1&include_items=1&docstatus=1
[2026-04-21 10:18:53] INFO: ErpNextWmsSyncApiService: [TO] Fetched 1 Transfer Orders
[2026-04-21 10:18:53] INFO: ErpNextWmsSyncApiService: [TO Status] Fetching Transfer Orders from http://printechsdammam.dyndns.org:88/api/method/printechs_wms.api.wms_sync.get_tos_for_wms?export_pending=1&include_items=1&docstatus=1
[2026-04-21 10:18:53] INFO: ErpNextWmsSyncApiService: [TO Status] Fetched 1 Transfer Orders
[2026-04-21 10:18:53] INFO: ErpNextWmsSyncApiService: [MR] Fetching Transfer Orders from http://printechsdammam.dyndns.org:88/api/method/printechs_wms.api.wms_sync.get_tos_for_wms?export_pending=1&include_items=1&docstatus=1
[2026-04-21 10:18:53] INFO: ErpNextWmsSyncApiService: [MR] Fetched 1 Transfer Orders
[2026-04-21 10:18:53] INFO: ErpNextWmsSyncApiService: [ERPNext 9] Fetching Transfer Orders from http://printechsdammam.dyndns.org:88/api/method/printechs_wms.api.wms_sync.get_tos_for_wms?export_pending=1&include_items=1&docstatus=1
[2026-04-21 10:18:53] INFO: ErpNextWmsSyncApiService: [ERPNext 9] Fetched 1 Transfer Orders
[2026-04-21 10:18:53] INFO: ErpNextWmsSyncApiService: [Stock Entry] Fetching Transfer Orders from http://printechsdammam.dyndns.org:88/api/method/printechs_wms.api.wms_sync.get_tos_for_wms?export_pending=1&include_items=1&docstatus=1
[2026-04-21 10:18:54] INFO: ErpNextWmsSyncApiService: [Stock Entry] Fetched 1 Transfer Orders
[2026-04-21 10:18:54] INFO: ErpNextWmsSyncApiService: [ERPNext 11] Fetching Transfer Orders from http://printechsdammam.dyndns.org:88/api/method/printechs_wms.api.wms_sync.get_tos_for_wms?export_pending=1&include_items=1&docstatus=1
[2026-04-21 10:18:54] INFO: ErpNextWmsSyncApiService: [ERPNext 11] Fetched 1 Transfer Orders
[2026-04-21 10:18:54] INFO: ErpNextWmsSyncApiService: ERPNext 13 API URL or key not configured
[2026-04-21 10:18:54] INFO: TransferOrderSyncFromErpNextService: Syncing 1 TO(s) with items.
[2026-04-21 10:18:54] INFO: Transfer Order sync from ERPNext completed. Fetched: 1, TOs inserted: 1, updated: 0, items: 4, errors: 0
[2026-04-21 10:18:54] ERROR: ErpNextWmsSyncApiService: TO status API returned ExpectationFailed: {"exception":"frappe.exceptions.ValidationError: Failed to get method for command printechs_wms.api.wms_sync.update_transfer_order_wms_status with module 'printechs_wms.api.wms_sync' has no attribute 'update_transfer_order_wms_status'","exc_type":"ValidationError","exc":"[\"Traceback (most recent call last):\\n  File \\\"apps/frappe/frappe/handler.py\\\", line 74, in execute_cmd\\n    method = get_attr(cmd)\\n             ^^^^^^^^^^^^^\\n  File \\\"apps/frappe/frappe/handler.py\\\", line 292, in get_attr\\n    method = frappe.get_attr(cmd)\\n             ^^^^^^^^^^^^^^^^^^^^\\n  File \\\"apps/frappe/frappe/__init__.py\\\", line 1744, in get_attr\\n    return getattr(get_module(modulename), methodname)\\n           ^^^^^^^^^^^^^^^^^^^^^^^^^^^^^^^^^^^^^^^^^^^\\nAttributeError: module 'printechs_wms.api.wms_sync' has no attribute 'update_transfer_order_wms_status'\\n\\nDuring handling of the above exception, another exception occurred:\\n\\nTraceback (most recent call last):\\n  File \\\"apps/frappe/frappe/app.py\\\", line 120, in application\\n    response = frappe.api.handle(request)\\n               ^^^^^^^^^^^^^^^^^^^^^^^^^^\\n  File \\\"apps/frappe/frappe/api/__init__.py\\\", line 52, in handle\\n    data = endpoint(**arguments)\\n           ^^^^^^^^^^^^^^^^^^^^^\\n  File \\\"apps/frappe/frappe/api/v1.py\\\", line 40, in handle_rpc_call\\n    return frappe.handler.handle()\\n           ^^^^^^^^^^^^^^^^^^^^^^^\\n  File \\\"apps/frappe/frappe/handler.py\\\", line 52, in handle\\n    data = execute_cmd(cmd)\\n           ^^^^^^^^^^^^^^^^\\n  File \\\"apps/frappe/frappe/handler.py\\\", line 76, in execute_cmd\\n    frappe.throw(_(\\\"Failed to get method for command {0} with {1}\\\").format(cmd, e))\\n  File \\\"apps/frappe/frappe/__init__.py\\\", line 609, in throw\\n    msgprint(\\n  File \\\"apps/frappe/frappe/__init__.py\\\", line 574, in msgprint\\n    _raise_exception()\\n  File \\\"apps/frappe/frappe/__init__.py\\\", line 525, in _raise_exception\\n    raise exc\\nfrappe.exceptions.ValidationError: Failed to get method for command printechs_wms.api.wms_sync.update_transfer_order_wms_status with module 'printechs_wms.api.wms_sync' has no attribute 'update_transfer_order_wms_status'\\n\"]","_server_messages":"[\"{\\\"message\\\": \\\"Failed to get method for command printechs_wms.api.wms_sync.update_transfer_order_wms_status with module 'printechs_wms.api.wms_sync' has no attribute 'update_transfer_order_wms_status'\\\", \\\"title\\\": \\\"Message\\\", \\\"indicator\\\": \\\"red\\\", \\\"raise_exception\\\": 1, \\\"__frappe_exc_id\\\": \\\"0fd859d356bac427d800863509af6235f23f09c23b6e3ae484854147\\\"}\"]"}
--------------------------------------------------------------------------------
[2026-04-21 10:18:54] ERROR: TransferOrderSyncFromErpNextService: Failed to post TO WMS-TO-00001 status to ERPNext: ExpectationFailed: {"exception":"frappe.exceptions.ValidationError: Failed to get method for command printechs_wms.api.wms_sync.update_transfer_order_wms_status with module 'printechs_wms.api.wms_sync' has no attribute 'update_transfer_order_wms_status'","exc_type":"ValidationError","exc":"[\"Traceback (most recent call last):\\n  File \\\"apps/frappe/frappe/handler.py\\\", line 74, in execute_cmd\\n    method = get_attr(cmd)\\n             ^^^^^^^^^^^^^\\n  File \\\"apps/frappe/frappe/handler.py\\\", line 292, in get_attr\\n    method = frappe.get_attr(cmd)\\n             ^^^^^^^^^^^^^^^^^^^^\\n  File \\\"apps/frappe/frappe/__init__.py\\\", line 1744, in get_attr\\n    return getattr(get_module(modulename), methodname)\\n           ^^^^^^^^^^^^^^^^^^^^^^^^^^^^^^^^^^^^^^^^^^^\\nAttributeError: module 'printechs_wms.api.wms_sync' has no attribute 'update_transfer_order_wms_status'\\n\\nDuring handling of the above exception, another exception occurred:\\n\\nTraceback (most recent call last):\\n  File \\\"apps/frappe/frappe/app.py\\\", line 120, in application\\n    response = frappe.api.handle(request)\\n               ^^^^^^^^^^^^^^^^^^^^^^^^^^\\n  File \\\"apps/frappe/frappe/api/__init__.py\\\", line 52, in handle\\n    data = endpoint(**arguments)\\n           ^^^^^^^^^^^^^^^^^^^^^\\n  File \\\"apps/frappe/frappe/api/v1.py\\\", line 40, in handle_rpc_call\\n    return frappe.handler.handle()\\n           ^^^^^^^^^^^^^^^^^^^^^^^\\n  File \\\"apps/frappe/frappe/handler.py\\\", line 52, in handle\\n    data = execute_cmd(cmd)\\n           ^^^^^^^^^^^^^^^^\\n  File \\\"apps/frappe/frappe/handler.py\\\", line 76, in execute_cmd\\n    frappe.throw(_(\\\"Failed to get method for command {0} with {1}\\\").format(cmd, e))\\n  File \\\"apps/frappe/frappe/__init__.py\\\", line 609, in throw\\n    msgprint(\\n  File \\\"apps/frappe/frappe/__init__.py\\\", line 574, in msgprint\\n    _raise_exception()\\n  File \\\"apps/frappe/frappe/__init__.py\\\", line 525, in _raise_exception\\n    raise exc\\nfrappe.exceptions.ValidationError: Failed to get method for command printechs_wms.api.wms_sync.update_transfer_order_wms_status with module 'printechs_wms.api.wms_sync' has no attribute 'update_transfer_order_wms_status'\\n\"]","_server_messages":"[\"{\\\"message\\\": \\\"Failed to get method for command printechs_wms.api.wms_sync.update_transfer_order_wms_status with module 'printechs_wms.api.wms_sync' has no attribute 'update_transfer_order_wms_status'\\\", \\\"title\\\": \\\"Message\\\", \\\"indicator\\\": \\\"red\\\", \\\"raise_exception\\\": 1, \\\"__frappe_exc_id\\\": \\\"0fd859d356bac427d800863509af6235f23f09c23b6e3ae484854147\\\"}\"]"}
--------------------------------------------------------------------------------
[2026-04-21 10:18:54] INFO: TransferOrderSyncFromErpNextService: TO status posted to ERPNext: 0/1 updated (update_transfer_order_wms_status per TO)
[2026-04-21 10:18:54] INFO: Material Request sync from ERPNext started.
[2026-04-21 10:18:54] INFO: ErpNextWmsSyncApiService: [Item Group] Fetching Material Requests from http://printechsdammam.dyndns.org:88/api/method/printechs_wms.api.material_request.get_material_transfer_requests?from_warehouse=Main%20Warehouse%20-%20MAATC&state=Pending&docstatus=1&include_items=1&limit=200
[2026-04-21 10:18:54] INFO: ErpNextWmsSyncApiService: [Item Group] Fetched 1 Material Requests
[2026-04-21 10:18:54] INFO: ErpNextWmsSyncApiService: [MR] Fetching Material Requests from http://printechsdammam.dyndns.org:88/api/method/printechs_wms.api.material_request.get_material_transfer_requests?from_warehouse=Main%20Warehouse%20-%20MAATC&state=Pending&docstatus=1&include_items=1&limit=200
[2026-04-21 10:18:54] INFO: ErpNextWmsSyncApiService: [MR] Fetched 1 Material Requests
[2026-04-21 10:18:54] INFO: ErpNextWmsSyncApiService: [ERPNext 9] Fetching Material Requests from http://printechsdammam.dyndns.org:88/api/method/printechs_wms.api.material_request.get_material_transfer_requests?from_warehouse=Main%20Warehouse%20-%20MAATC&state=Pending&docstatus=1&include_items=1&limit=200
[2026-04-21 10:18:54] INFO: ErpNextWmsSyncApiService: [ERPNext 9] Fetched 1 Material Requests
[2026-04-21 10:18:54] INFO: ErpNextWmsSyncApiService: [Stock Entry] Fetching Material Requests from http://printechsdammam.dyndns.org:88/api/method/printechs_wms.api.material_request.get_material_transfer_requests?from_warehouse=Main%20Warehouse%20-%20MAATC&state=Pending&docstatus=1&include_items=1&limit=200
[2026-04-21 10:18:54] INFO: ErpNextWmsSyncApiService: [Stock Entry] Fetched 1 Material Requests
[2026-04-21 10:18:54] INFO: ErpNextWmsSyncApiService: [ERPNext 11] Fetching Material Requests from http://printechsdammam.dyndns.org:88/api/method/printechs_wms.api.material_request.get_material_transfer_requests?from_warehouse=Main%20Warehouse%20-%20MAATC&state=Pending&docstatus=1&include_items=1&limit=200
[2026-04-21 10:18:54] INFO: ErpNextWmsSyncApiService: [ERPNext 11] Fetched 1 Material Requests
[2026-04-21 10:18:54] INFO: ErpNextWmsSyncApiService: [ERPNext 13] Fetching Material Requests from /api/method/printechs_wms.api.asn_to_purchase_receipt.get_pr_status_for_asn?asn_no=<linked ASN>/api/method/printechs_wms.api.material_request.get_material_transfer_requests?from_warehouse=Main%20Warehouse%20-%20MAATC&state=Pending&docstatus=1&include_items=1&limit=200
[2026-04-21 10:18:54] ERROR: ErpNextWmsSyncApiService: [ERPNext 13] Error fetching Material Requests: An invalid request URI was provided. Either the request URI must be an absolute URI or BaseAddress must be set.
Exception Type: InvalidOperationException
Exception Message: An invalid request URI was provided. Either the request URI must be an absolute URI or BaseAddress must be set.
Stack Trace:    at System.Net.Http.HttpClient.PrepareRequestMessage(HttpRequestMessage request)
   at System.Net.Http.HttpClient.GetAsync(String requestUri)
   at Wms.Desktop.Services.ErpNextWmsSyncApiService.FetchMessageListAsync[T](String apiUrl, String apiKey, String label, String entityName) in D:\Development Project\Printechs WMS\Wms.Desktop\Services\ErpNextWmsSyncApiService.cs:line 523
--------------------------------------------------------------------------------
[2026-04-21 10:18:54] INFO: MaterialRequestSyncFromErpNextService: Syncing 1 Material Request(s) with items.
[2026-04-21 10:18:54] INFO: MaterialRequestSyncFromErpNextService: MR MAT-MR-2026-00001: inserting 2 item(s) (preserving local picked qty where higher).
[2026-04-21 10:18:54] INFO: Material Request sync from ERPNext completed. Fetched: 1, MRs inserted: 1, updated: 0, items: 2, errors: 0
[2026-04-21 10:18:54] INFO: Transfer In sync from ERPNext started (tabTransferIn / tabTransferInItem).
[2026-04-21 10:18:54] INFO: TransferInSyncFromErpNextService: Step 1 - Dropping legacy tabTransferInStockEntry tables if they exist.
[2026-04-21 10:18:54] INFO: DatabaseService: Dropped tabTransferInStockEntry and tabTransferInStockEntryItem if they existed.
[2026-04-21 10:18:54] INFO: TransferInSyncFromErpNextService: Step 2 - Connecting to database: wms_desktop, host: localhost
[2026-04-21 10:18:54] INFO: TransferInSyncFromErpNextService: Step 3 - Connection opened. Database: wms_desktop
[2026-04-21 10:18:54] INFO: TransferInSyncFromErpNextService: Step 4 - Using 6 endpoint(s) for Transfer In.
[2026-04-21 10:18:54] INFO: ErpNextWmsSyncApiService: [Item Group] Fetching Transfer In Stock Entries from http://printechsdammam.dyndns.org:88/api/method/printechs_wms.api.transfer_in_sync.get_material_transfer_stock_entries?add_to_transit=1&custom_receiving_warehouse=Main%20Warehouse%20-%20MAATC&docstatus=1
[2026-04-21 10:18:54] INFO: ErpNextWmsSyncApiService: [Item Group] Fetched 1 Transfer In Stock Entries
[2026-04-21 10:18:54] INFO: TransferInSyncFromErpNextService: Endpoint [Item Group] returned 1 raw entry(ies).
[2026-04-21 10:18:54] INFO: ErpNextWmsSyncApiService: [MR] Fetching Transfer In Stock Entries from http://printechsdammam.dyndns.org:88/api/method/printechs_wms.api.transfer_in_sync.get_material_transfer_stock_entries?add_to_transit=1&custom_receiving_warehouse=Main%20Warehouse%20-%20MAATC&docstatus=1
[2026-04-21 10:18:54] INFO: ErpNextWmsSyncApiService: [MR] Fetched 1 Transfer In Stock Entries
[2026-04-21 10:18:54] INFO: TransferInSyncFromErpNextService: Endpoint [MR] returned 1 raw entry(ies).
[2026-04-21 10:18:54] INFO: ErpNextWmsSyncApiService: [ERPNext 9] Fetching Transfer In Stock Entries from http://printechsdammam.dyndns.org:88/api/method/printechs_wms.api.transfer_in_sync.get_material_transfer_stock_entries?to_warehouse=Main%20Warehouse%20-%20MAATC&docstatus=1
[2026-04-21 10:18:54] INFO: ErpNextWmsSyncApiService: [ERPNext 9] Fetched 1 Transfer In Stock Entries
[2026-04-21 10:18:54] INFO: TransferInSyncFromErpNextService: Endpoint [ERPNext 9] returned 1 raw entry(ies).
[2026-04-21 10:18:54] INFO: ErpNextWmsSyncApiService: [Stock Entry] Fetching Transfer In Stock Entries from http://printechsdammam.dyndns.org:88/api/method/printechs_wms.api.transfer_in_sync.get_material_transfer_stock_entries?add_to_transit=1&custom_receiving_warehouse=Main%20Warehouse%20-%20MAATC&docstatus=1
[2026-04-21 10:18:54] INFO: ErpNextWmsSyncApiService: [Stock Entry] Fetched 1 Transfer In Stock Entries
[2026-04-21 10:18:54] INFO: TransferInSyncFromErpNextService: Endpoint [Stock Entry] returned 1 raw entry(ies).
[2026-04-21 10:18:54] INFO: ErpNextWmsSyncApiService: [ERPNext 11] Fetching Transfer In Stock Entries from http://printechsdammam.dyndns.org:88/api/method/printechs_wms.api.transfer_in_sync.get_material_transfer_stock_entries?add_to_transit=1&custom_receiving_warehouse=Main%20Warehouse%20-%20MAATC&docstatus=1
[2026-04-21 10:18:54] INFO: ErpNextWmsSyncApiService: [ERPNext 11] Fetched 1 Transfer In Stock Entries
[2026-04-21 10:18:54] INFO: TransferInSyncFromErpNextService: Endpoint [ERPNext 11] returned 1 raw entry(ies).
[2026-04-21 10:18:54] INFO: ErpNextWmsSyncApiService: [ERPNext 13] Fetching Transfer In Stock Entries from /api/method/printechs_wms.api.asn_to_purchase_receipt.get_pr_status_for_asn?asn_no=<linked ASN>/api/method/printechs_wms.api.transfer_in_sync.get_material_transfer_stock_entries?add_to_transit=1&custom_receiving_warehouse=Main%20Warehouse%20-%20MAATC&docstatus=1
[2026-04-21 10:18:54] ERROR: ErpNextWmsSyncApiService: [ERPNext 13] Error fetching Transfer In Stock Entries: An invalid request URI was provided. Either the request URI must be an absolute URI or BaseAddress must be set.
Exception Type: InvalidOperationException
Exception Message: An invalid request URI was provided. Either the request URI must be an absolute URI or BaseAddress must be set.
Stack Trace:    at System.Net.Http.HttpClient.PrepareRequestMessage(HttpRequestMessage request)
   at System.Net.Http.HttpClient.GetAsync(String requestUri)
   at Wms.Desktop.Services.ErpNextWmsSyncApiService.FetchMessageListAsync[T](String apiUrl, String apiKey, String label, String entityName) in D:\Development Project\Printechs WMS\Wms.Desktop\Services\ErpNextWmsSyncApiService.cs:line 523
--------------------------------------------------------------------------------
[2026-04-21 10:18:54] INFO: TransferInSyncFromErpNextService: Step 5 - Total raw entries from API: 5
[2026-04-21 10:18:54] INFO: TransferInSyncFromErpNextService: Step 6 - After dedupe: 2 unique Transfer In(s) to sync. Keys: [MAT-STE-2026-00002, MAT-STE-2026-00003]
[2026-04-21 10:18:54] INFO: TransferInSyncFromErpNextService: --- Processing entry: MAT-STE-2026-00002 ---
[2026-04-21 10:18:54] INFO: TransferInSyncFromErpNextService: tabTransferIn INSERT/UPDATE for MAT-STE-2026-00002 affected rows: 1 (1=inserted, 2=updated).
[2026-04-21 10:18:54] INFO: TransferInSyncFromErpNextService: DELETE old tabTransferInItem for MAT-STE-2026-00002 deleted rows: 0.
[2026-04-21 10:18:54] INFO: TransferInSyncFromErpNextService: Entry MAT-STE-2026-00002: inserting 2 item(s) into tabTransferInItem.
[2026-04-21 10:18:54] INFO: TransferInSyncFromErpNextService: Inserting tabTransferInItem: parent=MAT-STE-2026-00002, item_code=108231, qty=5.
[2026-04-21 10:18:54] INFO: TransferInSyncFromErpNextService: Item INSERT for 108231 affected rows: 1.
[2026-04-21 10:18:54] INFO: TransferInSyncFromErpNextService: Inserting tabTransferInItem: parent=MAT-STE-2026-00002, item_code=108229, qty=5.
[2026-04-21 10:18:54] INFO: TransferInSyncFromErpNextService: Item INSERT for 108229 affected rows: 1.
[2026-04-21 10:18:54] INFO: TransferInSyncFromErpNextService: Committing transaction for MAT-STE-2026-00002.
[2026-04-21 10:18:54] INFO: TransferInSyncFromErpNextService: Transaction committed for MAT-STE-2026-00002.
[2026-04-21 10:18:54] INFO: TransferInSyncFromErpNextService: Verification tabTransferInItem count for MAT-STE-2026-00002 => 2 row(s).
[2026-04-21 10:18:54] INFO: TransferInSyncFromErpNextService: --- Processing entry: MAT-STE-2026-00003 ---
[2026-04-21 10:18:54] INFO: TransferInSyncFromErpNextService: tabTransferIn INSERT/UPDATE for MAT-STE-2026-00003 affected rows: 1 (1=inserted, 2=updated).
[2026-04-21 10:18:54] INFO: TransferInSyncFromErpNextService: DELETE old tabTransferInItem for MAT-STE-2026-00003 deleted rows: 0.
[2026-04-21 10:18:54] INFO: TransferInSyncFromErpNextService: Entry MAT-STE-2026-00003: inserting 2 item(s) into tabTransferInItem.
[2026-04-21 10:18:54] INFO: TransferInSyncFromErpNextService: Inserting tabTransferInItem: parent=MAT-STE-2026-00003, item_code=108231, qty=5.
[2026-04-21 10:18:54] INFO: TransferInSyncFromErpNextService: Item INSERT for 108231 affected rows: 1.
[2026-04-21 10:18:54] INFO: TransferInSyncFromErpNextService: Inserting tabTransferInItem: parent=MAT-STE-2026-00003, item_code=108229, qty=5.
[2026-04-21 10:18:54] INFO: TransferInSyncFromErpNextService: Item INSERT for 108229 affected rows: 1.
[2026-04-21 10:18:54] INFO: TransferInSyncFromErpNextService: Committing transaction for MAT-STE-2026-00003.
[2026-04-21 10:18:54] INFO: TransferInSyncFromErpNextService: Transaction committed for MAT-STE-2026-00003.
[2026-04-21 10:18:54] INFO: TransferInSyncFromErpNextService: Verification tabTransferInItem count for MAT-STE-2026-00003 => 2 row(s).
[2026-04-21 10:18:54] INFO: Transfer In sync from ERPNext completed. Fetched: 2, entries inserted: 2, updated: 0, items: 4, errors: 0
[2026-04-21 10:18:54] INFO: ErpNextWmsSyncApiService: WMS snapshot updated successfully.
[2026-04-21 10:18:54] INFO: ErpNextWmsSyncApiService: Calling rebuild_wms_stock_balance for company=Mohammed Abdullah Almousa Trading Company, warehouse=Main Warehouse - MAATC
[2026-04-21 10:18:55] INFO: ErpNextWmsSyncApiService: rebuild_wms_stock_balance updated successfully.
[2026-04-21 10:18:55] INFO: ErpNextWmsSyncApiService: rebuild_wms_stock_balance completed successfully.
[2026-04-21 10:21:32] INFO: TransferCartonListView: Loaded event fired
[2026-04-21 10:21:32] INFO: TransferCartonListView: Calling RefreshAsync on ViewModel
[2026-04-21 10:21:32] INFO: TransferCartonListViewModel: Starting to load transfer cartons
[2026-04-21 10:21:32] INFO: Loading Transfer Cartons from database...
[2026-04-21 10:21:32] INFO: TransferCartonDataService: Starting schema detection
[2026-04-21 10:21:32] INFO: TransferCartonDataService: Found column 'asn_no'
[2026-04-21 10:21:32] INFO: TransferCartonDataService: Found column 'to_no'
[2026-04-21 10:21:32] INFO: TransferCartonDataService: Returning - AsnColumn=asn_no, ToColumn=to_no
[2026-04-21 10:21:32] INFO: Detected schema: AsnColumn=asn_no, ToColumn=to_no
[2026-04-21 10:21:32] INFO: Executing query: SELECT tc_id, status, asn_no, to_no, store, 
                               created_by, created_on, sealed_by, sealed_on, dispatched_on, remarks,
                               purchase_receipt_no, purchase_receipt_docstatus, purchase_receipt_created, purchase_receipt_submitted,
                               warehouse_transfer_no, warehouse_transfer_created
                        FROM tabTransferCarton
                        ORDER BY created_on DESC, tc_id
[2026-04-21 10:21:32] INFO: Loaded 0 transfer cartons from database
[2026-04-21 10:21:32] INFO: TransferCartonListViewModel: Received 0 transfer cartons from service
[2026-04-21 10:21:32] INFO: TransferCartonListViewModel: Added 0 transfer cartons to collection
[2026-04-21 10:21:32] INFO: TransferCartonListView: RefreshAsync completed
[2026-04-21 10:43:43] INFO: PutawayTaskDataService: Loaded task PUT-20260421-0001 with status Open
[2026-04-21 10:43:43] INFO: PutawayTaskDataService: Loaded task PUT-20260421-0002 with status Open
[2026-04-21 10:43:43] INFO: PutawayTaskDataService: SQL Query: SELECT pl.parent_title, pl.carton_id, pl.item_code, SUM(pl.qty) as qty, pl.rack, pl.bin, pl.location_id
                         FROM tabPutawayLine pl
                         WHERE pl.parent_title IN (@title0,@title1)
                         GROUP BY pl.parent_title, pl.carton_id, pl.item_code, pl.rack, pl.bin, pl.location_id
                         ORDER BY pl.parent_title, pl.item_code
[2026-04-21 10:43:43] INFO: PutawayTaskDataService: Querying lines for 2 tasks: PUT-20260421-0001, PUT-20260421-0002
[2026-04-21 10:43:43] INFO: PutawayTaskDataService: Read 2 lines, now looking up location_ids from tabLocation
[2026-04-21 10:43:43] INFO: PutawayTaskDataService: Added line for PUT-20260421-0001: 247787 (Qty: 50, Carton: PAW-ASN0002-1776756204875)
[2026-04-21 10:43:43] INFO: PutawayTaskDataService: Added line for PUT-20260421-0002: 247775 (Qty: 50, Carton: PAW-ASN0002-1776756739050)
[2026-04-21 10:43:43] INFO: PutawayTaskDataService: Total lines read from database: 4, Unique parent titles with lines: 2
[2026-04-21 10:43:43] INFO: PutawayTaskDataService: Task PUT-20260421-0001 has 1 line(s)
[2026-04-21 10:43:43] INFO: PutawayTaskDataService: Task PUT-20260421-0002 has 1 line(s)
[2026-04-21 10:43:43] INFO: PutawayTaskDataService: Total tasks loaded: 2
[2026-04-21 10:43:43] INFO: PutawayTaskListViewModel: Loaded 2 putaway tasks from database, 2 unique tasks displayed
[2026-04-21 10:43:43] INFO: SortBoxListView: Loaded event fired
[2026-04-21 10:43:43] INFO: SortBoxListView: Calling RefreshAsync on ViewModel
[2026-04-21 10:43:43] INFO: SortBoxListViewModel: Starting to load sort boxes
[2026-04-21 10:43:43] INFO: Loading Sort Boxes from database...
[2026-04-21 10:43:43] INFO: Executing query: SELECT box_id, status, advance_shipping_notice, transfer_order, store, 
                               purpose, created_by, created_on, closed_by, closed_on, 
                               dispatched_on, received_at_store_on, remarks
                        FROM tabSortBox
                        ORDER BY created_on DESC, box_id
[2026-04-21 10:43:43] INFO: Loaded 7 sort boxes from database
[2026-04-21 10:43:43] INFO: SortBoxListViewModel: Received 7 sort boxes from service
[2026-04-21 10:43:43] INFO: SortBoxListViewModel: Added 7 sort boxes to collection
[2026-04-21 10:43:43] INFO: SortBoxListView: RefreshAsync completed
[2026-04-21 10:43:48] INFO: SortBoxDetailViewModel: Loading data for BOX-002UNAIZAH-743452
[2026-04-21 10:43:48] INFO: ASN ASN-0001 Carton CNWH12858: Assigned=Assigned, Actual=Assigned, ReceivedQty=0
[2026-04-21 10:43:48] INFO: ASN ASN-0001 Carton CNWH12854: Assigned=Assigned, Actual=Assigned, ReceivedQty=0
[2026-04-21 10:43:48] INFO: ASN ASN-0001 Carton CNWH15390: Assigned=Assigned, Actual=Assigned, ReceivedQty=0
[2026-04-21 10:43:48] INFO: ASN ASN-0001 Carton CNWH42441: Assigned=Assigned, Actual=Assigned, ReceivedQty=0
[2026-04-21 10:43:48] INFO: ASN ASN-0001 Carton CNWH64571: Assigned=Assigned, Actual=Assigned, ReceivedQty=0
[2026-04-21 10:43:48] INFO: ASN ASN-0001 Carton CNWH64521: Assigned=Assigned, Actual=Assigned, ReceivedQty=0
[2026-04-21 10:43:48] INFO: ASN ASN-0001 Carton CNWH63561: Assigned=Assigned, Actual=Assigned, ReceivedQty=0
[2026-04-21 10:43:48] INFO: ASN ASN-0001 Carton CNWH63609: Assigned=Assigned, Actual=Assigned, ReceivedQty=0
[2026-04-21 10:43:48] INFO: ASN ASN-0002 Carton CNWH12858: Assigned=Received, Actual=Received, ReceivedQty=100
[2026-04-21 10:43:48] INFO: ASN ASN-0002 Carton CNWH12854: Assigned=Received, Actual=Received, ReceivedQty=100
[2026-04-21 10:43:48] INFO: SortBoxDetailViewModel: Loaded ASN ASN-0002
[2026-04-21 10:43:48] INFO: SortBoxDetailViewModel: Loaded Transfer Order WMS-TO-00001
[2026-04-21 10:43:48] INFO: SortBoxService: Loading contents for box BOX-002UNAIZAH-743452
[2026-04-21 10:43:48] INFO: SortBoxService: Found 0 unique items for box BOX-002UNAIZAH-743452
[2026-04-21 10:43:48] INFO: SortBoxDetailViewModel: Loaded 0 items for box BOX-002UNAIZAH-743452
[2026-04-21 10:43:52] INFO: SortBoxDetailViewModel: Loading data for PAW-ASN0002-1776756739050
[2026-04-21 10:43:52] INFO: ASN ASN-0001 Carton CNWH12858: Assigned=Assigned, Actual=Assigned, ReceivedQty=0
[2026-04-21 10:43:52] INFO: ASN ASN-0001 Carton CNWH12854: Assigned=Assigned, Actual=Assigned, ReceivedQty=0
[2026-04-21 10:43:52] INFO: ASN ASN-0001 Carton CNWH15390: Assigned=Assigned, Actual=Assigned, ReceivedQty=0
[2026-04-21 10:43:52] INFO: ASN ASN-0001 Carton CNWH42441: Assigned=Assigned, Actual=Assigned, ReceivedQty=0
[2026-04-21 10:43:52] INFO: ASN ASN-0001 Carton CNWH64571: Assigned=Assigned, Actual=Assigned, ReceivedQty=0
[2026-04-21 10:43:52] INFO: ASN ASN-0001 Carton CNWH64521: Assigned=Assigned, Actual=Assigned, ReceivedQty=0
[2026-04-21 10:43:52] INFO: ASN ASN-0001 Carton CNWH63561: Assigned=Assigned, Actual=Assigned, ReceivedQty=0
[2026-04-21 10:43:52] INFO: ASN ASN-0001 Carton CNWH63609: Assigned=Assigned, Actual=Assigned, ReceivedQty=0
[2026-04-21 10:43:52] INFO: ASN ASN-0002 Carton CNWH12858: Assigned=Received, Actual=Received, ReceivedQty=100
[2026-04-21 10:43:52] INFO: ASN ASN-0002 Carton CNWH12854: Assigned=Received, Actual=Received, ReceivedQty=100
[2026-04-21 10:43:52] INFO: SortBoxDetailViewModel: Loaded ASN ASN-0002
[2026-04-21 10:43:52] INFO: SortBoxDetailViewModel: Loaded Transfer Order Putaway
[2026-04-21 10:43:52] INFO: SortBoxService: Loading contents for box PAW-ASN0002-1776756739050
[2026-04-21 10:43:52] INFO: SortBoxService: Found 1 unique items for box PAW-ASN0002-1776756739050
[2026-04-21 10:43:52] INFO: SortBoxDetailViewModel: Loaded 1 items for box PAW-ASN0002-1776756739050
[2026-04-21 10:43:59] INFO: SortBoxDetailViewModel: Loading data for BOX-004ALRAS-219164
[2026-04-21 10:43:59] INFO: ASN ASN-0001 Carton CNWH12858: Assigned=Assigned, Actual=Assigned, ReceivedQty=0
[2026-04-21 10:43:59] INFO: ASN ASN-0001 Carton CNWH12854: Assigned=Assigned, Actual=Assigned, ReceivedQty=0
[2026-04-21 10:43:59] INFO: ASN ASN-0001 Carton CNWH15390: Assigned=Assigned, Actual=Assigned, ReceivedQty=0
[2026-04-21 10:43:59] INFO: ASN ASN-0001 Carton CNWH42441: Assigned=Assigned, Actual=Assigned, ReceivedQty=0
[2026-04-21 10:43:59] INFO: ASN ASN-0001 Carton CNWH64571: Assigned=Assigned, Actual=Assigned, ReceivedQty=0
[2026-04-21 10:43:59] INFO: ASN ASN-0001 Carton CNWH64521: Assigned=Assigned, Actual=Assigned, ReceivedQty=0
[2026-04-21 10:43:59] INFO: ASN ASN-0001 Carton CNWH63561: Assigned=Assigned, Actual=Assigned, ReceivedQty=0
[2026-04-21 10:43:59] INFO: ASN ASN-0001 Carton CNWH63609: Assigned=Assigned, Actual=Assigned, ReceivedQty=0
[2026-04-21 10:43:59] INFO: ASN ASN-0002 Carton CNWH12858: Assigned=Received, Actual=Received, ReceivedQty=100
[2026-04-21 10:43:59] INFO: ASN ASN-0002 Carton CNWH12854: Assigned=Received, Actual=Received, ReceivedQty=100
[2026-04-21 10:43:59] INFO: SortBoxDetailViewModel: Loaded ASN ASN-0002
[2026-04-21 10:43:59] INFO: SortBoxDetailViewModel: Loaded Transfer Order WMS-TO-00001
[2026-04-21 10:43:59] INFO: SortBoxService: Loading contents for box BOX-004ALRAS-219164
[2026-04-21 10:43:59] INFO: SortBoxService: Found 2 unique items for box BOX-004ALRAS-219164
[2026-04-21 10:43:59] INFO: SortBoxDetailViewModel: Loaded 2 items for box BOX-004ALRAS-219164
[2026-04-21 10:44:21] INFO: SortBoxDetailViewModel: Loading data for BOX-004ALRAS-219164
[2026-04-21 10:44:21] INFO: ASN ASN-0001 Carton CNWH12858: Assigned=Assigned, Actual=Assigned, ReceivedQty=0
[2026-04-21 10:44:21] INFO: ASN ASN-0001 Carton CNWH12854: Assigned=Assigned, Actual=Assigned, ReceivedQty=0
[2026-04-21 10:44:21] INFO: ASN ASN-0001 Carton CNWH15390: Assigned=Assigned, Actual=Assigned, ReceivedQty=0
[2026-04-21 10:44:21] INFO: ASN ASN-0001 Carton CNWH42441: Assigned=Assigned, Actual=Assigned, ReceivedQty=0
[2026-04-21 10:44:21] INFO: ASN ASN-0001 Carton CNWH64571: Assigned=Assigned, Actual=Assigned, ReceivedQty=0
[2026-04-21 10:44:21] INFO: ASN ASN-0001 Carton CNWH64521: Assigned=Assigned, Actual=Assigned, ReceivedQty=0
[2026-04-21 10:44:21] INFO: ASN ASN-0001 Carton CNWH63561: Assigned=Assigned, Actual=Assigned, ReceivedQty=0
[2026-04-21 10:44:21] INFO: ASN ASN-0001 Carton CNWH63609: Assigned=Assigned, Actual=Assigned, ReceivedQty=0
[2026-04-21 10:44:21] INFO: ASN ASN-0002 Carton CNWH12858: Assigned=Received, Actual=Received, ReceivedQty=100
[2026-04-21 10:44:21] INFO: ASN ASN-0002 Carton CNWH12854: Assigned=Received, Actual=Received, ReceivedQty=100
[2026-04-21 10:44:21] INFO: SortBoxDetailViewModel: Loaded ASN ASN-0002
[2026-04-21 10:44:21] INFO: SortBoxDetailViewModel: Loaded Transfer Order WMS-TO-00001
[2026-04-21 10:44:21] INFO: SortBoxService: Loading contents for box BOX-004ALRAS-219164
[2026-04-21 10:44:21] INFO: SortBoxService: Found 2 unique items for box BOX-004ALRAS-219164
[2026-04-21 10:44:21] INFO: SortBoxDetailViewModel: Loaded 2 items for box BOX-004ALRAS-219164
[2026-04-21 10:46:50] INFO: SortBoxDetailViewModel: Loading data for BOX-004ALRAS-219164
[2026-04-21 10:46:50] INFO: ASN ASN-0001 Carton CNWH12858: Assigned=Assigned, Actual=Assigned, ReceivedQty=0
[2026-04-21 10:46:50] INFO: ASN ASN-0001 Carton CNWH12854: Assigned=Assigned, Actual=Assigned, ReceivedQty=0
[2026-04-21 10:46:50] INFO: ASN ASN-0001 Carton CNWH15390: Assigned=Assigned, Actual=Assigned, ReceivedQty=0
[2026-04-21 10:46:50] INFO: ASN ASN-0001 Carton CNWH42441: Assigned=Assigned, Actual=Assigned, ReceivedQty=0
[2026-04-21 10:46:50] INFO: ASN ASN-0001 Carton CNWH64571: Assigned=Assigned, Actual=Assigned, ReceivedQty=0
[2026-04-21 10:46:50] INFO: ASN ASN-0001 Carton CNWH64521: Assigned=Assigned, Actual=Assigned, ReceivedQty=0
[2026-04-21 10:46:50] INFO: ASN ASN-0001 Carton CNWH63561: Assigned=Assigned, Actual=Assigned, ReceivedQty=0
[2026-04-21 10:46:50] INFO: ASN ASN-0001 Carton CNWH63609: Assigned=Assigned, Actual=Assigned, ReceivedQty=0
[2026-04-21 10:46:50] INFO: ASN ASN-0002 Carton CNWH12858: Assigned=Received, Actual=Received, ReceivedQty=100
[2026-04-21 10:46:50] INFO: ASN ASN-0002 Carton CNWH12854: Assigned=Received, Actual=Received, ReceivedQty=100
[2026-04-21 10:46:50] INFO: SortBoxDetailViewModel: Loaded ASN ASN-0002
[2026-04-21 10:46:50] INFO: SortBoxDetailViewModel: Loaded Transfer Order WMS-TO-00001
[2026-04-21 10:46:50] INFO: SortBoxService: Loading contents for box BOX-004ALRAS-219164
[2026-04-21 10:46:50] INFO: SortBoxService: Found 2 unique items for box BOX-004ALRAS-219164
[2026-04-21 10:46:50] INFO: SortBoxDetailViewModel: Loaded 2 items for box BOX-004ALRAS-219164
[2026-04-21 10:53:12] INFO: TransferCartonListView: Loaded event fired
[2026-04-21 10:53:12] INFO: TransferCartonListView: Calling RefreshAsync on ViewModel
[2026-04-21 10:53:12] INFO: TransferCartonListViewModel: Starting to load transfer cartons
[2026-04-21 10:53:12] INFO: Loading Transfer Cartons from database...
[2026-04-21 10:53:12] INFO: TransferCartonDataService: Starting schema detection
[2026-04-21 10:53:12] INFO: TransferCartonDataService: Found column 'asn_no'
[2026-04-21 10:53:12] INFO: TransferCartonDataService: Found column 'to_no'
[2026-04-21 10:53:12] INFO: TransferCartonDataService: Returning - AsnColumn=asn_no, ToColumn=to_no
[2026-04-21 10:53:12] INFO: Detected schema: AsnColumn=asn_no, ToColumn=to_no
[2026-04-21 10:53:12] INFO: Executing query: SELECT tc_id, status, asn_no, to_no, store, 
                               created_by, created_on, sealed_by, sealed_on, dispatched_on, remarks,
                               purchase_receipt_no, purchase_receipt_docstatus, purchase_receipt_created, purchase_receipt_submitted,
                               warehouse_transfer_no, warehouse_transfer_created
                        FROM tabTransferCarton
                        ORDER BY created_on DESC, tc_id
[2026-04-21 10:53:12] INFO: Loaded 0 transfer cartons from database
[2026-04-21 10:53:12] INFO: TransferCartonListViewModel: Received 0 transfer cartons from service
[2026-04-21 10:53:12] INFO: TransferCartonListViewModel: Added 0 transfer cartons to collection
[2026-04-21 10:53:12] INFO: TransferCartonListView: RefreshAsync completed
[2026-04-21 10:53:12] INFO: SortBoxListView: Loaded event fired
[2026-04-21 10:53:12] INFO: SortBoxListView: Calling RefreshAsync on ViewModel
[2026-04-21 10:53:12] INFO: SortBoxListViewModel: Starting to load sort boxes
[2026-04-21 10:53:12] INFO: Loading Sort Boxes from database...
[2026-04-21 10:53:12] INFO: Executing query: SELECT box_id, status, advance_shipping_notice, transfer_order, store, 
                               purpose, created_by, created_on, closed_by, closed_on, 
                               dispatched_on, received_at_store_on, remarks
                        FROM tabSortBox
                        ORDER BY created_on DESC, box_id
[2026-04-21 10:53:12] INFO: Loaded 0 sort boxes from database
[2026-04-21 10:53:12] INFO: SortBoxListViewModel: Received 0 sort boxes from service
[2026-04-21 10:53:12] INFO: SortBoxListViewModel: Added 0 sort boxes to collection
[2026-04-21 10:53:12] INFO: SortBoxListView: RefreshAsync completed
[2026-04-21 10:53:15] INFO: ASN sync from ERPNext started.
[2026-04-21 10:53:15] INFO: ErpNextWmsSyncApiService: [Item Group] Fetching ASNs from http://printechsdammam.dyndns.org:88/api/method/printechs_wms.api.wms_sync.get_asns_for_wms?export_pending=1&include_items=1
[2026-04-21 10:53:15] INFO: ErpNextWmsSyncApiService: [Item Group] Fetched 2 ASNs
[2026-04-21 10:53:15] INFO: ErpNextWmsSyncApiService: [ASN] Fetching ASNs from http://printechsdammam.dyndns.org:88/api/method/printechs_wms.api.wms_sync.get_asns_for_wms?export_pending=1&include_items=1
[2026-04-21 10:53:15] INFO: ErpNextWmsSyncApiService: [ASN] Fetched 2 ASNs
[2026-04-21 10:53:15] INFO: ErpNextWmsSyncApiService: [ASN Status] Fetching ASNs from http://printechsdammam.dyndns.org:88/api/method/printechs_wms.api.wms_sync.get_asns_for_wms?export_pending=1&include_items=1
[2026-04-21 10:53:15] INFO: ErpNextWmsSyncApiService: [ASN Status] Fetched 2 ASNs
[2026-04-21 10:53:15] INFO: ErpNextWmsSyncApiService: [MR] Fetching ASNs from http://printechsdammam.dyndns.org:88/api/method/printechs_wms.api.wms_sync.get_asns_for_wms?export_pending=1&include_items=1
[2026-04-21 10:53:15] INFO: ErpNextWmsSyncApiService: [MR] Fetched 2 ASNs
[2026-04-21 10:53:15] INFO: ErpNextWmsSyncApiService: [ERPNext 9] Fetching ASNs from http://printechsdammam.dyndns.org:88/api/method/printechs_wms.api.wms_sync.get_asns_for_wms?export_pending=1&include_items=1
[2026-04-21 10:53:15] INFO: ErpNextWmsSyncApiService: [ERPNext 9] Fetched 2 ASNs
[2026-04-21 10:53:15] INFO: ErpNextWmsSyncApiService: [Stock Entry] Fetching ASNs from http://printechsdammam.dyndns.org:88/api/method/printechs_wms.api.wms_sync.get_asns_for_wms?export_pending=1&include_items=1
[2026-04-21 10:53:15] INFO: ErpNextWmsSyncApiService: [Stock Entry] Fetched 2 ASNs
[2026-04-21 10:53:15] INFO: ErpNextWmsSyncApiService: [ERPNext 11] Fetching ASNs from http://printechsdammam.dyndns.org:88/api/method/printechs_wms.api.wms_sync.get_asns_for_wms?export_pending=1&include_items=1
[2026-04-21 10:53:15] INFO: ErpNextWmsSyncApiService: [ERPNext 11] Fetched 2 ASNs
[2026-04-21 10:53:15] INFO: ErpNextWmsSyncApiService: ERPNext 13 API URL or key not configured
[2026-04-21 10:53:15] INFO: AsnSyncFromErpNextService: Syncing 2 ASN(s) with items.
[2026-04-21 10:53:15] INFO: ASN sync from ERPNext completed. Fetched: 2, ASNs inserted: 2, updated: 0, items: 10, errors: 0
[2026-04-21 10:53:15] INFO: ErpNextWmsSyncApiService: Posting ASN ASN-0002 status=Exported to http://printechsdammam.dyndns.org:88/api/method/printechs_wms.api.wms_sync.update_asn_wms_status
[2026-04-21 10:53:15] INFO: ErpNextWmsSyncApiService: ASN status updated successfully.
[2026-04-21 10:53:15] INFO: ErpNextWmsSyncApiService: Posting ASN ASN-0001 status=Exported to http://printechsdammam.dyndns.org:88/api/method/printechs_wms.api.wms_sync.update_asn_wms_status
[2026-04-21 10:53:15] ERROR: ErpNextWmsSyncApiService: ASN status API returned ExpectationFailed: {"exception":"frappe.exceptions.ValidationError:  Status cannot be \"Partially Received\". It should be one of \"Draft\", \"Open\", \"Completed\", \"Cancelled\"","exc_type":"ValidationError","_exc_source":"printechs_wms (app)","exc":"[\"Traceback (most recent call last):\\n  File \\\"apps/frappe/frappe/app.py\\\", line 120, in application\\n    response = frappe.api.handle(request)\\n               ^^^^^^^^^^^^^^^^^^^^^^^^^^\\n  File \\\"apps/frappe/frappe/api/__init__.py\\\", line 52, in handle\\n    data = endpoint(**arguments)\\n           ^^^^^^^^^^^^^^^^^^^^^\\n  File \\\"apps/frappe/frappe/api/v1.py\\\", line 40, in handle_rpc_call\\n    return frappe.handler.handle()\\n           ^^^^^^^^^^^^^^^^^^^^^^^\\n  File \\\"apps/frappe/frappe/handler.py\\\", line 52, in handle\\n    data = execute_cmd(cmd)\\n           ^^^^^^^^^^^^^^^^\\n  File \\\"apps/frappe/frappe/handler.py\\\", line 85, in execute_cmd\\n    return frappe.call(method, **frappe.form_dict)\\n           ^^^^^^^^^^^^^^^^^^^^^^^^^^^^^^^^^^^^^^^\\n  File \\\"apps/frappe/frappe/__init__.py\\\", line 1754, in call\\n    return fn(*args, **newargs)\\n           ^^^^^^^^^^^^^^^^^^^^\\n  File \\\"apps/frappe/frappe/utils/typing_validations.py\\\", line 32, in wrapper\\n    return func(*args, **kwargs)\\n           ^^^^^^^^^^^^^^^^^^^^^\\n  File \\\"apps/printechs_wms/printechs_wms/api/wms_sync.py\\\", line 379, in update_asn_wms_status\\n    doc.save()\\n  File \\\"apps/frappe/frappe/model/document.py\\\", line 378, in save\\n    return self._save(*args, **kwargs)\\n           ^^^^^^^^^^^^^^^^^^^^^^^^^^^\\n  File \\\"apps/frappe/frappe/model/document.py\\\", line 417, in _save\\n    self._validate()\\n  File \\\"apps/frappe/frappe/model/document.py\\\", line 624, in _validate\\n    self._validate_selects()\\n  File \\\"apps/frappe/frappe/model/base_document.py\\\", line 913, in _validate_selects\\n    frappe.throw(\\n  File \\\"apps/frappe/frappe/__init__.py\\\", line 609, in throw\\n    msgprint(\\n  File \\\"apps/frappe/frappe/__init__.py\\\", line 574, in msgprint\\n    _raise_exception()\\n  File \\\"apps/frappe/frappe/__init__.py\\\", line 525, in _raise_exception\\n    raise exc\\nfrappe.exceptions.ValidationError:  Status cannot be \\\"Partially Received\\\". It should be one of \\\"Draft\\\", \\\"Open\\\", \\\"Completed\\\", \\\"Cancelled\\\"\\n\"]","_server_messages":"[\"{\\\"message\\\": \\\" Status cannot be \\\\\\\"Partially Received\\\\\\\". It should be one of \\\\\\\"Draft\\\\\\\", \\\\\\\"Open\\\\\\\", \\\\\\\"Completed\\\\\\\", \\\\\\\"Cancelled\\\\\\\"\\\", \\\"title\\\": \\\"Message\\\", \\\"indicator\\\": \\\"red\\\", \\\"raise_exception\\\": 1, \\\"__frappe_exc_id\\\": \\\"d8d0833010e5ea9f4f264eed2795bcd935102aea9d56ecdd81710ee6\\\"}\"]"}
--------------------------------------------------------------------------------
[2026-04-21 10:53:15] ERROR: AsnSyncFromErpNextService: Failed to post ASN ASN-0001 status to ERPNext: ExpectationFailed: {"exception":"frappe.exceptions.ValidationError:  Status cannot be \"Partially Received\". It should be one of \"Draft\", \"Open\", \"Completed\", \"Cancelled\"","exc_type":"ValidationError","_exc_source":"printechs_wms (app)","exc":"[\"Traceback (most recent call last):\\n  File \\\"apps/frappe/frappe/app.py\\\", line 120, in application\\n    response = frappe.api.handle(request)\\n               ^^^^^^^^^^^^^^^^^^^^^^^^^^\\n  File \\\"apps/frappe/frappe/api/__init__.py\\\", line 52, in handle\\n    data = endpoint(**arguments)\\n           ^^^^^^^^^^^^^^^^^^^^^\\n  File \\\"apps/frappe/frappe/api/v1.py\\\", line 40, in handle_rpc_call\\n    return frappe.handler.handle()\\n           ^^^^^^^^^^^^^^^^^^^^^^^\\n  File \\\"apps/frappe/frappe/handler.py\\\", line 52, in handle\\n    data = execute_cmd(cmd)\\n           ^^^^^^^^^^^^^^^^\\n  File \\\"apps/frappe/frappe/handler.py\\\", line 85, in execute_cmd\\n    return frappe.call(method, **frappe.form_dict)\\n           ^^^^^^^^^^^^^^^^^^^^^^^^^^^^^^^^^^^^^^^\\n  File \\\"apps/frappe/frappe/__init__.py\\\", line 1754, in call\\n    return fn(*args, **newargs)\\n           ^^^^^^^^^^^^^^^^^^^^\\n  File \\\"apps/frappe/frappe/utils/typing_validations.py\\\", line 32, in wrapper\\n    return func(*args, **kwargs)\\n           ^^^^^^^^^^^^^^^^^^^^^\\n  File \\\"apps/printechs_wms/printechs_wms/api/wms_sync.py\\\", line 379, in update_asn_wms_status\\n    doc.save()\\n  File \\\"apps/frappe/frappe/model/document.py\\\", line 378, in save\\n    return self._save(*args, **kwargs)\\n           ^^^^^^^^^^^^^^^^^^^^^^^^^^^\\n  File \\\"apps/frappe/frappe/model/document.py\\\", line 417, in _save\\n    self._validate()\\n  File \\\"apps/frappe/frappe/model/document.py\\\", line 624, in _validate\\n    self._validate_selects()\\n  File \\\"apps/frappe/frappe/model/base_document.py\\\", line 913, in _validate_selects\\n    frappe.throw(\\n  File \\\"apps/frappe/frappe/__init__.py\\\", line 609, in throw\\n    msgprint(\\n  File \\\"apps/frappe/frappe/__init__.py\\\", line 574, in msgprint\\n    _raise_exception()\\n  File \\\"apps/frappe/frappe/__init__.py\\\", line 525, in _raise_exception\\n    raise exc\\nfrappe.exceptions.ValidationError:  Status cannot be \\\"Partially Received\\\". It should be one of \\\"Draft\\\", \\\"Open\\\", \\\"Completed\\\", \\\"Cancelled\\\"\\n\"]","_server_messages":"[\"{\\\"message\\\": \\\" Status cannot be \\\\\\\"Partially Received\\\\\\\". It should be one of \\\\\\\"Draft\\\\\\\", \\\\\\\"Open\\\\\\\", \\\\\\\"Completed\\\\\\\", \\\\\\\"Cancelled\\\\\\\"\\\", \\\"title\\\": \\\"Message\\\", \\\"indicator\\\": \\\"red\\\", \\\"raise_exception\\\": 1, \\\"__frappe_exc_id\\\": \\\"d8d0833010e5ea9f4f264eed2795bcd935102aea9d56ecdd81710ee6\\\"}\"]"}
--------------------------------------------------------------------------------
[2026-04-21 10:53:15] INFO: AsnSyncFromErpNextService: ASN status posted to ERPNext: 1/2 updated (update_asn_wms_status per ASN)
[2026-04-21 10:53:15] INFO: Transfer Order sync from ERPNext started.
[2026-04-21 10:53:15] INFO: ErpNextWmsSyncApiService: [Item Group] Fetching Transfer Orders from http://printechsdammam.dyndns.org:88/api/method/printechs_wms.api.wms_sync.get_tos_for_wms?export_pending=1&include_items=1&docstatus=1
[2026-04-21 10:53:15] INFO: ErpNextWmsSyncApiService: [Item Group] Fetched 1 Transfer Orders
[2026-04-21 10:53:15] INFO: ErpNextWmsSyncApiService: [TO] Fetching Transfer Orders from http://printechsdammam.dyndns.org:88/api/method/printechs_wms.api.wms_sync.get_tos_for_wms?export_pending=1&include_items=1&docstatus=1
[2026-04-21 10:53:15] INFO: ErpNextWmsSyncApiService: [TO] Fetched 1 Transfer Orders
[2026-04-21 10:53:15] INFO: ErpNextWmsSyncApiService: [TO Status] Fetching Transfer Orders from http://printechsdammam.dyndns.org:88/api/method/printechs_wms.api.wms_sync.get_tos_for_wms?export_pending=1&include_items=1&docstatus=1
[2026-04-21 10:53:15] INFO: ErpNextWmsSyncApiService: [TO Status] Fetched 1 Transfer Orders
[2026-04-21 10:53:15] INFO: ErpNextWmsSyncApiService: [MR] Fetching Transfer Orders from http://printechsdammam.dyndns.org:88/api/method/printechs_wms.api.wms_sync.get_tos_for_wms?export_pending=1&include_items=1&docstatus=1
[2026-04-21 10:53:15] INFO: ErpNextWmsSyncApiService: [MR] Fetched 1 Transfer Orders
[2026-04-21 10:53:15] INFO: ErpNextWmsSyncApiService: [ERPNext 9] Fetching Transfer Orders from http://printechsdammam.dyndns.org:88/api/method/printechs_wms.api.wms_sync.get_tos_for_wms?export_pending=1&include_items=1&docstatus=1
[2026-04-21 10:53:15] INFO: ErpNextWmsSyncApiService: [ERPNext 9] Fetched 1 Transfer Orders
[2026-04-21 10:53:15] INFO: ErpNextWmsSyncApiService: [Stock Entry] Fetching Transfer Orders from http://printechsdammam.dyndns.org:88/api/method/printechs_wms.api.wms_sync.get_tos_for_wms?export_pending=1&include_items=1&docstatus=1
[2026-04-21 10:53:15] INFO: ErpNextWmsSyncApiService: [Stock Entry] Fetched 1 Transfer Orders
[2026-04-21 10:53:15] INFO: ErpNextWmsSyncApiService: [ERPNext 11] Fetching Transfer Orders from http://printechsdammam.dyndns.org:88/api/method/printechs_wms.api.wms_sync.get_tos_for_wms?export_pending=1&include_items=1&docstatus=1
[2026-04-21 10:53:15] INFO: ErpNextWmsSyncApiService: [ERPNext 11] Fetched 1 Transfer Orders
[2026-04-21 10:53:15] INFO: ErpNextWmsSyncApiService: ERPNext 13 API URL or key not configured
[2026-04-21 10:53:15] INFO: TransferOrderSyncFromErpNextService: Syncing 1 TO(s) with items.
[2026-04-21 10:53:15] INFO: Transfer Order sync from ERPNext completed. Fetched: 1, TOs inserted: 1, updated: 0, items: 4, errors: 0
[2026-04-21 10:53:16] ERROR: ErpNextWmsSyncApiService: TO status API returned ExpectationFailed: {"exception":"frappe.exceptions.ValidationError: Failed to get method for command printechs_wms.api.wms_sync.update_transfer_order_wms_status with module 'printechs_wms.api.wms_sync' has no attribute 'update_transfer_order_wms_status'","exc_type":"ValidationError","exc":"[\"Traceback (most recent call last):\\n  File \\\"apps/frappe/frappe/handler.py\\\", line 74, in execute_cmd\\n    method = get_attr(cmd)\\n             ^^^^^^^^^^^^^\\n  File \\\"apps/frappe/frappe/handler.py\\\", line 292, in get_attr\\n    method = frappe.get_attr(cmd)\\n             ^^^^^^^^^^^^^^^^^^^^\\n  File \\\"apps/frappe/frappe/__init__.py\\\", line 1744, in get_attr\\n    return getattr(get_module(modulename), methodname)\\n           ^^^^^^^^^^^^^^^^^^^^^^^^^^^^^^^^^^^^^^^^^^^\\nAttributeError: module 'printechs_wms.api.wms_sync' has no attribute 'update_transfer_order_wms_status'\\n\\nDuring handling of the above exception, another exception occurred:\\n\\nTraceback (most recent call last):\\n  File \\\"apps/frappe/frappe/app.py\\\", line 120, in application\\n    response = frappe.api.handle(request)\\n               ^^^^^^^^^^^^^^^^^^^^^^^^^^\\n  File \\\"apps/frappe/frappe/api/__init__.py\\\", line 52, in handle\\n    data = endpoint(**arguments)\\n           ^^^^^^^^^^^^^^^^^^^^^\\n  File \\\"apps/frappe/frappe/api/v1.py\\\", line 40, in handle_rpc_call\\n    return frappe.handler.handle()\\n           ^^^^^^^^^^^^^^^^^^^^^^^\\n  File \\\"apps/frappe/frappe/handler.py\\\", line 52, in handle\\n    data = execute_cmd(cmd)\\n           ^^^^^^^^^^^^^^^^\\n  File \\\"apps/frappe/frappe/handler.py\\\", line 76, in execute_cmd\\n    frappe.throw(_(\\\"Failed to get method for command {0} with {1}\\\").format(cmd, e))\\n  File \\\"apps/frappe/frappe/__init__.py\\\", line 609, in throw\\n    msgprint(\\n  File \\\"apps/frappe/frappe/__init__.py\\\", line 574, in msgprint\\n    _raise_exception()\\n  File \\\"apps/frappe/frappe/__init__.py\\\", line 525, in _raise_exception\\n    raise exc\\nfrappe.exceptions.ValidationError: Failed to get method for command printechs_wms.api.wms_sync.update_transfer_order_wms_status with module 'printechs_wms.api.wms_sync' has no attribute 'update_transfer_order_wms_status'\\n\"]","_server_messages":"[\"{\\\"message\\\": \\\"Failed to get method for command printechs_wms.api.wms_sync.update_transfer_order_wms_status with module 'printechs_wms.api.wms_sync' has no attribute 'update_transfer_order_wms_status'\\\", \\\"title\\\": \\\"Message\\\", \\\"indicator\\\": \\\"red\\\", \\\"raise_exception\\\": 1, \\\"__frappe_exc_id\\\": \\\"f787ad1d4e04bf8db600f0c16d750216072a057bbcca58e2b821b1c4\\\"}\"]"}
--------------------------------------------------------------------------------
[2026-04-21 10:53:16] ERROR: TransferOrderSyncFromErpNextService: Failed to post TO WMS-TO-00001 status to ERPNext: ExpectationFailed: {"exception":"frappe.exceptions.ValidationError: Failed to get method for command printechs_wms.api.wms_sync.update_transfer_order_wms_status with module 'printechs_wms.api.wms_sync' has no attribute 'update_transfer_order_wms_status'","exc_type":"ValidationError","exc":"[\"Traceback (most recent call last):\\n  File \\\"apps/frappe/frappe/handler.py\\\", line 74, in execute_cmd\\n    method = get_attr(cmd)\\n             ^^^^^^^^^^^^^\\n  File \\\"apps/frappe/frappe/handler.py\\\", line 292, in get_attr\\n    method = frappe.get_attr(cmd)\\n             ^^^^^^^^^^^^^^^^^^^^\\n  File \\\"apps/frappe/frappe/__init__.py\\\", line 1744, in get_attr\\n    return getattr(get_module(modulename), methodname)\\n           ^^^^^^^^^^^^^^^^^^^^^^^^^^^^^^^^^^^^^^^^^^^\\nAttributeError: module 'printechs_wms.api.wms_sync' has no attribute 'update_transfer_order_wms_status'\\n\\nDuring handling of the above exception, another exception occurred:\\n\\nTraceback (most recent call last):\\n  File \\\"apps/frappe/frappe/app.py\\\", line 120, in application\\n    response = frappe.api.handle(request)\\n               ^^^^^^^^^^^^^^^^^^^^^^^^^^\\n  File \\\"apps/frappe/frappe/api/__init__.py\\\", line 52, in handle\\n    data = endpoint(**arguments)\\n           ^^^^^^^^^^^^^^^^^^^^^\\n  File \\\"apps/frappe/frappe/api/v1.py\\\", line 40, in handle_rpc_call\\n    return frappe.handler.handle()\\n           ^^^^^^^^^^^^^^^^^^^^^^^\\n  File \\\"apps/frappe/frappe/handler.py\\\", line 52, in handle\\n    data = execute_cmd(cmd)\\n           ^^^^^^^^^^^^^^^^\\n  File \\\"apps/frappe/frappe/handler.py\\\", line 76, in execute_cmd\\n    frappe.throw(_(\\\"Failed to get method for command {0} with {1}\\\").format(cmd, e))\\n  File \\\"apps/frappe/frappe/__init__.py\\\", line 609, in throw\\n    msgprint(\\n  File \\\"apps/frappe/frappe/__init__.py\\\", line 574, in msgprint\\n    _raise_exception()\\n  File \\\"apps/frappe/frappe/__init__.py\\\", line 525, in _raise_exception\\n    raise exc\\nfrappe.exceptions.ValidationError: Failed to get method for command printechs_wms.api.wms_sync.update_transfer_order_wms_status with module 'printechs_wms.api.wms_sync' has no attribute 'update_transfer_order_wms_status'\\n\"]","_server_messages":"[\"{\\\"message\\\": \\\"Failed to get method for command printechs_wms.api.wms_sync.update_transfer_order_wms_status with module 'printechs_wms.api.wms_sync' has no attribute 'update_transfer_order_wms_status'\\\", \\\"title\\\": \\\"Message\\\", \\\"indicator\\\": \\\"red\\\", \\\"raise_exception\\\": 1, \\\"__frappe_exc_id\\\": \\\"f787ad1d4e04bf8db600f0c16d750216072a057bbcca58e2b821b1c4\\\"}\"]"}
--------------------------------------------------------------------------------
[2026-04-21 10:53:16] INFO: TransferOrderSyncFromErpNextService: TO status posted to ERPNext: 0/1 updated (update_transfer_order_wms_status per TO)
[2026-04-21 10:53:16] INFO: Material Request sync from ERPNext started.
[2026-04-21 10:53:16] INFO: ErpNextWmsSyncApiService: [Item Group] Fetching Material Requests from http://printechsdammam.dyndns.org:88/api/method/printechs_wms.api.material_request.get_material_transfer_requests?from_warehouse=Main%20Warehouse%20-%20MAATC&state=Pending&docstatus=1&include_items=1&limit=200
[2026-04-21 10:53:16] INFO: ErpNextWmsSyncApiService: [Item Group] Fetched 1 Material Requests
[2026-04-21 10:53:16] INFO: ErpNextWmsSyncApiService: [MR] Fetching Material Requests from http://printechsdammam.dyndns.org:88/api/method/printechs_wms.api.material_request.get_material_transfer_requests?from_warehouse=Main%20Warehouse%20-%20MAATC&state=Pending&docstatus=1&include_items=1&limit=200
[2026-04-21 10:53:16] INFO: ErpNextWmsSyncApiService: [MR] Fetched 1 Material Requests
[2026-04-21 10:53:16] INFO: ErpNextWmsSyncApiService: [ERPNext 9] Fetching Material Requests from http://printechsdammam.dyndns.org:88/api/method/printechs_wms.api.material_request.get_material_transfer_requests?from_warehouse=Main%20Warehouse%20-%20MAATC&state=Pending&docstatus=1&include_items=1&limit=200
[2026-04-21 10:53:16] INFO: ErpNextWmsSyncApiService: [ERPNext 9] Fetched 1 Material Requests
[2026-04-21 10:53:16] INFO: ErpNextWmsSyncApiService: [Stock Entry] Fetching Material Requests from http://printechsdammam.dyndns.org:88/api/method/printechs_wms.api.material_request.get_material_transfer_requests?from_warehouse=Main%20Warehouse%20-%20MAATC&state=Pending&docstatus=1&include_items=1&limit=200
[2026-04-21 10:53:16] INFO: ErpNextWmsSyncApiService: [Stock Entry] Fetched 1 Material Requests
[2026-04-21 10:53:16] INFO: ErpNextWmsSyncApiService: [ERPNext 11] Fetching Material Requests from http://printechsdammam.dyndns.org:88/api/method/printechs_wms.api.material_request.get_material_transfer_requests?from_warehouse=Main%20Warehouse%20-%20MAATC&state=Pending&docstatus=1&include_items=1&limit=200
[2026-04-21 10:53:16] INFO: ErpNextWmsSyncApiService: [ERPNext 11] Fetched 1 Material Requests
[2026-04-21 10:53:16] INFO: ErpNextWmsSyncApiService: [ERPNext 13] Fetching Material Requests from /api/method/printechs_wms.api.asn_to_purchase_receipt.get_pr_status_for_asn?asn_no=<linked ASN>/api/method/printechs_wms.api.material_request.get_material_transfer_requests?from_warehouse=Main%20Warehouse%20-%20MAATC&state=Pending&docstatus=1&include_items=1&limit=200
[2026-04-21 10:53:16] ERROR: ErpNextWmsSyncApiService: [ERPNext 13] Error fetching Material Requests: An invalid request URI was provided. Either the request URI must be an absolute URI or BaseAddress must be set.
Exception Type: InvalidOperationException
Exception Message: An invalid request URI was provided. Either the request URI must be an absolute URI or BaseAddress must be set.
Stack Trace:    at System.Net.Http.HttpClient.PrepareRequestMessage(HttpRequestMessage request)
   at System.Net.Http.HttpClient.GetAsync(String requestUri)
   at Wms.Desktop.Services.ErpNextWmsSyncApiService.FetchMessageListAsync[T](String apiUrl, String apiKey, String label, String entityName) in D:\Development Project\Printechs WMS\Wms.Desktop\Services\ErpNextWmsSyncApiService.cs:line 523
--------------------------------------------------------------------------------
[2026-04-21 10:53:16] INFO: MaterialRequestSyncFromErpNextService: Syncing 1 Material Request(s) with items.
[2026-04-21 10:53:16] INFO: MaterialRequestSyncFromErpNextService: MR MAT-MR-2026-00001: inserting 2 item(s) (preserving local picked qty where higher).
[2026-04-21 10:53:16] INFO: Material Request sync from ERPNext completed. Fetched: 1, MRs inserted: 1, updated: 0, items: 2, errors: 0
[2026-04-21 10:53:16] INFO: Transfer In sync from ERPNext started (tabTransferIn / tabTransferInItem).
[2026-04-21 10:53:16] INFO: TransferInSyncFromErpNextService: Step 1 - Dropping legacy tabTransferInStockEntry tables if they exist.
[2026-04-21 10:53:16] INFO: DatabaseService: Dropped tabTransferInStockEntry and tabTransferInStockEntryItem if they existed.
[2026-04-21 10:53:16] INFO: TransferInSyncFromErpNextService: Step 2 - Connecting to database: wms_desktop, host: localhost
[2026-04-21 10:53:16] INFO: TransferInSyncFromErpNextService: Step 3 - Connection opened. Database: wms_desktop
[2026-04-21 10:53:16] INFO: TransferInSyncFromErpNextService: Step 4 - Using 6 endpoint(s) for Transfer In.
[2026-04-21 10:53:16] INFO: ErpNextWmsSyncApiService: [Item Group] Fetching Transfer In Stock Entries from http://printechsdammam.dyndns.org:88/api/method/printechs_wms.api.transfer_in_sync.get_material_transfer_stock_entries?add_to_transit=1&custom_receiving_warehouse=Main%20Warehouse%20-%20MAATC&docstatus=1
[2026-04-21 10:53:16] INFO: ErpNextWmsSyncApiService: [Item Group] Fetched 1 Transfer In Stock Entries
[2026-04-21 10:53:16] INFO: TransferInSyncFromErpNextService: Endpoint [Item Group] returned 1 raw entry(ies).
[2026-04-21 10:53:16] INFO: ErpNextWmsSyncApiService: [MR] Fetching Transfer In Stock Entries from http://printechsdammam.dyndns.org:88/api/method/printechs_wms.api.transfer_in_sync.get_material_transfer_stock_entries?add_to_transit=1&custom_receiving_warehouse=Main%20Warehouse%20-%20MAATC&docstatus=1
[2026-04-21 10:53:16] INFO: ErpNextWmsSyncApiService: [MR] Fetched 1 Transfer In Stock Entries
[2026-04-21 10:53:16] INFO: TransferInSyncFromErpNextService: Endpoint [MR] returned 1 raw entry(ies).
[2026-04-21 10:53:16] INFO: ErpNextWmsSyncApiService: [ERPNext 9] Fetching Transfer In Stock Entries from http://printechsdammam.dyndns.org:88/api/method/printechs_wms.api.transfer_in_sync.get_material_transfer_stock_entries?to_warehouse=Main%20Warehouse%20-%20MAATC&docstatus=1
[2026-04-21 10:53:16] INFO: ErpNextWmsSyncApiService: [ERPNext 9] Fetched 1 Transfer In Stock Entries
[2026-04-21 10:53:16] INFO: TransferInSyncFromErpNextService: Endpoint [ERPNext 9] returned 1 raw entry(ies).
[2026-04-21 10:53:16] INFO: ErpNextWmsSyncApiService: [Stock Entry] Fetching Transfer In Stock Entries from http://printechsdammam.dyndns.org:88/api/method/printechs_wms.api.transfer_in_sync.get_material_transfer_stock_entries?add_to_transit=1&custom_receiving_warehouse=Main%20Warehouse%20-%20MAATC&docstatus=1
[2026-04-21 10:53:16] INFO: ErpNextWmsSyncApiService: [Stock Entry] Fetched 1 Transfer In Stock Entries
[2026-04-21 10:53:16] INFO: TransferInSyncFromErpNextService: Endpoint [Stock Entry] returned 1 raw entry(ies).
[2026-04-21 10:53:16] INFO: ErpNextWmsSyncApiService: [ERPNext 11] Fetching Transfer In Stock Entries from http://printechsdammam.dyndns.org:88/api/method/printechs_wms.api.transfer_in_sync.get_material_transfer_stock_entries?add_to_transit=1&custom_receiving_warehouse=Main%20Warehouse%20-%20MAATC&docstatus=1
[2026-04-21 10:53:16] INFO: ErpNextWmsSyncApiService: [ERPNext 11] Fetched 1 Transfer In Stock Entries
[2026-04-21 10:53:16] INFO: TransferInSyncFromErpNextService: Endpoint [ERPNext 11] returned 1 raw entry(ies).
[2026-04-21 10:53:16] INFO: ErpNextWmsSyncApiService: [ERPNext 13] Fetching Transfer In Stock Entries from /api/method/printechs_wms.api.asn_to_purchase_receipt.get_pr_status_for_asn?asn_no=<linked ASN>/api/method/printechs_wms.api.transfer_in_sync.get_material_transfer_stock_entries?add_to_transit=1&custom_receiving_warehouse=Main%20Warehouse%20-%20MAATC&docstatus=1
[2026-04-21 10:53:16] ERROR: ErpNextWmsSyncApiService: [ERPNext 13] Error fetching Transfer In Stock Entries: An invalid request URI was provided. Either the request URI must be an absolute URI or BaseAddress must be set.
Exception Type: InvalidOperationException
Exception Message: An invalid request URI was provided. Either the request URI must be an absolute URI or BaseAddress must be set.
Stack Trace:    at System.Net.Http.HttpClient.PrepareRequestMessage(HttpRequestMessage request)
   at System.Net.Http.HttpClient.GetAsync(String requestUri)
   at Wms.Desktop.Services.ErpNextWmsSyncApiService.FetchMessageListAsync[T](String apiUrl, String apiKey, String label, String entityName) in D:\Development Project\Printechs WMS\Wms.Desktop\Services\ErpNextWmsSyncApiService.cs:line 523
--------------------------------------------------------------------------------
[2026-04-21 10:53:16] INFO: TransferInSyncFromErpNextService: Step 5 - Total raw entries from API: 5
[2026-04-21 10:53:16] INFO: TransferInSyncFromErpNextService: Step 6 - After dedupe: 2 unique Transfer In(s) to sync. Keys: [MAT-STE-2026-00002, MAT-STE-2026-00003]
[2026-04-21 10:53:16] INFO: TransferInSyncFromErpNextService: --- Processing entry: MAT-STE-2026-00002 ---
[2026-04-21 10:53:16] INFO: TransferInSyncFromErpNextService: tabTransferIn INSERT/UPDATE for MAT-STE-2026-00002 affected rows: 1 (1=inserted, 2=updated).
[2026-04-21 10:53:16] INFO: TransferInSyncFromErpNextService: DELETE old tabTransferInItem for MAT-STE-2026-00002 deleted rows: 0.
[2026-04-21 10:53:16] INFO: TransferInSyncFromErpNextService: Entry MAT-STE-2026-00002: inserting 2 item(s) into tabTransferInItem.
[2026-04-21 10:53:16] INFO: TransferInSyncFromErpNextService: Inserting tabTransferInItem: parent=MAT-STE-2026-00002, item_code=108231, qty=5.
[2026-04-21 10:53:16] INFO: TransferInSyncFromErpNextService: Item INSERT for 108231 affected rows: 1.
[2026-04-21 10:53:16] INFO: TransferInSyncFromErpNextService: Inserting tabTransferInItem: parent=MAT-STE-2026-00002, item_code=108229, qty=5.
[2026-04-21 10:53:16] INFO: TransferInSyncFromErpNextService: Item INSERT for 108229 affected rows: 1.
[2026-04-21 10:53:16] INFO: TransferInSyncFromErpNextService: Committing transaction for MAT-STE-2026-00002.
[2026-04-21 10:53:16] INFO: TransferInSyncFromErpNextService: Transaction committed for MAT-STE-2026-00002.
[2026-04-21 10:53:16] INFO: TransferInSyncFromErpNextService: Verification tabTransferInItem count for MAT-STE-2026-00002 => 2 row(s).
[2026-04-21 10:53:16] INFO: TransferInSyncFromErpNextService: --- Processing entry: MAT-STE-2026-00003 ---
[2026-04-21 10:53:16] INFO: TransferInSyncFromErpNextService: tabTransferIn INSERT/UPDATE for MAT-STE-2026-00003 affected rows: 1 (1=inserted, 2=updated).
[2026-04-21 10:53:16] INFO: TransferInSyncFromErpNextService: DELETE old tabTransferInItem for MAT-STE-2026-00003 deleted rows: 0.
[2026-04-21 10:53:16] INFO: TransferInSyncFromErpNextService: Entry MAT-STE-2026-00003: inserting 2 item(s) into tabTransferInItem.
[2026-04-21 10:53:16] INFO: TransferInSyncFromErpNextService: Inserting tabTransferInItem: parent=MAT-STE-2026-00003, item_code=108231, qty=5.
[2026-04-21 10:53:16] INFO: TransferInSyncFromErpNextService: Item INSERT for 108231 affected rows: 1.
[2026-04-21 10:53:16] INFO: TransferInSyncFromErpNextService: Inserting tabTransferInItem: parent=MAT-STE-2026-00003, item_code=108229, qty=5.
[2026-04-21 10:53:16] INFO: TransferInSyncFromErpNextService: Item INSERT for 108229 affected rows: 1.
[2026-04-21 10:53:16] INFO: TransferInSyncFromErpNextService: Committing transaction for MAT-STE-2026-00003.
[2026-04-21 10:53:16] INFO: TransferInSyncFromErpNextService: Transaction committed for MAT-STE-2026-00003.
[2026-04-21 10:53:16] INFO: TransferInSyncFromErpNextService: Verification tabTransferInItem count for MAT-STE-2026-00003 => 2 row(s).
[2026-04-21 10:53:16] INFO: Transfer In sync from ERPNext completed. Fetched: 2, entries inserted: 2, updated: 0, items: 4, errors: 0
[2026-04-21 10:53:16] INFO: ErpNextWmsSyncApiService: WMS snapshot updated successfully.
[2026-04-21 10:53:16] INFO: ErpNextWmsSyncApiService: Calling rebuild_wms_stock_balance for company=Mohammed Abdullah Almousa Trading Company, warehouse=Main Warehouse - MAATC
[2026-04-21 10:53:17] INFO: ErpNextWmsSyncApiService: rebuild_wms_stock_balance updated successfully.
[2026-04-21 10:53:17] INFO: ErpNextWmsSyncApiService: rebuild_wms_stock_balance completed successfully.
[2026-04-21 10:57:26] INFO: TransferCartonListView: Loaded event fired
[2026-04-21 10:57:26] INFO: TransferCartonListView: Calling RefreshAsync on ViewModel
[2026-04-21 10:57:26] INFO: TransferCartonListViewModel: Starting to load transfer cartons
[2026-04-21 10:57:26] INFO: Loading Transfer Cartons from database...
[2026-04-21 10:57:26] INFO: TransferCartonDataService: Starting schema detection
[2026-04-21 10:57:26] INFO: TransferCartonDataService: Found column 'asn_no'
[2026-04-21 10:57:26] INFO: TransferCartonDataService: Found column 'to_no'
[2026-04-21 10:57:26] INFO: TransferCartonDataService: Returning - AsnColumn=asn_no, ToColumn=to_no
[2026-04-21 10:57:26] INFO: Detected schema: AsnColumn=asn_no, ToColumn=to_no
[2026-04-21 10:57:26] INFO: Executing query: SELECT tc_id, status, asn_no, to_no, store, 
                               created_by, created_on, sealed_by, sealed_on, dispatched_on, remarks,
                               purchase_receipt_no, purchase_receipt_docstatus, purchase_receipt_created, purchase_receipt_submitted,
                               warehouse_transfer_no, warehouse_transfer_created
                        FROM tabTransferCarton
                        ORDER BY created_on DESC, tc_id
[2026-04-21 10:57:26] INFO: Loaded 0 transfer cartons from database
[2026-04-21 10:57:26] INFO: TransferCartonListViewModel: Received 0 transfer cartons from service
[2026-04-21 10:57:26] INFO: TransferCartonListViewModel: Added 0 transfer cartons to collection
[2026-04-21 10:57:26] INFO: TransferCartonListView: RefreshAsync completed
[2026-04-21 10:57:27] INFO: SortBoxListView: Loaded event fired
[2026-04-21 10:57:27] INFO: SortBoxListView: Calling RefreshAsync on ViewModel
[2026-04-21 10:57:27] INFO: SortBoxListViewModel: Starting to load sort boxes
[2026-04-21 10:57:27] INFO: Loading Sort Boxes from database...
[2026-04-21 10:57:27] INFO: Executing query: SELECT box_id, status, advance_shipping_notice, transfer_order, store, 
                               purpose, created_by, created_on, closed_by, closed_on, 
                               dispatched_on, received_at_store_on, remarks
                        FROM tabSortBox
                        ORDER BY created_on DESC, box_id
[2026-04-21 10:57:27] INFO: Loaded 3 sort boxes from database
[2026-04-21 10:57:27] INFO: SortBoxListViewModel: Received 3 sort boxes from service
[2026-04-21 10:57:27] INFO: SortBoxListViewModel: Added 3 sort boxes to collection
[2026-04-21 10:57:27] INFO: SortBoxListView: RefreshAsync completed
[2026-04-21 10:58:05] INFO: TransferCartonListView: Loaded event fired
[2026-04-21 10:58:05] INFO: TransferCartonListView: Calling RefreshAsync on ViewModel
[2026-04-21 10:58:05] INFO: TransferCartonListViewModel: Starting to load transfer cartons
[2026-04-21 10:58:05] INFO: Loading Transfer Cartons from database...
[2026-04-21 10:58:05] INFO: TransferCartonDataService: Starting schema detection
[2026-04-21 10:58:05] INFO: TransferCartonDataService: Found column 'asn_no'
[2026-04-21 10:58:05] INFO: TransferCartonDataService: Found column 'to_no'
[2026-04-21 10:58:05] INFO: TransferCartonDataService: Returning - AsnColumn=asn_no, ToColumn=to_no
[2026-04-21 10:58:05] INFO: Detected schema: AsnColumn=asn_no, ToColumn=to_no
[2026-04-21 10:58:05] INFO: Executing query: SELECT tc_id, status, asn_no, to_no, store, 
                               created_by, created_on, sealed_by, sealed_on, dispatched_on, remarks,
                               purchase_receipt_no, purchase_receipt_docstatus, purchase_receipt_created, purchase_receipt_submitted,
                               warehouse_transfer_no, warehouse_transfer_created
                        FROM tabTransferCarton
                        ORDER BY created_on DESC, tc_id
[2026-04-21 10:58:05] INFO: Loaded 0 transfer cartons from database
[2026-04-21 10:58:05] INFO: TransferCartonListViewModel: Received 0 transfer cartons from service
[2026-04-21 10:58:05] INFO: TransferCartonListViewModel: Added 0 transfer cartons to collection
[2026-04-21 10:58:05] INFO: TransferCartonListView: RefreshAsync completed
[2026-04-21 10:58:05] INFO: SortBoxListView: Loaded event fired
[2026-04-21 10:58:05] INFO: SortBoxListView: Calling RefreshAsync on ViewModel
[2026-04-21 10:58:05] INFO: SortBoxListViewModel: Starting to load sort boxes
[2026-04-21 10:58:05] INFO: Loading Sort Boxes from database...
[2026-04-21 10:58:05] INFO: Executing query: SELECT box_id, status, advance_shipping_notice, transfer_order, store, 
                               purpose, created_by, created_on, closed_by, closed_on, 
                               dispatched_on, received_at_store_on, remarks
                        FROM tabSortBox
                        ORDER BY created_on DESC, box_id
[2026-04-21 10:58:05] INFO: Loaded 6 sort boxes from database
[2026-04-21 10:58:05] INFO: SortBoxListViewModel: Received 6 sort boxes from service
[2026-04-21 10:58:05] INFO: SortBoxListViewModel: Added 6 sort boxes to collection
[2026-04-21 10:58:05] INFO: SortBoxListView: RefreshAsync completed
[2026-04-21 11:12:05] INFO: TransferCartonListView: Loaded event fired
[2026-04-21 11:12:05] INFO: TransferCartonListView: Calling RefreshAsync on ViewModel
[2026-04-21 11:12:05] INFO: TransferCartonListViewModel: Starting to load transfer cartons
[2026-04-21 11:12:05] INFO: Loading Transfer Cartons from database...
[2026-04-21 11:12:05] INFO: TransferCartonDataService: Starting schema detection
[2026-04-21 11:12:05] INFO: TransferCartonDataService: Found column 'asn_no'
[2026-04-21 11:12:05] INFO: TransferCartonDataService: Found column 'to_no'
[2026-04-21 11:12:05] INFO: TransferCartonDataService: Returning - AsnColumn=asn_no, ToColumn=to_no
[2026-04-21 11:12:05] INFO: Detected schema: AsnColumn=asn_no, ToColumn=to_no
[2026-04-21 11:12:05] INFO: Executing query: SELECT tc_id, status, asn_no, to_no, store, 
                               created_by, created_on, sealed_by, sealed_on, dispatched_on, remarks,
                               purchase_receipt_no, purchase_receipt_docstatus, purchase_receipt_created, purchase_receipt_submitted,
                               warehouse_transfer_no, warehouse_transfer_created
                        FROM tabTransferCarton
                        ORDER BY created_on DESC, tc_id
[2026-04-21 11:12:05] INFO: Loaded 0 transfer cartons from database
[2026-04-21 11:12:05] INFO: TransferCartonListViewModel: Received 0 transfer cartons from service
[2026-04-21 11:12:05] INFO: TransferCartonListViewModel: Added 0 transfer cartons to collection
[2026-04-21 11:12:05] INFO: TransferCartonListView: RefreshAsync completed
[2026-04-21 11:12:06] INFO: SortBoxListView: Loaded event fired
[2026-04-21 11:12:06] INFO: SortBoxListView: Calling RefreshAsync on ViewModel
[2026-04-21 11:12:06] INFO: SortBoxListViewModel: Starting to load sort boxes
[2026-04-21 11:12:06] INFO: Loading Sort Boxes from database...
[2026-04-21 11:12:06] INFO: Executing query: SELECT box_id, status, advance_shipping_notice, transfer_order, store, 
                               purpose, created_by, created_on, closed_by, closed_on, 
                               dispatched_on, received_at_store_on, remarks
                        FROM tabSortBox
                        ORDER BY created_on DESC, box_id
[2026-04-21 11:12:06] INFO: Loaded 6 sort boxes from database
[2026-04-21 11:12:06] INFO: SortBoxListViewModel: Received 6 sort boxes from service
[2026-04-21 11:12:06] INFO: SortBoxListViewModel: Added 6 sort boxes to collection
[2026-04-21 11:12:06] INFO: SortBoxListView: RefreshAsync completed
[2026-04-21 11:12:20] INFO: SortBoxDetailViewModel: Loading data for BOX-004ALRAS-095994
[2026-04-21 11:12:20] INFO: ASN ASN-0001 Carton CNWH12858: Assigned=Assigned, Actual=Assigned, ReceivedQty=0
[2026-04-21 11:12:20] INFO: ASN ASN-0001 Carton CNWH12854: Assigned=Assigned, Actual=Assigned, ReceivedQty=0
[2026-04-21 11:12:20] INFO: ASN ASN-0001 Carton CNWH15390: Assigned=Assigned, Actual=Assigned, ReceivedQty=0
[2026-04-21 11:12:20] INFO: ASN ASN-0001 Carton CNWH42441: Assigned=Assigned, Actual=Assigned, ReceivedQty=0
[2026-04-21 11:12:20] INFO: ASN ASN-0001 Carton CNWH64571: Assigned=Assigned, Actual=Assigned, ReceivedQty=0
[2026-04-21 11:12:20] INFO: ASN ASN-0001 Carton CNWH64521: Assigned=Assigned, Actual=Assigned, ReceivedQty=0
[2026-04-21 11:12:20] INFO: ASN ASN-0001 Carton CNWH63561: Assigned=Assigned, Actual=Assigned, ReceivedQty=0
[2026-04-21 11:12:20] INFO: ASN ASN-0001 Carton CNWH63609: Assigned=Assigned, Actual=Assigned, ReceivedQty=0
[2026-04-21 11:12:20] INFO: ASN ASN-0002 Carton CNWH12858: Assigned=Received, Actual=Received, ReceivedQty=100
[2026-04-21 11:12:20] INFO: ASN ASN-0002 Carton CNWH12854: Assigned=Received, Actual=Received, ReceivedQty=100
[2026-04-21 11:12:20] INFO: SortBoxDetailViewModel: Loaded ASN ASN-0002
[2026-04-21 11:12:20] INFO: SortBoxDetailViewModel: Loaded Transfer Order WMS-TO-00001
[2026-04-21 11:12:20] INFO: SortBoxService: Loading contents for box BOX-004ALRAS-095994
[2026-04-21 11:12:20] INFO: SortBoxService: Found 1 unique items for box BOX-004ALRAS-095994
[2026-04-21 11:12:20] INFO: SortBoxDetailViewModel: Loaded 1 items for box BOX-004ALRAS-095994
[2026-04-21 11:12:24] INFO: SortBoxDetailViewModel: Loading data for BOX-004ALRAS-281479
[2026-04-21 11:12:24] INFO: ASN ASN-0001 Carton CNWH12858: Assigned=Assigned, Actual=Assigned, ReceivedQty=0
[2026-04-21 11:12:24] INFO: ASN ASN-0001 Carton CNWH12854: Assigned=Assigned, Actual=Assigned, ReceivedQty=0
[2026-04-21 11:12:24] INFO: ASN ASN-0001 Carton CNWH15390: Assigned=Assigned, Actual=Assigned, ReceivedQty=0
[2026-04-21 11:12:24] INFO: ASN ASN-0001 Carton CNWH42441: Assigned=Assigned, Actual=Assigned, ReceivedQty=0
[2026-04-21 11:12:24] INFO: ASN ASN-0001 Carton CNWH64571: Assigned=Assigned, Actual=Assigned, ReceivedQty=0
[2026-04-21 11:12:24] INFO: ASN ASN-0001 Carton CNWH64521: Assigned=Assigned, Actual=Assigned, ReceivedQty=0
[2026-04-21 11:12:24] INFO: ASN ASN-0001 Carton CNWH63561: Assigned=Assigned, Actual=Assigned, ReceivedQty=0
[2026-04-21 11:12:24] INFO: ASN ASN-0001 Carton CNWH63609: Assigned=Assigned, Actual=Assigned, ReceivedQty=0
[2026-04-21 11:12:24] INFO: ASN ASN-0002 Carton CNWH12858: Assigned=Received, Actual=Received, ReceivedQty=100
[2026-04-21 11:12:24] INFO: ASN ASN-0002 Carton CNWH12854: Assigned=Received, Actual=Received, ReceivedQty=100
[2026-04-21 11:12:24] INFO: SortBoxDetailViewModel: Loaded ASN ASN-0002
[2026-04-21 11:12:24] INFO: SortBoxDetailViewModel: Loaded Transfer Order WMS-TO-00001
[2026-04-21 11:12:24] INFO: SortBoxService: Loading contents for box BOX-004ALRAS-281479
[2026-04-21 11:12:24] INFO: SortBoxService: Found 1 unique items for box BOX-004ALRAS-281479
[2026-04-21 11:12:24] INFO: SortBoxDetailViewModel: Loaded 1 items for box BOX-004ALRAS-281479
[2026-04-21 11:12:26] INFO: SortBoxDetailViewModel: Loading data for 002UNAIZA
[2026-04-21 11:12:26] INFO: ASN ASN-0001 Carton CNWH12858: Assigned=Assigned, Actual=Assigned, ReceivedQty=0
[2026-04-21 11:12:26] INFO: ASN ASN-0001 Carton CNWH12854: Assigned=Assigned, Actual=Assigned, ReceivedQty=0
[2026-04-21 11:12:26] INFO: ASN ASN-0001 Carton CNWH15390: Assigned=Assigned, Actual=Assigned, ReceivedQty=0
[2026-04-21 11:12:26] INFO: ASN ASN-0001 Carton CNWH42441: Assigned=Assigned, Actual=Assigned, ReceivedQty=0
[2026-04-21 11:12:26] INFO: ASN ASN-0001 Carton CNWH64571: Assigned=Assigned, Actual=Assigned, ReceivedQty=0
[2026-04-21 11:12:26] INFO: ASN ASN-0001 Carton CNWH64521: Assigned=Assigned, Actual=Assigned, ReceivedQty=0
[2026-04-21 11:12:26] INFO: ASN ASN-0001 Carton CNWH63561: Assigned=Assigned, Actual=Assigned, ReceivedQty=0
[2026-04-21 11:12:26] INFO: ASN ASN-0001 Carton CNWH63609: Assigned=Assigned, Actual=Assigned, ReceivedQty=0
[2026-04-21 11:12:26] INFO: ASN ASN-0002 Carton CNWH12858: Assigned=Received, Actual=Received, ReceivedQty=100
[2026-04-21 11:12:26] INFO: ASN ASN-0002 Carton CNWH12854: Assigned=Received, Actual=Received, ReceivedQty=100
[2026-04-21 11:12:26] INFO: SortBoxDetailViewModel: Loaded ASN ASN-0002
[2026-04-21 11:12:26] INFO: SortBoxDetailViewModel: Loaded Transfer Order WMS-TO-00001
[2026-04-21 11:12:26] INFO: SortBoxService: Loading contents for box 002UNAIZA
[2026-04-21 11:12:26] INFO: SortBoxService: Found 1 unique items for box 002UNAIZA
[2026-04-21 11:12:26] INFO: SortBoxDetailViewModel: Loaded 1 items for box 002UNAIZA
[2026-04-21 11:12:29] INFO: SortBoxDetailViewModel: Loading data for BOX-002UNAIZAH-274020
[2026-04-21 11:12:29] INFO: ASN ASN-0001 Carton CNWH12858: Assigned=Assigned, Actual=Assigned, ReceivedQty=0
[2026-04-21 11:12:29] INFO: ASN ASN-0001 Carton CNWH12854: Assigned=Assigned, Actual=Assigned, ReceivedQty=0
[2026-04-21 11:12:29] INFO: ASN ASN-0001 Carton CNWH15390: Assigned=Assigned, Actual=Assigned, ReceivedQty=0
[2026-04-21 11:12:29] INFO: ASN ASN-0001 Carton CNWH42441: Assigned=Assigned, Actual=Assigned, ReceivedQty=0
[2026-04-21 11:12:29] INFO: ASN ASN-0001 Carton CNWH64571: Assigned=Assigned, Actual=Assigned, ReceivedQty=0
[2026-04-21 11:12:29] INFO: ASN ASN-0001 Carton CNWH64521: Assigned=Assigned, Actual=Assigned, ReceivedQty=0
[2026-04-21 11:12:29] INFO: ASN ASN-0001 Carton CNWH63561: Assigned=Assigned, Actual=Assigned, ReceivedQty=0
[2026-04-21 11:12:29] INFO: ASN ASN-0001 Carton CNWH63609: Assigned=Assigned, Actual=Assigned, ReceivedQty=0
[2026-04-21 11:12:29] INFO: ASN ASN-0002 Carton CNWH12858: Assigned=Received, Actual=Received, ReceivedQty=100
[2026-04-21 11:12:29] INFO: ASN ASN-0002 Carton CNWH12854: Assigned=Received, Actual=Received, ReceivedQty=100
[2026-04-21 11:12:29] INFO: SortBoxDetailViewModel: Loaded ASN ASN-0002
[2026-04-21 11:12:29] INFO: SortBoxDetailViewModel: Loaded Transfer Order WMS-TO-00001
[2026-04-21 11:12:29] INFO: SortBoxService: Loading contents for box BOX-002UNAIZAH-274020
[2026-04-21 11:12:29] INFO: SortBoxService: Found 1 unique items for box BOX-002UNAIZAH-274020
[2026-04-21 11:12:29] INFO: SortBoxDetailViewModel: Loaded 1 items for box BOX-002UNAIZAH-274020
[2026-04-21 11:13:22] INFO: TransferCartonListView: Loaded event fired
[2026-04-21 11:13:22] INFO: TransferCartonListView: Calling RefreshAsync on ViewModel
[2026-04-21 11:13:22] INFO: TransferCartonListViewModel: Starting to load transfer cartons
[2026-04-21 11:13:22] INFO: Loading Transfer Cartons from database...
[2026-04-21 11:13:22] INFO: TransferCartonDataService: Starting schema detection
[2026-04-21 11:13:22] INFO: TransferCartonDataService: Found column 'asn_no'
[2026-04-21 11:13:22] INFO: TransferCartonDataService: Found column 'to_no'
[2026-04-21 11:13:22] INFO: TransferCartonDataService: Returning - AsnColumn=asn_no, ToColumn=to_no
[2026-04-21 11:13:22] INFO: Detected schema: AsnColumn=asn_no, ToColumn=to_no
[2026-04-21 11:13:22] INFO: Executing query: SELECT tc_id, status, asn_no, to_no, store, 
                               created_by, created_on, sealed_by, sealed_on, dispatched_on, remarks,
                               purchase_receipt_no, purchase_receipt_docstatus, purchase_receipt_created, purchase_receipt_submitted,
                               warehouse_transfer_no, warehouse_transfer_created
                        FROM tabTransferCarton
                        ORDER BY created_on DESC, tc_id
[2026-04-21 11:13:22] INFO: Loaded 1 transfer cartons from database
[2026-04-21 11:13:22] INFO: TransferCartonListViewModel: Received 1 transfer cartons from service
[2026-04-21 11:13:22] INFO: TransferCartonListViewModel: Added 1 transfer cartons to collection
[2026-04-21 11:13:22] INFO: TransferCartonListView: RefreshAsync completed
[2026-04-21 11:13:24] INFO: TransferCartonDetailViewModel: Loading data for TC-0002-1776759189124
[2026-04-21 11:13:24] INFO: ASN ASN-0001 Carton CNWH12858: Assigned=Assigned, Actual=Assigned, ReceivedQty=0
[2026-04-21 11:13:24] INFO: ASN ASN-0001 Carton CNWH12854: Assigned=Assigned, Actual=Assigned, ReceivedQty=0
[2026-04-21 11:13:24] INFO: ASN ASN-0001 Carton CNWH15390: Assigned=Assigned, Actual=Assigned, ReceivedQty=0
[2026-04-21 11:13:24] INFO: ASN ASN-0001 Carton CNWH42441: Assigned=Assigned, Actual=Assigned, ReceivedQty=0
[2026-04-21 11:13:24] INFO: ASN ASN-0001 Carton CNWH64571: Assigned=Assigned, Actual=Assigned, ReceivedQty=0
[2026-04-21 11:13:24] INFO: ASN ASN-0001 Carton CNWH64521: Assigned=Assigned, Actual=Assigned, ReceivedQty=0
[2026-04-21 11:13:24] INFO: ASN ASN-0001 Carton CNWH63561: Assigned=Assigned, Actual=Assigned, ReceivedQty=0
[2026-04-21 11:13:24] INFO: ASN ASN-0001 Carton CNWH63609: Assigned=Assigned, Actual=Assigned, ReceivedQty=0
[2026-04-21 11:13:24] INFO: ASN ASN-0002 Carton CNWH12858: Assigned=Received, Actual=Received, ReceivedQty=100
[2026-04-21 11:13:24] INFO: ASN ASN-0002 Carton CNWH12854: Assigned=Received, Actual=Received, ReceivedQty=100
[2026-04-21 11:13:24] INFO: TransferCartonDetailViewModel: Loaded ASN ASN-0002
[2026-04-21 11:13:24] INFO: TransferCartonDetailViewModel: Loaded Transfer Order WMS-TO-00001
[2026-04-21 11:13:24] INFO: TransferCartonService: Loading contents for transfer carton TC-0002-1776759189124
[2026-04-21 11:13:24] INFO: TransferCartonService: Executing query with tc_id = 'TC-0002-1776759189124'
[2026-04-21 11:13:24] INFO: TransferCartonService: SQL = SELECT 
                            item_code,
                            carton_id AS source_carton,
                            SUM(qty) AS quantity,
                            MAX(user_id) AS packed_by,
                            MAX(event_time) AS packed_on
                        FROM tabWmsScanEvent
                        WHERE tc_id = @tc_id
                        AND event_type IN ('PACK_BOX_TO_TC', 'PACK_ITEM_TO_TC')
                        AND item_code IS NOT NULL
                        AND item_code != ''
                        AND qty > 0
                        GROUP BY item_code, carton_id
                        ORDER BY packed_on DESC
[2026-04-21 11:13:24] INFO: TransferCartonService: Total events with tc_id = 'TC-0002-1776759189124': 2
[2026-04-21 11:13:24] INFO: TransferCartonService: Events with item_code: 2
[2026-04-21 11:13:24] INFO: TransferCartonService: PACK_BOX_TO_TC events: 2
[2026-04-21 11:13:24] INFO: TransferCartonService: Found grouped item - ItemCode: 247775, SourceCarton: CNWH12858, Quantity: 25
[2026-04-21 11:13:24] INFO: TransferCartonService: Found grouped item - ItemCode: 247787, SourceCarton: CNWH12854, Quantity: 25
[2026-04-21 11:13:24] INFO: TransferCartonService: Processed 2 rows from database
[2026-04-21 11:13:24] INFO: TransferCartonService: Found 2 unique items for transfer carton TC-0002-1776759189124
[2026-04-21 11:13:24] INFO: TransferCartonDetailViewModel: Loaded 2 items for transfer carton TC-0002-1776759189124
[2026-04-21 11:13:24] INFO: ErpNextWmsSyncApiService: GetPrStatusForAsn GET http://printechsdammam.dyndns.org:88/api/method/printechs_wms.api.asn_to_purchase_receipt.get_pr_status_for_asn?asn_no=ASN-0002
[2026-04-21 11:13:59] INFO: ASN ASN-0001 Carton CNWH12858: Assigned=Assigned, Actual=Assigned, ReceivedQty=0
[2026-04-21 11:13:59] INFO: ASN ASN-0001 Carton CNWH12854: Assigned=Assigned, Actual=Assigned, ReceivedQty=0
[2026-04-21 11:13:59] INFO: ASN ASN-0001 Carton CNWH15390: Assigned=Assigned, Actual=Assigned, ReceivedQty=0
[2026-04-21 11:13:59] INFO: ASN ASN-0001 Carton CNWH42441: Assigned=Assigned, Actual=Assigned, ReceivedQty=0
[2026-04-21 11:13:59] INFO: ASN ASN-0001 Carton CNWH64571: Assigned=Assigned, Actual=Assigned, ReceivedQty=0
[2026-04-21 11:13:59] INFO: ASN ASN-0001 Carton CNWH64521: Assigned=Assigned, Actual=Assigned, ReceivedQty=0
[2026-04-21 11:13:59] INFO: ASN ASN-0001 Carton CNWH63561: Assigned=Assigned, Actual=Assigned, ReceivedQty=0
[2026-04-21 11:13:59] INFO: ASN ASN-0001 Carton CNWH63609: Assigned=Assigned, Actual=Assigned, ReceivedQty=0
[2026-04-21 11:13:59] INFO: ASN ASN-0002 Carton CNWH12858: Assigned=Received, Actual=Received, ReceivedQty=100
[2026-04-21 11:13:59] INFO: ASN ASN-0002 Carton CNWH12854: Assigned=Received, Actual=Received, ReceivedQty=100
[2026-04-21 11:14:02] INFO: ASN ASN-0001 Carton CNWH12858: Assigned=Assigned, Actual=Assigned, ReceivedQty=0
[2026-04-21 11:14:02] INFO: ASN ASN-0001 Carton CNWH12854: Assigned=Assigned, Actual=Assigned, ReceivedQty=0
[2026-04-21 11:14:02] INFO: ASN ASN-0001 Carton CNWH15390: Assigned=Assigned, Actual=Assigned, ReceivedQty=0
[2026-04-21 11:14:02] INFO: ASN ASN-0001 Carton CNWH42441: Assigned=Assigned, Actual=Assigned, ReceivedQty=0
[2026-04-21 11:14:02] INFO: ASN ASN-0001 Carton CNWH64571: Assigned=Assigned, Actual=Assigned, ReceivedQty=0
[2026-04-21 11:14:02] INFO: ASN ASN-0001 Carton CNWH64521: Assigned=Assigned, Actual=Assigned, ReceivedQty=0
[2026-04-21 11:14:02] INFO: ASN ASN-0001 Carton CNWH63561: Assigned=Assigned, Actual=Assigned, ReceivedQty=0
[2026-04-21 11:14:02] INFO: ASN ASN-0001 Carton CNWH63609: Assigned=Assigned, Actual=Assigned, ReceivedQty=0
[2026-04-21 11:14:02] INFO: ASN ASN-0002 Carton CNWH12858: Assigned=Received, Actual=Received, ReceivedQty=100
[2026-04-21 11:14:02] INFO: ASN ASN-0002 Carton CNWH12854: Assigned=Received, Actual=Received, ReceivedQty=100
[2026-04-21 11:14:02] INFO: ASN ASN-0001 Carton CNWH12858: Assigned=Assigned, Actual=Assigned, ReceivedQty=0
[2026-04-21 11:14:02] INFO: ASN ASN-0001 Carton CNWH12854: Assigned=Assigned, Actual=Assigned, ReceivedQty=0
[2026-04-21 11:14:02] INFO: ASN ASN-0001 Carton CNWH15390: Assigned=Assigned, Actual=Assigned, ReceivedQty=0
[2026-04-21 11:14:02] INFO: ASN ASN-0001 Carton CNWH42441: Assigned=Assigned, Actual=Assigned, ReceivedQty=0
[2026-04-21 11:14:02] INFO: ASN ASN-0001 Carton CNWH64571: Assigned=Assigned, Actual=Assigned, ReceivedQty=0
[2026-04-21 11:14:02] INFO: ASN ASN-0001 Carton CNWH64521: Assigned=Assigned, Actual=Assigned, ReceivedQty=0
[2026-04-21 11:14:02] INFO: ASN ASN-0001 Carton CNWH63561: Assigned=Assigned, Actual=Assigned, ReceivedQty=0
[2026-04-21 11:14:02] INFO: ASN ASN-0001 Carton CNWH63609: Assigned=Assigned, Actual=Assigned, ReceivedQty=0
[2026-04-21 11:14:02] INFO: ASN ASN-0002 Carton CNWH12858: Assigned=Received, Actual=Received, ReceivedQty=100
[2026-04-21 11:14:02] INFO: ASN ASN-0002 Carton CNWH12854: Assigned=Received, Actual=Received, ReceivedQty=100
[2026-04-21 11:14:18] INFO: TransferCartonListView: Loaded event fired
[2026-04-21 11:14:18] INFO: TransferCartonListView: Calling RefreshAsync on ViewModel
[2026-04-21 11:14:18] INFO: TransferCartonListViewModel: Starting to load transfer cartons
[2026-04-21 11:14:18] INFO: Loading Transfer Cartons from database...
[2026-04-21 11:14:18] INFO: TransferCartonDataService: Starting schema detection
[2026-04-21 11:14:18] INFO: TransferCartonDataService: Found column 'asn_no'
[2026-04-21 11:14:18] INFO: TransferCartonDataService: Found column 'to_no'
[2026-04-21 11:14:18] INFO: TransferCartonDataService: Returning - AsnColumn=asn_no, ToColumn=to_no
[2026-04-21 11:14:18] INFO: Detected schema: AsnColumn=asn_no, ToColumn=to_no
[2026-04-21 11:14:18] INFO: Executing query: SELECT tc_id, status, asn_no, to_no, store, 
                               created_by, created_on, sealed_by, sealed_on, dispatched_on, remarks,
                               purchase_receipt_no, purchase_receipt_docstatus, purchase_receipt_created, purchase_receipt_submitted,
                               warehouse_transfer_no, warehouse_transfer_created
                        FROM tabTransferCarton
                        ORDER BY created_on DESC, tc_id
[2026-04-21 11:14:18] INFO: Loaded 1 transfer cartons from database
[2026-04-21 11:14:18] INFO: TransferCartonListViewModel: Received 1 transfer cartons from service
[2026-04-21 11:14:18] INFO: TransferCartonListViewModel: Added 1 transfer cartons to collection
[2026-04-21 11:14:18] INFO: TransferCartonListView: RefreshAsync completed
[2026-04-21 11:14:21] INFO: SortBoxListView: Loaded event fired
[2026-04-21 11:14:21] INFO: SortBoxListView: Calling RefreshAsync on ViewModel
[2026-04-21 11:14:21] INFO: SortBoxListViewModel: Starting to load sort boxes
[2026-04-21 11:14:21] INFO: Loading Sort Boxes from database...
[2026-04-21 11:14:21] INFO: Executing query: SELECT box_id, status, advance_shipping_notice, transfer_order, store, 
                               purpose, created_by, created_on, closed_by, closed_on, 
                               dispatched_on, received_at_store_on, remarks
                        FROM tabSortBox
                        ORDER BY created_on DESC, box_id
[2026-04-21 11:14:21] INFO: Loaded 6 sort boxes from database
[2026-04-21 11:14:21] INFO: SortBoxListViewModel: Received 6 sort boxes from service
[2026-04-21 11:14:21] INFO: SortBoxListViewModel: Added 6 sort boxes to collection
[2026-04-21 11:14:21] INFO: SortBoxListView: RefreshAsync completed
[2026-04-21 11:14:23] INFO: SortBoxDetailViewModel: Loading data for BOX-004ALRAS-281479
[2026-04-21 11:14:23] INFO: ASN ASN-0001 Carton CNWH12858: Assigned=Assigned, Actual=Assigned, ReceivedQty=0
[2026-04-21 11:14:23] INFO: ASN ASN-0001 Carton CNWH12854: Assigned=Assigned, Actual=Assigned, ReceivedQty=0
[2026-04-21 11:14:23] INFO: ASN ASN-0001 Carton CNWH15390: Assigned=Assigned, Actual=Assigned, ReceivedQty=0
[2026-04-21 11:14:23] INFO: ASN ASN-0001 Carton CNWH42441: Assigned=Assigned, Actual=Assigned, ReceivedQty=0
[2026-04-21 11:14:23] INFO: ASN ASN-0001 Carton CNWH64571: Assigned=Assigned, Actual=Assigned, ReceivedQty=0
[2026-04-21 11:14:23] INFO: ASN ASN-0001 Carton CNWH64521: Assigned=Assigned, Actual=Assigned, ReceivedQty=0
[2026-04-21 11:14:23] INFO: ASN ASN-0001 Carton CNWH63561: Assigned=Assigned, Actual=Assigned, ReceivedQty=0
[2026-04-21 11:14:23] INFO: ASN ASN-0001 Carton CNWH63609: Assigned=Assigned, Actual=Assigned, ReceivedQty=0
[2026-04-21 11:14:23] INFO: ASN ASN-0002 Carton CNWH12858: Assigned=Received, Actual=Received, ReceivedQty=100
[2026-04-21 11:14:23] INFO: ASN ASN-0002 Carton CNWH12854: Assigned=Received, Actual=Received, ReceivedQty=100
[2026-04-21 11:14:24] INFO: SortBoxDetailViewModel: Loaded ASN ASN-0002
[2026-04-21 11:14:24] INFO: SortBoxDetailViewModel: Loaded Transfer Order WMS-TO-00001
[2026-04-21 11:14:24] INFO: SortBoxService: Loading contents for box BOX-004ALRAS-281479
[2026-04-21 11:14:24] INFO: SortBoxService: Found 1 unique items for box BOX-004ALRAS-281479
[2026-04-21 11:14:24] INFO: SortBoxDetailViewModel: Loaded 1 items for box BOX-004ALRAS-281479
[2026-04-21 11:14:26] INFO: TransferCartonListView: Loaded event fired
[2026-04-21 11:14:26] INFO: TransferCartonListView: Calling RefreshAsync on ViewModel
[2026-04-21 11:14:26] INFO: TransferCartonListViewModel: Starting to load transfer cartons
[2026-04-21 11:14:26] INFO: Loading Transfer Cartons from database...
[2026-04-21 11:14:26] INFO: TransferCartonDataService: Starting schema detection
[2026-04-21 11:14:26] INFO: TransferCartonDataService: Found column 'asn_no'
[2026-04-21 11:14:26] INFO: TransferCartonDataService: Found column 'to_no'
[2026-04-21 11:14:26] INFO: TransferCartonDataService: Returning - AsnColumn=asn_no, ToColumn=to_no
[2026-04-21 11:14:26] INFO: Detected schema: AsnColumn=asn_no, ToColumn=to_no
[2026-04-21 11:14:26] INFO: Executing query: SELECT tc_id, status, asn_no, to_no, store, 
                               created_by, created_on, sealed_by, sealed_on, dispatched_on, remarks,
                               purchase_receipt_no, purchase_receipt_docstatus, purchase_receipt_created, purchase_receipt_submitted,
                               warehouse_transfer_no, warehouse_transfer_created
                        FROM tabTransferCarton
                        ORDER BY created_on DESC, tc_id
[2026-04-21 11:14:26] INFO: Loaded 1 transfer cartons from database
[2026-04-21 11:14:26] INFO: TransferCartonListViewModel: Received 1 transfer cartons from service
[2026-04-21 11:14:26] INFO: TransferCartonListViewModel: Added 1 transfer cartons to collection
[2026-04-21 11:14:26] INFO: TransferCartonListView: RefreshAsync completed
[2026-04-21 11:14:27] INFO: TransferCartonDetailViewModel: Loading data for TC-0002-1776759189124
[2026-04-21 11:14:27] INFO: ASN ASN-0001 Carton CNWH12858: Assigned=Assigned, Actual=Assigned, ReceivedQty=0
[2026-04-21 11:14:27] INFO: ASN ASN-0001 Carton CNWH12854: Assigned=Assigned, Actual=Assigned, ReceivedQty=0
[2026-04-21 11:14:27] INFO: ASN ASN-0001 Carton CNWH15390: Assigned=Assigned, Actual=Assigned, ReceivedQty=0
[2026-04-21 11:14:27] INFO: ASN ASN-0001 Carton CNWH42441: Assigned=Assigned, Actual=Assigned, ReceivedQty=0
[2026-04-21 11:14:27] INFO: ASN ASN-0001 Carton CNWH64571: Assigned=Assigned, Actual=Assigned, ReceivedQty=0
[2026-04-21 11:14:27] INFO: ASN ASN-0001 Carton CNWH64521: Assigned=Assigned, Actual=Assigned, ReceivedQty=0
[2026-04-21 11:14:27] INFO: ASN ASN-0001 Carton CNWH63561: Assigned=Assigned, Actual=Assigned, ReceivedQty=0
[2026-04-21 11:14:27] INFO: ASN ASN-0001 Carton CNWH63609: Assigned=Assigned, Actual=Assigned, ReceivedQty=0
[2026-04-21 11:14:27] INFO: ASN ASN-0002 Carton CNWH12858: Assigned=Received, Actual=Received, ReceivedQty=100
[2026-04-21 11:14:27] INFO: ASN ASN-0002 Carton CNWH12854: Assigned=Received, Actual=Received, ReceivedQty=100
[2026-04-21 11:14:27] INFO: TransferCartonDetailViewModel: Loaded ASN ASN-0002
[2026-04-21 11:14:27] INFO: TransferCartonDetailViewModel: Loaded Transfer Order WMS-TO-00001
[2026-04-21 11:14:27] INFO: TransferCartonService: Loading contents for transfer carton TC-0002-1776759189124
[2026-04-21 11:14:27] INFO: TransferCartonService: Executing query with tc_id = 'TC-0002-1776759189124'
[2026-04-21 11:14:27] INFO: TransferCartonService: SQL = SELECT 
                            item_code,
                            carton_id AS source_carton,
                            SUM(qty) AS quantity,
                            MAX(user_id) AS packed_by,
                            MAX(event_time) AS packed_on
                        FROM tabWmsScanEvent
                        WHERE tc_id = @tc_id
                        AND event_type IN ('PACK_BOX_TO_TC', 'PACK_ITEM_TO_TC')
                        AND item_code IS NOT NULL
                        AND item_code != ''
                        AND qty > 0
                        GROUP BY item_code, carton_id
                        ORDER BY packed_on DESC
[2026-04-21 11:14:27] INFO: TransferCartonService: Total events with tc_id = 'TC-0002-1776759189124': 2
[2026-04-21 11:14:27] INFO: TransferCartonService: Events with item_code: 2
[2026-04-21 11:14:27] INFO: TransferCartonService: PACK_BOX_TO_TC events: 2
[2026-04-21 11:14:27] INFO: TransferCartonService: Found grouped item - ItemCode: 247775, SourceCarton: CNWH12858, Quantity: 25
[2026-04-21 11:14:27] INFO: TransferCartonService: Found grouped item - ItemCode: 247787, SourceCarton: CNWH12854, Quantity: 25
[2026-04-21 11:14:27] INFO: TransferCartonService: Processed 2 rows from database
[2026-04-21 11:14:27] INFO: TransferCartonService: Found 2 unique items for transfer carton TC-0002-1776759189124
[2026-04-21 11:14:27] INFO: TransferCartonDetailViewModel: Loaded 2 items for transfer carton TC-0002-1776759189124
[2026-04-21 11:14:27] INFO: ErpNextWmsSyncApiService: GetPrStatusForAsn GET http://printechsdammam.dyndns.org:88/api/method/printechs_wms.api.asn_to_purchase_receipt.get_pr_status_for_asn?asn_no=ASN-0002
[2026-04-21 11:15:25] INFO: SortBoxListView: Loaded event fired
[2026-04-21 11:15:25] INFO: SortBoxListView: Calling RefreshAsync on ViewModel
[2026-04-21 11:15:25] INFO: SortBoxListViewModel: Starting to load sort boxes
[2026-04-21 11:15:25] INFO: Loading Sort Boxes from database...
[2026-04-21 11:15:25] INFO: Executing query: SELECT box_id, status, advance_shipping_notice, transfer_order, store, 
                               purpose, created_by, created_on, closed_by, closed_on, 
                               dispatched_on, received_at_store_on, remarks
                        FROM tabSortBox
                        ORDER BY created_on DESC, box_id
[2026-04-21 11:15:25] INFO: Loaded 6 sort boxes from database
[2026-04-21 11:15:25] INFO: SortBoxListViewModel: Received 6 sort boxes from service
[2026-04-21 11:15:25] INFO: SortBoxListViewModel: Added 6 sort boxes to collection
[2026-04-21 11:15:25] INFO: SortBoxListView: RefreshAsync completed
[2026-04-21 11:15:27] INFO: TransferCartonListView: Loaded event fired
[2026-04-21 11:15:27] INFO: TransferCartonListView: Calling RefreshAsync on ViewModel
[2026-04-21 11:15:27] INFO: TransferCartonListViewModel: Starting to load transfer cartons
[2026-04-21 11:15:27] INFO: Loading Transfer Cartons from database...
[2026-04-21 11:15:27] INFO: TransferCartonDataService: Starting schema detection
[2026-04-21 11:15:27] INFO: TransferCartonDataService: Found column 'asn_no'
[2026-04-21 11:15:27] INFO: TransferCartonDataService: Found column 'to_no'
[2026-04-21 11:15:27] INFO: TransferCartonDataService: Returning - AsnColumn=asn_no, ToColumn=to_no
[2026-04-21 11:15:27] INFO: Detected schema: AsnColumn=asn_no, ToColumn=to_no
[2026-04-21 11:15:27] INFO: Executing query: SELECT tc_id, status, asn_no, to_no, store, 
                               created_by, created_on, sealed_by, sealed_on, dispatched_on, remarks,
                               purchase_receipt_no, purchase_receipt_docstatus, purchase_receipt_created, purchase_receipt_submitted,
                               warehouse_transfer_no, warehouse_transfer_created
                        FROM tabTransferCarton
                        ORDER BY created_on DESC, tc_id
[2026-04-21 11:15:27] INFO: Loaded 1 transfer cartons from database
[2026-04-21 11:15:27] INFO: TransferCartonListViewModel: Received 1 transfer cartons from service
[2026-04-21 11:15:27] INFO: TransferCartonListViewModel: Added 1 transfer cartons to collection
[2026-04-21 11:15:27] INFO: TransferCartonListView: RefreshAsync completed
[2026-04-21 11:15:29] INFO: ASN ASN-0001 Carton CNWH12858: Assigned=Assigned, Actual=Assigned, ReceivedQty=0
[2026-04-21 11:15:29] INFO: ASN ASN-0001 Carton CNWH12854: Assigned=Assigned, Actual=Assigned, ReceivedQty=0
[2026-04-21 11:15:29] INFO: ASN ASN-0001 Carton CNWH15390: Assigned=Assigned, Actual=Assigned, ReceivedQty=0
[2026-04-21 11:15:29] INFO: ASN ASN-0001 Carton CNWH42441: Assigned=Assigned, Actual=Assigned, ReceivedQty=0
[2026-04-21 11:15:29] INFO: ASN ASN-0001 Carton CNWH64571: Assigned=Assigned, Actual=Assigned, ReceivedQty=0
[2026-04-21 11:15:29] INFO: ASN ASN-0001 Carton CNWH64521: Assigned=Assigned, Actual=Assigned, ReceivedQty=0
[2026-04-21 11:15:29] INFO: ASN ASN-0001 Carton CNWH63561: Assigned=Assigned, Actual=Assigned, ReceivedQty=0
[2026-04-21 11:15:29] INFO: ASN ASN-0001 Carton CNWH63609: Assigned=Assigned, Actual=Assigned, ReceivedQty=0
[2026-04-21 11:15:29] INFO: ASN ASN-0002 Carton CNWH12858: Assigned=Received, Actual=Received, ReceivedQty=100
[2026-04-21 11:15:29] INFO: ASN ASN-0002 Carton CNWH12854: Assigned=Received, Actual=Received, ReceivedQty=100
[2026-04-21 11:15:30] INFO: ASN ASN-0001 Carton CNWH12858: Assigned=Assigned, Actual=Assigned, ReceivedQty=0
[2026-04-21 11:15:30] INFO: ASN ASN-0001 Carton CNWH12854: Assigned=Assigned, Actual=Assigned, ReceivedQty=0
[2026-04-21 11:15:30] INFO: ASN ASN-0001 Carton CNWH15390: Assigned=Assigned, Actual=Assigned, ReceivedQty=0
[2026-04-21 11:15:30] INFO: ASN ASN-0001 Carton CNWH42441: Assigned=Assigned, Actual=Assigned, ReceivedQty=0
[2026-04-21 11:15:30] INFO: ASN ASN-0001 Carton CNWH64571: Assigned=Assigned, Actual=Assigned, ReceivedQty=0
[2026-04-21 11:15:30] INFO: ASN ASN-0001 Carton CNWH64521: Assigned=Assigned, Actual=Assigned, ReceivedQty=0
[2026-04-21 11:15:30] INFO: ASN ASN-0001 Carton CNWH63561: Assigned=Assigned, Actual=Assigned, ReceivedQty=0
[2026-04-21 11:15:30] INFO: ASN ASN-0001 Carton CNWH63609: Assigned=Assigned, Actual=Assigned, ReceivedQty=0
[2026-04-21 11:15:30] INFO: ASN ASN-0002 Carton CNWH12858: Assigned=Received, Actual=Received, ReceivedQty=100
[2026-04-21 11:15:30] INFO: ASN ASN-0002 Carton CNWH12854: Assigned=Received, Actual=Received, ReceivedQty=100
[2026-04-21 11:15:30] INFO: ASN ASN-0001 Carton CNWH12858: Assigned=Assigned, Actual=Assigned, ReceivedQty=0
[2026-04-21 11:15:30] INFO: ASN ASN-0001 Carton CNWH12854: Assigned=Assigned, Actual=Assigned, ReceivedQty=0
[2026-04-21 11:15:30] INFO: ASN ASN-0001 Carton CNWH15390: Assigned=Assigned, Actual=Assigned, ReceivedQty=0
[2026-04-21 11:15:30] INFO: ASN ASN-0001 Carton CNWH42441: Assigned=Assigned, Actual=Assigned, ReceivedQty=0
[2026-04-21 11:15:30] INFO: ASN ASN-0001 Carton CNWH64571: Assigned=Assigned, Actual=Assigned, ReceivedQty=0
[2026-04-21 11:15:30] INFO: ASN ASN-0001 Carton CNWH64521: Assigned=Assigned, Actual=Assigned, ReceivedQty=0
[2026-04-21 11:15:30] INFO: ASN ASN-0001 Carton CNWH63561: Assigned=Assigned, Actual=Assigned, ReceivedQty=0
[2026-04-21 11:15:30] INFO: ASN ASN-0001 Carton CNWH63609: Assigned=Assigned, Actual=Assigned, ReceivedQty=0
[2026-04-21 11:15:30] INFO: ASN ASN-0002 Carton CNWH12858: Assigned=Received, Actual=Received, ReceivedQty=100
[2026-04-21 11:15:30] INFO: ASN ASN-0002 Carton CNWH12854: Assigned=Received, Actual=Received, ReceivedQty=100
[2026-04-21 11:15:32] INFO: ErpNextWmsSyncApiService: Fetched 2 item code(s) from ERPNext for ASN ASN-0002 (use as filter for PR/received qty).
[2026-04-21 11:15:32] INFO: ErpNextWmsSyncApiService: Pushing ASN received qty for ASN-0002, 2 line(s) (aggregated by item). Item codes: [247775:100, 247787:100], to http://printechsdammam.dyndns.org:88/api/method/printechs_wms.api.asn_receiving.update_asn_received_qty
[2026-04-21 11:15:32] INFO: ErpNextWmsSyncApiService: ASN received qty updated successfully.
[2026-04-21 11:15:32] INFO: ErpNextWmsSyncApiService: Fetched 2 item code(s) from ERPNext for ASN ASN-0002 (use as filter for PR/received qty).
[2026-04-21 11:15:32] INFO: ErpNextWmsSyncApiService: Creating Purchase Receipt for ASN ASN-0002, warehouse Main Warehouse - MAATC, 2 line(s). Item codes: [247775:100, 247787:100]
[2026-04-21 11:15:33] INFO: ErpNextWmsSyncApiService: Create Purchase Receipt succeeded. Purchase Receipt: MAT-PRE-2026-00005
[2026-04-21 11:15:33] INFO: AsnDataService: SetAsnPurchaseReceiptNo saved MAT-PRE-2026-00005 for ASN ASN-0002.
[2026-04-21 11:15:33] INFO: ASN ASN-0001 Carton CNWH12858: Assigned=Assigned, Actual=Assigned, ReceivedQty=0
[2026-04-21 11:15:33] INFO: ASN ASN-0001 Carton CNWH12854: Assigned=Assigned, Actual=Assigned, ReceivedQty=0
[2026-04-21 11:15:33] INFO: ASN ASN-0001 Carton CNWH15390: Assigned=Assigned, Actual=Assigned, ReceivedQty=0
[2026-04-21 11:15:33] INFO: ASN ASN-0001 Carton CNWH42441: Assigned=Assigned, Actual=Assigned, ReceivedQty=0
[2026-04-21 11:15:33] INFO: ASN ASN-0001 Carton CNWH64571: Assigned=Assigned, Actual=Assigned, ReceivedQty=0
[2026-04-21 11:15:33] INFO: ASN ASN-0001 Carton CNWH64521: Assigned=Assigned, Actual=Assigned, ReceivedQty=0
[2026-04-21 11:15:33] INFO: ASN ASN-0001 Carton CNWH63561: Assigned=Assigned, Actual=Assigned, ReceivedQty=0
[2026-04-21 11:15:33] INFO: ASN ASN-0001 Carton CNWH63609: Assigned=Assigned, Actual=Assigned, ReceivedQty=0
[2026-04-21 11:15:33] INFO: ASN ASN-0002 Carton CNWH12858: Assigned=Received, Actual=Received, ReceivedQty=100
[2026-04-21 11:15:33] INFO: ASN ASN-0002 Carton CNWH12854: Assigned=Received, Actual=Received, ReceivedQty=100
[2026-04-21 11:15:36] INFO: ASN ASN-0001 Carton CNWH12858: Assigned=Assigned, Actual=Assigned, ReceivedQty=0
[2026-04-21 11:15:36] INFO: ASN ASN-0001 Carton CNWH12854: Assigned=Assigned, Actual=Assigned, ReceivedQty=0
[2026-04-21 11:15:36] INFO: ASN ASN-0001 Carton CNWH15390: Assigned=Assigned, Actual=Assigned, ReceivedQty=0
[2026-04-21 11:15:36] INFO: ASN ASN-0001 Carton CNWH42441: Assigned=Assigned, Actual=Assigned, ReceivedQty=0
[2026-04-21 11:15:36] INFO: ASN ASN-0001 Carton CNWH64571: Assigned=Assigned, Actual=Assigned, ReceivedQty=0
[2026-04-21 11:15:36] INFO: ASN ASN-0001 Carton CNWH64521: Assigned=Assigned, Actual=Assigned, ReceivedQty=0
[2026-04-21 11:15:36] INFO: ASN ASN-0001 Carton CNWH63561: Assigned=Assigned, Actual=Assigned, ReceivedQty=0
[2026-04-21 11:15:36] INFO: ASN ASN-0001 Carton CNWH63609: Assigned=Assigned, Actual=Assigned, ReceivedQty=0
[2026-04-21 11:15:36] INFO: ASN ASN-0002 Carton CNWH12858: Assigned=Received, Actual=Received, ReceivedQty=100
[2026-04-21 11:15:36] INFO: ASN ASN-0002 Carton CNWH12854: Assigned=Received, Actual=Received, ReceivedQty=100
[2026-04-21 11:15:42] INFO: ErpNextWmsSyncApiService: Fetched 2 item code(s) from ERPNext for ASN ASN-0002 (use as filter for PR/received qty).
[2026-04-21 11:15:42] INFO: ErpNextWmsSyncApiService: Pushing ASN received qty for ASN-0002, 2 line(s) (aggregated by item). Item codes: [247775:100, 247787:100], to http://printechsdammam.dyndns.org:88/api/method/printechs_wms.api.asn_receiving.update_asn_received_qty
[2026-04-21 11:15:42] INFO: ErpNextWmsSyncApiService: ASN received qty updated successfully.
[2026-04-21 11:15:42] INFO: ErpNextWmsSyncApiService: Fetched 2 item code(s) from ERPNext for ASN ASN-0002 (use as filter for PR/received qty).
[2026-04-21 11:15:42] INFO: ErpNextWmsSyncApiService: Creating Purchase Receipt for ASN ASN-0002, warehouse Main Warehouse - MAATC, 2 line(s). Item codes: [247775:100, 247787:100]
[2026-04-21 11:15:42] INFO: ErpNextWmsSyncApiService: Create Purchase Receipt succeeded. Purchase Receipt: MAT-PRE-2026-00005
[2026-04-21 11:15:42] INFO: AsnDataService: SetAsnPurchaseReceiptNo saved MAT-PRE-2026-00005 for ASN ASN-0002.
[2026-04-21 11:15:42] INFO: ASN ASN-0001 Carton CNWH12858: Assigned=Assigned, Actual=Assigned, ReceivedQty=0
[2026-04-21 11:15:42] INFO: ASN ASN-0001 Carton CNWH12854: Assigned=Assigned, Actual=Assigned, ReceivedQty=0
[2026-04-21 11:15:42] INFO: ASN ASN-0001 Carton CNWH15390: Assigned=Assigned, Actual=Assigned, ReceivedQty=0
[2026-04-21 11:15:42] INFO: ASN ASN-0001 Carton CNWH42441: Assigned=Assigned, Actual=Assigned, ReceivedQty=0
[2026-04-21 11:15:42] INFO: ASN ASN-0001 Carton CNWH64571: Assigned=Assigned, Actual=Assigned, ReceivedQty=0
[2026-04-21 11:15:42] INFO: ASN ASN-0001 Carton CNWH64521: Assigned=Assigned, Actual=Assigned, ReceivedQty=0
[2026-04-21 11:15:42] INFO: ASN ASN-0001 Carton CNWH63561: Assigned=Assigned, Actual=Assigned, ReceivedQty=0
[2026-04-21 11:15:42] INFO: ASN ASN-0001 Carton CNWH63609: Assigned=Assigned, Actual=Assigned, ReceivedQty=0
[2026-04-21 11:15:42] INFO: ASN ASN-0002 Carton CNWH12858: Assigned=Received, Actual=Received, ReceivedQty=100
[2026-04-21 11:15:42] INFO: ASN ASN-0002 Carton CNWH12854: Assigned=Received, Actual=Received, ReceivedQty=100
[2026-04-21 11:15:43] INFO: ASN ASN-0001 Carton CNWH12858: Assigned=Assigned, Actual=Assigned, ReceivedQty=0
[2026-04-21 11:15:43] INFO: ASN ASN-0001 Carton CNWH12854: Assigned=Assigned, Actual=Assigned, ReceivedQty=0
[2026-04-21 11:15:43] INFO: ASN ASN-0001 Carton CNWH15390: Assigned=Assigned, Actual=Assigned, ReceivedQty=0
[2026-04-21 11:15:43] INFO: ASN ASN-0001 Carton CNWH42441: Assigned=Assigned, Actual=Assigned, ReceivedQty=0
[2026-04-21 11:15:43] INFO: ASN ASN-0001 Carton CNWH64571: Assigned=Assigned, Actual=Assigned, ReceivedQty=0
[2026-04-21 11:15:43] INFO: ASN ASN-0001 Carton CNWH64521: Assigned=Assigned, Actual=Assigned, ReceivedQty=0
[2026-04-21 11:15:43] INFO: ASN ASN-0001 Carton CNWH63561: Assigned=Assigned, Actual=Assigned, ReceivedQty=0
[2026-04-21 11:15:43] INFO: ASN ASN-0001 Carton CNWH63609: Assigned=Assigned, Actual=Assigned, ReceivedQty=0
[2026-04-21 11:15:43] INFO: ASN ASN-0002 Carton CNWH12858: Assigned=Received, Actual=Received, ReceivedQty=100
[2026-04-21 11:15:43] INFO: ASN ASN-0002 Carton CNWH12854: Assigned=Received, Actual=Received, ReceivedQty=100
[2026-04-21 11:16:01] INFO: ASN ASN-0001 Carton CNWH12858: Assigned=Assigned, Actual=Assigned, ReceivedQty=0
[2026-04-21 11:16:01] INFO: ASN ASN-0001 Carton CNWH12854: Assigned=Assigned, Actual=Assigned, ReceivedQty=0
[2026-04-21 11:16:01] INFO: ASN ASN-0001 Carton CNWH15390: Assigned=Assigned, Actual=Assigned, ReceivedQty=0
[2026-04-21 11:16:01] INFO: ASN ASN-0001 Carton CNWH42441: Assigned=Assigned, Actual=Assigned, ReceivedQty=0
[2026-04-21 11:16:01] INFO: ASN ASN-0001 Carton CNWH64571: Assigned=Assigned, Actual=Assigned, ReceivedQty=0
[2026-04-21 11:16:01] INFO: ASN ASN-0001 Carton CNWH64521: Assigned=Assigned, Actual=Assigned, ReceivedQty=0
[2026-04-21 11:16:01] INFO: ASN ASN-0001 Carton CNWH63561: Assigned=Assigned, Actual=Assigned, ReceivedQty=0
[2026-04-21 11:16:01] INFO: ASN ASN-0001 Carton CNWH63609: Assigned=Assigned, Actual=Assigned, ReceivedQty=0
[2026-04-21 11:16:01] INFO: ASN ASN-0002 Carton CNWH12858: Assigned=Received, Actual=Received, ReceivedQty=100
[2026-04-21 11:16:01] INFO: ASN ASN-0002 Carton CNWH12854: Assigned=Received, Actual=Received, ReceivedQty=100
[2026-04-21 11:16:01] INFO: ASN ASN-0001 Carton CNWH12858: Assigned=Assigned, Actual=Assigned, ReceivedQty=0
[2026-04-21 11:16:01] INFO: ASN ASN-0001 Carton CNWH12854: Assigned=Assigned, Actual=Assigned, ReceivedQty=0
[2026-04-21 11:16:01] INFO: ASN ASN-0001 Carton CNWH15390: Assigned=Assigned, Actual=Assigned, ReceivedQty=0
[2026-04-21 11:16:01] INFO: ASN ASN-0001 Carton CNWH42441: Assigned=Assigned, Actual=Assigned, ReceivedQty=0
[2026-04-21 11:16:01] INFO: ASN ASN-0001 Carton CNWH64571: Assigned=Assigned, Actual=Assigned, ReceivedQty=0
[2026-04-21 11:16:01] INFO: ASN ASN-0001 Carton CNWH64521: Assigned=Assigned, Actual=Assigned, ReceivedQty=0
[2026-04-21 11:16:01] INFO: ASN ASN-0001 Carton CNWH63561: Assigned=Assigned, Actual=Assigned, ReceivedQty=0
[2026-04-21 11:16:01] INFO: ASN ASN-0001 Carton CNWH63609: Assigned=Assigned, Actual=Assigned, ReceivedQty=0
[2026-04-21 11:16:01] INFO: ASN ASN-0002 Carton CNWH12858: Assigned=Received, Actual=Received, ReceivedQty=100
[2026-04-21 11:16:01] INFO: ASN ASN-0002 Carton CNWH12854: Assigned=Received, Actual=Received, ReceivedQty=100
[2026-04-21 11:16:17] INFO: TransferCartonListView: Loaded event fired
[2026-04-21 11:16:17] INFO: TransferCartonListView: Calling RefreshAsync on ViewModel
[2026-04-21 11:16:17] INFO: TransferCartonListViewModel: Starting to load transfer cartons
[2026-04-21 11:16:17] INFO: Loading Transfer Cartons from database...
[2026-04-21 11:16:17] INFO: TransferCartonDataService: Starting schema detection
[2026-04-21 11:16:17] INFO: TransferCartonDataService: Found column 'asn_no'
[2026-04-21 11:16:17] INFO: TransferCartonDataService: Found column 'to_no'
[2026-04-21 11:16:17] INFO: TransferCartonDataService: Returning - AsnColumn=asn_no, ToColumn=to_no
[2026-04-21 11:16:17] INFO: Detected schema: AsnColumn=asn_no, ToColumn=to_no
[2026-04-21 11:16:17] INFO: Executing query: SELECT tc_id, status, asn_no, to_no, store, 
                               created_by, created_on, sealed_by, sealed_on, dispatched_on, remarks,
                               purchase_receipt_no, purchase_receipt_docstatus, purchase_receipt_created, purchase_receipt_submitted,
                               warehouse_transfer_no, warehouse_transfer_created
                        FROM tabTransferCarton
                        ORDER BY created_on DESC, tc_id
[2026-04-21 11:16:17] INFO: Loaded 1 transfer cartons from database
[2026-04-21 11:16:17] INFO: TransferCartonListViewModel: Received 1 transfer cartons from service
[2026-04-21 11:16:17] INFO: TransferCartonListViewModel: Added 1 transfer cartons to collection
[2026-04-21 11:16:17] INFO: TransferCartonListView: RefreshAsync completed
[2026-04-21 11:16:20] INFO: ASN ASN-0001 Carton CNWH12858: Assigned=Assigned, Actual=Assigned, ReceivedQty=0
[2026-04-21 11:16:20] INFO: ASN ASN-0001 Carton CNWH12854: Assigned=Assigned, Actual=Assigned, ReceivedQty=0
[2026-04-21 11:16:20] INFO: ASN ASN-0001 Carton CNWH15390: Assigned=Assigned, Actual=Assigned, ReceivedQty=0
[2026-04-21 11:16:20] INFO: ASN ASN-0001 Carton CNWH42441: Assigned=Assigned, Actual=Assigned, ReceivedQty=0
[2026-04-21 11:16:20] INFO: ASN ASN-0001 Carton CNWH64571: Assigned=Assigned, Actual=Assigned, ReceivedQty=0
[2026-04-21 11:16:20] INFO: ASN ASN-0001 Carton CNWH64521: Assigned=Assigned, Actual=Assigned, ReceivedQty=0
[2026-04-21 11:16:20] INFO: ASN ASN-0001 Carton CNWH63561: Assigned=Assigned, Actual=Assigned, ReceivedQty=0
[2026-04-21 11:16:20] INFO: ASN ASN-0001 Carton CNWH63609: Assigned=Assigned, Actual=Assigned, ReceivedQty=0
[2026-04-21 11:16:20] INFO: ASN ASN-0002 Carton CNWH12858: Assigned=Received, Actual=Received, ReceivedQty=100
[2026-04-21 11:16:20] INFO: ASN ASN-0002 Carton CNWH12854: Assigned=Received, Actual=Received, ReceivedQty=100
[2026-04-21 11:16:22] INFO: ASN ASN-0001 Carton CNWH12858: Assigned=Assigned, Actual=Assigned, ReceivedQty=0
[2026-04-21 11:16:22] INFO: ASN ASN-0001 Carton CNWH12854: Assigned=Assigned, Actual=Assigned, ReceivedQty=0
[2026-04-21 11:16:22] INFO: ASN ASN-0001 Carton CNWH15390: Assigned=Assigned, Actual=Assigned, ReceivedQty=0
[2026-04-21 11:16:22] INFO: ASN ASN-0001 Carton CNWH42441: Assigned=Assigned, Actual=Assigned, ReceivedQty=0
[2026-04-21 11:16:22] INFO: ASN ASN-0001 Carton CNWH64571: Assigned=Assigned, Actual=Assigned, ReceivedQty=0
[2026-04-21 11:16:22] INFO: ASN ASN-0001 Carton CNWH64521: Assigned=Assigned, Actual=Assigned, ReceivedQty=0
[2026-04-21 11:16:22] INFO: ASN ASN-0001 Carton CNWH63561: Assigned=Assigned, Actual=Assigned, ReceivedQty=0
[2026-04-21 11:16:22] INFO: ASN ASN-0001 Carton CNWH63609: Assigned=Assigned, Actual=Assigned, ReceivedQty=0
[2026-04-21 11:16:22] INFO: ASN ASN-0002 Carton CNWH12858: Assigned=Received, Actual=Received, ReceivedQty=100
[2026-04-21 11:16:22] INFO: ASN ASN-0002 Carton CNWH12854: Assigned=Received, Actual=Received, ReceivedQty=100
[2026-04-21 11:16:22] INFO: ASN ASN-0001 Carton CNWH12858: Assigned=Assigned, Actual=Assigned, ReceivedQty=0
[2026-04-21 11:16:22] INFO: ASN ASN-0001 Carton CNWH12854: Assigned=Assigned, Actual=Assigned, ReceivedQty=0
[2026-04-21 11:16:22] INFO: ASN ASN-0001 Carton CNWH15390: Assigned=Assigned, Actual=Assigned, ReceivedQty=0
[2026-04-21 11:16:22] INFO: ASN ASN-0001 Carton CNWH42441: Assigned=Assigned, Actual=Assigned, ReceivedQty=0
[2026-04-21 11:16:22] INFO: ASN ASN-0001 Carton CNWH64571: Assigned=Assigned, Actual=Assigned, ReceivedQty=0
[2026-04-21 11:16:22] INFO: ASN ASN-0001 Carton CNWH64521: Assigned=Assigned, Actual=Assigned, ReceivedQty=0
[2026-04-21 11:16:22] INFO: ASN ASN-0001 Carton CNWH63561: Assigned=Assigned, Actual=Assigned, ReceivedQty=0
[2026-04-21 11:16:22] INFO: ASN ASN-0001 Carton CNWH63609: Assigned=Assigned, Actual=Assigned, ReceivedQty=0
[2026-04-21 11:16:22] INFO: ASN ASN-0002 Carton CNWH12858: Assigned=Received, Actual=Received, ReceivedQty=100
[2026-04-21 11:16:22] INFO: ASN ASN-0002 Carton CNWH12854: Assigned=Received, Actual=Received, ReceivedQty=100
[2026-04-21 11:17:21] INFO: ASN ASN-0001 Carton CNWH12858: Assigned=Assigned, Actual=Assigned, ReceivedQty=0
[2026-04-21 11:17:21] INFO: ASN ASN-0001 Carton CNWH12854: Assigned=Assigned, Actual=Assigned, ReceivedQty=0
[2026-04-21 11:17:21] INFO: ASN ASN-0001 Carton CNWH15390: Assigned=Assigned, Actual=Assigned, ReceivedQty=0
[2026-04-21 11:17:21] INFO: ASN ASN-0001 Carton CNWH42441: Assigned=Assigned, Actual=Assigned, ReceivedQty=0
[2026-04-21 11:17:21] INFO: ASN ASN-0001 Carton CNWH64571: Assigned=Assigned, Actual=Assigned, ReceivedQty=0
[2026-04-21 11:17:21] INFO: ASN ASN-0001 Carton CNWH64521: Assigned=Assigned, Actual=Assigned, ReceivedQty=0
[2026-04-21 11:17:21] INFO: ASN ASN-0001 Carton CNWH63561: Assigned=Assigned, Actual=Assigned, ReceivedQty=0
[2026-04-21 11:17:21] INFO: ASN ASN-0001 Carton CNWH63609: Assigned=Assigned, Actual=Assigned, ReceivedQty=0
[2026-04-21 11:17:21] INFO: ASN ASN-0002 Carton CNWH12858: Assigned=Received, Actual=Received, ReceivedQty=100
[2026-04-21 11:17:21] INFO: ASN ASN-0002 Carton CNWH12854: Assigned=Received, Actual=Received, ReceivedQty=100
[2026-04-21 11:17:21] INFO: ASN ASN-0001 Carton CNWH12858: Assigned=Assigned, Actual=Assigned, ReceivedQty=0
[2026-04-21 11:17:21] INFO: ASN ASN-0001 Carton CNWH12854: Assigned=Assigned, Actual=Assigned, ReceivedQty=0
[2026-04-21 11:17:21] INFO: ASN ASN-0001 Carton CNWH15390: Assigned=Assigned, Actual=Assigned, ReceivedQty=0
[2026-04-21 11:17:21] INFO: ASN ASN-0001 Carton CNWH42441: Assigned=Assigned, Actual=Assigned, ReceivedQty=0
[2026-04-21 11:17:21] INFO: ASN ASN-0001 Carton CNWH64571: Assigned=Assigned, Actual=Assigned, ReceivedQty=0
[2026-04-21 11:17:21] INFO: ASN ASN-0001 Carton CNWH64521: Assigned=Assigned, Actual=Assigned, ReceivedQty=0
[2026-04-21 11:17:21] INFO: ASN ASN-0001 Carton CNWH63561: Assigned=Assigned, Actual=Assigned, ReceivedQty=0
[2026-04-21 11:17:21] INFO: ASN ASN-0001 Carton CNWH63609: Assigned=Assigned, Actual=Assigned, ReceivedQty=0
[2026-04-21 11:17:21] INFO: ASN ASN-0002 Carton CNWH12858: Assigned=Received, Actual=Received, ReceivedQty=100
[2026-04-21 11:17:21] INFO: ASN ASN-0002 Carton CNWH12854: Assigned=Received, Actual=Received, ReceivedQty=100
[2026-04-21 11:17:26] INFO: TransferCartonListView: Loaded event fired
[2026-04-21 11:17:26] INFO: TransferCartonListView: Calling RefreshAsync on ViewModel
[2026-04-21 11:17:26] INFO: TransferCartonListViewModel: Starting to load transfer cartons
[2026-04-21 11:17:26] INFO: Loading Transfer Cartons from database...
[2026-04-21 11:17:26] INFO: TransferCartonDataService: Starting schema detection
[2026-04-21 11:17:26] INFO: TransferCartonDataService: Found column 'asn_no'
[2026-04-21 11:17:26] INFO: TransferCartonDataService: Found column 'to_no'
[2026-04-21 11:17:26] INFO: TransferCartonDataService: Returning - AsnColumn=asn_no, ToColumn=to_no
[2026-04-21 11:17:26] INFO: Detected schema: AsnColumn=asn_no, ToColumn=to_no
[2026-04-21 11:17:26] INFO: Executing query: SELECT tc_id, status, asn_no, to_no, store, 
                               created_by, created_on, sealed_by, sealed_on, dispatched_on, remarks,
                               purchase_receipt_no, purchase_receipt_docstatus, purchase_receipt_created, purchase_receipt_submitted,
                               warehouse_transfer_no, warehouse_transfer_created
                        FROM tabTransferCarton
                        ORDER BY created_on DESC, tc_id
[2026-04-21 11:17:26] INFO: Loaded 1 transfer cartons from database
[2026-04-21 11:17:26] INFO: TransferCartonListViewModel: Received 1 transfer cartons from service
[2026-04-21 11:17:26] INFO: TransferCartonListViewModel: Added 1 transfer cartons to collection
[2026-04-21 11:17:26] INFO: TransferCartonListView: RefreshAsync completed
[2026-04-21 11:17:27] INFO: TransferCartonDetailViewModel: Loading data for TC-0002-1776759189124
[2026-04-21 11:17:27] INFO: ASN ASN-0001 Carton CNWH12858: Assigned=Assigned, Actual=Assigned, ReceivedQty=0
[2026-04-21 11:17:27] INFO: ASN ASN-0001 Carton CNWH12854: Assigned=Assigned, Actual=Assigned, ReceivedQty=0
[2026-04-21 11:17:27] INFO: ASN ASN-0001 Carton CNWH15390: Assigned=Assigned, Actual=Assigned, ReceivedQty=0
[2026-04-21 11:17:27] INFO: ASN ASN-0001 Carton CNWH42441: Assigned=Assigned, Actual=Assigned, ReceivedQty=0
[2026-04-21 11:17:27] INFO: ASN ASN-0001 Carton CNWH64571: Assigned=Assigned, Actual=Assigned, ReceivedQty=0
[2026-04-21 11:17:27] INFO: ASN ASN-0001 Carton CNWH64521: Assigned=Assigned, Actual=Assigned, ReceivedQty=0
[2026-04-21 11:17:27] INFO: ASN ASN-0001 Carton CNWH63561: Assigned=Assigned, Actual=Assigned, ReceivedQty=0
[2026-04-21 11:17:27] INFO: ASN ASN-0001 Carton CNWH63609: Assigned=Assigned, Actual=Assigned, ReceivedQty=0
[2026-04-21 11:17:27] INFO: ASN ASN-0002 Carton CNWH12858: Assigned=Received, Actual=Received, ReceivedQty=100
[2026-04-21 11:17:27] INFO: ASN ASN-0002 Carton CNWH12854: Assigned=Received, Actual=Received, ReceivedQty=100
[2026-04-21 11:17:27] INFO: TransferCartonDetailViewModel: Loaded ASN ASN-0002
[2026-04-21 11:17:27] INFO: TransferCartonDetailViewModel: Loaded Transfer Order WMS-TO-00001
[2026-04-21 11:17:27] INFO: TransferCartonService: Loading contents for transfer carton TC-0002-1776759189124
[2026-04-21 11:17:27] INFO: TransferCartonService: Executing query with tc_id = 'TC-0002-1776759189124'
[2026-04-21 11:17:27] INFO: TransferCartonService: SQL = SELECT 
                            item_code,
                            carton_id AS source_carton,
                            SUM(qty) AS quantity,
                            MAX(user_id) AS packed_by,
                            MAX(event_time) AS packed_on
                        FROM tabWmsScanEvent
                        WHERE tc_id = @tc_id
                        AND event_type IN ('PACK_BOX_TO_TC', 'PACK_ITEM_TO_TC')
                        AND item_code IS NOT NULL
                        AND item_code != ''
                        AND qty > 0
                        GROUP BY item_code, carton_id
                        ORDER BY packed_on DESC
[2026-04-21 11:17:27] INFO: TransferCartonService: Total events with tc_id = 'TC-0002-1776759189124': 2
[2026-04-21 11:17:27] INFO: TransferCartonService: Events with item_code: 2
[2026-04-21 11:17:27] INFO: TransferCartonService: PACK_BOX_TO_TC events: 2
[2026-04-21 11:17:27] INFO: TransferCartonService: Found grouped item - ItemCode: 247775, SourceCarton: CNWH12858, Quantity: 25
[2026-04-21 11:17:27] INFO: TransferCartonService: Found grouped item - ItemCode: 247787, SourceCarton: CNWH12854, Quantity: 25
[2026-04-21 11:17:27] INFO: TransferCartonService: Processed 2 rows from database
[2026-04-21 11:17:27] INFO: TransferCartonService: Found 2 unique items for transfer carton TC-0002-1776759189124
[2026-04-21 11:17:27] INFO: TransferCartonDetailViewModel: Loaded 2 items for transfer carton TC-0002-1776759189124
[2026-04-21 11:17:27] INFO: ErpNextWmsSyncApiService: GetPrStatusForAsn GET http://printechsdammam.dyndns.org:88/api/method/printechs_wms.api.asn_to_purchase_receipt.get_pr_status_for_asn?asn_no=ASN-0002
[2026-04-21 11:17:30] INFO: ErpNextWmsSyncApiService: GetPrStatusForAsn GET http://printechsdammam.dyndns.org:88/api/method/printechs_wms.api.asn_to_purchase_receipt.get_pr_status_for_asn?asn_no=ASN-0002
[2026-04-21 11:18:24] INFO: SortBoxListView: Loaded event fired
[2026-04-21 11:18:24] INFO: SortBoxListView: Calling RefreshAsync on ViewModel
[2026-04-21 11:18:24] INFO: SortBoxListViewModel: Starting to load sort boxes
[2026-04-21 11:18:24] INFO: Loading Sort Boxes from database...
[2026-04-21 11:18:24] INFO: Executing query: SELECT box_id, status, advance_shipping_notice, transfer_order, store, 
                               purpose, created_by, created_on, closed_by, closed_on, 
                               dispatched_on, received_at_store_on, remarks
                        FROM tabSortBox
                        ORDER BY created_on DESC, box_id
[2026-04-21 11:18:24] INFO: Loaded 6 sort boxes from database
[2026-04-21 11:18:24] INFO: SortBoxListViewModel: Received 6 sort boxes from service
[2026-04-21 11:18:24] INFO: SortBoxListViewModel: Added 6 sort boxes to collection
[2026-04-21 11:18:24] INFO: SortBoxListView: RefreshAsync completed
[2026-04-21 11:18:26] INFO: SortBoxDetailViewModel: Loading data for BOX-004ALRAS-281479
[2026-04-21 11:18:26] INFO: ASN ASN-0001 Carton CNWH12858: Assigned=Assigned, Actual=Assigned, ReceivedQty=0
[2026-04-21 11:18:26] INFO: ASN ASN-0001 Carton CNWH12854: Assigned=Assigned, Actual=Assigned, ReceivedQty=0
[2026-04-21 11:18:26] INFO: ASN ASN-0001 Carton CNWH15390: Assigned=Assigned, Actual=Assigned, ReceivedQty=0
[2026-04-21 11:18:26] INFO: ASN ASN-0001 Carton CNWH42441: Assigned=Assigned, Actual=Assigned, ReceivedQty=0
[2026-04-21 11:18:26] INFO: ASN ASN-0001 Carton CNWH64571: Assigned=Assigned, Actual=Assigned, ReceivedQty=0
[2026-04-21 11:18:26] INFO: ASN ASN-0001 Carton CNWH64521: Assigned=Assigned, Actual=Assigned, ReceivedQty=0
[2026-04-21 11:18:26] INFO: ASN ASN-0001 Carton CNWH63561: Assigned=Assigned, Actual=Assigned, ReceivedQty=0
[2026-04-21 11:18:26] INFO: ASN ASN-0001 Carton CNWH63609: Assigned=Assigned, Actual=Assigned, ReceivedQty=0
[2026-04-21 11:18:26] INFO: ASN ASN-0002 Carton CNWH12858: Assigned=Received, Actual=Received, ReceivedQty=100
[2026-04-21 11:18:26] INFO: ASN ASN-0002 Carton CNWH12854: Assigned=Received, Actual=Received, ReceivedQty=100
[2026-04-21 11:18:26] INFO: SortBoxDetailViewModel: Loaded ASN ASN-0002
[2026-04-21 11:18:26] INFO: SortBoxDetailViewModel: Loaded Transfer Order WMS-TO-00001
[2026-04-21 11:18:26] INFO: SortBoxService: Loading contents for box BOX-004ALRAS-281479
[2026-04-21 11:18:26] INFO: SortBoxService: Found 1 unique items for box BOX-004ALRAS-281479
[2026-04-21 11:18:26] INFO: SortBoxDetailViewModel: Loaded 1 items for box BOX-004ALRAS-281479
[2026-04-21 11:18:44] INFO: SortBoxDetailViewModel: Loading data for BOX-004ALRAS-281479
[2026-04-21 11:18:44] INFO: ASN ASN-0001 Carton CNWH12858: Assigned=Assigned, Actual=Assigned, ReceivedQty=0
[2026-04-21 11:18:44] INFO: ASN ASN-0001 Carton CNWH12854: Assigned=Assigned, Actual=Assigned, ReceivedQty=0
[2026-04-21 11:18:44] INFO: ASN ASN-0001 Carton CNWH15390: Assigned=Assigned, Actual=Assigned, ReceivedQty=0
[2026-04-21 11:18:44] INFO: ASN ASN-0001 Carton CNWH42441: Assigned=Assigned, Actual=Assigned, ReceivedQty=0
[2026-04-21 11:18:44] INFO: ASN ASN-0001 Carton CNWH64571: Assigned=Assigned, Actual=Assigned, ReceivedQty=0
[2026-04-21 11:18:44] INFO: ASN ASN-0001 Carton CNWH64521: Assigned=Assigned, Actual=Assigned, ReceivedQty=0
[2026-04-21 11:18:44] INFO: ASN ASN-0001 Carton CNWH63561: Assigned=Assigned, Actual=Assigned, ReceivedQty=0
[2026-04-21 11:18:44] INFO: ASN ASN-0001 Carton CNWH63609: Assigned=Assigned, Actual=Assigned, ReceivedQty=0
[2026-04-21 11:18:44] INFO: ASN ASN-0002 Carton CNWH12858: Assigned=Received, Actual=Received, ReceivedQty=100
[2026-04-21 11:18:44] INFO: ASN ASN-0002 Carton CNWH12854: Assigned=Received, Actual=Received, ReceivedQty=100
[2026-04-21 11:18:44] INFO: SortBoxDetailViewModel: Loaded ASN ASN-0002
[2026-04-21 11:18:44] INFO: SortBoxDetailViewModel: Loaded Transfer Order WMS-TO-00001
[2026-04-21 11:18:44] INFO: SortBoxService: Loading contents for box BOX-004ALRAS-281479
[2026-04-21 11:18:44] INFO: SortBoxService: Found 1 unique items for box BOX-004ALRAS-281479
[2026-04-21 11:18:44] INFO: SortBoxDetailViewModel: Loaded 1 items for box BOX-004ALRAS-281479
[2026-04-21 11:19:00] INFO: TransferCartonListView: Loaded event fired
[2026-04-21 11:19:00] INFO: TransferCartonListView: Calling RefreshAsync on ViewModel
[2026-04-21 11:19:00] INFO: TransferCartonListViewModel: Starting to load transfer cartons
[2026-04-21 11:19:00] INFO: Loading Transfer Cartons from database...
[2026-04-21 11:19:00] INFO: TransferCartonDataService: Starting schema detection
[2026-04-21 11:19:00] INFO: TransferCartonDataService: Found column 'asn_no'
[2026-04-21 11:19:00] INFO: TransferCartonDataService: Found column 'to_no'
[2026-04-21 11:19:00] INFO: TransferCartonDataService: Returning - AsnColumn=asn_no, ToColumn=to_no
[2026-04-21 11:19:00] INFO: Detected schema: AsnColumn=asn_no, ToColumn=to_no
[2026-04-21 11:19:00] INFO: Executing query: SELECT tc_id, status, asn_no, to_no, store, 
                               created_by, created_on, sealed_by, sealed_on, dispatched_on, remarks,
                               purchase_receipt_no, purchase_receipt_docstatus, purchase_receipt_created, purchase_receipt_submitted,
                               warehouse_transfer_no, warehouse_transfer_created
                        FROM tabTransferCarton
                        ORDER BY created_on DESC, tc_id
[2026-04-21 11:19:00] INFO: Loaded 1 transfer cartons from database
[2026-04-21 11:19:00] INFO: TransferCartonListViewModel: Received 1 transfer cartons from service
[2026-04-21 11:19:00] INFO: TransferCartonListViewModel: Added 1 transfer cartons to collection
[2026-04-21 11:19:00] INFO: TransferCartonListView: RefreshAsync completed
[2026-04-21 11:19:02] INFO: TransferCartonDetailViewModel: Loading data for TC-0002-1776759189124
[2026-04-21 11:19:02] INFO: ASN ASN-0001 Carton CNWH12858: Assigned=Assigned, Actual=Assigned, ReceivedQty=0
[2026-04-21 11:19:02] INFO: ASN ASN-0001 Carton CNWH12854: Assigned=Assigned, Actual=Assigned, ReceivedQty=0
[2026-04-21 11:19:02] INFO: ASN ASN-0001 Carton CNWH15390: Assigned=Assigned, Actual=Assigned, ReceivedQty=0
[2026-04-21 11:19:02] INFO: ASN ASN-0001 Carton CNWH42441: Assigned=Assigned, Actual=Assigned, ReceivedQty=0
[2026-04-21 11:19:02] INFO: ASN ASN-0001 Carton CNWH64571: Assigned=Assigned, Actual=Assigned, ReceivedQty=0
[2026-04-21 11:19:02] INFO: ASN ASN-0001 Carton CNWH64521: Assigned=Assigned, Actual=Assigned, ReceivedQty=0
[2026-04-21 11:19:02] INFO: ASN ASN-0001 Carton CNWH63561: Assigned=Assigned, Actual=Assigned, ReceivedQty=0
[2026-04-21 11:19:02] INFO: ASN ASN-0001 Carton CNWH63609: Assigned=Assigned, Actual=Assigned, ReceivedQty=0
[2026-04-21 11:19:02] INFO: ASN ASN-0002 Carton CNWH12858: Assigned=Received, Actual=Received, ReceivedQty=100
[2026-04-21 11:19:02] INFO: ASN ASN-0002 Carton CNWH12854: Assigned=Received, Actual=Received, ReceivedQty=100
[2026-04-21 11:19:02] INFO: TransferCartonDetailViewModel: Loaded ASN ASN-0002
[2026-04-21 11:19:02] INFO: TransferCartonDetailViewModel: Loaded Transfer Order WMS-TO-00001
[2026-04-21 11:19:02] INFO: TransferCartonService: Loading contents for transfer carton TC-0002-1776759189124
[2026-04-21 11:19:02] INFO: TransferCartonService: Executing query with tc_id = 'TC-0002-1776759189124'
[2026-04-21 11:19:02] INFO: TransferCartonService: SQL = SELECT 
                            item_code,
                            carton_id AS source_carton,
                            SUM(qty) AS quantity,
                            MAX(user_id) AS packed_by,
                            MAX(event_time) AS packed_on
                        FROM tabWmsScanEvent
                        WHERE tc_id = @tc_id
                        AND event_type IN ('PACK_BOX_TO_TC', 'PACK_ITEM_TO_TC')
                        AND item_code IS NOT NULL
                        AND item_code != ''
                        AND qty > 0
                        GROUP BY item_code, carton_id
                        ORDER BY packed_on DESC
[2026-04-21 11:19:02] INFO: TransferCartonService: Total events with tc_id = 'TC-0002-1776759189124': 2
[2026-04-21 11:19:02] INFO: TransferCartonService: Events with item_code: 2
[2026-04-21 11:19:02] INFO: TransferCartonService: PACK_BOX_TO_TC events: 2
[2026-04-21 11:19:02] INFO: TransferCartonService: Found grouped item - ItemCode: 247775, SourceCarton: CNWH12858, Quantity: 25
[2026-04-21 11:19:02] INFO: TransferCartonService: Found grouped item - ItemCode: 247787, SourceCarton: CNWH12854, Quantity: 25
[2026-04-21 11:19:02] INFO: TransferCartonService: Processed 2 rows from database
[2026-04-21 11:19:02] INFO: TransferCartonService: Found 2 unique items for transfer carton TC-0002-1776759189124
[2026-04-21 11:19:02] INFO: TransferCartonDetailViewModel: Loaded 2 items for transfer carton TC-0002-1776759189124
[2026-04-21 11:19:02] INFO: ErpNextWmsSyncApiService: GetPrStatusForAsn GET http://printechsdammam.dyndns.org:88/api/method/printechs_wms.api.asn_to_purchase_receipt.get_pr_status_for_asn?asn_no=ASN-0002
[2026-04-21 11:25:28] INFO: TransferCartonDetailViewModel: Dispatching transfer carton 'TC-0002-1776759189124'
[2026-04-21 11:25:28] INFO: TransferCartonDataService: Dispatching transfer carton TC-0002-1776759189124
[2026-04-21 11:25:28] INFO: TransferCartonDataService: Starting schema detection
[2026-04-21 11:25:28] INFO: TransferCartonDataService: Found column 'asn_no'
[2026-04-21 11:25:28] INFO: TransferCartonDataService: Found column 'to_no'
[2026-04-21 11:25:28] INFO: TransferCartonDataService: Returning - AsnColumn=asn_no, ToColumn=to_no
[2026-04-21 11:25:28] INFO: TransferCartonDataService: Successfully dispatched transfer carton TC-0002-1776759189124
[2026-04-21 11:25:28] INFO: ErpNextWmsSyncApiService: Pushing WMS snapshot (event_uuid=SYNC-20260421-5F23, 0 txns, 0 carton_stock, 0 cartons) to http://printechsdammam.dyndns.org:88/api/method/printechs_wms.api.offline_sync.push_wms_snapshot
[2026-04-21 11:25:28] INFO: ErpNextWmsSyncApiService: WMS snapshot updated successfully.
[2026-04-21 11:25:28] INFO: WmsSnapshotDataService: Snapshot pushed to ERPNext after transaction.
[2026-04-21 11:25:32] INFO: TransferCartonDetailViewModel: Transfer carton TC-0002-1776759189124 dispatched successfully
[2026-04-21 11:27:22] INFO: TransferCartonDetailViewModel: Printing out slip for 'TC-0002-1776759189124'
[2026-04-21 11:27:22] INFO: PrintService: Starting out slip print job for 'TC-0002-1776759189124'
[2026-04-21 11:27:38] INFO: PrintService: Successfully printed out slip for 'TC-0002-1776759189124'
