[2026-01-21T08:29:13.160Z] [INFO] 📊 Database Configuration
{
  "Host": "localhost",
  "Port": "3306",
  "User": "erppadmin",
  "Password": "***",
  "Database": "wms_desktop"
}
[2026-01-21T08:29:13.217Z] [INFO] ======================================================================
[2026-01-21T08:29:13.218Z] [INFO] 🚀 WMS API Server Started
[2026-01-21T08:29:13.218Z] [INFO] ======================================================================
[2026-01-21T08:29:13.218Z] [INFO] 🔍 Server Configuration
{
  "HOST": "0.0.0.0",
  "PORT": "3000",
  "API_BASE_URL": "http://localhost:3000",
  "NetworkIPs": [
    "192.168.103.219"
  ]
}
[2026-01-21T08:29:13.219Z] [SUCCESS] Server running on all interfaces (0.0.0.0:3000)
[2026-01-21T08:29:13.219Z] [INFO] 📍 Access URLs
{
  "Health": "http://192.168.103.219:3000/health",
  "API": "http://localhost:3000/api",
  "LocalHealth": "http://localhost:3000/health",
  "LocalAPI": "http://localhost:3000/api"
}
[2026-01-21T08:29:13.220Z] [INFO] ======================================================================
[2026-01-21T08:29:14.726Z] [INFO] 📥 GET /api/health
{
  "IP": "192.168.103.205",
  "UserAgent": "okhttp/4.12.0"
}
[2026-01-21T08:29:17.817Z] [INFO] 📥 GET /api/health
{
  "IP": "192.168.103.205",
  "UserAgent": "okhttp/4.12.0"
}
[2026-01-21T08:29:18.224Z] [INFO] 📥 POST /api/putaway/trigger-stock-update
{
  "IP": "127.0.0.1",
  "UserAgent": "PostmanRuntime/7.51.0"
}
[2026-01-21T08:29:18.234Z] [DEBUG] Request body
{
  "putaway_task": "PUT-20260121-0001",
  "user_id": "USER-001"
}
[2026-01-21T08:29:18.236Z] [INFO] [Putaway Stock Update] ========================================
[2026-01-21T08:29:18.237Z] [INFO] [Putaway Stock Update] 🔵 ENTRY: triggerStockUpdate called
[2026-01-21T08:29:18.238Z] [INFO] [Putaway Stock Update] Request body: {
  "putaway_task": "PUT-20260121-0001",
  "user_id": "USER-001"
}
[2026-01-21T08:29:18.240Z] [INFO] [Putaway Stock Update] ========================================
[2026-01-21T08:29:18.245Z] [INFO] [Putaway Stock Update] Step 1: Getting database connection...
[2026-01-21T08:29:18.247Z] [INFO] [Putaway Stock Update] Step 2: Importing processPutawayCompletionEvent...
[2026-01-21T08:29:18.248Z] [INFO] [Putaway Stock Update] Step 3: Getting database connection...
[2026-01-21T08:29:18.250Z] [DEBUG] Requesting database connection from pool
[2026-01-21T08:29:18.289Z] [SUCCESS] New database connection established
[2026-01-21T08:29:18.291Z] [DEBUG] Database connection obtained from pool
[2026-01-21T08:29:18.292Z] [INFO] [Putaway Stock Update] ✅ Got connection and imported processPutawayCompletionEvent
[2026-01-21T08:29:18.306Z] [INFO] [Putaway Stock Update] Step 6: Checking database schema for tabPutawayLine...
[2026-01-21T08:29:18.309Z] [INFO] [Putaway Stock Update] Line schema check result:
{
  "hasLocationId": true,
  "hasRack": true,
  "hasBin": true,
  "hasCartonId": true,
  "hasBoxId": false
}
[2026-01-21T08:29:18.310Z] [INFO] [Putaway Stock Update] Step 7: Querying putaway lines: SELECT item_code, qty, carton_id, location_id, rack, bin FROM tabPutawayLine WHERE parent_title = ? AND item_code IS NOT NULL AND qty > 0
[2026-01-21T08:29:18.311Z] [INFO] [Putaway Stock Update] Query params: [PUT-20260121-0001]
[2026-01-21T08:29:18.317Z] [INFO] [Putaway Stock Update] Putaway lines query result:
{
  "lines_count": 2,
  "lines": [
    {
      "item_code": "SKU-HAT-301-BLU-OS",
      "qty": "2.00",
      "location_id": "A1-R02-L1-B2",
      "rack": "Rack 02",
      "bin": "B2",
      "carton_id": "CTN-TI-123457-20260121-111153-371",
      "box_id": "N/A"
    },
    {
      "item_code": "SKU-HAT-301-GRN-OS",
      "qty": "2.00",
      "location_id": "A1-R02-L1-B2",
      "rack": "Rack 02",
      "bin": "B2",
      "carton_id": "CTN-TI-123457-20260121-111153-371",
      "box_id": "N/A"
    }
  ]
}
[2026-01-21T08:29:18.318Z] [INFO] [Putaway Stock Update] Step 8: Location check:
{
  "hasLocation": true,
  "lines_with_location_id": 2,
  "lines_with_rack": 2,
  "lines_with_bin": 2,
  "total_lines": 2
}
[2026-01-21T08:29:18.319Z] [INFO] [Putaway Stock Update] Step 10: Getting location and carton_id from putaway lines...
[2026-01-21T08:29:18.320Z] [INFO] [Putaway Stock Update] ✅ Found location_id from line: A1-R02-L1-B2
[2026-01-21T08:29:18.321Z] [INFO] [Putaway Stock Update] First line values:
{
  "location_id": "A1-R02-L1-B2",
  "rack": "Rack 02",
  "bin": "B2",
  "carton_id": "CTN-TI-123457-20260121-111153-371",
  "box_id": "CTN-TI-123457-20260121-111153-371"
}
[2026-01-21T08:29:18.322Z] [INFO] [Putaway Stock Update] Step 11: Final values before calling processPutawayCompletionEvent:
{
  "warehouse": "WH-MAIN",
  "location_id": "A1-R02-L1-B2",
  "rack": "Rack 02",
  "bin": "B2",
  "carton_id": "CTN-TI-123457-20260121-111153-371",
  "box_id": "CTN-TI-123457-20260121-111153-371",
  "lines_count": 2,
  "lines_with_location": 2
}
[2026-01-21T08:29:18.323Z] [INFO] [Putaway Stock Update] ========================================
[2026-01-21T08:29:18.325Z] [INFO] [Putaway Stock Update] Step 12: CALLING processPutawayCompletionEvent
[2026-01-21T08:29:18.326Z] [INFO] [Putaway Stock Update] Event params: {
  "event_type": "PUTAWAY_TO_RACK",
  "putaway_task": "PUT-20260121-0001",
  "box_id": "CTN-TI-123457-20260121-111153-371",
  "carton_id": "CTN-TI-123457-20260121-111153-371",
  "location_id": "A1-R02-L1-B2",
  "rack": "Rack 02",
  "bin": "B2",
  "item_code": null,
  "qty": null,
  "user_id": "USER-001",
  "store": "WH-MAIN",
  "tc_id": null
}
[2026-01-21T08:29:18.326Z] [INFO] [Putaway Stock Update] ========================================
[2026-01-21T08:29:18.330Z] [INFO] [Putaway Completion] ========================================
[2026-01-21T08:29:18.331Z] [INFO] [Putaway Completion] 🔵 ENTRY: processPutawayCompletionEvent called
[2026-01-21T08:29:18.332Z] [INFO] [Putaway Completion] Event object: {
  "putaway_task": "PUT-20260121-0001",
  "tc_id": "NULL",
  "box_id": "CTN-TI-123457-20260121-111153-371",
  "carton_id": "CTN-TI-123457-20260121-111153-371",
  "location_id": "A1-R02-L1-B2",
  "rack": "Rack 02",
  "bin": "B2",
  "item_code": "NULL",
  "qty": "NULL",
  "user_id": "USER-001",
  "store": "WH-MAIN",
  "event_type": "PUTAWAY_TO_RACK"
}
[2026-01-21T08:29:18.332Z] [INFO] [Putaway Completion] ========================================
[2026-01-21T08:29:18.338Z] [INFO] [Putaway Stock Update] Step 13: processPutawayCompletionEvent returned: undefined (no return value)
[2026-01-21T08:29:18.339Z] [INFO] [Putaway Stock Update] ========================================
[2026-01-21T08:29:18.340Z] [INFO] [Putaway Stock Update] ✅ Stock updates completed for task PUT-20260121-0001
[2026-01-21T08:29:18.340Z] [INFO] [Putaway Stock Update] ========================================
[2026-01-21T08:29:18.819Z] [INFO] 📥 GET /api/health
{
  "IP": "192.168.103.205",
  "UserAgent": "okhttp/4.12.0"
}
[2026-01-21T08:29:20.947Z] [INFO] 📥 GET /api/health
{
  "IP": "192.168.103.205",
  "UserAgent": "okhttp/4.12.0"
}
[2026-01-21T08:29:24.324Z] [INFO] 📥 GET /api/health
{
  "IP": "192.168.103.205",
  "UserAgent": "okhttp/4.12.0"
}
[2026-01-21T08:29:39.226Z] [INFO] 📊 Database Configuration
{
  "Host": "localhost",
  "Port": "3306",
  "User": "erppadmin",
  "Password": "***",
  "Database": "wms_desktop"
}
[2026-01-21T08:29:39.270Z] [INFO] ======================================================================
[2026-01-21T08:29:39.271Z] [INFO] 🚀 WMS API Server Started
[2026-01-21T08:29:39.271Z] [INFO] ======================================================================
[2026-01-21T08:29:39.272Z] [INFO] 🔍 Server Configuration
{
  "HOST": "0.0.0.0",
  "PORT": "3000",
  "API_BASE_URL": "http://localhost:3000",
  "NetworkIPs": [
    "192.168.103.219"
  ]
}
[2026-01-21T08:29:39.272Z] [SUCCESS] Server running on all interfaces (0.0.0.0:3000)
[2026-01-21T08:29:39.273Z] [INFO] 📍 Access URLs
{
  "Health": "http://192.168.103.219:3000/health",
  "API": "http://localhost:3000/api",
  "LocalHealth": "http://localhost:3000/health",
  "LocalAPI": "http://localhost:3000/api"
}
[2026-01-21T08:29:39.273Z] [INFO] ======================================================================
[2026-01-21T08:29:44.660Z] [INFO] 📥 POST /api/putaway/trigger-stock-update
{
  "IP": "127.0.0.1",
  "UserAgent": "PostmanRuntime/7.51.0"
}
[2026-01-21T08:29:44.675Z] [DEBUG] Request body
{
  "putaway_task": "PUT-20260121-0001",
  "user_id": "USER-001"
}
[2026-01-21T08:29:44.685Z] [INFO] [Putaway Stock Update] ========================================
[2026-01-21T08:29:44.685Z] [INFO] [Putaway Stock Update] 🔵 ENTRY: triggerStockUpdate called
[2026-01-21T08:29:44.686Z] [INFO] [Putaway Stock Update] Request body: {
  "putaway_task": "PUT-20260121-0001",
  "user_id": "USER-001"
}
[2026-01-21T08:29:44.687Z] [INFO] [Putaway Stock Update] ========================================
[2026-01-21T08:29:44.688Z] [INFO] [Putaway Stock Update] Step 1: Getting database connection...
[2026-01-21T08:29:44.691Z] [INFO] [Putaway Stock Update] Step 2: Importing processPutawayCompletionEvent...
[2026-01-21T08:29:44.693Z] [INFO] [Putaway Stock Update] Step 3: Getting database connection...
[2026-01-21T08:29:44.700Z] [DEBUG] Requesting database connection from pool
[2026-01-21T08:29:44.754Z] [INFO] 📥 GET /api/health
{
  "IP": "192.168.103.205",
  "UserAgent": "okhttp/4.12.0"
}
[2026-01-21T08:29:44.761Z] [SUCCESS] New database connection established
[2026-01-21T08:29:44.765Z] [DEBUG] Database connection obtained from pool
[2026-01-21T08:29:44.767Z] [INFO] [Putaway Stock Update] ✅ Got connection and imported processPutawayCompletionEvent
[2026-01-21T08:29:44.781Z] [INFO] [Putaway Stock Update] Step 6: Checking database schema for tabPutawayLine...
[2026-01-21T08:29:44.785Z] [INFO] [Putaway Stock Update] Line schema check result:
{
  "hasLocationId": true,
  "hasRack": true,
  "hasBin": true,
  "hasCartonId": true,
  "hasBoxId": false
}
[2026-01-21T08:29:44.787Z] [INFO] [Putaway Stock Update] Step 7: Querying putaway lines: SELECT item_code, qty, carton_id, location_id, rack, bin FROM tabPutawayLine WHERE parent_title = ? AND item_code IS NOT NULL AND qty > 0
[2026-01-21T08:29:44.787Z] [INFO] [Putaway Stock Update] Query params: [PUT-20260121-0001]
[2026-01-21T08:29:44.793Z] [INFO] [Putaway Stock Update] Putaway lines query result:
{
  "lines_count": 2,
  "lines": [
    {
      "item_code": "SKU-HAT-301-BLU-OS",
      "qty": "2.00",
      "location_id": "A1-R02-L1-B2",
      "rack": "Rack 02",
      "bin": "B2",
      "carton_id": "CTN-TI-123457-20260121-111153-371",
      "box_id": "N/A"
    },
    {
      "item_code": "SKU-HAT-301-GRN-OS",
      "qty": "2.00",
      "location_id": "A1-R02-L1-B2",
      "rack": "Rack 02",
      "bin": "B2",
      "carton_id": "CTN-TI-123457-20260121-111153-371",
      "box_id": "N/A"
    }
  ]
}
[2026-01-21T08:29:44.795Z] [INFO] [Putaway Stock Update] Step 8: Location check:
{
  "hasLocation": true,
  "lines_with_location_id": 2,
  "lines_with_rack": 2,
  "lines_with_bin": 2,
  "total_lines": 2
}
[2026-01-21T08:29:44.796Z] [INFO] [Putaway Stock Update] Step 10: Getting location and carton_id from putaway lines...
[2026-01-21T08:29:44.797Z] [INFO] [Putaway Stock Update] ✅ Found location_id from line: A1-R02-L1-B2
[2026-01-21T08:29:44.798Z] [INFO] [Putaway Stock Update] First line values:
{
  "location_id": "A1-R02-L1-B2",
  "rack": "Rack 02",
  "bin": "B2",
  "carton_id": "CTN-TI-123457-20260121-111153-371",
  "box_id": "CTN-TI-123457-20260121-111153-371"
}
[2026-01-21T08:29:44.799Z] [INFO] [Putaway Stock Update] Step 11: Final values before calling processPutawayCompletionEvent:
{
  "warehouse": "WH-MAIN",
  "location_id": "A1-R02-L1-B2",
  "rack": "Rack 02",
  "bin": "B2",
  "carton_id": "CTN-TI-123457-20260121-111153-371",
  "box_id": "CTN-TI-123457-20260121-111153-371",
  "lines_count": 2,
  "lines_with_location": 2
}
[2026-01-21T08:29:44.800Z] [INFO] [Putaway Stock Update] ========================================
[2026-01-21T08:29:44.801Z] [INFO] [Putaway Stock Update] Step 12: CALLING processPutawayCompletionEvent
[2026-01-21T08:29:44.802Z] [INFO] [Putaway Stock Update] Event params: {
  "event_type": "PUTAWAY_TO_RACK",
  "putaway_task": "PUT-20260121-0001",
  "box_id": "CTN-TI-123457-20260121-111153-371",
  "carton_id": "CTN-TI-123457-20260121-111153-371",
  "location_id": "A1-R02-L1-B2",
  "rack": "Rack 02",
  "bin": "B2",
  "item_code": null,
  "qty": null,
  "user_id": "USER-001",
  "store": "WH-MAIN",
  "tc_id": null
}
[2026-01-21T08:29:44.803Z] [INFO] [Putaway Stock Update] ========================================
[2026-01-21T08:29:44.809Z] [INFO] [Putaway Completion] ========================================
[2026-01-21T08:29:44.810Z] [INFO] [Putaway Completion] 🔵 ENTRY: processPutawayCompletionEvent called
[2026-01-21T08:29:44.812Z] [INFO] [Putaway Completion] Event object: {
  "putaway_task": "PUT-20260121-0001",
  "tc_id": "NULL",
  "box_id": "CTN-TI-123457-20260121-111153-371",
  "carton_id": "CTN-TI-123457-20260121-111153-371",
  "location_id": "A1-R02-L1-B2",
  "rack": "Rack 02",
  "bin": "B2",
  "item_code": "NULL",
  "qty": "NULL",
  "user_id": "USER-001",
  "store": "WH-MAIN",
  "event_type": "PUTAWAY_TO_RACK"
}
[2026-01-21T08:29:44.813Z] [INFO] [Putaway Completion] ========================================
[2026-01-21T08:29:44.816Z] [INFO] [Putaway Stock Update] Step 13: processPutawayCompletionEvent returned: undefined (no return value)
[2026-01-21T08:29:44.817Z] [INFO] [Putaway Stock Update] ========================================
[2026-01-21T08:29:44.818Z] [INFO] [Putaway Stock Update] ✅ Stock updates completed for task PUT-20260121-0001
[2026-01-21T08:29:44.819Z] [INFO] [Putaway Stock Update] ========================================
[2026-01-21T08:29:47.824Z] [INFO] 📥 GET /api/health
{
  "IP": "192.168.103.205",
  "UserAgent": "okhttp/4.12.0"
}
[2026-01-21T08:29:48.829Z] [INFO] 📥 GET /api/health
{
  "IP": "192.168.103.205",
  "UserAgent": "okhttp/4.12.0"
}
[2026-01-21T08:29:50.958Z] [INFO] 📥 GET /api/health
{
  "IP": "192.168.103.205",
  "UserAgent": "okhttp/4.12.0"
}
[2026-01-21T08:29:54.347Z] [INFO] 📥 GET /api/health
{
  "IP": "192.168.103.205",
  "UserAgent": "okhttp/4.12.0"
}
[2026-01-21T08:30:05.516Z] [INFO] 📥 GET /api/health
{
  "IP": "192.168.103.205",
  "UserAgent": "okhttp/4.12.0"
}
[2026-01-21T08:30:14.745Z] [INFO] 📥 GET /api/health
{
  "IP": "192.168.103.205",
  "UserAgent": "okhttp/4.12.0"
}
[2026-01-21T08:30:17.835Z] [INFO] 📥 GET /api/health
{
  "IP": "192.168.103.205",
  "UserAgent": "okhttp/4.12.0"
}
[2026-01-21T08:30:18.840Z] [INFO] 📥 GET /api/health
{
  "IP": "192.168.103.205",
  "UserAgent": "okhttp/4.12.0"
}
[2026-01-21T08:30:20.967Z] [INFO] 📥 GET /api/health
{
  "IP": "192.168.103.205",
  "UserAgent": "okhttp/4.12.0"
}
[2026-01-21T08:30:24.346Z] [INFO] 📥 GET /api/health
{
  "IP": "192.168.103.205",
  "UserAgent": "okhttp/4.12.0"
}
[2026-01-21T08:30:35.513Z] [INFO] 📥 GET /api/health
{
  "IP": "192.168.103.205",
  "UserAgent": "okhttp/4.12.0"
}
[2026-01-21T08:30:44.761Z] [INFO] 📥 GET /api/health
{
  "IP": "192.168.103.205",
  "UserAgent": "okhttp/4.12.0"
}
[2026-01-21T08:30:47.860Z] [INFO] 📥 GET /api/health
{
  "IP": "192.168.103.205",
  "UserAgent": "okhttp/4.12.0"
}
[2026-01-21T08:30:48.859Z] [INFO] 📥 GET /api/health
{
  "IP": "192.168.103.205",
  "UserAgent": "okhttp/4.12.0"
}
[2026-01-21T08:30:50.987Z] [INFO] 📥 GET /api/health
{
  "IP": "192.168.103.205",
  "UserAgent": "okhttp/4.12.0"
}
[2026-01-21T08:30:54.350Z] [INFO] 📥 GET /api/health
{
  "IP": "192.168.103.205",
  "UserAgent": "okhttp/4.12.0"
}
[2026-01-21T08:31:05.525Z] [INFO] 📥 GET /api/health
{
  "IP": "192.168.103.205",
  "UserAgent": "okhttp/4.12.0"
}
[2026-01-21T08:31:14.761Z] [INFO] 📥 GET /api/health
{
  "IP": "192.168.103.205",
  "UserAgent": "okhttp/4.12.0"
}
[2026-01-21T08:31:17.855Z] [INFO] 📥 GET /api/health
{
  "IP": "192.168.103.205",
  "UserAgent": "okhttp/4.12.0"
}
[2026-01-21T08:31:18.870Z] [INFO] 📥 GET /api/health
{
  "IP": "192.168.103.205",
  "UserAgent": "okhttp/4.12.0"
}
[2026-01-21T08:31:20.998Z] [INFO] 📥 GET /api/health
{
  "IP": "192.168.103.205",
  "UserAgent": "okhttp/4.12.0"
}
[2026-01-21T08:31:24.362Z] [INFO] 📥 GET /api/health
{
  "IP": "192.168.103.205",
  "UserAgent": "okhttp/4.12.0"
}
[2026-01-21T08:31:35.533Z] [INFO] 📥 GET /api/health
{
  "IP": "192.168.103.205",
  "UserAgent": "okhttp/4.12.0"
}
[2026-01-21T08:31:44.771Z] [INFO] 📥 GET /api/health
{
  "IP": "192.168.103.205",
  "UserAgent": "okhttp/4.12.0"
}
[2026-01-21T08:31:47.866Z] [INFO] 📥 GET /api/health
{
  "IP": "192.168.103.205",
  "UserAgent": "okhttp/4.12.0"
}
[2026-01-21T08:31:48.873Z] [INFO] 📥 GET /api/health
{
  "IP": "192.168.103.205",
  "UserAgent": "okhttp/4.12.0"
}
[2026-01-21T08:31:50.998Z] [INFO] 📥 GET /api/health
{
  "IP": "192.168.103.205",
  "UserAgent": "okhttp/4.12.0"
}
[2026-01-21T08:31:54.371Z] [INFO] 📥 GET /api/health
{
  "IP": "192.168.103.205",
  "UserAgent": "okhttp/4.12.0"
}
[2026-01-21T08:32:05.545Z] [INFO] 📥 GET /api/health
{
  "IP": "192.168.103.205",
  "UserAgent": "okhttp/4.12.0"
}
[2026-01-21T08:32:14.773Z] [INFO] 📥 GET /api/health
{
  "IP": "192.168.103.205",
  "UserAgent": "okhttp/4.12.0"
}
[2026-01-21T08:32:17.876Z] [INFO] 📥 GET /api/health
{
  "IP": "192.168.103.205",
  "UserAgent": "okhttp/4.12.0"
}
[2026-01-21T08:32:18.891Z] [INFO] 📥 GET /api/health
{
  "IP": "192.168.103.205",
  "UserAgent": "okhttp/4.12.0"
}
[2026-01-21T08:32:21.018Z] [INFO] 📥 GET /api/health
{
  "IP": "192.168.103.205",
  "UserAgent": "okhttp/4.12.0"
}
[2026-01-21T08:32:24.396Z] [INFO] 📥 GET /api/health
{
  "IP": "192.168.103.205",
  "UserAgent": "okhttp/4.12.0"
}
[2026-01-21T08:32:35.566Z] [INFO] 📥 GET /api/health
{
  "IP": "192.168.103.205",
  "UserAgent": "okhttp/4.12.0"
}
[2026-01-21T08:32:44.788Z] [INFO] 📥 GET /api/health
{
  "IP": "192.168.103.205",
  "UserAgent": "okhttp/4.12.0"
}
[2026-01-21T08:32:47.885Z] [INFO] 📥 GET /api/health
{
  "IP": "192.168.103.205",
  "UserAgent": "okhttp/4.12.0"
}
[2026-01-21T08:32:48.888Z] [INFO] 📥 GET /api/health
{
  "IP": "192.168.103.205",
  "UserAgent": "okhttp/4.12.0"
}
[2026-01-21T08:32:51.032Z] [INFO] 📥 GET /api/health
{
  "IP": "192.168.103.205",
  "UserAgent": "okhttp/4.12.0"
}
[2026-01-21T08:32:54.392Z] [INFO] 📥 GET /api/health
{
  "IP": "192.168.103.205",
  "UserAgent": "okhttp/4.12.0"
}
[2026-01-21T08:33:05.574Z] [INFO] 📥 GET /api/health
{
  "IP": "192.168.103.205",
  "UserAgent": "okhttp/4.12.0"
}
[2026-01-21T08:33:14.800Z] [INFO] 📥 GET /api/health
{
  "IP": "192.168.103.205",
  "UserAgent": "okhttp/4.12.0"
}
[2026-01-21T08:33:17.892Z] [INFO] 📥 GET /api/health
{
  "IP": "192.168.103.205",
  "UserAgent": "okhttp/4.12.0"
}
[2026-01-21T08:33:18.909Z] [INFO] 📥 GET /api/health
{
  "IP": "192.168.103.205",
  "UserAgent": "okhttp/4.12.0"
}
[2026-01-21T08:33:21.024Z] [INFO] 📥 GET /api/health
{
  "IP": "192.168.103.205",
  "UserAgent": "okhttp/4.12.0"
}
[2026-01-21T08:33:24.402Z] [INFO] 📥 GET /api/health
{
  "IP": "192.168.103.205",
  "UserAgent": "okhttp/4.12.0"
}
[2026-01-21T08:33:35.576Z] [INFO] 📥 GET /api/health
{
  "IP": "192.168.103.205",
  "UserAgent": "okhttp/4.12.0"
}
[2026-01-21T08:33:44.827Z] [INFO] 📥 GET /api/health
{
  "IP": "192.168.103.205",
  "UserAgent": "okhttp/4.12.0"
}
[2026-01-21T08:33:47.918Z] [INFO] 📥 GET /api/health
{
  "IP": "192.168.103.205",
  "UserAgent": "okhttp/4.12.0"
}
[2026-01-21T08:33:48.924Z] [INFO] 📥 GET /api/health
{
  "IP": "192.168.103.205",
  "UserAgent": "okhttp/4.12.0"
}
[2026-01-21T08:33:51.049Z] [INFO] 📥 GET /api/health
{
  "IP": "192.168.103.205",
  "UserAgent": "okhttp/4.12.0"
}
[2026-01-21T08:33:54.414Z] [INFO] 📥 GET /api/health
{
  "IP": "192.168.103.205",
  "UserAgent": "okhttp/4.12.0"
}
[2026-01-21T08:34:05.592Z] [INFO] 📥 GET /api/health
{
  "IP": "192.168.103.205",
  "UserAgent": "okhttp/4.12.0"
}
[2026-01-21T08:34:14.823Z] [INFO] 📥 GET /api/health
{
  "IP": "192.168.103.205",
  "UserAgent": "okhttp/4.12.0"
}
[2026-01-21T08:34:17.912Z] [INFO] 📥 GET /api/health
{
  "IP": "192.168.103.205",
  "UserAgent": "okhttp/4.12.0"
}
[2026-01-21T08:34:18.917Z] [INFO] 📥 GET /api/health
{
  "IP": "192.168.103.205",
  "UserAgent": "okhttp/4.12.0"
}
[2026-01-21T08:34:21.056Z] [INFO] 📥 GET /api/health
{
  "IP": "192.168.103.205",
  "UserAgent": "okhttp/4.12.0"
}
[2026-01-21T08:34:24.434Z] [INFO] 📥 GET /api/health
{
  "IP": "192.168.103.205",
  "UserAgent": "okhttp/4.12.0"
}
[2026-01-21T08:34:35.675Z] [INFO] 📥 GET /api/health
{
  "IP": "192.168.103.205",
  "UserAgent": "okhttp/4.12.0"
}
[2026-01-21T08:34:44.832Z] [INFO] 📥 GET /api/health
{
  "IP": "192.168.103.205",
  "UserAgent": "okhttp/4.12.0"
}
[2026-01-21T08:34:47.923Z] [INFO] 📥 GET /api/health
{
  "IP": "192.168.103.205",
  "UserAgent": "okhttp/4.12.0"
}
[2026-01-21T08:34:48.925Z] [INFO] 📥 GET /api/health
{
  "IP": "192.168.103.205",
  "UserAgent": "okhttp/4.12.0"
}
[2026-01-21T08:34:51.054Z] [INFO] 📥 GET /api/health
{
  "IP": "192.168.103.205",
  "UserAgent": "okhttp/4.12.0"
}
[2026-01-21T08:34:54.451Z] [INFO] 📥 GET /api/health
{
  "IP": "192.168.103.205",
  "UserAgent": "okhttp/4.12.0"
}
[2026-01-21T08:35:05.613Z] [INFO] 📥 GET /api/health
{
  "IP": "192.168.103.205",
  "UserAgent": "okhttp/4.12.0"
}
[2026-01-21T08:35:14.836Z] [INFO] 📥 GET /api/health
{
  "IP": "192.168.103.205",
  "UserAgent": "okhttp/4.12.0"
}
[2026-01-21T08:35:17.932Z] [INFO] 📥 GET /api/health
{
  "IP": "192.168.103.205",
  "UserAgent": "okhttp/4.12.0"
}
[2026-01-21T08:35:18.933Z] [INFO] 📥 GET /api/health
{
  "IP": "192.168.103.205",
  "UserAgent": "okhttp/4.12.0"
}
[2026-01-21T08:35:21.065Z] [INFO] 📥 GET /api/health
{
  "IP": "192.168.103.205",
  "UserAgent": "okhttp/4.12.0"
}
[2026-01-21T08:35:24.450Z] [INFO] 📥 GET /api/health
{
  "IP": "192.168.103.205",
  "UserAgent": "okhttp/4.12.0"
}
[2026-01-21T08:35:35.627Z] [INFO] 📥 GET /api/health
{
  "IP": "192.168.103.205",
  "UserAgent": "okhttp/4.12.0"
}
[2026-01-21T08:35:44.864Z] [INFO] 📥 GET /api/health
{
  "IP": "192.168.103.205",
  "UserAgent": "okhttp/4.12.0"
}
[2026-01-21T08:35:47.955Z] [INFO] 📥 GET /api/health
{
  "IP": "192.168.103.205",
  "UserAgent": "okhttp/4.12.0"
}
[2026-01-21T08:35:48.964Z] [INFO] 📥 GET /api/health
{
  "IP": "192.168.103.205",
  "UserAgent": "okhttp/4.12.0"
}
[2026-01-21T08:35:51.075Z] [INFO] 📥 GET /api/health
{
  "IP": "192.168.103.205",
  "UserAgent": "okhttp/4.12.0"
}
[2026-01-21T08:35:54.445Z] [INFO] 📥 GET /api/health
{
  "IP": "192.168.103.205",
  "UserAgent": "okhttp/4.12.0"
}
[2026-01-21T08:36:05.625Z] [INFO] 📥 GET /api/health
{
  "IP": "192.168.103.205",
  "UserAgent": "okhttp/4.12.0"
}
[2026-01-21T08:36:14.862Z] [INFO] 📥 GET /api/health
{
  "IP": "192.168.103.205",
  "UserAgent": "okhttp/4.12.0"
}
[2026-01-21T08:36:17.953Z] [INFO] 📥 GET /api/health
{
  "IP": "192.168.103.205",
  "UserAgent": "okhttp/4.12.0"
}
[2026-01-21T08:36:18.972Z] [INFO] 📥 GET /api/health
{
  "IP": "192.168.103.205",
  "UserAgent": "okhttp/4.12.0"
}
[2026-01-21T08:36:21.097Z] [INFO] 📥 GET /api/health
{
  "IP": "192.168.103.205",
  "UserAgent": "okhttp/4.12.0"
}
[2026-01-21T08:36:24.466Z] [INFO] 📥 GET /api/health
{
  "IP": "192.168.103.205",
  "UserAgent": "okhttp/4.12.0"
}
[2026-01-21T08:36:35.631Z] [INFO] 📥 GET /api/health
{
  "IP": "192.168.103.205",
  "UserAgent": "okhttp/4.12.0"
}
[2026-01-21T08:48:38.316Z] [INFO] 📊 Database Configuration
{
  "Host": "localhost",
  "Port": "3306",
  "User": "erppadmin",
  "Password": "***",
  "Database": "wms_desktop"
}
[2026-01-21T08:48:38.386Z] [INFO] ======================================================================
[2026-01-21T08:48:38.386Z] [INFO] 🚀 WMS API Server Started
[2026-01-21T08:48:38.387Z] [INFO] ======================================================================
[2026-01-21T08:48:38.387Z] [INFO] 🔍 Server Configuration
{
  "HOST": "0.0.0.0",
  "PORT": "3000",
  "API_BASE_URL": "http://localhost:3000",
  "NetworkIPs": [
    "192.168.103.219"
  ]
}
[2026-01-21T08:48:38.387Z] [SUCCESS] Server running on all interfaces (0.0.0.0:3000)
[2026-01-21T08:48:38.388Z] [INFO] 📍 Access URLs
{
  "Health": "http://192.168.103.219:3000/health",
  "API": "http://localhost:3000/api",
  "LocalHealth": "http://localhost:3000/health",
  "LocalAPI": "http://localhost:3000/api"
}
[2026-01-21T08:48:38.388Z] [INFO] ======================================================================
[2026-01-21T08:48:45.067Z] [INFO] 📥 GET /api/health
{
  "IP": "127.0.0.1",
  "UserAgent": "Mozilla/5.0 (Windows NT; Windows NT 10.0; en-US) WindowsPowerShell/5.1.26100.7462"
}
[2026-01-21T08:48:45.114Z] [INFO] 📥 GET /api/health
{
  "IP": "192.168.103.205",
  "UserAgent": "okhttp/4.12.0"
}
[2026-01-21T08:48:48.223Z] [INFO] 📥 GET /api/health
{
  "IP": "192.168.103.205",
  "UserAgent": "okhttp/4.12.0"
}
[2026-01-21T08:48:49.211Z] [INFO] 📥 GET /api/health
{
  "IP": "192.168.103.205",
  "UserAgent": "okhttp/4.12.0"
}
[2026-01-21T08:48:51.328Z] [INFO] 📥 GET /api/health
{
  "IP": "192.168.103.205",
  "UserAgent": "okhttp/4.12.0"
}
[2026-01-21T08:48:54.706Z] [INFO] 📥 GET /api/health
{
  "IP": "192.168.103.205",
  "UserAgent": "okhttp/4.12.0"
}
[2026-01-21T08:49:05.876Z] [INFO] 📥 GET /api/health
{
  "IP": "192.168.103.205",
  "UserAgent": "okhttp/4.12.0"
}
[2026-01-21T08:49:07.650Z] [INFO] 📊 Database Configuration
{
  "Host": "localhost",
  "Port": "3306",
  "User": "erppadmin",
  "Password": "***",
  "Database": "wms_desktop"
}
[2026-01-21T08:49:15.107Z] [INFO] 📥 GET /api/health
{
  "IP": "192.168.103.205",
  "UserAgent": "okhttp/4.12.0"
}
[2026-01-21T08:49:18.221Z] [INFO] 📥 GET /api/health
{
  "IP": "192.168.103.205",
  "UserAgent": "okhttp/4.12.0"
}
[2026-01-21T08:49:19.221Z] [INFO] 📥 GET /api/health
{
  "IP": "192.168.103.205",
  "UserAgent": "okhttp/4.12.0"
}
[2026-01-21T08:49:20.366Z] [INFO] 📥 POST /api/putaway/trigger-stock-update
{
  "IP": "127.0.0.1",
  "UserAgent": "PostmanRuntime/7.51.0"
}
[2026-01-21T08:49:20.383Z] [DEBUG] Request body
{
  "putaway_task": "PUT-20260121-0001",
  "user_id": "USER-001"
}
[2026-01-21T08:49:20.388Z] [INFO] [Putaway Stock Update] ========================================
[2026-01-21T08:49:20.389Z] [INFO] [Putaway Stock Update] 🔵 ENTRY: triggerStockUpdate called
[2026-01-21T08:49:20.389Z] [INFO] [Putaway Stock Update] Request body: {
  "putaway_task": "PUT-20260121-0001",
  "user_id": "USER-001"
}
[2026-01-21T08:49:20.390Z] [INFO] [Putaway Stock Update] ========================================
[2026-01-21T08:49:20.390Z] [INFO] [Putaway Stock Update] Step 1: Getting database connection...
[2026-01-21T08:49:20.391Z] [INFO] [Putaway Stock Update] Step 2: Importing processPutawayCompletionEvent...
[2026-01-21T08:49:20.392Z] [INFO] [Putaway Stock Update] Step 3: Getting database connection...
[2026-01-21T08:49:20.392Z] [DEBUG] Requesting database connection from pool
[2026-01-21T08:49:20.419Z] [SUCCESS] New database connection established
[2026-01-21T08:49:20.420Z] [DEBUG] Database connection obtained from pool
[2026-01-21T08:49:20.420Z] [INFO] [Putaway Stock Update] ✅ Got connection and imported processPutawayCompletionEvent
[2026-01-21T08:49:20.430Z] [INFO] [Putaway Stock Update] Step 6: Checking database schema for tabPutawayLine...
[2026-01-21T08:49:20.432Z] [INFO] [Putaway Stock Update] Line schema check result:
{
  "hasLocationId": true,
  "hasRack": true,
  "hasBin": true,
  "hasCartonId": true,
  "hasBoxId": false
}
[2026-01-21T08:49:20.432Z] [INFO] [Putaway Stock Update] Step 7: Querying putaway lines: SELECT item_code, qty, carton_id, location_id, rack, bin FROM tabPutawayLine WHERE parent_title = ? AND item_code IS NOT NULL AND qty > 0
[2026-01-21T08:49:20.433Z] [INFO] [Putaway Stock Update] Query params: [PUT-20260121-0001]
[2026-01-21T08:49:20.435Z] [INFO] [Putaway Stock Update] Putaway lines query result:
{
  "lines_count": 2,
  "lines": [
    {
      "item_code": "SKU-HAT-301-BLU-OS",
      "qty": "2.00",
      "location_id": "A1-R02-L1-B2",
      "rack": "Rack 02",
      "bin": "B2",
      "carton_id": "CTN-TI-123457-20260121-111153-371",
      "box_id": "N/A"
    },
    {
      "item_code": "SKU-HAT-301-GRN-OS",
      "qty": "2.00",
      "location_id": "A1-R02-L1-B2",
      "rack": "Rack 02",
      "bin": "B2",
      "carton_id": "CTN-TI-123457-20260121-111153-371",
      "box_id": "N/A"
    }
  ]
}
[2026-01-21T08:49:20.436Z] [INFO] [Putaway Stock Update] Step 8: Location check:
{
  "hasLocation": true,
  "lines_with_location_id": 2,
  "lines_with_rack": 2,
  "lines_with_bin": 2,
  "total_lines": 2
}
[2026-01-21T08:49:20.436Z] [INFO] [Putaway Stock Update] Step 10: Getting location and carton_id from putaway lines...
[2026-01-21T08:49:20.437Z] [INFO] [Putaway Stock Update] ✅ Found location_id from line: A1-R02-L1-B2
[2026-01-21T08:49:20.437Z] [INFO] [Putaway Stock Update] First line values:
{
  "location_id": "A1-R02-L1-B2",
  "rack": "Rack 02",
  "bin": "B2",
  "carton_id": "CTN-TI-123457-20260121-111153-371",
  "box_id": "CTN-TI-123457-20260121-111153-371"
}
[2026-01-21T08:49:20.437Z] [INFO] [Putaway Stock Update] Step 11: Final values before calling processPutawayCompletionEvent:
{
  "warehouse": "WH-MAIN",
  "location_id": "A1-R02-L1-B2",
  "rack": "Rack 02",
  "bin": "B2",
  "carton_id": "CTN-TI-123457-20260121-111153-371",
  "box_id": "CTN-TI-123457-20260121-111153-371",
  "lines_count": 2,
  "lines_with_location": 2
}
[2026-01-21T08:49:20.438Z] [INFO] [Putaway Stock Update] ========================================
[2026-01-21T08:49:20.438Z] [INFO] [Putaway Stock Update] Step 12: CALLING processPutawayCompletionEvent
[2026-01-21T08:49:20.438Z] [INFO] [Putaway Stock Update] Event params: {
  "event_type": "PUTAWAY_TO_RACK",
  "putaway_task": "PUT-20260121-0001",
  "box_id": "CTN-TI-123457-20260121-111153-371",
  "carton_id": "CTN-TI-123457-20260121-111153-371",
  "location_id": "A1-R02-L1-B2",
  "rack": "Rack 02",
  "bin": "B2",
  "item_code": null,
  "qty": null,
  "user_id": "USER-001",
  "store": "WH-MAIN",
  "tc_id": null
}
[2026-01-21T08:49:20.439Z] [INFO] [Putaway Stock Update] ========================================
[2026-01-21T08:49:20.441Z] [INFO] [Putaway Completion] ========================================
[2026-01-21T08:49:20.442Z] [INFO] [Putaway Completion] 🔵 ENTRY: processPutawayCompletionEvent called
[2026-01-21T08:49:20.442Z] [INFO] [Putaway Completion] Connection validation:
{
  "hasConnection": true,
  "connectionType": "object",
  "hasExecute": true
}
[2026-01-21T08:49:20.443Z] [INFO] [Putaway Completion] Event object: {
  "putaway_task": "PUT-20260121-0001",
  "tc_id": "NULL",
  "box_id": "CTN-TI-123457-20260121-111153-371",
  "carton_id": "CTN-TI-123457-20260121-111153-371",
  "location_id": "A1-R02-L1-B2",
  "rack": "Rack 02",
  "bin": "B2",
  "item_code": "NULL",
  "qty": "NULL",
  "user_id": "USER-001",
  "store": "WH-MAIN",
  "event_type": "PUTAWAY_TO_RACK"
}
[2026-01-21T08:49:20.443Z] [INFO] [Putaway Completion] ========================================
[2026-01-21T08:49:20.443Z] [INFO] [Putaway Completion] 🔍 DEBUG: About to extract event parameters...
[2026-01-21T08:49:20.444Z] [INFO] [Putaway Completion] 🔍 DEBUG: Event parameters extracted successfully
[2026-01-21T08:49:20.444Z] [INFO] [Putaway Completion] Step 0: Extracted event parameters:
{
  "putaway_task": "PUT-20260121-0001",
  "tc_id": "NULL",
  "box_id": "CTN-TI-123457-20260121-111153-371",
  "carton_id": "CTN-TI-123457-20260121-111153-371",
  "location_id": "A1-R02-L1-B2",
  "item_code": "NULL",
  "qty": "NULL"
}
[2026-01-21T08:49:20.444Z] [INFO] [Putaway Completion] Step 0a: Initial putawayTaskTitle: PUT-20260121-0001
[2026-01-21T08:49:20.446Z] [INFO] [Putaway Completion] Step 0b: ✅ putawayTaskTitle resolved: PUT-20260121-0001
[2026-01-21T08:49:20.447Z] [INFO] [Putaway Completion] Processing putaway task: PUT-20260121-0001, carton_id from event: CTN-TI-123457-20260121-111153-371, item_code: NULL, qty: NULL, location_id: A1-R02-L1-B2, rack: Rack 02, bin: B2
[2026-01-21T08:49:20.447Z] [INFO] [Putaway Completion] Step 1: Starting transaction...
[2026-01-21T08:49:20.449Z] [INFO] [Putaway Completion] ✅ Transaction started
[2026-01-21T08:49:20.449Z] [INFO] [Putaway Completion] Step 2: Locking putaway task row: PUT-20260121-0001
[2026-01-21T08:49:20.451Z] [INFO] [Putaway Completion] Task status query result:
{
  "found": true,
  "status": "In Progress"
}
[2026-01-21T08:49:20.451Z] [INFO] [Putaway Completion] ✅ Task status check passed: In Progress
[2026-01-21T08:49:20.461Z] [INFO] [Putaway Completion] Manual trigger detected (item_code=null) - processing all lines for task, not filtering by carton_id
[2026-01-21T08:49:20.462Z] [INFO] [Putaway Completion] Step 4: Querying putaway lines...
[2026-01-21T08:49:20.462Z] [INFO] [Putaway Completion] Query: SELECT item_code, qty, rack, bin, carton_id, location_id FROM tabPutawayLine WHERE parent_title = ? AND item_code IS NOT NULL AND qty > 0
[2026-01-21T08:49:20.462Z] [INFO] [Putaway Completion] Params: [
  "PUT-20260121-0001"
]
[2026-01-21T08:49:20.464Z] [INFO] [Putaway Completion] Putaway lines query result:
{
  "lines_count": 2,
  "lines": [
    {
      "item_code": "SKU-HAT-301-BLU-OS",
      "qty": "2.00",
      "carton_id": "CTN-TI-123457-20260121-111153-371",
      "location_id": "A1-R02-L1-B2",
      "rack": "Rack 02",
      "bin": "B2"
    },
    {
      "item_code": "SKU-HAT-301-GRN-OS",
      "qty": "2.00",
      "carton_id": "CTN-TI-123457-20260121-111153-371",
      "location_id": "A1-R02-L1-B2",
      "rack": "Rack 02",
      "bin": "B2"
    }
  ]
}
[2026-01-21T08:49:20.465Z] [INFO] [Putaway Completion] ✅ Found 2 putaway line(s) for task PUT-20260121-0001
[2026-01-21T08:49:20.468Z] [INFO] [Putaway Completion] Transfer In putaway detected: transfer_in=INSLIP-123457, task.warehouse=WH-MAIN
[2026-01-21T08:49:20.469Z] [INFO] [Putaway Completion] Using warehouse from putaway task: WH-MAIN
[2026-01-21T08:49:20.471Z] [INFO] [Putaway Completion] Step 5: Warehouse resolved: WH-MAIN
[2026-01-21T08:49:20.471Z] [INFO] [Putaway Completion] Step 5: Starting stock update loop...
[2026-01-21T08:49:20.472Z] [INFO] [Putaway Completion] Stock update loop parameters:
{
  "warehouse": "WH-MAIN",
  "total_lines": 2,
  "event_location_id": "A1-R02-L1-B2",
  "event_rack": "Rack 02",
  "event_bin": "B2",
  "event_carton_id": "CTN-TI-123457-20260121-111153-371",
  "event_box_id": "CTN-TI-123457-20260121-111153-371"
}
[2026-01-21T08:49:20.472Z] [INFO] [Putaway Completion] ========================================
[2026-01-21T08:49:20.472Z] [INFO] [Putaway Completion] Processing line 1/2
[2026-01-21T08:49:20.473Z] [INFO] [Putaway Completion] Line data: {
  "item_code": "SKU-HAT-301-BLU-OS",
  "qty": "2.00",
  "carton_id": "CTN-TI-123457-20260121-111153-371",
  "location_id": "A1-R02-L1-B2",
  "rack": "Rack 02",
  "bin": "B2"
}
[2026-01-21T08:49:20.473Z] [INFO] [Putaway Completion] Location determination for line 1:
{
  "event_location_id": "A1-R02-L1-B2",
  "line_location_id": "A1-R02-L1-B2",
  "line_rack": "Rack 02",
  "line_bin": "B2",
  "event_rack": "Rack 02",
  "event_bin": "B2",
  "resolved_binLocation": "A1-R02-L1-B2"
}
[2026-01-21T08:49:20.474Z] [INFO] [Putaway Completion] Line 1 validation:
{
  "itemCode": "SKU-HAT-301-BLU-OS",
  "lineQty": 2,
  "binLocation": "A1-R02-L1-B2",
  "hasItemCode": true,
  "hasValidQty": true,
  "hasValidLocation": true
}
[2026-01-21T08:49:20.474Z] [INFO] [Putaway Completion] ✅ Line 1 passed validation - processing stock update
[2026-01-21T08:49:21.351Z] [INFO] 📥 GET /api/health
{
  "IP": "192.168.103.205",
  "UserAgent": "okhttp/4.12.0"
}
[2026-01-21T08:49:24.715Z] [INFO] 📥 GET /api/health
{
  "IP": "192.168.103.205",
  "UserAgent": "okhttp/4.12.0"
}
[2026-01-21T08:49:35.887Z] [INFO] 📥 GET /api/health
{
  "IP": "192.168.103.205",
  "UserAgent": "okhttp/4.12.0"
}
[2026-01-21T08:49:45.129Z] [INFO] 📥 GET /api/health
{
  "IP": "192.168.103.205",
  "UserAgent": "okhttp/4.12.0"
}
[2026-01-21T08:49:48.215Z] [INFO] 📥 GET /api/health
{
  "IP": "192.168.103.205",
  "UserAgent": "okhttp/4.12.0"
}
[2026-01-21T08:49:49.221Z] [INFO] 📥 GET /api/health
{
  "IP": "192.168.103.205",
  "UserAgent": "okhttp/4.12.0"
}
[2026-01-21T08:49:51.351Z] [INFO] 📥 GET /api/health
{
  "IP": "192.168.103.205",
  "UserAgent": "okhttp/4.12.0"
}
[2026-01-21T08:49:54.562Z] [INFO] 📥 POST /api/putaway/trigger-stock-update
{
  "IP": "127.0.0.1",
  "UserAgent": "PostmanRuntime/7.51.0"
}
[2026-01-21T08:49:54.563Z] [DEBUG] Request body
{
  "putaway_task": "PUT-20260121-0001",
  "user_id": "USER-001"
}
[2026-01-21T08:49:54.565Z] [INFO] [Putaway Stock Update] ========================================
[2026-01-21T08:49:54.565Z] [INFO] [Putaway Stock Update] 🔵 ENTRY: triggerStockUpdate called
[2026-01-21T08:49:54.566Z] [INFO] [Putaway Stock Update] Request body: {
  "putaway_task": "PUT-20260121-0001",
  "user_id": "USER-001"
}
[2026-01-21T08:49:54.566Z] [INFO] [Putaway Stock Update] ========================================
[2026-01-21T08:49:54.567Z] [INFO] [Putaway Stock Update] Step 1: Getting database connection...
[2026-01-21T08:49:54.568Z] [INFO] [Putaway Stock Update] Step 2: Importing processPutawayCompletionEvent...
[2026-01-21T08:49:54.569Z] [INFO] [Putaway Stock Update] Step 3: Getting database connection...
[2026-01-21T08:49:54.570Z] [DEBUG] Requesting database connection from pool
[2026-01-21T08:49:54.570Z] [DEBUG] Database connection obtained from pool
[2026-01-21T08:49:54.571Z] [INFO] [Putaway Stock Update] ✅ Got connection and imported processPutawayCompletionEvent
[2026-01-21T08:49:54.573Z] [INFO] [Putaway Stock Update] Step 6: Checking database schema for tabPutawayLine...
[2026-01-21T08:49:54.574Z] [INFO] [Putaway Stock Update] Line schema check result:
{
  "hasLocationId": true,
  "hasRack": true,
  "hasBin": true,
  "hasCartonId": true,
  "hasBoxId": false
}
[2026-01-21T08:49:54.575Z] [INFO] [Putaway Stock Update] Step 7: Querying putaway lines: SELECT item_code, qty, carton_id, location_id, rack, bin FROM tabPutawayLine WHERE parent_title = ? AND item_code IS NOT NULL AND qty > 0
[2026-01-21T08:49:54.576Z] [INFO] [Putaway Stock Update] Query params: [PUT-20260121-0001]
[2026-01-21T08:49:54.577Z] [INFO] [Putaway Stock Update] Putaway lines query result:
{
  "lines_count": 2,
  "lines": [
    {
      "item_code": "SKU-HAT-301-BLU-OS",
      "qty": "2.00",
      "location_id": "A1-R02-L1-B2",
      "rack": "Rack 02",
      "bin": "B2",
      "carton_id": "CTN-TI-123457-20260121-111153-371",
      "box_id": "N/A"
    },
    {
      "item_code": "SKU-HAT-301-GRN-OS",
      "qty": "2.00",
      "location_id": "A1-R02-L1-B2",
      "rack": "Rack 02",
      "bin": "B2",
      "carton_id": "CTN-TI-123457-20260121-111153-371",
      "box_id": "N/A"
    }
  ]
}
[2026-01-21T08:49:54.578Z] [INFO] [Putaway Stock Update] Step 8: Location check:
{
  "hasLocation": true,
  "lines_with_location_id": 2,
  "lines_with_rack": 2,
  "lines_with_bin": 2,
  "total_lines": 2
}
[2026-01-21T08:49:54.579Z] [INFO] [Putaway Stock Update] Step 10: Getting location and carton_id from putaway lines...
[2026-01-21T08:49:54.579Z] [INFO] [Putaway Stock Update] ✅ Found location_id from line: A1-R02-L1-B2
[2026-01-21T08:49:54.580Z] [INFO] [Putaway Stock Update] First line values:
{
  "location_id": "A1-R02-L1-B2",
  "rack": "Rack 02",
  "bin": "B2",
  "carton_id": "CTN-TI-123457-20260121-111153-371",
  "box_id": "CTN-TI-123457-20260121-111153-371"
}
[2026-01-21T08:49:54.580Z] [INFO] [Putaway Stock Update] Step 11: Final values before calling processPutawayCompletionEvent:
{
  "warehouse": "WH-MAIN",
  "location_id": "A1-R02-L1-B2",
  "rack": "Rack 02",
  "bin": "B2",
  "carton_id": "CTN-TI-123457-20260121-111153-371",
  "box_id": "CTN-TI-123457-20260121-111153-371",
  "lines_count": 2,
  "lines_with_location": 2
}
[2026-01-21T08:49:54.581Z] [INFO] [Putaway Stock Update] ========================================
[2026-01-21T08:49:54.581Z] [INFO] [Putaway Stock Update] Step 12: CALLING processPutawayCompletionEvent
[2026-01-21T08:49:54.582Z] [INFO] [Putaway Stock Update] Event params: {
  "event_type": "PUTAWAY_TO_RACK",
  "putaway_task": "PUT-20260121-0001",
  "box_id": "CTN-TI-123457-20260121-111153-371",
  "carton_id": "CTN-TI-123457-20260121-111153-371",
  "location_id": "A1-R02-L1-B2",
  "rack": "Rack 02",
  "bin": "B2",
  "item_code": null,
  "qty": null,
  "user_id": "USER-001",
  "store": "WH-MAIN",
  "tc_id": null
}
[2026-01-21T08:49:54.582Z] [INFO] [Putaway Stock Update] ========================================
[2026-01-21T08:49:54.583Z] [INFO] [Putaway Completion] ========================================
[2026-01-21T08:49:54.583Z] [INFO] [Putaway Completion] 🔵 ENTRY: processPutawayCompletionEvent called
[2026-01-21T08:49:54.583Z] [INFO] [Putaway Completion] Connection validation:
{
  "hasConnection": true,
  "connectionType": "object",
  "hasExecute": true
}
[2026-01-21T08:49:54.584Z] [INFO] [Putaway Completion] Event object: {
  "putaway_task": "PUT-20260121-0001",
  "tc_id": "NULL",
  "box_id": "CTN-TI-123457-20260121-111153-371",
  "carton_id": "CTN-TI-123457-20260121-111153-371",
  "location_id": "A1-R02-L1-B2",
  "rack": "Rack 02",
  "bin": "B2",
  "item_code": "NULL",
  "qty": "NULL",
  "user_id": "USER-001",
  "store": "WH-MAIN",
  "event_type": "PUTAWAY_TO_RACK"
}
[2026-01-21T08:49:54.584Z] [INFO] [Putaway Completion] ========================================
[2026-01-21T08:49:54.584Z] [INFO] [Putaway Completion] 🔍 DEBUG: About to extract event parameters...
[2026-01-21T08:49:54.585Z] [INFO] [Putaway Completion] 🔍 DEBUG: Event parameters extracted successfully
[2026-01-21T08:49:54.585Z] [INFO] [Putaway Completion] Step 0: Extracted event parameters:
{
  "putaway_task": "PUT-20260121-0001",
  "tc_id": "NULL",
  "box_id": "CTN-TI-123457-20260121-111153-371",
  "carton_id": "CTN-TI-123457-20260121-111153-371",
  "location_id": "A1-R02-L1-B2",
  "item_code": "NULL",
  "qty": "NULL"
}
[2026-01-21T08:49:54.586Z] [INFO] [Putaway Completion] Step 0a: Initial putawayTaskTitle: PUT-20260121-0001
[2026-01-21T08:49:54.587Z] [INFO] [Putaway Completion] Step 0b: ✅ putawayTaskTitle resolved: PUT-20260121-0001
[2026-01-21T08:49:54.587Z] [INFO] [Putaway Completion] Processing putaway task: PUT-20260121-0001, carton_id from event: CTN-TI-123457-20260121-111153-371, item_code: NULL, qty: NULL, location_id: A1-R02-L1-B2, rack: Rack 02, bin: B2
[2026-01-21T08:49:54.587Z] [INFO] [Putaway Completion] Step 1: Starting transaction...
[2026-01-21T08:49:54.588Z] [INFO] [Putaway Completion] ✅ Transaction started
[2026-01-21T08:49:54.589Z] [INFO] [Putaway Completion] Step 2: Locking putaway task row: PUT-20260121-0001
[2026-01-21T08:49:54.589Z] [INFO] [Putaway Completion] Task status query result:
{
  "found": true,
  "status": "In Progress"
}
[2026-01-21T08:49:54.590Z] [INFO] [Putaway Completion] ✅ Task status check passed: In Progress
[2026-01-21T08:49:54.591Z] [INFO] [Putaway Completion] Manual trigger detected (item_code=null) - processing all lines for task, not filtering by carton_id
[2026-01-21T08:49:54.591Z] [INFO] [Putaway Completion] Step 4: Querying putaway lines...
[2026-01-21T08:49:54.592Z] [INFO] [Putaway Completion] Query: SELECT item_code, qty, rack, bin, carton_id, location_id FROM tabPutawayLine WHERE parent_title = ? AND item_code IS NOT NULL AND qty > 0
[2026-01-21T08:49:54.592Z] [INFO] [Putaway Completion] Params: [
  "PUT-20260121-0001"
]
[2026-01-21T08:49:54.593Z] [INFO] [Putaway Completion] Putaway lines query result:
{
  "lines_count": 2,
  "lines": [
    {
      "item_code": "SKU-HAT-301-BLU-OS",
      "qty": "2.00",
      "carton_id": "CTN-TI-123457-20260121-111153-371",
      "location_id": "A1-R02-L1-B2",
      "rack": "Rack 02",
      "bin": "B2"
    },
    {
      "item_code": "SKU-HAT-301-GRN-OS",
      "qty": "2.00",
      "carton_id": "CTN-TI-123457-20260121-111153-371",
      "location_id": "A1-R02-L1-B2",
      "rack": "Rack 02",
      "bin": "B2"
    }
  ]
}
[2026-01-21T08:49:54.593Z] [INFO] [Putaway Completion] ✅ Found 2 putaway line(s) for task PUT-20260121-0001
[2026-01-21T08:49:54.595Z] [INFO] [Putaway Completion] Transfer In putaway detected: transfer_in=INSLIP-123457, task.warehouse=WH-MAIN
[2026-01-21T08:49:54.595Z] [INFO] [Putaway Completion] Using warehouse from putaway task: WH-MAIN
[2026-01-21T08:49:54.596Z] [INFO] [Putaway Completion] Step 5: Warehouse resolved: WH-MAIN
[2026-01-21T08:49:54.596Z] [INFO] [Putaway Completion] Step 5: Starting stock update loop...
[2026-01-21T08:49:54.596Z] [INFO] [Putaway Completion] Stock update loop parameters:
{
  "warehouse": "WH-MAIN",
  "total_lines": 2,
  "event_location_id": "A1-R02-L1-B2",
  "event_rack": "Rack 02",
  "event_bin": "B2",
  "event_carton_id": "CTN-TI-123457-20260121-111153-371",
  "event_box_id": "CTN-TI-123457-20260121-111153-371"
}
[2026-01-21T08:49:54.597Z] [INFO] [Putaway Completion] ========================================
[2026-01-21T08:49:54.597Z] [INFO] [Putaway Completion] Processing line 1/2
[2026-01-21T08:49:54.598Z] [INFO] [Putaway Completion] Line data: {
  "item_code": "SKU-HAT-301-BLU-OS",
  "qty": "2.00",
  "carton_id": "CTN-TI-123457-20260121-111153-371",
  "location_id": "A1-R02-L1-B2",
  "rack": "Rack 02",
  "bin": "B2"
}
[2026-01-21T08:49:54.598Z] [INFO] [Putaway Completion] Location determination for line 1:
{
  "event_location_id": "A1-R02-L1-B2",
  "line_location_id": "A1-R02-L1-B2",
  "line_rack": "Rack 02",
  "line_bin": "B2",
  "event_rack": "Rack 02",
  "event_bin": "B2",
  "resolved_binLocation": "A1-R02-L1-B2"
}
[2026-01-21T08:49:54.598Z] [INFO] [Putaway Completion] Line 1 validation:
{
  "itemCode": "SKU-HAT-301-BLU-OS",
  "lineQty": 2,
  "binLocation": "A1-R02-L1-B2",
  "hasItemCode": true,
  "hasValidQty": true,
  "hasValidLocation": true
}
[2026-01-21T08:49:54.598Z] [INFO] [Putaway Completion] ✅ Line 1 passed validation - processing stock update
[2026-01-21T08:49:54.720Z] [INFO] 📥 GET /api/health
{
  "IP": "192.168.103.205",
  "UserAgent": "okhttp/4.12.0"
}
[2026-01-21T08:50:05.904Z] [INFO] 📥 GET /api/health
{
  "IP": "192.168.103.205",
  "UserAgent": "okhttp/4.12.0"
}
[2026-01-21T08:50:13.940Z] [INFO] 📥 POST /api/putaway/trigger-stock-update
{
  "IP": "127.0.0.1",
  "UserAgent": "PostmanRuntime/7.51.0"
}
[2026-01-21T08:50:13.941Z] [DEBUG] Request body
{
  "putaway_task": "PUT-20260120-0001",
  "user_id": "USER-001"
}
[2026-01-21T08:50:13.942Z] [INFO] [Putaway Stock Update] ========================================
[2026-01-21T08:50:13.942Z] [INFO] [Putaway Stock Update] 🔵 ENTRY: triggerStockUpdate called
[2026-01-21T08:50:13.943Z] [INFO] [Putaway Stock Update] Request body: {
  "putaway_task": "PUT-20260120-0001",
  "user_id": "USER-001"
}
[2026-01-21T08:50:13.943Z] [INFO] [Putaway Stock Update] ========================================
[2026-01-21T08:50:13.944Z] [INFO] [Putaway Stock Update] Step 1: Getting database connection...
[2026-01-21T08:50:13.944Z] [INFO] [Putaway Stock Update] Step 2: Importing processPutawayCompletionEvent...
[2026-01-21T08:50:13.945Z] [INFO] [Putaway Stock Update] Step 3: Getting database connection...
[2026-01-21T08:50:13.946Z] [DEBUG] Requesting database connection from pool
[2026-01-21T08:50:13.946Z] [DEBUG] Database connection obtained from pool
[2026-01-21T08:50:13.947Z] [INFO] [Putaway Stock Update] ✅ Got connection and imported processPutawayCompletionEvent
[2026-01-21T08:50:15.129Z] [INFO] 📥 GET /api/health
{
  "IP": "192.168.103.205",
  "UserAgent": "okhttp/4.12.0"
}
[2026-01-21T08:50:18.240Z] [INFO] 📥 GET /api/health
{
  "IP": "192.168.103.205",
  "UserAgent": "okhttp/4.12.0"
}
[2026-01-21T08:50:19.228Z] [INFO] 📥 GET /api/health
{
  "IP": "192.168.103.205",
  "UserAgent": "okhttp/4.12.0"
}
[2026-01-21T08:50:21.368Z] [INFO] 📥 GET /api/health
{
  "IP": "192.168.103.205",
  "UserAgent": "okhttp/4.12.0"
}
[2026-01-21T08:50:24.743Z] [INFO] 📥 GET /api/health
{
  "IP": "192.168.103.205",
  "UserAgent": "okhttp/4.12.0"
}
[2026-01-21T08:50:35.923Z] [INFO] 📥 GET /api/health
{
  "IP": "192.168.103.205",
  "UserAgent": "okhttp/4.12.0"
}
[2026-01-21T08:50:45.152Z] [INFO] 📥 GET /api/health
{
  "IP": "192.168.103.205",
  "UserAgent": "okhttp/4.12.0"
}
[2026-01-21T08:50:48.235Z] [INFO] 📥 GET /api/health
{
  "IP": "192.168.103.205",
  "UserAgent": "okhttp/4.12.0"
}
[2026-01-21T08:50:49.237Z] [INFO] 📥 GET /api/health
{
  "IP": "192.168.103.205",
  "UserAgent": "okhttp/4.12.0"
}
[2026-01-21T08:50:51.367Z] [INFO] 📥 GET /api/health
{
  "IP": "192.168.103.205",
  "UserAgent": "okhttp/4.12.0"
}
[2026-01-21T08:50:54.740Z] [INFO] 📥 GET /api/health
{
  "IP": "192.168.103.205",
  "UserAgent": "okhttp/4.12.0"
}
[2026-01-21T08:51:00.862Z] [INFO] 📊 Database Configuration
{
  "Host": "localhost",
  "Port": "3306",
  "User": "erppadmin",
  "Password": "***",
  "Database": "wms_desktop"
}
[2026-01-21T08:51:00.919Z] [INFO] ======================================================================
[2026-01-21T08:51:00.920Z] [INFO] 🚀 WMS API Server Started
[2026-01-21T08:51:00.920Z] [INFO] ======================================================================
[2026-01-21T08:51:00.921Z] [INFO] 🔍 Server Configuration
{
  "HOST": "0.0.0.0",
  "PORT": "3000",
  "API_BASE_URL": "http://localhost:3000",
  "NetworkIPs": [
    "192.168.103.219"
  ]
}
[2026-01-21T08:51:00.922Z] [SUCCESS] Server running on all interfaces (0.0.0.0:3000)
[2026-01-21T08:51:00.922Z] [INFO] 📍 Access URLs
{
  "Health": "http://192.168.103.219:3000/health",
  "API": "http://localhost:3000/api",
  "LocalHealth": "http://localhost:3000/health",
  "LocalAPI": "http://localhost:3000/api"
}
[2026-01-21T08:51:00.923Z] [INFO] ======================================================================
[2026-01-21T08:51:05.232Z] [INFO] 📥 POST /api/putaway/trigger-stock-update
{
  "IP": "127.0.0.1",
  "UserAgent": "PostmanRuntime/7.51.0"
}
[2026-01-21T08:51:05.255Z] [DEBUG] Request body
{
  "putaway_task": "PUT-20260120-0001",
  "user_id": "USER-001"
}
[2026-01-21T08:51:05.264Z] [INFO] [Putaway Stock Update] ========================================
[2026-01-21T08:51:05.265Z] [INFO] [Putaway Stock Update] 🔵 ENTRY: triggerStockUpdate called
[2026-01-21T08:51:05.266Z] [INFO] [Putaway Stock Update] Request body: {
  "putaway_task": "PUT-20260120-0001",
  "user_id": "USER-001"
}
[2026-01-21T08:51:05.267Z] [INFO] [Putaway Stock Update] ========================================
[2026-01-21T08:51:05.268Z] [INFO] [Putaway Stock Update] Step 1: Getting database connection...
[2026-01-21T08:51:05.271Z] [INFO] [Putaway Stock Update] Step 2: Importing processPutawayCompletionEvent...
[2026-01-21T08:51:05.273Z] [INFO] [Putaway Stock Update] Step 3: Getting database connection...
[2026-01-21T08:51:05.274Z] [DEBUG] Requesting database connection from pool
[2026-01-21T08:51:05.310Z] [SUCCESS] New database connection established
[2026-01-21T08:51:05.312Z] [DEBUG] Database connection obtained from pool
[2026-01-21T08:51:05.313Z] [INFO] [Putaway Stock Update] ✅ Got connection and imported processPutawayCompletionEvent
[2026-01-21T08:51:05.920Z] [INFO] 📥 GET /api/health
{
  "IP": "192.168.103.205",
  "UserAgent": "okhttp/4.12.0"
}
[2026-01-21T08:51:15.149Z] [INFO] 📥 GET /api/health
{
  "IP": "192.168.103.205",
  "UserAgent": "okhttp/4.12.0"
}
[2026-01-21T08:51:16.613Z] [INFO] 📥 POST /api/putaway/scan-transfer-carton
{
  "IP": "127.0.0.1",
  "UserAgent": "PostmanRuntime/7.51.0"
}
[2026-01-21T08:51:16.616Z] [DEBUG] Request body
{
  "box_id": "CTN-TI-123457-20260120-004538-076",
  "location_id": "A1-R02-L1-B2",
  "user_id": "USER-402498"
}
[2026-01-21T08:51:16.621Z] [INFO] [Putaway Scan] Entry: location_id=A1-R02-L1-B2, box_id=CTN-TI-123457-20260120-004538-076, tc_id=NULL, putaway_task=NULL, carton_id=NULL
[2026-01-21T08:51:16.626Z] [DEBUG] Requesting database connection from pool
[2026-01-21T08:51:16.629Z] [DEBUG] Database connection obtained from pool
[2026-01-21T08:51:18.259Z] [INFO] 📥 GET /api/health
{
  "IP": "192.168.103.205",
  "UserAgent": "okhttp/4.12.0"
}
[2026-01-21T08:51:19.260Z] [INFO] 📥 GET /api/health
{
  "IP": "192.168.103.205",
  "UserAgent": "okhttp/4.12.0"
}
[2026-01-21T08:51:21.391Z] [INFO] 📥 GET /api/health
{
  "IP": "192.168.103.205",
  "UserAgent": "okhttp/4.12.0"
}
[2026-01-21T08:51:24.751Z] [INFO] 📥 GET /api/health
{
  "IP": "192.168.103.205",
  "UserAgent": "okhttp/4.12.0"
}
[2026-01-21T08:51:35.946Z] [INFO] 📥 GET /api/health
{
  "IP": "192.168.103.205",
  "UserAgent": "okhttp/4.12.0"
}
[2026-01-21T08:51:45.167Z] [INFO] 📥 GET /api/health
{
  "IP": "192.168.103.205",
  "UserAgent": "okhttp/4.12.0"
}
[2026-01-21T08:51:46.848Z] [INFO] 📥 POST /api/putaway/scan-transfer-carton
{
  "IP": "127.0.0.1",
  "UserAgent": "PostmanRuntime/7.51.0"
}
[2026-01-21T08:51:46.851Z] [DEBUG] Request body
{
  "box_id": "CTN-TI-123457-20260121-111153-371",
  "location_id": "A1-R02-L1-B2",
  "user_id": "USER-402498"
}
[2026-01-21T08:51:46.853Z] [INFO] [Putaway Scan] Entry: location_id=A1-R02-L1-B2, box_id=CTN-TI-123457-20260121-111153-371, tc_id=NULL, putaway_task=NULL, carton_id=NULL
[2026-01-21T08:51:46.854Z] [DEBUG] Requesting database connection from pool
[2026-01-21T08:51:46.856Z] [DEBUG] Database connection obtained from pool
[2026-01-21T08:51:46.876Z] [INFO] [Putaway Validation] Validated Transfer In putaway box CTN-TI-123457-20260121-111153-371
[2026-01-21T08:51:46.877Z] [INFO] [Putaway Scan] Checking location update path: taskTitleToCheck=PUT-20260121-0001, location_id=A1-R02-L1-B2, actualPutawayTask=NULL
[2026-01-21T08:51:46.878Z] [INFO] [Putaway Scan] ✅ Location update path triggered: task=PUT-20260121-0001, location=A1-R02-L1-B2
[2026-01-21T08:51:46.886Z] [INFO] [Putaway] Updating 2 line(s) with location: location_id=A1-R02-L1-B2, rack=Rack 02, bin=B2
{
  "hasLineLocationIdColumn": true,
  "hasLineRack": true,
  "hasLineBin": true
}
[2026-01-21T08:51:46.890Z] [INFO] [Putaway] Including location_id=A1-R02-L1-B2 in UPDATE for line ID 413
[2026-01-21T08:51:46.891Z] [INFO] [Putaway] Executing UPDATE query: UPDATE tabPutawayLine SET rack = ?, bin = ?, location_id = ?, updated_at = CURRENT_TIMESTAMP WHERE id = ? with params: [Rack 02, B2, A1-R02-L1-B2, 413]
[2026-01-21T08:51:46.898Z] [INFO] [Putaway] Updated line ID 413: 1 row(s) affected
[2026-01-21T08:51:46.899Z] [INFO] [Putaway] Including location_id=A1-R02-L1-B2 in UPDATE for line ID 414
[2026-01-21T08:51:46.900Z] [INFO] [Putaway] Executing UPDATE query: UPDATE tabPutawayLine SET rack = ?, bin = ?, location_id = ?, updated_at = CURRENT_TIMESTAMP WHERE id = ? with params: [Rack 02, B2, A1-R02-L1-B2, 414]
[2026-01-21T08:51:46.902Z] [INFO] [Putaway] Updated line ID 414: 1 row(s) affected
[2026-01-21T08:51:46.914Z] [INFO] [Putaway] Triggering stock updates for putaway task PUT-20260121-0001 after location assignment
[2026-01-21T08:51:46.916Z] [DEBUG] Requesting database connection from pool
[2026-01-21T08:51:46.918Z] [DEBUG] Database connection obtained from pool
[2026-01-21T08:51:46.925Z] [INFO] [Putaway] 🔵 About to call processPutawayCompletionEvent with params:
{
  "event_type": "PUTAWAY_TO_RACK",
  "putaway_task": "PUT-20260121-0001",
  "box_id": "CTN-TI-123457-20260121-111153-371",
  "carton_id": "CTN-TI-123457-20260121-111153-371",
  "location_id": "A1-R02-L1-B2",
  "rack": "Rack 02",
  "bin": "B2",
  "warehouse": "WH-MAIN",
  "user_id": "USER-402498"
}
[2026-01-21T08:51:46.930Z] [INFO] [Putaway Completion] ========================================
[2026-01-21T08:51:46.931Z] [INFO] [Putaway Completion] 🔵 ENTRY: processPutawayCompletionEvent called
[2026-01-21T08:51:46.932Z] [INFO] [Putaway Completion] Connection validation:
{
  "hasConnection": true,
  "connectionType": "object",
  "hasExecute": true
}
[2026-01-21T08:51:46.933Z] [INFO] [Putaway Completion] Event object: {
  "putaway_task": "PUT-20260121-0001",
  "tc_id": "NULL",
  "box_id": "CTN-TI-123457-20260121-111153-371",
  "carton_id": "CTN-TI-123457-20260121-111153-371",
  "location_id": "A1-R02-L1-B2",
  "rack": "Rack 02",
  "bin": "B2",
  "item_code": "NULL",
  "qty": "NULL",
  "user_id": "USER-402498",
  "store": "WH-MAIN",
  "event_type": "PUTAWAY_TO_RACK"
}
[2026-01-21T08:51:46.934Z] [INFO] [Putaway Completion] ========================================
[2026-01-21T08:51:46.935Z] [INFO] [Putaway Completion] 🔍 DEBUG: About to extract event parameters...
[2026-01-21T08:51:46.937Z] [INFO] [Putaway Completion] 🔍 DEBUG: Event parameters extracted successfully
[2026-01-21T08:51:46.940Z] [INFO] [Putaway Completion] Step 0: Extracted event parameters:
{
  "putaway_task": "PUT-20260121-0001",
  "tc_id": "NULL",
  "box_id": "CTN-TI-123457-20260121-111153-371",
  "carton_id": "CTN-TI-123457-20260121-111153-371",
  "location_id": "A1-R02-L1-B2",
  "item_code": "NULL",
  "qty": "NULL"
}
[2026-01-21T08:51:46.941Z] [INFO] [Putaway Completion] Step 0a: Initial putawayTaskTitle: PUT-20260121-0001
[2026-01-21T08:51:46.945Z] [INFO] [Putaway Completion] Step 0b: ✅ putawayTaskTitle resolved: PUT-20260121-0001
[2026-01-21T08:51:46.947Z] [INFO] [Putaway Completion] Processing putaway task: PUT-20260121-0001, carton_id from event: CTN-TI-123457-20260121-111153-371, item_code: NULL, qty: NULL, location_id: A1-R02-L1-B2, rack: Rack 02, bin: B2
[2026-01-21T08:51:46.950Z] [INFO] [Putaway Completion] Step 1: Starting transaction...
[2026-01-21T08:51:46.952Z] [INFO] [Putaway Completion] ✅ Transaction started
[2026-01-21T08:51:46.954Z] [INFO] [Putaway Completion] Step 2: Locking putaway task row: PUT-20260121-0001
[2026-01-21T08:51:46.957Z] [INFO] [Putaway Completion] Task status query result:
{
  "found": true,
  "status": "In Progress"
}
[2026-01-21T08:51:46.958Z] [INFO] [Putaway Completion] ✅ Task status check passed: In Progress
[2026-01-21T08:51:46.988Z] [INFO] [Putaway Completion] Manual trigger detected (item_code=null) - processing all lines for task, not filtering by carton_id
[2026-01-21T08:51:46.988Z] [INFO] [Putaway Completion] Step 4: Querying putaway lines...
[2026-01-21T08:51:46.989Z] [INFO] [Putaway Completion] Query: SELECT item_code, qty, rack, bin, carton_id, location_id FROM tabPutawayLine WHERE parent_title = ? AND item_code IS NOT NULL AND qty > 0
[2026-01-21T08:51:46.990Z] [INFO] [Putaway Completion] Params: [
  "PUT-20260121-0001"
]
[2026-01-21T08:51:46.993Z] [INFO] [Putaway Completion] Putaway lines query result:
{
  "lines_count": 2,
  "lines": [
    {
      "item_code": "SKU-HAT-301-BLU-OS",
      "qty": "2.00",
      "carton_id": "CTN-TI-123457-20260121-111153-371",
      "location_id": "A1-R02-L1-B2",
      "rack": "Rack 02",
      "bin": "B2"
    },
    {
      "item_code": "SKU-HAT-301-GRN-OS",
      "qty": "2.00",
      "carton_id": "CTN-TI-123457-20260121-111153-371",
      "location_id": "A1-R02-L1-B2",
      "rack": "Rack 02",
      "bin": "B2"
    }
  ]
}
[2026-01-21T08:51:46.994Z] [INFO] [Putaway Completion] ✅ Found 2 putaway line(s) for task PUT-20260121-0001
[2026-01-21T08:51:47.000Z] [INFO] [Putaway Completion] Transfer In putaway detected: transfer_in=INSLIP-123457, task.warehouse=WH-MAIN
[2026-01-21T08:51:47.001Z] [INFO] [Putaway Completion] Using warehouse from putaway task: WH-MAIN
[2026-01-21T08:51:47.006Z] [INFO] [Putaway Completion] Step 5: Warehouse resolved: WH-MAIN
[2026-01-21T08:51:47.007Z] [INFO] [Putaway Completion] Step 5: Starting stock update loop...
[2026-01-21T08:51:47.008Z] [INFO] [Putaway Completion] Stock update loop parameters:
{
  "warehouse": "WH-MAIN",
  "total_lines": 2,
  "event_location_id": "A1-R02-L1-B2",
  "event_rack": "Rack 02",
  "event_bin": "B2",
  "event_carton_id": "CTN-TI-123457-20260121-111153-371",
  "event_box_id": "CTN-TI-123457-20260121-111153-371"
}
[2026-01-21T08:51:47.009Z] [INFO] [Putaway Completion] ========================================
[2026-01-21T08:51:47.010Z] [INFO] [Putaway Completion] Processing line 1/2
[2026-01-21T08:51:47.011Z] [INFO] [Putaway Completion] Line data: {
  "item_code": "SKU-HAT-301-BLU-OS",
  "qty": "2.00",
  "carton_id": "CTN-TI-123457-20260121-111153-371",
  "location_id": "A1-R02-L1-B2",
  "rack": "Rack 02",
  "bin": "B2"
}
[2026-01-21T08:51:47.012Z] [INFO] [Putaway Completion] Location determination for line 1:
{
  "event_location_id": "A1-R02-L1-B2",
  "line_location_id": "A1-R02-L1-B2",
  "line_rack": "Rack 02",
  "line_bin": "B2",
  "event_rack": "Rack 02",
  "event_bin": "B2",
  "resolved_binLocation": "A1-R02-L1-B2"
}
[2026-01-21T08:51:47.013Z] [INFO] [Putaway Completion] Line 1 validation:
{
  "itemCode": "SKU-HAT-301-BLU-OS",
  "lineQty": 2,
  "binLocation": "A1-R02-L1-B2",
  "hasItemCode": true,
  "hasValidQty": true,
  "hasValidLocation": true
}
[2026-01-21T08:51:47.014Z] [INFO] [Putaway Completion] ✅ Line 1 passed validation - processing stock update
[2026-01-21T08:51:48.258Z] [INFO] 📥 GET /api/health
{
  "IP": "192.168.103.205",
  "UserAgent": "okhttp/4.12.0"
}
[2026-01-21T08:51:49.260Z] [INFO] 📥 GET /api/health
{
  "IP": "192.168.103.205",
  "UserAgent": "okhttp/4.12.0"
}
[2026-01-21T08:51:51.389Z] [INFO] 📥 GET /api/health
{
  "IP": "192.168.103.205",
  "UserAgent": "okhttp/4.12.0"
}
[2026-01-21T08:51:52.933Z] [INFO] 📥 POST /api/putaway/scan-transfer-carton
{
  "IP": "127.0.0.1",
  "UserAgent": "PostmanRuntime/7.51.0"
}
[2026-01-21T08:51:52.935Z] [DEBUG] Request body
{
  "box_id": "CTN-TI-123457-20260121-111153-371",
  "location_id": "A1-R02-L1-B2",
  "user_id": "USER-402498"
}
[2026-01-21T08:51:52.937Z] [INFO] [Putaway Scan] Entry: location_id=A1-R02-L1-B2, box_id=CTN-TI-123457-20260121-111153-371, tc_id=NULL, putaway_task=NULL, carton_id=NULL
[2026-01-21T08:51:52.938Z] [DEBUG] Requesting database connection from pool
[2026-01-21T08:51:52.939Z] [DEBUG] Database connection obtained from pool
[2026-01-21T08:51:52.948Z] [INFO] [Putaway Validation] Validated Transfer In putaway box CTN-TI-123457-20260121-111153-371
[2026-01-21T08:51:52.949Z] [INFO] [Putaway Scan] Checking location update path: taskTitleToCheck=PUT-20260121-0001, location_id=A1-R02-L1-B2, actualPutawayTask=NULL
[2026-01-21T08:51:52.949Z] [INFO] [Putaway Scan] ✅ Location update path triggered: task=PUT-20260121-0001, location=A1-R02-L1-B2
[2026-01-21T08:51:52.955Z] [INFO] [Putaway] Updating 2 line(s) with location: location_id=A1-R02-L1-B2, rack=Rack 02, bin=B2
{
  "hasLineLocationIdColumn": true,
  "hasLineRack": true,
  "hasLineBin": true
}
[2026-01-21T08:51:52.956Z] [INFO] [Putaway] Including location_id=A1-R02-L1-B2 in UPDATE for line ID 413
[2026-01-21T08:51:52.957Z] [INFO] [Putaway] Executing UPDATE query: UPDATE tabPutawayLine SET rack = ?, bin = ?, location_id = ?, updated_at = CURRENT_TIMESTAMP WHERE id = ? with params: [Rack 02, B2, A1-R02-L1-B2, 413]
[2026-01-21T08:51:52.961Z] [INFO] [Putaway] Updated line ID 413: 1 row(s) affected
[2026-01-21T08:51:52.962Z] [INFO] [Putaway] Including location_id=A1-R02-L1-B2 in UPDATE for line ID 414
[2026-01-21T08:51:52.963Z] [INFO] [Putaway] Executing UPDATE query: UPDATE tabPutawayLine SET rack = ?, bin = ?, location_id = ?, updated_at = CURRENT_TIMESTAMP WHERE id = ? with params: [Rack 02, B2, A1-R02-L1-B2, 414]
[2026-01-21T08:51:52.966Z] [INFO] [Putaway] Updated line ID 414: 1 row(s) affected
[2026-01-21T08:51:52.974Z] [INFO] [Putaway] Triggering stock updates for putaway task PUT-20260121-0001 after location assignment
[2026-01-21T08:51:52.976Z] [DEBUG] Requesting database connection from pool
[2026-01-21T08:51:52.977Z] [DEBUG] Database connection obtained from pool
[2026-01-21T08:51:52.982Z] [INFO] [Putaway] 🔵 About to call processPutawayCompletionEvent with params:
{
  "event_type": "PUTAWAY_TO_RACK",
  "putaway_task": "PUT-20260121-0001",
  "box_id": "CTN-TI-123457-20260121-111153-371",
  "carton_id": "CTN-TI-123457-20260121-111153-371",
  "location_id": "A1-R02-L1-B2",
  "rack": "Rack 02",
  "bin": "B2",
  "warehouse": "WH-MAIN",
  "user_id": "USER-402498"
}
[2026-01-21T08:51:52.984Z] [INFO] [Putaway Completion] ========================================
[2026-01-21T08:51:52.985Z] [INFO] [Putaway Completion] 🔵 ENTRY: processPutawayCompletionEvent called
[2026-01-21T08:51:52.986Z] [INFO] [Putaway Completion] Connection validation:
{
  "hasConnection": true,
  "connectionType": "object",
  "hasExecute": true
}
[2026-01-21T08:51:52.986Z] [INFO] [Putaway Completion] Event object: {
  "putaway_task": "PUT-20260121-0001",
  "tc_id": "NULL",
  "box_id": "CTN-TI-123457-20260121-111153-371",
  "carton_id": "CTN-TI-123457-20260121-111153-371",
  "location_id": "A1-R02-L1-B2",
  "rack": "Rack 02",
  "bin": "B2",
  "item_code": "NULL",
  "qty": "NULL",
  "user_id": "USER-402498",
  "store": "WH-MAIN",
  "event_type": "PUTAWAY_TO_RACK"
}
[2026-01-21T08:51:52.987Z] [INFO] [Putaway Completion] ========================================
[2026-01-21T08:51:52.990Z] [INFO] [Putaway Completion] 🔍 DEBUG: About to extract event parameters...
[2026-01-21T08:51:52.991Z] [INFO] [Putaway Completion] 🔍 DEBUG: Event parameters extracted successfully
[2026-01-21T08:51:52.991Z] [INFO] [Putaway Completion] Step 0: Extracted event parameters:
{
  "putaway_task": "PUT-20260121-0001",
  "tc_id": "NULL",
  "box_id": "CTN-TI-123457-20260121-111153-371",
  "carton_id": "CTN-TI-123457-20260121-111153-371",
  "location_id": "A1-R02-L1-B2",
  "item_code": "NULL",
  "qty": "NULL"
}
[2026-01-21T08:51:52.992Z] [INFO] [Putaway Completion] Step 0a: Initial putawayTaskTitle: PUT-20260121-0001
[2026-01-21T08:51:52.998Z] [INFO] [Putaway Completion] Step 0b: ✅ putawayTaskTitle resolved: PUT-20260121-0001
[2026-01-21T08:51:52.999Z] [INFO] [Putaway Completion] Processing putaway task: PUT-20260121-0001, carton_id from event: CTN-TI-123457-20260121-111153-371, item_code: NULL, qty: NULL, location_id: A1-R02-L1-B2, rack: Rack 02, bin: B2
[2026-01-21T08:51:53.000Z] [INFO] [Putaway Completion] Step 1: Starting transaction...
[2026-01-21T08:51:53.003Z] [INFO] [Putaway Completion] ✅ Transaction started
[2026-01-21T08:51:53.005Z] [INFO] [Putaway Completion] Step 2: Locking putaway task row: PUT-20260121-0001
[2026-01-21T08:51:53.007Z] [INFO] [Putaway Completion] Task status query result:
{
  "found": true,
  "status": "In Progress"
}
[2026-01-21T08:51:53.009Z] [INFO] [Putaway Completion] ✅ Task status check passed: In Progress
[2026-01-21T08:51:53.018Z] [INFO] [Putaway Completion] Manual trigger detected (item_code=null) - processing all lines for task, not filtering by carton_id
[2026-01-21T08:51:53.019Z] [INFO] [Putaway Completion] Step 4: Querying putaway lines...
[2026-01-21T08:51:53.020Z] [INFO] [Putaway Completion] Query: SELECT item_code, qty, rack, bin, carton_id, location_id FROM tabPutawayLine WHERE parent_title = ? AND item_code IS NOT NULL AND qty > 0
[2026-01-21T08:51:53.021Z] [INFO] [Putaway Completion] Params: [
  "PUT-20260121-0001"
]
[2026-01-21T08:51:53.026Z] [INFO] [Putaway Completion] Putaway lines query result:
{
  "lines_count": 2,
  "lines": [
    {
      "item_code": "SKU-HAT-301-BLU-OS",
      "qty": "2.00",
      "carton_id": "CTN-TI-123457-20260121-111153-371",
      "location_id": "A1-R02-L1-B2",
      "rack": "Rack 02",
      "bin": "B2"
    },
    {
      "item_code": "SKU-HAT-301-GRN-OS",
      "qty": "2.00",
      "carton_id": "CTN-TI-123457-20260121-111153-371",
      "location_id": "A1-R02-L1-B2",
      "rack": "Rack 02",
      "bin": "B2"
    }
  ]
}
[2026-01-21T08:51:53.027Z] [INFO] [Putaway Completion] ✅ Found 2 putaway line(s) for task PUT-20260121-0001
[2026-01-21T08:51:53.033Z] [INFO] [Putaway Completion] Transfer In putaway detected: transfer_in=INSLIP-123457, task.warehouse=WH-MAIN
[2026-01-21T08:51:53.035Z] [INFO] [Putaway Completion] Using warehouse from putaway task: WH-MAIN
[2026-01-21T08:51:53.037Z] [INFO] [Putaway Completion] Step 5: Warehouse resolved: WH-MAIN
[2026-01-21T08:51:53.038Z] [INFO] [Putaway Completion] Step 5: Starting stock update loop...
[2026-01-21T08:51:53.039Z] [INFO] [Putaway Completion] Stock update loop parameters:
{
  "warehouse": "WH-MAIN",
  "total_lines": 2,
  "event_location_id": "A1-R02-L1-B2",
  "event_rack": "Rack 02",
  "event_bin": "B2",
  "event_carton_id": "CTN-TI-123457-20260121-111153-371",
  "event_box_id": "CTN-TI-123457-20260121-111153-371"
}
[2026-01-21T08:51:53.040Z] [INFO] [Putaway Completion] ========================================
[2026-01-21T08:51:53.041Z] [INFO] [Putaway Completion] Processing line 1/2
[2026-01-21T08:51:53.042Z] [INFO] [Putaway Completion] Line data: {
  "item_code": "SKU-HAT-301-BLU-OS",
  "qty": "2.00",
  "carton_id": "CTN-TI-123457-20260121-111153-371",
  "location_id": "A1-R02-L1-B2",
  "rack": "Rack 02",
  "bin": "B2"
}
[2026-01-21T08:51:53.043Z] [INFO] [Putaway Completion] Location determination for line 1:
{
  "event_location_id": "A1-R02-L1-B2",
  "line_location_id": "A1-R02-L1-B2",
  "line_rack": "Rack 02",
  "line_bin": "B2",
  "event_rack": "Rack 02",
  "event_bin": "B2",
  "resolved_binLocation": "A1-R02-L1-B2"
}
[2026-01-21T08:51:53.044Z] [INFO] [Putaway Completion] Line 1 validation:
{
  "itemCode": "SKU-HAT-301-BLU-OS",
  "lineQty": 2,
  "binLocation": "A1-R02-L1-B2",
  "hasItemCode": true,
  "hasValidQty": true,
  "hasValidLocation": true
}
[2026-01-21T08:51:53.045Z] [INFO] [Putaway Completion] ✅ Line 1 passed validation - processing stock update
[2026-01-21T08:53:21.891Z] [INFO] 📊 Database Configuration
{
  "Host": "localhost",
  "Port": "3306",
  "User": "erppadmin",
  "Password": "***",
  "Database": "wms_desktop"
}
[2026-01-21T08:53:21.930Z] [INFO] ======================================================================
[2026-01-21T08:53:21.931Z] [INFO] 🚀 WMS API Server Started
[2026-01-21T08:53:21.931Z] [INFO] ======================================================================
[2026-01-21T08:53:21.931Z] [INFO] 🔍 Server Configuration
{
  "HOST": "0.0.0.0",
  "PORT": "3000",
  "API_BASE_URL": "http://localhost:3000",
  "NetworkIPs": [
    "192.168.103.219"
  ]
}
[2026-01-21T08:53:21.932Z] [SUCCESS] Server running on all interfaces (0.0.0.0:3000)
[2026-01-21T08:53:21.932Z] [INFO] 📍 Access URLs
{
  "Health": "http://192.168.103.219:3000/health",
  "API": "http://localhost:3000/api",
  "LocalHealth": "http://localhost:3000/health",
  "LocalAPI": "http://localhost:3000/api"
}
[2026-01-21T08:53:21.932Z] [INFO] ======================================================================
[2026-01-21T08:53:24.823Z] [INFO] 📥 GET /api/health
{
  "IP": "192.168.103.205",
  "UserAgent": "okhttp/4.12.0"
}
[2026-01-21T08:53:26.283Z] [INFO] 📥 GET /api/putaway/tasks?status=In%20Progress
{
  "IP": "127.0.0.1",
  "UserAgent": "PostmanRuntime/7.51.0"
}
[2026-01-21T08:53:35.978Z] [INFO] 📥 GET /api/health
{
  "IP": "192.168.103.205",
  "UserAgent": "okhttp/4.12.0"
}
[2026-01-21T08:53:37.980Z] [INFO] 📥 POST /api/auth/login
{
  "IP": "127.0.0.1",
  "UserAgent": "PostmanRuntime/7.51.0"
}
[2026-01-21T08:53:37.995Z] [DEBUG] Requesting database connection from pool
[2026-01-21T08:53:38.039Z] [SUCCESS] New database connection established
[2026-01-21T08:53:38.041Z] [DEBUG] Database connection obtained from pool
[2026-01-21T08:53:45.233Z] [INFO] 📥 GET /api/health
{
  "IP": "192.168.103.205",
  "UserAgent": "okhttp/4.12.0"
}
[2026-01-21T08:53:48.307Z] [INFO] 📥 GET /api/health
{
  "IP": "192.168.103.205",
  "UserAgent": "okhttp/4.12.0"
}
[2026-01-21T08:53:49.350Z] [INFO] 📥 GET /api/health
{
  "IP": "192.168.103.205",
  "UserAgent": "okhttp/4.12.0"
}
[2026-01-21T08:53:51.450Z] [INFO] 📥 GET /api/health
{
  "IP": "192.168.103.205",
  "UserAgent": "okhttp/4.12.0"
}
[2026-01-21T08:53:54.819Z] [INFO] 📥 GET /api/health
{
  "IP": "192.168.103.205",
  "UserAgent": "okhttp/4.12.0"
}
[2026-01-21T08:53:54.828Z] [INFO] 📥 GET /api/putaway/tasks?status=In%20Progress
{
  "IP": "127.0.0.1",
  "UserAgent": "PostmanRuntime/7.51.0"
}
[2026-01-21T08:53:54.830Z] [INFO] [Putaway Tasks API] Request received:
{
  "status": "In Progress",
  "source_type": "NOT_PROVIDED",
  "advance_shipping_notice": "NOT_PROVIDED",
  "transfer_in": "NOT_PROVIDED"
}
[2026-01-21T08:53:54.830Z] [DEBUG] Requesting database connection from pool
[2026-01-21T08:53:54.830Z] [DEBUG] Database connection obtained from pool
[2026-01-21T08:53:54.840Z] [INFO] [Putaway Tasks API] Status filter applied:
[
  "In Progress"
]
[2026-01-21T08:53:54.853Z] [INFO] [Putaway Tasks API] Query executed:
{
  "whereClause": "WHERE pt.status IN (?)",
  "params": [
    "In Progress"
  ],
  "tasks_found": 1
}
[2026-01-21T08:53:54.854Z] [INFO] [Putaway Tasks API] Tasks found:
[
  {
    "title": "PUT-20260121-0001",
    "status": "In Progress",
    "source_type": "TransferIn",
    "transfer_in": "INSLIP-123457"
  }
]
[2026-01-21T08:53:54.865Z] [INFO] [Putaway Tasks API] Returning 1 task(s) to client
[2026-01-21T08:54:05.991Z] [INFO] 📥 GET /api/health
{
  "IP": "192.168.103.205",
  "UserAgent": "okhttp/4.12.0"
}
[2026-01-21T08:54:09.946Z] [INFO] 📥 POST /api/putaway/trigger-stock-update
{
  "IP": "127.0.0.1",
  "UserAgent": "PostmanRuntime/7.51.0"
}
[2026-01-21T08:54:09.947Z] [DEBUG] Request body
{
  "putaway_task": "PUT-20260120-0001",
  "user_id": "USER-001"
}
[2026-01-21T08:54:09.948Z] [INFO] [Putaway Stock Update] ========================================
[2026-01-21T08:54:09.948Z] [INFO] [Putaway Stock Update] 🔵 ENTRY: triggerStockUpdate called
[2026-01-21T08:54:09.948Z] [INFO] [Putaway Stock Update] Request body: {
  "putaway_task": "PUT-20260120-0001",
  "user_id": "USER-001"
}
[2026-01-21T08:54:09.948Z] [INFO] [Putaway Stock Update] ========================================
[2026-01-21T08:54:09.949Z] [INFO] [Putaway Stock Update] Step 1: Getting database connection...
[2026-01-21T08:54:09.949Z] [INFO] [Putaway Stock Update] Step 2: Importing processPutawayCompletionEvent...
[2026-01-21T08:54:09.949Z] [INFO] [Putaway Stock Update] Step 3: Getting database connection...
[2026-01-21T08:54:09.950Z] [DEBUG] Requesting database connection from pool
[2026-01-21T08:54:09.950Z] [DEBUG] Database connection obtained from pool
[2026-01-21T08:54:09.962Z] [INFO] [Putaway Stock Update] ✅ Got connection and imported processPutawayCompletionEvent
[2026-01-21T08:54:15.238Z] [INFO] 📥 GET /api/health
{
  "IP": "192.168.103.205",
  "UserAgent": "okhttp/4.12.0"
}
[2026-01-21T08:54:18.300Z] [INFO] 📥 GET /api/health
{
  "IP": "192.168.103.205",
  "UserAgent": "okhttp/4.12.0"
}
[2026-01-21T08:54:19.319Z] [INFO] 📥 GET /api/health
{
  "IP": "192.168.103.205",
  "UserAgent": "okhttp/4.12.0"
}
[2026-01-21T08:54:20.751Z] [INFO] 📥 POST /api/putaway/trigger-stock-update
{
  "IP": "127.0.0.1",
  "UserAgent": "PostmanRuntime/7.51.0"
}
[2026-01-21T08:54:20.752Z] [DEBUG] Request body
{
  "putaway_task": "PUT-20260121-0001",
  "user_id": "USER-001"
}
[2026-01-21T08:54:20.755Z] [INFO] [Putaway Stock Update] ========================================
[2026-01-21T08:54:20.756Z] [INFO] [Putaway Stock Update] 🔵 ENTRY: triggerStockUpdate called
[2026-01-21T08:54:20.758Z] [INFO] [Putaway Stock Update] Request body: {
  "putaway_task": "PUT-20260121-0001",
  "user_id": "USER-001"
}
[2026-01-21T08:54:20.759Z] [INFO] [Putaway Stock Update] ========================================
[2026-01-21T08:54:20.760Z] [INFO] [Putaway Stock Update] Step 1: Getting database connection...
[2026-01-21T08:54:20.763Z] [INFO] [Putaway Stock Update] Step 2: Importing processPutawayCompletionEvent...
[2026-01-21T08:54:20.764Z] [INFO] [Putaway Stock Update] Step 3: Getting database connection...
[2026-01-21T08:54:20.765Z] [DEBUG] Requesting database connection from pool
[2026-01-21T08:54:20.767Z] [DEBUG] Database connection obtained from pool
[2026-01-21T08:54:20.769Z] [INFO] [Putaway Stock Update] ✅ Got connection and imported processPutawayCompletionEvent
[2026-01-21T08:54:20.773Z] [INFO] [Putaway Stock Update] Step 6: Checking database schema for tabPutawayLine...
[2026-01-21T08:54:20.778Z] [INFO] [Putaway Stock Update] Line schema check result:
{
  "hasLocationId": true,
  "hasRack": true,
  "hasBin": true,
  "hasCartonId": true,
  "hasBoxId": false
}
[2026-01-21T08:54:20.780Z] [INFO] [Putaway Stock Update] Step 7: Querying putaway lines: SELECT item_code, qty, carton_id, location_id, rack, bin FROM tabPutawayLine WHERE parent_title = ? AND item_code IS NOT NULL AND qty > 0
[2026-01-21T08:54:20.782Z] [INFO] [Putaway Stock Update] Query params: [PUT-20260121-0001]
[2026-01-21T08:54:20.789Z] [INFO] [Putaway Stock Update] Putaway lines query result:
{
  "lines_count": 2,
  "lines": [
    {
      "item_code": "SKU-HAT-301-BLU-OS",
      "qty": "2.00",
      "location_id": "A1-R02-L1-B2",
      "rack": "Rack 02",
      "bin": "B2",
      "carton_id": "CTN-TI-123457-20260121-111153-371",
      "box_id": "N/A"
    },
    {
      "item_code": "SKU-HAT-301-GRN-OS",
      "qty": "2.00",
      "location_id": "A1-R02-L1-B2",
      "rack": "Rack 02",
      "bin": "B2",
      "carton_id": "CTN-TI-123457-20260121-111153-371",
      "box_id": "N/A"
    }
  ]
}
[2026-01-21T08:54:20.793Z] [INFO] [Putaway Stock Update] Step 8: Location check:
{
  "hasLocation": true,
  "lines_with_location_id": 2,
  "lines_with_rack": 2,
  "lines_with_bin": 2,
  "total_lines": 2
}
[2026-01-21T08:54:20.794Z] [INFO] [Putaway Stock Update] Step 10: Getting location and carton_id from putaway lines...
[2026-01-21T08:54:20.795Z] [INFO] [Putaway Stock Update] ✅ Found location_id from line: A1-R02-L1-B2
[2026-01-21T08:54:20.797Z] [INFO] [Putaway Stock Update] First line values:
{
  "location_id": "A1-R02-L1-B2",
  "rack": "Rack 02",
  "bin": "B2",
  "carton_id": "CTN-TI-123457-20260121-111153-371",
  "box_id": "CTN-TI-123457-20260121-111153-371"
}
[2026-01-21T08:54:20.798Z] [INFO] [Putaway Stock Update] Step 11: Final values before calling processPutawayCompletionEvent:
{
  "warehouse": "WH-MAIN",
  "location_id": "A1-R02-L1-B2",
  "rack": "Rack 02",
  "bin": "B2",
  "carton_id": "CTN-TI-123457-20260121-111153-371",
  "box_id": "CTN-TI-123457-20260121-111153-371",
  "lines_count": 2,
  "lines_with_location": 2
}
[2026-01-21T08:54:20.799Z] [INFO] [Putaway Stock Update] ========================================
[2026-01-21T08:54:20.800Z] [INFO] [Putaway Stock Update] Step 12: CALLING processPutawayCompletionEvent
[2026-01-21T08:54:20.802Z] [INFO] [Putaway Stock Update] Event params: {
  "event_type": "PUTAWAY_TO_RACK",
  "putaway_task": "PUT-20260121-0001",
  "box_id": "CTN-TI-123457-20260121-111153-371",
  "carton_id": "CTN-TI-123457-20260121-111153-371",
  "location_id": "A1-R02-L1-B2",
  "rack": "Rack 02",
  "bin": "B2",
  "item_code": null,
  "qty": null,
  "user_id": "USER-001",
  "store": "WH-MAIN",
  "tc_id": null
}
[2026-01-21T08:54:20.806Z] [INFO] [Putaway Stock Update] ========================================
[2026-01-21T08:54:20.812Z] [INFO] [Putaway Completion] ========================================
[2026-01-21T08:54:20.814Z] [INFO] [Putaway Completion] 🔵 ENTRY: processPutawayCompletionEvent called
[2026-01-21T08:54:20.815Z] [INFO] [Putaway Completion] Connection validation:
{
  "hasConnection": true,
  "connectionType": "object",
  "hasExecute": true
}
[2026-01-21T08:54:20.817Z] [INFO] [Putaway Completion] Event object: {
  "putaway_task": "PUT-20260121-0001",
  "tc_id": "NULL",
  "box_id": "CTN-TI-123457-20260121-111153-371",
  "carton_id": "CTN-TI-123457-20260121-111153-371",
  "location_id": "A1-R02-L1-B2",
  "rack": "Rack 02",
  "bin": "B2",
  "item_code": "NULL",
  "qty": "NULL",
  "user_id": "USER-001",
  "store": "WH-MAIN",
  "event_type": "PUTAWAY_TO_RACK"
}
[2026-01-21T08:54:20.818Z] [INFO] [Putaway Completion] ========================================
[2026-01-21T08:54:20.819Z] [INFO] [Putaway Completion] 🔍 DEBUG: About to extract event parameters...
[2026-01-21T08:54:20.821Z] [INFO] [Putaway Completion] 🔍 DEBUG: Event parameters extracted successfully
[2026-01-21T08:54:20.822Z] [INFO] [Putaway Completion] Step 0: Extracted event parameters:
{
  "putaway_task": "PUT-20260121-0001",
  "tc_id": "NULL",
  "box_id": "CTN-TI-123457-20260121-111153-371",
  "carton_id": "CTN-TI-123457-20260121-111153-371",
  "location_id": "A1-R02-L1-B2",
  "item_code": "NULL",
  "qty": "NULL"
}
[2026-01-21T08:54:20.823Z] [INFO] [Putaway Completion] Step 0a: Initial putawayTaskTitle: PUT-20260121-0001
[2026-01-21T08:54:20.827Z] [INFO] [Putaway Completion] Step 0b: ✅ putawayTaskTitle resolved: PUT-20260121-0001
[2026-01-21T08:54:20.831Z] [INFO] [Putaway Completion] Processing putaway task: PUT-20260121-0001, carton_id from event: CTN-TI-123457-20260121-111153-371, item_code: NULL, qty: NULL, location_id: A1-R02-L1-B2, rack: Rack 02, bin: B2
[2026-01-21T08:54:20.832Z] [INFO] [Putaway Completion] Step 1: Starting transaction...
[2026-01-21T08:54:20.837Z] [INFO] [Putaway Completion] ✅ Transaction started
[2026-01-21T08:54:20.838Z] [INFO] [Putaway Completion] Step 2: Locking putaway task row: PUT-20260121-0001
[2026-01-21T08:54:20.841Z] [INFO] [Putaway Completion] Task status query result:
{
  "found": true,
  "status": "In Progress"
}
[2026-01-21T08:54:20.842Z] [INFO] [Putaway Completion] ✅ Task status check passed: In Progress
[2026-01-21T08:54:20.851Z] [INFO] [Putaway Completion] Manual trigger detected (item_code=null) - processing all lines for task, not filtering by carton_id
[2026-01-21T08:54:20.853Z] [INFO] [Putaway Completion] Step 4: Querying putaway lines...
[2026-01-21T08:54:20.854Z] [INFO] [Putaway Completion] Query: SELECT item_code, qty, rack, bin, carton_id, location_id FROM tabPutawayLine WHERE parent_title = ? AND item_code IS NOT NULL AND qty > 0
[2026-01-21T08:54:20.854Z] [INFO] [Putaway Completion] Params: [
  "PUT-20260121-0001"
]
[2026-01-21T08:54:20.859Z] [INFO] [Putaway Completion] Putaway lines query result:
{
  "lines_count": 2,
  "lines": [
    {
      "item_code": "SKU-HAT-301-BLU-OS",
      "qty": "2.00",
      "carton_id": "CTN-TI-123457-20260121-111153-371",
      "location_id": "A1-R02-L1-B2",
      "rack": "Rack 02",
      "bin": "B2"
    },
    {
      "item_code": "SKU-HAT-301-GRN-OS",
      "qty": "2.00",
      "carton_id": "CTN-TI-123457-20260121-111153-371",
      "location_id": "A1-R02-L1-B2",
      "rack": "Rack 02",
      "bin": "B2"
    }
  ]
}
[2026-01-21T08:54:20.860Z] [INFO] [Putaway Completion] ✅ Found 2 putaway line(s) for task PUT-20260121-0001
[2026-01-21T08:54:20.864Z] [INFO] [Putaway Completion] Transfer In putaway detected: transfer_in=INSLIP-123457, task.warehouse=WH-MAIN
[2026-01-21T08:54:20.867Z] [INFO] [Putaway Completion] Using warehouse from putaway task: WH-MAIN
[2026-01-21T08:54:20.870Z] [INFO] [Putaway Completion] Step 5: Warehouse resolved: WH-MAIN
[2026-01-21T08:54:20.871Z] [INFO] [Putaway Completion] Step 5: Starting stock update loop...
[2026-01-21T08:54:20.873Z] [INFO] [Putaway Completion] Stock update loop parameters:
{
  "warehouse": "WH-MAIN",
  "total_lines": 2,
  "event_location_id": "A1-R02-L1-B2",
  "event_rack": "Rack 02",
  "event_bin": "B2",
  "event_carton_id": "CTN-TI-123457-20260121-111153-371",
  "event_box_id": "CTN-TI-123457-20260121-111153-371"
}
[2026-01-21T08:54:20.874Z] [INFO] [Putaway Completion] ========================================
[2026-01-21T08:54:20.875Z] [INFO] [Putaway Completion] Processing line 1/2
[2026-01-21T08:54:20.875Z] [INFO] [Putaway Completion] Line data: {
  "item_code": "SKU-HAT-301-BLU-OS",
  "qty": "2.00",
  "carton_id": "CTN-TI-123457-20260121-111153-371",
  "location_id": "A1-R02-L1-B2",
  "rack": "Rack 02",
  "bin": "B2"
}
[2026-01-21T08:54:20.876Z] [INFO] [Putaway Completion] Location determination for line 1:
{
  "event_location_id": "A1-R02-L1-B2",
  "line_location_id": "A1-R02-L1-B2",
  "line_rack": "Rack 02",
  "line_bin": "B2",
  "event_rack": "Rack 02",
  "event_bin": "B2",
  "resolved_binLocation": "A1-R02-L1-B2"
}
[2026-01-21T08:54:20.877Z] [INFO] [Putaway Completion] Line 1 validation:
{
  "itemCode": "SKU-HAT-301-BLU-OS",
  "lineQty": 2,
  "binLocation": "A1-R02-L1-B2",
  "hasItemCode": true,
  "hasValidQty": true,
  "hasValidLocation": true
}
[2026-01-21T08:54:20.877Z] [INFO] [Putaway Completion] ✅ Line 1 passed validation - processing stock update
[2026-01-21T08:54:21.463Z] [INFO] 📥 GET /api/health
{
  "IP": "192.168.103.205",
  "UserAgent": "okhttp/4.12.0"
}
[2026-01-21T08:54:24.825Z] [INFO] 📥 GET /api/health
{
  "IP": "192.168.103.205",
  "UserAgent": "okhttp/4.12.0"
}
[2026-01-21T08:54:30.585Z] [INFO] 📥 POST /api/putaway/scan-transfer-carton
{
  "IP": "127.0.0.1",
  "UserAgent": "PostmanRuntime/7.51.0"
}
[2026-01-21T08:54:30.586Z] [DEBUG] Request body
{
  "box_id": "CTN-TI-123457-20260121-111153-371",
  "location_id": "A1-R02-L1-B2",
  "user_id": "USER-402498"
}
[2026-01-21T08:54:30.589Z] [INFO] [Putaway Scan] Entry: location_id=A1-R02-L1-B2, box_id=CTN-TI-123457-20260121-111153-371, tc_id=NULL, putaway_task=NULL, carton_id=NULL
[2026-01-21T08:54:30.592Z] [DEBUG] Requesting database connection from pool
[2026-01-21T08:54:30.593Z] [DEBUG] Database connection obtained from pool
[2026-01-21T08:54:30.604Z] [INFO] [Putaway Validation] Validated Transfer In putaway box CTN-TI-123457-20260121-111153-371
[2026-01-21T08:54:30.604Z] [INFO] [Putaway Scan] Checking location update path: taskTitleToCheck=PUT-20260121-0001, location_id=A1-R02-L1-B2, actualPutawayTask=NULL
[2026-01-21T08:54:30.606Z] [INFO] [Putaway Scan] ✅ Location update path triggered: task=PUT-20260121-0001, location=A1-R02-L1-B2
[2026-01-21T08:54:30.613Z] [INFO] [Putaway] Updating 2 line(s) with location: location_id=A1-R02-L1-B2, rack=Rack 02, bin=B2
{
  "hasLineLocationIdColumn": true,
  "hasLineRack": true,
  "hasLineBin": true
}
[2026-01-21T08:54:30.615Z] [INFO] [Putaway] Including location_id=A1-R02-L1-B2 in UPDATE for line ID 413
[2026-01-21T08:54:30.616Z] [INFO] [Putaway] Executing UPDATE query: UPDATE tabPutawayLine SET rack = ?, bin = ?, location_id = ?, updated_at = CURRENT_TIMESTAMP WHERE id = ? with params: [Rack 02, B2, A1-R02-L1-B2, 413]
[2026-01-21T08:54:30.620Z] [INFO] [Putaway] Updated line ID 413: 1 row(s) affected
[2026-01-21T08:54:30.623Z] [INFO] [Putaway] Including location_id=A1-R02-L1-B2 in UPDATE for line ID 414
[2026-01-21T08:54:30.624Z] [INFO] [Putaway] Executing UPDATE query: UPDATE tabPutawayLine SET rack = ?, bin = ?, location_id = ?, updated_at = CURRENT_TIMESTAMP WHERE id = ? with params: [Rack 02, B2, A1-R02-L1-B2, 414]
[2026-01-21T08:54:30.627Z] [INFO] [Putaway] Updated line ID 414: 1 row(s) affected
[2026-01-21T08:54:30.636Z] [INFO] [Putaway] Triggering stock updates for putaway task PUT-20260121-0001 after location assignment
[2026-01-21T08:54:30.638Z] [DEBUG] Requesting database connection from pool
[2026-01-21T08:54:30.640Z] [DEBUG] Database connection obtained from pool
[2026-01-21T08:54:30.646Z] [INFO] [Putaway] 🔵 About to call processPutawayCompletionEvent with params:
{
  "event_type": "PUTAWAY_TO_RACK",
  "putaway_task": "PUT-20260121-0001",
  "box_id": "CTN-TI-123457-20260121-111153-371",
  "carton_id": "CTN-TI-123457-20260121-111153-371",
  "location_id": "A1-R02-L1-B2",
  "rack": "Rack 02",
  "bin": "B2",
  "warehouse": "WH-MAIN",
  "user_id": "USER-402498"
}
[2026-01-21T08:54:30.648Z] [INFO] [Putaway Completion] ========================================
[2026-01-21T08:54:30.649Z] [INFO] [Putaway Completion] 🔵 ENTRY: processPutawayCompletionEvent called
[2026-01-21T08:54:30.650Z] [INFO] [Putaway Completion] Connection validation:
{
  "hasConnection": true,
  "connectionType": "object",
  "hasExecute": true
}
[2026-01-21T08:54:30.652Z] [INFO] [Putaway Completion] Event object: {
  "putaway_task": "PUT-20260121-0001",
  "tc_id": "NULL",
  "box_id": "CTN-TI-123457-20260121-111153-371",
  "carton_id": "CTN-TI-123457-20260121-111153-371",
  "location_id": "A1-R02-L1-B2",
  "rack": "Rack 02",
  "bin": "B2",
  "item_code": "NULL",
  "qty": "NULL",
  "user_id": "USER-402498",
  "store": "WH-MAIN",
  "event_type": "PUTAWAY_TO_RACK"
}
[2026-01-21T08:54:30.653Z] [INFO] [Putaway Completion] ========================================
[2026-01-21T08:54:30.654Z] [INFO] [Putaway Completion] 🔍 DEBUG: About to extract event parameters...
[2026-01-21T08:54:30.655Z] [INFO] [Putaway Completion] 🔍 DEBUG: Event parameters extracted successfully
[2026-01-21T08:54:30.656Z] [INFO] [Putaway Completion] Step 0: Extracted event parameters:
{
  "putaway_task": "PUT-20260121-0001",
  "tc_id": "NULL",
  "box_id": "CTN-TI-123457-20260121-111153-371",
  "carton_id": "CTN-TI-123457-20260121-111153-371",
  "location_id": "A1-R02-L1-B2",
  "item_code": "NULL",
  "qty": "NULL"
}
[2026-01-21T08:54:30.658Z] [INFO] [Putaway Completion] Step 0a: Initial putawayTaskTitle: PUT-20260121-0001
[2026-01-21T08:54:30.665Z] [INFO] [Putaway Completion] Step 0b: ✅ putawayTaskTitle resolved: PUT-20260121-0001
[2026-01-21T08:54:30.666Z] [INFO] [Putaway Completion] Processing putaway task: PUT-20260121-0001, carton_id from event: CTN-TI-123457-20260121-111153-371, item_code: NULL, qty: NULL, location_id: A1-R02-L1-B2, rack: Rack 02, bin: B2
[2026-01-21T08:54:30.667Z] [INFO] [Putaway Completion] Step 1: Starting transaction...
[2026-01-21T08:54:30.671Z] [INFO] [Putaway Completion] ✅ Transaction started
[2026-01-21T08:54:30.672Z] [INFO] [Putaway Completion] Step 2: Locking putaway task row: PUT-20260121-0001
[2026-01-21T08:54:30.674Z] [INFO] [Putaway Completion] Task status query result:
{
  "found": true,
  "status": "In Progress"
}
[2026-01-21T08:54:30.677Z] [INFO] [Putaway Completion] ✅ Task status check passed: In Progress
[2026-01-21T08:54:30.680Z] [INFO] [Putaway Completion] Manual trigger detected (item_code=null) - processing all lines for task, not filtering by carton_id
[2026-01-21T08:54:30.682Z] [INFO] [Putaway Completion] Step 4: Querying putaway lines...
[2026-01-21T08:54:30.684Z] [INFO] [Putaway Completion] Query: SELECT item_code, qty, rack, bin, carton_id, location_id FROM tabPutawayLine WHERE parent_title = ? AND item_code IS NOT NULL AND qty > 0
[2026-01-21T08:54:30.685Z] [INFO] [Putaway Completion] Params: [
  "PUT-20260121-0001"
]
[2026-01-21T08:54:30.687Z] [INFO] [Putaway Completion] Putaway lines query result:
{
  "lines_count": 2,
  "lines": [
    {
      "item_code": "SKU-HAT-301-BLU-OS",
      "qty": "2.00",
      "carton_id": "CTN-TI-123457-20260121-111153-371",
      "location_id": "A1-R02-L1-B2",
      "rack": "Rack 02",
      "bin": "B2"
    },
    {
      "item_code": "SKU-HAT-301-GRN-OS",
      "qty": "2.00",
      "carton_id": "CTN-TI-123457-20260121-111153-371",
      "location_id": "A1-R02-L1-B2",
      "rack": "Rack 02",
      "bin": "B2"
    }
  ]
}
[2026-01-21T08:54:30.689Z] [INFO] [Putaway Completion] ✅ Found 2 putaway line(s) for task PUT-20260121-0001
[2026-01-21T08:54:30.693Z] [INFO] [Putaway Completion] Transfer In putaway detected: transfer_in=INSLIP-123457, task.warehouse=WH-MAIN
[2026-01-21T08:54:30.694Z] [INFO] [Putaway Completion] Using warehouse from putaway task: WH-MAIN
[2026-01-21T08:54:30.697Z] [INFO] [Putaway Completion] Step 5: Warehouse resolved: WH-MAIN
[2026-01-21T08:54:30.698Z] [INFO] [Putaway Completion] Step 5: Starting stock update loop...
[2026-01-21T08:54:30.699Z] [INFO] [Putaway Completion] Stock update loop parameters:
{
  "warehouse": "WH-MAIN",
  "total_lines": 2,
  "event_location_id": "A1-R02-L1-B2",
  "event_rack": "Rack 02",
  "event_bin": "B2",
  "event_carton_id": "CTN-TI-123457-20260121-111153-371",
  "event_box_id": "CTN-TI-123457-20260121-111153-371"
}
[2026-01-21T08:54:30.701Z] [INFO] [Putaway Completion] ========================================
[2026-01-21T08:54:30.703Z] [INFO] [Putaway Completion] Processing line 1/2
[2026-01-21T08:54:30.704Z] [INFO] [Putaway Completion] Line data: {
  "item_code": "SKU-HAT-301-BLU-OS",
  "qty": "2.00",
  "carton_id": "CTN-TI-123457-20260121-111153-371",
  "location_id": "A1-R02-L1-B2",
  "rack": "Rack 02",
  "bin": "B2"
}
[2026-01-21T08:54:30.705Z] [INFO] [Putaway Completion] Location determination for line 1:
{
  "event_location_id": "A1-R02-L1-B2",
  "line_location_id": "A1-R02-L1-B2",
  "line_rack": "Rack 02",
  "line_bin": "B2",
  "event_rack": "Rack 02",
  "event_bin": "B2",
  "resolved_binLocation": "A1-R02-L1-B2"
}
[2026-01-21T08:54:30.707Z] [INFO] [Putaway Completion] Line 1 validation:
{
  "itemCode": "SKU-HAT-301-BLU-OS",
  "lineQty": 2,
  "binLocation": "A1-R02-L1-B2",
  "hasItemCode": true,
  "hasValidQty": true,
  "hasValidLocation": true
}
[2026-01-21T08:54:30.707Z] [INFO] [Putaway Completion] ✅ Line 1 passed validation - processing stock update
[2026-01-21T08:54:32.112Z] [INFO] 📥 POST /api/putaway/scan-transfer-carton
{
  "IP": "127.0.0.1",
  "UserAgent": "PostmanRuntime/7.51.0"
}
[2026-01-21T08:54:32.113Z] [DEBUG] Request body
{
  "box_id": "CTN-TI-123457-20260121-111153-371",
  "location_id": "A1-R02-L1-B2",
  "user_id": "USER-402498"
}
[2026-01-21T08:54:32.114Z] [INFO] [Putaway Scan] Entry: location_id=A1-R02-L1-B2, box_id=CTN-TI-123457-20260121-111153-371, tc_id=NULL, putaway_task=NULL, carton_id=NULL
[2026-01-21T08:54:32.116Z] [DEBUG] Requesting database connection from pool
[2026-01-21T08:54:32.117Z] [DEBUG] Database connection obtained from pool
[2026-01-21T08:54:32.123Z] [INFO] [Putaway Validation] Validated Transfer In putaway box CTN-TI-123457-20260121-111153-371
[2026-01-21T08:54:32.124Z] [INFO] [Putaway Scan] Checking location update path: taskTitleToCheck=PUT-20260121-0001, location_id=A1-R02-L1-B2, actualPutawayTask=NULL
[2026-01-21T08:54:32.125Z] [INFO] [Putaway Scan] ✅ Location update path triggered: task=PUT-20260121-0001, location=A1-R02-L1-B2
[2026-01-21T08:54:32.128Z] [INFO] [Putaway] Updating 2 line(s) with location: location_id=A1-R02-L1-B2, rack=Rack 02, bin=B2
{
  "hasLineLocationIdColumn": true,
  "hasLineRack": true,
  "hasLineBin": true
}
[2026-01-21T08:54:32.130Z] [INFO] [Putaway] Including location_id=A1-R02-L1-B2 in UPDATE for line ID 413
[2026-01-21T08:54:32.131Z] [INFO] [Putaway] Executing UPDATE query: UPDATE tabPutawayLine SET rack = ?, bin = ?, location_id = ?, updated_at = CURRENT_TIMESTAMP WHERE id = ? with params: [Rack 02, B2, A1-R02-L1-B2, 413]
[2026-01-21T08:54:32.133Z] [INFO] [Putaway] Updated line ID 413: 1 row(s) affected
[2026-01-21T08:54:32.134Z] [INFO] [Putaway] Including location_id=A1-R02-L1-B2 in UPDATE for line ID 414
[2026-01-21T08:54:32.136Z] [INFO] [Putaway] Executing UPDATE query: UPDATE tabPutawayLine SET rack = ?, bin = ?, location_id = ?, updated_at = CURRENT_TIMESTAMP WHERE id = ? with params: [Rack 02, B2, A1-R02-L1-B2, 414]
[2026-01-21T08:54:32.140Z] [INFO] [Putaway] Updated line ID 414: 1 row(s) affected
[2026-01-21T08:54:32.150Z] [INFO] [Putaway] Triggering stock updates for putaway task PUT-20260121-0001 after location assignment
[2026-01-21T08:54:32.152Z] [DEBUG] Requesting database connection from pool
[2026-01-21T08:54:32.154Z] [DEBUG] Database connection obtained from pool
[2026-01-21T08:54:32.159Z] [INFO] [Putaway] 🔵 About to call processPutawayCompletionEvent with params:
{
  "event_type": "PUTAWAY_TO_RACK",
  "putaway_task": "PUT-20260121-0001",
  "box_id": "CTN-TI-123457-20260121-111153-371",
  "carton_id": "CTN-TI-123457-20260121-111153-371",
  "location_id": "A1-R02-L1-B2",
  "rack": "Rack 02",
  "bin": "B2",
  "warehouse": "WH-MAIN",
  "user_id": "USER-402498"
}
[2026-01-21T08:54:32.160Z] [INFO] [Putaway Completion] ========================================
[2026-01-21T08:54:32.162Z] [INFO] [Putaway Completion] 🔵 ENTRY: processPutawayCompletionEvent called
[2026-01-21T08:54:32.163Z] [INFO] [Putaway Completion] Connection validation:
{
  "hasConnection": true,
  "connectionType": "object",
  "hasExecute": true
}
[2026-01-21T08:54:32.167Z] [INFO] [Putaway Completion] Event object: {
  "putaway_task": "PUT-20260121-0001",
  "tc_id": "NULL",
  "box_id": "CTN-TI-123457-20260121-111153-371",
  "carton_id": "CTN-TI-123457-20260121-111153-371",
  "location_id": "A1-R02-L1-B2",
  "rack": "Rack 02",
  "bin": "B2",
  "item_code": "NULL",
  "qty": "NULL",
  "user_id": "USER-402498",
  "store": "WH-MAIN",
  "event_type": "PUTAWAY_TO_RACK"
}
[2026-01-21T08:54:32.170Z] [INFO] [Putaway Completion] ========================================
[2026-01-21T08:54:32.172Z] [INFO] [Putaway Completion] 🔍 DEBUG: About to extract event parameters...
[2026-01-21T08:54:32.173Z] [INFO] [Putaway Completion] 🔍 DEBUG: Event parameters extracted successfully
[2026-01-21T08:54:32.174Z] [INFO] [Putaway Completion] Step 0: Extracted event parameters:
{
  "putaway_task": "PUT-20260121-0001",
  "tc_id": "NULL",
  "box_id": "CTN-TI-123457-20260121-111153-371",
  "carton_id": "CTN-TI-123457-20260121-111153-371",
  "location_id": "A1-R02-L1-B2",
  "item_code": "NULL",
  "qty": "NULL"
}
[2026-01-21T08:54:32.176Z] [INFO] [Putaway Completion] Step 0a: Initial putawayTaskTitle: PUT-20260121-0001
[2026-01-21T08:54:32.180Z] [INFO] [Putaway Completion] Step 0b: ✅ putawayTaskTitle resolved: PUT-20260121-0001
[2026-01-21T08:54:32.181Z] [INFO] [Putaway Completion] Processing putaway task: PUT-20260121-0001, carton_id from event: CTN-TI-123457-20260121-111153-371, item_code: NULL, qty: NULL, location_id: A1-R02-L1-B2, rack: Rack 02, bin: B2
[2026-01-21T08:54:32.182Z] [INFO] [Putaway Completion] Step 1: Starting transaction...
[2026-01-21T08:54:32.184Z] [INFO] [Putaway Completion] ✅ Transaction started
[2026-01-21T08:54:32.185Z] [INFO] [Putaway Completion] Step 2: Locking putaway task row: PUT-20260121-0001
[2026-01-21T08:54:32.189Z] [INFO] [Putaway Completion] Task status query result:
{
  "found": true,
  "status": "In Progress"
}
[2026-01-21T08:54:32.191Z] [INFO] [Putaway Completion] ✅ Task status check passed: In Progress
[2026-01-21T08:54:32.195Z] [INFO] [Putaway Completion] Manual trigger detected (item_code=null) - processing all lines for task, not filtering by carton_id
[2026-01-21T08:54:32.198Z] [INFO] [Putaway Completion] Step 4: Querying putaway lines...
[2026-01-21T08:54:32.199Z] [INFO] [Putaway Completion] Query: SELECT item_code, qty, rack, bin, carton_id, location_id FROM tabPutawayLine WHERE parent_title = ? AND item_code IS NOT NULL AND qty > 0
[2026-01-21T08:54:32.199Z] [INFO] [Putaway Completion] Params: [
  "PUT-20260121-0001"
]
[2026-01-21T08:54:32.203Z] [INFO] [Putaway Completion] Putaway lines query result:
{
  "lines_count": 2,
  "lines": [
    {
      "item_code": "SKU-HAT-301-BLU-OS",
      "qty": "2.00",
      "carton_id": "CTN-TI-123457-20260121-111153-371",
      "location_id": "A1-R02-L1-B2",
      "rack": "Rack 02",
      "bin": "B2"
    },
    {
      "item_code": "SKU-HAT-301-GRN-OS",
      "qty": "2.00",
      "carton_id": "CTN-TI-123457-20260121-111153-371",
      "location_id": "A1-R02-L1-B2",
      "rack": "Rack 02",
      "bin": "B2"
    }
  ]
}
[2026-01-21T08:54:32.204Z] [INFO] [Putaway Completion] ✅ Found 2 putaway line(s) for task PUT-20260121-0001
[2026-01-21T08:54:32.208Z] [INFO] [Putaway Completion] Transfer In putaway detected: transfer_in=INSLIP-123457, task.warehouse=WH-MAIN
[2026-01-21T08:54:32.209Z] [INFO] [Putaway Completion] Using warehouse from putaway task: WH-MAIN
[2026-01-21T08:54:32.212Z] [INFO] [Putaway Completion] Step 5: Warehouse resolved: WH-MAIN
[2026-01-21T08:54:32.213Z] [INFO] [Putaway Completion] Step 5: Starting stock update loop...
[2026-01-21T08:54:32.214Z] [INFO] [Putaway Completion] Stock update loop parameters:
{
  "warehouse": "WH-MAIN",
  "total_lines": 2,
  "event_location_id": "A1-R02-L1-B2",
  "event_rack": "Rack 02",
  "event_bin": "B2",
  "event_carton_id": "CTN-TI-123457-20260121-111153-371",
  "event_box_id": "CTN-TI-123457-20260121-111153-371"
}
[2026-01-21T08:54:32.215Z] [INFO] [Putaway Completion] ========================================
[2026-01-21T08:54:32.216Z] [INFO] [Putaway Completion] Processing line 1/2
[2026-01-21T08:54:32.217Z] [INFO] [Putaway Completion] Line data: {
  "item_code": "SKU-HAT-301-BLU-OS",
  "qty": "2.00",
  "carton_id": "CTN-TI-123457-20260121-111153-371",
  "location_id": "A1-R02-L1-B2",
  "rack": "Rack 02",
  "bin": "B2"
}
[2026-01-21T08:54:32.218Z] [INFO] [Putaway Completion] Location determination for line 1:
{
  "event_location_id": "A1-R02-L1-B2",
  "line_location_id": "A1-R02-L1-B2",
  "line_rack": "Rack 02",
  "line_bin": "B2",
  "event_rack": "Rack 02",
  "event_bin": "B2",
  "resolved_binLocation": "A1-R02-L1-B2"
}
[2026-01-21T08:54:32.219Z] [INFO] [Putaway Completion] Line 1 validation:
{
  "itemCode": "SKU-HAT-301-BLU-OS",
  "lineQty": 2,
  "binLocation": "A1-R02-L1-B2",
  "hasItemCode": true,
  "hasValidQty": true,
  "hasValidLocation": true
}
[2026-01-21T08:54:32.220Z] [INFO] [Putaway Completion] ✅ Line 1 passed validation - processing stock update
[2026-01-21T08:54:36.006Z] [INFO] 📥 GET /api/health
{
  "IP": "192.168.103.205",
  "UserAgent": "okhttp/4.12.0"
}
[2026-01-21T08:54:45.257Z] [INFO] 📥 GET /api/health
{
  "IP": "192.168.103.205",
  "UserAgent": "okhttp/4.12.0"
}
[2026-01-21T08:54:48.349Z] [INFO] 📥 GET /api/health
{
  "IP": "192.168.103.205",
  "UserAgent": "okhttp/4.12.0"
}
[2026-01-21T08:54:49.340Z] [INFO] 📥 GET /api/health
{
  "IP": "192.168.103.205",
  "UserAgent": "okhttp/4.12.0"
}
[2026-01-21T08:54:51.459Z] [INFO] 📥 GET /api/health
{
  "IP": "192.168.103.205",
  "UserAgent": "okhttp/4.12.0"
}
[2026-01-21T08:54:54.821Z] [INFO] 📥 GET /api/health
{
  "IP": "192.168.103.205",
  "UserAgent": "okhttp/4.12.0"
}
[2026-01-21T08:55:06.003Z] [INFO] 📥 GET /api/health
{
  "IP": "192.168.103.205",
  "UserAgent": "okhttp/4.12.0"
}
[2026-01-21T08:55:15.233Z] [INFO] 📥 GET /api/health
{
  "IP": "192.168.103.205",
  "UserAgent": "okhttp/4.12.0"
}
[2026-01-21T08:55:18.340Z] [INFO] 📥 GET /api/health
{
  "IP": "192.168.103.205",
  "UserAgent": "okhttp/4.12.0"
}
[2026-01-21T08:55:19.345Z] [INFO] 📥 GET /api/health
{
  "IP": "192.168.103.205",
  "UserAgent": "okhttp/4.12.0"
}
[2026-01-21T08:55:21.468Z] [INFO] 📥 GET /api/health
{
  "IP": "192.168.103.205",
  "UserAgent": "okhttp/4.12.0"
}
[2026-01-21T08:55:24.865Z] [INFO] 📥 GET /api/health
{
  "IP": "192.168.103.205",
  "UserAgent": "okhttp/4.12.0"
}
[2026-01-21T08:55:29.235Z] [INFO] 📊 Database Configuration
{
  "Host": "localhost",
  "Port": "3306",
  "User": "erppadmin",
  "Password": "***",
  "Database": "wms_desktop"
}
[2026-01-21T08:55:29.283Z] [INFO] ======================================================================
[2026-01-21T08:55:29.283Z] [INFO] 🚀 WMS API Server Started
[2026-01-21T08:55:29.284Z] [INFO] ======================================================================
[2026-01-21T08:55:29.284Z] [INFO] 🔍 Server Configuration
{
  "HOST": "0.0.0.0",
  "PORT": "3000",
  "API_BASE_URL": "http://localhost:3000",
  "NetworkIPs": [
    "192.168.103.219"
  ]
}
[2026-01-21T08:55:29.284Z] [SUCCESS] Server running on all interfaces (0.0.0.0:3000)
[2026-01-21T08:55:29.285Z] [INFO] 📍 Access URLs
{
  "Health": "http://192.168.103.219:3000/health",
  "API": "http://localhost:3000/api",
  "LocalHealth": "http://localhost:3000/health",
  "LocalAPI": "http://localhost:3000/api"
}
[2026-01-21T08:55:29.285Z] [INFO] ======================================================================
[2026-01-21T08:55:36.017Z] [INFO] 📥 GET /api/health
{
  "IP": "192.168.103.205",
  "UserAgent": "okhttp/4.12.0"
}
[2026-01-21T08:55:36.244Z] [INFO] 📥 POST /api/putaway/trigger-stock-update
{
  "IP": "127.0.0.1",
  "UserAgent": "PostmanRuntime/7.51.0"
}
[2026-01-21T08:55:36.251Z] [DEBUG] Request body
{
  "putaway_task": "PUT-20260121-0001",
  "user_id": "USER-001"
}
[2026-01-21T08:55:36.254Z] [INFO] [Putaway Stock Update] ========================================
[2026-01-21T08:55:36.254Z] [INFO] [Putaway Stock Update] 🔵 ENTRY: triggerStockUpdate called
[2026-01-21T08:55:36.255Z] [INFO] [Putaway Stock Update] Request body: {
  "putaway_task": "PUT-20260121-0001",
  "user_id": "USER-001"
}
[2026-01-21T08:55:36.255Z] [INFO] [Putaway Stock Update] ========================================
[2026-01-21T08:55:36.255Z] [INFO] [Putaway Stock Update] Step 1: Getting database connection...
[2026-01-21T08:55:36.255Z] [INFO] [Putaway Stock Update] Step 2: Importing processPutawayCompletionEvent...
[2026-01-21T08:55:36.256Z] [INFO] [Putaway Stock Update] Step 3: Getting database connection...
[2026-01-21T08:55:36.256Z] [DEBUG] Requesting database connection from pool
[2026-01-21T08:55:36.275Z] [SUCCESS] New database connection established
[2026-01-21T08:55:36.276Z] [DEBUG] Database connection obtained from pool
[2026-01-21T08:55:36.277Z] [INFO] [Putaway Stock Update] ✅ Got connection and imported processPutawayCompletionEvent
[2026-01-21T08:55:36.288Z] [INFO] [Putaway Stock Update] Step 6: Checking database schema for tabPutawayLine...
[2026-01-21T08:55:36.291Z] [INFO] [Putaway Stock Update] Line schema check result:
{
  "hasLocationId": true,
  "hasRack": true,
  "hasBin": true,
  "hasCartonId": true,
  "hasBoxId": false
}
[2026-01-21T08:55:36.291Z] [INFO] [Putaway Stock Update] Step 7: Querying putaway lines: SELECT item_code, qty, carton_id, location_id, rack, bin FROM tabPutawayLine WHERE parent_title = ? AND item_code IS NOT NULL AND qty > 0
[2026-01-21T08:55:36.292Z] [INFO] [Putaway Stock Update] Query params: [PUT-20260121-0001]
[2026-01-21T08:55:36.297Z] [INFO] [Putaway Stock Update] Putaway lines query result:
{
  "lines_count": 2,
  "lines": [
    {
      "item_code": "SKU-HAT-301-BLU-OS",
      "qty": "2.00",
      "location_id": "A1-R02-L1-B2",
      "rack": "Rack 02",
      "bin": "B2",
      "carton_id": "CTN-TI-123457-20260121-111153-371",
      "box_id": "N/A"
    },
    {
      "item_code": "SKU-HAT-301-GRN-OS",
      "qty": "2.00",
      "location_id": "A1-R02-L1-B2",
      "rack": "Rack 02",
      "bin": "B2",
      "carton_id": "CTN-TI-123457-20260121-111153-371",
      "box_id": "N/A"
    }
  ]
}
[2026-01-21T08:55:36.297Z] [INFO] [Putaway Stock Update] Step 8: Location check:
{
  "hasLocation": true,
  "lines_with_location_id": 2,
  "lines_with_rack": 2,
  "lines_with_bin": 2,
  "total_lines": 2
}
[2026-01-21T08:55:36.298Z] [INFO] [Putaway Stock Update] Step 10: Getting location and carton_id from putaway lines...
[2026-01-21T08:55:36.298Z] [INFO] [Putaway Stock Update] ✅ Found location_id from line: A1-R02-L1-B2
[2026-01-21T08:55:36.298Z] [INFO] [Putaway Stock Update] First line values:
{
  "location_id": "A1-R02-L1-B2",
  "rack": "Rack 02",
  "bin": "B2",
  "carton_id": "CTN-TI-123457-20260121-111153-371",
  "box_id": "CTN-TI-123457-20260121-111153-371"
}
[2026-01-21T08:55:36.299Z] [INFO] [Putaway Stock Update] Step 11: Final values before calling processPutawayCompletionEvent:
{
  "warehouse": "WH-MAIN",
  "location_id": "A1-R02-L1-B2",
  "rack": "Rack 02",
  "bin": "B2",
  "carton_id": "CTN-TI-123457-20260121-111153-371",
  "box_id": "CTN-TI-123457-20260121-111153-371",
  "lines_count": 2,
  "lines_with_location": 2
}
[2026-01-21T08:55:36.300Z] [INFO] [Putaway Stock Update] ========================================
[2026-01-21T08:55:36.300Z] [INFO] [Putaway Stock Update] Step 12: CALLING processPutawayCompletionEvent
[2026-01-21T08:55:36.300Z] [INFO] [Putaway Stock Update] Event params: {
  "event_type": "PUTAWAY_TO_RACK",
  "putaway_task": "PUT-20260121-0001",
  "box_id": "CTN-TI-123457-20260121-111153-371",
  "carton_id": "CTN-TI-123457-20260121-111153-371",
  "location_id": "A1-R02-L1-B2",
  "rack": "Rack 02",
  "bin": "B2",
  "item_code": null,
  "qty": null,
  "user_id": "USER-001",
  "store": "WH-MAIN",
  "tc_id": null
}
[2026-01-21T08:55:36.301Z] [INFO] [Putaway Stock Update] ========================================
[2026-01-21T08:55:36.303Z] [INFO] [Putaway Completion] ========================================
[2026-01-21T08:55:36.303Z] [INFO] [Putaway Completion] 🔵 ENTRY: processPutawayCompletionEvent called
[2026-01-21T08:55:36.304Z] [INFO] [Putaway Completion] Connection validation:
{
  "hasConnection": true,
  "connectionType": "object",
  "hasExecute": true
}
[2026-01-21T08:55:36.304Z] [INFO] [Putaway Completion] Event object: {
  "putaway_task": "PUT-20260121-0001",
  "tc_id": "NULL",
  "box_id": "CTN-TI-123457-20260121-111153-371",
  "carton_id": "CTN-TI-123457-20260121-111153-371",
  "location_id": "A1-R02-L1-B2",
  "rack": "Rack 02",
  "bin": "B2",
  "item_code": "NULL",
  "qty": "NULL",
  "user_id": "USER-001",
  "store": "WH-MAIN",
  "event_type": "PUTAWAY_TO_RACK"
}
[2026-01-21T08:55:36.304Z] [INFO] [Putaway Completion] ========================================
[2026-01-21T08:55:36.305Z] [INFO] [Putaway Completion] 🔍 DEBUG: About to extract event parameters...
[2026-01-21T08:55:36.305Z] [INFO] [Putaway Completion] 🔍 DEBUG: Event parameters extracted successfully
[2026-01-21T08:55:36.305Z] [INFO] [Putaway Completion] Step 0: Extracted event parameters:
{
  "putaway_task": "PUT-20260121-0001",
  "tc_id": "NULL",
  "box_id": "CTN-TI-123457-20260121-111153-371",
  "carton_id": "CTN-TI-123457-20260121-111153-371",
  "location_id": "A1-R02-L1-B2",
  "item_code": "NULL",
  "qty": "NULL"
}
[2026-01-21T08:55:36.306Z] [INFO] [Putaway Completion] Step 0a: Initial putawayTaskTitle: PUT-20260121-0001
[2026-01-21T08:55:36.310Z] [INFO] [Putaway Completion] Step 0b: ✅ putawayTaskTitle resolved: PUT-20260121-0001
[2026-01-21T08:55:36.311Z] [INFO] [Putaway Completion] Processing putaway task: PUT-20260121-0001, carton_id from event: CTN-TI-123457-20260121-111153-371, item_code: NULL, qty: NULL, location_id: A1-R02-L1-B2, rack: Rack 02, bin: B2
[2026-01-21T08:55:36.311Z] [INFO] [Putaway Completion] Step 1: Starting transaction...
[2026-01-21T08:55:36.315Z] [INFO] [Putaway Completion] ✅ Transaction started
[2026-01-21T08:55:36.316Z] [INFO] [Putaway Completion] Step 2: Locking putaway task row: PUT-20260121-0001
[2026-01-21T08:55:36.319Z] [INFO] [Putaway Completion] Task status query result:
{
  "found": true,
  "status": "In Progress"
}
[2026-01-21T08:55:36.320Z] [INFO] [Putaway Completion] ✅ Task status check passed: In Progress
[2026-01-21T08:55:36.327Z] [INFO] [Putaway Completion] Manual trigger detected (item_code=null) - processing all lines for task, not filtering by carton_id
[2026-01-21T08:55:36.327Z] [INFO] [Putaway Completion] Step 4: Querying putaway lines...
[2026-01-21T08:55:36.328Z] [INFO] [Putaway Completion] Query: SELECT item_code, qty, rack, bin, carton_id, location_id FROM tabPutawayLine WHERE parent_title = ? AND item_code IS NOT NULL AND qty > 0
[2026-01-21T08:55:36.329Z] [INFO] [Putaway Completion] Params: [
  "PUT-20260121-0001"
]
[2026-01-21T08:55:36.333Z] [INFO] [Putaway Completion] Putaway lines query result:
{
  "lines_count": 2,
  "lines": [
    {
      "item_code": "SKU-HAT-301-BLU-OS",
      "qty": "2.00",
      "carton_id": "CTN-TI-123457-20260121-111153-371",
      "location_id": "A1-R02-L1-B2",
      "rack": "Rack 02",
      "bin": "B2"
    },
    {
      "item_code": "SKU-HAT-301-GRN-OS",
      "qty": "2.00",
      "carton_id": "CTN-TI-123457-20260121-111153-371",
      "location_id": "A1-R02-L1-B2",
      "rack": "Rack 02",
      "bin": "B2"
    }
  ]
}
[2026-01-21T08:55:36.334Z] [INFO] [Putaway Completion] ✅ Found 2 putaway line(s) for task PUT-20260121-0001
[2026-01-21T08:55:36.339Z] [INFO] [Putaway Completion] Transfer In putaway detected: transfer_in=INSLIP-123457, task.warehouse=WH-MAIN
[2026-01-21T08:55:36.340Z] [INFO] [Putaway Completion] Using warehouse from putaway task: WH-MAIN
[2026-01-21T08:55:36.344Z] [INFO] [Putaway Completion] Step 5: Warehouse resolved: WH-MAIN
[2026-01-21T08:55:36.345Z] [INFO] [Putaway Completion] Step 5: Starting stock update loop...
[2026-01-21T08:55:36.345Z] [INFO] [Putaway Completion] Stock update loop parameters:
{
  "warehouse": "WH-MAIN",
  "total_lines": 2,
  "event_location_id": "A1-R02-L1-B2",
  "event_rack": "Rack 02",
  "event_bin": "B2",
  "event_carton_id": "CTN-TI-123457-20260121-111153-371",
  "event_box_id": "CTN-TI-123457-20260121-111153-371"
}
[2026-01-21T08:55:36.346Z] [INFO] [Putaway Completion] ========================================
[2026-01-21T08:55:36.347Z] [INFO] [Putaway Completion] Processing line 1/2
[2026-01-21T08:55:36.347Z] [INFO] [Putaway Completion] Line data: {
  "item_code": "SKU-HAT-301-BLU-OS",
  "qty": "2.00",
  "carton_id": "CTN-TI-123457-20260121-111153-371",
  "location_id": "A1-R02-L1-B2",
  "rack": "Rack 02",
  "bin": "B2"
}
[2026-01-21T08:55:36.348Z] [INFO] [Putaway Completion] Location determination for line 1:
{
  "event_location_id": "A1-R02-L1-B2",
  "line_location_id": "A1-R02-L1-B2",
  "line_rack": "Rack 02",
  "line_bin": "B2",
  "event_rack": "Rack 02",
  "event_bin": "B2",
  "resolved_binLocation": "A1-R02-L1-B2"
}
[2026-01-21T08:55:36.348Z] [INFO] [Putaway Completion] Line 1 validation:
{
  "itemCode": "SKU-HAT-301-BLU-OS",
  "lineQty": 2,
  "binLocation": "A1-R02-L1-B2",
  "hasItemCode": true,
  "hasValidQty": true,
  "hasValidLocation": true
}
[2026-01-21T08:55:36.349Z] [INFO] [Putaway Completion] ✅ Line 1 passed validation - processing stock update
[2026-01-21T08:55:45.267Z] [INFO] 📥 GET /api/health
{
  "IP": "192.168.103.205",
  "UserAgent": "okhttp/4.12.0"
}
[2026-01-21T08:55:48.336Z] [INFO] 📥 GET /api/health
{
  "IP": "192.168.103.205",
  "UserAgent": "okhttp/4.12.0"
}
[2026-01-21T08:55:49.367Z] [INFO] 📥 GET /api/health
{
  "IP": "192.168.103.205",
  "UserAgent": "okhttp/4.12.0"
}
[2026-01-21T08:55:51.485Z] [INFO] 📥 GET /api/health
{
  "IP": "192.168.103.205",
  "UserAgent": "okhttp/4.12.0"
}
[2026-01-21T08:55:54.899Z] [INFO] 📥 GET /api/health
{
  "IP": "192.168.103.205",
  "UserAgent": "okhttp/4.12.0"
}
[2026-01-21T08:56:06.024Z] [INFO] 📥 GET /api/health
{
  "IP": "192.168.103.205",
  "UserAgent": "okhttp/4.12.0"
}
[2026-01-21T08:56:15.287Z] [INFO] 📥 GET /api/health
{
  "IP": "192.168.103.205",
  "UserAgent": "okhttp/4.12.0"
}
[2026-01-21T08:56:18.357Z] [INFO] 📥 GET /api/health
{
  "IP": "192.168.103.205",
  "UserAgent": "okhttp/4.12.0"
}
[2026-01-21T08:56:19.359Z] [INFO] 📥 GET /api/health
{
  "IP": "192.168.103.205",
  "UserAgent": "okhttp/4.12.0"
}
[2026-01-21T08:56:21.502Z] [INFO] 📥 GET /api/health
{
  "IP": "192.168.103.205",
  "UserAgent": "okhttp/4.12.0"
}
[2026-01-21T08:56:24.882Z] [INFO] 📥 GET /api/health
{
  "IP": "192.168.103.205",
  "UserAgent": "okhttp/4.12.0"
}
[2026-01-21T08:56:36.016Z] [INFO] 📥 GET /api/health
{
  "IP": "192.168.103.205",
  "UserAgent": "okhttp/4.12.0"
}
[2026-01-21T08:56:45.288Z] [INFO] 📥 GET /api/health
{
  "IP": "192.168.103.205",
  "UserAgent": "okhttp/4.12.0"
}
[2026-01-21T08:56:48.368Z] [INFO] 📥 GET /api/health
{
  "IP": "192.168.103.205",
  "UserAgent": "okhttp/4.12.0"
}
[2026-01-21T08:56:49.386Z] [INFO] 📥 GET /api/health
{
  "IP": "192.168.103.205",
  "UserAgent": "okhttp/4.12.0"
}
[2026-01-21T08:56:51.514Z] [INFO] 📥 GET /api/health
{
  "IP": "192.168.103.205",
  "UserAgent": "okhttp/4.12.0"
}
[2026-01-21T08:56:54.879Z] [INFO] 📥 GET /api/health
{
  "IP": "192.168.103.205",
  "UserAgent": "okhttp/4.12.0"
}
[2026-01-21T08:57:06.042Z] [INFO] 📥 GET /api/health
{
  "IP": "192.168.103.205",
  "UserAgent": "okhttp/4.12.0"
}
[2026-01-21T08:57:15.309Z] [INFO] 📥 GET /api/health
{
  "IP": "192.168.103.205",
  "UserAgent": "okhttp/4.12.0"
}
[2026-01-21T08:57:18.378Z] [INFO] 📥 GET /api/health
{
  "IP": "192.168.103.205",
  "UserAgent": "okhttp/4.12.0"
}
[2026-01-21T08:57:19.380Z] [INFO] 📥 GET /api/health
{
  "IP": "192.168.103.205",
  "UserAgent": "okhttp/4.12.0"
}
[2026-01-21T08:57:21.508Z] [INFO] 📥 GET /api/health
{
  "IP": "192.168.103.205",
  "UserAgent": "okhttp/4.12.0"
}
[2026-01-21T08:57:21.778Z] [INFO] 📥 POST /api/putaway/trigger-stock-update
{
  "IP": "127.0.0.1",
  "UserAgent": "PostmanRuntime/7.51.0"
}
[2026-01-21T08:57:21.779Z] [DEBUG] Request body
{
  "putaway_task": "PUT-20260121-0001",
  "user_id": "USER-001"
}
[2026-01-21T08:57:21.780Z] [INFO] [Putaway Stock Update] ========================================
[2026-01-21T08:57:21.781Z] [INFO] [Putaway Stock Update] 🔵 ENTRY: triggerStockUpdate called
[2026-01-21T08:57:21.782Z] [INFO] [Putaway Stock Update] Request body: {
  "putaway_task": "PUT-20260121-0001",
  "user_id": "USER-001"
}
[2026-01-21T08:57:21.782Z] [INFO] [Putaway Stock Update] ========================================
[2026-01-21T08:57:21.783Z] [INFO] [Putaway Stock Update] Step 1: Getting database connection...
[2026-01-21T08:57:21.784Z] [INFO] [Putaway Stock Update] Step 2: Importing processPutawayCompletionEvent...
[2026-01-21T08:57:21.784Z] [INFO] [Putaway Stock Update] Step 3: Getting database connection...
[2026-01-21T08:57:21.785Z] [DEBUG] Requesting database connection from pool
[2026-01-21T08:57:21.786Z] [DEBUG] Database connection obtained from pool
[2026-01-21T08:57:21.786Z] [INFO] [Putaway Stock Update] ✅ Got connection and imported processPutawayCompletionEvent
[2026-01-21T08:57:21.790Z] [INFO] [Putaway Stock Update] Step 6: Checking database schema for tabPutawayLine...
[2026-01-21T08:57:21.792Z] [INFO] [Putaway Stock Update] Line schema check result:
{
  "hasLocationId": true,
  "hasRack": true,
  "hasBin": true,
  "hasCartonId": true,
  "hasBoxId": false
}
[2026-01-21T08:57:21.793Z] [INFO] [Putaway Stock Update] Step 7: Querying putaway lines: SELECT item_code, qty, carton_id, location_id, rack, bin FROM tabPutawayLine WHERE parent_title = ? AND item_code IS NOT NULL AND qty > 0
[2026-01-21T08:57:21.793Z] [INFO] [Putaway Stock Update] Query params: [PUT-20260121-0001]
[2026-01-21T08:57:21.795Z] [INFO] [Putaway Stock Update] Putaway lines query result:
{
  "lines_count": 2,
  "lines": [
    {
      "item_code": "SKU-HAT-301-BLU-OS",
      "qty": "2.00",
      "location_id": "A1-R02-L1-B2",
      "rack": "Rack 02",
      "bin": "B2",
      "carton_id": "CTN-TI-123457-20260121-111153-371",
      "box_id": "N/A"
    },
    {
      "item_code": "SKU-HAT-301-GRN-OS",
      "qty": "2.00",
      "location_id": "A1-R02-L1-B2",
      "rack": "Rack 02",
      "bin": "B2",
      "carton_id": "CTN-TI-123457-20260121-111153-371",
      "box_id": "N/A"
    }
  ]
}
[2026-01-21T08:57:21.796Z] [INFO] [Putaway Stock Update] Step 8: Location check:
{
  "hasLocation": true,
  "lines_with_location_id": 2,
  "lines_with_rack": 2,
  "lines_with_bin": 2,
  "total_lines": 2
}
[2026-01-21T08:57:21.797Z] [INFO] [Putaway Stock Update] Step 10: Getting location and carton_id from putaway lines...
[2026-01-21T08:57:21.797Z] [INFO] [Putaway Stock Update] ✅ Found location_id from line: A1-R02-L1-B2
[2026-01-21T08:57:21.798Z] [INFO] [Putaway Stock Update] First line values:
{
  "location_id": "A1-R02-L1-B2",
  "rack": "Rack 02",
  "bin": "B2",
  "carton_id": "CTN-TI-123457-20260121-111153-371",
  "box_id": "CTN-TI-123457-20260121-111153-371"
}
[2026-01-21T08:57:21.799Z] [INFO] [Putaway Stock Update] Step 11: Final values before calling processPutawayCompletionEvent:
{
  "warehouse": "WH-MAIN",
  "location_id": "A1-R02-L1-B2",
  "rack": "Rack 02",
  "bin": "B2",
  "carton_id": "CTN-TI-123457-20260121-111153-371",
  "box_id": "CTN-TI-123457-20260121-111153-371",
  "lines_count": 2,
  "lines_with_location": 2
}
[2026-01-21T08:57:21.800Z] [INFO] [Putaway Stock Update] ========================================
[2026-01-21T08:57:21.801Z] [INFO] [Putaway Stock Update] Step 12: CALLING processPutawayCompletionEvent
[2026-01-21T08:57:21.801Z] [INFO] [Putaway Stock Update] Event params: {
  "event_type": "PUTAWAY_TO_RACK",
  "putaway_task": "PUT-20260121-0001",
  "box_id": "CTN-TI-123457-20260121-111153-371",
  "carton_id": "CTN-TI-123457-20260121-111153-371",
  "location_id": "A1-R02-L1-B2",
  "rack": "Rack 02",
  "bin": "B2",
  "item_code": null,
  "qty": null,
  "user_id": "USER-001",
  "store": "WH-MAIN",
  "tc_id": null
}
[2026-01-21T08:57:21.802Z] [INFO] [Putaway Stock Update] ========================================
[2026-01-21T08:57:21.803Z] [INFO] [Putaway Completion] ========================================
[2026-01-21T08:57:21.803Z] [INFO] [Putaway Completion] 🔵 ENTRY: processPutawayCompletionEvent called
[2026-01-21T08:57:21.804Z] [INFO] [Putaway Completion] Connection validation:
{
  "hasConnection": true,
  "connectionType": "object",
  "hasExecute": true
}
[2026-01-21T08:57:21.804Z] [INFO] [Putaway Completion] Event object: {
  "putaway_task": "PUT-20260121-0001",
  "tc_id": "NULL",
  "box_id": "CTN-TI-123457-20260121-111153-371",
  "carton_id": "CTN-TI-123457-20260121-111153-371",
  "location_id": "A1-R02-L1-B2",
  "rack": "Rack 02",
  "bin": "B2",
  "item_code": "NULL",
  "qty": "NULL",
  "user_id": "USER-001",
  "store": "WH-MAIN",
  "event_type": "PUTAWAY_TO_RACK"
}
[2026-01-21T08:57:21.805Z] [INFO] [Putaway Completion] ========================================
[2026-01-21T08:57:21.805Z] [INFO] [Putaway Completion] 🔍 DEBUG: About to extract event parameters...
[2026-01-21T08:57:21.806Z] [INFO] [Putaway Completion] 🔍 DEBUG: Event parameters extracted successfully
[2026-01-21T08:57:21.806Z] [INFO] [Putaway Completion] Step 0: Extracted event parameters:
{
  "putaway_task": "PUT-20260121-0001",
  "tc_id": "NULL",
  "box_id": "CTN-TI-123457-20260121-111153-371",
  "carton_id": "CTN-TI-123457-20260121-111153-371",
  "location_id": "A1-R02-L1-B2",
  "item_code": "NULL",
  "qty": "NULL"
}
[2026-01-21T08:57:21.807Z] [INFO] [Putaway Completion] Step 0a: Initial putawayTaskTitle: PUT-20260121-0001
[2026-01-21T08:57:21.809Z] [INFO] [Putaway Completion] Step 0b: ✅ putawayTaskTitle resolved: PUT-20260121-0001
[2026-01-21T08:57:21.810Z] [INFO] [Putaway Completion] Processing putaway task: PUT-20260121-0001, carton_id from event: CTN-TI-123457-20260121-111153-371, item_code: NULL, qty: NULL, location_id: A1-R02-L1-B2, rack: Rack 02, bin: B2
[2026-01-21T08:57:21.811Z] [INFO] [Putaway Completion] Step 1: Starting transaction...
[2026-01-21T08:57:21.813Z] [INFO] [Putaway Completion] ✅ Transaction started
[2026-01-21T08:57:21.813Z] [INFO] [Putaway Completion] Step 2: Locking putaway task row: PUT-20260121-0001
[2026-01-21T08:57:21.815Z] [INFO] [Putaway Completion] Task status query result:
{
  "found": true,
  "status": "In Progress"
}
[2026-01-21T08:57:21.816Z] [INFO] [Putaway Completion] ✅ Task status check passed: In Progress
[2026-01-21T08:57:21.818Z] [INFO] [Putaway Completion] Manual trigger detected (item_code=null) - processing all lines for task, not filtering by carton_id
[2026-01-21T08:57:21.819Z] [INFO] [Putaway Completion] Step 4: Querying putaway lines...
[2026-01-21T08:57:21.820Z] [INFO] [Putaway Completion] Query: SELECT item_code, qty, rack, bin, carton_id, location_id FROM tabPutawayLine WHERE parent_title = ? AND item_code IS NOT NULL AND qty > 0
[2026-01-21T08:57:21.821Z] [INFO] [Putaway Completion] Params: [
  "PUT-20260121-0001"
]
[2026-01-21T08:57:21.824Z] [INFO] [Putaway Completion] Putaway lines query result:
{
  "lines_count": 2,
  "lines": [
    {
      "item_code": "SKU-HAT-301-BLU-OS",
      "qty": "2.00",
      "carton_id": "CTN-TI-123457-20260121-111153-371",
      "location_id": "A1-R02-L1-B2",
      "rack": "Rack 02",
      "bin": "B2"
    },
    {
      "item_code": "SKU-HAT-301-GRN-OS",
      "qty": "2.00",
      "carton_id": "CTN-TI-123457-20260121-111153-371",
      "location_id": "A1-R02-L1-B2",
      "rack": "Rack 02",
      "bin": "B2"
    }
  ]
}
[2026-01-21T08:57:21.825Z] [INFO] [Putaway Completion] ✅ Found 2 putaway line(s) for task PUT-20260121-0001
[2026-01-21T08:57:21.828Z] [INFO] [Putaway Completion] Transfer In putaway detected: transfer_in=INSLIP-123457, task.warehouse=WH-MAIN
[2026-01-21T08:57:21.829Z] [INFO] [Putaway Completion] Using warehouse from putaway task: WH-MAIN
[2026-01-21T08:57:21.831Z] [INFO] [Putaway Completion] Step 5: Warehouse resolved: WH-MAIN
[2026-01-21T08:57:21.832Z] [INFO] [Putaway Completion] Step 5: Starting stock update loop...
[2026-01-21T08:57:21.832Z] [INFO] [Putaway Completion] Stock update loop parameters:
{
  "warehouse": "WH-MAIN",
  "total_lines": 2,
  "event_location_id": "A1-R02-L1-B2",
  "event_rack": "Rack 02",
  "event_bin": "B2",
  "event_carton_id": "CTN-TI-123457-20260121-111153-371",
  "event_box_id": "CTN-TI-123457-20260121-111153-371"
}
[2026-01-21T08:57:21.833Z] [INFO] [Putaway Completion] ========================================
[2026-01-21T08:57:21.834Z] [INFO] [Putaway Completion] Processing line 1/2
[2026-01-21T08:57:21.834Z] [INFO] [Putaway Completion] Line data: {
  "item_code": "SKU-HAT-301-BLU-OS",
  "qty": "2.00",
  "carton_id": "CTN-TI-123457-20260121-111153-371",
  "location_id": "A1-R02-L1-B2",
  "rack": "Rack 02",
  "bin": "B2"
}
[2026-01-21T08:57:21.835Z] [INFO] [Putaway Completion] Location determination for line 1:
{
  "event_location_id": "A1-R02-L1-B2",
  "line_location_id": "A1-R02-L1-B2",
  "line_rack": "Rack 02",
  "line_bin": "B2",
  "event_rack": "Rack 02",
  "event_bin": "B2",
  "resolved_binLocation": "A1-R02-L1-B2"
}
[2026-01-21T08:57:21.836Z] [INFO] [Putaway Completion] Line 1 validation:
{
  "itemCode": "SKU-HAT-301-BLU-OS",
  "lineQty": 2,
  "binLocation": "A1-R02-L1-B2",
  "hasItemCode": true,
  "hasValidQty": true,
  "hasValidLocation": true
}
[2026-01-21T08:57:21.836Z] [INFO] [Putaway Completion] ✅ Line 1 passed validation - processing stock update
[2026-01-21T08:57:24.883Z] [INFO] 📥 GET /api/health
{
  "IP": "192.168.103.205",
  "UserAgent": "okhttp/4.12.0"
}
[2026-01-21T08:57:36.054Z] [INFO] 📥 GET /api/health
{
  "IP": "192.168.103.205",
  "UserAgent": "okhttp/4.12.0"
}
[2026-01-21T08:57:45.298Z] [INFO] 📥 GET /api/health
{
  "IP": "192.168.103.205",
  "UserAgent": "okhttp/4.12.0"
}
[2026-01-21T08:57:45.453Z] [INFO] 📥 GET /api/transaction-history?from_date=2025-10-23&to_date=2026-01-22&limit=1000
{
  "IP": "127.0.0.1",
  "UserAgent": "unknown"
}
[2026-01-21T08:57:48.390Z] [INFO] 📥 GET /api/health
{
  "IP": "192.168.103.205",
  "UserAgent": "okhttp/4.12.0"
}
[2026-01-21T08:57:49.390Z] [INFO] 📥 GET /api/health
{
  "IP": "192.168.103.205",
  "UserAgent": "okhttp/4.12.0"
}
[2026-01-21T08:57:51.518Z] [INFO] 📥 GET /api/health
{
  "IP": "192.168.103.205",
  "UserAgent": "okhttp/4.12.0"
}
[2026-01-21T08:57:54.913Z] [INFO] 📥 GET /api/health
{
  "IP": "192.168.103.205",
  "UserAgent": "okhttp/4.12.0"
}
[2026-01-21T08:58:05.688Z] [INFO] 📊 Database Configuration
{
  "Host": "localhost",
  "Port": "3306",
  "User": "erppadmin",
  "Password": "***",
  "Database": "wms_desktop"
}
[2026-01-21T08:58:05.729Z] [INFO] ======================================================================
[2026-01-21T08:58:05.730Z] [INFO] 🚀 WMS API Server Started
[2026-01-21T08:58:05.730Z] [INFO] ======================================================================
[2026-01-21T08:58:05.731Z] [INFO] 🔍 Server Configuration
{
  "HOST": "0.0.0.0",
  "PORT": "3000",
  "API_BASE_URL": "http://localhost:3000",
  "NetworkIPs": [
    "192.168.103.219"
  ]
}
[2026-01-21T08:58:05.731Z] [SUCCESS] Server running on all interfaces (0.0.0.0:3000)
[2026-01-21T08:58:05.732Z] [INFO] 📍 Access URLs
{
  "Health": "http://192.168.103.219:3000/health",
  "API": "http://localhost:3000/api",
  "LocalHealth": "http://localhost:3000/health",
  "LocalAPI": "http://localhost:3000/api"
}
[2026-01-21T08:58:05.732Z] [INFO] ======================================================================
[2026-01-21T08:58:06.064Z] [INFO] 📥 GET /api/health
{
  "IP": "192.168.103.205",
  "UserAgent": "okhttp/4.12.0"
}
[2026-01-21T08:58:10.841Z] [INFO] 📥 POST /api/putaway/trigger-stock-update
{
  "IP": "127.0.0.1",
  "UserAgent": "PostmanRuntime/7.51.0"
}
[2026-01-21T08:58:10.848Z] [DEBUG] Request body
{
  "putaway_task": "PUT-20260121-0001",
  "user_id": "USER-001"
}
[2026-01-21T08:58:10.852Z] [INFO] [Putaway Stock Update] ========================================
[2026-01-21T08:58:10.852Z] [INFO] [Putaway Stock Update] 🔵 ENTRY: triggerStockUpdate called
[2026-01-21T08:58:10.853Z] [INFO] [Putaway Stock Update] Request body: {
  "putaway_task": "PUT-20260121-0001",
  "user_id": "USER-001"
}
[2026-01-21T08:58:10.853Z] [INFO] [Putaway Stock Update] ========================================
[2026-01-21T08:58:10.854Z] [INFO] [Putaway Stock Update] Step 1: Getting database connection...
[2026-01-21T08:58:10.854Z] [INFO] [Putaway Stock Update] Step 2: Importing processPutawayCompletionEvent...
[2026-01-21T08:58:10.856Z] [INFO] [Putaway Stock Update] Step 3: Getting database connection...
[2026-01-21T08:58:10.856Z] [DEBUG] Requesting database connection from pool
[2026-01-21T08:58:10.873Z] [SUCCESS] New database connection established
[2026-01-21T08:58:10.874Z] [DEBUG] Database connection obtained from pool
[2026-01-21T08:58:10.874Z] [INFO] [Putaway Stock Update] ✅ Got connection and imported processPutawayCompletionEvent
[2026-01-21T08:58:10.884Z] [INFO] [Putaway Stock Update] Step 6: Checking database schema for tabPutawayLine...
[2026-01-21T08:58:10.887Z] [INFO] [Putaway Stock Update] Line schema check result:
{
  "hasLocationId": true,
  "hasRack": true,
  "hasBin": true,
  "hasCartonId": true,
  "hasBoxId": false
}
[2026-01-21T08:58:10.887Z] [INFO] [Putaway Stock Update] Step 7: Querying putaway lines: SELECT item_code, qty, carton_id, location_id, rack, bin FROM tabPutawayLine WHERE parent_title = ? AND item_code IS NOT NULL AND qty > 0
[2026-01-21T08:58:10.888Z] [INFO] [Putaway Stock Update] Query params: [PUT-20260121-0001]
[2026-01-21T08:58:10.891Z] [INFO] [Putaway Stock Update] Putaway lines query result:
{
  "lines_count": 2,
  "lines": [
    {
      "item_code": "SKU-HAT-301-BLU-OS",
      "qty": "2.00",
      "location_id": "A1-R02-L1-B2",
      "rack": "Rack 02",
      "bin": "B2",
      "carton_id": "CTN-TI-123457-20260121-111153-371",
      "box_id": "N/A"
    },
    {
      "item_code": "SKU-HAT-301-GRN-OS",
      "qty": "2.00",
      "location_id": "A1-R02-L1-B2",
      "rack": "Rack 02",
      "bin": "B2",
      "carton_id": "CTN-TI-123457-20260121-111153-371",
      "box_id": "N/A"
    }
  ]
}
[2026-01-21T08:58:10.892Z] [INFO] [Putaway Stock Update] Step 8: Location check:
{
  "hasLocation": true,
  "lines_with_location_id": 2,
  "lines_with_rack": 2,
  "lines_with_bin": 2,
  "total_lines": 2
}
[2026-01-21T08:58:10.893Z] [INFO] [Putaway Stock Update] Step 10: Getting location and carton_id from putaway lines...
[2026-01-21T08:58:10.893Z] [INFO] [Putaway Stock Update] ✅ Found location_id from line: A1-R02-L1-B2
[2026-01-21T08:58:10.894Z] [INFO] [Putaway Stock Update] First line values:
{
  "location_id": "A1-R02-L1-B2",
  "rack": "Rack 02",
  "bin": "B2",
  "carton_id": "CTN-TI-123457-20260121-111153-371",
  "box_id": "CTN-TI-123457-20260121-111153-371"
}
[2026-01-21T08:58:10.894Z] [INFO] [Putaway Stock Update] Step 11: Final values before calling processPutawayCompletionEvent:
{
  "warehouse": "WH-MAIN",
  "location_id": "A1-R02-L1-B2",
  "rack": "Rack 02",
  "bin": "B2",
  "carton_id": "CTN-TI-123457-20260121-111153-371",
  "box_id": "CTN-TI-123457-20260121-111153-371",
  "lines_count": 2,
  "lines_with_location": 2
}
[2026-01-21T08:58:10.895Z] [INFO] [Putaway Stock Update] ========================================
[2026-01-21T08:58:10.895Z] [INFO] [Putaway Stock Update] Step 12: CALLING processPutawayCompletionEvent
[2026-01-21T08:58:10.895Z] [INFO] [Putaway Stock Update] Event params: {
  "event_type": "PUTAWAY_TO_RACK",
  "putaway_task": "PUT-20260121-0001",
  "box_id": "CTN-TI-123457-20260121-111153-371",
  "carton_id": "CTN-TI-123457-20260121-111153-371",
  "location_id": "A1-R02-L1-B2",
  "rack": "Rack 02",
  "bin": "B2",
  "item_code": null,
  "qty": null,
  "user_id": "USER-001",
  "store": "WH-MAIN",
  "tc_id": null
}
[2026-01-21T08:58:10.896Z] [INFO] [Putaway Stock Update] ========================================
[2026-01-21T08:58:10.899Z] [INFO] [Putaway Completion] ========================================
[2026-01-21T08:58:10.900Z] [INFO] [Putaway Completion] 🔵 ENTRY: processPutawayCompletionEvent called
[2026-01-21T08:58:10.901Z] [INFO] [Putaway Completion] Connection validation:
{
  "hasConnection": true,
  "connectionType": "object",
  "hasExecute": true
}
[2026-01-21T08:58:10.901Z] [INFO] [Putaway Completion] Event object: {
  "putaway_task": "PUT-20260121-0001",
  "tc_id": "NULL",
  "box_id": "CTN-TI-123457-20260121-111153-371",
  "carton_id": "CTN-TI-123457-20260121-111153-371",
  "location_id": "A1-R02-L1-B2",
  "rack": "Rack 02",
  "bin": "B2",
  "item_code": "NULL",
  "qty": "NULL",
  "user_id": "USER-001",
  "store": "WH-MAIN",
  "event_type": "PUTAWAY_TO_RACK"
}
[2026-01-21T08:58:10.901Z] [INFO] [Putaway Completion] ========================================
[2026-01-21T08:58:10.902Z] [INFO] [Putaway Completion] 🔍 DEBUG: About to extract event parameters...
[2026-01-21T08:58:10.902Z] [INFO] [Putaway Completion] 🔍 DEBUG: Event parameters extracted successfully
[2026-01-21T08:58:10.903Z] [INFO] [Putaway Completion] Step 0: Extracted event parameters:
{
  "putaway_task": "PUT-20260121-0001",
  "tc_id": "NULL",
  "box_id": "CTN-TI-123457-20260121-111153-371",
  "carton_id": "CTN-TI-123457-20260121-111153-371",
  "location_id": "A1-R02-L1-B2",
  "item_code": "NULL",
  "qty": "NULL"
}
[2026-01-21T08:58:10.903Z] [INFO] [Putaway Completion] Step 0a: Initial putawayTaskTitle: PUT-20260121-0001
[2026-01-21T08:58:10.905Z] [INFO] [Putaway Completion] Step 0b: ✅ putawayTaskTitle resolved: PUT-20260121-0001
[2026-01-21T08:58:10.906Z] [INFO] [Putaway Completion] Processing putaway task: PUT-20260121-0001, carton_id from event: CTN-TI-123457-20260121-111153-371, item_code: NULL, qty: NULL, location_id: A1-R02-L1-B2, rack: Rack 02, bin: B2
[2026-01-21T08:58:10.906Z] [INFO] [Putaway Completion] Step 1: Starting transaction...
[2026-01-21T08:58:10.909Z] [INFO] [Putaway Completion] ✅ Transaction started
[2026-01-21T08:58:10.909Z] [INFO] [Putaway Completion] Step 2: Locking putaway task row: PUT-20260121-0001
[2026-01-21T08:58:10.912Z] [INFO] [Putaway Completion] Task status query result:
{
  "found": true,
  "status": "In Progress"
}
[2026-01-21T08:58:10.913Z] [INFO] [Putaway Completion] ✅ Task status check passed: In Progress
[2026-01-21T08:58:10.920Z] [INFO] [Putaway Completion] Manual trigger detected (item_code=null) - processing all lines for task, not filtering by carton_id
[2026-01-21T08:58:10.920Z] [INFO] [Putaway Completion] Step 4: Querying putaway lines...
[2026-01-21T08:58:10.921Z] [INFO] [Putaway Completion] Query: SELECT item_code, qty, rack, bin, carton_id, location_id FROM tabPutawayLine WHERE parent_title = ? AND item_code IS NOT NULL AND qty > 0
[2026-01-21T08:58:10.921Z] [INFO] [Putaway Completion] Params: [
  "PUT-20260121-0001"
]
[2026-01-21T08:58:10.924Z] [INFO] [Putaway Completion] Putaway lines query result:
{
  "lines_count": 2,
  "lines": [
    {
      "item_code": "SKU-HAT-301-BLU-OS",
      "qty": "2.00",
      "carton_id": "CTN-TI-123457-20260121-111153-371",
      "location_id": "A1-R02-L1-B2",
      "rack": "Rack 02",
      "bin": "B2"
    },
    {
      "item_code": "SKU-HAT-301-GRN-OS",
      "qty": "2.00",
      "carton_id": "CTN-TI-123457-20260121-111153-371",
      "location_id": "A1-R02-L1-B2",
      "rack": "Rack 02",
      "bin": "B2"
    }
  ]
}
[2026-01-21T08:58:10.925Z] [INFO] [Putaway Completion] ✅ Found 2 putaway line(s) for task PUT-20260121-0001
[2026-01-21T08:58:10.929Z] [INFO] [Putaway Completion] Transfer In putaway detected: transfer_in=INSLIP-123457, task.warehouse=WH-MAIN
[2026-01-21T08:58:10.930Z] [INFO] [Putaway Completion] Using warehouse from putaway task: WH-MAIN
[2026-01-21T08:58:10.935Z] [INFO] [Putaway Completion] Step 5: Warehouse resolved: WH-MAIN
[2026-01-21T08:58:10.936Z] [INFO] [Putaway Completion] Step 5: Starting stock update loop...
[2026-01-21T08:58:10.936Z] [INFO] [Putaway Completion] Stock update loop parameters:
{
  "warehouse": "WH-MAIN",
  "total_lines": 2,
  "event_location_id": "A1-R02-L1-B2",
  "event_rack": "Rack 02",
  "event_bin": "B2",
  "event_carton_id": "CTN-TI-123457-20260121-111153-371",
  "event_box_id": "CTN-TI-123457-20260121-111153-371"
}
[2026-01-21T08:58:10.937Z] [INFO] [Putaway Completion] ========================================
[2026-01-21T08:58:10.937Z] [INFO] [Putaway Completion] Processing line 1/2
[2026-01-21T08:58:10.938Z] [INFO] [Putaway Completion] Line data: {
  "item_code": "SKU-HAT-301-BLU-OS",
  "qty": "2.00",
  "carton_id": "CTN-TI-123457-20260121-111153-371",
  "location_id": "A1-R02-L1-B2",
  "rack": "Rack 02",
  "bin": "B2"
}
[2026-01-21T08:58:10.938Z] [INFO] [Putaway Completion] Location determination for line 1:
{
  "event_location_id": "A1-R02-L1-B2",
  "line_location_id": "A1-R02-L1-B2",
  "line_rack": "Rack 02",
  "line_bin": "B2",
  "event_rack": "Rack 02",
  "event_bin": "B2",
  "resolved_binLocation": "A1-R02-L1-B2"
}
[2026-01-21T08:58:10.938Z] [INFO] [Putaway Completion] Line 1 validation:
{
  "itemCode": "SKU-HAT-301-BLU-OS",
  "lineQty": 2,
  "binLocation": "A1-R02-L1-B2",
  "hasItemCode": true,
  "hasValidQty": true,
  "hasValidLocation": true
}
[2026-01-21T08:58:10.939Z] [INFO] [Putaway Completion] ✅ Line 1 passed validation - processing stock update
[2026-01-21T08:58:10.939Z] [INFO] [Putaway Completion] Stock update details:
{
  "item_code": "SKU-HAT-301-BLU-OS",
  "qty": 2,
  "fromLocation": "NULL",
  "toLocation": "A1-R02-L1-B2",
  "cartonId": "CTN-TI-123457-20260121-111153-371",
  "warehouse": "WH-MAIN"
}
[2026-01-21T08:58:10.969Z] [INFO] [Putaway Completion] ========================================
[2026-01-21T08:58:10.969Z] [INFO] [Putaway Completion] 🔵 EXECUTING STOCK LEDGER INSERT/UPDATE
[2026-01-21T08:58:10.970Z] [INFO] [Putaway Completion] Item: SKU-HAT-301-BLU-OS
[2026-01-21T08:58:10.970Z] [INFO] [Putaway Completion] Location: A1-R02-L1-B2
[2026-01-21T08:58:10.971Z] [INFO] [Putaway Completion] Warehouse: WH-MAIN
[2026-01-21T08:58:10.971Z] [INFO] [Putaway Completion] New Qty: 2
[2026-01-21T08:58:10.971Z] [INFO] [Putaway Completion] Current Qty: 0
[2026-01-21T08:58:10.972Z] [INFO] [Putaway Completion] SQL: INSERT INTO tabStockLedger (item_code, warehouse, bin_location, qty, reserved_qty, qty_before, qty_reduced, last_transaction_date, last_transaction_type, last_transaction_ref, updated_at, created_at) VALUES (?, ?, ?, ?, ?, ?, ?, NOW(), 'Putaway', ?, NOW(), NOW()) ON DUPLICATE KEY UPDATE qty = ?, qty_before = ?, qty_reduced = ?, last_transaction_date = NOW(), last_transaction_type = 'Putaway', last_transaction_ref = ?, updated_at = NOW()
[2026-01-21T08:58:10.972Z] [INFO] [Putaway Completion] Insert Params: [
  "SKU-HAT-301-BLU-OS",
  "WH-MAIN",
  "A1-R02-L1-B2",
  2,
  0,
  0,
  2,
  "PUT-20260121-0001"
]
[2026-01-21T08:58:10.972Z] [INFO] [Putaway Completion] Update Params: [
  2,
  0,
  2,
  "PUT-20260121-0001"
]
[2026-01-21T08:58:10.973Z] [INFO] [Putaway Completion] ========================================
[2026-01-21T08:58:10.978Z] [INFO] [Putaway Completion] ✅ STOCK LEDGER UPDATE RESULT:
{
  "item_code": "SKU-HAT-301-BLU-OS",
  "bin_location": "A1-R02-L1-B2",
  "warehouse": "WH-MAIN",
  "new_qty": 2,
  "affectedRows": 1,
  "insertId": 1,
  "changedRows": 0
}
[2026-01-21T08:58:11.007Z] [INFO] [Putaway Completion] ========================================
[2026-01-21T08:58:11.008Z] [INFO] [Putaway Completion] 🔵 EXECUTING TRANSACTION HISTORY INSERT
[2026-01-21T08:58:11.009Z] [INFO] [Putaway Completion] Item: SKU-HAT-301-BLU-OS
[2026-01-21T08:58:11.009Z] [INFO] [Putaway Completion] Location: A1-R02-L1-B2
[2026-01-21T08:58:11.010Z] [INFO] [Putaway Completion] Qty Change: 2
[2026-01-21T08:58:11.010Z] [INFO] [Putaway Completion] Fields (12):
[
  "transaction_date",
  "transaction_type",
  "reference_doc",
  "item_code",
  "item_name",
  "warehouse",
  "location_id",
  "bin_location",
  "carton_id",
  "qty_change",
  "stock_direction",
  "performed_by"
]
[2026-01-21T08:58:11.011Z] [INFO] [Putaway Completion] SQL: INSERT INTO tabTransactionHistory (transaction_date, transaction_type, reference_doc, item_code, item_name, warehouse, location_id, bin_location, carton_id, qty_change, stock_direction, performed_by) VALUES (?, ?, ?, ?, ?, ?, ?, ?, ?, ?, ?, ?)
[2026-01-21T08:58:11.011Z] [INFO] [Putaway Completion] Values: [
  "2026-01-21T08:58:11.007Z",
  "Putaway",
  "PUT-20260121-0001",
  "SKU-HAT-301-BLU-OS",
  "Baseball Cap Blue One Size",
  "WH-MAIN",
  "A1-R02-L1-B2",
  "A1-R02-L1-B2",
  "CTN-TI-123457-20260121-111153-371",
  2,
  "IN",
  "USER-001"
]
[2026-01-21T08:58:11.011Z] [INFO] [Putaway Completion] ========================================
[2026-01-21T08:58:11.015Z] [INFO] [Putaway Completion] ========================================
[2026-01-21T08:58:11.016Z] [INFO] [Putaway Completion] Processing line 2/2
[2026-01-21T08:58:11.016Z] [INFO] [Putaway Completion] Line data: {
  "item_code": "SKU-HAT-301-GRN-OS",
  "qty": "2.00",
  "carton_id": "CTN-TI-123457-20260121-111153-371",
  "location_id": "A1-R02-L1-B2",
  "rack": "Rack 02",
  "bin": "B2"
}
[2026-01-21T08:58:11.017Z] [INFO] [Putaway Completion] Location determination for line 2:
{
  "event_location_id": "A1-R02-L1-B2",
  "line_location_id": "A1-R02-L1-B2",
  "line_rack": "Rack 02",
  "line_bin": "B2",
  "event_rack": "Rack 02",
  "event_bin": "B2",
  "resolved_binLocation": "A1-R02-L1-B2"
}
[2026-01-21T08:58:11.017Z] [INFO] [Putaway Completion] Line 2 validation:
{
  "itemCode": "SKU-HAT-301-GRN-OS",
  "lineQty": 2,
  "binLocation": "A1-R02-L1-B2",
  "hasItemCode": true,
  "hasValidQty": true,
  "hasValidLocation": true
}
[2026-01-21T08:58:11.018Z] [INFO] [Putaway Completion] ✅ Line 2 passed validation - processing stock update
[2026-01-21T08:58:11.018Z] [INFO] [Putaway Completion] Stock update details:
{
  "item_code": "SKU-HAT-301-GRN-OS",
  "qty": 2,
  "fromLocation": "NULL",
  "toLocation": "A1-R02-L1-B2",
  "cartonId": "CTN-TI-123457-20260121-111153-371",
  "warehouse": "WH-MAIN"
}
[2026-01-21T08:58:11.022Z] [INFO] [Putaway Completion] ========================================
[2026-01-21T08:58:11.023Z] [INFO] [Putaway Completion] 🔵 EXECUTING STOCK LEDGER INSERT/UPDATE
[2026-01-21T08:58:11.023Z] [INFO] [Putaway Completion] Item: SKU-HAT-301-GRN-OS
[2026-01-21T08:58:11.024Z] [INFO] [Putaway Completion] Location: A1-R02-L1-B2
[2026-01-21T08:58:11.024Z] [INFO] [Putaway Completion] Warehouse: WH-MAIN
[2026-01-21T08:58:11.025Z] [INFO] [Putaway Completion] New Qty: 2
[2026-01-21T08:58:11.025Z] [INFO] [Putaway Completion] Current Qty: 0
[2026-01-21T08:58:11.026Z] [INFO] [Putaway Completion] SQL: INSERT INTO tabStockLedger (item_code, warehouse, bin_location, qty, reserved_qty, qty_before, qty_reduced, last_transaction_date, last_transaction_type, last_transaction_ref, updated_at, created_at) VALUES (?, ?, ?, ?, ?, ?, ?, NOW(), 'Putaway', ?, NOW(), NOW()) ON DUPLICATE KEY UPDATE qty = ?, qty_before = ?, qty_reduced = ?, last_transaction_date = NOW(), last_transaction_type = 'Putaway', last_transaction_ref = ?, updated_at = NOW()
[2026-01-21T08:58:11.026Z] [INFO] [Putaway Completion] Insert Params: [
  "SKU-HAT-301-GRN-OS",
  "WH-MAIN",
  "A1-R02-L1-B2",
  2,
  0,
  0,
  2,
  "PUT-20260121-0001"
]
[2026-01-21T08:58:11.027Z] [INFO] [Putaway Completion] Update Params: [
  2,
  0,
  2,
  "PUT-20260121-0001"
]
[2026-01-21T08:58:11.027Z] [INFO] [Putaway Completion] ========================================
[2026-01-21T08:58:11.029Z] [INFO] [Putaway Completion] ✅ STOCK LEDGER UPDATE RESULT:
{
  "item_code": "SKU-HAT-301-GRN-OS",
  "bin_location": "A1-R02-L1-B2",
  "warehouse": "WH-MAIN",
  "new_qty": 2,
  "affectedRows": 1,
  "insertId": 2,
  "changedRows": 0
}
[2026-01-21T08:58:11.047Z] [INFO] [Putaway Completion] ========================================
[2026-01-21T08:58:11.048Z] [INFO] [Putaway Completion] 🔵 EXECUTING TRANSACTION HISTORY INSERT
[2026-01-21T08:58:11.048Z] [INFO] [Putaway Completion] Item: SKU-HAT-301-GRN-OS
[2026-01-21T08:58:11.049Z] [INFO] [Putaway Completion] Location: A1-R02-L1-B2
[2026-01-21T08:58:11.049Z] [INFO] [Putaway Completion] Qty Change: 2
[2026-01-21T08:58:11.049Z] [INFO] [Putaway Completion] Fields (12):
[
  "transaction_date",
  "transaction_type",
  "reference_doc",
  "item_code",
  "item_name",
  "warehouse",
  "location_id",
  "bin_location",
  "carton_id",
  "qty_change",
  "stock_direction",
  "performed_by"
]
[2026-01-21T08:58:11.050Z] [INFO] [Putaway Completion] SQL: INSERT INTO tabTransactionHistory (transaction_date, transaction_type, reference_doc, item_code, item_name, warehouse, location_id, bin_location, carton_id, qty_change, stock_direction, performed_by) VALUES (?, ?, ?, ?, ?, ?, ?, ?, ?, ?, ?, ?)
[2026-01-21T08:58:11.051Z] [INFO] [Putaway Completion] Values: [
  "2026-01-21T08:58:11.046Z",
  "Putaway",
  "PUT-20260121-0001",
  "SKU-HAT-301-GRN-OS",
  "Baseball Cap Green One Size",
  "WH-MAIN",
  "A1-R02-L1-B2",
  "A1-R02-L1-B2",
  "CTN-TI-123457-20260121-111153-371",
  2,
  "IN",
  "USER-001"
]
[2026-01-21T08:58:11.051Z] [INFO] [Putaway Completion] ========================================
[2026-01-21T08:58:11.103Z] [INFO] [Putaway Completion] ========================================
[2026-01-21T08:58:11.105Z] [INFO] [Putaway Completion] Step 6: Stock update loop completed
[2026-01-21T08:58:11.106Z] [INFO] [Putaway Completion] Summary:
{
  "processed": 2,
  "skipped": 0,
  "total_lines": 2,
  "success_rate": "100.0%"
}
[2026-01-21T08:58:11.107Z] [INFO] [Putaway Completion] ========================================
[2026-01-21T08:58:11.108Z] [INFO] [Putaway Completion] Step 7: Marking putaway task as Completed...
[2026-01-21T08:58:11.113Z] [INFO] [Putaway Completion] Status update result:
{
  "affectedRows": 1
}
[2026-01-21T08:58:11.114Z] [INFO] [Putaway Completion] ========================================
[2026-01-21T08:58:11.114Z] [INFO] [Putaway Completion] Step 8: COMMITTING TRANSACTION
[2026-01-21T08:58:11.115Z] [INFO] [Putaway Completion] Task: PUT-20260121-0001
[2026-01-21T08:58:11.116Z] [INFO] [Putaway Completion] Processed: 2, Skipped: 0
[2026-01-21T08:58:11.117Z] [INFO] [Putaway Completion] ========================================
[2026-01-21T08:58:11.123Z] [INFO] [Putaway Completion] ✅✅✅ TRANSACTION COMMITTED SUCCESSFULLY ✅✅✅
[2026-01-21T08:58:11.124Z] [INFO] [Putaway Completion] Task: PUT-20260121-0001
[2026-01-21T08:58:11.125Z] [INFO] [Putaway Completion] ========================================
[2026-01-21T08:58:11.126Z] [DEBUG] Requesting database connection from pool
[2026-01-21T08:58:11.135Z] [SUCCESS] New database connection established
[2026-01-21T08:58:11.137Z] [DEBUG] Database connection obtained from pool
[2026-01-21T08:58:11.151Z] [INFO] [Putaway Completion] ✅ Successfully completed putaway task PUT-20260121-0001 - stock updated, task marked as Completed
{
  "stock_ledger_entries": 2,
  "transaction_history_entries": 2,
  "processed_lines": 2,
  "skipped_lines": 0,
  "putaway_task": "PUT-20260121-0001"
}
[2026-01-21T08:58:11.153Z] [INFO] [Putaway Stock Update] Step 13: processPutawayCompletionEvent returned: undefined (no return value)
[2026-01-21T08:58:11.154Z] [INFO] [Putaway Stock Update] ========================================
[2026-01-21T08:58:11.155Z] [INFO] [Putaway Stock Update] ✅ Stock updates completed for task PUT-20260121-0001
[2026-01-21T08:58:11.156Z] [INFO] [Putaway Stock Update] ========================================
[2026-01-21T08:58:15.286Z] [INFO] 📥 GET /api/health
{
  "IP": "192.168.103.205",
  "UserAgent": "okhttp/4.12.0"
}
[2026-01-21T08:58:18.402Z] [INFO] 📥 GET /api/health
{
  "IP": "192.168.103.205",
  "UserAgent": "okhttp/4.12.0"
}
[2026-01-21T08:58:19.381Z] [INFO] 📥 GET /api/health
{
  "IP": "192.168.103.205",
  "UserAgent": "okhttp/4.12.0"
}
[2026-01-21T08:58:21.517Z] [INFO] 📥 GET /api/health
{
  "IP": "192.168.103.205",
  "UserAgent": "okhttp/4.12.0"
}
[2026-01-21T08:58:24.923Z] [INFO] 📥 GET /api/health
{
  "IP": "192.168.103.205",
  "UserAgent": "okhttp/4.12.0"
}
[2026-01-21T08:58:36.077Z] [INFO] 📥 GET /api/health
{
  "IP": "192.168.103.205",
  "UserAgent": "okhttp/4.12.0"
}
[2026-01-21T08:58:45.330Z] [INFO] 📥 GET /api/health
{
  "IP": "192.168.103.205",
  "UserAgent": "okhttp/4.12.0"
}
[2026-01-21T08:58:48.411Z] [INFO] 📥 GET /api/health
{
  "IP": "192.168.103.205",
  "UserAgent": "okhttp/4.12.0"
}
[2026-01-21T08:58:49.430Z] [INFO] 📥 GET /api/health
{
  "IP": "192.168.103.205",
  "UserAgent": "okhttp/4.12.0"
}
[2026-01-21T08:58:51.553Z] [INFO] 📥 GET /api/health
{
  "IP": "192.168.103.205",
  "UserAgent": "okhttp/4.12.0"
}
[2026-01-21T08:58:54.931Z] [INFO] 📥 GET /api/health
{
  "IP": "192.168.103.205",
  "UserAgent": "okhttp/4.12.0"
}
[2026-01-21T08:59:06.075Z] [INFO] 📥 GET /api/health
{
  "IP": "192.168.103.205",
  "UserAgent": "okhttp/4.12.0"
}
[2026-01-21T08:59:15.337Z] [INFO] 📥 GET /api/health
{
  "IP": "192.168.103.205",
  "UserAgent": "okhttp/4.12.0"
}
[2026-01-21T08:59:18.405Z] [INFO] 📥 GET /api/health
{
  "IP": "192.168.103.205",
  "UserAgent": "okhttp/4.12.0"
}
[2026-01-21T08:59:19.421Z] [INFO] 📥 GET /api/health
{
  "IP": "192.168.103.205",
  "UserAgent": "okhttp/4.12.0"
}
[2026-01-21T08:59:21.559Z] [INFO] 📥 GET /api/health
{
  "IP": "192.168.103.205",
  "UserAgent": "okhttp/4.12.0"
}
[2026-01-21T08:59:24.926Z] [INFO] 📥 GET /api/health
{
  "IP": "192.168.103.205",
  "UserAgent": "okhttp/4.12.0"
}
[2026-01-21T08:59:36.095Z] [INFO] 📥 GET /api/health
{
  "IP": "192.168.103.205",
  "UserAgent": "okhttp/4.12.0"
}
[2026-01-21T08:59:45.349Z] [INFO] 📥 GET /api/health
{
  "IP": "192.168.103.205",
  "UserAgent": "okhttp/4.12.0"
}
[2026-01-21T08:59:48.411Z] [INFO] 📥 GET /api/health
{
  "IP": "192.168.103.205",
  "UserAgent": "okhttp/4.12.0"
}
[2026-01-21T08:59:49.450Z] [INFO] 📥 GET /api/health
{
  "IP": "192.168.103.205",
  "UserAgent": "okhttp/4.12.0"
}
[2026-01-21T08:59:51.576Z] [INFO] 📥 GET /api/health
{
  "IP": "192.168.103.205",
  "UserAgent": "okhttp/4.12.0"
}
[2026-01-21T08:59:54.936Z] [INFO] 📥 GET /api/health
{
  "IP": "192.168.103.205",
  "UserAgent": "okhttp/4.12.0"
}
[2026-01-21T08:59:59.963Z] [INFO] 📥 GET /api/transaction-history?from_date=2025-10-23&to_date=2026-01-22&limit=1000
{
  "IP": "127.0.0.1",
  "UserAgent": "unknown"
}
[2026-01-21T09:00:06.095Z] [INFO] 📥 GET /api/health
{
  "IP": "192.168.103.205",
  "UserAgent": "okhttp/4.12.0"
}
[2026-01-21T09:00:15.343Z] [INFO] 📥 GET /api/health
{
  "IP": "192.168.103.205",
  "UserAgent": "okhttp/4.12.0"
}
[2026-01-21T09:00:16.378Z] [INFO] 📥 GET /api/transaction-history?from_date=2025-10-23&to_date=2026-01-22&limit=1000
{
  "IP": "127.0.0.1",
  "UserAgent": "unknown"
}
[2026-01-21T09:00:18.437Z] [INFO] 📥 GET /api/health
{
  "IP": "192.168.103.205",
  "UserAgent": "okhttp/4.12.0"
}
[2026-01-21T09:00:19.441Z] [INFO] 📥 GET /api/health
{
  "IP": "192.168.103.205",
  "UserAgent": "okhttp/4.12.0"
}
[2026-01-21T09:00:21.566Z] [INFO] 📥 GET /api/health
{
  "IP": "192.168.103.205",
  "UserAgent": "okhttp/4.12.0"
}
[2026-01-21T09:00:24.953Z] [INFO] 📥 GET /api/health
{
  "IP": "192.168.103.205",
  "UserAgent": "okhttp/4.12.0"
}
[2026-01-21T09:00:36.117Z] [INFO] 📥 GET /api/health
{
  "IP": "192.168.103.205",
  "UserAgent": "okhttp/4.12.0"
}
[2026-01-21T09:00:45.333Z] [INFO] 📥 GET /api/health
{
  "IP": "192.168.103.205",
  "UserAgent": "okhttp/4.12.0"
}
[2026-01-21T09:00:48.445Z] [INFO] 📥 GET /api/health
{
  "IP": "192.168.103.205",
  "UserAgent": "okhttp/4.12.0"
}
[2026-01-21T09:00:49.436Z] [INFO] 📥 GET /api/health
{
  "IP": "192.168.103.205",
  "UserAgent": "okhttp/4.12.0"
}
[2026-01-21T09:00:51.575Z] [INFO] 📥 GET /api/health
{
  "IP": "192.168.103.205",
  "UserAgent": "okhttp/4.12.0"
}
[2026-01-21T09:00:54.969Z] [INFO] 📥 GET /api/health
{
  "IP": "192.168.103.205",
  "UserAgent": "okhttp/4.12.0"
}
[2026-01-21T09:01:06.122Z] [INFO] 📥 GET /api/health
{
  "IP": "192.168.103.205",
  "UserAgent": "okhttp/4.12.0"
}
[2026-01-21T09:01:15.382Z] [INFO] 📥 GET /api/health
{
  "IP": "192.168.103.205",
  "UserAgent": "okhttp/4.12.0"
}
[2026-01-21T09:01:18.457Z] [INFO] 📥 GET /api/health
{
  "IP": "192.168.103.205",
  "UserAgent": "okhttp/4.12.0"
}
[2026-01-21T09:01:19.458Z] [INFO] 📥 GET /api/health
{
  "IP": "192.168.103.205",
  "UserAgent": "okhttp/4.12.0"
}
[2026-01-21T09:01:21.607Z] [INFO] 📥 GET /api/health
{
  "IP": "192.168.103.205",
  "UserAgent": "okhttp/4.12.0"
}
[2026-01-21T09:01:24.984Z] [INFO] 📥 GET /api/health
{
  "IP": "192.168.103.205",
  "UserAgent": "okhttp/4.12.0"
}
[2026-01-21T09:01:36.133Z] [INFO] 📥 GET /api/health
{
  "IP": "192.168.103.205",
  "UserAgent": "okhttp/4.12.0"
}
[2026-01-21T09:01:45.391Z] [INFO] 📥 GET /api/health
{
  "IP": "192.168.103.205",
  "UserAgent": "okhttp/4.12.0"
}
[2026-01-21T09:01:48.455Z] [INFO] 📥 GET /api/health
{
  "IP": "192.168.103.205",
  "UserAgent": "okhttp/4.12.0"
}
[2026-01-21T09:01:49.487Z] [INFO] 📥 GET /api/health
{
  "IP": "192.168.103.205",
  "UserAgent": "okhttp/4.12.0"
}
[2026-01-21T09:01:51.634Z] [INFO] 📥 GET /api/health
{
  "IP": "192.168.103.205",
  "UserAgent": "okhttp/4.12.0"
}
[2026-01-21T09:01:54.988Z] [INFO] 📥 GET /api/health
{
  "IP": "192.168.103.205",
  "UserAgent": "okhttp/4.12.0"
}
[2026-01-21T09:02:06.137Z] [INFO] 📥 GET /api/health
{
  "IP": "192.168.103.205",
  "UserAgent": "okhttp/4.12.0"
}
[2026-01-21T09:02:15.399Z] [INFO] 📥 GET /api/health
{
  "IP": "192.168.103.205",
  "UserAgent": "okhttp/4.12.0"
}
[2026-01-21T09:02:18.459Z] [INFO] 📥 GET /api/health
{
  "IP": "192.168.103.205",
  "UserAgent": "okhttp/4.12.0"
}
[2026-01-21T09:02:19.478Z] [INFO] 📥 GET /api/health
{
  "IP": "192.168.103.205",
  "UserAgent": "okhttp/4.12.0"
}
[2026-01-21T09:02:21.626Z] [INFO] 📥 GET /api/health
{
  "IP": "192.168.103.205",
  "UserAgent": "okhttp/4.12.0"
}
[2026-01-21T09:02:24.982Z] [INFO] 📥 GET /api/health
{
  "IP": "192.168.103.205",
  "UserAgent": "okhttp/4.12.0"
}
[2026-01-21T09:02:36.156Z] [INFO] 📥 GET /api/health
{
  "IP": "192.168.103.205",
  "UserAgent": "okhttp/4.12.0"
}
[2026-01-21T09:02:45.440Z] [INFO] 📥 GET /api/health
{
  "IP": "192.168.103.205",
  "UserAgent": "okhttp/4.12.0"
}
[2026-01-21T09:02:48.498Z] [INFO] 📥 GET /api/health
{
  "IP": "192.168.103.205",
  "UserAgent": "okhttp/4.12.0"
}
[2026-01-21T09:02:49.513Z] [INFO] 📥 GET /api/health
{
  "IP": "192.168.103.205",
  "UserAgent": "okhttp/4.12.0"
}
[2026-01-21T09:02:51.634Z] [INFO] 📥 GET /api/health
{
  "IP": "192.168.103.205",
  "UserAgent": "okhttp/4.12.0"
}
[2026-01-21T09:02:54.984Z] [INFO] 📥 GET /api/health
{
  "IP": "192.168.103.205",
  "UserAgent": "okhttp/4.12.0"
}
[2026-01-21T09:03:06.153Z] [INFO] 📥 GET /api/health
{
  "IP": "192.168.103.205",
  "UserAgent": "okhttp/4.12.0"
}
[2026-01-21T09:03:15.391Z] [INFO] 📥 GET /api/health
{
  "IP": "192.168.103.205",
  "UserAgent": "okhttp/4.12.0"
}
[2026-01-21T09:03:18.493Z] [INFO] 📥 GET /api/health
{
  "IP": "192.168.103.205",
  "UserAgent": "okhttp/4.12.0"
}
[2026-01-21T09:03:19.483Z] [INFO] 📥 GET /api/health
{
  "IP": "192.168.103.205",
  "UserAgent": "okhttp/4.12.0"
}
[2026-01-21T09:03:21.628Z] [INFO] 📥 GET /api/health
{
  "IP": "192.168.103.205",
  "UserAgent": "okhttp/4.12.0"
}
[2026-01-21T09:03:25.007Z] [INFO] 📥 GET /api/health
{
  "IP": "192.168.103.205",
  "UserAgent": "okhttp/4.12.0"
}
[2026-01-21T09:03:36.177Z] [INFO] 📥 GET /api/health
{
  "IP": "192.168.103.205",
  "UserAgent": "okhttp/4.12.0"
}
[2026-01-21T09:03:45.423Z] [INFO] 📥 GET /api/health
{
  "IP": "192.168.103.205",
  "UserAgent": "okhttp/4.12.0"
}
[2026-01-21T09:03:48.492Z] [INFO] 📥 GET /api/health
{
  "IP": "192.168.103.205",
  "UserAgent": "okhttp/4.12.0"
}
[2026-01-21T09:03:49.507Z] [INFO] 📥 GET /api/health
{
  "IP": "192.168.103.205",
  "UserAgent": "okhttp/4.12.0"
}
[2026-01-21T09:03:51.618Z] [INFO] 📥 GET /api/health
{
  "IP": "192.168.103.205",
  "UserAgent": "okhttp/4.12.0"
}
[2026-01-21T09:03:55.026Z] [INFO] 📥 GET /api/health
{
  "IP": "192.168.103.205",
  "UserAgent": "okhttp/4.12.0"
}
[2026-01-21T09:04:01.302Z] [INFO] 📊 Database Configuration
{
  "Host": "localhost",
  "Port": "3306",
  "User": "erppadmin",
  "Password": "***",
  "Database": "wms_desktop"
}
[2026-01-21T09:04:01.345Z] [INFO] ======================================================================
[2026-01-21T09:04:01.345Z] [INFO] 🚀 WMS API Server Started
[2026-01-21T09:04:01.346Z] [INFO] ======================================================================
[2026-01-21T09:04:01.346Z] [INFO] 🔍 Server Configuration
{
  "HOST": "0.0.0.0",
  "PORT": "3000",
  "API_BASE_URL": "http://localhost:3000",
  "NetworkIPs": [
    "192.168.103.219"
  ]
}
[2026-01-21T09:04:01.347Z] [SUCCESS] Server running on all interfaces (0.0.0.0:3000)
[2026-01-21T09:04:01.347Z] [INFO] 📍 Access URLs
{
  "Health": "http://192.168.103.219:3000/health",
  "API": "http://localhost:3000/api",
  "LocalHealth": "http://localhost:3000/health",
  "LocalAPI": "http://localhost:3000/api"
}
[2026-01-21T09:04:01.347Z] [INFO] ======================================================================
[2026-01-21T09:04:05.523Z] [INFO] 📥 POST /api/putaway/trigger-stock-update
{
  "IP": "127.0.0.1",
  "UserAgent": "PostmanRuntime/7.51.0"
}
[2026-01-21T09:04:05.531Z] [DEBUG] Request body
{
  "putaway_task": "PUT-20260121-0001",
  "user_id": "USER-001"
}
[2026-01-21T09:04:05.533Z] [INFO] [Putaway Stock Update] ========================================
[2026-01-21T09:04:05.534Z] [INFO] [Putaway Stock Update] 🔵 ENTRY: triggerStockUpdate called
[2026-01-21T09:04:05.534Z] [INFO] [Putaway Stock Update] Request body: {
  "putaway_task": "PUT-20260121-0001",
  "user_id": "USER-001"
}
[2026-01-21T09:04:05.535Z] [INFO] [Putaway Stock Update] ========================================
[2026-01-21T09:04:05.535Z] [INFO] [Putaway Stock Update] Step 1: Getting database connection...
[2026-01-21T09:04:05.536Z] [INFO] [Putaway Stock Update] Step 2: Importing processPutawayCompletionEvent...
[2026-01-21T09:04:05.536Z] [INFO] [Putaway Stock Update] Step 3: Getting database connection...
[2026-01-21T09:04:05.537Z] [DEBUG] Requesting database connection from pool
[2026-01-21T09:04:05.567Z] [SUCCESS] New database connection established
[2026-01-21T09:04:05.568Z] [DEBUG] Database connection obtained from pool
[2026-01-21T09:04:05.568Z] [INFO] [Putaway Stock Update] ✅ Got connection and imported processPutawayCompletionEvent
[2026-01-21T09:04:05.578Z] [INFO] [Putaway Stock Update] Step 6: Checking database schema for tabPutawayLine...
[2026-01-21T09:04:05.583Z] [INFO] [Putaway Stock Update] Line schema check result:
{
  "hasLocationId": true,
  "hasRack": true,
  "hasBin": true,
  "hasCartonId": true,
  "hasBoxId": false
}
[2026-01-21T09:04:05.583Z] [INFO] [Putaway Stock Update] Step 7: Querying putaway lines: SELECT item_code, qty, carton_id, location_id, rack, bin FROM tabPutawayLine WHERE parent_title = ? AND item_code IS NOT NULL AND qty > 0
[2026-01-21T09:04:05.584Z] [INFO] [Putaway Stock Update] Query params: [PUT-20260121-0001]
[2026-01-21T09:04:05.588Z] [INFO] [Putaway Stock Update] Putaway lines query result:
{
  "lines_count": 2,
  "lines": [
    {
      "item_code": "SKU-HAT-301-BLU-OS",
      "qty": "2.00",
      "location_id": "A1-R02-L1-B2",
      "rack": "Rack 02",
      "bin": "B2",
      "carton_id": "CTN-TI-123457-20260121-111153-371",
      "box_id": "N/A"
    },
    {
      "item_code": "SKU-HAT-301-GRN-OS",
      "qty": "2.00",
      "location_id": "A1-R02-L1-B2",
      "rack": "Rack 02",
      "bin": "B2",
      "carton_id": "CTN-TI-123457-20260121-111153-371",
      "box_id": "N/A"
    }
  ]
}
[2026-01-21T09:04:05.589Z] [INFO] [Putaway Stock Update] Step 8: Location check:
{
  "hasLocation": true,
  "lines_with_location_id": 2,
  "lines_with_rack": 2,
  "lines_with_bin": 2,
  "total_lines": 2
}
[2026-01-21T09:04:05.590Z] [INFO] [Putaway Stock Update] Step 10: Getting location and carton_id from putaway lines...
[2026-01-21T09:04:05.591Z] [INFO] [Putaway Stock Update] ✅ Found location_id from line: A1-R02-L1-B2
[2026-01-21T09:04:05.591Z] [INFO] [Putaway Stock Update] First line values:
{
  "location_id": "A1-R02-L1-B2",
  "rack": "Rack 02",
  "bin": "B2",
  "carton_id": "CTN-TI-123457-20260121-111153-371",
  "box_id": "CTN-TI-123457-20260121-111153-371"
}
[2026-01-21T09:04:05.592Z] [INFO] [Putaway Stock Update] Step 11: Final values before calling processPutawayCompletionEvent:
{
  "warehouse": "WH-MAIN",
  "location_id": "A1-R02-L1-B2",
  "rack": "Rack 02",
  "bin": "B2",
  "carton_id": "CTN-TI-123457-20260121-111153-371",
  "box_id": "CTN-TI-123457-20260121-111153-371",
  "lines_count": 2,
  "lines_with_location": 2
}
[2026-01-21T09:04:05.592Z] [INFO] [Putaway Stock Update] ========================================
[2026-01-21T09:04:05.592Z] [INFO] [Putaway Stock Update] Step 12: CALLING processPutawayCompletionEvent
[2026-01-21T09:04:05.593Z] [INFO] [Putaway Stock Update] Event params: {
  "event_type": "PUTAWAY_TO_RACK",
  "putaway_task": "PUT-20260121-0001",
  "box_id": "CTN-TI-123457-20260121-111153-371",
  "carton_id": "CTN-TI-123457-20260121-111153-371",
  "location_id": "A1-R02-L1-B2",
  "rack": "Rack 02",
  "bin": "B2",
  "item_code": null,
  "qty": null,
  "user_id": "USER-001",
  "store": "WH-MAIN",
  "tc_id": null
}
[2026-01-21T09:04:05.593Z] [INFO] [Putaway Stock Update] ========================================
[2026-01-21T09:04:05.596Z] [INFO] [Putaway Completion] ========================================
[2026-01-21T09:04:05.597Z] [INFO] [Putaway Completion] 🔵 ENTRY: processPutawayCompletionEvent called
[2026-01-21T09:04:05.598Z] [INFO] [Putaway Completion] Connection validation:
{
  "hasConnection": true,
  "connectionType": "object",
  "hasExecute": true
}
[2026-01-21T09:04:05.599Z] [INFO] [Putaway Completion] Event object: {
  "putaway_task": "PUT-20260121-0001",
  "tc_id": "NULL",
  "box_id": "CTN-TI-123457-20260121-111153-371",
  "carton_id": "CTN-TI-123457-20260121-111153-371",
  "location_id": "A1-R02-L1-B2",
  "rack": "Rack 02",
  "bin": "B2",
  "item_code": "NULL",
  "qty": "NULL",
  "user_id": "USER-001",
  "store": "WH-MAIN",
  "event_type": "PUTAWAY_TO_RACK"
}
[2026-01-21T09:04:05.599Z] [INFO] [Putaway Completion] ========================================
[2026-01-21T09:04:05.599Z] [INFO] [Putaway Completion] 🔍 DEBUG: About to extract event parameters...
[2026-01-21T09:04:05.600Z] [INFO] [Putaway Completion] 🔍 DEBUG: Event parameters extracted successfully
[2026-01-21T09:04:05.600Z] [INFO] [Putaway Completion] Step 0: Extracted event parameters:
{
  "putaway_task": "PUT-20260121-0001",
  "tc_id": "NULL",
  "box_id": "CTN-TI-123457-20260121-111153-371",
  "carton_id": "CTN-TI-123457-20260121-111153-371",
  "location_id": "A1-R02-L1-B2",
  "item_code": "NULL",
  "qty": "NULL"
}
[2026-01-21T09:04:05.601Z] [INFO] [Putaway Completion] Step 0a: Initial putawayTaskTitle: PUT-20260121-0001
[2026-01-21T09:04:05.605Z] [INFO] [Putaway Completion] Step 0b: ✅ putawayTaskTitle resolved: PUT-20260121-0001
[2026-01-21T09:04:05.606Z] [INFO] [Putaway Completion] Processing putaway task: PUT-20260121-0001, carton_id from event: CTN-TI-123457-20260121-111153-371, item_code: NULL, qty: NULL, location_id: A1-R02-L1-B2, rack: Rack 02, bin: B2
[2026-01-21T09:04:05.607Z] [INFO] [Putaway Completion] Step 1: Starting transaction...
[2026-01-21T09:04:05.609Z] [INFO] [Putaway Completion] ✅ Transaction started
[2026-01-21T09:04:05.610Z] [INFO] [Putaway Completion] Step 2: Locking putaway task row: PUT-20260121-0001
[2026-01-21T09:04:05.613Z] [INFO] [Putaway Completion] Task status query result:
{
  "found": true,
  "status": "Completed"
}
[2026-01-21T09:04:05.614Z] [WARN] [Putaway Completion] ⚠️ Task PUT-20260121-0001 is already Completed - skipping stock update (idempotency check)
[2026-01-21T09:04:05.616Z] [INFO] [Putaway Completion] Transaction rolled back (task already completed)
[2026-01-21T09:04:05.616Z] [INFO] [Putaway Stock Update] Step 13: processPutawayCompletionEvent returned: undefined (no return value)
[2026-01-21T09:04:05.617Z] [INFO] [Putaway Stock Update] ========================================
[2026-01-21T09:04:05.618Z] [INFO] [Putaway Stock Update] ✅ Stock updates completed for task PUT-20260121-0001
[2026-01-21T09:04:05.618Z] [INFO] [Putaway Stock Update] ========================================
[2026-01-21T09:04:06.178Z] [INFO] 📥 GET /api/health
{
  "IP": "192.168.103.205",
  "UserAgent": "okhttp/4.12.0"
}
[2026-01-21T09:04:11.424Z] [INFO] 📥 GET /api/transaction-history?from_date=2025-10-23&to_date=2026-01-22&limit=1000
{
  "IP": "127.0.0.1",
  "UserAgent": "unknown"
}
[2026-01-21T09:04:15.434Z] [INFO] 📥 GET /api/health
{
  "IP": "192.168.103.205",
  "UserAgent": "okhttp/4.12.0"
}
[2026-01-21T09:04:18.515Z] [INFO] 📥 GET /api/health
{
  "IP": "192.168.103.205",
  "UserAgent": "okhttp/4.12.0"
}
[2026-01-21T09:04:19.505Z] [INFO] 📥 GET /api/health
{
  "IP": "192.168.103.205",
  "UserAgent": "okhttp/4.12.0"
}
[2026-01-21T09:04:21.664Z] [INFO] 📥 GET /api/health
{
  "IP": "192.168.103.205",
  "UserAgent": "okhttp/4.12.0"
}
[2026-01-21T09:04:25.038Z] [INFO] 📥 GET /api/health
{
  "IP": "192.168.103.205",
  "UserAgent": "okhttp/4.12.0"
}
[2026-01-21T09:04:36.190Z] [INFO] 📥 GET /api/health
{
  "IP": "192.168.103.205",
  "UserAgent": "okhttp/4.12.0"
}
[2026-01-21T09:04:50.131Z] [INFO] 📊 Database Configuration
{
  "Host": "localhost",
  "Port": "3306",
  "User": "erppadmin",
  "Password": "***",
  "Database": "wms_desktop"
}
[2026-01-21T09:04:50.173Z] [INFO] ======================================================================
[2026-01-21T09:04:50.174Z] [INFO] 🚀 WMS API Server Started
[2026-01-21T09:04:50.174Z] [INFO] ======================================================================
[2026-01-21T09:04:50.175Z] [INFO] 🔍 Server Configuration
{
  "HOST": "0.0.0.0",
  "PORT": "3000",
  "API_BASE_URL": "http://localhost:3000",
  "NetworkIPs": [
    "192.168.103.219"
  ]
}
[2026-01-21T09:04:50.175Z] [SUCCESS] Server running on all interfaces (0.0.0.0:3000)
[2026-01-21T09:04:50.176Z] [INFO] 📍 Access URLs
{
  "Health": "http://192.168.103.219:3000/health",
  "API": "http://localhost:3000/api",
  "LocalHealth": "http://localhost:3000/health",
  "LocalAPI": "http://localhost:3000/api"
}
[2026-01-21T09:04:50.176Z] [INFO] ======================================================================
[2026-01-21T09:04:51.679Z] [INFO] 📥 GET /api/health
{
  "IP": "192.168.103.205",
  "UserAgent": "okhttp/4.12.0"
}
[2026-01-21T09:04:55.033Z] [INFO] 📥 GET /api/health
{
  "IP": "192.168.103.205",
  "UserAgent": "okhttp/4.12.0"
}
[2026-01-21T09:04:59.682Z] [INFO] 📥 GET /api/transfer-in/INSLIP-123457
{
  "IP": "192.168.103.205",
  "UserAgent": "okhttp/4.12.0"
}
[2026-01-21T09:04:59.691Z] [DEBUG] Requesting database connection from pool
[2026-01-21T09:04:59.745Z] [SUCCESS] New database connection established
[2026-01-21T09:04:59.747Z] [DEBUG] Database connection obtained from pool
[2026-01-21T09:05:01.960Z] [INFO] 📥 GET /api/transfer-in
{
  "IP": "192.168.103.205",
  "UserAgent": "okhttp/4.12.0"
}
[2026-01-21T09:05:01.964Z] [DEBUG] Requesting database connection from pool
[2026-01-21T09:05:01.966Z] [DEBUG] Database connection obtained from pool
[2026-01-21T09:05:15.449Z] [INFO] 📥 GET /api/health
{
  "IP": "192.168.103.205",
  "UserAgent": "okhttp/4.12.0"
}
[2026-01-21T09:05:23.422Z] [INFO] 📥 GET /api/health
{
  "IP": "192.168.103.205",
  "UserAgent": "okhttp/4.12.0"
}
[2026-01-21T09:05:23.451Z] [INFO] 📥 GET /api/transfer-in
{
  "IP": "192.168.103.205",
  "UserAgent": "okhttp/4.12.0"
}
[2026-01-21T09:05:23.453Z] [DEBUG] Requesting database connection from pool
[2026-01-21T09:05:23.457Z] [DEBUG] Database connection obtained from pool
[2026-01-21T09:05:23.474Z] [INFO] 📥 GET /api/transfer-in
{
  "IP": "192.168.103.205",
  "UserAgent": "okhttp/4.12.0"
}
[2026-01-21T09:05:23.483Z] [DEBUG] Requesting database connection from pool
[2026-01-21T09:05:23.486Z] [DEBUG] Database connection obtained from pool
[2026-01-21T09:05:24.318Z] [INFO] 📥 GET /api/health
{
  "IP": "192.168.103.205",
  "UserAgent": "okhttp/4.12.0"
}
[2026-01-21T09:05:24.358Z] [INFO] 📥 GET /api/transfer-in/INSLIP-123457
{
  "IP": "192.168.103.205",
  "UserAgent": "okhttp/4.12.0"
}
[2026-01-21T09:05:24.359Z] [DEBUG] Requesting database connection from pool
[2026-01-21T09:05:24.361Z] [DEBUG] Database connection obtained from pool
[2026-01-21T09:05:25.908Z] [INFO] 📥 GET /api/health
{
  "IP": "192.168.103.205",
  "UserAgent": "okhttp/4.12.0"
}
[2026-01-21T09:05:27.408Z] [INFO] 📥 POST /api/boxes/create
{
  "IP": "192.168.103.205",
  "UserAgent": "okhttp/4.12.0"
}
[2026-01-21T09:05:27.436Z] [DEBUG] Request body
{
  "box_id": "CTN-TI-123457-20260121-120528-706",
  "asn_no": "INSLIP-123457",
  "store": "WH-MAIN",
  "purpose": "PUTAWAY",
  "user_id": "USER-402498",
  "carton_id": "CTN-TI-123457-20260121-120528-706",
  "to_no": "Putaway"
}
[2026-01-21T09:05:27.441Z] [DEBUG] Requesting database connection from pool
[2026-01-21T09:05:27.444Z] [DEBUG] Database connection obtained from pool
[2026-01-21T09:05:29.257Z] [INFO] 📥 POST /api/transfer-in/INSLIP-123457/validate-carton
{
  "IP": "192.168.103.205",
  "UserAgent": "okhttp/4.12.0"
}
[2026-01-21T09:05:29.261Z] [DEBUG] Request body
{
  "carton_id": "CTN-TI-123457-20260121-120528-706"
}
[2026-01-21T09:05:29.266Z] [DEBUG] Requesting database connection from pool
[2026-01-21T09:05:29.267Z] [DEBUG] Database connection obtained from pool
[2026-01-21T09:05:29.557Z] [INFO] 📥 GET /api/health
{
  "IP": "192.168.103.205",
  "UserAgent": "okhttp/4.12.0"
}
[2026-01-21T09:05:29.617Z] [INFO] 📥 GET /api/transfer-in/INSLIP-123457
{
  "IP": "192.168.103.205",
  "UserAgent": "okhttp/4.12.0"
}
[2026-01-21T09:05:29.620Z] [DEBUG] Requesting database connection from pool
[2026-01-21T09:05:29.623Z] [DEBUG] Database connection obtained from pool
[2026-01-21T09:05:29.626Z] [INFO] 📥 GET /api/transfer-in/INSLIP-123457
{
  "IP": "192.168.103.205",
  "UserAgent": "okhttp/4.12.0"
}
[2026-01-21T09:05:29.630Z] [DEBUG] Requesting database connection from pool
[2026-01-21T09:05:29.640Z] [SUCCESS] New database connection established
[2026-01-21T09:05:29.644Z] [DEBUG] Database connection obtained from pool
[2026-01-21T09:05:33.388Z] [INFO] 📥 POST /api/events/batch
{
  "IP": "192.168.103.205",
  "UserAgent": "okhttp/4.12.0"
}
[2026-01-21T09:05:33.389Z] [DEBUG] Request body
{
  "events": [
    {
      "offline_uuid": "75f4d228-e17a-40c0-81ed-ad952b97a372",
      "event_type": "TRANSFER_IN_RECEIVE",
      "asn_no": null,
      "to_no": null,
      "inbound_session": null,
      "carton_id": "CTN-TI-123457-20260121-120528-706",
      "item_code": "SKU-HAT-301-BLU-OS",
      "qty": 2,
      "store": "WH-MAIN",
      "box_id": "CTN-TI-123457-20260121-120528-706",
      "tc_id": null,
      "rack": null,
      "bin": null,
      "device_id": "DEV-O280-402498",
      "user_id": "USER-402498",
      "event_time": "2026-01-21T09:05:34.666Z",
      "synced": 0,
      "error_msg": null,
      "material_request": null,
      "transfer_in": "INSLIP-123457",
      "cycle_count_title": null,
      "source_bin": null,
      "location_id": null
    }
  ]
}
[2026-01-21T09:05:33.396Z] [DEBUG] Requesting database connection from pool
[2026-01-21T09:05:33.397Z] [DEBUG] Database connection obtained from pool
[2026-01-21T09:05:33.629Z] [INFO] 📥 GET /api/health
{
  "IP": "192.168.103.205",
  "UserAgent": "okhttp/4.12.0"
}
[2026-01-21T09:05:35.771Z] [INFO] 📥 GET /api/transfer-in/INSLIP-123457
{
  "IP": "192.168.103.205",
  "UserAgent": "okhttp/4.12.0"
}
[2026-01-21T09:05:35.773Z] [DEBUG] Requesting database connection from pool
[2026-01-21T09:05:35.775Z] [DEBUG] Database connection obtained from pool
[2026-01-21T09:05:38.849Z] [INFO] 📥 POST /api/events/batch
{
  "IP": "192.168.103.205",
  "UserAgent": "okhttp/4.12.0"
}
[2026-01-21T09:05:38.851Z] [DEBUG] Request body
{
  "events": [
    {
      "offline_uuid": "23922f50-d83b-415f-b966-fa94e0aac9ed",
      "event_type": "TRANSFER_IN_RECEIVE",
      "asn_no": null,
      "to_no": null,
      "inbound_session": null,
      "carton_id": "CTN-TI-123457-20260121-120528-706",
      "item_code": "SKU-HAT-301-GRN-OS",
      "qty": 2,
      "store": "WH-MAIN",
      "box_id": "CTN-TI-123457-20260121-120528-706",
      "tc_id": null,
      "rack": null,
      "bin": null,
      "device_id": "DEV-O280-402498",
      "user_id": "USER-402498",
      "event_time": "2026-01-21T09:05:40.106Z",
      "synced": 0,
      "error_msg": null,
      "material_request": null,
      "transfer_in": "INSLIP-123457",
      "cycle_count_title": null,
      "source_bin": null,
      "location_id": null
    }
  ]
}
[2026-01-21T09:05:38.852Z] [DEBUG] Requesting database connection from pool
[2026-01-21T09:05:38.854Z] [DEBUG] Database connection obtained from pool
[2026-01-21T09:05:39.043Z] [INFO] 📥 GET /api/health
{
  "IP": "192.168.103.205",
  "UserAgent": "okhttp/4.12.0"
}
[2026-01-21T09:05:41.201Z] [INFO] 📥 GET /api/transfer-in/INSLIP-123457
{
  "IP": "192.168.103.205",
  "UserAgent": "okhttp/4.12.0"
}
[2026-01-21T09:05:41.203Z] [DEBUG] Requesting database connection from pool
[2026-01-21T09:05:41.205Z] [DEBUG] Database connection obtained from pool
[2026-01-21T09:05:43.134Z] [INFO] 📥 POST /api/transfer-in/INSLIP-123457/complete-receiving
{
  "IP": "192.168.103.205",
  "UserAgent": "okhttp/4.12.0"
}
[2026-01-21T09:05:43.136Z] [DEBUG] Request body
{
  "transfer_in": "INSLIP-123457"
}
[2026-01-21T09:05:43.143Z] [DEBUG] Requesting database connection from pool
[2026-01-21T09:05:43.146Z] [DEBUG] Database connection obtained from pool
[2026-01-21T09:05:43.529Z] [INFO] 📥 GET /api/transfer-in/INSLIP-123457
{
  "IP": "192.168.103.205",
  "UserAgent": "okhttp/4.12.0"
}
[2026-01-21T09:05:43.531Z] [DEBUG] Requesting database connection from pool
[2026-01-21T09:05:43.533Z] [DEBUG] Database connection obtained from pool
[2026-01-21T09:05:45.157Z] [INFO] 📥 GET /api/health
{
  "IP": "192.168.103.205",
  "UserAgent": "okhttp/4.12.0"
}
[2026-01-21T09:05:45.272Z] [INFO] 📥 GET /api/putaway/tasks?source_type=ASN&status=Draft%2CIn+Progress
{
  "IP": "192.168.103.205",
  "UserAgent": "okhttp/4.12.0"
}
[2026-01-21T09:05:45.277Z] [INFO] [Putaway Tasks API] Request received:
{
  "status": "Draft,In Progress",
  "source_type": "ASN",
  "advance_shipping_notice": "NOT_PROVIDED",
  "transfer_in": "NOT_PROVIDED"
}
[2026-01-21T09:05:45.279Z] [DEBUG] Requesting database connection from pool
[2026-01-21T09:05:45.280Z] [DEBUG] Database connection obtained from pool
[2026-01-21T09:05:45.285Z] [INFO] 📥 GET /api/putaway/tasks?source_type=ASN&status=Draft%2CIn+Progress
{
  "IP": "192.168.103.205",
  "UserAgent": "okhttp/4.12.0"
}
[2026-01-21T09:05:45.290Z] [INFO] [Putaway Tasks API] Request received:
{
  "status": "Draft,In Progress",
  "source_type": "ASN",
  "advance_shipping_notice": "NOT_PROVIDED",
  "transfer_in": "NOT_PROVIDED"
}
[2026-01-21T09:05:45.291Z] [DEBUG] Requesting database connection from pool
[2026-01-21T09:05:45.295Z] [DEBUG] Database connection obtained from pool
[2026-01-21T09:05:45.300Z] [INFO] [Putaway Tasks API] Status filter applied:
[
  "Draft",
  "In Progress"
]
[2026-01-21T09:05:45.302Z] [INFO] [Putaway Tasks API] Status filter applied:
[
  "Draft",
  "In Progress"
]
[2026-01-21T09:05:45.308Z] [INFO] [Putaway Tasks API] Query executed:
{
  "whereClause": "WHERE pt.status IN (?,?) AND COALESCE(pt.source_type, \"ASN\") = ?",
  "params": [
    "Draft",
    "In Progress",
    "ASN"
  ],
  "tasks_found": 0
}
[2026-01-21T09:05:45.309Z] [WARN] [Putaway Tasks API] No tasks found with filters:
{
  "status": "Draft,In Progress",
  "source_type": "ASN",
  "advance_shipping_notice": "ALL",
  "transfer_in": "ALL"
}
[2026-01-21T09:05:45.311Z] [INFO] [Putaway Tasks API] Query executed:
{
  "whereClause": "WHERE pt.status IN (?,?) AND COALESCE(pt.source_type, \"ASN\") = ?",
  "params": [
    "Draft",
    "In Progress",
    "ASN"
  ],
  "tasks_found": 0
}
[2026-01-21T09:05:45.316Z] [WARN] [Putaway Tasks API] No tasks found with filters:
{
  "status": "Draft,In Progress",
  "source_type": "ASN",
  "advance_shipping_notice": "ALL",
  "transfer_in": "ALL"
}
[2026-01-21T09:05:45.424Z] [INFO] 📥 GET /api/health
{
  "IP": "192.168.103.205",
  "UserAgent": "okhttp/4.12.0"
}
[2026-01-21T09:05:45.534Z] [INFO] 📥 GET /api/putaway/tasks?source_type=TransferIn&status=Draft%2COpen%2CIn+Progress
{
  "IP": "192.168.103.205",
  "UserAgent": "okhttp/4.12.0"
}
[2026-01-21T09:05:45.536Z] [INFO] [Putaway Tasks API] Request received:
{
  "status": "Draft,Open,In Progress",
  "source_type": "TransferIn",
  "advance_shipping_notice": "NOT_PROVIDED",
  "transfer_in": "NOT_PROVIDED"
}
[2026-01-21T09:05:45.538Z] [DEBUG] Requesting database connection from pool
[2026-01-21T09:05:45.540Z] [DEBUG] Database connection obtained from pool
[2026-01-21T09:05:45.543Z] [INFO] 📥 GET /api/putaway/tasks?source_type=TransferIn&status=Draft%2COpen%2CIn+Progress
{
  "IP": "192.168.103.205",
  "UserAgent": "okhttp/4.12.0"
}
[2026-01-21T09:05:45.547Z] [INFO] [Putaway Tasks API] Request received:
{
  "status": "Draft,Open,In Progress",
  "source_type": "TransferIn",
  "advance_shipping_notice": "NOT_PROVIDED",
  "transfer_in": "NOT_PROVIDED"
}
[2026-01-21T09:05:45.548Z] [DEBUG] Requesting database connection from pool
[2026-01-21T09:05:45.550Z] [DEBUG] Database connection obtained from pool
[2026-01-21T09:05:45.553Z] [INFO] [Putaway Tasks API] Status filter applied:
[
  "Draft",
  "Open",
  "In Progress"
]
[2026-01-21T09:05:45.555Z] [INFO] [Putaway Tasks API] Status filter applied:
[
  "Draft",
  "Open",
  "In Progress"
]
[2026-01-21T09:05:45.562Z] [INFO] [Putaway Tasks API] Query executed:
{
  "whereClause": "WHERE pt.status IN (?,?,?) AND COALESCE(pt.source_type, \"ASN\") = ?",
  "params": [
    "Draft",
    "Open",
    "In Progress",
    "TransferIn"
  ],
  "tasks_found": 1
}
[2026-01-21T09:05:45.563Z] [INFO] [Putaway Tasks API] Tasks found:
[
  {
    "title": "PUT-20260121-0001",
    "status": "Open",
    "source_type": "TransferIn",
    "transfer_in": "INSLIP-123457"
  }
]
[2026-01-21T09:05:45.565Z] [INFO] [Putaway Tasks API] Query executed:
{
  "whereClause": "WHERE pt.status IN (?,?,?) AND COALESCE(pt.source_type, \"ASN\") = ?",
  "params": [
    "Draft",
    "Open",
    "In Progress",
    "TransferIn"
  ],
  "tasks_found": 1
}
[2026-01-21T09:05:45.566Z] [INFO] [Putaway Tasks API] Tasks found:
[
  {
    "title": "PUT-20260121-0001",
    "status": "Open",
    "source_type": "TransferIn",
    "transfer_in": "INSLIP-123457"
  }
]
[2026-01-21T09:05:45.580Z] [INFO] [Putaway Tasks API] Returning 1 task(s) to client
[2026-01-21T09:05:45.583Z] [INFO] [Putaway Tasks API] Returning 1 task(s) to client
[2026-01-21T09:05:53.415Z] [INFO] 📥 GET /api/health
{
  "IP": "192.168.103.205",
  "UserAgent": "okhttp/4.12.0"
}
[2026-01-21T09:05:54.318Z] [INFO] 📥 GET /api/health
{
  "IP": "192.168.103.205",
  "UserAgent": "okhttp/4.12.0"
}
[2026-01-21T09:05:55.902Z] [INFO] 📥 GET /api/health
{
  "IP": "192.168.103.205",
  "UserAgent": "okhttp/4.12.0"
}
[2026-01-21T09:05:59.574Z] [INFO] 📥 GET /api/health
{
  "IP": "192.168.103.205",
  "UserAgent": "okhttp/4.12.0"
}
[2026-01-21T09:06:15.184Z] [INFO] 📥 GET /api/health
{
  "IP": "192.168.103.205",
  "UserAgent": "okhttp/4.12.0"
}
[2026-01-21T09:06:15.454Z] [INFO] 📥 GET /api/health
{
  "IP": "192.168.103.205",
  "UserAgent": "okhttp/4.12.0"
}
[2026-01-21T09:06:23.433Z] [INFO] 📥 GET /api/health
{
  "IP": "192.168.103.205",
  "UserAgent": "okhttp/4.12.0"
}
[2026-01-21T09:06:24.352Z] [INFO] 📥 GET /api/health
{
  "IP": "192.168.103.205",
  "UserAgent": "okhttp/4.12.0"
}
[2026-01-21T09:06:25.908Z] [INFO] 📥 GET /api/health
{
  "IP": "192.168.103.205",
  "UserAgent": "okhttp/4.12.0"
}
[2026-01-21T09:06:29.583Z] [INFO] 📥 GET /api/health
{
  "IP": "192.168.103.205",
  "UserAgent": "okhttp/4.12.0"
}
[2026-01-21T09:06:45.170Z] [INFO] 📥 GET /api/health
{
  "IP": "192.168.103.205",
  "UserAgent": "okhttp/4.12.0"
}
[2026-01-21T09:06:45.464Z] [INFO] 📥 GET /api/health
{
  "IP": "192.168.103.205",
  "UserAgent": "okhttp/4.12.0"
}
[2026-01-21T09:06:53.461Z] [INFO] 📥 GET /api/health
{
  "IP": "192.168.103.205",
  "UserAgent": "okhttp/4.12.0"
}
[2026-01-21T09:06:54.335Z] [INFO] 📥 GET /api/health
{
  "IP": "192.168.103.205",
  "UserAgent": "okhttp/4.12.0"
}
[2026-01-21T09:06:55.922Z] [INFO] 📥 GET /api/health
{
  "IP": "192.168.103.205",
  "UserAgent": "okhttp/4.12.0"
}
[2026-01-21T09:06:59.604Z] [INFO] 📥 GET /api/health
{
  "IP": "192.168.103.205",
  "UserAgent": "okhttp/4.12.0"
}
[2026-01-21T09:07:15.192Z] [INFO] 📥 GET /api/health
{
  "IP": "192.168.103.205",
  "UserAgent": "okhttp/4.12.0"
}
[2026-01-21T09:07:15.475Z] [INFO] 📥 GET /api/health
{
  "IP": "192.168.103.205",
  "UserAgent": "okhttp/4.12.0"
}
[2026-01-21T09:07:23.453Z] [INFO] 📥 GET /api/health
{
  "IP": "192.168.103.205",
  "UserAgent": "okhttp/4.12.0"
}
[2026-01-21T09:07:24.347Z] [INFO] 📥 GET /api/health
{
  "IP": "192.168.103.205",
  "UserAgent": "okhttp/4.12.0"
}
[2026-01-21T09:07:25.941Z] [INFO] 📥 GET /api/health
{
  "IP": "192.168.103.205",
  "UserAgent": "okhttp/4.12.0"
}
[2026-01-21T09:07:29.604Z] [INFO] 📥 GET /api/health
{
  "IP": "192.168.103.205",
  "UserAgent": "okhttp/4.12.0"
}
[2026-01-21T09:08:06.756Z] [INFO] 📥 GET /api/health
{
  "IP": "192.168.103.205",
  "UserAgent": "okhttp/4.12.0"
}
[2026-01-21T09:08:06.759Z] [INFO] 📥 GET /api/health
{
  "IP": "192.168.103.205",
  "UserAgent": "okhttp/4.12.0"
}
[2026-01-21T09:08:06.762Z] [INFO] 📥 GET /api/health
{
  "IP": "192.168.103.205",
  "UserAgent": "okhttp/4.12.0"
}
[2026-01-21T09:08:06.763Z] [INFO] 📥 GET /api/health
{
  "IP": "192.168.103.205",
  "UserAgent": "okhttp/4.12.0"
}
[2026-01-21T09:08:06.765Z] [INFO] 📥 GET /api/health
{
  "IP": "192.168.103.205",
  "UserAgent": "okhttp/4.12.0"
}
[2026-01-21T09:08:10.106Z] [INFO] 📥 GET /api/health
{
  "IP": "192.168.103.205",
  "UserAgent": "okhttp/4.12.0"
}
[2026-01-21T09:08:36.749Z] [INFO] 📥 GET /api/health
{
  "IP": "192.168.103.205",
  "UserAgent": "okhttp/4.12.0"
}
[2026-01-21T09:08:36.756Z] [INFO] 📥 GET /api/health
{
  "IP": "192.168.103.205",
  "UserAgent": "okhttp/4.12.0"
}
[2026-01-21T09:08:36.759Z] [INFO] 📥 GET /api/health
{
  "IP": "192.168.103.205",
  "UserAgent": "okhttp/4.12.0"
}
[2026-01-21T09:08:36.762Z] [INFO] 📥 GET /api/health
{
  "IP": "192.168.103.205",
  "UserAgent": "okhttp/4.12.0"
}
[2026-01-21T09:08:36.764Z] [INFO] 📥 GET /api/health
{
  "IP": "192.168.103.205",
  "UserAgent": "okhttp/4.12.0"
}
[2026-01-21T09:08:40.128Z] [INFO] 📥 GET /api/health
{
  "IP": "192.168.103.205",
  "UserAgent": "okhttp/4.12.0"
}
[2026-01-21T09:09:06.755Z] [INFO] 📥 GET /api/health
{
  "IP": "192.168.103.205",
  "UserAgent": "okhttp/4.12.0"
}
[2026-01-21T09:09:06.756Z] [INFO] 📥 GET /api/health
{
  "IP": "192.168.103.205",
  "UserAgent": "okhttp/4.12.0"
}
[2026-01-21T09:09:06.757Z] [INFO] 📥 GET /api/health
{
  "IP": "192.168.103.205",
  "UserAgent": "okhttp/4.12.0"
}
[2026-01-21T09:09:06.758Z] [INFO] 📥 GET /api/health
{
  "IP": "192.168.103.205",
  "UserAgent": "okhttp/4.12.0"
}
[2026-01-21T09:09:06.759Z] [INFO] 📥 GET /api/health
{
  "IP": "192.168.103.205",
  "UserAgent": "okhttp/4.12.0"
}
[2026-01-21T09:09:10.126Z] [INFO] 📥 GET /api/health
{
  "IP": "192.168.103.205",
  "UserAgent": "okhttp/4.12.0"
}
[2026-01-21T09:09:50.040Z] [INFO] 📥 POST /api/auth/login
{
  "IP": "192.168.103.205",
  "UserAgent": "okhttp/4.12.0"
}
[2026-01-21T09:09:50.043Z] [DEBUG] Requesting database connection from pool
[2026-01-21T09:09:50.044Z] [DEBUG] Database connection obtained from pool
[2026-01-21T09:09:51.108Z] [INFO] 📥 GET /api/health
{
  "IP": "192.168.103.205",
  "UserAgent": "okhttp/4.12.0"
}
[2026-01-21T09:09:59.428Z] [INFO] 📥 GET /api/health
{
  "IP": "192.168.103.205",
  "UserAgent": "okhttp/4.12.0"
}
[2026-01-21T09:09:59.511Z] [INFO] 📥 GET /api/transfer-in
{
  "IP": "192.168.103.205",
  "UserAgent": "okhttp/4.12.0"
}
[2026-01-21T09:09:59.512Z] [DEBUG] Requesting database connection from pool
[2026-01-21T09:09:59.513Z] [DEBUG] Database connection obtained from pool
[2026-01-21T09:09:59.514Z] [INFO] 📥 GET /api/transfer-in
{
  "IP": "192.168.103.205",
  "UserAgent": "okhttp/4.12.0"
}
[2026-01-21T09:09:59.516Z] [DEBUG] Requesting database connection from pool
[2026-01-21T09:09:59.516Z] [DEBUG] Database connection obtained from pool
[2026-01-21T09:10:00.675Z] [INFO] 📥 GET /api/health
{
  "IP": "192.168.103.205",
  "UserAgent": "okhttp/4.12.0"
}
[2026-01-21T09:10:00.729Z] [INFO] 📥 GET /api/transfer-in/INSLIP-123457
{
  "IP": "192.168.103.205",
  "UserAgent": "okhttp/4.12.0"
}
[2026-01-21T09:10:00.730Z] [DEBUG] Requesting database connection from pool
[2026-01-21T09:10:00.731Z] [DEBUG] Database connection obtained from pool
[2026-01-21T09:10:02.378Z] [INFO] 📥 GET /api/transfer-in
{
  "IP": "192.168.103.205",
  "UserAgent": "okhttp/4.12.0"
}
[2026-01-21T09:10:02.379Z] [DEBUG] Requesting database connection from pool
[2026-01-21T09:10:02.379Z] [DEBUG] Database connection obtained from pool
[2026-01-21T09:10:05.268Z] [INFO] 📥 GET /api/health
{
  "IP": "192.168.103.205",
  "UserAgent": "okhttp/4.12.0"
}
[2026-01-21T09:10:05.410Z] [INFO] 📥 GET /api/putaway/tasks?source_type=ASN&status=Draft%2CIn+Progress
{
  "IP": "192.168.103.205",
  "UserAgent": "okhttp/4.12.0"
}
[2026-01-21T09:10:05.412Z] [INFO] [Putaway Tasks API] Request received:
{
  "status": "Draft,In Progress",
  "source_type": "ASN",
  "advance_shipping_notice": "NOT_PROVIDED",
  "transfer_in": "NOT_PROVIDED"
}
[2026-01-21T09:10:05.413Z] [DEBUG] Requesting database connection from pool
[2026-01-21T09:10:05.414Z] [DEBUG] Database connection obtained from pool
[2026-01-21T09:10:05.416Z] [INFO] 📥 GET /api/putaway/tasks?source_type=ASN&status=Draft%2CIn+Progress
{
  "IP": "192.168.103.205",
  "UserAgent": "okhttp/4.12.0"
}
[2026-01-21T09:10:05.418Z] [INFO] [Putaway Tasks API] Request received:
{
  "status": "Draft,In Progress",
  "source_type": "ASN",
  "advance_shipping_notice": "NOT_PROVIDED",
  "transfer_in": "NOT_PROVIDED"
}
[2026-01-21T09:10:05.419Z] [DEBUG] Requesting database connection from pool
[2026-01-21T09:10:05.420Z] [DEBUG] Database connection obtained from pool
[2026-01-21T09:10:05.421Z] [INFO] [Putaway Tasks API] Status filter applied:
[
  "Draft",
  "In Progress"
]
[2026-01-21T09:10:05.423Z] [INFO] [Putaway Tasks API] Status filter applied:
[
  "Draft",
  "In Progress"
]
[2026-01-21T09:10:05.425Z] [INFO] [Putaway Tasks API] Query executed:
{
  "whereClause": "WHERE pt.status IN (?,?) AND COALESCE(pt.source_type, \"ASN\") = ?",
  "params": [
    "Draft",
    "In Progress",
    "ASN"
  ],
  "tasks_found": 0
}
[2026-01-21T09:10:05.426Z] [WARN] [Putaway Tasks API] No tasks found with filters:
{
  "status": "Draft,In Progress",
  "source_type": "ASN",
  "advance_shipping_notice": "ALL",
  "transfer_in": "ALL"
}
[2026-01-21T09:10:05.431Z] [INFO] [Putaway Tasks API] Query executed:
{
  "whereClause": "WHERE pt.status IN (?,?) AND COALESCE(pt.source_type, \"ASN\") = ?",
  "params": [
    "Draft",
    "In Progress",
    "ASN"
  ],
  "tasks_found": 0
}
[2026-01-21T09:10:05.432Z] [WARN] [Putaway Tasks API] No tasks found with filters:
{
  "status": "Draft,In Progress",
  "source_type": "ASN",
  "advance_shipping_notice": "ALL",
  "transfer_in": "ALL"
}
[2026-01-21T09:10:05.634Z] [INFO] 📥 GET /api/putaway/tasks?source_type=TransferIn&status=Draft%2COpen%2CIn+Progress
{
  "IP": "192.168.103.205",
  "UserAgent": "okhttp/4.12.0"
}
[2026-01-21T09:10:05.635Z] [INFO] [Putaway Tasks API] Request received:
{
  "status": "Draft,Open,In Progress",
  "source_type": "TransferIn",
  "advance_shipping_notice": "NOT_PROVIDED",
  "transfer_in": "NOT_PROVIDED"
}
[2026-01-21T09:10:05.635Z] [DEBUG] Requesting database connection from pool
[2026-01-21T09:10:05.635Z] [DEBUG] Database connection obtained from pool
[2026-01-21T09:10:05.636Z] [INFO] 📥 GET /api/putaway/tasks?source_type=TransferIn&status=Draft%2COpen%2CIn+Progress
{
  "IP": "192.168.103.205",
  "UserAgent": "okhttp/4.12.0"
}
[2026-01-21T09:10:05.636Z] [INFO] [Putaway Tasks API] Request received:
{
  "status": "Draft,Open,In Progress",
  "source_type": "TransferIn",
  "advance_shipping_notice": "NOT_PROVIDED",
  "transfer_in": "NOT_PROVIDED"
}
[2026-01-21T09:10:05.637Z] [DEBUG] Requesting database connection from pool
[2026-01-21T09:10:05.637Z] [DEBUG] Database connection obtained from pool
[2026-01-21T09:10:05.638Z] [INFO] [Putaway Tasks API] Status filter applied:
[
  "Draft",
  "Open",
  "In Progress"
]
[2026-01-21T09:10:05.638Z] [INFO] [Putaway Tasks API] Status filter applied:
[
  "Draft",
  "Open",
  "In Progress"
]
[2026-01-21T09:10:05.639Z] [INFO] [Putaway Tasks API] Query executed:
{
  "whereClause": "WHERE pt.status IN (?,?,?) AND COALESCE(pt.source_type, \"ASN\") = ?",
  "params": [
    "Draft",
    "Open",
    "In Progress",
    "TransferIn"
  ],
  "tasks_found": 1
}
[2026-01-21T09:10:05.640Z] [INFO] [Putaway Tasks API] Tasks found:
[
  {
    "title": "PUT-20260121-0001",
    "status": "Open",
    "source_type": "TransferIn",
    "transfer_in": "INSLIP-123457"
  }
]
[2026-01-21T09:10:05.640Z] [INFO] [Putaway Tasks API] Query executed:
{
  "whereClause": "WHERE pt.status IN (?,?,?) AND COALESCE(pt.source_type, \"ASN\") = ?",
  "params": [
    "Draft",
    "Open",
    "In Progress",
    "TransferIn"
  ],
  "tasks_found": 1
}
[2026-01-21T09:10:05.640Z] [INFO] [Putaway Tasks API] Tasks found:
[
  {
    "title": "PUT-20260121-0001",
    "status": "Open",
    "source_type": "TransferIn",
    "transfer_in": "INSLIP-123457"
  }
]
[2026-01-21T09:10:05.641Z] [INFO] [Putaway Tasks API] Returning 1 task(s) to client
[2026-01-21T09:10:05.642Z] [INFO] [Putaway Tasks API] Returning 1 task(s) to client
[2026-01-21T09:10:20.543Z] [INFO] 📥 GET /api/health
{
  "IP": "192.168.103.205",
  "UserAgent": "okhttp/4.12.0"
}
[2026-01-21T09:10:20.656Z] [INFO] 📥 GET /api/master/items
{
  "IP": "192.168.103.205",
  "UserAgent": "okhttp/4.12.0"
}
[2026-01-21T09:10:20.658Z] [DEBUG] Requesting database connection from pool
[2026-01-21T09:10:20.658Z] [DEBUG] Database connection obtained from pool
[2026-01-21T09:10:21.010Z] [INFO] 📥 GET /api/master/asns
{
  "IP": "192.168.103.205",
  "UserAgent": "okhttp/4.12.0"
}
[2026-01-21T09:10:21.013Z] [DEBUG] Requesting database connection from pool
[2026-01-21T09:10:21.014Z] [DEBUG] Database connection obtained from pool
[2026-01-21T09:10:21.306Z] [INFO] 📥 GET /api/master/transfer-orders
{
  "IP": "192.168.103.205",
  "UserAgent": "okhttp/4.12.0"
}
[2026-01-21T09:10:21.307Z] [DEBUG] Requesting database connection from pool
[2026-01-21T09:10:21.307Z] [DEBUG] Database connection obtained from pool
[2026-01-21T09:10:21.567Z] [INFO] 📥 GET /api/master/boxes
{
  "IP": "192.168.103.205",
  "UserAgent": "okhttp/4.12.0"
}
[2026-01-21T09:10:21.568Z] [DEBUG] Requesting database connection from pool
[2026-01-21T09:10:21.568Z] [DEBUG] Database connection obtained from pool
[2026-01-21T09:10:21.866Z] [INFO] 📥 GET /api/master/transfer-cartons
{
  "IP": "192.168.103.205",
  "UserAgent": "okhttp/4.12.0"
}
[2026-01-21T09:10:21.869Z] [DEBUG] Requesting database connection from pool
[2026-01-21T09:10:21.870Z] [DEBUG] Database connection obtained from pool
[2026-01-21T09:10:22.151Z] [INFO] 📥 GET /api/master/warehouse-racks
{
  "IP": "192.168.103.205",
  "UserAgent": "okhttp/4.12.0"
}
[2026-01-21T09:10:22.153Z] [DEBUG] Requesting database connection from pool
[2026-01-21T09:10:22.154Z] [DEBUG] Database connection obtained from pool
[2026-01-21T09:10:22.447Z] [INFO] 📥 GET /api/master/warehouses
{
  "IP": "192.168.103.205",
  "UserAgent": "okhttp/4.12.0"
}
[2026-01-21T09:10:22.450Z] [DEBUG] Requesting database connection from pool
[2026-01-21T09:10:22.450Z] [DEBUG] Database connection obtained from pool
[2026-01-21T09:10:22.725Z] [INFO] 📥 GET /api/warehouses/stores
{
  "IP": "192.168.103.205",
  "UserAgent": "okhttp/4.12.0"
}
[2026-01-21T09:10:22.728Z] [DEBUG] Requesting database connection from pool
[2026-01-21T09:10:22.729Z] [DEBUG] Database connection obtained from pool
[2026-01-21T09:10:23.018Z] [INFO] 📥 GET /api/master/locations
{
  "IP": "192.168.103.205",
  "UserAgent": "okhttp/4.12.0"
}
[2026-01-21T09:10:23.020Z] [DEBUG] Requesting database connection from pool
[2026-01-21T09:10:23.021Z] [DEBUG] Database connection obtained from pool
[2026-01-21T09:10:23.367Z] [INFO] 📥 GET /api/master/bin-master
{
  "IP": "192.168.103.205",
  "UserAgent": "okhttp/4.12.0"
}
[2026-01-21T09:10:23.370Z] [DEBUG] Requesting database connection from pool
[2026-01-21T09:10:23.371Z] [DEBUG] Database connection obtained from pool
[2026-01-21T09:10:23.755Z] [INFO] 📥 GET /api/master/stock-ledger
{
  "IP": "192.168.103.205",
  "UserAgent": "okhttp/4.12.0"
}
[2026-01-21T09:10:23.758Z] [DEBUG] Requesting database connection from pool
[2026-01-21T09:10:23.760Z] [DEBUG] Database connection obtained from pool
[2026-01-21T09:10:24.038Z] [INFO] 📥 GET /api/master/item-barcode-map
{
  "IP": "192.168.103.205",
  "UserAgent": "okhttp/4.12.0"
}
[2026-01-21T09:10:24.040Z] [DEBUG] Requesting database connection from pool
[2026-01-21T09:10:24.041Z] [DEBUG] Database connection obtained from pool
[2026-01-21T09:10:24.265Z] [INFO] 📥 POST /api/putaway/scan-transfer-carton
{
  "IP": "192.168.103.205",
  "UserAgent": "okhttp/4.12.0"
}
[2026-01-21T09:10:24.267Z] [DEBUG] Request body
{
  "location_id": "A1-R01-L4-B1",
  "user_id": "USER-402498",
  "warehouse_id": "WH-MAIN",
  "putaway_task": "PUT-20260121-0001",
  "box_id": "CTN-TI-123457-20260121-120528-706",
  "carton_id": "CTN-TI-123457-20260121-120528-706",
  "tc_id": null
}
[2026-01-21T09:10:24.270Z] [INFO] [Putaway Scan] Entry: location_id=A1-R01-L4-B1, box_id=CTN-TI-123457-20260121-120528-706, tc_id=NULL, putaway_task=PUT-20260121-0001, carton_id=CTN-TI-123457-20260121-120528-706
[2026-01-21T09:10:24.272Z] [DEBUG] Requesting database connection from pool
[2026-01-21T09:10:24.273Z] [DEBUG] Database connection obtained from pool
[2026-01-21T09:10:24.284Z] [INFO] [Putaway Validation] Validated ASN putaway box CTN-TI-123457-20260121-120528-706
[2026-01-21T09:10:24.284Z] [INFO] [Putaway Scan] Checking location update path: taskTitleToCheck=PUT-20260121-0001, location_id=A1-R01-L4-B1, actualPutawayTask=PUT-20260121-0001
[2026-01-21T09:10:24.285Z] [INFO] [Putaway Scan] ✅ Location update path triggered: task=PUT-20260121-0001, location=A1-R01-L4-B1
[2026-01-21T09:10:24.288Z] [INFO] [Putaway] Updating 2 line(s) with location: location_id=A1-R01-L4-B1, rack=Rack 01, bin=B1
{
  "hasLineLocationIdColumn": true,
  "hasLineRack": true,
  "hasLineBin": true
}
[2026-01-21T09:10:24.289Z] [INFO] [Putaway] Including location_id=A1-R01-L4-B1 in UPDATE for line ID 415
[2026-01-21T09:10:24.289Z] [INFO] [Putaway] Executing UPDATE query: UPDATE tabPutawayLine SET rack = ?, bin = ?, location_id = ?, updated_at = CURRENT_TIMESTAMP WHERE id = ? with params: [Rack 01, B1, A1-R01-L4-B1, 415]
[2026-01-21T09:10:24.291Z] [INFO] [Putaway] Updated line ID 415: 1 row(s) affected
[2026-01-21T09:10:24.292Z] [INFO] [Putaway] Including location_id=A1-R01-L4-B1 in UPDATE for line ID 416
[2026-01-21T09:10:24.292Z] [INFO] [Putaway] Executing UPDATE query: UPDATE tabPutawayLine SET rack = ?, bin = ?, location_id = ?, updated_at = CURRENT_TIMESTAMP WHERE id = ? with params: [Rack 01, B1, A1-R01-L4-B1, 416]
[2026-01-21T09:10:24.294Z] [INFO] [Putaway] Updated line ID 416: 1 row(s) affected
[2026-01-21T09:10:24.312Z] [INFO] [Putaway] Triggering stock updates for putaway task PUT-20260121-0001 after location assignment
[2026-01-21T09:10:24.313Z] [DEBUG] Requesting database connection from pool
[2026-01-21T09:10:24.313Z] [DEBUG] Database connection obtained from pool
[2026-01-21T09:10:24.316Z] [INFO] [Putaway] 🔵 About to call processPutawayCompletionEvent with params:
{
  "event_type": "PUTAWAY_TO_RACK",
  "putaway_task": "PUT-20260121-0001",
  "box_id": "CTN-TI-123457-20260121-120528-706",
  "carton_id": "CTN-TI-123457-20260121-120528-706",
  "location_id": "A1-R01-L4-B1",
  "rack": "Rack 01",
  "bin": "B1",
  "warehouse": "WH-MAIN",
  "user_id": "USER-402498"
}
[2026-01-21T09:10:24.319Z] [INFO] [Putaway Completion] ========================================
[2026-01-21T09:10:24.319Z] [INFO] [Putaway Completion] 🔵 ENTRY: processPutawayCompletionEvent called
[2026-01-21T09:10:24.320Z] [INFO] [Putaway Completion] Connection validation:
{
  "hasConnection": true,
  "connectionType": "object",
  "hasExecute": true
}
[2026-01-21T09:10:24.320Z] [INFO] [Putaway Completion] Event object: {
  "putaway_task": "PUT-20260121-0001",
  "tc_id": "NULL",
  "box_id": "CTN-TI-123457-20260121-120528-706",
  "carton_id": "CTN-TI-123457-20260121-120528-706",
  "location_id": "A1-R01-L4-B1",
  "rack": "Rack 01",
  "bin": "B1",
  "item_code": "NULL",
  "qty": "NULL",
  "user_id": "USER-402498",
  "store": "WH-MAIN",
  "event_type": "PUTAWAY_TO_RACK"
}
[2026-01-21T09:10:24.321Z] [INFO] [Putaway Completion] ========================================
[2026-01-21T09:10:24.321Z] [INFO] [Putaway Completion] 🔍 DEBUG: About to extract event parameters...
[2026-01-21T09:10:24.321Z] [INFO] [Putaway Completion] 🔍 DEBUG: Event parameters extracted successfully
[2026-01-21T09:10:24.322Z] [INFO] [Putaway Completion] Step 0: Extracted event parameters:
{
  "putaway_task": "PUT-20260121-0001",
  "tc_id": "NULL",
  "box_id": "CTN-TI-123457-20260121-120528-706",
  "carton_id": "CTN-TI-123457-20260121-120528-706",
  "location_id": "A1-R01-L4-B1",
  "item_code": "NULL",
  "qty": "NULL"
}
[2026-01-21T09:10:24.322Z] [INFO] [Putaway Completion] Step 0a: Initial putawayTaskTitle: PUT-20260121-0001
[2026-01-21T09:10:24.326Z] [INFO] [Putaway Completion] Step 0b: ✅ putawayTaskTitle resolved: PUT-20260121-0001
[2026-01-21T09:10:24.326Z] [INFO] [Putaway Completion] Processing putaway task: PUT-20260121-0001, carton_id from event: CTN-TI-123457-20260121-120528-706, item_code: NULL, qty: NULL, location_id: A1-R01-L4-B1, rack: Rack 01, bin: B1
[2026-01-21T09:10:24.327Z] [INFO] [Putaway Completion] Step 1: Starting transaction...
[2026-01-21T09:10:24.328Z] [INFO] [Putaway Completion] ✅ Transaction started
[2026-01-21T09:10:24.328Z] [INFO] [Putaway Completion] Step 2: Locking putaway task row: PUT-20260121-0001
[2026-01-21T09:10:24.330Z] [INFO] [Putaway Completion] Task status query result:
{
  "found": true,
  "status": "In Progress"
}
[2026-01-21T09:10:24.330Z] [INFO] [Putaway Completion] ✅ Task status check passed: In Progress
[2026-01-21T09:10:24.339Z] [INFO] [Putaway Completion] Manual trigger detected (item_code=null) - processing all lines for task, not filtering by carton_id
[2026-01-21T09:10:24.339Z] [INFO] [Putaway Completion] Step 4: Querying putaway lines...
[2026-01-21T09:10:24.340Z] [INFO] [Putaway Completion] Query: SELECT item_code, qty, rack, bin, carton_id, location_id FROM tabPutawayLine WHERE parent_title = ? AND item_code IS NOT NULL AND qty > 0
[2026-01-21T09:10:24.340Z] [INFO] [Putaway Completion] Params: [
  "PUT-20260121-0001"
]
[2026-01-21T09:10:24.343Z] [INFO] [Putaway Completion] Putaway lines query result:
{
  "lines_count": 2,
  "lines": [
    {
      "item_code": "SKU-HAT-301-BLU-OS",
      "qty": "2.00",
      "carton_id": "CTN-TI-123457-20260121-120528-706",
      "location_id": "A1-R01-L4-B1",
      "rack": "Rack 01",
      "bin": "B1"
    },
    {
      "item_code": "SKU-HAT-301-GRN-OS",
      "qty": "2.00",
      "carton_id": "CTN-TI-123457-20260121-120528-706",
      "location_id": "A1-R01-L4-B1",
      "rack": "Rack 01",
      "bin": "B1"
    }
  ]
}
[2026-01-21T09:10:24.343Z] [INFO] [Putaway Completion] ✅ Found 2 putaway line(s) for task PUT-20260121-0001
[2026-01-21T09:10:24.347Z] [INFO] [Putaway Completion] Transfer In putaway detected: transfer_in=INSLIP-123457, task.warehouse=WH-MAIN
[2026-01-21T09:10:24.348Z] [INFO] [Putaway Completion] Using warehouse from putaway task: WH-MAIN
[2026-01-21T09:10:24.350Z] [INFO] [Putaway Completion] Step 5: Warehouse resolved: WH-MAIN
[2026-01-21T09:10:24.351Z] [INFO] [Putaway Completion] Step 5: Starting stock update loop...
[2026-01-21T09:10:24.352Z] [INFO] [Putaway Completion] Stock update loop parameters:
{
  "warehouse": "WH-MAIN",
  "total_lines": 2,
  "event_location_id": "A1-R01-L4-B1",
  "event_rack": "Rack 01",
  "event_bin": "B1",
  "event_carton_id": "CTN-TI-123457-20260121-120528-706",
  "event_box_id": "CTN-TI-123457-20260121-120528-706"
}
[2026-01-21T09:10:24.352Z] [INFO] [Putaway Completion] ========================================
[2026-01-21T09:10:24.352Z] [INFO] [Putaway Completion] Processing line 1/2
[2026-01-21T09:10:24.353Z] [INFO] [Putaway Completion] Line data: {
  "item_code": "SKU-HAT-301-BLU-OS",
  "qty": "2.00",
  "carton_id": "CTN-TI-123457-20260121-120528-706",
  "location_id": "A1-R01-L4-B1",
  "rack": "Rack 01",
  "bin": "B1"
}
[2026-01-21T09:10:24.353Z] [INFO] [Putaway Completion] Location determination for line 1:
{
  "event_location_id": "A1-R01-L4-B1",
  "line_location_id": "A1-R01-L4-B1",
  "line_rack": "Rack 01",
  "line_bin": "B1",
  "event_rack": "Rack 01",
  "event_bin": "B1",
  "resolved_binLocation": "A1-R01-L4-B1"
}
[2026-01-21T09:10:24.354Z] [INFO] [Putaway Completion] Line 1 validation:
{
  "itemCode": "SKU-HAT-301-BLU-OS",
  "lineQty": 2,
  "binLocation": "A1-R01-L4-B1",
  "hasItemCode": true,
  "hasValidQty": true,
  "hasValidLocation": true
}
[2026-01-21T09:10:24.354Z] [INFO] [Putaway Completion] ✅ Line 1 passed validation - processing stock update
[2026-01-21T09:10:24.355Z] [INFO] [Putaway Completion] Stock update details:
{
  "item_code": "SKU-HAT-301-BLU-OS",
  "qty": 2,
  "fromLocation": "NULL",
  "toLocation": "A1-R01-L4-B1",
  "cartonId": "CTN-TI-123457-20260121-120528-706",
  "warehouse": "WH-MAIN"
}
[2026-01-21T09:10:24.365Z] [INFO] [Putaway Completion] ========================================
[2026-01-21T09:10:24.366Z] [INFO] [Putaway Completion] 🔵 EXECUTING STOCK LEDGER INSERT/UPDATE
[2026-01-21T09:10:24.366Z] [INFO] [Putaway Completion] Item: SKU-HAT-301-BLU-OS
[2026-01-21T09:10:24.366Z] [INFO] [Putaway Completion] Location: A1-R01-L4-B1
[2026-01-21T09:10:24.367Z] [INFO] [Putaway Completion] Warehouse: WH-MAIN
[2026-01-21T09:10:24.367Z] [INFO] [Putaway Completion] New Qty: 2
[2026-01-21T09:10:24.367Z] [INFO] [Putaway Completion] Current Qty: 0
[2026-01-21T09:10:24.368Z] [INFO] [Putaway Completion] SQL: INSERT INTO tabStockLedger (item_code, warehouse, bin_location, qty, reserved_qty, qty_before, qty_reduced, last_transaction_date, last_transaction_type, last_transaction_ref, updated_at, created_at) VALUES (?, ?, ?, ?, ?, ?, ?, NOW(), 'Putaway', ?, NOW(), NOW()) ON DUPLICATE KEY UPDATE qty = ?, qty_before = ?, qty_reduced = ?, last_transaction_date = NOW(), last_transaction_type = 'Putaway', last_transaction_ref = ?, updated_at = NOW()
[2026-01-21T09:10:24.368Z] [INFO] [Putaway Completion] Insert Params: [
  "SKU-HAT-301-BLU-OS",
  "WH-MAIN",
  "A1-R01-L4-B1",
  2,
  0,
  0,
  2,
  "PUT-20260121-0001"
]
[2026-01-21T09:10:24.368Z] [INFO] [Putaway Completion] Update Params: [
  2,
  0,
  2,
  "PUT-20260121-0001"
]
[2026-01-21T09:10:24.368Z] [INFO] [Putaway Completion] ========================================
[2026-01-21T09:10:24.370Z] [INFO] [Putaway Completion] ✅ STOCK LEDGER UPDATE RESULT:
{
  "item_code": "SKU-HAT-301-BLU-OS",
  "bin_location": "A1-R01-L4-B1",
  "warehouse": "WH-MAIN",
  "new_qty": 2,
  "affectedRows": 1,
  "insertId": 5,
  "changedRows": 0
}
[2026-01-21T09:10:24.383Z] [INFO] [Putaway Completion] ========================================
[2026-01-21T09:10:24.384Z] [INFO] [Putaway Completion] 🔵 EXECUTING TRANSACTION HISTORY INSERT
[2026-01-21T09:10:24.385Z] [INFO] [Putaway Completion] Item: SKU-HAT-301-BLU-OS
[2026-01-21T09:10:24.385Z] [INFO] [Putaway Completion] Location: A1-R01-L4-B1
[2026-01-21T09:10:24.386Z] [INFO] [Putaway Completion] Qty Change: 2
[2026-01-21T09:10:24.386Z] [INFO] [Putaway Completion] Fields (11):
[
  "transaction_date",
  "transaction_type",
  "reference_doc",
  "item_code",
  "item_name",
  "warehouse",
  "location_id",
  "bin_location",
  "carton_id",
  "qty_change",
  "performed_by"
]
[2026-01-21T09:10:24.386Z] [INFO] [Putaway Completion] SQL: INSERT INTO tabTransactionHistory (transaction_date, transaction_type, reference_doc, item_code, item_name, warehouse, location_id, bin_location, carton_id, qty_change, performed_by) VALUES (?, ?, ?, ?, ?, ?, ?, ?, ?, ?, ?)
[2026-01-21T09:10:24.387Z] [INFO] [Putaway Completion] Values: [
  "2026-01-21T09:10:24.382Z",
  "Putaway",
  "PUT-20260121-0001",
  "SKU-HAT-301-BLU-OS",
  "Baseball Cap Blue One Size",
  "WH-MAIN",
  "A1-R01-L4-B1",
  "A1-R01-L4-B1",
  "CTN-TI-123457-20260121-120528-706",
  2,
  "USER-402498"
]
[2026-01-21T09:10:24.387Z] [INFO] [Putaway Completion] ========================================
[2026-01-21T09:10:24.391Z] [INFO] [Putaway Completion] ========================================
[2026-01-21T09:10:24.391Z] [INFO] [Putaway Completion] Processing line 2/2
[2026-01-21T09:10:24.392Z] [INFO] [Putaway Completion] Line data: {
  "item_code": "SKU-HAT-301-GRN-OS",
  "qty": "2.00",
  "carton_id": "CTN-TI-123457-20260121-120528-706",
  "location_id": "A1-R01-L4-B1",
  "rack": "Rack 01",
  "bin": "B1"
}
[2026-01-21T09:10:24.392Z] [INFO] [Putaway Completion] Location determination for line 2:
{
  "event_location_id": "A1-R01-L4-B1",
  "line_location_id": "A1-R01-L4-B1",
  "line_rack": "Rack 01",
  "line_bin": "B1",
  "event_rack": "Rack 01",
  "event_bin": "B1",
  "resolved_binLocation": "A1-R01-L4-B1"
}
[2026-01-21T09:10:24.392Z] [INFO] [Putaway Completion] Line 2 validation:
{
  "itemCode": "SKU-HAT-301-GRN-OS",
  "lineQty": 2,
  "binLocation": "A1-R01-L4-B1",
  "hasItemCode": true,
  "hasValidQty": true,
  "hasValidLocation": true
}
[2026-01-21T09:10:24.393Z] [INFO] [Putaway Completion] ✅ Line 2 passed validation - processing stock update
[2026-01-21T09:10:24.393Z] [INFO] [Putaway Completion] Stock update details:
{
  "item_code": "SKU-HAT-301-GRN-OS",
  "qty": 2,
  "fromLocation": "NULL",
  "toLocation": "A1-R01-L4-B1",
  "cartonId": "CTN-TI-123457-20260121-120528-706",
  "warehouse": "WH-MAIN"
}
[2026-01-21T09:10:24.398Z] [INFO] [Putaway Completion] ========================================
[2026-01-21T09:10:24.399Z] [INFO] [Putaway Completion] 🔵 EXECUTING STOCK LEDGER INSERT/UPDATE
[2026-01-21T09:10:24.399Z] [INFO] [Putaway Completion] Item: SKU-HAT-301-GRN-OS
[2026-01-21T09:10:24.400Z] [INFO] [Putaway Completion] Location: A1-R01-L4-B1
[2026-01-21T09:10:24.400Z] [INFO] [Putaway Completion] Warehouse: WH-MAIN
[2026-01-21T09:10:24.400Z] [INFO] [Putaway Completion] New Qty: 2
[2026-01-21T09:10:24.400Z] [INFO] [Putaway Completion] Current Qty: 0
[2026-01-21T09:10:24.401Z] [INFO] [Putaway Completion] SQL: INSERT INTO tabStockLedger (item_code, warehouse, bin_location, qty, reserved_qty, qty_before, qty_reduced, last_transaction_date, last_transaction_type, last_transaction_ref, updated_at, created_at) VALUES (?, ?, ?, ?, ?, ?, ?, NOW(), 'Putaway', ?, NOW(), NOW()) ON DUPLICATE KEY UPDATE qty = ?, qty_before = ?, qty_reduced = ?, last_transaction_date = NOW(), last_transaction_type = 'Putaway', last_transaction_ref = ?, updated_at = NOW()
[2026-01-21T09:10:24.401Z] [INFO] [Putaway Completion] Insert Params: [
  "SKU-HAT-301-GRN-OS",
  "WH-MAIN",
  "A1-R01-L4-B1",
  2,
  0,
  0,
  2,
  "PUT-20260121-0001"
]
[2026-01-21T09:10:24.401Z] [INFO] [Putaway Completion] Update Params: [
  2,
  0,
  2,
  "PUT-20260121-0001"
]
[2026-01-21T09:10:24.402Z] [INFO] [Putaway Completion] ========================================
[2026-01-21T09:10:24.403Z] [INFO] [Putaway Completion] ✅ STOCK LEDGER UPDATE RESULT:
{
  "item_code": "SKU-HAT-301-GRN-OS",
  "bin_location": "A1-R01-L4-B1",
  "warehouse": "WH-MAIN",
  "new_qty": 2,
  "affectedRows": 1,
  "insertId": 6,
  "changedRows": 0
}
[2026-01-21T09:10:24.426Z] [INFO] [Putaway Completion] ========================================
[2026-01-21T09:10:24.427Z] [INFO] [Putaway Completion] 🔵 EXECUTING TRANSACTION HISTORY INSERT
[2026-01-21T09:10:24.427Z] [INFO] [Putaway Completion] Item: SKU-HAT-301-GRN-OS
[2026-01-21T09:10:24.427Z] [INFO] [Putaway Completion] Location: A1-R01-L4-B1
[2026-01-21T09:10:24.428Z] [INFO] [Putaway Completion] Qty Change: 2
[2026-01-21T09:10:24.428Z] [INFO] [Putaway Completion] Fields (11):
[
  "transaction_date",
  "transaction_type",
  "reference_doc",
  "item_code",
  "item_name",
  "warehouse",
  "location_id",
  "bin_location",
  "carton_id",
  "qty_change",
  "performed_by"
]
[2026-01-21T09:10:24.428Z] [INFO] [Putaway Completion] SQL: INSERT INTO tabTransactionHistory (transaction_date, transaction_type, reference_doc, item_code, item_name, warehouse, location_id, bin_location, carton_id, qty_change, performed_by) VALUES (?, ?, ?, ?, ?, ?, ?, ?, ?, ?, ?)
[2026-01-21T09:10:24.429Z] [INFO] [Putaway Completion] Values: [
  "2026-01-21T09:10:24.425Z",
  "Putaway",
  "PUT-20260121-0001",
  "SKU-HAT-301-GRN-OS",
  "Baseball Cap Green One Size",
  "WH-MAIN",
  "A1-R01-L4-B1",
  "A1-R01-L4-B1",
  "CTN-TI-123457-20260121-120528-706",
  2,
  "USER-402498"
]
[2026-01-21T09:10:24.429Z] [INFO] [Putaway Completion] ========================================
[2026-01-21T09:10:24.457Z] [INFO] [Putaway Completion] ========================================
[2026-01-21T09:10:24.457Z] [INFO] [Putaway Completion] Step 6: Stock update loop completed
[2026-01-21T09:10:24.458Z] [INFO] [Putaway Completion] Summary:
{
  "processed": 2,
  "skipped": 0,
  "total_lines": 2,
  "success_rate": "100.0%"
}
[2026-01-21T09:10:24.458Z] [INFO] [Putaway Completion] ========================================
[2026-01-21T09:10:24.458Z] [INFO] [Putaway Completion] Step 7: Marking putaway task as Completed...
[2026-01-21T09:10:24.461Z] [INFO] [Putaway Completion] Status update result:
{
  "affectedRows": 1
}
[2026-01-21T09:10:24.462Z] [INFO] [Putaway Completion] ========================================
[2026-01-21T09:10:24.462Z] [INFO] [Putaway Completion] Step 8: COMMITTING TRANSACTION
[2026-01-21T09:10:24.463Z] [INFO] [Putaway Completion] Task: PUT-20260121-0001
[2026-01-21T09:10:24.463Z] [INFO] [Putaway Completion] Processed: 2, Skipped: 0
[2026-01-21T09:10:24.463Z] [INFO] [Putaway Completion] ========================================
[2026-01-21T09:10:24.467Z] [INFO] [Putaway Completion] ✅✅✅ TRANSACTION COMMITTED SUCCESSFULLY ✅✅✅
[2026-01-21T09:10:24.468Z] [INFO] [Putaway Completion] Task: PUT-20260121-0001
[2026-01-21T09:10:24.468Z] [INFO] [Putaway Completion] ========================================
[2026-01-21T09:10:24.469Z] [DEBUG] Requesting database connection from pool
[2026-01-21T09:10:24.469Z] [DEBUG] Database connection obtained from pool
[2026-01-21T09:10:24.474Z] [INFO] [Putaway Completion] ✅ Successfully completed putaway task PUT-20260121-0001 - stock updated, task marked as Completed
{
  "stock_ledger_entries": 2,
  "transaction_history_entries": 2,
  "processed_lines": 2,
  "skipped_lines": 0,
  "putaway_task": "PUT-20260121-0001"
}
[2026-01-21T09:10:24.474Z] [INFO] [Putaway] ✅ Stock updates completed for putaway task PUT-20260121-0001
{
  "result": "undefined (function may not return value)"
}
[2026-01-21T09:10:24.475Z] [INFO] [Putaway] Updated location for putaway task PUT-20260121-0001: A1-R01-L4-B1 (2 lines updated)
{
  "putaway_task": "PUT-20260121-0001",
  "location_id": "A1-R01-L4-B1",
  "rack": "Rack 01",
  "bin": "B1",
  "lines_updated": 2,
  "hasLineLocationIdColumn": true,
  "hasLineRack": true,
  "hasLineBin": true
}
[2026-01-21T09:10:24.712Z] [INFO] 📥 GET /api/putaway/tasks?source_type=ASN&status=Draft%2CIn+Progress
{
  "IP": "192.168.103.205",
  "UserAgent": "okhttp/4.12.0"
}
[2026-01-21T09:10:24.713Z] [INFO] [Putaway Tasks API] Request received:
{
  "status": "Draft,In Progress",
  "source_type": "ASN",
  "advance_shipping_notice": "NOT_PROVIDED",
  "transfer_in": "NOT_PROVIDED"
}
[2026-01-21T09:10:24.714Z] [DEBUG] Requesting database connection from pool
[2026-01-21T09:10:24.715Z] [DEBUG] Database connection obtained from pool
[2026-01-21T09:10:24.718Z] [INFO] [Putaway Tasks API] Status filter applied:
[
  "Draft",
  "In Progress"
]
[2026-01-21T09:10:24.720Z] [INFO] [Putaway Tasks API] Query executed:
{
  "whereClause": "WHERE pt.status IN (?,?) AND COALESCE(pt.source_type, \"ASN\") = ?",
  "params": [
    "Draft",
    "In Progress",
    "ASN"
  ],
  "tasks_found": 0
}
[2026-01-21T09:10:24.721Z] [WARN] [Putaway Tasks API] No tasks found with filters:
{
  "status": "Draft,In Progress",
  "source_type": "ASN",
  "advance_shipping_notice": "ALL",
  "transfer_in": "ALL"
}
[2026-01-21T09:10:24.940Z] [INFO] 📥 GET /api/putaway/tasks?source_type=TransferIn&status=Draft%2COpen%2CIn+Progress
{
  "IP": "192.168.103.205",
  "UserAgent": "okhttp/4.12.0"
}
[2026-01-21T09:10:24.942Z] [INFO] [Putaway Tasks API] Request received:
{
  "status": "Draft,Open,In Progress",
  "source_type": "TransferIn",
  "advance_shipping_notice": "NOT_PROVIDED",
  "transfer_in": "NOT_PROVIDED"
}
[2026-01-21T09:10:24.943Z] [DEBUG] Requesting database connection from pool
[2026-01-21T09:10:24.944Z] [DEBUG] Database connection obtained from pool
[2026-01-21T09:10:24.946Z] [INFO] [Putaway Tasks API] Status filter applied:
[
  "Draft",
  "Open",
  "In Progress"
]
[2026-01-21T09:10:24.948Z] [INFO] [Putaway Tasks API] Query executed:
{
  "whereClause": "WHERE pt.status IN (?,?,?) AND COALESCE(pt.source_type, \"ASN\") = ?",
  "params": [
    "Draft",
    "Open",
    "In Progress",
    "TransferIn"
  ],
  "tasks_found": 0
}
[2026-01-21T09:10:24.948Z] [WARN] [Putaway Tasks API] No tasks found with filters:
{
  "status": "Draft,Open,In Progress",
  "source_type": "TransferIn",
  "advance_shipping_notice": "ALL",
  "transfer_in": "ALL"
}
[2026-01-21T09:10:35.283Z] [INFO] 📥 GET /api/health
{
  "IP": "192.168.103.205",
  "UserAgent": "okhttp/4.12.0"
}
[2026-01-21T09:10:50.561Z] [INFO] 📥 GET /api/health
{
  "IP": "192.168.103.205",
  "UserAgent": "okhttp/4.12.0"
}
[2026-01-21T09:10:58.419Z] [INFO] 📥 GET /api/transaction-history?from_date=2025-10-23&to_date=2026-01-22&limit=1000
{
  "IP": "127.0.0.1",
  "UserAgent": "unknown"
}
[2026-01-21T09:11:05.279Z] [INFO] 📥 GET /api/health
{
  "IP": "192.168.103.205",
  "UserAgent": "okhttp/4.12.0"
}
[2026-01-21T09:11:20.565Z] [INFO] 📥 GET /api/health
{
  "IP": "192.168.103.205",
  "UserAgent": "okhttp/4.12.0"
}
[2026-01-21T09:11:35.275Z] [INFO] 📥 GET /api/health
{
  "IP": "192.168.103.205",
  "UserAgent": "okhttp/4.12.0"
}
[2026-01-21T09:11:50.586Z] [INFO] 📥 GET /api/health
{
  "IP": "192.168.103.205",
  "UserAgent": "okhttp/4.12.0"
}
[2026-01-21T09:12:05.296Z] [INFO] 📥 GET /api/health
{
  "IP": "192.168.103.205",
  "UserAgent": "okhttp/4.12.0"
}
[2026-01-21T09:12:20.586Z] [INFO] 📥 GET /api/health
{
  "IP": "192.168.103.205",
  "UserAgent": "okhttp/4.12.0"
}
[2026-01-21T09:12:26.653Z] [INFO] 📥 GET /api/transaction-history?limit=1000
{
  "IP": "127.0.0.1",
  "UserAgent": "unknown"
}
[2026-01-21T09:12:35.308Z] [INFO] 📥 GET /api/health
{
  "IP": "192.168.103.205",
  "UserAgent": "okhttp/4.12.0"
}
[2026-01-21T09:12:50.591Z] [INFO] 📥 GET /api/health
{
  "IP": "192.168.103.205",
  "UserAgent": "okhttp/4.12.0"
}
[2026-01-21T09:13:05.320Z] [INFO] 📥 GET /api/health
{
  "IP": "192.168.103.205",
  "UserAgent": "okhttp/4.12.0"
}
[2026-01-21T09:13:12.714Z] [INFO] 📥 GET /api/putaway/tasks?source_type=ASN&status=Draft%2CIn+Progress
{
  "IP": "192.168.103.205",
  "UserAgent": "okhttp/4.12.0"
}
[2026-01-21T09:13:12.716Z] [INFO] [Putaway Tasks API] Request received:
{
  "status": "Draft,In Progress",
  "source_type": "ASN",
  "advance_shipping_notice": "NOT_PROVIDED",
  "transfer_in": "NOT_PROVIDED"
}
[2026-01-21T09:13:12.717Z] [DEBUG] Requesting database connection from pool
[2026-01-21T09:13:12.718Z] [DEBUG] Database connection obtained from pool
[2026-01-21T09:13:12.721Z] [INFO] 📥 GET /api/putaway/tasks?source_type=ASN&status=Draft%2CIn+Progress
{
  "IP": "192.168.103.205",
  "UserAgent": "okhttp/4.12.0"
}
[2026-01-21T09:13:12.723Z] [INFO] [Putaway Tasks API] Request received:
{
  "status": "Draft,In Progress",
  "source_type": "ASN",
  "advance_shipping_notice": "NOT_PROVIDED",
  "transfer_in": "NOT_PROVIDED"
}
[2026-01-21T09:13:12.724Z] [DEBUG] Requesting database connection from pool
[2026-01-21T09:13:12.724Z] [DEBUG] Database connection obtained from pool
[2026-01-21T09:13:12.726Z] [INFO] [Putaway Tasks API] Status filter applied:
[
  "Draft",
  "In Progress"
]
[2026-01-21T09:13:12.727Z] [INFO] [Putaway Tasks API] Status filter applied:
[
  "Draft",
  "In Progress"
]
[2026-01-21T09:13:12.730Z] [INFO] [Putaway Tasks API] Query executed:
{
  "whereClause": "WHERE pt.status IN (?,?) AND COALESCE(pt.source_type, \"ASN\") = ?",
  "params": [
    "Draft",
    "In Progress",
    "ASN"
  ],
  "tasks_found": 0
}
[2026-01-21T09:13:12.732Z] [WARN] [Putaway Tasks API] No tasks found with filters:
{
  "status": "Draft,In Progress",
  "source_type": "ASN",
  "advance_shipping_notice": "ALL",
  "transfer_in": "ALL"
}
[2026-01-21T09:13:12.734Z] [INFO] [Putaway Tasks API] Query executed:
{
  "whereClause": "WHERE pt.status IN (?,?) AND COALESCE(pt.source_type, \"ASN\") = ?",
  "params": [
    "Draft",
    "In Progress",
    "ASN"
  ],
  "tasks_found": 0
}
[2026-01-21T09:13:12.735Z] [WARN] [Putaway Tasks API] No tasks found with filters:
{
  "status": "Draft,In Progress",
  "source_type": "ASN",
  "advance_shipping_notice": "ALL",
  "transfer_in": "ALL"
}
[2026-01-21T09:13:12.958Z] [INFO] 📥 GET /api/putaway/tasks?source_type=TransferIn&status=Draft%2COpen%2CIn+Progress
{
  "IP": "192.168.103.205",
  "UserAgent": "okhttp/4.12.0"
}
[2026-01-21T09:13:12.959Z] [INFO] [Putaway Tasks API] Request received:
{
  "status": "Draft,Open,In Progress",
  "source_type": "TransferIn",
  "advance_shipping_notice": "NOT_PROVIDED",
  "transfer_in": "NOT_PROVIDED"
}
[2026-01-21T09:13:12.959Z] [DEBUG] Requesting database connection from pool
[2026-01-21T09:13:12.959Z] [DEBUG] Database connection obtained from pool
[2026-01-21T09:13:12.960Z] [INFO] 📥 GET /api/putaway/tasks?source_type=TransferIn&status=Draft%2COpen%2CIn+Progress
{
  "IP": "192.168.103.205",
  "UserAgent": "okhttp/4.12.0"
}
[2026-01-21T09:13:12.960Z] [INFO] [Putaway Tasks API] Request received:
{
  "status": "Draft,Open,In Progress",
  "source_type": "TransferIn",
  "advance_shipping_notice": "NOT_PROVIDED",
  "transfer_in": "NOT_PROVIDED"
}
[2026-01-21T09:13:12.961Z] [DEBUG] Requesting database connection from pool
[2026-01-21T09:13:12.962Z] [DEBUG] Database connection obtained from pool
[2026-01-21T09:13:12.963Z] [INFO] [Putaway Tasks API] Status filter applied:
[
  "Draft",
  "Open",
  "In Progress"
]
[2026-01-21T09:13:12.963Z] [INFO] [Putaway Tasks API] Status filter applied:
[
  "Draft",
  "Open",
  "In Progress"
]
[2026-01-21T09:13:12.964Z] [INFO] [Putaway Tasks API] Query executed:
{
  "whereClause": "WHERE pt.status IN (?,?,?) AND COALESCE(pt.source_type, \"ASN\") = ?",
  "params": [
    "Draft",
    "Open",
    "In Progress",
    "TransferIn"
  ],
  "tasks_found": 0
}
[2026-01-21T09:13:12.965Z] [WARN] [Putaway Tasks API] No tasks found with filters:
{
  "status": "Draft,Open,In Progress",
  "source_type": "TransferIn",
  "advance_shipping_notice": "ALL",
  "transfer_in": "ALL"
}
[2026-01-21T09:13:12.965Z] [INFO] [Putaway Tasks API] Query executed:
{
  "whereClause": "WHERE pt.status IN (?,?,?) AND COALESCE(pt.source_type, \"ASN\") = ?",
  "params": [
    "Draft",
    "Open",
    "In Progress",
    "TransferIn"
  ],
  "tasks_found": 0
}
[2026-01-21T09:13:12.966Z] [WARN] [Putaway Tasks API] No tasks found with filters:
{
  "status": "Draft,Open,In Progress",
  "source_type": "TransferIn",
  "advance_shipping_notice": "ALL",
  "transfer_in": "ALL"
}
[2026-01-21T09:13:15.840Z] [INFO] 📥 GET /api/putaway/tasks?source_type=ASN&status=Draft%2CIn+Progress
{
  "IP": "192.168.103.205",
  "UserAgent": "okhttp/4.12.0"
}
[2026-01-21T09:13:15.841Z] [INFO] [Putaway Tasks API] Request received:
{
  "status": "Draft,In Progress",
  "source_type": "ASN",
  "advance_shipping_notice": "NOT_PROVIDED",
  "transfer_in": "NOT_PROVIDED"
}
[2026-01-21T09:13:15.842Z] [DEBUG] Requesting database connection from pool
[2026-01-21T09:13:15.842Z] [DEBUG] Database connection obtained from pool
[2026-01-21T09:13:15.843Z] [INFO] 📥 GET /api/putaway/tasks?source_type=ASN&status=Draft%2CIn+Progress
{
  "IP": "192.168.103.205",
  "UserAgent": "okhttp/4.12.0"
}
[2026-01-21T09:13:15.844Z] [INFO] [Putaway Tasks API] Request received:
{
  "status": "Draft,In Progress",
  "source_type": "ASN",
  "advance_shipping_notice": "NOT_PROVIDED",
  "transfer_in": "NOT_PROVIDED"
}
[2026-01-21T09:13:15.844Z] [DEBUG] Requesting database connection from pool
[2026-01-21T09:13:15.844Z] [DEBUG] Database connection obtained from pool
[2026-01-21T09:13:15.846Z] [INFO] 📥 GET /api/putaway/tasks?source_type=ASN&status=Draft%2CIn+Progress
{
  "IP": "192.168.103.205",
  "UserAgent": "okhttp/4.12.0"
}
[2026-01-21T09:13:15.847Z] [INFO] [Putaway Tasks API] Request received:
{
  "status": "Draft,In Progress",
  "source_type": "ASN",
  "advance_shipping_notice": "NOT_PROVIDED",
  "transfer_in": "NOT_PROVIDED"
}
[2026-01-21T09:13:15.847Z] [DEBUG] Requesting database connection from pool
[2026-01-21T09:13:15.850Z] [INFO] [Putaway Tasks API] Status filter applied:
[
  "Draft",
  "In Progress"
]
[2026-01-21T09:13:15.851Z] [INFO] [Putaway Tasks API] Status filter applied:
[
  "Draft",
  "In Progress"
]
[2026-01-21T09:13:15.853Z] [INFO] [Putaway Tasks API] Query executed:
{
  "whereClause": "WHERE pt.status IN (?,?) AND COALESCE(pt.source_type, \"ASN\") = ?",
  "params": [
    "Draft",
    "In Progress",
    "ASN"
  ],
  "tasks_found": 0
}
[2026-01-21T09:13:15.853Z] [WARN] [Putaway Tasks API] No tasks found with filters:
{
  "status": "Draft,In Progress",
  "source_type": "ASN",
  "advance_shipping_notice": "ALL",
  "transfer_in": "ALL"
}
[2026-01-21T09:13:15.855Z] [INFO] [Putaway Tasks API] Query executed:
{
  "whereClause": "WHERE pt.status IN (?,?) AND COALESCE(pt.source_type, \"ASN\") = ?",
  "params": [
    "Draft",
    "In Progress",
    "ASN"
  ],
  "tasks_found": 0
}
[2026-01-21T09:13:15.855Z] [WARN] [Putaway Tasks API] No tasks found with filters:
{
  "status": "Draft,In Progress",
  "source_type": "ASN",
  "advance_shipping_notice": "ALL",
  "transfer_in": "ALL"
}
[2026-01-21T09:13:15.859Z] [SUCCESS] New database connection established
[2026-01-21T09:13:15.860Z] [DEBUG] Database connection obtained from pool
[2026-01-21T09:13:15.863Z] [INFO] [Putaway Tasks API] Status filter applied:
[
  "Draft",
  "In Progress"
]
[2026-01-21T09:13:15.867Z] [INFO] [Putaway Tasks API] Query executed:
{
  "whereClause": "WHERE pt.status IN (?,?) AND COALESCE(pt.source_type, \"ASN\") = ?",
  "params": [
    "Draft",
    "In Progress",
    "ASN"
  ],
  "tasks_found": 0
}
[2026-01-21T09:13:15.868Z] [WARN] [Putaway Tasks API] No tasks found with filters:
{
  "status": "Draft,In Progress",
  "source_type": "ASN",
  "advance_shipping_notice": "ALL",
  "transfer_in": "ALL"
}
[2026-01-21T09:13:16.070Z] [INFO] 📥 GET /api/putaway/tasks?source_type=TransferIn&status=Draft%2COpen%2CIn+Progress
{
  "IP": "192.168.103.205",
  "UserAgent": "okhttp/4.12.0"
}
[2026-01-21T09:13:16.072Z] [INFO] [Putaway Tasks API] Request received:
{
  "status": "Draft,Open,In Progress",
  "source_type": "TransferIn",
  "advance_shipping_notice": "NOT_PROVIDED",
  "transfer_in": "NOT_PROVIDED"
}
[2026-01-21T09:13:16.072Z] [DEBUG] Requesting database connection from pool
[2026-01-21T09:13:16.073Z] [DEBUG] Database connection obtained from pool
[2026-01-21T09:13:16.075Z] [INFO] [Putaway Tasks API] Status filter applied:
[
  "Draft",
  "Open",
  "In Progress"
]
[2026-01-21T09:13:16.078Z] [INFO] [Putaway Tasks API] Query executed:
{
  "whereClause": "WHERE pt.status IN (?,?,?) AND COALESCE(pt.source_type, \"ASN\") = ?",
  "params": [
    "Draft",
    "Open",
    "In Progress",
    "TransferIn"
  ],
  "tasks_found": 0
}
[2026-01-21T09:13:16.079Z] [WARN] [Putaway Tasks API] No tasks found with filters:
{
  "status": "Draft,Open,In Progress",
  "source_type": "TransferIn",
  "advance_shipping_notice": "ALL",
  "transfer_in": "ALL"
}
[2026-01-21T09:13:20.600Z] [INFO] 📥 GET /api/health
{
  "IP": "192.168.103.205",
  "UserAgent": "okhttp/4.12.0"
}
[2026-01-21T09:13:35.347Z] [INFO] 📥 GET /api/health
{
  "IP": "192.168.103.205",
  "UserAgent": "okhttp/4.12.0"
}
[2026-01-21T09:13:50.613Z] [INFO] 📥 GET /api/health
{
  "IP": "192.168.103.205",
  "UserAgent": "okhttp/4.12.0"
}
[2026-01-21T09:14:05.325Z] [INFO] 📥 GET /api/health
{
  "IP": "192.168.103.205",
  "UserAgent": "okhttp/4.12.0"
}
[2026-01-21T09:14:20.674Z] [INFO] 📥 GET /api/health
{
  "IP": "192.168.103.205",
  "UserAgent": "okhttp/4.12.0"
}
[2026-01-21T09:14:21.016Z] [INFO] 📥 POST /api/putaway/trigger-stock-update
{
  "IP": "127.0.0.1",
  "UserAgent": "PostmanRuntime/7.51.0"
}
[2026-01-21T09:14:21.017Z] [DEBUG] Request body
{
  "putaway_task": "PUT-20260121-0001",
  "user_id": "USER-001"
}
[2026-01-21T09:14:21.018Z] [INFO] [Putaway Stock Update] ========================================
[2026-01-21T09:14:21.018Z] [INFO] [Putaway Stock Update] 🔵 ENTRY: triggerStockUpdate called
[2026-01-21T09:14:21.019Z] [INFO] [Putaway Stock Update] Request body: {
  "putaway_task": "PUT-20260121-0001",
  "user_id": "USER-001"
}
[2026-01-21T09:14:21.019Z] [INFO] [Putaway Stock Update] ========================================
[2026-01-21T09:14:21.019Z] [INFO] [Putaway Stock Update] Step 1: Getting database connection...
[2026-01-21T09:14:21.020Z] [INFO] [Putaway Stock Update] Step 2: Importing processPutawayCompletionEvent...
[2026-01-21T09:14:21.020Z] [INFO] [Putaway Stock Update] Step 3: Getting database connection...
[2026-01-21T09:14:21.020Z] [DEBUG] Requesting database connection from pool
[2026-01-21T09:14:21.021Z] [DEBUG] Database connection obtained from pool
[2026-01-21T09:14:21.021Z] [INFO] [Putaway Stock Update] ✅ Got connection and imported processPutawayCompletionEvent
[2026-01-21T09:14:21.023Z] [INFO] [Putaway Stock Update] Step 6: Checking database schema for tabPutawayLine...
[2026-01-21T09:14:21.024Z] [INFO] [Putaway Stock Update] Line schema check result:
{
  "hasLocationId": true,
  "hasRack": true,
  "hasBin": true,
  "hasCartonId": true,
  "hasBoxId": false
}
[2026-01-21T09:14:21.024Z] [INFO] [Putaway Stock Update] Step 7: Querying putaway lines: SELECT item_code, qty, carton_id, location_id, rack, bin FROM tabPutawayLine WHERE parent_title = ? AND item_code IS NOT NULL AND qty > 0
[2026-01-21T09:14:21.024Z] [INFO] [Putaway Stock Update] Query params: [PUT-20260121-0001]
[2026-01-21T09:14:21.026Z] [INFO] [Putaway Stock Update] Putaway lines query result:
{
  "lines_count": 2,
  "lines": [
    {
      "item_code": "SKU-HAT-301-BLU-OS",
      "qty": "2.00",
      "location_id": "A1-R01-L4-B1",
      "rack": "Rack 01",
      "bin": "B1",
      "carton_id": "CTN-TI-123457-20260121-120528-706",
      "box_id": "N/A"
    },
    {
      "item_code": "SKU-HAT-301-GRN-OS",
      "qty": "2.00",
      "location_id": "A1-R01-L4-B1",
      "rack": "Rack 01",
      "bin": "B1",
      "carton_id": "CTN-TI-123457-20260121-120528-706",
      "box_id": "N/A"
    }
  ]
}
[2026-01-21T09:14:21.027Z] [INFO] [Putaway Stock Update] Step 8: Location check:
{
  "hasLocation": true,
  "lines_with_location_id": 2,
  "lines_with_rack": 2,
  "lines_with_bin": 2,
  "total_lines": 2
}
[2026-01-21T09:14:21.027Z] [INFO] [Putaway Stock Update] Step 10: Getting location and carton_id from putaway lines...
[2026-01-21T09:14:21.028Z] [INFO] [Putaway Stock Update] ✅ Found location_id from line: A1-R01-L4-B1
[2026-01-21T09:14:21.028Z] [INFO] [Putaway Stock Update] First line values:
{
  "location_id": "A1-R01-L4-B1",
  "rack": "Rack 01",
  "bin": "B1",
  "carton_id": "CTN-TI-123457-20260121-120528-706",
  "box_id": "CTN-TI-123457-20260121-120528-706"
}
[2026-01-21T09:14:21.028Z] [INFO] [Putaway Stock Update] Step 11: Final values before calling processPutawayCompletionEvent:
{
  "warehouse": "WH-MAIN",
  "location_id": "A1-R01-L4-B1",
  "rack": "Rack 01",
  "bin": "B1",
  "carton_id": "CTN-TI-123457-20260121-120528-706",
  "box_id": "CTN-TI-123457-20260121-120528-706",
  "lines_count": 2,
  "lines_with_location": 2
}
[2026-01-21T09:14:21.029Z] [INFO] [Putaway Stock Update] ========================================
[2026-01-21T09:14:21.029Z] [INFO] [Putaway Stock Update] Step 12: CALLING processPutawayCompletionEvent
[2026-01-21T09:14:21.030Z] [INFO] [Putaway Stock Update] Event params: {
  "event_type": "PUTAWAY_TO_RACK",
  "putaway_task": "PUT-20260121-0001",
  "box_id": "CTN-TI-123457-20260121-120528-706",
  "carton_id": "CTN-TI-123457-20260121-120528-706",
  "location_id": "A1-R01-L4-B1",
  "rack": "Rack 01",
  "bin": "B1",
  "item_code": null,
  "qty": null,
  "user_id": "USER-001",
  "store": "WH-MAIN",
  "tc_id": null
}
[2026-01-21T09:14:21.030Z] [INFO] [Putaway Stock Update] ========================================
[2026-01-21T09:14:21.030Z] [INFO] [Putaway Completion] ========================================
[2026-01-21T09:14:21.031Z] [INFO] [Putaway Completion] 🔵 ENTRY: processPutawayCompletionEvent called
[2026-01-21T09:14:21.032Z] [INFO] [Putaway Completion] Connection validation:
{
  "hasConnection": true,
  "connectionType": "object",
  "hasExecute": true
}
[2026-01-21T09:14:21.032Z] [INFO] [Putaway Completion] Event object: {
  "putaway_task": "PUT-20260121-0001",
  "tc_id": "NULL",
  "box_id": "CTN-TI-123457-20260121-120528-706",
  "carton_id": "CTN-TI-123457-20260121-120528-706",
  "location_id": "A1-R01-L4-B1",
  "rack": "Rack 01",
  "bin": "B1",
  "item_code": "NULL",
  "qty": "NULL",
  "user_id": "USER-001",
  "store": "WH-MAIN",
  "event_type": "PUTAWAY_TO_RACK"
}
[2026-01-21T09:14:21.033Z] [INFO] [Putaway Completion] ========================================
[2026-01-21T09:14:21.033Z] [INFO] [Putaway Completion] 🔍 DEBUG: About to extract event parameters...
[2026-01-21T09:14:21.034Z] [INFO] [Putaway Completion] 🔍 DEBUG: Event parameters extracted successfully
[2026-01-21T09:14:21.035Z] [INFO] [Putaway Completion] Step 0: Extracted event parameters:
{
  "putaway_task": "PUT-20260121-0001",
  "tc_id": "NULL",
  "box_id": "CTN-TI-123457-20260121-120528-706",
  "carton_id": "CTN-TI-123457-20260121-120528-706",
  "location_id": "A1-R01-L4-B1",
  "item_code": "NULL",
  "qty": "NULL"
}
[2026-01-21T09:14:21.035Z] [INFO] [Putaway Completion] Step 0a: Initial putawayTaskTitle: PUT-20260121-0001
[2026-01-21T09:14:21.037Z] [INFO] [Putaway Completion] Step 0b: ✅ putawayTaskTitle resolved: PUT-20260121-0001
[2026-01-21T09:14:21.037Z] [INFO] [Putaway Completion] Processing putaway task: PUT-20260121-0001, carton_id from event: CTN-TI-123457-20260121-120528-706, item_code: NULL, qty: NULL, location_id: A1-R01-L4-B1, rack: Rack 01, bin: B1
[2026-01-21T09:14:21.037Z] [INFO] [Putaway Completion] Step 1: Starting transaction...
[2026-01-21T09:14:21.038Z] [INFO] [Putaway Completion] ✅ Transaction started
[2026-01-21T09:14:21.038Z] [INFO] [Putaway Completion] Step 2: Locking putaway task row: PUT-20260121-0001
[2026-01-21T09:14:21.039Z] [INFO] [Putaway Completion] Task status query result:
{
  "found": true,
  "status": "Completed"
}
[2026-01-21T09:14:21.040Z] [WARN] [Putaway Completion] ⚠️ Task PUT-20260121-0001 is already Completed - skipping stock update (idempotency check)
[2026-01-21T09:14:21.041Z] [INFO] [Putaway Completion] Transaction rolled back (task already completed)
[2026-01-21T09:14:21.041Z] [INFO] [Putaway Stock Update] Step 13: processPutawayCompletionEvent returned: undefined (no return value)
[2026-01-21T09:14:21.042Z] [INFO] [Putaway Stock Update] ========================================
[2026-01-21T09:14:21.042Z] [INFO] [Putaway Stock Update] ✅ Stock updates completed for task PUT-20260121-0001
[2026-01-21T09:14:21.042Z] [INFO] [Putaway Stock Update] ========================================
[2026-01-21T09:14:27.004Z] [INFO] 📥 GET /api/transaction-history?from_date=2025-10-23&to_date=2026-01-22&limit=1000
{
  "IP": "127.0.0.1",
  "UserAgent": "unknown"
}
[2026-01-21T09:14:35.377Z] [INFO] 📥 GET /api/health
{
  "IP": "192.168.103.205",
  "UserAgent": "okhttp/4.12.0"
}
[2026-01-21T10:16:10.914Z] [INFO] 📊 Database Configuration
{
  "Host": "localhost",
  "Port": "3306",
  "User": "erppadmin",
  "Password": "***",
  "Database": "wms_desktop"
}
[2026-01-21T10:16:10.970Z] [INFO] ======================================================================
[2026-01-21T10:16:10.971Z] [INFO] 🚀 WMS API Server Started
[2026-01-21T10:16:10.971Z] [INFO] ======================================================================
[2026-01-21T10:16:10.972Z] [INFO] 🔍 Server Configuration
{
  "HOST": "0.0.0.0",
  "PORT": "3000",
  "API_BASE_URL": "http://localhost:3000",
  "NetworkIPs": [
    "192.168.103.219"
  ]
}
[2026-01-21T10:16:10.972Z] [SUCCESS] Server running on all interfaces (0.0.0.0:3000)
[2026-01-21T10:16:10.973Z] [INFO] 📍 Access URLs
{
  "Health": "http://192.168.103.219:3000/health",
  "API": "http://localhost:3000/api",
  "LocalHealth": "http://localhost:3000/health",
  "LocalAPI": "http://localhost:3000/api"
}
[2026-01-21T10:16:10.973Z] [INFO] ======================================================================
[2026-01-21T10:16:12.619Z] [INFO] 📥 GET /api/health
{
  "IP": "192.168.103.205",
  "UserAgent": "okhttp/4.12.0"
}
[2026-01-21T10:16:15.462Z] [INFO] 📥 GET /api/transfer-in/INSLIP-123457
{
  "IP": "192.168.103.205",
  "UserAgent": "okhttp/4.12.0"
}
[2026-01-21T10:16:15.468Z] [DEBUG] Requesting database connection from pool
[2026-01-21T10:16:15.485Z] [SUCCESS] New database connection established
[2026-01-21T10:16:15.486Z] [DEBUG] Database connection obtained from pool
[2026-01-21T10:16:16.222Z] [INFO] 📥 GET /api/health
{
  "IP": "192.168.103.205",
  "UserAgent": "okhttp/4.12.0"
}
[2026-01-21T10:16:16.283Z] [INFO] 📥 GET /api/health
{
  "IP": "192.168.103.205",
  "UserAgent": "okhttp/4.12.0"
}
[2026-01-21T10:16:19.516Z] [INFO] 📥 GET /api/transfer-in
{
  "IP": "192.168.103.205",
  "UserAgent": "okhttp/4.12.0"
}
[2026-01-21T10:16:19.520Z] [DEBUG] Requesting database connection from pool
[2026-01-21T10:16:19.521Z] [DEBUG] Database connection obtained from pool
[2026-01-21T10:16:46.241Z] [INFO] 📥 GET /api/health
{
  "IP": "192.168.103.205",
  "UserAgent": "okhttp/4.12.0"
}
[2026-01-21T10:16:48.568Z] [INFO] 📥 GET /api/health
{
  "IP": "192.168.103.205",
  "UserAgent": "okhttp/4.12.0"
}
[2026-01-21T10:16:48.592Z] [INFO] 📥 GET /api/transfer-in
{
  "IP": "192.168.103.205",
  "UserAgent": "okhttp/4.12.0"
}
[2026-01-21T10:16:48.599Z] [DEBUG] Requesting database connection from pool
[2026-01-21T10:16:48.608Z] [DEBUG] Database connection obtained from pool
[2026-01-21T10:16:48.612Z] [INFO] 📥 GET /api/transfer-in
{
  "IP": "192.168.103.205",
  "UserAgent": "okhttp/4.12.0"
}
[2026-01-21T10:16:48.614Z] [DEBUG] Requesting database connection from pool
[2026-01-21T10:16:48.625Z] [SUCCESS] New database connection established
[2026-01-21T10:16:48.628Z] [DEBUG] Database connection obtained from pool
[2026-01-21T10:16:49.562Z] [INFO] 📥 GET /api/health
{
  "IP": "192.168.103.205",
  "UserAgent": "okhttp/4.12.0"
}
[2026-01-21T10:16:49.620Z] [INFO] 📥 GET /api/transfer-in/INSLIP-123457
{
  "IP": "192.168.103.205",
  "UserAgent": "okhttp/4.12.0"
}
[2026-01-21T10:16:49.624Z] [DEBUG] Requesting database connection from pool
[2026-01-21T10:16:49.627Z] [DEBUG] Database connection obtained from pool
[2026-01-21T10:16:51.071Z] [INFO] 📥 GET /api/health
{
  "IP": "192.168.103.205",
  "UserAgent": "okhttp/4.12.0"
}
[2026-01-21T10:16:52.567Z] [INFO] 📥 POST /api/boxes/create
{
  "IP": "192.168.103.205",
  "UserAgent": "okhttp/4.12.0"
}
[2026-01-21T10:16:52.594Z] [DEBUG] Request body
{
  "box_id": "CTN-TI-123457-20260121-131653-313",
  "asn_no": "INSLIP-123457",
  "store": "WH-MAIN",
  "purpose": "PUTAWAY",
  "user_id": "USER-402498",
  "carton_id": "CTN-TI-123457-20260121-131653-313",
  "to_no": "Putaway"
}
[2026-01-21T10:16:52.600Z] [DEBUG] Requesting database connection from pool
[2026-01-21T10:16:52.601Z] [DEBUG] Database connection obtained from pool
[2026-01-21T10:16:54.050Z] [INFO] 📥 POST /api/transfer-in/INSLIP-123457/validate-carton
{
  "IP": "192.168.103.205",
  "UserAgent": "okhttp/4.12.0"
}
[2026-01-21T10:16:54.054Z] [DEBUG] Request body
{
  "carton_id": "CTN-TI-123457-20260121-131653-313"
}
[2026-01-21T10:16:54.058Z] [DEBUG] Requesting database connection from pool
[2026-01-21T10:16:54.060Z] [DEBUG] Database connection obtained from pool
[2026-01-21T10:16:54.324Z] [INFO] 📥 GET /api/health
{
  "IP": "192.168.103.205",
  "UserAgent": "okhttp/4.12.0"
}
[2026-01-21T10:16:54.388Z] [INFO] 📥 GET /api/transfer-in/INSLIP-123457
{
  "IP": "192.168.103.205",
  "UserAgent": "okhttp/4.12.0"
}
[2026-01-21T10:16:54.390Z] [DEBUG] Requesting database connection from pool
[2026-01-21T10:16:54.393Z] [DEBUG] Database connection obtained from pool
[2026-01-21T10:16:54.396Z] [INFO] 📥 GET /api/transfer-in/INSLIP-123457
{
  "IP": "192.168.103.205",
  "UserAgent": "okhttp/4.12.0"
}
[2026-01-21T10:16:54.400Z] [DEBUG] Requesting database connection from pool
[2026-01-21T10:16:54.405Z] [DEBUG] Database connection obtained from pool
[2026-01-21T10:16:57.993Z] [INFO] 📥 POST /api/events/batch
{
  "IP": "192.168.103.205",
  "UserAgent": "okhttp/4.12.0"
}
[2026-01-21T10:16:57.996Z] [DEBUG] Request body
{
  "events": [
    {
      "offline_uuid": "5f464b26-f550-4220-b1a4-10a1fbd7846d",
      "event_type": "TRANSFER_IN_RECEIVE",
      "asn_no": null,
      "to_no": null,
      "inbound_session": null,
      "carton_id": "CTN-TI-123457-20260121-131653-313",
      "item_code": "SKU-HAT-301-BLU-OS",
      "qty": 2,
      "store": "WH-MAIN",
      "box_id": "CTN-TI-123457-20260121-131653-313",
      "tc_id": null,
      "rack": null,
      "bin": null,
      "device_id": "DEV-O280-402498",
      "user_id": "USER-402498",
      "event_time": "2026-01-21T10:16:59.384Z",
      "synced": 0,
      "error_msg": null,
      "material_request": null,
      "transfer_in": "INSLIP-123457",
      "cycle_count_title": null,
      "source_bin": null,
      "location_id": null
    }
  ]
}
[2026-01-21T10:16:58.005Z] [DEBUG] Requesting database connection from pool
[2026-01-21T10:16:58.007Z] [DEBUG] Database connection obtained from pool
[2026-01-21T10:16:58.195Z] [INFO] 📥 GET /api/health
{
  "IP": "192.168.103.205",
  "UserAgent": "okhttp/4.12.0"
}
[2026-01-21T10:17:00.341Z] [INFO] 📥 GET /api/transfer-in/INSLIP-123457
{
  "IP": "192.168.103.205",
  "UserAgent": "okhttp/4.12.0"
}
[2026-01-21T10:17:00.344Z] [DEBUG] Requesting database connection from pool
[2026-01-21T10:17:00.345Z] [DEBUG] Database connection obtained from pool
[2026-01-21T10:17:02.882Z] [INFO] 📥 POST /api/events/batch
{
  "IP": "192.168.103.205",
  "UserAgent": "okhttp/4.12.0"
}
[2026-01-21T10:17:02.885Z] [DEBUG] Request body
{
  "events": [
    {
      "offline_uuid": "8731ab66-adca-420c-8c9d-a9b28fb3e288",
      "event_type": "TRANSFER_IN_RECEIVE",
      "asn_no": null,
      "to_no": null,
      "inbound_session": null,
      "carton_id": "CTN-TI-123457-20260121-131653-313",
      "item_code": "SKU-HAT-301-GRN-OS",
      "qty": 2,
      "store": "WH-MAIN",
      "box_id": "CTN-TI-123457-20260121-131653-313",
      "tc_id": null,
      "rack": null,
      "bin": null,
      "device_id": "DEV-O280-402498",
      "user_id": "USER-402498",
      "event_time": "2026-01-21T10:17:04.271Z",
      "synced": 0,
      "error_msg": null,
      "material_request": null,
      "transfer_in": "INSLIP-123457",
      "cycle_count_title": null,
      "source_bin": null,
      "location_id": null
    }
  ]
}
[2026-01-21T10:17:02.887Z] [DEBUG] Requesting database connection from pool
[2026-01-21T10:17:02.892Z] [DEBUG] Database connection obtained from pool
[2026-01-21T10:17:03.070Z] [INFO] 📥 GET /api/health
{
  "IP": "192.168.103.205",
  "UserAgent": "okhttp/4.12.0"
}
[2026-01-21T10:17:05.226Z] [INFO] 📥 GET /api/transfer-in/INSLIP-123457
{
  "IP": "192.168.103.205",
  "UserAgent": "okhttp/4.12.0"
}
[2026-01-21T10:17:05.228Z] [DEBUG] Requesting database connection from pool
[2026-01-21T10:17:05.230Z] [DEBUG] Database connection obtained from pool
[2026-01-21T10:17:06.119Z] [INFO] 📥 POST /api/transfer-in/INSLIP-123457/complete-receiving
{
  "IP": "192.168.103.205",
  "UserAgent": "okhttp/4.12.0"
}
[2026-01-21T10:17:06.122Z] [DEBUG] Request body
{
  "transfer_in": "INSLIP-123457"
}
[2026-01-21T10:17:06.123Z] [DEBUG] Requesting database connection from pool
[2026-01-21T10:17:06.124Z] [DEBUG] Database connection obtained from pool
[2026-01-21T10:17:06.430Z] [INFO] 📥 GET /api/transfer-in/INSLIP-123457
{
  "IP": "192.168.103.205",
  "UserAgent": "okhttp/4.12.0"
}
[2026-01-21T10:17:06.433Z] [DEBUG] Requesting database connection from pool
[2026-01-21T10:17:06.434Z] [DEBUG] Database connection obtained from pool
[2026-01-21T10:17:07.651Z] [INFO] 📥 GET /api/health
{
  "IP": "192.168.103.205",
  "UserAgent": "okhttp/4.12.0"
}
[2026-01-21T10:17:07.785Z] [INFO] 📥 GET /api/putaway/tasks?source_type=ASN&status=Draft%2CIn+Progress
{
  "IP": "192.168.103.205",
  "UserAgent": "okhttp/4.12.0"
}
[2026-01-21T10:17:07.786Z] [INFO] [Putaway Tasks API] Request received:
{
  "status": "Draft,In Progress",
  "source_type": "ASN",
  "advance_shipping_notice": "NOT_PROVIDED",
  "transfer_in": "NOT_PROVIDED"
}
[2026-01-21T10:17:07.786Z] [DEBUG] Requesting database connection from pool
[2026-01-21T10:17:07.786Z] [DEBUG] Database connection obtained from pool
[2026-01-21T10:17:07.788Z] [INFO] [Putaway Tasks API] Status filter applied:
[
  "Draft",
  "In Progress"
]
[2026-01-21T10:17:07.788Z] [INFO] 📥 GET /api/putaway/tasks?source_type=ASN&status=Draft%2CIn+Progress
{
  "IP": "192.168.103.205",
  "UserAgent": "okhttp/4.12.0"
}
[2026-01-21T10:17:07.789Z] [INFO] [Putaway Tasks API] Request received:
{
  "status": "Draft,In Progress",
  "source_type": "ASN",
  "advance_shipping_notice": "NOT_PROVIDED",
  "transfer_in": "NOT_PROVIDED"
}
[2026-01-21T10:17:07.789Z] [DEBUG] Requesting database connection from pool
[2026-01-21T10:17:07.790Z] [DEBUG] Database connection obtained from pool
[2026-01-21T10:17:07.792Z] [INFO] [Putaway Tasks API] Status filter applied:
[
  "Draft",
  "In Progress"
]
[2026-01-21T10:17:07.793Z] [INFO] [Putaway Tasks API] Query executed:
{
  "whereClause": "WHERE pt.status IN (?,?) AND COALESCE(pt.source_type, \"ASN\") = ?",
  "params": [
    "Draft",
    "In Progress",
    "ASN"
  ],
  "tasks_found": 0
}
[2026-01-21T10:17:07.793Z] [WARN] [Putaway Tasks API] No tasks found with filters:
{
  "status": "Draft,In Progress",
  "source_type": "ASN",
  "advance_shipping_notice": "ALL",
  "transfer_in": "ALL"
}
[2026-01-21T10:17:07.795Z] [INFO] [Putaway Tasks API] Query executed:
{
  "whereClause": "WHERE pt.status IN (?,?) AND COALESCE(pt.source_type, \"ASN\") = ?",
  "params": [
    "Draft",
    "In Progress",
    "ASN"
  ],
  "tasks_found": 0
}
[2026-01-21T10:17:07.795Z] [WARN] [Putaway Tasks API] No tasks found with filters:
{
  "status": "Draft,In Progress",
  "source_type": "ASN",
  "advance_shipping_notice": "ALL",
  "transfer_in": "ALL"
}
[2026-01-21T10:17:08.005Z] [INFO] 📥 GET /api/putaway/tasks?source_type=TransferIn&status=Draft%2COpen%2CIn+Progress
{
  "IP": "192.168.103.205",
  "UserAgent": "okhttp/4.12.0"
}
[2026-01-21T10:17:08.008Z] [INFO] [Putaway Tasks API] Request received:
{
  "status": "Draft,Open,In Progress",
  "source_type": "TransferIn",
  "advance_shipping_notice": "NOT_PROVIDED",
  "transfer_in": "NOT_PROVIDED"
}
[2026-01-21T10:17:08.010Z] [DEBUG] Requesting database connection from pool
[2026-01-21T10:17:08.011Z] [DEBUG] Database connection obtained from pool
[2026-01-21T10:17:08.014Z] [INFO] 📥 GET /api/putaway/tasks?source_type=TransferIn&status=Draft%2COpen%2CIn+Progress
{
  "IP": "192.168.103.205",
  "UserAgent": "okhttp/4.12.0"
}
[2026-01-21T10:17:08.017Z] [INFO] [Putaway Tasks API] Request received:
{
  "status": "Draft,Open,In Progress",
  "source_type": "TransferIn",
  "advance_shipping_notice": "NOT_PROVIDED",
  "transfer_in": "NOT_PROVIDED"
}
[2026-01-21T10:17:08.018Z] [DEBUG] Requesting database connection from pool
[2026-01-21T10:17:08.020Z] [DEBUG] Database connection obtained from pool
[2026-01-21T10:17:08.025Z] [INFO] [Putaway Tasks API] Status filter applied:
[
  "Draft",
  "Open",
  "In Progress"
]
[2026-01-21T10:17:08.027Z] [INFO] [Putaway Tasks API] Status filter applied:
[
  "Draft",
  "Open",
  "In Progress"
]
[2026-01-21T10:17:08.033Z] [INFO] [Putaway Tasks API] Query executed:
{
  "whereClause": "WHERE pt.status IN (?,?,?) AND COALESCE(pt.source_type, \"ASN\") = ?",
  "params": [
    "Draft",
    "Open",
    "In Progress",
    "TransferIn"
  ],
  "tasks_found": 1
}
[2026-01-21T10:17:08.036Z] [INFO] [Putaway Tasks API] Tasks found:
[
  {
    "title": "PUT-20260121-0001",
    "status": "Open",
    "source_type": "TransferIn",
    "transfer_in": "INSLIP-123457"
  }
]
[2026-01-21T10:17:08.043Z] [INFO] [Putaway Tasks API] Query executed:
{
  "whereClause": "WHERE pt.status IN (?,?,?) AND COALESCE(pt.source_type, \"ASN\") = ?",
  "params": [
    "Draft",
    "Open",
    "In Progress",
    "TransferIn"
  ],
  "tasks_found": 1
}
[2026-01-21T10:17:08.045Z] [INFO] [Putaway Tasks API] Tasks found:
[
  {
    "title": "PUT-20260121-0001",
    "status": "Open",
    "source_type": "TransferIn",
    "transfer_in": "INSLIP-123457"
  }
]
[2026-01-21T10:17:08.055Z] [INFO] [Putaway Tasks API] Returning 1 task(s) to client
[2026-01-21T10:17:08.058Z] [INFO] [Putaway Tasks API] Returning 1 task(s) to client
[2026-01-21T10:17:16.244Z] [INFO] 📥 GET /api/health
{
  "IP": "192.168.103.205",
  "UserAgent": "okhttp/4.12.0"
}
[2026-01-21T10:17:18.547Z] [INFO] 📥 GET /api/health
{
  "IP": "192.168.103.205",
  "UserAgent": "okhttp/4.12.0"
}
[2026-01-21T10:17:19.612Z] [INFO] 📥 GET /api/health
{
  "IP": "192.168.103.205",
  "UserAgent": "okhttp/4.12.0"
}
[2026-01-21T10:17:21.084Z] [INFO] 📥 GET /api/health
{
  "IP": "192.168.103.205",
  "UserAgent": "okhttp/4.12.0"
}
[2026-01-21T10:17:24.339Z] [INFO] 📥 GET /api/health
{
  "IP": "192.168.103.205",
  "UserAgent": "okhttp/4.12.0"
}
[2026-01-21T10:17:29.068Z] [INFO] 📥 GET /api/master/items
{
  "IP": "192.168.103.205",
  "UserAgent": "okhttp/4.12.0"
}
[2026-01-21T10:17:29.069Z] [DEBUG] Requesting database connection from pool
[2026-01-21T10:17:29.069Z] [DEBUG] Database connection obtained from pool
[2026-01-21T10:17:29.404Z] [INFO] 📥 GET /api/master/asns
{
  "IP": "192.168.103.205",
  "UserAgent": "okhttp/4.12.0"
}
[2026-01-21T10:17:29.405Z] [DEBUG] Requesting database connection from pool
[2026-01-21T10:17:29.406Z] [DEBUG] Database connection obtained from pool
[2026-01-21T10:17:29.672Z] [INFO] 📥 GET /api/master/transfer-orders
{
  "IP": "192.168.103.205",
  "UserAgent": "okhttp/4.12.0"
}
[2026-01-21T10:17:29.674Z] [DEBUG] Requesting database connection from pool
[2026-01-21T10:17:29.675Z] [DEBUG] Database connection obtained from pool
[2026-01-21T10:17:29.942Z] [INFO] 📥 GET /api/master/boxes
{
  "IP": "192.168.103.205",
  "UserAgent": "okhttp/4.12.0"
}
[2026-01-21T10:17:29.944Z] [DEBUG] Requesting database connection from pool
[2026-01-21T10:17:29.944Z] [DEBUG] Database connection obtained from pool
[2026-01-21T10:17:30.230Z] [INFO] 📥 GET /api/master/transfer-cartons
{
  "IP": "192.168.103.205",
  "UserAgent": "okhttp/4.12.0"
}
[2026-01-21T10:17:30.233Z] [DEBUG] Requesting database connection from pool
[2026-01-21T10:17:30.235Z] [DEBUG] Database connection obtained from pool
[2026-01-21T10:17:30.506Z] [INFO] 📥 GET /api/master/warehouse-racks
{
  "IP": "192.168.103.205",
  "UserAgent": "okhttp/4.12.0"
}
[2026-01-21T10:17:30.509Z] [DEBUG] Requesting database connection from pool
[2026-01-21T10:17:30.510Z] [DEBUG] Database connection obtained from pool
[2026-01-21T10:17:30.802Z] [INFO] 📥 GET /api/master/warehouses
{
  "IP": "192.168.103.205",
  "UserAgent": "okhttp/4.12.0"
}
[2026-01-21T10:17:30.804Z] [DEBUG] Requesting database connection from pool
[2026-01-21T10:17:30.804Z] [DEBUG] Database connection obtained from pool
[2026-01-21T10:17:31.075Z] [INFO] 📥 GET /api/warehouses/stores
{
  "IP": "192.168.103.205",
  "UserAgent": "okhttp/4.12.0"
}
[2026-01-21T10:17:31.077Z] [DEBUG] Requesting database connection from pool
[2026-01-21T10:17:31.078Z] [DEBUG] Database connection obtained from pool
[2026-01-21T10:17:31.370Z] [INFO] 📥 GET /api/master/locations
{
  "IP": "192.168.103.205",
  "UserAgent": "okhttp/4.12.0"
}
[2026-01-21T10:17:31.372Z] [DEBUG] Requesting database connection from pool
[2026-01-21T10:17:31.373Z] [DEBUG] Database connection obtained from pool
[2026-01-21T10:17:31.709Z] [INFO] 📥 GET /api/master/bin-master
{
  "IP": "192.168.103.205",
  "UserAgent": "okhttp/4.12.0"
}
[2026-01-21T10:17:31.710Z] [DEBUG] Requesting database connection from pool
[2026-01-21T10:17:31.712Z] [DEBUG] Database connection obtained from pool
[2026-01-21T10:17:32.135Z] [INFO] 📥 GET /api/master/stock-ledger
{
  "IP": "192.168.103.205",
  "UserAgent": "okhttp/4.12.0"
}
[2026-01-21T10:17:32.137Z] [DEBUG] Requesting database connection from pool
[2026-01-21T10:17:32.137Z] [DEBUG] Database connection obtained from pool
[2026-01-21T10:17:32.409Z] [INFO] 📥 GET /api/master/item-barcode-map
{
  "IP": "192.168.103.205",
  "UserAgent": "okhttp/4.12.0"
}
[2026-01-21T10:17:32.411Z] [DEBUG] Requesting database connection from pool
[2026-01-21T10:17:32.412Z] [DEBUG] Database connection obtained from pool
[2026-01-21T10:17:32.610Z] [INFO] 📥 POST /api/putaway/scan-transfer-carton
{
  "IP": "192.168.103.205",
  "UserAgent": "okhttp/4.12.0"
}
[2026-01-21T10:17:32.612Z] [DEBUG] Request body
{
  "location_id": "A1-R01-L4-B1",
  "user_id": "USER-402498",
  "warehouse_id": "WH-MAIN",
  "putaway_task": "PUT-20260121-0001",
  "box_id": "CTN-TI-123457-20260121-131653-313",
  "carton_id": "CTN-TI-123457-20260121-131653-313",
  "tc_id": null
}
[2026-01-21T10:17:32.615Z] [INFO] [Putaway Scan] Entry: location_id=A1-R01-L4-B1, box_id=CTN-TI-123457-20260121-131653-313, tc_id=NULL, putaway_task=PUT-20260121-0001, carton_id=CTN-TI-123457-20260121-131653-313
[2026-01-21T10:17:32.616Z] [DEBUG] Requesting database connection from pool
[2026-01-21T10:17:32.617Z] [DEBUG] Database connection obtained from pool
[2026-01-21T10:17:32.625Z] [INFO] [Putaway Validation] Validated ASN putaway box CTN-TI-123457-20260121-131653-313
[2026-01-21T10:17:32.626Z] [INFO] [Putaway Scan] Checking location update path: taskTitleToCheck=PUT-20260121-0001, location_id=A1-R01-L4-B1, actualPutawayTask=PUT-20260121-0001
[2026-01-21T10:17:32.626Z] [INFO] [Putaway Scan] ✅ Location update path triggered: task=PUT-20260121-0001, location=A1-R01-L4-B1
[2026-01-21T10:17:32.629Z] [INFO] [Putaway] Updating 2 line(s) with location: location_id=A1-R01-L4-B1, rack=Rack 01, bin=B1
{
  "hasLineLocationIdColumn": true,
  "hasLineRack": true,
  "hasLineBin": true
}
[2026-01-21T10:17:32.630Z] [INFO] [Putaway] Including location_id=A1-R01-L4-B1 in UPDATE for line ID 425
[2026-01-21T10:17:32.630Z] [INFO] [Putaway] Executing UPDATE query: UPDATE tabPutawayLine SET rack = ?, bin = ?, location_id = ?, updated_at = CURRENT_TIMESTAMP WHERE id = ? with params: [Rack 01, B1, A1-R01-L4-B1, 425]
[2026-01-21T10:17:32.632Z] [INFO] [Putaway] Updated line ID 425: 1 row(s) affected
[2026-01-21T10:17:32.633Z] [INFO] [Putaway] Including location_id=A1-R01-L4-B1 in UPDATE for line ID 426
[2026-01-21T10:17:32.633Z] [INFO] [Putaway] Executing UPDATE query: UPDATE tabPutawayLine SET rack = ?, bin = ?, location_id = ?, updated_at = CURRENT_TIMESTAMP WHERE id = ? with params: [Rack 01, B1, A1-R01-L4-B1, 426]
[2026-01-21T10:17:32.634Z] [INFO] [Putaway] Updated line ID 426: 1 row(s) affected
[2026-01-21T10:17:32.646Z] [INFO] [Putaway] Triggering stock updates for putaway task PUT-20260121-0001 after location assignment
[2026-01-21T10:17:32.648Z] [DEBUG] Requesting database connection from pool
[2026-01-21T10:17:32.649Z] [DEBUG] Database connection obtained from pool
[2026-01-21T10:17:32.653Z] [INFO] [Putaway] 🔵 About to call processPutawayCompletionEvent with params:
{
  "event_type": "PUTAWAY_TO_RACK",
  "putaway_task": "PUT-20260121-0001",
  "box_id": "CTN-TI-123457-20260121-131653-313",
  "carton_id": "CTN-TI-123457-20260121-131653-313",
  "location_id": "A1-R01-L4-B1",
  "rack": "Rack 01",
  "bin": "B1",
  "warehouse": "WH-MAIN",
  "user_id": "USER-402498"
}
[2026-01-21T10:17:32.656Z] [INFO] [Putaway Completion] ========================================
[2026-01-21T10:17:32.657Z] [INFO] [Putaway Completion] 🔵 ENTRY: processPutawayCompletionEvent called
[2026-01-21T10:17:32.657Z] [INFO] [Putaway Completion] Connection validation:
{
  "hasConnection": true,
  "connectionType": "object",
  "hasExecute": true
}
[2026-01-21T10:17:32.657Z] [INFO] [Putaway Completion] Event object: {
  "putaway_task": "PUT-20260121-0001",
  "tc_id": "NULL",
  "box_id": "CTN-TI-123457-20260121-131653-313",
  "carton_id": "CTN-TI-123457-20260121-131653-313",
  "location_id": "A1-R01-L4-B1",
  "rack": "Rack 01",
  "bin": "B1",
  "item_code": "NULL",
  "qty": "NULL",
  "user_id": "USER-402498",
  "store": "WH-MAIN",
  "event_type": "PUTAWAY_TO_RACK"
}
[2026-01-21T10:17:32.658Z] [INFO] [Putaway Completion] ========================================
[2026-01-21T10:17:32.658Z] [INFO] [Putaway Completion] 🔍 DEBUG: About to extract event parameters...
[2026-01-21T10:17:32.659Z] [INFO] [Putaway Completion] 🔍 DEBUG: Event parameters extracted successfully
[2026-01-21T10:17:32.659Z] [INFO] [Putaway Completion] Step 0: Extracted event parameters:
{
  "putaway_task": "PUT-20260121-0001",
  "tc_id": "NULL",
  "box_id": "CTN-TI-123457-20260121-131653-313",
  "carton_id": "CTN-TI-123457-20260121-131653-313",
  "location_id": "A1-R01-L4-B1",
  "item_code": "NULL",
  "qty": "NULL"
}
[2026-01-21T10:17:32.659Z] [INFO] [Putaway Completion] Step 0a: Initial putawayTaskTitle: PUT-20260121-0001
[2026-01-21T10:17:32.662Z] [INFO] [Putaway Completion] Step 0b: ✅ putawayTaskTitle resolved: PUT-20260121-0001
[2026-01-21T10:17:32.663Z] [INFO] [Putaway Completion] Processing putaway task: PUT-20260121-0001, carton_id from event: CTN-TI-123457-20260121-131653-313, item_code: NULL, qty: NULL, location_id: A1-R01-L4-B1, rack: Rack 01, bin: B1
[2026-01-21T10:17:32.663Z] [INFO] [Putaway Completion] Step 1: Starting transaction...
[2026-01-21T10:17:32.665Z] [INFO] [Putaway Completion] ✅ Transaction started
[2026-01-21T10:17:32.666Z] [INFO] [Putaway Completion] Step 2: Locking putaway task row: PUT-20260121-0001
[2026-01-21T10:17:32.668Z] [INFO] [Putaway Completion] Task status query result:
{
  "found": true,
  "status": "In Progress"
}
[2026-01-21T10:17:32.669Z] [INFO] [Putaway Completion] ✅ Task status check passed: In Progress
[2026-01-21T10:17:32.675Z] [INFO] [Putaway Completion] Manual trigger detected (item_code=null) - processing all lines for task, not filtering by carton_id
[2026-01-21T10:17:32.675Z] [INFO] [Putaway Completion] Step 4: Querying putaway lines...
[2026-01-21T10:17:32.676Z] [INFO] [Putaway Completion] Query: SELECT item_code, qty, rack, bin, carton_id, location_id FROM tabPutawayLine WHERE parent_title = ? AND item_code IS NOT NULL AND qty > 0
[2026-01-21T10:17:32.676Z] [INFO] [Putaway Completion] Params: [
  "PUT-20260121-0001"
]
[2026-01-21T10:17:32.680Z] [INFO] [Putaway Completion] Putaway lines query result:
{
  "lines_count": 2,
  "lines": [
    {
      "item_code": "SKU-HAT-301-BLU-OS",
      "qty": "2.00",
      "carton_id": "CTN-TI-123457-20260121-131653-313",
      "location_id": "A1-R01-L4-B1",
      "rack": "Rack 01",
      "bin": "B1"
    },
    {
      "item_code": "SKU-HAT-301-GRN-OS",
      "qty": "2.00",
      "carton_id": "CTN-TI-123457-20260121-131653-313",
      "location_id": "A1-R01-L4-B1",
      "rack": "Rack 01",
      "bin": "B1"
    }
  ]
}
[2026-01-21T10:17:32.680Z] [INFO] [Putaway Completion] ✅ Found 2 putaway line(s) for task PUT-20260121-0001
[2026-01-21T10:17:32.683Z] [INFO] [Putaway Completion] Transfer In putaway detected: transfer_in=INSLIP-123457, task.warehouse=WH-MAIN
[2026-01-21T10:17:32.684Z] [INFO] [Putaway Completion] Using warehouse from putaway task: WH-MAIN
[2026-01-21T10:17:32.686Z] [INFO] [Putaway Completion] Step 5: Warehouse resolved: WH-MAIN
[2026-01-21T10:17:32.686Z] [INFO] [Putaway Completion] Step 5: Starting stock update loop...
[2026-01-21T10:17:32.687Z] [INFO] [Putaway Completion] Stock update loop parameters:
{
  "warehouse": "WH-MAIN",
  "total_lines": 2,
  "event_location_id": "A1-R01-L4-B1",
  "event_rack": "Rack 01",
  "event_bin": "B1",
  "event_carton_id": "CTN-TI-123457-20260121-131653-313",
  "event_box_id": "CTN-TI-123457-20260121-131653-313"
}
[2026-01-21T10:17:32.687Z] [INFO] [Putaway Completion] ========================================
[2026-01-21T10:17:32.687Z] [INFO] [Putaway Completion] Processing line 1/2
[2026-01-21T10:17:32.688Z] [INFO] [Putaway Completion] Line data: {
  "item_code": "SKU-HAT-301-BLU-OS",
  "qty": "2.00",
  "carton_id": "CTN-TI-123457-20260121-131653-313",
  "location_id": "A1-R01-L4-B1",
  "rack": "Rack 01",
  "bin": "B1"
}
[2026-01-21T10:17:32.688Z] [INFO] [Putaway Completion] Location determination for line 1:
{
  "event_location_id": "A1-R01-L4-B1",
  "line_location_id": "A1-R01-L4-B1",
  "line_rack": "Rack 01",
  "line_bin": "B1",
  "event_rack": "Rack 01",
  "event_bin": "B1",
  "resolved_binLocation": "A1-R01-L4-B1"
}
[2026-01-21T10:17:32.689Z] [INFO] [Putaway Completion] Line 1 validation:
{
  "itemCode": "SKU-HAT-301-BLU-OS",
  "lineQty": 2,
  "binLocation": "A1-R01-L4-B1",
  "hasItemCode": true,
  "hasValidQty": true,
  "hasValidLocation": true
}
[2026-01-21T10:17:32.689Z] [INFO] [Putaway Completion] ✅ Line 1 passed validation - processing stock update
[2026-01-21T10:17:32.690Z] [INFO] [Putaway Completion] Stock update details:
{
  "item_code": "SKU-HAT-301-BLU-OS",
  "qty": 2,
  "fromLocation": "NULL",
  "toLocation": "A1-R01-L4-B1",
  "cartonId": "CTN-TI-123457-20260121-131653-313",
  "warehouse": "WH-MAIN"
}
[2026-01-21T10:17:32.703Z] [INFO] [Putaway Completion] ========================================
[2026-01-21T10:17:32.703Z] [INFO] [Putaway Completion] 🔵 EXECUTING STOCK LEDGER INSERT/UPDATE
[2026-01-21T10:17:32.704Z] [INFO] [Putaway Completion] Item: SKU-HAT-301-BLU-OS
[2026-01-21T10:17:32.704Z] [INFO] [Putaway Completion] Location: A1-R01-L4-B1
[2026-01-21T10:17:32.704Z] [INFO] [Putaway Completion] Warehouse: WH-MAIN
[2026-01-21T10:17:32.705Z] [INFO] [Putaway Completion] New Qty: 2
[2026-01-21T10:17:32.705Z] [INFO] [Putaway Completion] Current Qty: 0
[2026-01-21T10:17:32.705Z] [INFO] [Putaway Completion] SQL: INSERT INTO tabStockLedger (item_code, warehouse, bin_location, qty, reserved_qty, qty_before, qty_reduced, last_transaction_date, last_transaction_type, last_transaction_ref, updated_at, created_at) VALUES (?, ?, ?, ?, ?, ?, ?, NOW(), 'Putaway', ?, NOW(), NOW()) ON DUPLICATE KEY UPDATE qty = ?, qty_before = ?, qty_reduced = ?, last_transaction_date = NOW(), last_transaction_type = 'Putaway', last_transaction_ref = ?, updated_at = NOW()
[2026-01-21T10:17:32.706Z] [INFO] [Putaway Completion] Insert Params: [
  "SKU-HAT-301-BLU-OS",
  "WH-MAIN",
  "A1-R01-L4-B1",
  2,
  0,
  0,
  2,
  "PUT-20260121-0001"
]
[2026-01-21T10:17:32.706Z] [INFO] [Putaway Completion] Update Params: [
  2,
  0,
  2,
  "PUT-20260121-0001"
]
[2026-01-21T10:17:32.707Z] [INFO] [Putaway Completion] ========================================
[2026-01-21T10:17:32.709Z] [INFO] [Putaway Completion] ✅ STOCK LEDGER UPDATE RESULT:
{
  "item_code": "SKU-HAT-301-BLU-OS",
  "bin_location": "A1-R01-L4-B1",
  "warehouse": "WH-MAIN",
  "new_qty": 2,
  "affectedRows": 1,
  "insertId": 25,
  "changedRows": 0
}
[2026-01-21T10:17:32.723Z] [INFO] [Putaway Completion] 🔍 Adding qty_before: 0 (needsQtyBefore: true, currentQty: 0)
[2026-01-21T10:17:32.724Z] [INFO] [Putaway Completion] 🔍 Adding qty_after: 2 (needsQtyAfter: true, newQty: 2)
[2026-01-21T10:17:32.724Z] [INFO] [Putaway Completion] ========================================
[2026-01-21T10:17:32.725Z] [INFO] [Putaway Completion] 🔵 EXECUTING TRANSACTION HISTORY INSERT
[2026-01-21T10:17:32.725Z] [INFO] [Putaway Completion] Item: SKU-HAT-301-BLU-OS
[2026-01-21T10:17:32.726Z] [INFO] [Putaway Completion] Location: A1-R01-L4-B1
[2026-01-21T10:17:32.726Z] [INFO] [Putaway Completion] Qty Change: 2
[2026-01-21T10:17:32.727Z] [INFO] [Putaway Completion] Fields (15):
[
  "transaction_id",
  "transaction_number",
  "transaction_date",
  "transaction_type",
  "reference_doc",
  "item_code",
  "item_name",
  "warehouse",
  "location_id",
  "bin_location",
  "carton_id",
  "qty_change",
  "qty_before",
  "qty_after",
  "performed_by"
]
[2026-01-21T10:17:32.727Z] [INFO] [Putaway Completion] SQL: INSERT INTO tabTransactionHistory (transaction_id, transaction_number, transaction_date, transaction_type, reference_doc, item_code, item_name, warehouse, location_id, bin_location, carton_id, qty_change, qty_before, qty_after, performed_by) VALUES (?, ?, ?, ?, ?, ?, ?, ?, ?, ?, ?, ?, ?, ?, ?)
[2026-01-21T10:17:32.728Z] [INFO] [Putaway Completion] Values: [
  176899065272273,
  "TRX-PUT-1768990652718-776",
  "2026-01-21T10:17:32.722Z",
  "Putaway",
  "PUT-20260121-0001",
  "SKU-HAT-301-BLU-OS",
  "Baseball Cap Blue One Size",
  "WH-MAIN",
  "A1-R01-L4-B1",
  "A1-R01-L4-B1",
  "CTN-TI-123457-20260121-131653-313",
  2,
  0,
  2,
  "USER-402498"
]
[2026-01-21T10:17:32.728Z] [INFO] [Putaway Completion] ========================================
[2026-01-21T10:17:32.730Z] [INFO] [Putaway Completion] ✅ TRANSACTION HISTORY INSERT RESULT:
{
  "item_code": "SKU-HAT-301-BLU-OS",
  "bin_location": "A1-R01-L4-B1",
  "qty_change": 2,
  "affectedRows": 1,
  "insertId": 16
}
[2026-01-21T10:17:32.731Z] [INFO] [Putaway Completion] ========================================
[2026-01-21T10:17:32.732Z] [INFO] [Putaway Completion] Processing line 2/2
[2026-01-21T10:17:32.732Z] [INFO] [Putaway Completion] Line data: {
  "item_code": "SKU-HAT-301-GRN-OS",
  "qty": "2.00",
  "carton_id": "CTN-TI-123457-20260121-131653-313",
  "location_id": "A1-R01-L4-B1",
  "rack": "Rack 01",
  "bin": "B1"
}
[2026-01-21T10:17:32.733Z] [INFO] [Putaway Completion] Location determination for line 2:
{
  "event_location_id": "A1-R01-L4-B1",
  "line_location_id": "A1-R01-L4-B1",
  "line_rack": "Rack 01",
  "line_bin": "B1",
  "event_rack": "Rack 01",
  "event_bin": "B1",
  "resolved_binLocation": "A1-R01-L4-B1"
}
[2026-01-21T10:17:32.733Z] [INFO] [Putaway Completion] Line 2 validation:
{
  "itemCode": "SKU-HAT-301-GRN-OS",
  "lineQty": 2,
  "binLocation": "A1-R01-L4-B1",
  "hasItemCode": true,
  "hasValidQty": true,
  "hasValidLocation": true
}
[2026-01-21T10:17:32.733Z] [INFO] [Putaway Completion] ✅ Line 2 passed validation - processing stock update
[2026-01-21T10:17:32.734Z] [INFO] [Putaway Completion] Stock update details:
{
  "item_code": "SKU-HAT-301-GRN-OS",
  "qty": 2,
  "fromLocation": "NULL",
  "toLocation": "A1-R01-L4-B1",
  "cartonId": "CTN-TI-123457-20260121-131653-313",
  "warehouse": "WH-MAIN"
}
[2026-01-21T10:17:32.737Z] [INFO] [Putaway Completion] ========================================
[2026-01-21T10:17:32.738Z] [INFO] [Putaway Completion] 🔵 EXECUTING STOCK LEDGER INSERT/UPDATE
[2026-01-21T10:17:32.738Z] [INFO] [Putaway Completion] Item: SKU-HAT-301-GRN-OS
[2026-01-21T10:17:32.739Z] [INFO] [Putaway Completion] Location: A1-R01-L4-B1
[2026-01-21T10:17:32.739Z] [INFO] [Putaway Completion] Warehouse: WH-MAIN
[2026-01-21T10:17:32.739Z] [INFO] [Putaway Completion] New Qty: 2
[2026-01-21T10:17:32.740Z] [INFO] [Putaway Completion] Current Qty: 0
[2026-01-21T10:17:32.740Z] [INFO] [Putaway Completion] SQL: INSERT INTO tabStockLedger (item_code, warehouse, bin_location, qty, reserved_qty, qty_before, qty_reduced, last_transaction_date, last_transaction_type, last_transaction_ref, updated_at, created_at) VALUES (?, ?, ?, ?, ?, ?, ?, NOW(), 'Putaway', ?, NOW(), NOW()) ON DUPLICATE KEY UPDATE qty = ?, qty_before = ?, qty_reduced = ?, last_transaction_date = NOW(), last_transaction_type = 'Putaway', last_transaction_ref = ?, updated_at = NOW()
[2026-01-21T10:17:32.740Z] [INFO] [Putaway Completion] Insert Params: [
  "SKU-HAT-301-GRN-OS",
  "WH-MAIN",
  "A1-R01-L4-B1",
  2,
  0,
  0,
  2,
  "PUT-20260121-0001"
]
[2026-01-21T10:17:32.741Z] [INFO] [Putaway Completion] Update Params: [
  2,
  0,
  2,
  "PUT-20260121-0001"
]
[2026-01-21T10:17:32.741Z] [INFO] [Putaway Completion] ========================================
[2026-01-21T10:17:32.743Z] [INFO] [Putaway Completion] ✅ STOCK LEDGER UPDATE RESULT:
{
  "item_code": "SKU-HAT-301-GRN-OS",
  "bin_location": "A1-R01-L4-B1",
  "warehouse": "WH-MAIN",
  "new_qty": 2,
  "affectedRows": 1,
  "insertId": 26,
  "changedRows": 0
}
[2026-01-21T10:17:32.759Z] [INFO] [Putaway Completion] 🔍 Adding qty_before: 0 (needsQtyBefore: true, currentQty: 0)
[2026-01-21T10:17:32.760Z] [INFO] [Putaway Completion] 🔍 Adding qty_after: 2 (needsQtyAfter: true, newQty: 2)
[2026-01-21T10:17:32.760Z] [INFO] [Putaway Completion] ========================================
[2026-01-21T10:17:32.761Z] [INFO] [Putaway Completion] 🔵 EXECUTING TRANSACTION HISTORY INSERT
[2026-01-21T10:17:32.762Z] [INFO] [Putaway Completion] Item: SKU-HAT-301-GRN-OS
[2026-01-21T10:17:32.762Z] [INFO] [Putaway Completion] Location: A1-R01-L4-B1
[2026-01-21T10:17:32.763Z] [INFO] [Putaway Completion] Qty Change: 2
[2026-01-21T10:17:32.764Z] [INFO] [Putaway Completion] Fields (15):
[
  "transaction_id",
  "transaction_number",
  "transaction_date",
  "transaction_type",
  "reference_doc",
  "item_code",
  "item_name",
  "warehouse",
  "location_id",
  "bin_location",
  "carton_id",
  "qty_change",
  "qty_before",
  "qty_after",
  "performed_by"
]
[2026-01-21T10:17:32.764Z] [INFO] [Putaway Completion] SQL: INSERT INTO tabTransactionHistory (transaction_id, transaction_number, transaction_date, transaction_type, reference_doc, item_code, item_name, warehouse, location_id, bin_location, carton_id, qty_change, qty_before, qty_after, performed_by) VALUES (?, ?, ?, ?, ?, ?, ?, ?, ?, ?, ?, ?, ?, ?, ?)
[2026-01-21T10:17:32.765Z] [INFO] [Putaway Completion] Values: [
  176899065275836,
  "TRX-PUT-1768990652747-946",
  "2026-01-21T10:17:32.758Z",
  "Putaway",
  "PUT-20260121-0001",
  "SKU-HAT-301-GRN-OS",
  "Baseball Cap Green One Size",
  "WH-MAIN",
  "A1-R01-L4-B1",
  "A1-R01-L4-B1",
  "CTN-TI-123457-20260121-131653-313",
  2,
  0,
  2,
  "USER-402498"
]
[2026-01-21T10:17:32.765Z] [INFO] [Putaway Completion] ========================================
[2026-01-21T10:17:32.766Z] [INFO] [Putaway Completion] ✅ TRANSACTION HISTORY INSERT RESULT:
{
  "item_code": "SKU-HAT-301-GRN-OS",
  "bin_location": "A1-R01-L4-B1",
  "qty_change": 2,
  "affectedRows": 1,
  "insertId": 18
}
[2026-01-21T10:17:32.802Z] [INFO] [Putaway Completion] ========================================
[2026-01-21T10:17:32.803Z] [INFO] [Putaway Completion] Step 6: Stock update loop completed
[2026-01-21T10:17:32.803Z] [INFO] [Putaway Completion] Summary:
{
  "processed": 2,
  "skipped": 0,
  "total_lines": 2,
  "success_rate": "100.0%"
}
[2026-01-21T10:17:32.803Z] [INFO] [Putaway Completion] ========================================
[2026-01-21T10:17:32.804Z] [INFO] [Putaway Completion] Step 7: Marking putaway task as Completed...
[2026-01-21T10:17:32.805Z] [INFO] [Putaway Completion] Status update result:
{
  "affectedRows": 1
}
[2026-01-21T10:17:32.806Z] [INFO] [Putaway Completion] ========================================
[2026-01-21T10:17:32.806Z] [INFO] [Putaway Completion] Step 8: COMMITTING TRANSACTION
[2026-01-21T10:17:32.806Z] [INFO] [Putaway Completion] Task: PUT-20260121-0001
[2026-01-21T10:17:32.807Z] [INFO] [Putaway Completion] Processed: 2, Skipped: 0
[2026-01-21T10:17:32.807Z] [INFO] [Putaway Completion] ========================================
[2026-01-21T10:17:32.812Z] [INFO] [Putaway Completion] ✅✅✅ TRANSACTION COMMITTED SUCCESSFULLY ✅✅✅
[2026-01-21T10:17:32.812Z] [INFO] [Putaway Completion] Task: PUT-20260121-0001
[2026-01-21T10:17:32.813Z] [INFO] [Putaway Completion] ========================================
[2026-01-21T10:17:32.813Z] [DEBUG] Requesting database connection from pool
[2026-01-21T10:17:32.814Z] [DEBUG] Database connection obtained from pool
[2026-01-21T10:17:32.818Z] [INFO] [Putaway Completion] ✅ Successfully completed putaway task PUT-20260121-0001 - stock updated, task marked as Completed
{
  "stock_ledger_entries": 2,
  "transaction_history_entries": 4,
  "processed_lines": 2,
  "skipped_lines": 0,
  "putaway_task": "PUT-20260121-0001"
}
[2026-01-21T10:17:32.819Z] [INFO] [Putaway] ✅ Stock updates completed for putaway task PUT-20260121-0001
{
  "result": "undefined (function may not return value)"
}
[2026-01-21T10:17:32.819Z] [INFO] [Putaway] Updated location for putaway task PUT-20260121-0001: A1-R01-L4-B1 (2 lines updated)
{
  "putaway_task": "PUT-20260121-0001",
  "location_id": "A1-R01-L4-B1",
  "rack": "Rack 01",
  "bin": "B1",
  "lines_updated": 2,
  "hasLineLocationIdColumn": true,
  "hasLineRack": true,
  "hasLineBin": true
}
[2026-01-21T10:17:33.063Z] [INFO] 📥 GET /api/putaway/tasks?source_type=ASN&status=Draft%2CIn+Progress
{
  "IP": "192.168.103.205",
  "UserAgent": "okhttp/4.12.0"
}
[2026-01-21T10:17:33.065Z] [INFO] [Putaway Tasks API] Request received:
{
  "status": "Draft,In Progress",
  "source_type": "ASN",
  "advance_shipping_notice": "NOT_PROVIDED",
  "transfer_in": "NOT_PROVIDED"
}
[2026-01-21T10:17:33.065Z] [DEBUG] Requesting database connection from pool
[2026-01-21T10:17:33.066Z] [DEBUG] Database connection obtained from pool
[2026-01-21T10:17:33.068Z] [INFO] [Putaway Tasks API] Status filter applied:
[
  "Draft",
  "In Progress"
]
[2026-01-21T10:17:33.070Z] [INFO] [Putaway Tasks API] Query executed:
{
  "whereClause": "WHERE pt.status IN (?,?) AND COALESCE(pt.source_type, \"ASN\") = ?",
  "params": [
    "Draft",
    "In Progress",
    "ASN"
  ],
  "tasks_found": 0
}
[2026-01-21T10:17:33.070Z] [WARN] [Putaway Tasks API] No tasks found with filters:
{
  "status": "Draft,In Progress",
  "source_type": "ASN",
  "advance_shipping_notice": "ALL",
  "transfer_in": "ALL"
}
[2026-01-21T10:17:33.298Z] [INFO] 📥 GET /api/putaway/tasks?source_type=TransferIn&status=Draft%2COpen%2CIn+Progress
{
  "IP": "192.168.103.205",
  "UserAgent": "okhttp/4.12.0"
}
[2026-01-21T10:17:33.299Z] [INFO] [Putaway Tasks API] Request received:
{
  "status": "Draft,Open,In Progress",
  "source_type": "TransferIn",
  "advance_shipping_notice": "NOT_PROVIDED",
  "transfer_in": "NOT_PROVIDED"
}
[2026-01-21T10:17:33.300Z] [DEBUG] Requesting database connection from pool
[2026-01-21T10:17:33.301Z] [DEBUG] Database connection obtained from pool
[2026-01-21T10:17:33.303Z] [INFO] [Putaway Tasks API] Status filter applied:
[
  "Draft",
  "Open",
  "In Progress"
]
[2026-01-21T10:17:33.305Z] [INFO] [Putaway Tasks API] Query executed:
{
  "whereClause": "WHERE pt.status IN (?,?,?) AND COALESCE(pt.source_type, \"ASN\") = ?",
  "params": [
    "Draft",
    "Open",
    "In Progress",
    "TransferIn"
  ],
  "tasks_found": 0
}
[2026-01-21T10:17:33.305Z] [WARN] [Putaway Tasks API] No tasks found with filters:
{
  "status": "Draft,Open,In Progress",
  "source_type": "TransferIn",
  "advance_shipping_notice": "ALL",
  "transfer_in": "ALL"
}
[2026-01-21T10:17:37.659Z] [INFO] 📥 GET /api/health
{
  "IP": "192.168.103.205",
  "UserAgent": "okhttp/4.12.0"
}
[2026-01-21T10:17:46.242Z] [INFO] 📥 GET /api/health
{
  "IP": "192.168.103.205",
  "UserAgent": "okhttp/4.12.0"
}
[2026-01-21T10:17:48.546Z] [INFO] 📥 GET /api/health
{
  "IP": "192.168.103.205",
  "UserAgent": "okhttp/4.12.0"
}
[2026-01-21T10:17:49.600Z] [INFO] 📥 GET /api/health
{
  "IP": "192.168.103.205",
  "UserAgent": "okhttp/4.12.0"
}
[2026-01-21T10:17:51.096Z] [INFO] 📥 GET /api/health
{
  "IP": "192.168.103.205",
  "UserAgent": "okhttp/4.12.0"
}
[2026-01-21T10:17:54.332Z] [INFO] 📥 GET /api/health
{
  "IP": "192.168.103.205",
  "UserAgent": "okhttp/4.12.0"
}
[2026-01-21T10:18:07.703Z] [INFO] 📥 GET /api/health
{
  "IP": "192.168.103.205",
  "UserAgent": "okhttp/4.12.0"
}
[2026-01-21T10:18:16.267Z] [INFO] 📥 GET /api/health
{
  "IP": "192.168.103.205",
  "UserAgent": "okhttp/4.12.0"
}
[2026-01-21T10:18:18.544Z] [INFO] 📥 GET /api/health
{
  "IP": "192.168.103.205",
  "UserAgent": "okhttp/4.12.0"
}
[2026-01-21T10:18:19.590Z] [INFO] 📥 GET /api/health
{
  "IP": "192.168.103.205",
  "UserAgent": "okhttp/4.12.0"
}
[2026-01-21T10:18:21.123Z] [INFO] 📥 GET /api/health
{
  "IP": "192.168.103.205",
  "UserAgent": "okhttp/4.12.0"
}
[2026-01-21T10:18:24.344Z] [INFO] 📥 GET /api/health
{
  "IP": "192.168.103.205",
  "UserAgent": "okhttp/4.12.0"
}
[2026-01-21T10:18:37.671Z] [INFO] 📥 GET /api/health
{
  "IP": "192.168.103.205",
  "UserAgent": "okhttp/4.12.0"
}
[2026-01-21T10:18:46.279Z] [INFO] 📥 GET /api/health
{
  "IP": "192.168.103.205",
  "UserAgent": "okhttp/4.12.0"
}
[2026-01-21T10:18:48.569Z] [INFO] 📥 GET /api/health
{
  "IP": "192.168.103.205",
  "UserAgent": "okhttp/4.12.0"
}
[2026-01-21T10:18:49.634Z] [INFO] 📥 GET /api/health
{
  "IP": "192.168.103.205",
  "UserAgent": "okhttp/4.12.0"
}
[2026-01-21T10:18:51.127Z] [INFO] 📥 GET /api/health
{
  "IP": "192.168.103.205",
  "UserAgent": "okhttp/4.12.0"
}
[2026-01-21T10:18:54.378Z] [INFO] 📥 GET /api/health
{
  "IP": "192.168.103.205",
  "UserAgent": "okhttp/4.12.0"
}
[2026-01-21T10:18:57.114Z] [INFO] 📥 GET /api/stock/item/SKU-HAT-301-BLU-OS/warehouse/WH-MAIN?format=grouped
{
  "IP": "127.0.0.1",
  "UserAgent": "unknown"
}
[2026-01-21T10:18:59.184Z] [INFO] 📥 GET /api/stock/item/SKU-HAT-301-BLU-OS/warehouse/Main%20Warehouse?format=grouped
{
  "IP": "127.0.0.1",
  "UserAgent": "unknown"
}
[2026-01-21T10:19:01.226Z] [INFO] 📥 GET /api/stock/item/SKU-HAT-301-BLU-OS/warehouse/WH-Main?format=grouped
{
  "IP": "127.0.0.1",
  "UserAgent": "unknown"
}
[2026-01-21T10:19:07.710Z] [INFO] 📥 GET /api/health
{
  "IP": "192.168.103.205",
  "UserAgent": "okhttp/4.12.0"
}
[2026-01-21T10:19:16.272Z] [INFO] 📥 GET /api/health
{
  "IP": "192.168.103.205",
  "UserAgent": "okhttp/4.12.0"
}
[2026-01-21T10:19:18.581Z] [INFO] 📥 GET /api/health
{
  "IP": "192.168.103.205",
  "UserAgent": "okhttp/4.12.0"
}
[2026-01-21T10:19:19.647Z] [INFO] 📥 GET /api/health
{
  "IP": "192.168.103.205",
  "UserAgent": "okhttp/4.12.0"
}
[2026-01-21T10:19:21.141Z] [INFO] 📥 GET /api/health
{
  "IP": "192.168.103.205",
  "UserAgent": "okhttp/4.12.0"
}
[2026-01-21T10:19:24.378Z] [INFO] 📥 GET /api/health
{
  "IP": "192.168.103.205",
  "UserAgent": "okhttp/4.12.0"
}
[2026-01-21T10:19:37.710Z] [INFO] 📥 GET /api/health
{
  "IP": "192.168.103.205",
  "UserAgent": "okhttp/4.12.0"
}
[2026-01-21T10:19:46.285Z] [INFO] 📥 GET /api/health
{
  "IP": "192.168.103.205",
  "UserAgent": "okhttp/4.12.0"
}
[2026-01-21T10:19:48.586Z] [INFO] 📥 GET /api/health
{
  "IP": "192.168.103.205",
  "UserAgent": "okhttp/4.12.0"
}
[2026-01-21T10:19:49.632Z] [INFO] 📥 GET /api/health
{
  "IP": "192.168.103.205",
  "UserAgent": "okhttp/4.12.0"
}
[2026-01-21T10:19:51.150Z] [INFO] 📥 GET /api/health
{
  "IP": "192.168.103.205",
  "UserAgent": "okhttp/4.12.0"
}
[2026-01-21T10:19:54.388Z] [INFO] 📥 GET /api/health
{
  "IP": "192.168.103.205",
  "UserAgent": "okhttp/4.12.0"
}
[2026-01-21T10:20:07.762Z] [INFO] 📥 GET /api/health
{
  "IP": "192.168.103.205",
  "UserAgent": "okhttp/4.12.0"
}
[2026-01-21T10:20:16.309Z] [INFO] 📥 GET /api/health
{
  "IP": "192.168.103.205",
  "UserAgent": "okhttp/4.12.0"
}
[2026-01-21T10:20:18.587Z] [INFO] 📥 GET /api/health
{
  "IP": "192.168.103.205",
  "UserAgent": "okhttp/4.12.0"
}
[2026-01-21T10:20:19.633Z] [INFO] 📥 GET /api/health
{
  "IP": "192.168.103.205",
  "UserAgent": "okhttp/4.12.0"
}
[2026-01-21T10:20:21.158Z] [INFO] 📥 GET /api/health
{
  "IP": "192.168.103.205",
  "UserAgent": "okhttp/4.12.0"
}
[2026-01-21T10:20:24.400Z] [INFO] 📥 GET /api/health
{
  "IP": "192.168.103.205",
  "UserAgent": "okhttp/4.12.0"
}
[2026-01-21T10:20:37.712Z] [INFO] 📥 GET /api/health
{
  "IP": "192.168.103.205",
  "UserAgent": "okhttp/4.12.0"
}
[2026-01-21T10:20:46.305Z] [INFO] 📥 GET /api/health
{
  "IP": "192.168.103.205",
  "UserAgent": "okhttp/4.12.0"
}
[2026-01-21T10:20:48.597Z] [INFO] 📥 GET /api/health
{
  "IP": "192.168.103.205",
  "UserAgent": "okhttp/4.12.0"
}
[2026-01-21T10:20:49.671Z] [INFO] 📥 GET /api/health
{
  "IP": "192.168.103.205",
  "UserAgent": "okhttp/4.12.0"
}
[2026-01-21T10:20:51.168Z] [INFO] 📥 GET /api/health
{
  "IP": "192.168.103.205",
  "UserAgent": "okhttp/4.12.0"
}
[2026-01-21T10:20:54.406Z] [INFO] 📥 GET /api/health
{
  "IP": "192.168.103.205",
  "UserAgent": "okhttp/4.12.0"
}
[2026-01-21T10:21:07.767Z] [INFO] 📥 GET /api/health
{
  "IP": "192.168.103.205",
  "UserAgent": "okhttp/4.12.0"
}
[2026-01-21T10:21:16.326Z] [INFO] 📥 GET /api/health
{
  "IP": "192.168.103.205",
  "UserAgent": "okhttp/4.12.0"
}
[2026-01-21T10:21:18.606Z] [INFO] 📥 GET /api/health
{
  "IP": "192.168.103.205",
  "UserAgent": "okhttp/4.12.0"
}
[2026-01-21T10:21:19.654Z] [INFO] 📥 GET /api/health
{
  "IP": "192.168.103.205",
  "UserAgent": "okhttp/4.12.0"
}
[2026-01-21T10:21:21.166Z] [INFO] 📥 GET /api/health
{
  "IP": "192.168.103.205",
  "UserAgent": "okhttp/4.12.0"
}
[2026-01-21T10:21:24.401Z] [INFO] 📥 GET /api/health
{
  "IP": "192.168.103.205",
  "UserAgent": "okhttp/4.12.0"
}
[2026-01-21T10:21:37.754Z] [INFO] 📥 GET /api/health
{
  "IP": "192.168.103.205",
  "UserAgent": "okhttp/4.12.0"
}
[2026-01-21T10:21:46.327Z] [INFO] 📥 GET /api/health
{
  "IP": "192.168.103.205",
  "UserAgent": "okhttp/4.12.0"
}
[2026-01-21T10:21:48.625Z] [INFO] 📥 GET /api/health
{
  "IP": "192.168.103.205",
  "UserAgent": "okhttp/4.12.0"
}
[2026-01-21T10:21:49.676Z] [INFO] 📥 GET /api/health
{
  "IP": "192.168.103.205",
  "UserAgent": "okhttp/4.12.0"
}
[2026-01-21T10:21:51.172Z] [INFO] 📥 GET /api/health
{
  "IP": "192.168.103.205",
  "UserAgent": "okhttp/4.12.0"
}
[2026-01-21T10:21:54.432Z] [INFO] 📥 GET /api/health
{
  "IP": "192.168.103.205",
  "UserAgent": "okhttp/4.12.0"
}
[2026-01-21T10:22:07.759Z] [INFO] 📥 GET /api/health
{
  "IP": "192.168.103.205",
  "UserAgent": "okhttp/4.12.0"
}
[2026-01-21T10:22:16.325Z] [INFO] 📥 GET /api/health
{
  "IP": "192.168.103.205",
  "UserAgent": "okhttp/4.12.0"
}
[2026-01-21T10:22:18.623Z] [INFO] 📥 GET /api/health
{
  "IP": "192.168.103.205",
  "UserAgent": "okhttp/4.12.0"
}
[2026-01-21T10:22:19.671Z] [INFO] 📥 GET /api/health
{
  "IP": "192.168.103.205",
  "UserAgent": "okhttp/4.12.0"
}
[2026-01-21T10:22:21.201Z] [INFO] 📥 GET /api/health
{
  "IP": "192.168.103.205",
  "UserAgent": "okhttp/4.12.0"
}
[2026-01-21T10:22:24.420Z] [INFO] 📥 GET /api/health
{
  "IP": "192.168.103.205",
  "UserAgent": "okhttp/4.12.0"
}
[2026-01-21T10:22:37.759Z] [INFO] 📥 GET /api/health
{
  "IP": "192.168.103.205",
  "UserAgent": "okhttp/4.12.0"
}
[2026-01-21T10:22:46.350Z] [INFO] 📥 GET /api/health
{
  "IP": "192.168.103.205",
  "UserAgent": "okhttp/4.12.0"
}
[2026-01-21T10:22:48.632Z] [INFO] 📥 GET /api/health
{
  "IP": "192.168.103.205",
  "UserAgent": "okhttp/4.12.0"
}
[2026-01-21T10:22:49.680Z] [INFO] 📥 GET /api/health
{
  "IP": "192.168.103.205",
  "UserAgent": "okhttp/4.12.0"
}
[2026-01-21T10:22:51.195Z] [INFO] 📥 GET /api/health
{
  "IP": "192.168.103.205",
  "UserAgent": "okhttp/4.12.0"
}
[2026-01-21T10:22:54.446Z] [INFO] 📥 GET /api/health
{
  "IP": "192.168.103.205",
  "UserAgent": "okhttp/4.12.0"
}
[2026-01-21T10:23:07.760Z] [INFO] 📥 GET /api/health
{
  "IP": "192.168.103.205",
  "UserAgent": "okhttp/4.12.0"
}
[2026-01-21T10:23:16.379Z] [INFO] 📥 GET /api/health
{
  "IP": "192.168.103.205",
  "UserAgent": "okhttp/4.12.0"
}
[2026-01-21T10:23:18.671Z] [INFO] 📥 GET /api/health
{
  "IP": "192.168.103.205",
  "UserAgent": "okhttp/4.12.0"
}
[2026-01-21T10:23:19.719Z] [INFO] 📥 GET /api/health
{
  "IP": "192.168.103.205",
  "UserAgent": "okhttp/4.12.0"
}
[2026-01-21T10:23:21.214Z] [INFO] 📥 GET /api/health
{
  "IP": "192.168.103.205",
  "UserAgent": "okhttp/4.12.0"
}
[2026-01-21T10:23:24.439Z] [INFO] 📥 GET /api/health
{
  "IP": "192.168.103.205",
  "UserAgent": "okhttp/4.12.0"
}
[2026-01-21T10:23:37.797Z] [INFO] 📥 GET /api/health
{
  "IP": "192.168.103.205",
  "UserAgent": "okhttp/4.12.0"
}
[2026-01-21T10:23:46.387Z] [INFO] 📥 GET /api/health
{
  "IP": "192.168.103.205",
  "UserAgent": "okhttp/4.12.0"
}
[2026-01-21T10:23:48.690Z] [INFO] 📥 GET /api/health
{
  "IP": "192.168.103.205",
  "UserAgent": "okhttp/4.12.0"
}
[2026-01-21T10:23:49.716Z] [INFO] 📥 GET /api/health
{
  "IP": "192.168.103.205",
  "UserAgent": "okhttp/4.12.0"
}
[2026-01-21T10:23:51.208Z] [INFO] 📥 GET /api/health
{
  "IP": "192.168.103.205",
  "UserAgent": "okhttp/4.12.0"
}
[2026-01-21T10:23:54.464Z] [INFO] 📥 GET /api/health
{
  "IP": "192.168.103.205",
  "UserAgent": "okhttp/4.12.0"
}
[2026-01-21T10:24:07.801Z] [INFO] 📥 GET /api/health
{
  "IP": "192.168.103.205",
  "UserAgent": "okhttp/4.12.0"
}
[2026-01-21T10:24:14.474Z] [INFO] 📥 GET /api/stock/item/SKU-HAT-301-BLU-OS/warehouse/WH-MAIN?format=grouped
{
  "IP": "127.0.0.1",
  "UserAgent": "unknown"
}
[2026-01-21T10:24:16.383Z] [INFO] 📥 GET /api/health
{
  "IP": "192.168.103.205",
  "UserAgent": "okhttp/4.12.0"
}
[2026-01-21T10:24:16.515Z] [INFO] 📥 GET /api/stock/item/SKU-HAT-301-BLU-OS/warehouse/Main%20Warehouse?format=grouped
{
  "IP": "127.0.0.1",
  "UserAgent": "unknown"
}
[2026-01-21T10:24:18.537Z] [INFO] 📥 GET /api/stock/item/SKU-HAT-301-BLU-OS/warehouse/WH-Main?format=grouped
{
  "IP": "127.0.0.1",
  "UserAgent": "unknown"
}
[2026-01-21T10:24:18.684Z] [INFO] 📥 GET /api/health
{
  "IP": "192.168.103.205",
  "UserAgent": "okhttp/4.12.0"
}
[2026-01-21T10:24:19.722Z] [INFO] 📥 GET /api/health
{
  "IP": "192.168.103.205",
  "UserAgent": "okhttp/4.12.0"
}
[2026-01-21T10:24:21.226Z] [INFO] 📥 GET /api/health
{
  "IP": "192.168.103.205",
  "UserAgent": "okhttp/4.12.0"
}
[2026-01-21T10:24:24.463Z] [INFO] 📥 GET /api/health
{
  "IP": "192.168.103.205",
  "UserAgent": "okhttp/4.12.0"
}
[2026-01-21T10:24:37.719Z] [INFO] 📥 GET /api/putaway/tasks?source_type=ASN&status=Draft%2CIn+Progress
{
  "IP": "192.168.103.205",
  "UserAgent": "okhttp/4.12.0"
}
[2026-01-21T10:24:37.721Z] [INFO] [Putaway Tasks API] Request received:
{
  "status": "Draft,In Progress",
  "source_type": "ASN",
  "advance_shipping_notice": "NOT_PROVIDED",
  "transfer_in": "NOT_PROVIDED"
}
[2026-01-21T10:24:37.722Z] [DEBUG] Requesting database connection from pool
[2026-01-21T10:24:37.723Z] [DEBUG] Database connection obtained from pool
[2026-01-21T10:24:37.724Z] [INFO] 📥 GET /api/putaway/tasks?source_type=ASN&status=Draft%2CIn+Progress
{
  "IP": "192.168.103.205",
  "UserAgent": "okhttp/4.12.0"
}
[2026-01-21T10:24:37.725Z] [INFO] [Putaway Tasks API] Request received:
{
  "status": "Draft,In Progress",
  "source_type": "ASN",
  "advance_shipping_notice": "NOT_PROVIDED",
  "transfer_in": "NOT_PROVIDED"
}
[2026-01-21T10:24:37.725Z] [DEBUG] Requesting database connection from pool
[2026-01-21T10:24:37.726Z] [DEBUG] Database connection obtained from pool
[2026-01-21T10:24:37.727Z] [INFO] [Putaway Tasks API] Status filter applied:
[
  "Draft",
  "In Progress"
]
[2026-01-21T10:24:37.729Z] [INFO] [Putaway Tasks API] Query executed:
{
  "whereClause": "WHERE pt.status IN (?,?) AND COALESCE(pt.source_type, \"ASN\") = ?",
  "params": [
    "Draft",
    "In Progress",
    "ASN"
  ],
  "tasks_found": 0
}
[2026-01-21T10:24:37.730Z] [WARN] [Putaway Tasks API] No tasks found with filters:
{
  "status": "Draft,In Progress",
  "source_type": "ASN",
  "advance_shipping_notice": "ALL",
  "transfer_in": "ALL"
}
[2026-01-21T10:24:37.738Z] [INFO] [Putaway Tasks API] Status filter applied:
[
  "Draft",
  "In Progress"
]
[2026-01-21T10:24:37.743Z] [INFO] [Putaway Tasks API] Query executed:
{
  "whereClause": "WHERE pt.status IN (?,?) AND COALESCE(pt.source_type, \"ASN\") = ?",
  "params": [
    "Draft",
    "In Progress",
    "ASN"
  ],
  "tasks_found": 0
}
[2026-01-21T10:24:37.743Z] [WARN] [Putaway Tasks API] No tasks found with filters:
{
  "status": "Draft,In Progress",
  "source_type": "ASN",
  "advance_shipping_notice": "ALL",
  "transfer_in": "ALL"
}
[2026-01-21T10:24:37.779Z] [INFO] 📥 GET /api/health
{
  "IP": "192.168.103.205",
  "UserAgent": "okhttp/4.12.0"
}
[2026-01-21T10:24:37.941Z] [INFO] 📥 GET /api/putaway/tasks?source_type=TransferIn&status=Draft%2COpen%2CIn+Progress
{
  "IP": "192.168.103.205",
  "UserAgent": "okhttp/4.12.0"
}
[2026-01-21T10:24:37.942Z] [INFO] [Putaway Tasks API] Request received:
{
  "status": "Draft,Open,In Progress",
  "source_type": "TransferIn",
  "advance_shipping_notice": "NOT_PROVIDED",
  "transfer_in": "NOT_PROVIDED"
}
[2026-01-21T10:24:37.942Z] [DEBUG] Requesting database connection from pool
[2026-01-21T10:24:37.942Z] [DEBUG] Database connection obtained from pool
[2026-01-21T10:24:37.944Z] [INFO] [Putaway Tasks API] Status filter applied:
[
  "Draft",
  "Open",
  "In Progress"
]
[2026-01-21T10:24:37.945Z] [INFO] [Putaway Tasks API] Query executed:
{
  "whereClause": "WHERE pt.status IN (?,?,?) AND COALESCE(pt.source_type, \"ASN\") = ?",
  "params": [
    "Draft",
    "Open",
    "In Progress",
    "TransferIn"
  ],
  "tasks_found": 0
}
[2026-01-21T10:24:37.946Z] [WARN] [Putaway Tasks API] No tasks found with filters:
{
  "status": "Draft,Open,In Progress",
  "source_type": "TransferIn",
  "advance_shipping_notice": "ALL",
  "transfer_in": "ALL"
}
[2026-01-21T10:24:37.948Z] [INFO] 📥 GET /api/putaway/tasks?source_type=TransferIn&status=Draft%2COpen%2CIn+Progress
{
  "IP": "192.168.103.205",
  "UserAgent": "okhttp/4.12.0"
}
[2026-01-21T10:24:37.949Z] [INFO] [Putaway Tasks API] Request received:
{
  "status": "Draft,Open,In Progress",
  "source_type": "TransferIn",
  "advance_shipping_notice": "NOT_PROVIDED",
  "transfer_in": "NOT_PROVIDED"
}
[2026-01-21T10:24:37.949Z] [DEBUG] Requesting database connection from pool
[2026-01-21T10:24:37.949Z] [DEBUG] Database connection obtained from pool
[2026-01-21T10:24:37.951Z] [INFO] [Putaway Tasks API] Status filter applied:
[
  "Draft",
  "Open",
  "In Progress"
]
[2026-01-21T10:24:37.953Z] [INFO] [Putaway Tasks API] Query executed:
{
  "whereClause": "WHERE pt.status IN (?,?,?) AND COALESCE(pt.source_type, \"ASN\") = ?",
  "params": [
    "Draft",
    "Open",
    "In Progress",
    "TransferIn"
  ],
  "tasks_found": 0
}
[2026-01-21T10:24:37.953Z] [WARN] [Putaway Tasks API] No tasks found with filters:
{
  "status": "Draft,Open,In Progress",
  "source_type": "TransferIn",
  "advance_shipping_notice": "ALL",
  "transfer_in": "ALL"
}
[2026-01-21T10:24:39.304Z] [INFO] 📥 GET /api/transfer-in/INSLIP-123457
{
  "IP": "192.168.103.205",
  "UserAgent": "okhttp/4.12.0"
}
[2026-01-21T10:24:39.305Z] [DEBUG] Requesting database connection from pool
[2026-01-21T10:24:39.306Z] [DEBUG] Database connection obtained from pool
[2026-01-21T10:24:43.299Z] [INFO] 📥 GET /api/transfer-in
{
  "IP": "192.168.103.205",
  "UserAgent": "okhttp/4.12.0"
}
[2026-01-21T10:24:43.300Z] [DEBUG] Requesting database connection from pool
[2026-01-21T10:24:43.301Z] [DEBUG] Database connection obtained from pool
[2026-01-21T10:24:46.375Z] [INFO] 📥 GET /api/health
{
  "IP": "192.168.103.205",
  "UserAgent": "okhttp/4.12.0"
}
[2026-01-21T10:25:16.409Z] [INFO] 📥 GET /api/health
{
  "IP": "192.168.103.205",
  "UserAgent": "okhttp/4.12.0"
}
[2026-01-21T10:25:38.582Z] [INFO] 📊 Database Configuration
{
  "Host": "localhost",
  "Port": "3306",
  "User": "erppadmin",
  "Password": "***",
  "Database": "wms_desktop"
}
[2026-01-21T10:25:38.583Z] [DEBUG] Requesting database connection from pool
[2026-01-21T10:25:38.614Z] [SUCCESS] New database connection established
[2026-01-21T10:25:38.615Z] [DEBUG] Database connection obtained from pool
[2026-01-21T10:25:46.402Z] [INFO] 📥 GET /api/health
{
  "IP": "192.168.103.205",
  "UserAgent": "okhttp/4.12.0"
}
[2026-01-21T10:25:57.902Z] [INFO] 📊 Database Configuration
{
  "Host": "localhost",
  "Port": "3306",
  "User": "erppadmin",
  "Password": "***",
  "Database": "wms_desktop"
}
[2026-01-21T10:25:57.904Z] [DEBUG] Requesting database connection from pool
[2026-01-21T10:25:57.933Z] [SUCCESS] New database connection established
[2026-01-21T10:25:57.934Z] [DEBUG] Database connection obtained from pool
[2026-01-21T10:26:16.410Z] [INFO] 📥 GET /api/health
{
  "IP": "192.168.103.205",
  "UserAgent": "okhttp/4.12.0"
}
[2026-01-21T10:26:46.428Z] [INFO] 📥 GET /api/health
{
  "IP": "192.168.103.205",
  "UserAgent": "okhttp/4.12.0"
}
[2026-01-21T10:27:16.431Z] [INFO] 📥 GET /api/health
{
  "IP": "192.168.103.205",
  "UserAgent": "okhttp/4.12.0"
}
[2026-01-21T10:27:46.439Z] [INFO] 📥 GET /api/health
{
  "IP": "192.168.103.205",
  "UserAgent": "okhttp/4.12.0"
}
[2026-01-21T10:28:16.449Z] [INFO] 📥 GET /api/health
{
  "IP": "192.168.103.205",
  "UserAgent": "okhttp/4.12.0"
}
[2026-01-21T10:28:23.904Z] [INFO] 📥 GET /api/transaction-history?from_date=2025-10-23&to_date=2026-01-22&limit=1000
{
  "IP": "127.0.0.1",
  "UserAgent": "unknown"
}
[2026-01-21T10:28:46.465Z] [INFO] 📥 GET /api/health
{
  "IP": "192.168.103.205",
  "UserAgent": "okhttp/4.12.0"
}
[2026-01-21T10:28:51.929Z] [INFO] 📥 GET /api/transaction-history?from_date=2025-10-23&to_date=2026-01-22&limit=1000
{
  "IP": "127.0.0.1",
  "UserAgent": "unknown"
}
[2026-01-21T10:29:01.048Z] [INFO] 📥 GET /api/stock/item/SKU-HAT-301-BLU-OS/warehouse/WH-MAIN?format=grouped
{
  "IP": "127.0.0.1",
  "UserAgent": "unknown"
}
[2026-01-21T10:29:03.112Z] [INFO] 📥 GET /api/stock/item/SKU-HAT-301-BLU-OS/warehouse/Main%20Warehouse?format=grouped
{
  "IP": "127.0.0.1",
  "UserAgent": "unknown"
}
[2026-01-21T10:29:05.171Z] [INFO] 📥 GET /api/stock/item/SKU-HAT-301-BLU-OS/warehouse/WH-Main?format=grouped
{
  "IP": "127.0.0.1",
  "UserAgent": "unknown"
}
[2026-01-21T10:29:16.469Z] [INFO] 📥 GET /api/health
{
  "IP": "192.168.103.205",
  "UserAgent": "okhttp/4.12.0"
}
[2026-01-21T10:29:46.479Z] [INFO] 📥 GET /api/health
{
  "IP": "192.168.103.205",
  "UserAgent": "okhttp/4.12.0"
}
[2026-01-21T10:30:16.487Z] [INFO] 📥 GET /api/health
{
  "IP": "192.168.103.205",
  "UserAgent": "okhttp/4.12.0"
}
[2026-01-21T10:30:46.499Z] [INFO] 📥 GET /api/health
{
  "IP": "192.168.103.205",
  "UserAgent": "okhttp/4.12.0"
}
[2026-01-21T10:31:16.514Z] [INFO] 📥 GET /api/health
{
  "IP": "192.168.103.205",
  "UserAgent": "okhttp/4.12.0"
}
[2026-01-21T10:31:46.519Z] [INFO] 📥 GET /api/health
{
  "IP": "192.168.103.205",
  "UserAgent": "okhttp/4.12.0"
}
[2026-01-21T10:32:16.530Z] [INFO] 📥 GET /api/health
{
  "IP": "192.168.103.205",
  "UserAgent": "okhttp/4.12.0"
}
[2026-01-21T10:32:46.539Z] [INFO] 📥 GET /api/health
{
  "IP": "192.168.103.205",
  "UserAgent": "okhttp/4.12.0"
}
[2026-01-21T10:33:16.548Z] [INFO] 📥 GET /api/health
{
  "IP": "192.168.103.205",
  "UserAgent": "okhttp/4.12.0"
}
[2026-01-21T10:33:46.559Z] [INFO] 📥 GET /api/health
{
  "IP": "192.168.103.205",
  "UserAgent": "okhttp/4.12.0"
}
[2026-01-21T10:34:16.569Z] [INFO] 📥 GET /api/health
{
  "IP": "192.168.103.205",
  "UserAgent": "okhttp/4.12.0"
}
[2026-01-21T10:34:46.581Z] [INFO] 📥 GET /api/health
{
  "IP": "192.168.103.205",
  "UserAgent": "okhttp/4.12.0"
}
[2026-01-21T10:35:16.595Z] [INFO] 📥 GET /api/health
{
  "IP": "192.168.103.205",
  "UserAgent": "okhttp/4.12.0"
}
[2026-01-21T10:35:46.600Z] [INFO] 📥 GET /api/health
{
  "IP": "192.168.103.205",
  "UserAgent": "okhttp/4.12.0"
}
[2026-01-21T10:36:16.605Z] [INFO] 📥 GET /api/health
{
  "IP": "192.168.103.205",
  "UserAgent": "okhttp/4.12.0"
}
[2026-01-21T10:36:46.617Z] [INFO] 📥 GET /api/health
{
  "IP": "192.168.103.205",
  "UserAgent": "okhttp/4.12.0"
}
[2026-01-21T10:37:16.628Z] [INFO] 📥 GET /api/health
{
  "IP": "192.168.103.205",
  "UserAgent": "okhttp/4.12.0"
}
[2026-01-21T10:37:46.639Z] [INFO] 📥 GET /api/health
{
  "IP": "192.168.103.205",
  "UserAgent": "okhttp/4.12.0"
}
[2026-01-21T10:38:16.646Z] [INFO] 📥 GET /api/health
{
  "IP": "192.168.103.205",
  "UserAgent": "okhttp/4.12.0"
}
[2026-01-21T10:38:46.658Z] [INFO] 📥 GET /api/health
{
  "IP": "192.168.103.205",
  "UserAgent": "okhttp/4.12.0"
}
[2026-01-21T10:39:16.679Z] [INFO] 📥 GET /api/health
{
  "IP": "192.168.103.205",
  "UserAgent": "okhttp/4.12.0"
}
[2026-01-21T10:39:46.681Z] [INFO] 📥 GET /api/health
{
  "IP": "192.168.103.205",
  "UserAgent": "okhttp/4.12.0"
}
[2026-01-21T10:40:16.685Z] [INFO] 📥 GET /api/health
{
  "IP": "192.168.103.205",
  "UserAgent": "okhttp/4.12.0"
}
[2026-01-21T10:40:46.714Z] [INFO] 📥 GET /api/health
{
  "IP": "192.168.103.205",
  "UserAgent": "okhttp/4.12.0"
}
[2026-01-21T10:41:16.735Z] [INFO] 📥 GET /api/health
{
  "IP": "192.168.103.205",
  "UserAgent": "okhttp/4.12.0"
}
[2026-01-21T10:41:46.715Z] [INFO] 📥 GET /api/health
{
  "IP": "192.168.103.205",
  "UserAgent": "okhttp/4.12.0"
}
[2026-01-21T10:42:16.725Z] [INFO] 📥 GET /api/health
{
  "IP": "192.168.103.205",
  "UserAgent": "okhttp/4.12.0"
}
[2026-01-21T10:42:46.753Z] [INFO] 📥 GET /api/health
{
  "IP": "192.168.103.205",
  "UserAgent": "okhttp/4.12.0"
}
[2026-01-21T10:43:16.773Z] [INFO] 📥 GET /api/health
{
  "IP": "192.168.103.205",
  "UserAgent": "okhttp/4.12.0"
}
[2026-01-21T10:43:46.756Z] [INFO] 📥 GET /api/health
{
  "IP": "192.168.103.205",
  "UserAgent": "okhttp/4.12.0"
}
[2026-01-21T10:44:16.765Z] [INFO] 📥 GET /api/health
{
  "IP": "192.168.103.205",
  "UserAgent": "okhttp/4.12.0"
}
[2026-01-21T10:44:46.775Z] [INFO] 📥 GET /api/health
{
  "IP": "192.168.103.205",
  "UserAgent": "okhttp/4.12.0"
}
[2026-01-21T10:45:16.798Z] [INFO] 📥 GET /api/health
{
  "IP": "192.168.103.205",
  "UserAgent": "okhttp/4.12.0"
}
[2026-01-21T10:45:46.808Z] [INFO] 📥 GET /api/health
{
  "IP": "192.168.103.205",
  "UserAgent": "okhttp/4.12.0"
}
[2026-01-21T10:46:16.804Z] [INFO] 📥 GET /api/health
{
  "IP": "192.168.103.205",
  "UserAgent": "okhttp/4.12.0"
}
[2026-01-21T10:46:46.835Z] [INFO] 📥 GET /api/health
{
  "IP": "192.168.103.205",
  "UserAgent": "okhttp/4.12.0"
}
[2026-01-21T10:47:16.828Z] [INFO] 📥 GET /api/health
{
  "IP": "192.168.103.205",
  "UserAgent": "okhttp/4.12.0"
}
[2026-01-21T10:47:46.863Z] [INFO] 📥 GET /api/health
{
  "IP": "192.168.103.205",
  "UserAgent": "okhttp/4.12.0"
}
[2026-01-21T10:48:16.847Z] [INFO] 📥 GET /api/health
{
  "IP": "192.168.103.205",
  "UserAgent": "okhttp/4.12.0"
}
[2026-01-21T10:48:46.864Z] [INFO] 📥 GET /api/health
{
  "IP": "192.168.103.205",
  "UserAgent": "okhttp/4.12.0"
}
[2026-01-21T10:49:16.863Z] [INFO] 📥 GET /api/health
{
  "IP": "192.168.103.205",
  "UserAgent": "okhttp/4.12.0"
}
[2026-01-21T10:49:46.872Z] [INFO] 📥 GET /api/health
{
  "IP": "192.168.103.205",
  "UserAgent": "okhttp/4.12.0"
}
[2026-01-21T10:50:16.915Z] [INFO] 📥 GET /api/health
{
  "IP": "192.168.103.205",
  "UserAgent": "okhttp/4.12.0"
}
[2026-01-21T10:50:46.910Z] [INFO] 📥 GET /api/health
{
  "IP": "192.168.103.205",
  "UserAgent": "okhttp/4.12.0"
}
[2026-01-21T10:51:16.920Z] [INFO] 📥 GET /api/health
{
  "IP": "192.168.103.205",
  "UserAgent": "okhttp/4.12.0"
}
[2026-01-21T10:51:46.911Z] [INFO] 📥 GET /api/health
{
  "IP": "192.168.103.205",
  "UserAgent": "okhttp/4.12.0"
}
[2026-01-21T10:52:16.922Z] [INFO] 📥 GET /api/health
{
  "IP": "192.168.103.205",
  "UserAgent": "okhttp/4.12.0"
}
[2026-01-21T10:52:46.947Z] [INFO] 📥 GET /api/health
{
  "IP": "192.168.103.205",
  "UserAgent": "okhttp/4.12.0"
}
[2026-01-21T10:53:16.965Z] [INFO] 📥 GET /api/health
{
  "IP": "192.168.103.205",
  "UserAgent": "okhttp/4.12.0"
}
[2026-01-21T10:53:46.953Z] [INFO] 📥 GET /api/health
{
  "IP": "192.168.103.205",
  "UserAgent": "okhttp/4.12.0"
}
[2026-01-21T10:54:16.962Z] [INFO] 📥 GET /api/health
{
  "IP": "192.168.103.205",
  "UserAgent": "okhttp/4.12.0"
}
[2026-01-21T10:54:46.984Z] [INFO] 📥 GET /api/health
{
  "IP": "192.168.103.205",
  "UserAgent": "okhttp/4.12.0"
}
[2026-01-21T10:55:17.003Z] [INFO] 📥 GET /api/health
{
  "IP": "192.168.103.205",
  "UserAgent": "okhttp/4.12.0"
}
[2026-01-21T10:55:46.994Z] [INFO] 📥 GET /api/health
{
  "IP": "192.168.103.205",
  "UserAgent": "okhttp/4.12.0"
}
[2026-01-21T10:56:17.040Z] [INFO] 📥 GET /api/health
{
  "IP": "192.168.103.205",
  "UserAgent": "okhttp/4.12.0"
}
[2026-01-21T10:56:47.031Z] [INFO] 📥 GET /api/health
{
  "IP": "192.168.103.205",
  "UserAgent": "okhttp/4.12.0"
}
[2026-01-21T10:57:17.036Z] [INFO] 📥 GET /api/health
{
  "IP": "192.168.103.205",
  "UserAgent": "okhttp/4.12.0"
}
[2026-01-21T10:57:47.030Z] [INFO] 📥 GET /api/health
{
  "IP": "192.168.103.205",
  "UserAgent": "okhttp/4.12.0"
}
[2026-01-21T10:58:17.062Z] [INFO] 📥 GET /api/health
{
  "IP": "192.168.103.205",
  "UserAgent": "okhttp/4.12.0"
}
[2026-01-21T10:58:47.070Z] [INFO] 📥 GET /api/health
{
  "IP": "192.168.103.205",
  "UserAgent": "okhttp/4.12.0"
}
[2026-01-21T10:59:17.076Z] [INFO] 📥 GET /api/health
{
  "IP": "192.168.103.205",
  "UserAgent": "okhttp/4.12.0"
}
[2026-01-21T10:59:47.071Z] [INFO] 📥 GET /api/health
{
  "IP": "192.168.103.205",
  "UserAgent": "okhttp/4.12.0"
}
[2026-01-21T11:00:17.084Z] [INFO] 📥 GET /api/health
{
  "IP": "192.168.103.205",
  "UserAgent": "okhttp/4.12.0"
}
[2026-01-21T11:00:47.176Z] [INFO] 📥 GET /api/health
{
  "IP": "192.168.103.205",
  "UserAgent": "okhttp/4.12.0"
}
[2026-01-21T11:01:17.117Z] [INFO] 📥 GET /api/health
{
  "IP": "192.168.103.205",
  "UserAgent": "okhttp/4.12.0"
}
[2026-01-21T11:01:47.118Z] [INFO] 📥 GET /api/health
{
  "IP": "192.168.103.205",
  "UserAgent": "okhttp/4.12.0"
}
[2026-01-21T11:02:17.119Z] [INFO] 📥 GET /api/health
{
  "IP": "192.168.103.205",
  "UserAgent": "okhttp/4.12.0"
}
[2026-01-21T11:02:47.156Z] [INFO] 📥 GET /api/health
{
  "IP": "192.168.103.205",
  "UserAgent": "okhttp/4.12.0"
}
[2026-01-21T11:03:17.155Z] [INFO] 📥 GET /api/health
{
  "IP": "192.168.103.205",
  "UserAgent": "okhttp/4.12.0"
}
[2026-01-21T11:03:47.152Z] [INFO] 📥 GET /api/health
{
  "IP": "192.168.103.205",
  "UserAgent": "okhttp/4.12.0"
}
[2026-01-21T11:04:17.161Z] [INFO] 📥 GET /api/health
{
  "IP": "192.168.103.205",
  "UserAgent": "okhttp/4.12.0"
}
[2026-01-21T11:04:47.179Z] [INFO] 📥 GET /api/health
{
  "IP": "192.168.103.205",
  "UserAgent": "okhttp/4.12.0"
}
[2026-01-21T11:05:17.191Z] [INFO] 📥 GET /api/health
{
  "IP": "192.168.103.205",
  "UserAgent": "okhttp/4.12.0"
}
[2026-01-21T11:05:44.823Z] [INFO] 📊 Database Configuration
{
  "Host": "localhost",
  "Port": "3306",
  "User": "erppadmin",
  "Password": "***",
  "Database": "wms_desktop"
}
[2026-01-21T11:05:44.882Z] [INFO] ======================================================================
[2026-01-21T11:05:44.882Z] [INFO] 🚀 WMS API Server Started
[2026-01-21T11:05:44.883Z] [INFO] ======================================================================
[2026-01-21T11:05:44.883Z] [INFO] 🔍 Server Configuration
{
  "HOST": "0.0.0.0",
  "PORT": "3000",
  "API_BASE_URL": "http://localhost:3000",
  "NetworkIPs": [
    "192.168.103.219"
  ]
}
[2026-01-21T11:05:44.884Z] [SUCCESS] Server running on all interfaces (0.0.0.0:3000)
[2026-01-21T11:05:44.884Z] [INFO] 📍 Access URLs
{
  "Health": "http://192.168.103.219:3000/health",
  "API": "http://localhost:3000/api",
  "LocalHealth": "http://localhost:3000/health",
  "LocalAPI": "http://localhost:3000/api"
}
[2026-01-21T11:05:44.885Z] [INFO] ======================================================================
[2026-01-21T11:05:47.202Z] [INFO] 📥 GET /api/health
{
  "IP": "192.168.103.205",
  "UserAgent": "okhttp/4.12.0"
}
[2026-01-21T11:06:09.531Z] [INFO] 📥 POST /api/auth/login
{
  "IP": "192.168.103.205",
  "UserAgent": "okhttp/4.12.0"
}
[2026-01-21T11:06:09.580Z] [DEBUG] Requesting database connection from pool
[2026-01-21T11:06:09.641Z] [SUCCESS] New database connection established
[2026-01-21T11:06:09.642Z] [DEBUG] Database connection obtained from pool
[2026-01-21T11:06:10.728Z] [INFO] 📥 GET /api/health
{
  "IP": "192.168.103.205",
  "UserAgent": "okhttp/4.12.0"
}
[2026-01-21T11:06:16.452Z] [INFO] 📥 GET /api/health
{
  "IP": "192.168.103.205",
  "UserAgent": "okhttp/4.12.0"
}
[2026-01-21T11:06:16.497Z] [INFO] 📥 GET /api/transfer-in
{
  "IP": "192.168.103.205",
  "UserAgent": "okhttp/4.12.0"
}
[2026-01-21T11:06:16.501Z] [DEBUG] Requesting database connection from pool
[2026-01-21T11:06:16.505Z] [DEBUG] Database connection obtained from pool
[2026-01-21T11:06:16.510Z] [INFO] 📥 GET /api/transfer-in
{
  "IP": "192.168.103.205",
  "UserAgent": "okhttp/4.12.0"
}
[2026-01-21T11:06:16.518Z] [DEBUG] Requesting database connection from pool
[2026-01-21T11:06:16.534Z] [SUCCESS] New database connection established
[2026-01-21T11:06:16.535Z] [DEBUG] Database connection obtained from pool
[2026-01-21T11:06:17.523Z] [INFO] 📥 GET /api/health
{
  "IP": "192.168.103.205",
  "UserAgent": "okhttp/4.12.0"
}
[2026-01-21T11:06:17.576Z] [INFO] 📥 GET /api/transfer-in/INSLIP-123457
{
  "IP": "192.168.103.205",
  "UserAgent": "okhttp/4.12.0"
}
[2026-01-21T11:06:17.590Z] [DEBUG] Requesting database connection from pool
[2026-01-21T11:06:17.596Z] [DEBUG] Database connection obtained from pool
[2026-01-21T11:06:24.468Z] [INFO] 📥 GET /api/health
{
  "IP": "192.168.103.205",
  "UserAgent": "okhttp/4.12.0"
}
[2026-01-21T11:06:26.000Z] [INFO] 📥 POST /api/boxes/create
{
  "IP": "192.168.103.205",
  "UserAgent": "okhttp/4.12.0"
}
[2026-01-21T11:06:26.004Z] [DEBUG] Request body
{
  "box_id": "CTN-TI-123457-20260121-140627-708",
  "asn_no": "INSLIP-123457",
  "store": "WH-MAIN",
  "purpose": "PUTAWAY",
  "user_id": "USER-402498",
  "carton_id": "CTN-TI-123457-20260121-140627-708",
  "to_no": "Putaway"
}
[2026-01-21T11:06:26.009Z] [DEBUG] Requesting database connection from pool
[2026-01-21T11:06:26.012Z] [DEBUG] Database connection obtained from pool
[2026-01-21T11:06:27.735Z] [INFO] 📥 POST /api/transfer-in/INSLIP-123457/validate-carton
{
  "IP": "192.168.103.205",
  "UserAgent": "okhttp/4.12.0"
}
[2026-01-21T11:06:27.736Z] [DEBUG] Request body
{
  "carton_id": "CTN-TI-123457-20260121-140627-708"
}
[2026-01-21T11:06:27.738Z] [DEBUG] Requesting database connection from pool
[2026-01-21T11:06:27.739Z] [DEBUG] Database connection obtained from pool
[2026-01-21T11:06:28.046Z] [INFO] 📥 GET /api/health
{
  "IP": "192.168.103.205",
  "UserAgent": "okhttp/4.12.0"
}
[2026-01-21T11:06:28.105Z] [INFO] 📥 GET /api/transfer-in/INSLIP-123457
{
  "IP": "192.168.103.205",
  "UserAgent": "okhttp/4.12.0"
}
[2026-01-21T11:06:28.106Z] [DEBUG] Requesting database connection from pool
[2026-01-21T11:06:28.107Z] [DEBUG] Database connection obtained from pool
[2026-01-21T11:06:28.110Z] [INFO] 📥 GET /api/transfer-in/INSLIP-123457
{
  "IP": "192.168.103.205",
  "UserAgent": "okhttp/4.12.0"
}
[2026-01-21T11:06:28.110Z] [DEBUG] Requesting database connection from pool
[2026-01-21T11:06:28.111Z] [DEBUG] Database connection obtained from pool
[2026-01-21T11:06:32.928Z] [INFO] 📥 POST /api/events/batch
{
  "IP": "192.168.103.205",
  "UserAgent": "okhttp/4.12.0"
}
[2026-01-21T11:06:32.933Z] [DEBUG] Request body
{
  "events": [
    {
      "offline_uuid": "d95c3343-4496-4eed-bfc4-a73fde8f1066",
      "event_type": "TRANSFER_IN_RECEIVE",
      "asn_no": null,
      "to_no": null,
      "inbound_session": null,
      "carton_id": "CTN-TI-123457-20260121-140627-708",
      "item_code": "SKU-HAT-301-BLU-OS",
      "qty": 2,
      "store": "WH-MAIN",
      "box_id": "CTN-TI-123457-20260121-140627-708",
      "tc_id": null,
      "rack": null,
      "bin": null,
      "device_id": "DEV-O280-402498",
      "user_id": "USER-402498",
      "event_time": "2026-01-21T11:06:34.362Z",
      "synced": 0,
      "error_msg": null,
      "material_request": null,
      "transfer_in": "INSLIP-123457",
      "cycle_count_title": null,
      "source_bin": null,
      "location_id": null
    }
  ]
}
[2026-01-21T11:06:32.945Z] [DEBUG] Requesting database connection from pool
[2026-01-21T11:06:32.948Z] [DEBUG] Database connection obtained from pool
[2026-01-21T11:06:33.197Z] [INFO] 📥 GET /api/health
{
  "IP": "192.168.103.205",
  "UserAgent": "okhttp/4.12.0"
}
[2026-01-21T11:06:35.351Z] [INFO] 📥 GET /api/transfer-in/INSLIP-123457
{
  "IP": "192.168.103.205",
  "UserAgent": "okhttp/4.12.0"
}
[2026-01-21T11:06:35.353Z] [DEBUG] Requesting database connection from pool
[2026-01-21T11:06:35.355Z] [DEBUG] Database connection obtained from pool
[2026-01-21T11:06:38.135Z] [INFO] 📥 POST /api/events/batch
{
  "IP": "192.168.103.205",
  "UserAgent": "okhttp/4.12.0"
}
[2026-01-21T11:06:38.139Z] [DEBUG] Request body
{
  "events": [
    {
      "offline_uuid": "36c4bfc9-41e5-4bdd-9586-3907d6ecb90c",
      "event_type": "TRANSFER_IN_RECEIVE",
      "asn_no": null,
      "to_no": null,
      "inbound_session": null,
      "carton_id": "CTN-TI-123457-20260121-140627-708",
      "item_code": "SKU-HAT-301-GRN-OS",
      "qty": 2,
      "store": "WH-MAIN",
      "box_id": "CTN-TI-123457-20260121-140627-708",
      "tc_id": null,
      "rack": null,
      "bin": null,
      "device_id": "DEV-O280-402498",
      "user_id": "USER-402498",
      "event_time": "2026-01-21T11:06:39.607Z",
      "synced": 0,
      "error_msg": null,
      "material_request": null,
      "transfer_in": "INSLIP-123457",
      "cycle_count_title": null,
      "source_bin": null,
      "location_id": null
    }
  ]
}
[2026-01-21T11:06:38.140Z] [DEBUG] Requesting database connection from pool
[2026-01-21T11:06:38.142Z] [DEBUG] Database connection obtained from pool
[2026-01-21T11:06:38.334Z] [INFO] 📥 GET /api/health
{
  "IP": "192.168.103.205",
  "UserAgent": "okhttp/4.12.0"
}
[2026-01-21T11:06:40.217Z] [INFO] 📥 GET /api/health
{
  "IP": "192.168.103.205",
  "UserAgent": "okhttp/4.12.0"
}
[2026-01-21T11:06:40.491Z] [INFO] 📥 GET /api/transfer-in/INSLIP-123457
{
  "IP": "192.168.103.205",
  "UserAgent": "okhttp/4.12.0"
}
[2026-01-21T11:06:40.493Z] [DEBUG] Requesting database connection from pool
[2026-01-21T11:06:40.494Z] [DEBUG] Database connection obtained from pool
[2026-01-21T11:06:41.973Z] [INFO] 📥 POST /api/transfer-in/INSLIP-123457/complete-receiving
{
  "IP": "192.168.103.205",
  "UserAgent": "okhttp/4.12.0"
}
[2026-01-21T11:06:41.974Z] [DEBUG] Request body
{
  "transfer_in": "INSLIP-123457"
}
[2026-01-21T11:06:41.975Z] [DEBUG] Requesting database connection from pool
[2026-01-21T11:06:41.975Z] [DEBUG] Database connection obtained from pool
[2026-01-21T11:06:42.306Z] [INFO] 📥 GET /api/transfer-in/INSLIP-123457
{
  "IP": "192.168.103.205",
  "UserAgent": "okhttp/4.12.0"
}
[2026-01-21T11:06:42.308Z] [DEBUG] Requesting database connection from pool
[2026-01-21T11:06:42.309Z] [DEBUG] Database connection obtained from pool
[2026-01-21T11:06:43.864Z] [INFO] 📥 GET /api/health
{
  "IP": "192.168.103.205",
  "UserAgent": "okhttp/4.12.0"
}
[2026-01-21T11:06:44.022Z] [INFO] 📥 GET /api/putaway/tasks?source_type=ASN&status=Draft%2CIn+Progress
{
  "IP": "192.168.103.205",
  "UserAgent": "okhttp/4.12.0"
}
[2026-01-21T11:06:44.025Z] [INFO] [Putaway Tasks API] Request received:
{
  "status": "Draft,In Progress",
  "source_type": "ASN",
  "advance_shipping_notice": "NOT_PROVIDED",
  "transfer_in": "NOT_PROVIDED"
}
[2026-01-21T11:06:44.026Z] [DEBUG] Requesting database connection from pool
[2026-01-21T11:06:44.028Z] [DEBUG] Database connection obtained from pool
[2026-01-21T11:06:44.030Z] [INFO] 📥 GET /api/putaway/tasks?source_type=ASN&status=Draft%2CIn+Progress
{
  "IP": "192.168.103.205",
  "UserAgent": "okhttp/4.12.0"
}
[2026-01-21T11:06:44.032Z] [INFO] [Putaway Tasks API] Request received:
{
  "status": "Draft,In Progress",
  "source_type": "ASN",
  "advance_shipping_notice": "NOT_PROVIDED",
  "transfer_in": "NOT_PROVIDED"
}
[2026-01-21T11:06:44.034Z] [DEBUG] Requesting database connection from pool
[2026-01-21T11:06:44.036Z] [DEBUG] Database connection obtained from pool
[2026-01-21T11:06:44.039Z] [INFO] [Putaway Tasks API] Status filter applied:
[
  "Draft",
  "In Progress"
]
[2026-01-21T11:06:44.043Z] [INFO] [Putaway Tasks API] Status filter applied:
[
  "Draft",
  "In Progress"
]
[2026-01-21T11:06:44.046Z] [INFO] [Putaway Tasks API] Query executed:
{
  "whereClause": "WHERE pt.status IN (?,?) AND COALESCE(pt.source_type, \"ASN\") = ?",
  "params": [
    "Draft",
    "In Progress",
    "ASN"
  ],
  "tasks_found": 0
}
[2026-01-21T11:06:44.052Z] [WARN] [Putaway Tasks API] No tasks found with filters:
{
  "status": "Draft,In Progress",
  "source_type": "ASN",
  "advance_shipping_notice": "ALL",
  "transfer_in": "ALL"
}
[2026-01-21T11:06:44.059Z] [INFO] [Putaway Tasks API] Query executed:
{
  "whereClause": "WHERE pt.status IN (?,?) AND COALESCE(pt.source_type, \"ASN\") = ?",
  "params": [
    "Draft",
    "In Progress",
    "ASN"
  ],
  "tasks_found": 0
}
[2026-01-21T11:06:44.062Z] [WARN] [Putaway Tasks API] No tasks found with filters:
{
  "status": "Draft,In Progress",
  "source_type": "ASN",
  "advance_shipping_notice": "ALL",
  "transfer_in": "ALL"
}
[2026-01-21T11:06:44.271Z] [INFO] 📥 GET /api/putaway/tasks?source_type=TransferIn&status=Draft%2COpen%2CIn+Progress
{
  "IP": "192.168.103.205",
  "UserAgent": "okhttp/4.12.0"
}
[2026-01-21T11:06:44.274Z] [INFO] [Putaway Tasks API] Request received:
{
  "status": "Draft,Open,In Progress",
  "source_type": "TransferIn",
  "advance_shipping_notice": "NOT_PROVIDED",
  "transfer_in": "NOT_PROVIDED"
}
[2026-01-21T11:06:44.275Z] [DEBUG] Requesting database connection from pool
[2026-01-21T11:06:44.280Z] [DEBUG] Database connection obtained from pool
[2026-01-21T11:06:44.282Z] [INFO] 📥 GET /api/putaway/tasks?source_type=TransferIn&status=Draft%2COpen%2CIn+Progress
{
  "IP": "192.168.103.205",
  "UserAgent": "okhttp/4.12.0"
}
[2026-01-21T11:06:44.283Z] [INFO] [Putaway Tasks API] Request received:
{
  "status": "Draft,Open,In Progress",
  "source_type": "TransferIn",
  "advance_shipping_notice": "NOT_PROVIDED",
  "transfer_in": "NOT_PROVIDED"
}
[2026-01-21T11:06:44.285Z] [DEBUG] Requesting database connection from pool
[2026-01-21T11:06:44.286Z] [DEBUG] Database connection obtained from pool
[2026-01-21T11:06:44.288Z] [INFO] [Putaway Tasks API] Status filter applied:
[
  "Draft",
  "Open",
  "In Progress"
]
[2026-01-21T11:06:44.291Z] [INFO] [Putaway Tasks API] Status filter applied:
[
  "Draft",
  "Open",
  "In Progress"
]
[2026-01-21T11:06:44.295Z] [INFO] [Putaway Tasks API] Query executed:
{
  "whereClause": "WHERE pt.status IN (?,?,?) AND COALESCE(pt.source_type, \"ASN\") = ?",
  "params": [
    "Draft",
    "Open",
    "In Progress",
    "TransferIn"
  ],
  "tasks_found": 1
}
[2026-01-21T11:06:44.298Z] [INFO] [Putaway Tasks API] Tasks found:
[
  {
    "title": "PUT-20260121-0001",
    "status": "Open",
    "source_type": "TransferIn",
    "transfer_in": "INSLIP-123457"
  }
]
[2026-01-21T11:06:44.307Z] [INFO] [Putaway Tasks API] Query executed:
{
  "whereClause": "WHERE pt.status IN (?,?,?) AND COALESCE(pt.source_type, \"ASN\") = ?",
  "params": [
    "Draft",
    "Open",
    "In Progress",
    "TransferIn"
  ],
  "tasks_found": 1
}
[2026-01-21T11:06:44.308Z] [INFO] [Putaway Tasks API] Tasks found:
[
  {
    "title": "PUT-20260121-0001",
    "status": "Open",
    "source_type": "TransferIn",
    "transfer_in": "INSLIP-123457"
  }
]
[2026-01-21T11:06:44.320Z] [INFO] [Putaway Tasks API] Returning 1 task(s) to client
[2026-01-21T11:06:44.323Z] [INFO] [Putaway Tasks API] Returning 1 task(s) to client
[2026-01-21T11:06:46.426Z] [INFO] 📥 GET /api/health
{
  "IP": "192.168.103.205",
  "UserAgent": "okhttp/4.12.0"
}
[2026-01-21T11:06:47.527Z] [INFO] 📥 GET /api/health
{
  "IP": "192.168.103.205",
  "UserAgent": "okhttp/4.12.0"
}
[2026-01-21T11:06:54.476Z] [INFO] 📥 GET /api/health
{
  "IP": "192.168.103.205",
  "UserAgent": "okhttp/4.12.0"
}
[2026-01-21T11:06:54.584Z] [INFO] 📥 GET /api/master/items
{
  "IP": "192.168.103.205",
  "UserAgent": "okhttp/4.12.0"
}
[2026-01-21T11:06:54.589Z] [DEBUG] Requesting database connection from pool
[2026-01-21T11:06:54.591Z] [DEBUG] Database connection obtained from pool
[2026-01-21T11:06:54.661Z] [INFO] 📥 GET /api/master/items
{
  "IP": "192.168.103.205",
  "UserAgent": "okhttp/4.12.0"
}
[2026-01-21T11:06:54.663Z] [DEBUG] Requesting database connection from pool
[2026-01-21T11:06:54.665Z] [DEBUG] Database connection obtained from pool
[2026-01-21T11:06:54.984Z] [INFO] 📥 GET /api/master/asns
{
  "IP": "192.168.103.205",
  "UserAgent": "okhttp/4.12.0"
}
[2026-01-21T11:06:54.987Z] [DEBUG] Requesting database connection from pool
[2026-01-21T11:06:54.989Z] [DEBUG] Database connection obtained from pool
[2026-01-21T11:06:55.006Z] [INFO] 📥 GET /api/master/asns
{
  "IP": "192.168.103.205",
  "UserAgent": "okhttp/4.12.0"
}
[2026-01-21T11:06:55.008Z] [DEBUG] Requesting database connection from pool
[2026-01-21T11:06:55.010Z] [DEBUG] Database connection obtained from pool
[2026-01-21T11:06:55.269Z] [INFO] 📥 GET /api/master/transfer-orders
{
  "IP": "192.168.103.205",
  "UserAgent": "okhttp/4.12.0"
}
[2026-01-21T11:06:55.275Z] [DEBUG] Requesting database connection from pool
[2026-01-21T11:06:55.277Z] [DEBUG] Database connection obtained from pool
[2026-01-21T11:06:55.281Z] [INFO] 📥 GET /api/master/transfer-orders
{
  "IP": "192.168.103.205",
  "UserAgent": "okhttp/4.12.0"
}
[2026-01-21T11:06:55.283Z] [DEBUG] Requesting database connection from pool
[2026-01-21T11:06:55.285Z] [DEBUG] Database connection obtained from pool
[2026-01-21T11:06:55.547Z] [INFO] 📥 GET /api/master/boxes
{
  "IP": "192.168.103.205",
  "UserAgent": "okhttp/4.12.0"
}
[2026-01-21T11:06:55.549Z] [DEBUG] Requesting database connection from pool
[2026-01-21T11:06:55.550Z] [DEBUG] Database connection obtained from pool
[2026-01-21T11:06:55.566Z] [INFO] 📥 GET /api/master/boxes
{
  "IP": "192.168.103.205",
  "UserAgent": "okhttp/4.12.0"
}
[2026-01-21T11:06:55.568Z] [DEBUG] Requesting database connection from pool
[2026-01-21T11:06:55.571Z] [DEBUG] Database connection obtained from pool
[2026-01-21T11:06:55.848Z] [INFO] 📥 GET /api/master/transfer-cartons
{
  "IP": "192.168.103.205",
  "UserAgent": "okhttp/4.12.0"
}
[2026-01-21T11:06:55.850Z] [DEBUG] Requesting database connection from pool
[2026-01-21T11:06:55.852Z] [DEBUG] Database connection obtained from pool
[2026-01-21T11:06:55.861Z] [INFO] 📥 GET /api/master/transfer-cartons
{
  "IP": "192.168.103.205",
  "UserAgent": "okhttp/4.12.0"
}
[2026-01-21T11:06:55.863Z] [DEBUG] Requesting database connection from pool
[2026-01-21T11:06:55.867Z] [DEBUG] Database connection obtained from pool
[2026-01-21T11:06:56.128Z] [INFO] 📥 GET /api/master/warehouse-racks
{
  "IP": "192.168.103.205",
  "UserAgent": "okhttp/4.12.0"
}
[2026-01-21T11:06:56.130Z] [DEBUG] Requesting database connection from pool
[2026-01-21T11:06:56.134Z] [DEBUG] Database connection obtained from pool
[2026-01-21T11:06:56.137Z] [INFO] 📥 GET /api/master/warehouse-racks
{
  "IP": "192.168.103.205",
  "UserAgent": "okhttp/4.12.0"
}
[2026-01-21T11:06:56.139Z] [DEBUG] Requesting database connection from pool
[2026-01-21T11:06:56.140Z] [DEBUG] Database connection obtained from pool
[2026-01-21T11:06:56.420Z] [INFO] 📥 GET /api/master/warehouses
{
  "IP": "192.168.103.205",
  "UserAgent": "okhttp/4.12.0"
}
[2026-01-21T11:06:56.422Z] [DEBUG] Requesting database connection from pool
[2026-01-21T11:06:56.424Z] [DEBUG] Database connection obtained from pool
[2026-01-21T11:06:56.427Z] [INFO] 📥 GET /api/master/warehouses
{
  "IP": "192.168.103.205",
  "UserAgent": "okhttp/4.12.0"
}
[2026-01-21T11:06:56.433Z] [DEBUG] Requesting database connection from pool
[2026-01-21T11:06:56.435Z] [DEBUG] Database connection obtained from pool
[2026-01-21T11:06:56.713Z] [INFO] 📥 GET /api/warehouses/stores
{
  "IP": "192.168.103.205",
  "UserAgent": "okhttp/4.12.0"
}
[2026-01-21T11:06:56.716Z] [DEBUG] Requesting database connection from pool
[2026-01-21T11:06:56.717Z] [DEBUG] Database connection obtained from pool
[2026-01-21T11:06:56.718Z] [INFO] 📥 GET /api/warehouses/stores
{
  "IP": "192.168.103.205",
  "UserAgent": "okhttp/4.12.0"
}
[2026-01-21T11:06:56.719Z] [DEBUG] Requesting database connection from pool
[2026-01-21T11:06:56.720Z] [DEBUG] Database connection obtained from pool
[2026-01-21T11:06:57.015Z] [INFO] 📥 GET /api/master/locations
{
  "IP": "192.168.103.205",
  "UserAgent": "okhttp/4.12.0"
}
[2026-01-21T11:06:57.024Z] [DEBUG] Requesting database connection from pool
[2026-01-21T11:06:57.027Z] [DEBUG] Database connection obtained from pool
[2026-01-21T11:06:57.033Z] [INFO] 📥 GET /api/master/locations
{
  "IP": "192.168.103.205",
  "UserAgent": "okhttp/4.12.0"
}
[2026-01-21T11:06:57.039Z] [DEBUG] Requesting database connection from pool
[2026-01-21T11:06:57.043Z] [DEBUG] Database connection obtained from pool
[2026-01-21T11:06:57.382Z] [INFO] 📥 GET /api/master/bin-master
{
  "IP": "192.168.103.205",
  "UserAgent": "okhttp/4.12.0"
}
[2026-01-21T11:06:57.384Z] [DEBUG] Requesting database connection from pool
[2026-01-21T11:06:57.388Z] [DEBUG] Database connection obtained from pool
[2026-01-21T11:06:57.390Z] [INFO] 📥 GET /api/master/bin-master
{
  "IP": "192.168.103.205",
  "UserAgent": "okhttp/4.12.0"
}
[2026-01-21T11:06:57.392Z] [DEBUG] Requesting database connection from pool
[2026-01-21T11:06:57.394Z] [DEBUG] Database connection obtained from pool
[2026-01-21T11:06:57.778Z] [INFO] 📥 GET /api/master/stock-ledger
{
  "IP": "192.168.103.205",
  "UserAgent": "okhttp/4.12.0"
}
[2026-01-21T11:06:57.779Z] [DEBUG] Requesting database connection from pool
[2026-01-21T11:06:57.779Z] [DEBUG] Database connection obtained from pool
[2026-01-21T11:06:57.780Z] [INFO] 📥 GET /api/master/stock-ledger
{
  "IP": "192.168.103.205",
  "UserAgent": "okhttp/4.12.0"
}
[2026-01-21T11:06:57.781Z] [DEBUG] Requesting database connection from pool
[2026-01-21T11:06:57.782Z] [DEBUG] Database connection obtained from pool
[2026-01-21T11:06:58.040Z] [INFO] 📥 GET /api/health
{
  "IP": "192.168.103.205",
  "UserAgent": "okhttp/4.12.0"
}
[2026-01-21T11:06:58.041Z] [INFO] 📥 GET /api/master/item-barcode-map
{
  "IP": "192.168.103.205",
  "UserAgent": "okhttp/4.12.0"
}
[2026-01-21T11:06:58.042Z] [DEBUG] Requesting database connection from pool
[2026-01-21T11:06:58.042Z] [DEBUG] Database connection obtained from pool
[2026-01-21T11:06:58.045Z] [INFO] 📥 GET /api/master/item-barcode-map
{
  "IP": "192.168.103.205",
  "UserAgent": "okhttp/4.12.0"
}
[2026-01-21T11:06:58.046Z] [DEBUG] Requesting database connection from pool
[2026-01-21T11:06:58.046Z] [DEBUG] Database connection obtained from pool
[2026-01-21T11:06:58.256Z] [INFO] 📥 POST /api/putaway/scan-transfer-carton
{
  "IP": "192.168.103.205",
  "UserAgent": "okhttp/4.12.0"
}
[2026-01-21T11:06:58.257Z] [DEBUG] Request body
{
  "location_id": "A1-R01-L4-B1",
  "user_id": "USER-402498",
  "warehouse_id": "WH-MAIN",
  "putaway_task": "PUT-20260121-0001",
  "box_id": "CTN-TI-123457-20260121-140627-708",
  "carton_id": "CTN-TI-123457-20260121-140627-708",
  "tc_id": null
}
[2026-01-21T11:06:58.259Z] [INFO] [Putaway Scan] Entry: location_id=A1-R01-L4-B1, box_id=CTN-TI-123457-20260121-140627-708, tc_id=NULL, putaway_task=PUT-20260121-0001, carton_id=CTN-TI-123457-20260121-140627-708
[2026-01-21T11:06:58.259Z] [DEBUG] Requesting database connection from pool
[2026-01-21T11:06:58.260Z] [DEBUG] Database connection obtained from pool
[2026-01-21T11:06:58.263Z] [INFO] [Putaway Validation] Validated ASN putaway box CTN-TI-123457-20260121-140627-708
[2026-01-21T11:06:58.264Z] [INFO] [Putaway Scan] Checking location update path: taskTitleToCheck=PUT-20260121-0001, location_id=A1-R01-L4-B1, actualPutawayTask=PUT-20260121-0001
[2026-01-21T11:06:58.264Z] [INFO] [Putaway Scan] ✅ Location update path triggered: task=PUT-20260121-0001, location=A1-R01-L4-B1
[2026-01-21T11:06:58.266Z] [INFO] [Putaway] Updating 2 line(s) with location: location_id=A1-R01-L4-B1, rack=Rack 01, bin=B1
{
  "hasLineLocationIdColumn": true,
  "hasLineRack": true,
  "hasLineBin": true
}
[2026-01-21T11:06:58.266Z] [INFO] [Putaway] Including location_id=A1-R01-L4-B1 in UPDATE for line ID 427
[2026-01-21T11:06:58.266Z] [INFO] [Putaway] Executing UPDATE query: UPDATE tabPutawayLine SET rack = ?, bin = ?, location_id = ?, updated_at = CURRENT_TIMESTAMP WHERE id = ? with params: [Rack 01, B1, A1-R01-L4-B1, 427]
[2026-01-21T11:06:58.268Z] [INFO] [Putaway] Updated line ID 427: 1 row(s) affected
[2026-01-21T11:06:58.268Z] [INFO] [Putaway] Including location_id=A1-R01-L4-B1 in UPDATE for line ID 428
[2026-01-21T11:06:58.269Z] [INFO] [Putaway] Executing UPDATE query: UPDATE tabPutawayLine SET rack = ?, bin = ?, location_id = ?, updated_at = CURRENT_TIMESTAMP WHERE id = ? with params: [Rack 01, B1, A1-R01-L4-B1, 428]
[2026-01-21T11:06:58.272Z] [INFO] [Putaway] Updated line ID 428: 1 row(s) affected
[2026-01-21T11:06:58.276Z] [INFO] 📥 POST /api/putaway/scan-transfer-carton
{
  "IP": "192.168.103.205",
  "UserAgent": "okhttp/4.12.0"
}
[2026-01-21T11:06:58.277Z] [DEBUG] Request body
{
  "location_id": "A1-R01-L4-B1",
  "user_id": "USER-402498",
  "warehouse_id": "WH-MAIN",
  "putaway_task": "PUT-20260121-0001",
  "box_id": "CTN-TI-123457-20260121-140627-708",
  "carton_id": "CTN-TI-123457-20260121-140627-708",
  "tc_id": null
}
[2026-01-21T11:06:58.278Z] [INFO] [Putaway Scan] Entry: location_id=A1-R01-L4-B1, box_id=CTN-TI-123457-20260121-140627-708, tc_id=NULL, putaway_task=PUT-20260121-0001, carton_id=CTN-TI-123457-20260121-140627-708
[2026-01-21T11:06:58.279Z] [DEBUG] Requesting database connection from pool
[2026-01-21T11:06:58.279Z] [DEBUG] Database connection obtained from pool
[2026-01-21T11:06:58.289Z] [INFO] [Putaway] Triggering stock updates for putaway task PUT-20260121-0001 after location assignment
[2026-01-21T11:06:58.290Z] [DEBUG] Requesting database connection from pool
[2026-01-21T11:06:58.290Z] [DEBUG] Database connection obtained from pool
[2026-01-21T11:06:58.292Z] [INFO] [Putaway Validation] Validated ASN putaway box CTN-TI-123457-20260121-140627-708
[2026-01-21T11:06:58.292Z] [INFO] [Putaway Scan] Checking location update path: taskTitleToCheck=PUT-20260121-0001, location_id=A1-R01-L4-B1, actualPutawayTask=PUT-20260121-0001
[2026-01-21T11:06:58.292Z] [INFO] [Putaway Scan] ✅ Location update path triggered: task=PUT-20260121-0001, location=A1-R01-L4-B1
[2026-01-21T11:06:58.296Z] [INFO] [Putaway] 🔵 About to call processPutawayCompletionEvent with params:
{
  "event_type": "PUTAWAY_TO_RACK",
  "putaway_task": "PUT-20260121-0001",
  "box_id": "CTN-TI-123457-20260121-140627-708",
  "carton_id": "CTN-TI-123457-20260121-140627-708",
  "location_id": "A1-R01-L4-B1",
  "rack": "Rack 01",
  "bin": "B1",
  "warehouse": "WH-MAIN",
  "user_id": "USER-402498"
}
[2026-01-21T11:06:58.300Z] [INFO] [Putaway Completion] ========================================
[2026-01-21T11:06:58.301Z] [INFO] [Putaway Completion] 🔵 ENTRY: processPutawayCompletionEvent called
[2026-01-21T11:06:58.301Z] [INFO] [Putaway Completion] Connection validation:
{
  "hasConnection": true,
  "connectionType": "object",
  "hasExecute": true
}
[2026-01-21T11:06:58.302Z] [INFO] [Putaway Completion] Event object: {
  "putaway_task": "PUT-20260121-0001",
  "tc_id": "NULL",
  "box_id": "CTN-TI-123457-20260121-140627-708",
  "carton_id": "CTN-TI-123457-20260121-140627-708",
  "location_id": "A1-R01-L4-B1",
  "rack": "Rack 01",
  "bin": "B1",
  "item_code": "NULL",
  "qty": "NULL",
  "user_id": "USER-402498",
  "store": "WH-MAIN",
  "event_type": "PUTAWAY_TO_RACK"
}
[2026-01-21T11:06:58.302Z] [INFO] [Putaway Completion] ========================================
[2026-01-21T11:06:58.303Z] [INFO] [Putaway Completion] 🔍 DEBUG: About to extract event parameters...
[2026-01-21T11:06:58.303Z] [INFO] [Putaway Completion] 🔍 DEBUG: Event parameters extracted successfully
[2026-01-21T11:06:58.303Z] [INFO] [Putaway Completion] Step 0: Extracted event parameters:
{
  "putaway_task": "PUT-20260121-0001",
  "tc_id": "NULL",
  "box_id": "CTN-TI-123457-20260121-140627-708",
  "carton_id": "CTN-TI-123457-20260121-140627-708",
  "location_id": "A1-R01-L4-B1",
  "item_code": "NULL",
  "qty": "NULL"
}
[2026-01-21T11:06:58.304Z] [INFO] [Putaway Completion] Step 0a: Initial putawayTaskTitle: PUT-20260121-0001
[2026-01-21T11:06:58.306Z] [INFO] [Putaway Completion] Step 0b: ✅ putawayTaskTitle resolved: PUT-20260121-0001
[2026-01-21T11:06:58.307Z] [INFO] [Putaway Completion] Processing putaway task: PUT-20260121-0001, carton_id from event: CTN-TI-123457-20260121-140627-708, item_code: NULL, qty: NULL, location_id: A1-R01-L4-B1, rack: Rack 01, bin: B1
[2026-01-21T11:06:58.307Z] [INFO] [Putaway Completion] Step 1: Starting transaction...
[2026-01-21T11:06:58.309Z] [INFO] [Putaway] Updating 2 line(s) with location: location_id=A1-R01-L4-B1, rack=Rack 01, bin=B1
{
  "hasLineLocationIdColumn": true,
  "hasLineRack": true,
  "hasLineBin": true
}
[2026-01-21T11:06:58.310Z] [INFO] [Putaway] Including location_id=A1-R01-L4-B1 in UPDATE for line ID 427
[2026-01-21T11:06:58.310Z] [INFO] [Putaway] Executing UPDATE query: UPDATE tabPutawayLine SET rack = ?, bin = ?, location_id = ?, updated_at = CURRENT_TIMESTAMP WHERE id = ? with params: [Rack 01, B1, A1-R01-L4-B1, 427]
[2026-01-21T11:06:58.311Z] [INFO] [Putaway Completion] ✅ Transaction started
[2026-01-21T11:06:58.312Z] [INFO] [Putaway Completion] Step 2: Locking putaway task row: PUT-20260121-0001
[2026-01-21T11:06:58.313Z] [INFO] [Putaway Completion] Task status query result:
{
  "found": true,
  "status": "In Progress"
}
[2026-01-21T11:06:58.314Z] [INFO] [Putaway Completion] ✅ Task status check passed: In Progress
[2026-01-21T11:06:58.314Z] [INFO] [Putaway] Updated line ID 427: 1 row(s) affected
[2026-01-21T11:06:58.314Z] [INFO] [Putaway] Including location_id=A1-R01-L4-B1 in UPDATE for line ID 428
[2026-01-21T11:06:58.315Z] [INFO] [Putaway] Executing UPDATE query: UPDATE tabPutawayLine SET rack = ?, bin = ?, location_id = ?, updated_at = CURRENT_TIMESTAMP WHERE id = ? with params: [Rack 01, B1, A1-R01-L4-B1, 428]
[2026-01-21T11:06:58.317Z] [INFO] [Putaway] Updated line ID 428: 1 row(s) affected
[2026-01-21T11:06:58.319Z] [INFO] [Putaway Completion] Manual trigger detected (item_code=null) - processing all lines for task, not filtering by carton_id
[2026-01-21T11:06:58.320Z] [INFO] [Putaway Completion] Step 4: Querying putaway lines...
[2026-01-21T11:06:58.320Z] [INFO] [Putaway Completion] Query: SELECT item_code, qty, rack, bin, carton_id, location_id FROM tabPutawayLine WHERE parent_title = ? AND item_code IS NOT NULL AND qty > 0
[2026-01-21T11:06:58.321Z] [INFO] [Putaway Completion] Params: [
  "PUT-20260121-0001"
]
[2026-01-21T11:06:58.323Z] [INFO] [Putaway Completion] Putaway lines query result:
{
  "lines_count": 2,
  "lines": [
    {
      "item_code": "SKU-HAT-301-BLU-OS",
      "qty": "2.00",
      "carton_id": "CTN-TI-123457-20260121-140627-708",
      "location_id": "A1-R01-L4-B1",
      "rack": "Rack 01",
      "bin": "B1"
    },
    {
      "item_code": "SKU-HAT-301-GRN-OS",
      "qty": "2.00",
      "carton_id": "CTN-TI-123457-20260121-140627-708",
      "location_id": "A1-R01-L4-B1",
      "rack": "Rack 01",
      "bin": "B1"
    }
  ]
}
[2026-01-21T11:06:58.324Z] [INFO] [Putaway Completion] ✅ Found 2 putaway line(s) for task PUT-20260121-0001
[2026-01-21T11:06:58.325Z] [INFO] [Putaway] Triggering stock updates for putaway task PUT-20260121-0001 after location assignment
[2026-01-21T11:06:58.326Z] [DEBUG] Requesting database connection from pool
[2026-01-21T11:06:58.327Z] [DEBUG] Database connection obtained from pool
[2026-01-21T11:06:58.330Z] [INFO] [Putaway Completion] Transfer In putaway detected: transfer_in=INSLIP-123457, task.warehouse=WH-MAIN
[2026-01-21T11:06:58.330Z] [INFO] [Putaway Completion] Using warehouse from putaway task: WH-MAIN
[2026-01-21T11:06:58.331Z] [INFO] [Putaway] 🔵 About to call processPutawayCompletionEvent with params:
{
  "event_type": "PUTAWAY_TO_RACK",
  "putaway_task": "PUT-20260121-0001",
  "box_id": "CTN-TI-123457-20260121-140627-708",
  "carton_id": "CTN-TI-123457-20260121-140627-708",
  "location_id": "A1-R01-L4-B1",
  "rack": "Rack 01",
  "bin": "B1",
  "warehouse": "WH-MAIN",
  "user_id": "USER-402498"
}
[2026-01-21T11:06:58.331Z] [INFO] [Putaway Completion] ========================================
[2026-01-21T11:06:58.332Z] [INFO] [Putaway Completion] 🔵 ENTRY: processPutawayCompletionEvent called
[2026-01-21T11:06:58.332Z] [INFO] [Putaway Completion] Connection validation:
{
  "hasConnection": true,
  "connectionType": "object",
  "hasExecute": true
}
[2026-01-21T11:06:58.333Z] [INFO] [Putaway Completion] Event object: {
  "putaway_task": "PUT-20260121-0001",
  "tc_id": "NULL",
  "box_id": "CTN-TI-123457-20260121-140627-708",
  "carton_id": "CTN-TI-123457-20260121-140627-708",
  "location_id": "A1-R01-L4-B1",
  "rack": "Rack 01",
  "bin": "B1",
  "item_code": "NULL",
  "qty": "NULL",
  "user_id": "USER-402498",
  "store": "WH-MAIN",
  "event_type": "PUTAWAY_TO_RACK"
}
[2026-01-21T11:06:58.333Z] [INFO] [Putaway Completion] ========================================
[2026-01-21T11:06:58.333Z] [INFO] [Putaway Completion] 🔍 DEBUG: About to extract event parameters...
[2026-01-21T11:06:58.334Z] [INFO] [Putaway Completion] 🔍 DEBUG: Event parameters extracted successfully
[2026-01-21T11:06:58.334Z] [INFO] [Putaway Completion] Step 0: Extracted event parameters:
{
  "putaway_task": "PUT-20260121-0001",
  "tc_id": "NULL",
  "box_id": "CTN-TI-123457-20260121-140627-708",
  "carton_id": "CTN-TI-123457-20260121-140627-708",
  "location_id": "A1-R01-L4-B1",
  "item_code": "NULL",
  "qty": "NULL"
}
[2026-01-21T11:06:58.334Z] [INFO] [Putaway Completion] Step 0a: Initial putawayTaskTitle: PUT-20260121-0001
[2026-01-21T11:06:58.336Z] [INFO] [Putaway Completion] Step 5: Warehouse resolved: WH-MAIN
[2026-01-21T11:06:58.336Z] [INFO] [Putaway Completion] Step 5: Starting stock update loop...
[2026-01-21T11:06:58.337Z] [INFO] [Putaway Completion] Stock update loop parameters:
{
  "warehouse": "WH-MAIN",
  "total_lines": 2,
  "event_location_id": "A1-R01-L4-B1",
  "event_rack": "Rack 01",
  "event_bin": "B1",
  "event_carton_id": "CTN-TI-123457-20260121-140627-708",
  "event_box_id": "CTN-TI-123457-20260121-140627-708"
}
[2026-01-21T11:06:58.337Z] [INFO] [Putaway Completion] ========================================
[2026-01-21T11:06:58.338Z] [INFO] [Putaway Completion] Processing line 1/2
[2026-01-21T11:06:58.338Z] [INFO] [Putaway Completion] Line data: {
  "item_code": "SKU-HAT-301-BLU-OS",
  "qty": "2.00",
  "carton_id": "CTN-TI-123457-20260121-140627-708",
  "location_id": "A1-R01-L4-B1",
  "rack": "Rack 01",
  "bin": "B1"
}
[2026-01-21T11:06:58.338Z] [INFO] [Putaway Completion] Location determination for line 1:
{
  "event_location_id": "A1-R01-L4-B1",
  "line_location_id": "A1-R01-L4-B1",
  "line_rack": "Rack 01",
  "line_bin": "B1",
  "event_rack": "Rack 01",
  "event_bin": "B1",
  "resolved_binLocation": "A1-R01-L4-B1"
}
[2026-01-21T11:06:58.339Z] [INFO] [Putaway Completion] Line 1 validation:
{
  "itemCode": "SKU-HAT-301-BLU-OS",
  "lineQty": 2,
  "binLocation": "A1-R01-L4-B1",
  "hasItemCode": true,
  "hasValidQty": true,
  "hasValidLocation": true
}
[2026-01-21T11:06:58.339Z] [INFO] [Putaway Completion] ✅ Line 1 passed validation - processing stock update
[2026-01-21T11:06:58.339Z] [INFO] [Putaway Completion] Stock update details:
{
  "item_code": "SKU-HAT-301-BLU-OS",
  "qty": 2,
  "fromLocation": "NULL",
  "toLocation": "A1-R01-L4-B1",
  "cartonId": "CTN-TI-123457-20260121-140627-708",
  "warehouse": "WH-MAIN"
}
[2026-01-21T11:06:58.342Z] [INFO] [Putaway Completion] Step 0b: ✅ putawayTaskTitle resolved: PUT-20260121-0001
[2026-01-21T11:06:58.342Z] [INFO] [Putaway Completion] Processing putaway task: PUT-20260121-0001, carton_id from event: CTN-TI-123457-20260121-140627-708, item_code: NULL, qty: NULL, location_id: A1-R01-L4-B1, rack: Rack 01, bin: B1
[2026-01-21T11:06:58.343Z] [INFO] [Putaway Completion] Step 1: Starting transaction...
[2026-01-21T11:06:58.344Z] [INFO] [Putaway Completion] ✅ Transaction started
[2026-01-21T11:06:58.344Z] [INFO] [Putaway Completion] Step 2: Locking putaway task row: PUT-20260121-0001
[2026-01-21T11:06:58.351Z] [INFO] [Putaway Completion] ========================================
[2026-01-21T11:06:58.352Z] [INFO] [Putaway Completion] 🔵 EXECUTING STOCK LEDGER INSERT/UPDATE
[2026-01-21T11:06:58.353Z] [INFO] [Putaway Completion] Item: SKU-HAT-301-BLU-OS
[2026-01-21T11:06:58.353Z] [INFO] [Putaway Completion] Location: A1-R01-L4-B1
[2026-01-21T11:06:58.353Z] [INFO] [Putaway Completion] Warehouse: WH-MAIN
[2026-01-21T11:06:58.354Z] [INFO] [Putaway Completion] New Qty: 2
[2026-01-21T11:06:58.354Z] [INFO] [Putaway Completion] Current Qty: 0
[2026-01-21T11:06:58.354Z] [INFO] [Putaway Completion] SQL: INSERT INTO tabStockLedger (item_code, warehouse, bin_location, qty, reserved_qty, qty_before, qty_reduced, last_transaction_date, last_transaction_type, last_transaction_ref, updated_at, created_at) VALUES (?, ?, ?, ?, ?, ?, ?, NOW(), 'Putaway', ?, NOW(), NOW()) ON DUPLICATE KEY UPDATE qty = ?, qty_before = ?, qty_reduced = ?, last_transaction_date = NOW(), last_transaction_type = 'Putaway', last_transaction_ref = ?, updated_at = NOW()
[2026-01-21T11:06:58.354Z] [INFO] [Putaway Completion] Insert Params: [
  "SKU-HAT-301-BLU-OS",
  "WH-MAIN",
  "A1-R01-L4-B1",
  2,
  0,
  0,
  2,
  "PUT-20260121-0001"
]
[2026-01-21T11:06:58.355Z] [INFO] [Putaway Completion] Update Params: [
  2,
  0,
  2,
  "PUT-20260121-0001"
]
[2026-01-21T11:06:58.355Z] [INFO] [Putaway Completion] ========================================
[2026-01-21T11:06:58.356Z] [INFO] [Putaway Completion] ✅ STOCK LEDGER UPDATE RESULT:
{
  "item_code": "SKU-HAT-301-BLU-OS",
  "bin_location": "A1-R01-L4-B1",
  "warehouse": "WH-MAIN",
  "new_qty": 2,
  "affectedRows": 1,
  "insertId": 29,
  "changedRows": 0
}
[2026-01-21T11:06:58.368Z] [INFO] [Putaway Completion] 🔍 Adding qty_before: 0 (needsQtyBefore: true, currentQty: 0)
[2026-01-21T11:06:58.369Z] [INFO] [Putaway Completion] 🔍 Adding qty_after: 2 (needsQtyAfter: true, newQty: 2)
[2026-01-21T11:06:58.369Z] [INFO] [Putaway Completion] ========================================
[2026-01-21T11:06:58.370Z] [INFO] [Putaway Completion] 🔵 EXECUTING TRANSACTION HISTORY INSERT
[2026-01-21T11:06:58.370Z] [INFO] [Putaway Completion] Item: SKU-HAT-301-BLU-OS
[2026-01-21T11:06:58.370Z] [INFO] [Putaway Completion] Location: A1-R01-L4-B1
[2026-01-21T11:06:58.371Z] [INFO] [Putaway Completion] Qty Change: 2
[2026-01-21T11:06:58.371Z] [INFO] [Putaway Completion] Fields (15):
[
  "transaction_id",
  "transaction_number",
  "transaction_date",
  "transaction_type",
  "reference_doc",
  "item_code",
  "item_name",
  "warehouse",
  "location_id",
  "bin_location",
  "carton_id",
  "qty_change",
  "qty_before",
  "qty_after",
  "performed_by"
]
[2026-01-21T11:06:58.371Z] [INFO] [Putaway Completion] SQL: INSERT INTO tabTransactionHistory (transaction_id, transaction_number, transaction_date, transaction_type, reference_doc, item_code, item_name, warehouse, location_id, bin_location, carton_id, qty_change, qty_before, qty_after, performed_by) VALUES (?, ?, NOW(), ?, ?, ?, ?, ?, ?, ?, ?, ?, ?, ?, ?)
[2026-01-21T11:06:58.371Z] [INFO] [Putaway Completion] Values: [
  176899361836817,
  "TRX-PUT-1768993618364-469",
  "Putaway",
  "PUT-20260121-0001",
  "SKU-HAT-301-BLU-OS",
  "Baseball Cap Blue One Size",
  "WH-MAIN",
  "A1-R01-L4-B1",
  "A1-R01-L4-B1",
  "CTN-TI-123457-20260121-140627-708",
  2,
  0,
  2,
  "USER-402498"
]
[2026-01-21T11:06:58.372Z] [INFO] [Putaway Completion] ========================================
[2026-01-21T11:06:58.375Z] [INFO] [Putaway Completion] ✅ TRANSACTION HISTORY INSERT RESULT:
{
  "item_code": "SKU-HAT-301-BLU-OS",
  "bin_location": "A1-R01-L4-B1",
  "qty_change": 2,
  "affectedRows": 1,
  "insertId": 20
}
[2026-01-21T11:06:58.375Z] [INFO] [Putaway Completion] ========================================
[2026-01-21T11:06:58.376Z] [INFO] [Putaway Completion] Processing line 2/2
[2026-01-21T11:06:58.376Z] [INFO] [Putaway Completion] Line data: {
  "item_code": "SKU-HAT-301-GRN-OS",
  "qty": "2.00",
  "carton_id": "CTN-TI-123457-20260121-140627-708",
  "location_id": "A1-R01-L4-B1",
  "rack": "Rack 01",
  "bin": "B1"
}
[2026-01-21T11:06:58.376Z] [INFO] [Putaway Completion] Location determination for line 2:
{
  "event_location_id": "A1-R01-L4-B1",
  "line_location_id": "A1-R01-L4-B1",
  "line_rack": "Rack 01",
  "line_bin": "B1",
  "event_rack": "Rack 01",
  "event_bin": "B1",
  "resolved_binLocation": "A1-R01-L4-B1"
}
[2026-01-21T11:06:58.377Z] [INFO] [Putaway Completion] Line 2 validation:
{
  "itemCode": "SKU-HAT-301-GRN-OS",
  "lineQty": 2,
  "binLocation": "A1-R01-L4-B1",
  "hasItemCode": true,
  "hasValidQty": true,
  "hasValidLocation": true
}
[2026-01-21T11:06:58.377Z] [INFO] [Putaway Completion] ✅ Line 2 passed validation - processing stock update
[2026-01-21T11:06:58.377Z] [INFO] [Putaway Completion] Stock update details:
{
  "item_code": "SKU-HAT-301-GRN-OS",
  "qty": 2,
  "fromLocation": "NULL",
  "toLocation": "A1-R01-L4-B1",
  "cartonId": "CTN-TI-123457-20260121-140627-708",
  "warehouse": "WH-MAIN"
}
[2026-01-21T11:06:58.380Z] [INFO] [Putaway Completion] ========================================
[2026-01-21T11:06:58.381Z] [INFO] [Putaway Completion] 🔵 EXECUTING STOCK LEDGER INSERT/UPDATE
[2026-01-21T11:06:58.381Z] [INFO] [Putaway Completion] Item: SKU-HAT-301-GRN-OS
[2026-01-21T11:06:58.382Z] [INFO] [Putaway Completion] Location: A1-R01-L4-B1
[2026-01-21T11:06:58.382Z] [INFO] [Putaway Completion] Warehouse: WH-MAIN
[2026-01-21T11:06:58.382Z] [INFO] [Putaway Completion] New Qty: 2
[2026-01-21T11:06:58.383Z] [INFO] [Putaway Completion] Current Qty: 0
[2026-01-21T11:06:58.383Z] [INFO] [Putaway Completion] SQL: INSERT INTO tabStockLedger (item_code, warehouse, bin_location, qty, reserved_qty, qty_before, qty_reduced, last_transaction_date, last_transaction_type, last_transaction_ref, updated_at, created_at) VALUES (?, ?, ?, ?, ?, ?, ?, NOW(), 'Putaway', ?, NOW(), NOW()) ON DUPLICATE KEY UPDATE qty = ?, qty_before = ?, qty_reduced = ?, last_transaction_date = NOW(), last_transaction_type = 'Putaway', last_transaction_ref = ?, updated_at = NOW()
[2026-01-21T11:06:58.383Z] [INFO] [Putaway Completion] Insert Params: [
  "SKU-HAT-301-GRN-OS",
  "WH-MAIN",
  "A1-R01-L4-B1",
  2,
  0,
  0,
  2,
  "PUT-20260121-0001"
]
[2026-01-21T11:06:58.384Z] [INFO] [Putaway Completion] Update Params: [
  2,
  0,
  2,
  "PUT-20260121-0001"
]
[2026-01-21T11:06:58.384Z] [INFO] [Putaway Completion] ========================================
[2026-01-21T11:06:58.386Z] [INFO] [Putaway Completion] ✅ STOCK LEDGER UPDATE RESULT:
{
  "item_code": "SKU-HAT-301-GRN-OS",
  "bin_location": "A1-R01-L4-B1",
  "warehouse": "WH-MAIN",
  "new_qty": 2,
  "affectedRows": 1,
  "insertId": 30,
  "changedRows": 0
}
[2026-01-21T11:06:58.402Z] [INFO] [Putaway Completion] 🔍 Adding qty_before: 0 (needsQtyBefore: true, currentQty: 0)
[2026-01-21T11:06:58.403Z] [INFO] [Putaway Completion] 🔍 Adding qty_after: 2 (needsQtyAfter: true, newQty: 2)
[2026-01-21T11:06:58.403Z] [INFO] [Putaway Completion] ========================================
[2026-01-21T11:06:58.403Z] [INFO] [Putaway Completion] 🔵 EXECUTING TRANSACTION HISTORY INSERT
[2026-01-21T11:06:58.404Z] [INFO] [Putaway Completion] Item: SKU-HAT-301-GRN-OS
[2026-01-21T11:06:58.404Z] [INFO] [Putaway Completion] Location: A1-R01-L4-B1
[2026-01-21T11:06:58.404Z] [INFO] [Putaway Completion] Qty Change: 2
[2026-01-21T11:06:58.405Z] [INFO] [Putaway Completion] Fields (15):
[
  "transaction_id",
  "transaction_number",
  "transaction_date",
  "transaction_type",
  "reference_doc",
  "item_code",
  "item_name",
  "warehouse",
  "location_id",
  "bin_location",
  "carton_id",
  "qty_change",
  "qty_before",
  "qty_after",
  "performed_by"
]
[2026-01-21T11:06:58.405Z] [INFO] [Putaway Completion] SQL: INSERT INTO tabTransactionHistory (transaction_id, transaction_number, transaction_date, transaction_type, reference_doc, item_code, item_name, warehouse, location_id, bin_location, carton_id, qty_change, qty_before, qty_after, performed_by) VALUES (?, ?, NOW(), ?, ?, ?, ?, ?, ?, ?, ?, ?, ?, ?, ?)
[2026-01-21T11:06:58.405Z] [INFO] [Putaway Completion] Values: [
  176899361840153,
  "TRX-PUT-1768993618400-90",
  "Putaway",
  "PUT-20260121-0001",
  "SKU-HAT-301-GRN-OS",
  "Baseball Cap Green One Size",
  "WH-MAIN",
  "A1-R01-L4-B1",
  "A1-R01-L4-B1",
  "CTN-TI-123457-20260121-140627-708",
  2,
  0,
  2,
  "USER-402498"
]
[2026-01-21T11:06:58.406Z] [INFO] [Putaway Completion] ========================================
[2026-01-21T11:06:58.408Z] [INFO] [Putaway Completion] ✅ TRANSACTION HISTORY INSERT RESULT:
{
  "item_code": "SKU-HAT-301-GRN-OS",
  "bin_location": "A1-R01-L4-B1",
  "qty_change": 2,
  "affectedRows": 1,
  "insertId": 22
}
[2026-01-21T11:06:58.442Z] [INFO] [Putaway Completion] ========================================
[2026-01-21T11:06:58.443Z] [INFO] [Putaway Completion] Step 6: Stock update loop completed
[2026-01-21T11:06:58.443Z] [INFO] [Putaway Completion] Summary:
{
  "processed": 2,
  "skipped": 0,
  "total_lines": 2,
  "success_rate": "100.0%"
}
[2026-01-21T11:06:58.444Z] [INFO] [Putaway Completion] ========================================
[2026-01-21T11:06:58.444Z] [INFO] [Putaway Completion] Step 7: Marking putaway task as Completed...
[2026-01-21T11:06:58.447Z] [INFO] [Putaway Completion] Status update result:
{
  "affectedRows": 1
}
[2026-01-21T11:06:58.447Z] [INFO] [Putaway Completion] ========================================
[2026-01-21T11:06:58.448Z] [INFO] [Putaway Completion] Step 8: COMMITTING TRANSACTION
[2026-01-21T11:06:58.448Z] [INFO] [Putaway Completion] Task: PUT-20260121-0001
[2026-01-21T11:06:58.448Z] [INFO] [Putaway Completion] Processed: 2, Skipped: 0
[2026-01-21T11:06:58.449Z] [INFO] [Putaway Completion] ========================================
[2026-01-21T11:06:58.450Z] [INFO] [Putaway Completion] Task status query result:
{
  "found": true,
  "status": "Completed"
}
[2026-01-21T11:06:58.450Z] [WARN] [Putaway Completion] ⚠️ Task PUT-20260121-0001 is already Completed - skipping stock update (idempotency check)
[2026-01-21T11:06:58.451Z] [INFO] [Putaway Completion] Transaction rolled back (task already completed)
[2026-01-21T11:06:58.452Z] [INFO] [Putaway] ✅ Stock updates completed for putaway task PUT-20260121-0001
{
  "result": "undefined (function may not return value)"
}
[2026-01-21T11:06:58.452Z] [INFO] [Putaway] Updated location for putaway task PUT-20260121-0001: A1-R01-L4-B1 (2 lines updated)
{
  "putaway_task": "PUT-20260121-0001",
  "location_id": "A1-R01-L4-B1",
  "rack": "Rack 01",
  "bin": "B1",
  "lines_updated": 2,
  "hasLineLocationIdColumn": true,
  "hasLineRack": true,
  "hasLineBin": true
}
[2026-01-21T11:06:58.453Z] [INFO] [Putaway Completion] ✅✅✅ TRANSACTION COMMITTED SUCCESSFULLY ✅✅✅
[2026-01-21T11:06:58.453Z] [INFO] [Putaway Completion] Task: PUT-20260121-0001
[2026-01-21T11:06:58.454Z] [INFO] [Putaway Completion] ========================================
[2026-01-21T11:06:58.454Z] [DEBUG] Requesting database connection from pool
[2026-01-21T11:06:58.455Z] [DEBUG] Database connection obtained from pool
[2026-01-21T11:06:58.457Z] [INFO] [Putaway Completion] ✅ Successfully completed putaway task PUT-20260121-0001 - stock updated, task marked as Completed
{
  "stock_ledger_entries": 2,
  "transaction_history_entries": 4,
  "processed_lines": 2,
  "skipped_lines": 0,
  "putaway_task": "PUT-20260121-0001"
}
[2026-01-21T11:06:58.458Z] [INFO] [Putaway] ✅ Stock updates completed for putaway task PUT-20260121-0001
{
  "result": "undefined (function may not return value)"
}
[2026-01-21T11:06:58.459Z] [INFO] [Putaway] Updated location for putaway task PUT-20260121-0001: A1-R01-L4-B1 (2 lines updated)
{
  "putaway_task": "PUT-20260121-0001",
  "location_id": "A1-R01-L4-B1",
  "rack": "Rack 01",
  "bin": "B1",
  "lines_updated": 2,
  "hasLineLocationIdColumn": true,
  "hasLineRack": true,
  "hasLineBin": true
}
[2026-01-21T11:06:58.705Z] [INFO] 📥 GET /api/putaway/tasks?source_type=ASN&status=Draft%2CIn+Progress
{
  "IP": "192.168.103.205",
  "UserAgent": "okhttp/4.12.0"
}
[2026-01-21T11:06:58.707Z] [INFO] [Putaway Tasks API] Request received:
{
  "status": "Draft,In Progress",
  "source_type": "ASN",
  "advance_shipping_notice": "NOT_PROVIDED",
  "transfer_in": "NOT_PROVIDED"
}
[2026-01-21T11:06:58.708Z] [DEBUG] Requesting database connection from pool
[2026-01-21T11:06:58.709Z] [DEBUG] Database connection obtained from pool
[2026-01-21T11:06:58.711Z] [INFO] [Putaway Tasks API] Status filter applied:
[
  "Draft",
  "In Progress"
]
[2026-01-21T11:06:58.715Z] [INFO] [Putaway Tasks API] Query executed:
{
  "whereClause": "WHERE pt.status IN (?,?) AND COALESCE(pt.source_type, \"ASN\") = ?",
  "params": [
    "Draft",
    "In Progress",
    "ASN"
  ],
  "tasks_found": 0
}
[2026-01-21T11:06:58.716Z] [WARN] [Putaway Tasks API] No tasks found with filters:
{
  "status": "Draft,In Progress",
  "source_type": "ASN",
  "advance_shipping_notice": "ALL",
  "transfer_in": "ALL"
}
[2026-01-21T11:06:58.721Z] [INFO] 📥 GET /api/putaway/tasks?source_type=ASN&status=Draft%2CIn+Progress
{
  "IP": "192.168.103.205",
  "UserAgent": "okhttp/4.12.0"
}
[2026-01-21T11:06:58.721Z] [INFO] [Putaway Tasks API] Request received:
{
  "status": "Draft,In Progress",
  "source_type": "ASN",
  "advance_shipping_notice": "NOT_PROVIDED",
  "transfer_in": "NOT_PROVIDED"
}
[2026-01-21T11:06:58.722Z] [DEBUG] Requesting database connection from pool
[2026-01-21T11:06:58.722Z] [DEBUG] Database connection obtained from pool
[2026-01-21T11:06:58.723Z] [INFO] [Putaway Tasks API] Status filter applied:
[
  "Draft",
  "In Progress"
]
[2026-01-21T11:06:58.725Z] [INFO] [Putaway Tasks API] Query executed:
{
  "whereClause": "WHERE pt.status IN (?,?) AND COALESCE(pt.source_type, \"ASN\") = ?",
  "params": [
    "Draft",
    "In Progress",
    "ASN"
  ],
  "tasks_found": 0
}
[2026-01-21T11:06:58.725Z] [WARN] [Putaway Tasks API] No tasks found with filters:
{
  "status": "Draft,In Progress",
  "source_type": "ASN",
  "advance_shipping_notice": "ALL",
  "transfer_in": "ALL"
}
[2026-01-21T11:06:58.953Z] [INFO] 📥 GET /api/putaway/tasks?source_type=TransferIn&status=Draft%2COpen%2CIn+Progress
{
  "IP": "192.168.103.205",
  "UserAgent": "okhttp/4.12.0"
}
[2026-01-21T11:06:58.955Z] [INFO] [Putaway Tasks API] Request received:
{
  "status": "Draft,Open,In Progress",
  "source_type": "TransferIn",
  "advance_shipping_notice": "NOT_PROVIDED",
  "transfer_in": "NOT_PROVIDED"
}
[2026-01-21T11:06:58.956Z] [DEBUG] Requesting database connection from pool
[2026-01-21T11:06:58.957Z] [DEBUG] Database connection obtained from pool
[2026-01-21T11:06:58.959Z] [INFO] 📥 GET /api/putaway/tasks?source_type=TransferIn&status=Draft%2COpen%2CIn+Progress
{
  "IP": "192.168.103.205",
  "UserAgent": "okhttp/4.12.0"
}
[2026-01-21T11:06:58.960Z] [INFO] [Putaway Tasks API] Request received:
{
  "status": "Draft,Open,In Progress",
  "source_type": "TransferIn",
  "advance_shipping_notice": "NOT_PROVIDED",
  "transfer_in": "NOT_PROVIDED"
}
[2026-01-21T11:06:58.960Z] [DEBUG] Requesting database connection from pool
[2026-01-21T11:06:58.961Z] [DEBUG] Database connection obtained from pool
[2026-01-21T11:06:58.962Z] [INFO] [Putaway Tasks API] Status filter applied:
[
  "Draft",
  "Open",
  "In Progress"
]
[2026-01-21T11:06:58.962Z] [INFO] [Putaway Tasks API] Status filter applied:
[
  "Draft",
  "Open",
  "In Progress"
]
[2026-01-21T11:06:58.964Z] [INFO] [Putaway Tasks API] Query executed:
{
  "whereClause": "WHERE pt.status IN (?,?,?) AND COALESCE(pt.source_type, \"ASN\") = ?",
  "params": [
    "Draft",
    "Open",
    "In Progress",
    "TransferIn"
  ],
  "tasks_found": 0
}
[2026-01-21T11:06:58.964Z] [WARN] [Putaway Tasks API] No tasks found with filters:
{
  "status": "Draft,Open,In Progress",
  "source_type": "TransferIn",
  "advance_shipping_notice": "ALL",
  "transfer_in": "ALL"
}
[2026-01-21T11:06:58.965Z] [INFO] [Putaway Tasks API] Query executed:
{
  "whereClause": "WHERE pt.status IN (?,?,?) AND COALESCE(pt.source_type, \"ASN\") = ?",
  "params": [
    "Draft",
    "Open",
    "In Progress",
    "TransferIn"
  ],
  "tasks_found": 0
}
[2026-01-21T11:06:58.965Z] [WARN] [Putaway Tasks API] No tasks found with filters:
{
  "status": "Draft,Open,In Progress",
  "source_type": "TransferIn",
  "advance_shipping_notice": "ALL",
  "transfer_in": "ALL"
}
[2026-01-21T11:07:10.223Z] [INFO] 📥 GET /api/health
{
  "IP": "192.168.103.205",
  "UserAgent": "okhttp/4.12.0"
}
[2026-01-21T11:07:13.876Z] [INFO] 📥 GET /api/health
{
  "IP": "192.168.103.205",
  "UserAgent": "okhttp/4.12.0"
}
[2026-01-21T11:07:16.459Z] [INFO] 📥 GET /api/health
{
  "IP": "192.168.103.205",
  "UserAgent": "okhttp/4.12.0"
}
[2026-01-21T11:07:17.541Z] [INFO] 📥 GET /api/health
{
  "IP": "192.168.103.205",
  "UserAgent": "okhttp/4.12.0"
}
[2026-01-21T11:07:24.303Z] [INFO] 📥 GET /api/stock/item/SKU-HAT-301-BLU-OS/warehouse/WH-MAIN?format=grouped
{
  "IP": "127.0.0.1",
  "UserAgent": "unknown"
}
[2026-01-21T11:07:24.468Z] [INFO] 📥 GET /api/health
{
  "IP": "192.168.103.205",
  "UserAgent": "okhttp/4.12.0"
}
[2026-01-21T11:07:26.370Z] [INFO] 📥 GET /api/stock/item/SKU-HAT-301-BLU-OS/warehouse/Main%20Warehouse?format=grouped
{
  "IP": "127.0.0.1",
  "UserAgent": "unknown"
}
[2026-01-21T11:07:28.050Z] [INFO] 📥 GET /api/health
{
  "IP": "192.168.103.205",
  "UserAgent": "okhttp/4.12.0"
}
[2026-01-21T11:07:28.410Z] [INFO] 📥 GET /api/stock/item/SKU-HAT-301-BLU-OS/warehouse/WH-Main?format=grouped
{
  "IP": "127.0.0.1",
  "UserAgent": "unknown"
}
[2026-01-21T11:07:32.323Z] [INFO] 📥 GET /api/transaction-history?from_date=2025-10-23&to_date=2026-01-22&limit=1000
{
  "IP": "127.0.0.1",
  "UserAgent": "unknown"
}
[2026-01-21T11:07:40.232Z] [INFO] 📥 GET /api/health
{
  "IP": "192.168.103.205",
  "UserAgent": "okhttp/4.12.0"
}
[2026-01-21T11:07:43.874Z] [INFO] 📥 GET /api/health
{
  "IP": "192.168.103.205",
  "UserAgent": "okhttp/4.12.0"
}
[2026-01-21T11:07:46.472Z] [INFO] 📥 GET /api/health
{
  "IP": "192.168.103.205",
  "UserAgent": "okhttp/4.12.0"
}
[2026-01-21T11:07:47.559Z] [INFO] 📥 GET /api/health
{
  "IP": "192.168.103.205",
  "UserAgent": "okhttp/4.12.0"
}
[2026-01-21T11:07:54.477Z] [INFO] 📥 GET /api/health
{
  "IP": "192.168.103.205",
  "UserAgent": "okhttp/4.12.0"
}
[2026-01-21T11:07:58.061Z] [INFO] 📥 GET /api/health
{
  "IP": "192.168.103.205",
  "UserAgent": "okhttp/4.12.0"
}
[2026-01-21T11:08:10.260Z] [INFO] 📥 GET /api/health
{
  "IP": "192.168.103.205",
  "UserAgent": "okhttp/4.12.0"
}
[2026-01-21T11:08:13.900Z] [INFO] 📥 GET /api/health
{
  "IP": "192.168.103.205",
  "UserAgent": "okhttp/4.12.0"
}
[2026-01-21T11:08:16.471Z] [INFO] 📥 GET /api/health
{
  "IP": "192.168.103.205",
  "UserAgent": "okhttp/4.12.0"
}
[2026-01-21T11:08:17.569Z] [INFO] 📥 GET /api/health
{
  "IP": "192.168.103.205",
  "UserAgent": "okhttp/4.12.0"
}
[2026-01-21T11:08:24.489Z] [INFO] 📥 GET /api/health
{
  "IP": "192.168.103.205",
  "UserAgent": "okhttp/4.12.0"
}
[2026-01-21T11:08:28.101Z] [INFO] 📥 GET /api/health
{
  "IP": "192.168.103.205",
  "UserAgent": "okhttp/4.12.0"
}
[2026-01-21T11:08:40.256Z] [INFO] 📥 GET /api/health
{
  "IP": "192.168.103.205",
  "UserAgent": "okhttp/4.12.0"
}
[2026-01-21T11:08:43.921Z] [INFO] 📥 GET /api/health
{
  "IP": "192.168.103.205",
  "UserAgent": "okhttp/4.12.0"
}
[2026-01-21T11:08:46.506Z] [INFO] 📥 GET /api/health
{
  "IP": "192.168.103.205",
  "UserAgent": "okhttp/4.12.0"
}
[2026-01-21T11:08:47.566Z] [INFO] 📥 GET /api/health
{
  "IP": "192.168.103.205",
  "UserAgent": "okhttp/4.12.0"
}
[2026-01-21T11:08:54.496Z] [INFO] 📥 GET /api/health
{
  "IP": "192.168.103.205",
  "UserAgent": "okhttp/4.12.0"
}
[2026-01-21T11:08:58.209Z] [INFO] 📥 GET /api/health
{
  "IP": "192.168.103.205",
  "UserAgent": "okhttp/4.12.0"
}
[2026-01-21T11:09:10.284Z] [INFO] 📥 GET /api/health
{
  "IP": "192.168.103.205",
  "UserAgent": "okhttp/4.12.0"
}
[2026-01-21T11:09:13.901Z] [INFO] 📥 GET /api/health
{
  "IP": "192.168.103.205",
  "UserAgent": "okhttp/4.12.0"
}
[2026-01-21T11:09:16.493Z] [INFO] 📥 GET /api/health
{
  "IP": "192.168.103.205",
  "UserAgent": "okhttp/4.12.0"
}
[2026-01-21T11:09:17.588Z] [INFO] 📥 GET /api/health
{
  "IP": "192.168.103.205",
  "UserAgent": "okhttp/4.12.0"
}
[2026-01-21T11:09:24.510Z] [INFO] 📥 GET /api/health
{
  "IP": "192.168.103.205",
  "UserAgent": "okhttp/4.12.0"
}
[2026-01-21T11:09:28.108Z] [INFO] 📥 GET /api/health
{
  "IP": "192.168.103.205",
  "UserAgent": "okhttp/4.12.0"
}
[2026-01-21T11:09:40.286Z] [INFO] 📥 GET /api/health
{
  "IP": "192.168.103.205",
  "UserAgent": "okhttp/4.12.0"
}
[2026-01-21T11:09:43.960Z] [INFO] 📥 GET /api/health
{
  "IP": "192.168.103.205",
  "UserAgent": "okhttp/4.12.0"
}
[2026-01-21T11:09:46.490Z] [INFO] 📥 GET /api/health
{
  "IP": "192.168.103.205",
  "UserAgent": "okhttp/4.12.0"
}
[2026-01-21T11:09:47.597Z] [INFO] 📥 GET /api/health
{
  "IP": "192.168.103.205",
  "UserAgent": "okhttp/4.12.0"
}
[2026-01-21T11:09:54.515Z] [INFO] 📥 GET /api/health
{
  "IP": "192.168.103.205",
  "UserAgent": "okhttp/4.12.0"
}
[2026-01-21T11:09:58.101Z] [INFO] 📥 GET /api/health
{
  "IP": "192.168.103.205",
  "UserAgent": "okhttp/4.12.0"
}
[2026-01-21T11:10:10.278Z] [INFO] 📥 GET /api/health
{
  "IP": "192.168.103.205",
  "UserAgent": "okhttp/4.12.0"
}
[2026-01-21T11:10:13.935Z] [INFO] 📥 GET /api/health
{
  "IP": "192.168.103.205",
  "UserAgent": "okhttp/4.12.0"
}
[2026-01-21T11:10:16.499Z] [INFO] 📥 GET /api/health
{
  "IP": "192.168.103.205",
  "UserAgent": "okhttp/4.12.0"
}
[2026-01-21T11:10:17.612Z] [INFO] 📥 GET /api/health
{
  "IP": "192.168.103.205",
  "UserAgent": "okhttp/4.12.0"
}
[2026-01-21T11:10:24.527Z] [INFO] 📥 GET /api/health
{
  "IP": "192.168.103.205",
  "UserAgent": "okhttp/4.12.0"
}
[2026-01-21T11:10:28.124Z] [INFO] 📥 GET /api/health
{
  "IP": "192.168.103.205",
  "UserAgent": "okhttp/4.12.0"
}
[2026-01-21T11:10:40.312Z] [INFO] 📥 GET /api/health
{
  "IP": "192.168.103.205",
  "UserAgent": "okhttp/4.12.0"
}
[2026-01-21T11:10:43.949Z] [INFO] 📥 GET /api/health
{
  "IP": "192.168.103.205",
  "UserAgent": "okhttp/4.12.0"
}
[2026-01-21T11:10:46.510Z] [INFO] 📥 GET /api/health
{
  "IP": "192.168.103.205",
  "UserAgent": "okhttp/4.12.0"
}
[2026-01-21T11:10:47.607Z] [INFO] 📥 GET /api/health
{
  "IP": "192.168.103.205",
  "UserAgent": "okhttp/4.12.0"
}
[2026-01-21T11:10:54.533Z] [INFO] 📥 GET /api/health
{
  "IP": "192.168.103.205",
  "UserAgent": "okhttp/4.12.0"
}
[2026-01-21T11:10:58.178Z] [INFO] 📥 GET /api/health
{
  "IP": "192.168.103.205",
  "UserAgent": "okhttp/4.12.0"
}
[2026-01-21T11:11:10.306Z] [INFO] 📥 GET /api/health
{
  "IP": "192.168.103.205",
  "UserAgent": "okhttp/4.12.0"
}
[2026-01-21T11:11:13.972Z] [INFO] 📥 GET /api/health
{
  "IP": "192.168.103.205",
  "UserAgent": "okhttp/4.12.0"
}
[2026-01-21T11:11:16.531Z] [INFO] 📥 GET /api/health
{
  "IP": "192.168.103.205",
  "UserAgent": "okhttp/4.12.0"
}
[2026-01-21T11:11:17.632Z] [INFO] 📥 GET /api/health
{
  "IP": "192.168.103.205",
  "UserAgent": "okhttp/4.12.0"
}
[2026-01-21T11:11:24.549Z] [INFO] 📥 GET /api/health
{
  "IP": "192.168.103.205",
  "UserAgent": "okhttp/4.12.0"
}
[2026-01-21T11:11:28.143Z] [INFO] 📥 GET /api/health
{
  "IP": "192.168.103.205",
  "UserAgent": "okhttp/4.12.0"
}
[2026-01-21T11:11:40.321Z] [INFO] 📥 GET /api/health
{
  "IP": "192.168.103.205",
  "UserAgent": "okhttp/4.12.0"
}
[2026-01-21T11:11:43.382Z] [INFO] 📥 GET /api/stock/item/SKU-HAT-301-BLU-OS/warehouse/WH-MAIN?format=grouped
{
  "IP": "127.0.0.1",
  "UserAgent": "unknown"
}
[2026-01-21T11:11:43.958Z] [INFO] 📥 GET /api/health
{
  "IP": "192.168.103.205",
  "UserAgent": "okhttp/4.12.0"
}
[2026-01-21T11:11:45.411Z] [INFO] 📥 GET /api/stock/item/SKU-HAT-301-BLU-OS/warehouse/Main%20Warehouse?format=grouped
{
  "IP": "127.0.0.1",
  "UserAgent": "unknown"
}
[2026-01-21T11:11:46.558Z] [INFO] 📥 GET /api/health
{
  "IP": "192.168.103.205",
  "UserAgent": "okhttp/4.12.0"
}
[2026-01-21T11:11:47.473Z] [INFO] 📥 GET /api/stock/item/SKU-HAT-301-BLU-OS/warehouse/WH-Main?format=grouped
{
  "IP": "127.0.0.1",
  "UserAgent": "unknown"
}
[2026-01-21T11:11:47.640Z] [INFO] 📥 GET /api/health
{
  "IP": "192.168.103.205",
  "UserAgent": "okhttp/4.12.0"
}
[2026-01-21T11:11:54.555Z] [INFO] 📥 GET /api/health
{
  "IP": "192.168.103.205",
  "UserAgent": "okhttp/4.12.0"
}
[2026-01-21T11:11:58.141Z] [INFO] 📥 GET /api/health
{
  "IP": "192.168.103.205",
  "UserAgent": "okhttp/4.12.0"
}
[2026-01-21T11:12:03.946Z] [INFO] 📥 GET /api/stock/item/SKU-HAT-301-BLU-OS/warehouse/WH-MAIN?format=grouped
{
  "IP": "127.0.0.1",
  "UserAgent": "unknown"
}
[2026-01-21T11:12:05.984Z] [INFO] 📥 GET /api/stock/item/SKU-HAT-301-BLU-OS/warehouse/Main%20Warehouse?format=grouped
{
  "IP": "127.0.0.1",
  "UserAgent": "unknown"
}
[2026-01-21T11:12:08.019Z] [INFO] 📥 GET /api/stock/item/SKU-HAT-301-BLU-OS/warehouse/WH-Main?format=grouped
{
  "IP": "127.0.0.1",
  "UserAgent": "unknown"
}
[2026-01-21T11:12:10.314Z] [INFO] 📥 GET /api/health
{
  "IP": "192.168.103.205",
  "UserAgent": "okhttp/4.12.0"
}
[2026-01-21T11:12:13.984Z] [INFO] 📥 GET /api/health
{
  "IP": "192.168.103.205",
  "UserAgent": "okhttp/4.12.0"
}
[2026-01-21T11:12:16.572Z] [INFO] 📥 GET /api/health
{
  "IP": "192.168.103.205",
  "UserAgent": "okhttp/4.12.0"
}
[2026-01-21T11:12:17.654Z] [INFO] 📥 GET /api/health
{
  "IP": "192.168.103.205",
  "UserAgent": "okhttp/4.12.0"
}
[2026-01-21T11:12:24.575Z] [INFO] 📥 GET /api/health
{
  "IP": "192.168.103.205",
  "UserAgent": "okhttp/4.12.0"
}
[2026-01-21T11:12:28.185Z] [INFO] 📥 GET /api/health
{
  "IP": "192.168.103.205",
  "UserAgent": "okhttp/4.12.0"
}
[2026-01-21T11:12:40.401Z] [INFO] 📥 GET /api/health
{
  "IP": "192.168.103.205",
  "UserAgent": "okhttp/4.12.0"
}
[2026-01-21T11:12:43.976Z] [INFO] 📥 GET /api/health
{
  "IP": "192.168.103.205",
  "UserAgent": "okhttp/4.12.0"
}
[2026-01-21T11:12:46.548Z] [INFO] 📥 GET /api/health
{
  "IP": "192.168.103.205",
  "UserAgent": "okhttp/4.12.0"
}
[2026-01-21T11:12:47.647Z] [INFO] 📥 GET /api/health
{
  "IP": "192.168.103.205",
  "UserAgent": "okhttp/4.12.0"
}
[2026-01-21T11:12:54.581Z] [INFO] 📥 GET /api/health
{
  "IP": "192.168.103.205",
  "UserAgent": "okhttp/4.12.0"
}
[2026-01-21T11:12:58.163Z] [INFO] 📥 GET /api/health
{
  "IP": "192.168.103.205",
  "UserAgent": "okhttp/4.12.0"
}
[2026-01-21T11:13:10.349Z] [INFO] 📥 GET /api/health
{
  "IP": "192.168.103.205",
  "UserAgent": "okhttp/4.12.0"
}
[2026-01-21T11:13:13.988Z] [INFO] 📥 GET /api/health
{
  "IP": "192.168.103.205",
  "UserAgent": "okhttp/4.12.0"
}
[2026-01-21T11:13:16.557Z] [INFO] 📥 GET /api/health
{
  "IP": "192.168.103.205",
  "UserAgent": "okhttp/4.12.0"
}
[2026-01-21T11:13:17.653Z] [INFO] 📥 GET /api/health
{
  "IP": "192.168.103.205",
  "UserAgent": "okhttp/4.12.0"
}
[2026-01-21T11:13:19.834Z] [INFO] 📥 POST /api/putaway/trigger-stock-update
{
  "IP": "127.0.0.1",
  "UserAgent": "PostmanRuntime/7.51.0"
}
[2026-01-21T11:13:19.838Z] [DEBUG] Request body
{
  "putaway_task": "PUT-20260121-0001",
  "user_id": "USER-001"
}
[2026-01-21T11:13:19.841Z] [INFO] [Putaway Stock Update] ========================================
[2026-01-21T11:13:19.842Z] [INFO] [Putaway Stock Update] 🔵 ENTRY: triggerStockUpdate called
[2026-01-21T11:13:19.843Z] [INFO] [Putaway Stock Update] Request body: {
  "putaway_task": "PUT-20260121-0001",
  "user_id": "USER-001"
}
[2026-01-21T11:13:19.843Z] [INFO] [Putaway Stock Update] ========================================
[2026-01-21T11:13:19.843Z] [INFO] [Putaway Stock Update] Step 1: Getting database connection...
[2026-01-21T11:13:19.844Z] [INFO] [Putaway Stock Update] Step 2: Importing processPutawayCompletionEvent...
[2026-01-21T11:13:19.845Z] [INFO] [Putaway Stock Update] Step 3: Getting database connection...
[2026-01-21T11:13:19.845Z] [DEBUG] Requesting database connection from pool
[2026-01-21T11:13:19.846Z] [DEBUG] Database connection obtained from pool
[2026-01-21T11:13:19.846Z] [INFO] [Putaway Stock Update] ✅ Got connection and imported processPutawayCompletionEvent
[2026-01-21T11:13:19.854Z] [INFO] [Putaway Stock Update] Step 6: Checking database schema for tabPutawayLine...
[2026-01-21T11:13:19.858Z] [INFO] [Putaway Stock Update] Line schema check result:
{
  "hasLocationId": true,
  "hasRack": true,
  "hasBin": true,
  "hasCartonId": true,
  "hasBoxId": false
}
[2026-01-21T11:13:19.858Z] [INFO] [Putaway Stock Update] Step 7: Querying putaway lines: SELECT item_code, qty, carton_id, location_id, rack, bin FROM tabPutawayLine WHERE parent_title = ? AND item_code IS NOT NULL AND qty > 0
[2026-01-21T11:13:19.859Z] [INFO] [Putaway Stock Update] Query params: [PUT-20260121-0001]
[2026-01-21T11:13:19.863Z] [INFO] [Putaway Stock Update] Putaway lines query result:
{
  "lines_count": 2,
  "lines": [
    {
      "item_code": "SKU-HAT-301-BLU-OS",
      "qty": "2.00",
      "location_id": "A1-R01-L4-B1",
      "rack": "Rack 01",
      "bin": "B1",
      "carton_id": "CTN-TI-123457-20260121-140627-708",
      "box_id": "N/A"
    },
    {
      "item_code": "SKU-HAT-301-GRN-OS",
      "qty": "2.00",
      "location_id": "A1-R01-L4-B1",
      "rack": "Rack 01",
      "bin": "B1",
      "carton_id": "CTN-TI-123457-20260121-140627-708",
      "box_id": "N/A"
    }
  ]
}
[2026-01-21T11:13:19.865Z] [INFO] [Putaway Stock Update] Step 8: Location check:
{
  "hasLocation": true,
  "lines_with_location_id": 2,
  "lines_with_rack": 2,
  "lines_with_bin": 2,
  "total_lines": 2
}
[2026-01-21T11:13:19.866Z] [INFO] [Putaway Stock Update] Step 10: Getting location and carton_id from putaway lines...
[2026-01-21T11:13:19.866Z] [INFO] [Putaway Stock Update] ✅ Found location_id from line: A1-R01-L4-B1
[2026-01-21T11:13:19.866Z] [INFO] [Putaway Stock Update] First line values:
{
  "location_id": "A1-R01-L4-B1",
  "rack": "Rack 01",
  "bin": "B1",
  "carton_id": "CTN-TI-123457-20260121-140627-708",
  "box_id": "CTN-TI-123457-20260121-140627-708"
}
[2026-01-21T11:13:19.868Z] [INFO] [Putaway Stock Update] Step 11: Final values before calling processPutawayCompletionEvent:
{
  "warehouse": "WH-MAIN",
  "location_id": "A1-R01-L4-B1",
  "rack": "Rack 01",
  "bin": "B1",
  "carton_id": "CTN-TI-123457-20260121-140627-708",
  "box_id": "CTN-TI-123457-20260121-140627-708",
  "lines_count": 2,
  "lines_with_location": 2
}
[2026-01-21T11:13:19.868Z] [INFO] [Putaway Stock Update] ========================================
[2026-01-21T11:13:19.869Z] [INFO] [Putaway Stock Update] Step 12: CALLING processPutawayCompletionEvent
[2026-01-21T11:13:19.870Z] [INFO] [Putaway Stock Update] Event params: {
  "event_type": "PUTAWAY_TO_RACK",
  "putaway_task": "PUT-20260121-0001",
  "box_id": "CTN-TI-123457-20260121-140627-708",
  "carton_id": "CTN-TI-123457-20260121-140627-708",
  "location_id": "A1-R01-L4-B1",
  "rack": "Rack 01",
  "bin": "B1",
  "item_code": null,
  "qty": null,
  "user_id": "USER-001",
  "store": "WH-MAIN",
  "tc_id": null
}
[2026-01-21T11:13:19.870Z] [INFO] [Putaway Stock Update] ========================================
[2026-01-21T11:13:19.871Z] [INFO] [Putaway Completion] ========================================
[2026-01-21T11:13:19.871Z] [INFO] [Putaway Completion] 🔵 ENTRY: processPutawayCompletionEvent called
[2026-01-21T11:13:19.872Z] [INFO] [Putaway Completion] Connection validation:
{
  "hasConnection": true,
  "connectionType": "object",
  "hasExecute": true
}
[2026-01-21T11:13:19.873Z] [INFO] [Putaway Completion] Event object: {
  "putaway_task": "PUT-20260121-0001",
  "tc_id": "NULL",
  "box_id": "CTN-TI-123457-20260121-140627-708",
  "carton_id": "CTN-TI-123457-20260121-140627-708",
  "location_id": "A1-R01-L4-B1",
  "rack": "Rack 01",
  "bin": "B1",
  "item_code": "NULL",
  "qty": "NULL",
  "user_id": "USER-001",
  "store": "WH-MAIN",
  "event_type": "PUTAWAY_TO_RACK"
}
[2026-01-21T11:13:19.874Z] [INFO] [Putaway Completion] ========================================
[2026-01-21T11:13:19.874Z] [INFO] [Putaway Completion] 🔍 DEBUG: About to extract event parameters...
[2026-01-21T11:13:19.875Z] [INFO] [Putaway Completion] 🔍 DEBUG: Event parameters extracted successfully
[2026-01-21T11:13:19.875Z] [INFO] [Putaway Completion] Step 0: Extracted event parameters:
{
  "putaway_task": "PUT-20260121-0001",
  "tc_id": "NULL",
  "box_id": "CTN-TI-123457-20260121-140627-708",
  "carton_id": "CTN-TI-123457-20260121-140627-708",
  "location_id": "A1-R01-L4-B1",
  "item_code": "NULL",
  "qty": "NULL"
}
[2026-01-21T11:13:19.876Z] [INFO] [Putaway Completion] Step 0a: Initial putawayTaskTitle: PUT-20260121-0001
[2026-01-21T11:13:19.879Z] [INFO] [Putaway Completion] Step 0b: ✅ putawayTaskTitle resolved: PUT-20260121-0001
[2026-01-21T11:13:19.880Z] [INFO] [Putaway Completion] Processing putaway task: PUT-20260121-0001, carton_id from event: CTN-TI-123457-20260121-140627-708, item_code: NULL, qty: NULL, location_id: A1-R01-L4-B1, rack: Rack 01, bin: B1
[2026-01-21T11:13:19.880Z] [INFO] [Putaway Completion] Step 1: Starting transaction...
[2026-01-21T11:13:19.882Z] [INFO] [Putaway Completion] ✅ Transaction started
[2026-01-21T11:13:19.883Z] [INFO] [Putaway Completion] Step 2: Locking putaway task row: PUT-20260121-0001
[2026-01-21T11:13:19.885Z] [INFO] [Putaway Completion] Task status query result:
{
  "found": true,
  "status": "Completed"
}
[2026-01-21T11:13:19.885Z] [WARN] [Putaway Completion] ⚠️ Task PUT-20260121-0001 is already Completed - skipping stock update (idempotency check)
[2026-01-21T11:13:19.887Z] [INFO] [Putaway Completion] Transaction rolled back (task already completed)
[2026-01-21T11:13:19.887Z] [INFO] [Putaway Stock Update] Step 13: processPutawayCompletionEvent returned: undefined (no return value)
[2026-01-21T11:13:19.888Z] [INFO] [Putaway Stock Update] ========================================
[2026-01-21T11:13:19.888Z] [INFO] [Putaway Stock Update] ✅ Stock updates completed for task PUT-20260121-0001
[2026-01-21T11:13:19.889Z] [INFO] [Putaway Stock Update] ========================================
[2026-01-21T11:13:24.585Z] [INFO] 📥 GET /api/health
{
  "IP": "192.168.103.205",
  "UserAgent": "okhttp/4.12.0"
}
[2026-01-21T11:13:28.170Z] [INFO] 📥 GET /api/health
{
  "IP": "192.168.103.205",
  "UserAgent": "okhttp/4.12.0"
}
[2026-01-21T11:13:40.357Z] [INFO] 📥 GET /api/health
{
  "IP": "192.168.103.205",
  "UserAgent": "okhttp/4.12.0"
}
[2026-01-21T11:13:43.995Z] [INFO] 📥 GET /api/health
{
  "IP": "192.168.103.205",
  "UserAgent": "okhttp/4.12.0"
}
[2026-01-21T11:13:46.586Z] [INFO] 📥 GET /api/health
{
  "IP": "192.168.103.205",
  "UserAgent": "okhttp/4.12.0"
}
[2026-01-21T11:13:47.674Z] [INFO] 📥 GET /api/health
{
  "IP": "192.168.103.205",
  "UserAgent": "okhttp/4.12.0"
}
[2026-01-21T11:13:54.595Z] [INFO] 📥 GET /api/health
{
  "IP": "192.168.103.205",
  "UserAgent": "okhttp/4.12.0"
}
[2026-01-21T11:13:58.179Z] [INFO] 📥 GET /api/health
{
  "IP": "192.168.103.205",
  "UserAgent": "okhttp/4.12.0"
}
[2026-01-21T11:14:10.357Z] [INFO] 📥 GET /api/health
{
  "IP": "192.168.103.205",
  "UserAgent": "okhttp/4.12.0"
}
[2026-01-21T11:14:14.007Z] [INFO] 📥 GET /api/health
{
  "IP": "192.168.103.205",
  "UserAgent": "okhttp/4.12.0"
}
[2026-01-21T11:14:16.578Z] [INFO] 📥 GET /api/health
{
  "IP": "192.168.103.205",
  "UserAgent": "okhttp/4.12.0"
}
[2026-01-21T11:14:17.687Z] [INFO] 📥 GET /api/health
{
  "IP": "192.168.103.205",
  "UserAgent": "okhttp/4.12.0"
}
[2026-01-21T11:14:24.649Z] [INFO] 📥 GET /api/health
{
  "IP": "192.168.103.205",
  "UserAgent": "okhttp/4.12.0"
}
[2026-01-21T11:14:26.751Z] [INFO] 📥 GET /api/transaction-history?from_date=2025-10-23&to_date=2026-01-22&limit=1000
{
  "IP": "127.0.0.1",
  "UserAgent": "unknown"
}
[2026-01-21T11:14:28.211Z] [INFO] 📥 GET /api/health
{
  "IP": "192.168.103.205",
  "UserAgent": "okhttp/4.12.0"
}
[2026-01-21T11:14:31.799Z] [INFO] 📥 GET /api/transaction-history?limit=1000
{
  "IP": "127.0.0.1",
  "UserAgent": "unknown"
}
[2026-01-21T11:14:40.367Z] [INFO] 📥 GET /api/health
{
  "IP": "192.168.103.205",
  "UserAgent": "okhttp/4.12.0"
}
[2026-01-21T11:14:42.009Z] [INFO] 📥 GET /api/transaction-history?limit=1000
{
  "IP": "127.0.0.1",
  "UserAgent": "unknown"
}
[2026-01-21T11:14:44.042Z] [INFO] 📥 GET /api/health
{
  "IP": "192.168.103.205",
  "UserAgent": "okhttp/4.12.0"
}
[2026-01-21T11:14:44.077Z] [INFO] 📥 GET /api/transaction-history?limit=1000
{
  "IP": "127.0.0.1",
  "UserAgent": "unknown"
}
[2026-01-21T11:14:46.586Z] [INFO] 📥 GET /api/health
{
  "IP": "192.168.103.205",
  "UserAgent": "okhttp/4.12.0"
}
[2026-01-21T11:14:47.682Z] [INFO] 📥 GET /api/health
{
  "IP": "192.168.103.205",
  "UserAgent": "okhttp/4.12.0"
}
[2026-01-21T11:14:54.613Z] [INFO] 📥 GET /api/health
{
  "IP": "192.168.103.205",
  "UserAgent": "okhttp/4.12.0"
}
[2026-01-21T11:14:58.228Z] [INFO] 📥 GET /api/health
{
  "IP": "192.168.103.205",
  "UserAgent": "okhttp/4.12.0"
}
[2026-01-21T11:15:10.395Z] [INFO] 📥 GET /api/health
{
  "IP": "192.168.103.205",
  "UserAgent": "okhttp/4.12.0"
}
[2026-01-21T11:15:14.039Z] [INFO] 📥 GET /api/health
{
  "IP": "192.168.103.205",
  "UserAgent": "okhttp/4.12.0"
}
[2026-01-21T11:15:16.618Z] [INFO] 📥 GET /api/health
{
  "IP": "192.168.103.205",
  "UserAgent": "okhttp/4.12.0"
}
[2026-01-21T11:15:17.692Z] [INFO] 📥 GET /api/health
{
  "IP": "192.168.103.205",
  "UserAgent": "okhttp/4.12.0"
}
[2026-01-21T11:15:24.626Z] [INFO] 📥 GET /api/health
{
  "IP": "192.168.103.205",
  "UserAgent": "okhttp/4.12.0"
}
[2026-01-21T11:15:28.224Z] [INFO] 📥 GET /api/health
{
  "IP": "192.168.103.205",
  "UserAgent": "okhttp/4.12.0"
}
[2026-01-21T11:15:40.383Z] [INFO] 📥 GET /api/health
{
  "IP": "192.168.103.205",
  "UserAgent": "okhttp/4.12.0"
}
[2026-01-21T11:15:44.032Z] [INFO] 📥 GET /api/health
{
  "IP": "192.168.103.205",
  "UserAgent": "okhttp/4.12.0"
}
[2026-01-21T11:15:46.613Z] [INFO] 📥 GET /api/health
{
  "IP": "192.168.103.205",
  "UserAgent": "okhttp/4.12.0"
}
[2026-01-21T11:15:47.717Z] [INFO] 📥 GET /api/health
{
  "IP": "192.168.103.205",
  "UserAgent": "okhttp/4.12.0"
}
[2026-01-21T11:15:54.633Z] [INFO] 📥 GET /api/health
{
  "IP": "192.168.103.205",
  "UserAgent": "okhttp/4.12.0"
}
[2026-01-21T11:15:58.219Z] [INFO] 📥 GET /api/health
{
  "IP": "192.168.103.205",
  "UserAgent": "okhttp/4.12.0"
}
[2026-01-21T11:16:10.396Z] [INFO] 📥 GET /api/health
{
  "IP": "192.168.103.205",
  "UserAgent": "okhttp/4.12.0"
}
[2026-01-21T11:16:12.070Z] [INFO] 📥 GET /api/transaction-history?limit=10
{
  "IP": "127.0.0.1",
  "UserAgent": "PostmanRuntime/7.51.0"
}
[2026-01-21T11:16:12.074Z] [DEBUG] Request body
{
  "putaway_task": "PPUT-20260121-0001",
  "user_id": "USER-001"
}
[2026-01-21T11:16:12.077Z] [DEBUG] Requesting database connection from pool
[2026-01-21T11:16:12.078Z] [DEBUG] Database connection obtained from pool
[2026-01-21T11:16:12.086Z] [INFO] [Transaction History] Executing query
{
  "query": "\n      SELECT \n        id,\n        transaction_id,\n        COALESCE(transaction_number, '') as transaction_number,\n        transaction_date,\n        transaction_type,\n        reference_doc_type,\n        reference_doc,\n        wms_transaction_title,\n        item_code,\n        item_name,\n        warehouse,\n        warehouse_name,\n        bin_location,\n        location_id,\n        carton_id,\n        batch_no,\n        serial_no,\n        qty_change,\n        qty_before,\n        qty_after,\n        stoc",
  "params": [
    10
  ],
  "paramsCount": 1,
  "hasTransactionNoColumn": true,
  "transactionNoColumnName": "transaction_number",
  "filters": {
    "limit": 10
  }
}
[2026-01-21T11:16:12.093Z] [INFO] [Transaction History] Query executed successfully
{
  "rowsReturned": 4,
  "sampleRow": {
    "id": 22,
    "item_code": "SKU-HAT-301-GRN-OS",
    "transaction_date": "2026-01-21T11:06:58.000Z",
    "transaction_type": "Putaway",
    "transaction_number": "TRX-PUT-1768993618400-90"
  }
}
[2026-01-21T11:16:12.097Z] [INFO] [Transaction History] Returning response
{
  "totalRecords": 4,
  "sampleRecord": {
    "id": 22,
    "item_code": "SKU-HAT-301-GRN-OS",
    "transaction_date": "2026-01-21T11:06:58.000Z"
  }
}
[2026-01-21T11:16:14.072Z] [INFO] 📥 GET /api/health
{
  "IP": "192.168.103.205",
  "UserAgent": "okhttp/4.12.0"
}
[2026-01-21T11:16:16.629Z] [INFO] 📥 GET /api/health
{
  "IP": "192.168.103.205",
  "UserAgent": "okhttp/4.12.0"
}
[2026-01-21T11:16:17.718Z] [INFO] 📥 GET /api/health
{
  "IP": "192.168.103.205",
  "UserAgent": "okhttp/4.12.0"
}
[2026-01-21T11:16:24.656Z] [INFO] 📥 GET /api/health
{
  "IP": "192.168.103.205",
  "UserAgent": "okhttp/4.12.0"
}
[2026-01-21T11:16:28.234Z] [INFO] 📥 GET /api/health
{
  "IP": "192.168.103.205",
  "UserAgent": "okhttp/4.12.0"
}
[2026-01-21T11:16:38.683Z] [INFO] 📥 GET /api/transaction-history?from_date=2025-10-23&to_date=2026-01-22&limit=1000
{
  "IP": "127.0.0.1",
  "UserAgent": "unknown"
}
[2026-01-21T11:16:40.431Z] [INFO] 📥 GET /api/health
{
  "IP": "192.168.103.205",
  "UserAgent": "okhttp/4.12.0"
}
[2026-01-21T11:16:44.069Z] [INFO] 📥 GET /api/health
{
  "IP": "192.168.103.205",
  "UserAgent": "okhttp/4.12.0"
}
[2026-01-21T11:16:46.627Z] [INFO] 📥 GET /api/health
{
  "IP": "192.168.103.205",
  "UserAgent": "okhttp/4.12.0"
}
[2026-01-21T11:16:47.725Z] [INFO] 📥 GET /api/health
{
  "IP": "192.168.103.205",
  "UserAgent": "okhttp/4.12.0"
}
[2026-01-21T11:16:49.605Z] [INFO] 📥 GET /api/transaction-history?limit=1000
{
  "IP": "127.0.0.1",
  "UserAgent": "unknown"
}
[2026-01-21T11:16:54.668Z] [INFO] 📥 GET /api/health
{
  "IP": "192.168.103.205",
  "UserAgent": "okhttp/4.12.0"
}
[2026-01-21T11:16:58.240Z] [INFO] 📥 GET /api/health
{
  "IP": "192.168.103.205",
  "UserAgent": "okhttp/4.12.0"
}
[2026-01-21T11:17:10.423Z] [INFO] 📥 GET /api/health
{
  "IP": "192.168.103.205",
  "UserAgent": "okhttp/4.12.0"
}
[2026-01-21T11:17:14.061Z] [INFO] 📥 GET /api/health
{
  "IP": "192.168.103.205",
  "UserAgent": "okhttp/4.12.0"
}
[2026-01-21T11:17:16.657Z] [INFO] 📥 GET /api/health
{
  "IP": "192.168.103.205",
  "UserAgent": "okhttp/4.12.0"
}
[2026-01-21T11:17:17.733Z] [INFO] 📥 GET /api/health
{
  "IP": "192.168.103.205",
  "UserAgent": "okhttp/4.12.0"
}
[2026-01-21T11:17:24.662Z] [INFO] 📥 GET /api/health
{
  "IP": "192.168.103.205",
  "UserAgent": "okhttp/4.12.0"
}
[2026-01-21T11:17:28.249Z] [INFO] 📥 GET /api/health
{
  "IP": "192.168.103.205",
  "UserAgent": "okhttp/4.12.0"
}
[2026-01-21T11:17:39.156Z] [INFO] 📥 GET /api/stock/item/SKU-HAT-301-BLU-OS/warehouse/WH-MAIN?format=grouped
{
  "IP": "127.0.0.1",
  "UserAgent": "unknown"
}
[2026-01-21T11:17:40.499Z] [INFO] 📥 GET /api/health
{
  "IP": "192.168.103.205",
  "UserAgent": "okhttp/4.12.0"
}
[2026-01-21T11:17:41.211Z] [INFO] 📥 GET /api/stock/item/SKU-HAT-301-BLU-OS/warehouse/Main%20Warehouse?format=grouped
{
  "IP": "127.0.0.1",
  "UserAgent": "unknown"
}
[2026-01-21T11:17:43.360Z] [INFO] 📥 GET /api/stock/item/SKU-HAT-301-BLU-OS/warehouse/WH-Main?format=grouped
{
  "IP": "127.0.0.1",
  "UserAgent": "unknown"
}
[2026-01-21T11:17:44.087Z] [INFO] 📥 GET /api/health
{
  "IP": "192.168.103.205",
  "UserAgent": "okhttp/4.12.0"
}
[2026-01-21T11:17:46.661Z] [INFO] 📥 GET /api/health
{
  "IP": "192.168.103.205",
  "UserAgent": "okhttp/4.12.0"
}
[2026-01-21T11:17:47.760Z] [INFO] 📥 GET /api/health
{
  "IP": "192.168.103.205",
  "UserAgent": "okhttp/4.12.0"
}
[2026-01-21T11:17:54.673Z] [INFO] 📥 GET /api/health
{
  "IP": "192.168.103.205",
  "UserAgent": "okhttp/4.12.0"
}
[2026-01-21T11:17:58.261Z] [INFO] 📥 GET /api/health
{
  "IP": "192.168.103.205",
  "UserAgent": "okhttp/4.12.0"
}
[2026-01-21T11:18:10.437Z] [INFO] 📥 GET /api/health
{
  "IP": "192.168.103.205",
  "UserAgent": "okhttp/4.12.0"
}
[2026-01-21T11:18:14.110Z] [INFO] 📥 GET /api/health
{
  "IP": "192.168.103.205",
  "UserAgent": "okhttp/4.12.0"
}
[2026-01-21T11:18:16.657Z] [INFO] 📥 GET /api/health
{
  "IP": "192.168.103.205",
  "UserAgent": "okhttp/4.12.0"
}
[2026-01-21T11:18:17.754Z] [INFO] 📥 GET /api/health
{
  "IP": "192.168.103.205",
  "UserAgent": "okhttp/4.12.0"
}
[2026-01-21T11:18:24.684Z] [INFO] 📥 GET /api/health
{
  "IP": "192.168.103.205",
  "UserAgent": "okhttp/4.12.0"
}
[2026-01-21T11:18:28.299Z] [INFO] 📥 GET /api/health
{
  "IP": "192.168.103.205",
  "UserAgent": "okhttp/4.12.0"
}
[2026-01-21T11:18:40.471Z] [INFO] 📥 GET /api/health
{
  "IP": "192.168.103.205",
  "UserAgent": "okhttp/4.12.0"
}
[2026-01-21T11:18:44.114Z] [INFO] 📥 GET /api/health
{
  "IP": "192.168.103.205",
  "UserAgent": "okhttp/4.12.0"
}
[2026-01-21T11:18:46.667Z] [INFO] 📥 GET /api/health
{
  "IP": "192.168.103.205",
  "UserAgent": "okhttp/4.12.0"
}
[2026-01-21T11:18:47.760Z] [INFO] 📥 GET /api/health
{
  "IP": "192.168.103.205",
  "UserAgent": "okhttp/4.12.0"
}
[2026-01-21T11:18:54.722Z] [INFO] 📥 GET /api/health
{
  "IP": "192.168.103.205",
  "UserAgent": "okhttp/4.12.0"
}
[2026-01-21T11:18:58.307Z] [INFO] 📥 GET /api/health
{
  "IP": "192.168.103.205",
  "UserAgent": "okhttp/4.12.0"
}
[2026-01-21T11:19:10.471Z] [INFO] 📥 GET /api/health
{
  "IP": "192.168.103.205",
  "UserAgent": "okhttp/4.12.0"
}
[2026-01-21T11:19:14.099Z] [INFO] 📥 GET /api/health
{
  "IP": "192.168.103.205",
  "UserAgent": "okhttp/4.12.0"
}
[2026-01-21T11:19:16.679Z] [INFO] 📥 GET /api/health
{
  "IP": "192.168.103.205",
  "UserAgent": "okhttp/4.12.0"
}
[2026-01-21T11:19:17.788Z] [INFO] 📥 GET /api/health
{
  "IP": "192.168.103.205",
  "UserAgent": "okhttp/4.12.0"
}
[2026-01-21T11:19:24.701Z] [INFO] 📥 GET /api/health
{
  "IP": "192.168.103.205",
  "UserAgent": "okhttp/4.12.0"
}
[2026-01-21T11:19:28.288Z] [INFO] 📥 GET /api/health
{
  "IP": "192.168.103.205",
  "UserAgent": "okhttp/4.12.0"
}
[2026-01-21T11:19:40.465Z] [INFO] 📥 GET /api/health
{
  "IP": "192.168.103.205",
  "UserAgent": "okhttp/4.12.0"
}
[2026-01-21T11:19:44.153Z] [INFO] 📥 GET /api/health
{
  "IP": "192.168.103.205",
  "UserAgent": "okhttp/4.12.0"
}
[2026-01-21T11:19:46.719Z] [INFO] 📥 GET /api/health
{
  "IP": "192.168.103.205",
  "UserAgent": "okhttp/4.12.0"
}
[2026-01-21T11:19:47.778Z] [INFO] 📥 GET /api/health
{
  "IP": "192.168.103.205",
  "UserAgent": "okhttp/4.12.0"
}
[2026-01-21T11:19:54.726Z] [INFO] 📥 GET /api/health
{
  "IP": "192.168.103.205",
  "UserAgent": "okhttp/4.12.0"
}
[2026-01-21T11:19:58.315Z] [INFO] 📥 GET /api/health
{
  "IP": "192.168.103.205",
  "UserAgent": "okhttp/4.12.0"
}
[2026-01-21T11:20:02.554Z] [INFO] 📊 Database Configuration
{
  "Host": "localhost",
  "Port": "3306",
  "User": "erppadmin",
  "Password": "***",
  "Database": "wms_desktop"
}
[2026-01-21T11:20:02.556Z] [DEBUG] Requesting database connection from pool
[2026-01-21T11:20:02.590Z] [SUCCESS] New database connection established
[2026-01-21T11:20:02.591Z] [DEBUG] Database connection obtained from pool
[2026-01-21T11:20:10.504Z] [INFO] 📥 GET /api/health
{
  "IP": "192.168.103.205",
  "UserAgent": "okhttp/4.12.0"
}
[2026-01-21T11:20:14.121Z] [INFO] 📥 GET /api/health
{
  "IP": "192.168.103.205",
  "UserAgent": "okhttp/4.12.0"
}
[2026-01-21T11:20:16.697Z] [INFO] 📥 GET /api/health
{
  "IP": "192.168.103.205",
  "UserAgent": "okhttp/4.12.0"
}
[2026-01-21T11:20:17.790Z] [INFO] 📥 GET /api/health
{
  "IP": "192.168.103.205",
  "UserAgent": "okhttp/4.12.0"
}
[2026-01-21T11:20:24.722Z] [INFO] 📥 GET /api/health
{
  "IP": "192.168.103.205",
  "UserAgent": "okhttp/4.12.0"
}
[2026-01-21T11:20:28.322Z] [INFO] 📥 GET /api/health
{
  "IP": "192.168.103.205",
  "UserAgent": "okhttp/4.12.0"
}
[2026-01-21T11:20:40.502Z] [INFO] 📥 GET /api/health
{
  "IP": "192.168.103.205",
  "UserAgent": "okhttp/4.12.0"
}
[2026-01-21T11:20:44.128Z] [INFO] 📥 GET /api/health
{
  "IP": "192.168.103.205",
  "UserAgent": "okhttp/4.12.0"
}
[2026-01-21T11:20:46.708Z] [INFO] 📥 GET /api/health
{
  "IP": "192.168.103.205",
  "UserAgent": "okhttp/4.12.0"
}
[2026-01-21T11:20:47.817Z] [INFO] 📥 GET /api/health
{
  "IP": "192.168.103.205",
  "UserAgent": "okhttp/4.12.0"
}
[2026-01-21T11:20:54.732Z] [INFO] 📥 GET /api/health
{
  "IP": "192.168.103.205",
  "UserAgent": "okhttp/4.12.0"
}
[2026-01-21T11:20:58.318Z] [INFO] 📥 GET /api/health
{
  "IP": "192.168.103.205",
  "UserAgent": "okhttp/4.12.0"
}
[2026-01-21T11:21:10.504Z] [INFO] 📥 GET /api/health
{
  "IP": "192.168.103.205",
  "UserAgent": "okhttp/4.12.0"
}
[2026-01-21T11:21:14.141Z] [INFO] 📥 GET /api/health
{
  "IP": "192.168.103.205",
  "UserAgent": "okhttp/4.12.0"
}
[2026-01-21T11:21:16.729Z] [INFO] 📥 GET /api/health
{
  "IP": "192.168.103.205",
  "UserAgent": "okhttp/4.12.0"
}
[2026-01-21T11:21:17.809Z] [INFO] 📥 GET /api/health
{
  "IP": "192.168.103.205",
  "UserAgent": "okhttp/4.12.0"
}
[2026-01-21T11:21:24.747Z] [INFO] 📥 GET /api/health
{
  "IP": "192.168.103.205",
  "UserAgent": "okhttp/4.12.0"
}
[2026-01-21T11:21:28.328Z] [INFO] 📥 GET /api/health
{
  "IP": "192.168.103.205",
  "UserAgent": "okhttp/4.12.0"
}
[2026-01-21T11:21:40.509Z] [INFO] 📥 GET /api/health
{
  "IP": "192.168.103.205",
  "UserAgent": "okhttp/4.12.0"
}
[2026-01-21T11:21:44.179Z] [INFO] 📥 GET /api/health
{
  "IP": "192.168.103.205",
  "UserAgent": "okhttp/4.12.0"
}
[2026-01-21T11:21:46.725Z] [INFO] 📥 GET /api/health
{
  "IP": "192.168.103.205",
  "UserAgent": "okhttp/4.12.0"
}
[2026-01-21T11:21:47.831Z] [INFO] 📥 GET /api/health
{
  "IP": "192.168.103.205",
  "UserAgent": "okhttp/4.12.0"
}
[2026-01-21T11:21:54.753Z] [INFO] 📥 GET /api/health
{
  "IP": "192.168.103.205",
  "UserAgent": "okhttp/4.12.0"
}
[2026-01-21T11:21:58.398Z] [INFO] 📥 GET /api/health
{
  "IP": "192.168.103.205",
  "UserAgent": "okhttp/4.12.0"
}
[2026-01-21T11:22:10.541Z] [INFO] 📥 GET /api/health
{
  "IP": "192.168.103.205",
  "UserAgent": "okhttp/4.12.0"
}
[2026-01-21T11:22:14.164Z] [INFO] 📥 GET /api/health
{
  "IP": "192.168.103.205",
  "UserAgent": "okhttp/4.12.0"
}
[2026-01-21T11:22:16.800Z] [INFO] 📥 GET /api/health
{
  "IP": "192.168.103.205",
  "UserAgent": "okhttp/4.12.0"
}
[2026-01-21T11:22:17.830Z] [INFO] 📥 GET /api/health
{
  "IP": "192.168.103.205",
  "UserAgent": "okhttp/4.12.0"
}
[2026-01-21T11:22:24.763Z] [INFO] 📥 GET /api/health
{
  "IP": "192.168.103.205",
  "UserAgent": "okhttp/4.12.0"
}
[2026-01-21T11:22:28.371Z] [INFO] 📥 GET /api/health
{
  "IP": "192.168.103.205",
  "UserAgent": "okhttp/4.12.0"
}
[2026-01-21T11:22:40.523Z] [INFO] 📥 GET /api/health
{
  "IP": "192.168.103.205",
  "UserAgent": "okhttp/4.12.0"
}
[2026-01-21T11:22:44.168Z] [INFO] 📥 GET /api/health
{
  "IP": "192.168.103.205",
  "UserAgent": "okhttp/4.12.0"
}
[2026-01-21T11:22:46.746Z] [INFO] 📥 GET /api/health
{
  "IP": "192.168.103.205",
  "UserAgent": "okhttp/4.12.0"
}
[2026-01-21T11:22:47.840Z] [INFO] 📥 GET /api/health
{
  "IP": "192.168.103.205",
  "UserAgent": "okhttp/4.12.0"
}
[2026-01-21T11:22:49.644Z] [INFO] 📥 GET /api/stock/item/SKU-HAT-301-BLU-OS/warehouse/WH-MAIN?format=grouped
{
  "IP": "127.0.0.1",
  "UserAgent": "unknown"
}
[2026-01-21T11:22:51.717Z] [INFO] 📥 GET /api/stock/item/SKU-HAT-301-BLU-OS/warehouse/Main%20Warehouse?format=grouped
{
  "IP": "127.0.0.1",
  "UserAgent": "unknown"
}
[2026-01-21T11:22:53.767Z] [INFO] 📥 GET /api/stock/item/SKU-HAT-301-BLU-OS/warehouse/WH-Main?format=grouped
{
  "IP": "127.0.0.1",
  "UserAgent": "unknown"
}
[2026-01-21T11:22:54.770Z] [INFO] 📥 GET /api/health
{
  "IP": "192.168.103.205",
  "UserAgent": "okhttp/4.12.0"
}
[2026-01-21T11:22:57.410Z] [INFO] 📥 GET /api/transaction-history?from_date=2025-10-23&to_date=2026-01-22&limit=1000
{
  "IP": "127.0.0.1",
  "UserAgent": "unknown"
}
[2026-01-21T11:22:58.362Z] [INFO] 📥 GET /api/health
{
  "IP": "192.168.103.205",
  "UserAgent": "okhttp/4.12.0"
}
[2026-01-21T11:23:04.830Z] [INFO] 📥 GET /api/transaction-history?limit=10
{
  "IP": "127.0.0.1",
  "UserAgent": "PostmanRuntime/7.51.0"
}
[2026-01-21T11:23:04.832Z] [DEBUG] Request body
{
  "putaway_task": "PPUT-20260121-0001",
  "user_id": "USER-001"
}
[2026-01-21T11:23:04.833Z] [DEBUG] Requesting database connection from pool
[2026-01-21T11:23:04.837Z] [DEBUG] Database connection obtained from pool
[2026-01-21T11:23:04.842Z] [INFO] [Transaction History] Executing query
{
  "query": "\n      SELECT \n        id,\n        transaction_id,\n        COALESCE(transaction_number, '') as transaction_number,\n        transaction_date,\n        transaction_type,\n        reference_doc_type,\n        reference_doc,\n        wms_transaction_title,\n        item_code,\n        item_name,\n        warehouse,\n        warehouse_name,\n        bin_location,\n        location_id,\n        carton_id,\n        batch_no,\n        serial_no,\n        qty_change,\n        qty_before,\n        qty_after,\n        stoc",
  "params": [
    10
  ],
  "paramsCount": 1,
  "hasTransactionNoColumn": true,
  "transactionNoColumnName": "transaction_number",
  "filters": {
    "limit": 10
  }
}
[2026-01-21T11:23:04.844Z] [INFO] [Transaction History] Query executed successfully
{
  "rowsReturned": 4,
  "sampleRow": {
    "id": 22,
    "item_code": "SKU-HAT-301-GRN-OS",
    "transaction_date": "2026-01-21T11:06:58.000Z",
    "transaction_type": "Putaway",
    "transaction_number": "TRX-PUT-1768993618400-90"
  }
}
[2026-01-21T11:23:04.846Z] [INFO] [Transaction History] Returning response
{
  "totalRecords": 4,
  "sampleRecord": {
    "id": 22,
    "item_code": "SKU-HAT-301-GRN-OS",
    "transaction_date": "2026-01-21T11:06:58.000Z"
  }
}
[2026-01-21T11:23:10.532Z] [INFO] 📥 GET /api/health
{
  "IP": "192.168.103.205",
  "UserAgent": "okhttp/4.12.0"
}
[2026-01-21T11:23:10.973Z] [INFO] 📥 GET /api/transaction-history?from_date=2025-10-23&to_date=2026-01-22&limit=1000
{
  "IP": "127.0.0.1",
  "UserAgent": "unknown"
}
[2026-01-21T11:23:14.192Z] [INFO] 📥 GET /api/health
{
  "IP": "192.168.103.205",
  "UserAgent": "okhttp/4.12.0"
}
[2026-01-21T11:23:16.755Z] [INFO] 📥 GET /api/health
{
  "IP": "192.168.103.205",
  "UserAgent": "okhttp/4.12.0"
}
[2026-01-21T11:23:17.848Z] [INFO] 📥 GET /api/health
{
  "IP": "192.168.103.205",
  "UserAgent": "okhttp/4.12.0"
}
[2026-01-21T11:23:18.711Z] [INFO] 📥 GET /api/transaction-history?limit=1000
{
  "IP": "127.0.0.1",
  "UserAgent": "unknown"
}
[2026-01-21T11:23:22.672Z] [INFO] 📥 GET /api/transaction-history?limit=1000
{
  "IP": "127.0.0.1",
  "UserAgent": "unknown"
}
[2026-01-21T11:23:24.782Z] [INFO] 📥 GET /api/health
{
  "IP": "192.168.103.205",
  "UserAgent": "okhttp/4.12.0"
}
[2026-01-21T11:23:28.367Z] [INFO] 📥 GET /api/health
{
  "IP": "192.168.103.205",
  "UserAgent": "okhttp/4.12.0"
}
[2026-01-21T11:23:40.547Z] [INFO] 📥 GET /api/health
{
  "IP": "192.168.103.205",
  "UserAgent": "okhttp/4.12.0"
}
[2026-01-21T11:23:44.202Z] [INFO] 📥 GET /api/health
{
  "IP": "192.168.103.205",
  "UserAgent": "okhttp/4.12.0"
}
[2026-01-21T11:23:46.763Z] [INFO] 📥 GET /api/health
{
  "IP": "192.168.103.205",
  "UserAgent": "okhttp/4.12.0"
}
[2026-01-21T11:23:47.859Z] [INFO] 📥 GET /api/health
{
  "IP": "192.168.103.205",
  "UserAgent": "okhttp/4.12.0"
}
[2026-01-21T11:23:54.793Z] [INFO] 📥 GET /api/health
{
  "IP": "192.168.103.205",
  "UserAgent": "okhttp/4.12.0"
}
[2026-01-21T11:23:58.381Z] [INFO] 📥 GET /api/health
{
  "IP": "192.168.103.205",
  "UserAgent": "okhttp/4.12.0"
}
[2026-01-21T11:24:10.578Z] [INFO] 📥 GET /api/health
{
  "IP": "192.168.103.205",
  "UserAgent": "okhttp/4.12.0"
}
[2026-01-21T11:24:14.200Z] [INFO] 📥 GET /api/health
{
  "IP": "192.168.103.205",
  "UserAgent": "okhttp/4.12.0"
}
[2026-01-21T11:24:16.788Z] [INFO] 📥 GET /api/health
{
  "IP": "192.168.103.205",
  "UserAgent": "okhttp/4.12.0"
}
[2026-01-21T11:24:17.868Z] [INFO] 📥 GET /api/health
{
  "IP": "192.168.103.205",
  "UserAgent": "okhttp/4.12.0"
}
[2026-01-21T11:24:24.802Z] [INFO] 📥 GET /api/health
{
  "IP": "192.168.103.205",
  "UserAgent": "okhttp/4.12.0"
}
[2026-01-21T11:24:28.404Z] [INFO] 📥 GET /api/health
{
  "IP": "192.168.103.205",
  "UserAgent": "okhttp/4.12.0"
}
[2026-01-21T11:24:40.572Z] [INFO] 📥 GET /api/health
{
  "IP": "192.168.103.205",
  "UserAgent": "okhttp/4.12.0"
}
[2026-01-21T11:24:44.209Z] [INFO] 📥 GET /api/health
{
  "IP": "192.168.103.205",
  "UserAgent": "okhttp/4.12.0"
}
[2026-01-21T11:24:46.802Z] [INFO] 📥 GET /api/health
{
  "IP": "192.168.103.205",
  "UserAgent": "okhttp/4.12.0"
}
[2026-01-21T11:24:47.882Z] [INFO] 📥 GET /api/health
{
  "IP": "192.168.103.205",
  "UserAgent": "okhttp/4.12.0"
}
[2026-01-21T11:24:54.809Z] [INFO] 📥 GET /api/health
{
  "IP": "192.168.103.205",
  "UserAgent": "okhttp/4.12.0"
}
[2026-01-21T11:24:58.468Z] [INFO] 📥 GET /api/health
{
  "IP": "192.168.103.205",
  "UserAgent": "okhttp/4.12.0"
}
[2026-01-21T11:25:10.572Z] [INFO] 📥 GET /api/health
{
  "IP": "192.168.103.205",
  "UserAgent": "okhttp/4.12.0"
}
[2026-01-21T11:25:14.221Z] [INFO] 📥 GET /api/health
{
  "IP": "192.168.103.205",
  "UserAgent": "okhttp/4.12.0"
}
[2026-01-21T11:25:16.797Z] [INFO] 📥 GET /api/health
{
  "IP": "192.168.103.205",
  "UserAgent": "okhttp/4.12.0"
}
[2026-01-21T11:25:17.889Z] [INFO] 📥 GET /api/health
{
  "IP": "192.168.103.205",
  "UserAgent": "okhttp/4.12.0"
}
[2026-01-21T11:25:24.820Z] [INFO] 📥 GET /api/health
{
  "IP": "192.168.103.205",
  "UserAgent": "okhttp/4.12.0"
}
[2026-01-21T11:25:28.460Z] [INFO] 📥 GET /api/health
{
  "IP": "192.168.103.205",
  "UserAgent": "okhttp/4.12.0"
}
[2026-01-21T11:25:40.624Z] [INFO] 📥 GET /api/health
{
  "IP": "192.168.103.205",
  "UserAgent": "okhttp/4.12.0"
}
[2026-01-21T11:25:44.246Z] [INFO] 📥 GET /api/health
{
  "IP": "192.168.103.205",
  "UserAgent": "okhttp/4.12.0"
}
[2026-01-21T11:25:46.805Z] [INFO] 📥 GET /api/health
{
  "IP": "192.168.103.205",
  "UserAgent": "okhttp/4.12.0"
}
[2026-01-21T11:25:47.898Z] [INFO] 📥 GET /api/health
{
  "IP": "192.168.103.205",
  "UserAgent": "okhttp/4.12.0"
}
[2026-01-21T11:25:54.848Z] [INFO] 📥 GET /api/health
{
  "IP": "192.168.103.205",
  "UserAgent": "okhttp/4.12.0"
}
[2026-01-21T11:25:58.430Z] [INFO] 📥 GET /api/health
{
  "IP": "192.168.103.205",
  "UserAgent": "okhttp/4.12.0"
}
[2026-01-21T11:26:10.604Z] [INFO] 📥 GET /api/health
{
  "IP": "192.168.103.205",
  "UserAgent": "okhttp/4.12.0"
}
[2026-01-21T11:26:14.242Z] [INFO] 📥 GET /api/health
{
  "IP": "192.168.103.205",
  "UserAgent": "okhttp/4.12.0"
}
[2026-01-21T11:26:16.831Z] [INFO] 📥 GET /api/health
{
  "IP": "192.168.103.205",
  "UserAgent": "okhttp/4.12.0"
}
[2026-01-21T11:26:17.910Z] [INFO] 📥 GET /api/health
{
  "IP": "192.168.103.205",
  "UserAgent": "okhttp/4.12.0"
}
[2026-01-21T11:26:18.082Z] [INFO] 📥 GET /api/transaction-history?from_date=2025-10-23&to_date=2026-01-22&limit=1000
{
  "IP": "127.0.0.1",
  "UserAgent": "unknown"
}
[2026-01-21T11:26:21.383Z] [INFO] 📥 GET /api/transaction-history?limit=1000
{
  "IP": "127.0.0.1",
  "UserAgent": "unknown"
}
[2026-01-21T11:26:24.838Z] [INFO] 📥 GET /api/health
{
  "IP": "192.168.103.205",
  "UserAgent": "okhttp/4.12.0"
}
[2026-01-21T11:26:28.431Z] [INFO] 📥 GET /api/health
{
  "IP": "192.168.103.205",
  "UserAgent": "okhttp/4.12.0"
}
[2026-01-21T11:26:40.598Z] [INFO] 📥 GET /api/health
{
  "IP": "192.168.103.205",
  "UserAgent": "okhttp/4.12.0"
}
[2026-01-21T11:26:44.280Z] [INFO] 📥 GET /api/health
{
  "IP": "192.168.103.205",
  "UserAgent": "okhttp/4.12.0"
}
[2026-01-21T11:26:46.825Z] [INFO] 📥 GET /api/health
{
  "IP": "192.168.103.205",
  "UserAgent": "okhttp/4.12.0"
}
[2026-01-21T11:26:47.936Z] [INFO] 📥 GET /api/health
{
  "IP": "192.168.103.205",
  "UserAgent": "okhttp/4.12.0"
}
[2026-01-21T11:26:54.846Z] [INFO] 📥 GET /api/health
{
  "IP": "192.168.103.205",
  "UserAgent": "okhttp/4.12.0"
}
[2026-01-21T11:26:58.439Z] [INFO] 📥 GET /api/health
{
  "IP": "192.168.103.205",
  "UserAgent": "okhttp/4.12.0"
}
[2026-01-21T11:27:10.643Z] [INFO] 📥 GET /api/health
{
  "IP": "192.168.103.205",
  "UserAgent": "okhttp/4.12.0"
}
[2026-01-21T11:27:14.263Z] [INFO] 📥 GET /api/health
{
  "IP": "192.168.103.205",
  "UserAgent": "okhttp/4.12.0"
}
[2026-01-21T11:27:16.834Z] [INFO] 📥 GET /api/health
{
  "IP": "192.168.103.205",
  "UserAgent": "okhttp/4.12.0"
}
[2026-01-21T11:27:17.928Z] [INFO] 📥 GET /api/health
{
  "IP": "192.168.103.205",
  "UserAgent": "okhttp/4.12.0"
}
[2026-01-21T11:27:24.853Z] [INFO] 📥 GET /api/health
{
  "IP": "192.168.103.205",
  "UserAgent": "okhttp/4.12.0"
}
[2026-01-21T11:27:28.447Z] [INFO] 📥 GET /api/health
{
  "IP": "192.168.103.205",
  "UserAgent": "okhttp/4.12.0"
}
[2026-01-21T11:27:40.639Z] [INFO] 📥 GET /api/health
{
  "IP": "192.168.103.205",
  "UserAgent": "okhttp/4.12.0"
}
[2026-01-21T11:27:44.269Z] [INFO] 📥 GET /api/health
{
  "IP": "192.168.103.205",
  "UserAgent": "okhttp/4.12.0"
}
[2026-01-21T11:27:46.901Z] [INFO] 📥 GET /api/health
{
  "IP": "192.168.103.205",
  "UserAgent": "okhttp/4.12.0"
}
[2026-01-21T11:27:47.937Z] [INFO] 📥 GET /api/health
{
  "IP": "192.168.103.205",
  "UserAgent": "okhttp/4.12.0"
}
[2026-01-21T11:27:54.862Z] [INFO] 📥 GET /api/health
{
  "IP": "192.168.103.205",
  "UserAgent": "okhttp/4.12.0"
}
[2026-01-21T11:27:58.453Z] [INFO] 📥 GET /api/health
{
  "IP": "192.168.103.205",
  "UserAgent": "okhttp/4.12.0"
}
[2026-01-21T11:28:09.707Z] [INFO] 📥 GET /api/transaction-history?from_date=2025-10-23&to_date=2026-01-22&limit=1000
{
  "IP": "127.0.0.1",
  "UserAgent": "unknown"
}
[2026-01-21T11:28:09.709Z] [DEBUG] Requesting database connection from pool
[2026-01-21T11:28:09.711Z] [DEBUG] Database connection obtained from pool
[2026-01-21T11:28:09.715Z] [INFO] [Transaction History] Executing query
{
  "query": "\n      SELECT \n        id,\n        transaction_id,\n        COALESCE(transaction_number, '') as transaction_number,\n        transaction_date,\n        transaction_type,\n        reference_doc_type,\n        reference_doc,\n        wms_transaction_title,\n        item_code,\n        item_name,\n        warehouse,\n        warehouse_name,\n        bin_location,\n        location_id,\n        carton_id,\n        batch_no,\n        serial_no,\n        qty_change,\n        qty_before,\n        qty_after,\n        stoc",
  "params": [
    "2025-10-23",
    "2026-01-22",
    1000
  ],
  "paramsCount": 3,
  "hasTransactionNoColumn": true,
  "transactionNoColumnName": "transaction_number",
  "filters": {
    "from_date": "2025-10-23",
    "to_date": "2026-01-22",
    "limit": 1000
  }
}
[2026-01-21T11:28:09.721Z] [INFO] [Transaction History] Query executed successfully
{
  "rowsReturned": 4,
  "sampleRow": {
    "id": 22,
    "item_code": "SKU-HAT-301-GRN-OS",
    "transaction_date": "2026-01-21T11:06:58.000Z",
    "transaction_type": "Putaway",
    "transaction_number": "TRX-PUT-1768993618400-90"
  }
}
[2026-01-21T11:28:09.724Z] [INFO] [Transaction History] Returning response
{
  "totalRecords": 4,
  "sampleRecord": {
    "id": 22,
    "item_code": "SKU-HAT-301-GRN-OS",
    "transaction_date": "2026-01-21T11:06:58.000Z"
  }
}
[2026-01-21T11:28:10.641Z] [INFO] 📥 GET /api/health
{
  "IP": "192.168.103.205",
  "UserAgent": "okhttp/4.12.0"
}
[2026-01-21T11:28:11.950Z] [INFO] 📥 GET /api/transaction-history?limit=1000
{
  "IP": "127.0.0.1",
  "UserAgent": "unknown"
}
[2026-01-21T11:28:11.955Z] [DEBUG] Requesting database connection from pool
[2026-01-21T11:28:11.956Z] [DEBUG] Database connection obtained from pool
[2026-01-21T11:28:11.961Z] [INFO] [Transaction History] Executing query
{
  "query": "\n      SELECT \n        id,\n        transaction_id,\n        COALESCE(transaction_number, '') as transaction_number,\n        transaction_date,\n        transaction_type,\n        reference_doc_type,\n        reference_doc,\n        wms_transaction_title,\n        item_code,\n        item_name,\n        warehouse,\n        warehouse_name,\n        bin_location,\n        location_id,\n        carton_id,\n        batch_no,\n        serial_no,\n        qty_change,\n        qty_before,\n        qty_after,\n        stoc",
  "params": [
    1000
  ],
  "paramsCount": 1,
  "hasTransactionNoColumn": true,
  "transactionNoColumnName": "transaction_number",
  "filters": {
    "limit": 1000
  }
}
[2026-01-21T11:28:11.964Z] [INFO] [Transaction History] Query executed successfully
{
  "rowsReturned": 4,
  "sampleRow": {
    "id": 22,
    "item_code": "SKU-HAT-301-GRN-OS",
    "transaction_date": "2026-01-21T11:06:58.000Z",
    "transaction_type": "Putaway",
    "transaction_number": "TRX-PUT-1768993618400-90"
  }
}
[2026-01-21T11:28:11.967Z] [INFO] [Transaction History] Returning response
{
  "totalRecords": 4,
  "sampleRecord": {
    "id": 22,
    "item_code": "SKU-HAT-301-GRN-OS",
    "transaction_date": "2026-01-21T11:06:58.000Z"
  }
}
[2026-01-21T11:28:14.355Z] [INFO] 📥 GET /api/health
{
  "IP": "192.168.103.205",
  "UserAgent": "okhttp/4.12.0"
}
[2026-01-21T11:28:16.856Z] [INFO] 📥 GET /api/health
{
  "IP": "192.168.103.205",
  "UserAgent": "okhttp/4.12.0"
}
[2026-01-21T11:28:17.952Z] [INFO] 📥 GET /api/health
{
  "IP": "192.168.103.205",
  "UserAgent": "okhttp/4.12.0"
}
[2026-01-21T11:28:24.898Z] [INFO] 📥 GET /api/health
{
  "IP": "192.168.103.205",
  "UserAgent": "okhttp/4.12.0"
}
[2026-01-21T11:28:28.468Z] [INFO] 📥 GET /api/health
{
  "IP": "192.168.103.205",
  "UserAgent": "okhttp/4.12.0"
}
[2026-01-21T11:28:36.335Z] [INFO] 📥 GET /api/stock/item/SKU-HAT-301-BLU-OS/warehouse/WH-MAIN?format=grouped
{
  "IP": "127.0.0.1",
  "UserAgent": "unknown"
}
[2026-01-21T11:28:36.346Z] [DEBUG] Requesting database connection from pool
[2026-01-21T11:28:36.349Z] [DEBUG] Database connection obtained from pool
[2026-01-21T11:28:40.637Z] [INFO] 📥 GET /api/health
{
  "IP": "192.168.103.205",
  "UserAgent": "okhttp/4.12.0"
}
[2026-01-21T11:28:44.313Z] [INFO] 📥 GET /api/health
{
  "IP": "192.168.103.205",
  "UserAgent": "okhttp/4.12.0"
}
[2026-01-21T11:28:46.867Z] [INFO] 📥 GET /api/health
{
  "IP": "192.168.103.205",
  "UserAgent": "okhttp/4.12.0"
}
[2026-01-21T11:28:47.968Z] [INFO] 📥 GET /api/health
{
  "IP": "192.168.103.205",
  "UserAgent": "okhttp/4.12.0"
}
[2026-01-21T11:28:54.881Z] [INFO] 📥 GET /api/health
{
  "IP": "192.168.103.205",
  "UserAgent": "okhttp/4.12.0"
}
[2026-01-21T11:28:58.492Z] [INFO] 📥 GET /api/health
{
  "IP": "192.168.103.205",
  "UserAgent": "okhttp/4.12.0"
}
[2026-01-21T11:29:10.682Z] [INFO] 📥 GET /api/health
{
  "IP": "192.168.103.205",
  "UserAgent": "okhttp/4.12.0"
}
[2026-01-21T11:29:14.312Z] [INFO] 📥 GET /api/health
{
  "IP": "192.168.103.205",
  "UserAgent": "okhttp/4.12.0"
}
[2026-01-21T11:29:16.872Z] [INFO] 📥 GET /api/health
{
  "IP": "192.168.103.205",
  "UserAgent": "okhttp/4.12.0"
}
[2026-01-21T11:29:17.971Z] [INFO] 📥 GET /api/health
{
  "IP": "192.168.103.205",
  "UserAgent": "okhttp/4.12.0"
}
[2026-01-21T11:29:22.260Z] [INFO] 📥 GET /api/transaction-history?from_date=2025-10-23&to_date=2026-01-22&limit=1000
{
  "IP": "127.0.0.1",
  "UserAgent": "unknown"
}
[2026-01-21T11:29:22.262Z] [DEBUG] Requesting database connection from pool
[2026-01-21T11:29:22.263Z] [DEBUG] Database connection obtained from pool
[2026-01-21T11:29:22.267Z] [INFO] [Transaction History] Executing query
{
  "query": "\n      SELECT \n        id,\n        transaction_id,\n        COALESCE(transaction_number, '') as transaction_number,\n        transaction_date,\n        transaction_type,\n        reference_doc_type,\n        reference_doc,\n        wms_transaction_title,\n        item_code,\n        item_name,\n        warehouse,\n        warehouse_name,\n        bin_location,\n        location_id,\n        carton_id,\n        batch_no,\n        serial_no,\n        qty_change,\n        qty_before,\n        qty_after,\n        stoc",
  "params": [
    "2025-10-23",
    "2026-01-22",
    1000
  ],
  "paramsCount": 3,
  "hasTransactionNoColumn": true,
  "transactionNoColumnName": "transaction_number",
  "filters": {
    "from_date": "2025-10-23",
    "to_date": "2026-01-22",
    "limit": 1000
  }
}
[2026-01-21T11:29:22.269Z] [INFO] [Transaction History] Query executed successfully
{
  "rowsReturned": 4,
  "sampleRow": {
    "id": 22,
    "item_code": "SKU-HAT-301-GRN-OS",
    "transaction_date": "2026-01-21T11:06:58.000Z",
    "transaction_type": "Putaway",
    "transaction_number": "TRX-PUT-1768993618400-90"
  }
}
[2026-01-21T11:29:22.273Z] [INFO] [Transaction History] Returning response
{
  "totalRecords": 4,
  "sampleRecord": {
    "id": 22,
    "item_code": "SKU-HAT-301-GRN-OS",
    "transaction_date": "2026-01-21T11:06:58.000Z"
  }
}
[2026-01-21T11:29:24.924Z] [INFO] 📥 GET /api/health
{
  "IP": "192.168.103.205",
  "UserAgent": "okhttp/4.12.0"
}
[2026-01-21T11:29:28.486Z] [INFO] 📥 GET /api/health
{
  "IP": "192.168.103.205",
  "UserAgent": "okhttp/4.12.0"
}
[2026-01-21T11:29:40.675Z] [INFO] 📥 GET /api/health
{
  "IP": "192.168.103.205",
  "UserAgent": "okhttp/4.12.0"
}
[2026-01-21T11:29:44.308Z] [INFO] 📥 GET /api/health
{
  "IP": "192.168.103.205",
  "UserAgent": "okhttp/4.12.0"
}
[2026-01-21T11:29:46.926Z] [INFO] 📥 GET /api/health
{
  "IP": "192.168.103.205",
  "UserAgent": "okhttp/4.12.0"
}
[2026-01-21T11:29:47.979Z] [INFO] 📥 GET /api/health
{
  "IP": "192.168.103.205",
  "UserAgent": "okhttp/4.12.0"
}
[2026-01-21T11:29:54.930Z] [INFO] 📥 GET /api/health
{
  "IP": "192.168.103.205",
  "UserAgent": "okhttp/4.12.0"
}
[2026-01-21T11:29:58.493Z] [INFO] 📥 GET /api/health
{
  "IP": "192.168.103.205",
  "UserAgent": "okhttp/4.12.0"
}
[2026-01-21T11:30:10.671Z] [INFO] 📥 GET /api/health
{
  "IP": "192.168.103.205",
  "UserAgent": "okhttp/4.12.0"
}
[2026-01-21T11:30:14.345Z] [INFO] 📥 GET /api/health
{
  "IP": "192.168.103.205",
  "UserAgent": "okhttp/4.12.0"
}
[2026-01-21T11:30:16.905Z] [INFO] 📥 GET /api/health
{
  "IP": "192.168.103.205",
  "UserAgent": "okhttp/4.12.0"
}
[2026-01-21T11:30:18.004Z] [INFO] 📥 GET /api/health
{
  "IP": "192.168.103.205",
  "UserAgent": "okhttp/4.12.0"
}
[2026-01-21T11:30:24.938Z] [INFO] 📥 GET /api/health
{
  "IP": "192.168.103.205",
  "UserAgent": "okhttp/4.12.0"
}
[2026-01-21T11:30:28.532Z] [INFO] 📥 GET /api/health
{
  "IP": "192.168.103.205",
  "UserAgent": "okhttp/4.12.0"
}
[2026-01-21T11:30:40.702Z] [INFO] 📥 GET /api/health
{
  "IP": "192.168.103.205",
  "UserAgent": "okhttp/4.12.0"
}
[2026-01-21T11:30:44.339Z] [INFO] 📥 GET /api/health
{
  "IP": "192.168.103.205",
  "UserAgent": "okhttp/4.12.0"
}
[2026-01-21T11:30:46.902Z] [INFO] 📥 GET /api/health
{
  "IP": "192.168.103.205",
  "UserAgent": "okhttp/4.12.0"
}
[2026-01-21T11:30:47.996Z] [INFO] 📥 GET /api/health
{
  "IP": "192.168.103.205",
  "UserAgent": "okhttp/4.12.0"
}
[2026-01-21T11:30:54.933Z] [INFO] 📥 GET /api/health
{
  "IP": "192.168.103.205",
  "UserAgent": "okhttp/4.12.0"
}
[2026-01-21T11:30:58.546Z] [INFO] 📥 GET /api/health
{
  "IP": "192.168.103.205",
  "UserAgent": "okhttp/4.12.0"
}
[2026-01-21T11:31:10.698Z] [INFO] 📥 GET /api/health
{
  "IP": "192.168.103.205",
  "UserAgent": "okhttp/4.12.0"
}
[2026-01-21T11:31:14.350Z] [INFO] 📥 GET /api/health
{
  "IP": "192.168.103.205",
  "UserAgent": "okhttp/4.12.0"
}
[2026-01-21T11:31:16.927Z] [INFO] 📥 GET /api/health
{
  "IP": "192.168.103.205",
  "UserAgent": "okhttp/4.12.0"
}
[2026-01-21T11:31:18.090Z] [INFO] 📥 GET /api/health
{
  "IP": "192.168.103.205",
  "UserAgent": "okhttp/4.12.0"
}
[2026-01-21T11:31:24.952Z] [INFO] 📥 GET /api/health
{
  "IP": "192.168.103.205",
  "UserAgent": "okhttp/4.12.0"
}
[2026-01-21T11:31:28.149Z] [INFO] 📥 GET /api/putaway/tasks?source_type=ASN&status=Draft%2CIn+Progress
{
  "IP": "192.168.103.205",
  "UserAgent": "okhttp/4.12.0"
}
[2026-01-21T11:31:28.151Z] [INFO] [Putaway Tasks API] Request received:
{
  "status": "Draft,In Progress",
  "source_type": "ASN",
  "advance_shipping_notice": "NOT_PROVIDED",
  "transfer_in": "NOT_PROVIDED"
}
[2026-01-21T11:31:28.152Z] [DEBUG] Requesting database connection from pool
[2026-01-21T11:31:28.153Z] [DEBUG] Database connection obtained from pool
[2026-01-21T11:31:28.154Z] [INFO] 📥 GET /api/putaway/tasks?source_type=ASN&status=Draft%2CIn+Progress
{
  "IP": "192.168.103.205",
  "UserAgent": "okhttp/4.12.0"
}
[2026-01-21T11:31:28.155Z] [INFO] [Putaway Tasks API] Request received:
{
  "status": "Draft,In Progress",
  "source_type": "ASN",
  "advance_shipping_notice": "NOT_PROVIDED",
  "transfer_in": "NOT_PROVIDED"
}
[2026-01-21T11:31:28.156Z] [DEBUG] Requesting database connection from pool
[2026-01-21T11:31:28.157Z] [DEBUG] Database connection obtained from pool
[2026-01-21T11:31:28.158Z] [INFO] [Putaway Tasks API] Status filter applied:
[
  "Draft",
  "In Progress"
]
[2026-01-21T11:31:28.159Z] [INFO] [Putaway Tasks API] Status filter applied:
[
  "Draft",
  "In Progress"
]
[2026-01-21T11:31:28.162Z] [INFO] [Putaway Tasks API] Query executed:
{
  "whereClause": "WHERE pt.status IN (?,?) AND COALESCE(pt.source_type, \"ASN\") = ?",
  "params": [
    "Draft",
    "In Progress",
    "ASN"
  ],
  "tasks_found": 0
}
[2026-01-21T11:31:28.163Z] [WARN] [Putaway Tasks API] No tasks found with filters:
{
  "status": "Draft,In Progress",
  "source_type": "ASN",
  "advance_shipping_notice": "ALL",
  "transfer_in": "ALL"
}
[2026-01-21T11:31:28.164Z] [INFO] [Putaway Tasks API] Query executed:
{
  "whereClause": "WHERE pt.status IN (?,?) AND COALESCE(pt.source_type, \"ASN\") = ?",
  "params": [
    "Draft",
    "In Progress",
    "ASN"
  ],
  "tasks_found": 0
}
[2026-01-21T11:31:28.165Z] [WARN] [Putaway Tasks API] No tasks found with filters:
{
  "status": "Draft,In Progress",
  "source_type": "ASN",
  "advance_shipping_notice": "ALL",
  "transfer_in": "ALL"
}
[2026-01-21T11:31:28.366Z] [INFO] 📥 GET /api/putaway/tasks?source_type=TransferIn&status=Draft%2COpen%2CIn+Progress
{
  "IP": "192.168.103.205",
  "UserAgent": "okhttp/4.12.0"
}
[2026-01-21T11:31:28.367Z] [INFO] [Putaway Tasks API] Request received:
{
  "status": "Draft,Open,In Progress",
  "source_type": "TransferIn",
  "advance_shipping_notice": "NOT_PROVIDED",
  "transfer_in": "NOT_PROVIDED"
}
[2026-01-21T11:31:28.367Z] [DEBUG] Requesting database connection from pool
[2026-01-21T11:31:28.368Z] [DEBUG] Database connection obtained from pool
[2026-01-21T11:31:28.369Z] [INFO] 📥 GET /api/putaway/tasks?source_type=TransferIn&status=Draft%2COpen%2CIn+Progress
{
  "IP": "192.168.103.205",
  "UserAgent": "okhttp/4.12.0"
}
[2026-01-21T11:31:28.370Z] [INFO] [Putaway Tasks API] Request received:
{
  "status": "Draft,Open,In Progress",
  "source_type": "TransferIn",
  "advance_shipping_notice": "NOT_PROVIDED",
  "transfer_in": "NOT_PROVIDED"
}
[2026-01-21T11:31:28.370Z] [DEBUG] Requesting database connection from pool
[2026-01-21T11:31:28.371Z] [DEBUG] Database connection obtained from pool
[2026-01-21T11:31:28.373Z] [INFO] [Putaway Tasks API] Status filter applied:
[
  "Draft",
  "Open",
  "In Progress"
]
[2026-01-21T11:31:28.375Z] [INFO] [Putaway Tasks API] Status filter applied:
[
  "Draft",
  "Open",
  "In Progress"
]
[2026-01-21T11:31:28.377Z] [INFO] [Putaway Tasks API] Query executed:
{
  "whereClause": "WHERE pt.status IN (?,?,?) AND COALESCE(pt.source_type, \"ASN\") = ?",
  "params": [
    "Draft",
    "Open",
    "In Progress",
    "TransferIn"
  ],
  "tasks_found": 0
}
[2026-01-21T11:31:28.377Z] [WARN] [Putaway Tasks API] No tasks found with filters:
{
  "status": "Draft,Open,In Progress",
  "source_type": "TransferIn",
  "advance_shipping_notice": "ALL",
  "transfer_in": "ALL"
}
[2026-01-21T11:31:28.380Z] [INFO] [Putaway Tasks API] Query executed:
{
  "whereClause": "WHERE pt.status IN (?,?,?) AND COALESCE(pt.source_type, \"ASN\") = ?",
  "params": [
    "Draft",
    "Open",
    "In Progress",
    "TransferIn"
  ],
  "tasks_found": 0
}
[2026-01-21T11:31:28.380Z] [WARN] [Putaway Tasks API] No tasks found with filters:
{
  "status": "Draft,Open,In Progress",
  "source_type": "TransferIn",
  "advance_shipping_notice": "ALL",
  "transfer_in": "ALL"
}
[2026-01-21T11:31:28.520Z] [INFO] 📥 GET /api/health
{
  "IP": "192.168.103.205",
  "UserAgent": "okhttp/4.12.0"
}
[2026-01-21T11:31:29.093Z] [INFO] 📥 GET /api/transfer-in/INSLIP-123457
{
  "IP": "192.168.103.205",
  "UserAgent": "okhttp/4.12.0"
}
[2026-01-21T11:31:29.094Z] [DEBUG] Requesting database connection from pool
[2026-01-21T11:31:29.094Z] [DEBUG] Database connection obtained from pool
[2026-01-21T11:31:31.852Z] [INFO] 📥 GET /api/transfer-in
{
  "IP": "192.168.103.205",
  "UserAgent": "okhttp/4.12.0"
}
[2026-01-21T11:31:31.853Z] [DEBUG] Requesting database connection from pool
[2026-01-21T11:31:31.853Z] [DEBUG] Database connection obtained from pool
[2026-01-21T11:31:40.728Z] [INFO] 📥 GET /api/health
{
  "IP": "192.168.103.205",
  "UserAgent": "okhttp/4.12.0"
}
[2026-01-21T11:31:44.785Z] [INFO] 📥 GET /api/transaction-history?from_date=2025-10-23&to_date=2026-01-22&limit=1000
{
  "IP": "127.0.0.1",
  "UserAgent": "unknown"
}
[2026-01-21T11:31:44.788Z] [DEBUG] Requesting database connection from pool
[2026-01-21T11:31:44.790Z] [DEBUG] Database connection obtained from pool
[2026-01-21T11:31:44.806Z] [INFO] [Transaction History] Executing query
{
  "query": "\n      SELECT \n        id,\n        transaction_id,\n        COALESCE(transaction_number, '') as transaction_number,\n        transaction_date,\n        transaction_type,\n        reference_doc_type,\n        reference_doc,\n        wms_transaction_title,\n        item_code,\n        item_name,\n        warehouse,\n        warehouse_name,\n        bin_location,\n        location_id,\n        carton_id,\n        batch_no,\n        serial_no,\n        qty_change,\n        qty_before,\n        qty_after,\n        stoc",
  "params": [
    "2025-10-23",
    "2026-01-22",
    1000
  ],
  "paramsCount": 3,
  "hasTransactionNoColumn": true,
  "transactionNoColumnName": "transaction_number",
  "filters": {
    "from_date": "2025-10-23",
    "to_date": "2026-01-22",
    "limit": 1000
  }
}
[2026-01-21T11:31:44.811Z] [INFO] [Transaction History] Query executed successfully
{
  "rowsReturned": 0,
  "sampleRow": null
}
[2026-01-21T11:31:44.813Z] [INFO] [Transaction History] Returning response
{
  "totalRecords": 0,
  "sampleRecord": null
}
[2026-01-21T11:31:58.291Z] [INFO] 📥 GET /api/health
{
  "IP": "192.168.103.205",
  "UserAgent": "okhttp/4.12.0"
}
[2026-01-21T11:31:58.506Z] [INFO] 📥 GET /api/master/items
{
  "IP": "192.168.103.205",
  "UserAgent": "okhttp/4.12.0"
}
[2026-01-21T11:31:58.509Z] [DEBUG] Requesting database connection from pool
[2026-01-21T11:31:58.511Z] [DEBUG] Database connection obtained from pool
[2026-01-21T11:31:58.862Z] [INFO] 📥 GET /api/master/asns
{
  "IP": "192.168.103.205",
  "UserAgent": "okhttp/4.12.0"
}
[2026-01-21T11:31:58.868Z] [DEBUG] Requesting database connection from pool
[2026-01-21T11:31:58.869Z] [DEBUG] Database connection obtained from pool
[2026-01-21T11:31:59.145Z] [INFO] 📥 GET /api/master/transfer-orders
{
  "IP": "192.168.103.205",
  "UserAgent": "okhttp/4.12.0"
}
[2026-01-21T11:31:59.147Z] [DEBUG] Requesting database connection from pool
[2026-01-21T11:31:59.148Z] [DEBUG] Database connection obtained from pool
[2026-01-21T11:31:59.414Z] [INFO] 📥 GET /api/master/boxes
{
  "IP": "192.168.103.205",
  "UserAgent": "okhttp/4.12.0"
}
[2026-01-21T11:31:59.416Z] [DEBUG] Requesting database connection from pool
[2026-01-21T11:31:59.418Z] [DEBUG] Database connection obtained from pool
[2026-01-21T11:31:59.692Z] [INFO] 📥 GET /api/master/transfer-cartons
{
  "IP": "192.168.103.205",
  "UserAgent": "okhttp/4.12.0"
}
[2026-01-21T11:31:59.695Z] [DEBUG] Requesting database connection from pool
[2026-01-21T11:31:59.696Z] [DEBUG] Database connection obtained from pool
[2026-01-21T11:31:59.979Z] [INFO] 📥 GET /api/master/warehouse-racks
{
  "IP": "192.168.103.205",
  "UserAgent": "okhttp/4.12.0"
}
[2026-01-21T11:31:59.980Z] [DEBUG] Requesting database connection from pool
[2026-01-21T11:31:59.982Z] [DEBUG] Database connection obtained from pool
[2026-01-21T11:32:00.294Z] [INFO] 📥 GET /api/master/warehouses
{
  "IP": "192.168.103.205",
  "UserAgent": "okhttp/4.12.0"
}
[2026-01-21T11:32:00.295Z] [DEBUG] Requesting database connection from pool
[2026-01-21T11:32:00.299Z] [DEBUG] Database connection obtained from pool
[2026-01-21T11:32:00.587Z] [INFO] 📥 GET /api/warehouses/stores
{
  "IP": "192.168.103.205",
  "UserAgent": "okhttp/4.12.0"
}
[2026-01-21T11:32:00.595Z] [DEBUG] Requesting database connection from pool
[2026-01-21T11:32:00.598Z] [DEBUG] Database connection obtained from pool
[2026-01-21T11:32:00.894Z] [INFO] 📥 GET /api/master/locations
{
  "IP": "192.168.103.205",
  "UserAgent": "okhttp/4.12.0"
}
[2026-01-21T11:32:00.896Z] [DEBUG] Requesting database connection from pool
[2026-01-21T11:32:00.897Z] [DEBUG] Database connection obtained from pool
[2026-01-21T11:32:01.212Z] [INFO] 📥 GET /api/master/bin-master
{
  "IP": "192.168.103.205",
  "UserAgent": "okhttp/4.12.0"
}
[2026-01-21T11:32:01.213Z] [DEBUG] Requesting database connection from pool
[2026-01-21T11:32:01.214Z] [DEBUG] Database connection obtained from pool
[2026-01-21T11:32:01.613Z] [INFO] 📥 GET /api/master/stock-ledger
{
  "IP": "192.168.103.205",
  "UserAgent": "okhttp/4.12.0"
}
[2026-01-21T11:32:01.615Z] [DEBUG] Requesting database connection from pool
[2026-01-21T11:32:01.615Z] [DEBUG] Database connection obtained from pool
[2026-01-21T11:32:01.860Z] [INFO] 📥 GET /api/master/item-barcode-map
{
  "IP": "192.168.103.205",
  "UserAgent": "okhttp/4.12.0"
}
[2026-01-21T11:32:01.862Z] [DEBUG] Requesting database connection from pool
[2026-01-21T11:32:01.863Z] [DEBUG] Database connection obtained from pool
[2026-01-21T11:32:10.708Z] [INFO] 📥 GET /api/health
{
  "IP": "192.168.103.205",
  "UserAgent": "okhttp/4.12.0"
}
[2026-01-21T11:33:24.268Z] [INFO] 📊 Database Configuration
{
  "Host": "localhost",
  "Port": "3306",
  "User": "erppadmin",
  "Password": "***",
  "Database": "wms_desktop"
}
[2026-01-21T11:33:24.326Z] [INFO] ======================================================================
[2026-01-21T11:33:24.326Z] [INFO] 🚀 WMS API Server Started
[2026-01-21T11:33:24.327Z] [INFO] ======================================================================
[2026-01-21T11:33:24.327Z] [INFO] 🔍 Server Configuration
{
  "HOST": "0.0.0.0",
  "PORT": "3000",
  "API_BASE_URL": "http://localhost:3000",
  "NetworkIPs": [
    "192.168.103.219"
  ]
}
[2026-01-21T11:33:24.328Z] [SUCCESS] Server running on all interfaces (0.0.0.0:3000)
[2026-01-21T11:33:24.328Z] [INFO] 📍 Access URLs
{
  "Health": "http://192.168.103.219:3000/health",
  "API": "http://localhost:3000/api",
  "LocalHealth": "http://localhost:3000/health",
  "LocalAPI": "http://localhost:3000/api"
}
[2026-01-21T11:33:24.328Z] [INFO] ======================================================================
[2026-01-21T11:33:28.479Z] [INFO] 📥 GET /api/health
{
  "IP": "192.168.103.205",
  "UserAgent": "okhttp/4.12.0"
}
[2026-01-21T11:33:28.527Z] [INFO] 📥 GET /api/transfer-in
{
  "IP": "192.168.103.205",
  "UserAgent": "okhttp/4.12.0"
}
[2026-01-21T11:33:28.530Z] [DEBUG] Requesting database connection from pool
[2026-01-21T11:33:28.532Z] [INFO] 📥 GET /api/transfer-in
{
  "IP": "192.168.103.205",
  "UserAgent": "okhttp/4.12.0"
}
[2026-01-21T11:33:28.533Z] [DEBUG] Requesting database connection from pool
[2026-01-21T11:33:28.546Z] [SUCCESS] New database connection established
[2026-01-21T11:33:28.547Z] [DEBUG] Database connection obtained from pool
[2026-01-21T11:33:28.548Z] [SUCCESS] New database connection established
[2026-01-21T11:33:28.549Z] [DEBUG] Database connection obtained from pool
[2026-01-21T11:33:29.584Z] [INFO] 📥 GET /api/health
{
  "IP": "192.168.103.205",
  "UserAgent": "okhttp/4.12.0"
}
[2026-01-21T11:33:29.637Z] [INFO] 📥 GET /api/transfer-in/INSLIP-123457
{
  "IP": "192.168.103.205",
  "UserAgent": "okhttp/4.12.0"
}
[2026-01-21T11:33:29.638Z] [DEBUG] Requesting database connection from pool
[2026-01-21T11:33:29.639Z] [DEBUG] Database connection obtained from pool
[2026-01-21T11:33:31.211Z] [INFO] 📥 GET /api/health
{
  "IP": "192.168.103.205",
  "UserAgent": "okhttp/4.12.0"
}
[2026-01-21T11:33:32.820Z] [INFO] 📥 POST /api/boxes/create
{
  "IP": "192.168.103.205",
  "UserAgent": "okhttp/4.12.0"
}
[2026-01-21T11:33:32.836Z] [DEBUG] Request body
{
  "box_id": "CTN-TI-123457-20260121-143334-608",
  "asn_no": "INSLIP-123457",
  "store": "WH-MAIN",
  "purpose": "PUTAWAY",
  "user_id": "USER-402498",
  "carton_id": "CTN-TI-123457-20260121-143334-608",
  "to_no": "Putaway"
}
[2026-01-21T11:33:32.837Z] [DEBUG] Requesting database connection from pool
[2026-01-21T11:33:32.837Z] [DEBUG] Database connection obtained from pool
[2026-01-21T11:33:34.541Z] [INFO] 📥 POST /api/transfer-in/INSLIP-123457/validate-carton
{
  "IP": "192.168.103.205",
  "UserAgent": "okhttp/4.12.0"
}
[2026-01-21T11:33:34.543Z] [DEBUG] Request body
{
  "carton_id": "CTN-TI-123457-20260121-143334-608"
}
[2026-01-21T11:33:34.545Z] [DEBUG] Requesting database connection from pool
[2026-01-21T11:33:34.545Z] [DEBUG] Database connection obtained from pool
[2026-01-21T11:33:34.775Z] [INFO] 📥 GET /api/health
{
  "IP": "192.168.103.205",
  "UserAgent": "okhttp/4.12.0"
}
[2026-01-21T11:33:34.834Z] [INFO] 📥 GET /api/transfer-in/INSLIP-123457
{
  "IP": "192.168.103.205",
  "UserAgent": "okhttp/4.12.0"
}
[2026-01-21T11:33:34.835Z] [DEBUG] Requesting database connection from pool
[2026-01-21T11:33:34.836Z] [DEBUG] Database connection obtained from pool
[2026-01-21T11:33:34.842Z] [INFO] 📥 GET /api/transfer-in/INSLIP-123457
{
  "IP": "192.168.103.205",
  "UserAgent": "okhttp/4.12.0"
}
[2026-01-21T11:33:34.843Z] [DEBUG] Requesting database connection from pool
[2026-01-21T11:33:34.843Z] [DEBUG] Database connection obtained from pool
[2026-01-21T11:33:38.478Z] [INFO] 📥 POST /api/events/batch
{
  "IP": "192.168.103.205",
  "UserAgent": "okhttp/4.12.0"
}
[2026-01-21T11:33:38.479Z] [DEBUG] Request body
{
  "events": [
    {
      "offline_uuid": "059b1385-2113-4848-8676-061951de044f",
      "event_type": "TRANSFER_IN_RECEIVE",
      "asn_no": null,
      "to_no": null,
      "inbound_session": null,
      "carton_id": "CTN-TI-123457-20260121-143334-608",
      "item_code": "SKU-HAT-301-BLU-OS",
      "qty": 2,
      "store": "WH-MAIN",
      "box_id": "CTN-TI-123457-20260121-143334-608",
      "tc_id": null,
      "rack": null,
      "bin": null,
      "device_id": "DEV-O280-402498",
      "user_id": "USER-402498",
      "event_time": "2026-01-21T11:33:39.993Z",
      "synced": 0,
      "error_msg": null,
      "material_request": null,
      "transfer_in": "INSLIP-123457",
      "cycle_count_title": null,
      "source_bin": null,
      "location_id": null
    }
  ]
}
[2026-01-21T11:33:38.483Z] [DEBUG] Requesting database connection from pool
[2026-01-21T11:33:38.484Z] [DEBUG] Database connection obtained from pool
[2026-01-21T11:33:38.748Z] [INFO] 📥 GET /api/health
{
  "IP": "192.168.103.205",
  "UserAgent": "okhttp/4.12.0"
}
[2026-01-21T11:33:40.745Z] [INFO] 📥 GET /api/health
{
  "IP": "192.168.103.205",
  "UserAgent": "okhttp/4.12.0"
}
[2026-01-21T11:33:40.912Z] [INFO] 📥 GET /api/transfer-in/INSLIP-123457
{
  "IP": "192.168.103.205",
  "UserAgent": "okhttp/4.12.0"
}
[2026-01-21T11:33:40.913Z] [DEBUG] Requesting database connection from pool
[2026-01-21T11:33:40.914Z] [DEBUG] Database connection obtained from pool
[2026-01-21T11:33:43.090Z] [INFO] 📥 POST /api/events/batch
{
  "IP": "192.168.103.205",
  "UserAgent": "okhttp/4.12.0"
}
[2026-01-21T11:33:43.091Z] [DEBUG] Request body
{
  "events": [
    {
      "offline_uuid": "68293b85-2246-43cd-bf3c-93c5279ee448",
      "event_type": "TRANSFER_IN_RECEIVE",
      "asn_no": null,
      "to_no": null,
      "inbound_session": null,
      "carton_id": "CTN-TI-123457-20260121-143334-608",
      "item_code": "SKU-HAT-301-GRN-OS",
      "qty": 2,
      "store": "WH-MAIN",
      "box_id": "CTN-TI-123457-20260121-143334-608",
      "tc_id": null,
      "rack": null,
      "bin": null,
      "device_id": "DEV-O280-402498",
      "user_id": "USER-402498",
      "event_time": "2026-01-21T11:33:44.589Z",
      "synced": 0,
      "error_msg": null,
      "material_request": null,
      "transfer_in": "INSLIP-123457",
      "cycle_count_title": null,
      "source_bin": null,
      "location_id": null
    }
  ]
}
[2026-01-21T11:33:43.092Z] [DEBUG] Requesting database connection from pool
[2026-01-21T11:33:43.092Z] [DEBUG] Database connection obtained from pool
[2026-01-21T11:33:43.272Z] [INFO] 📥 GET /api/health
{
  "IP": "192.168.103.205",
  "UserAgent": "okhttp/4.12.0"
}
[2026-01-21T11:33:45.444Z] [INFO] 📥 GET /api/transfer-in/INSLIP-123457
{
  "IP": "192.168.103.205",
  "UserAgent": "okhttp/4.12.0"
}
[2026-01-21T11:33:45.446Z] [DEBUG] Requesting database connection from pool
[2026-01-21T11:33:45.447Z] [DEBUG] Database connection obtained from pool
[2026-01-21T11:33:49.408Z] [INFO] 📥 POST /api/transfer-in/INSLIP-123457/complete-receiving
{
  "IP": "192.168.103.205",
  "UserAgent": "okhttp/4.12.0"
}
[2026-01-21T11:33:49.409Z] [DEBUG] Request body
{
  "transfer_in": "INSLIP-123457"
}
[2026-01-21T11:33:49.409Z] [DEBUG] Requesting database connection from pool
[2026-01-21T11:33:49.410Z] [DEBUG] Database connection obtained from pool
[2026-01-21T11:33:49.670Z] [INFO] 📥 GET /api/transfer-in/INSLIP-123457
{
  "IP": "192.168.103.205",
  "UserAgent": "okhttp/4.12.0"
}
[2026-01-21T11:33:49.671Z] [DEBUG] Requesting database connection from pool
[2026-01-21T11:33:49.671Z] [DEBUG] Database connection obtained from pool
[2026-01-21T11:33:51.506Z] [INFO] 📥 GET /api/health
{
  "IP": "192.168.103.205",
  "UserAgent": "okhttp/4.12.0"
}
[2026-01-21T11:33:51.645Z] [INFO] 📥 GET /api/putaway/tasks?source_type=ASN&status=Draft%2CIn+Progress
{
  "IP": "192.168.103.205",
  "UserAgent": "okhttp/4.12.0"
}
[2026-01-21T11:33:51.646Z] [INFO] [Putaway Tasks API] Request received:
{
  "status": "Draft,In Progress",
  "source_type": "ASN",
  "advance_shipping_notice": "NOT_PROVIDED",
  "transfer_in": "NOT_PROVIDED"
}
[2026-01-21T11:33:51.646Z] [DEBUG] Requesting database connection from pool
[2026-01-21T11:33:51.647Z] [DEBUG] Database connection obtained from pool
[2026-01-21T11:33:51.648Z] [INFO] [Putaway Tasks API] Status filter applied:
[
  "Draft",
  "In Progress"
]
[2026-01-21T11:33:51.650Z] [INFO] [Putaway Tasks API] Query executed:
{
  "whereClause": "WHERE pt.status IN (?,?) AND COALESCE(pt.source_type, \"ASN\") = ?",
  "params": [
    "Draft",
    "In Progress",
    "ASN"
  ],
  "tasks_found": 0
}
[2026-01-21T11:33:51.651Z] [WARN] [Putaway Tasks API] No tasks found with filters:
{
  "status": "Draft,In Progress",
  "source_type": "ASN",
  "advance_shipping_notice": "ALL",
  "transfer_in": "ALL"
}
[2026-01-21T11:33:51.653Z] [INFO] 📥 GET /api/putaway/tasks?source_type=ASN&status=Draft%2CIn+Progress
{
  "IP": "192.168.103.205",
  "UserAgent": "okhttp/4.12.0"
}
[2026-01-21T11:33:51.653Z] [INFO] [Putaway Tasks API] Request received:
{
  "status": "Draft,In Progress",
  "source_type": "ASN",
  "advance_shipping_notice": "NOT_PROVIDED",
  "transfer_in": "NOT_PROVIDED"
}
[2026-01-21T11:33:51.653Z] [DEBUG] Requesting database connection from pool
[2026-01-21T11:33:51.654Z] [DEBUG] Database connection obtained from pool
[2026-01-21T11:33:51.655Z] [INFO] [Putaway Tasks API] Status filter applied:
[
  "Draft",
  "In Progress"
]
[2026-01-21T11:33:51.656Z] [INFO] [Putaway Tasks API] Query executed:
{
  "whereClause": "WHERE pt.status IN (?,?) AND COALESCE(pt.source_type, \"ASN\") = ?",
  "params": [
    "Draft",
    "In Progress",
    "ASN"
  ],
  "tasks_found": 0
}
[2026-01-21T11:33:51.657Z] [WARN] [Putaway Tasks API] No tasks found with filters:
{
  "status": "Draft,In Progress",
  "source_type": "ASN",
  "advance_shipping_notice": "ALL",
  "transfer_in": "ALL"
}
[2026-01-21T11:33:51.866Z] [INFO] 📥 GET /api/putaway/tasks?source_type=TransferIn&status=Draft%2COpen%2CIn+Progress
{
  "IP": "192.168.103.205",
  "UserAgent": "okhttp/4.12.0"
}
[2026-01-21T11:33:51.867Z] [INFO] [Putaway Tasks API] Request received:
{
  "status": "Draft,Open,In Progress",
  "source_type": "TransferIn",
  "advance_shipping_notice": "NOT_PROVIDED",
  "transfer_in": "NOT_PROVIDED"
}
[2026-01-21T11:33:51.867Z] [DEBUG] Requesting database connection from pool
[2026-01-21T11:33:51.868Z] [DEBUG] Database connection obtained from pool
[2026-01-21T11:33:51.868Z] [INFO] 📥 GET /api/putaway/tasks?source_type=TransferIn&status=Draft%2COpen%2CIn+Progress
{
  "IP": "192.168.103.205",
  "UserAgent": "okhttp/4.12.0"
}
[2026-01-21T11:33:51.869Z] [INFO] [Putaway Tasks API] Request received:
{
  "status": "Draft,Open,In Progress",
  "source_type": "TransferIn",
  "advance_shipping_notice": "NOT_PROVIDED",
  "transfer_in": "NOT_PROVIDED"
}
[2026-01-21T11:33:51.869Z] [DEBUG] Requesting database connection from pool
[2026-01-21T11:33:51.869Z] [DEBUG] Database connection obtained from pool
[2026-01-21T11:33:51.870Z] [INFO] [Putaway Tasks API] Status filter applied:
[
  "Draft",
  "Open",
  "In Progress"
]
[2026-01-21T11:33:51.872Z] [INFO] [Putaway Tasks API] Query executed:
{
  "whereClause": "WHERE pt.status IN (?,?,?) AND COALESCE(pt.source_type, \"ASN\") = ?",
  "params": [
    "Draft",
    "Open",
    "In Progress",
    "TransferIn"
  ],
  "tasks_found": 1
}
[2026-01-21T11:33:51.872Z] [INFO] [Putaway Tasks API] Tasks found:
[
  {
    "title": "PUT-20260121-0001",
    "status": "Open",
    "source_type": "TransferIn",
    "transfer_in": "INSLIP-123457"
  }
]
[2026-01-21T11:33:51.873Z] [INFO] [Putaway Tasks API] Status filter applied:
[
  "Draft",
  "Open",
  "In Progress"
]
[2026-01-21T11:33:51.875Z] [INFO] [Putaway Tasks API] Returning 1 task(s) to client
[2026-01-21T11:33:51.876Z] [INFO] [Putaway Tasks API] Query executed:
{
  "whereClause": "WHERE pt.status IN (?,?,?) AND COALESCE(pt.source_type, \"ASN\") = ?",
  "params": [
    "Draft",
    "Open",
    "In Progress",
    "TransferIn"
  ],
  "tasks_found": 1
}
[2026-01-21T11:33:51.877Z] [INFO] [Putaway Tasks API] Tasks found:
[
  {
    "title": "PUT-20260121-0001",
    "status": "Open",
    "source_type": "TransferIn",
    "transfer_in": "INSLIP-123457"
  }
]
[2026-01-21T11:33:51.881Z] [INFO] [Putaway Tasks API] Returning 1 task(s) to client
[2026-01-21T11:33:58.497Z] [INFO] 📥 GET /api/health
{
  "IP": "192.168.103.205",
  "UserAgent": "okhttp/4.12.0"
}
[2026-01-21T11:33:59.576Z] [INFO] 📥 GET /api/health
{
  "IP": "192.168.103.205",
  "UserAgent": "okhttp/4.12.0"
}
[2026-01-21T11:34:01.196Z] [INFO] 📥 GET /api/health
{
  "IP": "192.168.103.205",
  "UserAgent": "okhttp/4.12.0"
}
[2026-01-21T11:34:04.788Z] [INFO] 📥 GET /api/health
{
  "IP": "192.168.103.205",
  "UserAgent": "okhttp/4.12.0"
}
[2026-01-21T11:34:10.764Z] [INFO] 📥 GET /api/health
{
  "IP": "192.168.103.205",
  "UserAgent": "okhttp/4.12.0"
}
[2026-01-21T11:34:10.999Z] [INFO] 📥 POST /api/putaway/scan-transfer-carton
{
  "IP": "192.168.103.205",
  "UserAgent": "okhttp/4.12.0"
}
[2026-01-21T11:34:11.001Z] [DEBUG] Request body
{
  "location_id": "A1-R02-L1-B2",
  "user_id": "USER-402498",
  "warehouse_id": "WH-MAIN",
  "putaway_task": "PUT-20260121-0001",
  "box_id": "CTN-TI-123457-20260121-143334-608",
  "carton_id": "CTN-TI-123457-20260121-143334-608",
  "tc_id": null
}
[2026-01-21T11:34:11.005Z] [INFO] [Putaway Scan] Entry: location_id=A1-R02-L1-B2, box_id=CTN-TI-123457-20260121-143334-608, tc_id=NULL, putaway_task=PUT-20260121-0001, carton_id=CTN-TI-123457-20260121-143334-608
[2026-01-21T11:34:11.008Z] [DEBUG] Requesting database connection from pool
[2026-01-21T11:34:11.009Z] [DEBUG] Database connection obtained from pool
[2026-01-21T11:34:11.027Z] [INFO] [Putaway Validation] Validated ASN putaway box CTN-TI-123457-20260121-143334-608
[2026-01-21T11:34:11.028Z] [INFO] [Putaway Scan] Checking location update path: taskTitleToCheck=PUT-20260121-0001, location_id=A1-R02-L1-B2, actualPutawayTask=PUT-20260121-0001
[2026-01-21T11:34:11.030Z] [INFO] [Putaway Scan] ✅ Location update path triggered: task=PUT-20260121-0001, location=A1-R02-L1-B2
[2026-01-21T11:34:11.037Z] [INFO] [Putaway] Updating 2 line(s) with location: location_id=A1-R02-L1-B2, rack=Rack 02, bin=B2
{
  "hasLineLocationIdColumn": true,
  "hasLineRack": true,
  "hasLineBin": true
}
[2026-01-21T11:34:11.038Z] [INFO] [Putaway] Including location_id=A1-R02-L1-B2 in UPDATE for line ID 429
[2026-01-21T11:34:11.040Z] [INFO] [Putaway] Executing UPDATE query: UPDATE tabPutawayLine SET rack = ?, bin = ?, location_id = ?, updated_at = CURRENT_TIMESTAMP WHERE id = ? with params: [Rack 02, B2, A1-R02-L1-B2, 429]
[2026-01-21T11:34:11.046Z] [INFO] [Putaway] Updated line ID 429: 1 row(s) affected
[2026-01-21T11:34:11.047Z] [INFO] [Putaway] Including location_id=A1-R02-L1-B2 in UPDATE for line ID 430
[2026-01-21T11:34:11.047Z] [INFO] [Putaway] Executing UPDATE query: UPDATE tabPutawayLine SET rack = ?, bin = ?, location_id = ?, updated_at = CURRENT_TIMESTAMP WHERE id = ? with params: [Rack 02, B2, A1-R02-L1-B2, 430]
[2026-01-21T11:34:11.049Z] [INFO] [Putaway] Updated line ID 430: 1 row(s) affected
[2026-01-21T11:34:11.063Z] [INFO] [Putaway] Triggering stock updates for putaway task PUT-20260121-0001 after location assignment
[2026-01-21T11:34:11.066Z] [DEBUG] Requesting database connection from pool
[2026-01-21T11:34:11.067Z] [DEBUG] Database connection obtained from pool
[2026-01-21T11:34:11.071Z] [INFO] [Putaway] 🔵 About to call processPutawayCompletionEvent with params:
{
  "event_type": "PUTAWAY_TO_RACK",
  "putaway_task": "PUT-20260121-0001",
  "box_id": "CTN-TI-123457-20260121-143334-608",
  "carton_id": "CTN-TI-123457-20260121-143334-608",
  "location_id": "A1-R02-L1-B2",
  "rack": "Rack 02",
  "bin": "B2",
  "warehouse": "WH-MAIN",
  "user_id": "USER-402498"
}
[2026-01-21T11:34:11.075Z] [INFO] [Putaway Completion] ========================================
[2026-01-21T11:34:11.077Z] [INFO] [Putaway Completion] 🔵 ENTRY: processPutawayCompletionEvent called
[2026-01-21T11:34:11.078Z] [INFO] [Putaway Completion] Connection validation:
{
  "hasConnection": true,
  "connectionType": "object",
  "hasExecute": true
}
[2026-01-21T11:34:11.079Z] [INFO] [Putaway Completion] Event object: {
  "putaway_task": "PUT-20260121-0001",
  "tc_id": "NULL",
  "box_id": "CTN-TI-123457-20260121-143334-608",
  "carton_id": "CTN-TI-123457-20260121-143334-608",
  "location_id": "A1-R02-L1-B2",
  "rack": "Rack 02",
  "bin": "B2",
  "item_code": "NULL",
  "qty": "NULL",
  "user_id": "USER-402498",
  "store": "WH-MAIN",
  "event_type": "PUTAWAY_TO_RACK"
}
[2026-01-21T11:34:11.081Z] [INFO] [Putaway Completion] ========================================
[2026-01-21T11:34:11.081Z] [INFO] [Putaway Completion] 🔍 DEBUG: About to extract event parameters...
[2026-01-21T11:34:11.083Z] [INFO] [Putaway Completion] 🔍 DEBUG: Event parameters extracted successfully
[2026-01-21T11:34:11.085Z] [INFO] [Putaway Completion] Step 0: Extracted event parameters:
{
  "putaway_task": "PUT-20260121-0001",
  "tc_id": "NULL",
  "box_id": "CTN-TI-123457-20260121-143334-608",
  "carton_id": "CTN-TI-123457-20260121-143334-608",
  "location_id": "A1-R02-L1-B2",
  "item_code": "NULL",
  "qty": "NULL"
}
[2026-01-21T11:34:11.087Z] [INFO] [Putaway Completion] Step 0a: Initial putawayTaskTitle: PUT-20260121-0001
[2026-01-21T11:34:11.090Z] [INFO] [Putaway Completion] Step 0b: ✅ putawayTaskTitle resolved: PUT-20260121-0001
[2026-01-21T11:34:11.091Z] [INFO] [Putaway Completion] Processing putaway task: PUT-20260121-0001, carton_id from event: CTN-TI-123457-20260121-143334-608, item_code: NULL, qty: NULL, location_id: A1-R02-L1-B2, rack: Rack 02, bin: B2
[2026-01-21T11:34:11.092Z] [INFO] [Putaway Completion] Step 1: Starting transaction...
[2026-01-21T11:34:11.094Z] [INFO] [Putaway Completion] ✅ Transaction started
[2026-01-21T11:34:11.094Z] [INFO] [Putaway Completion] Step 2: Locking putaway task row: PUT-20260121-0001
[2026-01-21T11:34:11.096Z] [INFO] [Putaway Completion] Task status query result:
{
  "found": true,
  "status": "In Progress"
}
[2026-01-21T11:34:11.097Z] [INFO] [Putaway Completion] ✅ Task status check passed: In Progress
[2026-01-21T11:34:11.115Z] [INFO] [Putaway Completion] Manual trigger detected (item_code=null) - processing all lines for task, not filtering by carton_id
[2026-01-21T11:34:11.118Z] [INFO] [Putaway Completion] Step 4: Querying putaway lines...
[2026-01-21T11:34:11.118Z] [INFO] [Putaway Completion] Query: SELECT item_code, qty, rack, bin, carton_id, location_id FROM tabPutawayLine WHERE parent_title = ? AND item_code IS NOT NULL AND qty > 0
[2026-01-21T11:34:11.119Z] [INFO] [Putaway Completion] Params: [
  "PUT-20260121-0001"
]
[2026-01-21T11:34:11.122Z] [INFO] [Putaway Completion] Putaway lines query result:
{
  "lines_count": 2,
  "lines": [
    {
      "item_code": "SKU-HAT-301-BLU-OS",
      "qty": "2.00",
      "carton_id": "CTN-TI-123457-20260121-143334-608",
      "location_id": "A1-R02-L1-B2",
      "rack": "Rack 02",
      "bin": "B2"
    },
    {
      "item_code": "SKU-HAT-301-GRN-OS",
      "qty": "2.00",
      "carton_id": "CTN-TI-123457-20260121-143334-608",
      "location_id": "A1-R02-L1-B2",
      "rack": "Rack 02",
      "bin": "B2"
    }
  ]
}
[2026-01-21T11:34:11.123Z] [INFO] [Putaway Completion] ✅ Found 2 putaway line(s) for task PUT-20260121-0001
[2026-01-21T11:34:11.128Z] [INFO] [Putaway Completion] Transfer In putaway detected: transfer_in=INSLIP-123457, task.warehouse=WH-MAIN
[2026-01-21T11:34:11.129Z] [INFO] [Putaway Completion] Using warehouse from putaway task: WH-MAIN
[2026-01-21T11:34:11.133Z] [INFO] [Putaway Completion] Step 5: Warehouse resolved: WH-MAIN
[2026-01-21T11:34:11.135Z] [INFO] [Putaway Completion] Step 5: Starting stock update loop...
[2026-01-21T11:34:11.136Z] [INFO] [Putaway Completion] Stock update loop parameters:
{
  "warehouse": "WH-MAIN",
  "total_lines": 2,
  "event_location_id": "A1-R02-L1-B2",
  "event_rack": "Rack 02",
  "event_bin": "B2",
  "event_carton_id": "CTN-TI-123457-20260121-143334-608",
  "event_box_id": "CTN-TI-123457-20260121-143334-608"
}
[2026-01-21T11:34:11.136Z] [INFO] [Putaway Completion] ========================================
[2026-01-21T11:34:11.138Z] [INFO] [Putaway Completion] Processing line 1/2
[2026-01-21T11:34:11.139Z] [INFO] [Putaway Completion] Line data: {
  "item_code": "SKU-HAT-301-BLU-OS",
  "qty": "2.00",
  "carton_id": "CTN-TI-123457-20260121-143334-608",
  "location_id": "A1-R02-L1-B2",
  "rack": "Rack 02",
  "bin": "B2"
}
[2026-01-21T11:34:11.140Z] [INFO] [Putaway Completion] Location determination for line 1:
{
  "event_location_id": "A1-R02-L1-B2",
  "line_location_id": "A1-R02-L1-B2",
  "line_rack": "Rack 02",
  "line_bin": "B2",
  "event_rack": "Rack 02",
  "event_bin": "B2",
  "resolved_binLocation": "A1-R02-L1-B2"
}
[2026-01-21T11:34:11.141Z] [INFO] [Putaway Completion] Line 1 validation:
{
  "itemCode": "SKU-HAT-301-BLU-OS",
  "lineQty": 2,
  "binLocation": "A1-R02-L1-B2",
  "hasItemCode": true,
  "hasValidQty": true,
  "hasValidLocation": true
}
[2026-01-21T11:34:11.143Z] [INFO] [Putaway Completion] ✅ Line 1 passed validation - processing stock update
[2026-01-21T11:34:11.144Z] [INFO] [Putaway Completion] Stock update details:
{
  "item_code": "SKU-HAT-301-BLU-OS",
  "qty": 2,
  "fromLocation": "NULL",
  "toLocation": "A1-R02-L1-B2",
  "cartonId": "CTN-TI-123457-20260121-143334-608",
  "warehouse": "WH-MAIN"
}
[2026-01-21T11:34:11.157Z] [INFO] [Putaway Completion] ========================================
[2026-01-21T11:34:11.158Z] [INFO] [Putaway Completion] 🔵 EXECUTING STOCK LEDGER INSERT/UPDATE
[2026-01-21T11:34:11.159Z] [INFO] [Putaway Completion] Item: SKU-HAT-301-BLU-OS
[2026-01-21T11:34:11.159Z] [INFO] [Putaway Completion] Location: A1-R02-L1-B2
[2026-01-21T11:34:11.160Z] [INFO] [Putaway Completion] Warehouse: WH-MAIN
[2026-01-21T11:34:11.160Z] [INFO] [Putaway Completion] New Qty: 2
[2026-01-21T11:34:11.161Z] [INFO] [Putaway Completion] Current Qty: 0
[2026-01-21T11:34:11.162Z] [INFO] [Putaway Completion] SQL: INSERT INTO tabStockLedger (item_code, warehouse, bin_location, qty, reserved_qty, qty_before, qty_reduced, last_transaction_date, last_transaction_type, last_transaction_ref, updated_at, created_at) VALUES (?, ?, ?, ?, ?, ?, ?, NOW(), 'Putaway', ?, NOW(), NOW()) ON DUPLICATE KEY UPDATE qty = ?, qty_before = ?, qty_reduced = ?, last_transaction_date = NOW(), last_transaction_type = 'Putaway', last_transaction_ref = ?, updated_at = NOW()
[2026-01-21T11:34:11.163Z] [INFO] [Putaway Completion] Insert Params: [
  "SKU-HAT-301-BLU-OS",
  "WH-MAIN",
  "A1-R02-L1-B2",
  2,
  0,
  0,
  2,
  "PUT-20260121-0001"
]
[2026-01-21T11:34:11.163Z] [INFO] [Putaway Completion] Update Params: [
  2,
  0,
  2,
  "PUT-20260121-0001"
]
[2026-01-21T11:34:11.164Z] [INFO] [Putaway Completion] ========================================
[2026-01-21T11:34:11.167Z] [INFO] [Putaway Completion] ✅ STOCK LEDGER UPDATE RESULT:
{
  "item_code": "SKU-HAT-301-BLU-OS",
  "bin_location": "A1-R02-L1-B2",
  "warehouse": "WH-MAIN",
  "new_qty": 2,
  "affectedRows": 1,
  "insertId": 33,
  "changedRows": 0
}
[2026-01-21T11:34:11.178Z] [INFO] [Putaway Completion] 🔍 Adding qty_before: 0 (needsQtyBefore: true, currentQty: 0)
[2026-01-21T11:34:11.179Z] [INFO] [Putaway Completion] 🔍 Adding qty_after: 2 (needsQtyAfter: true, newQty: 2)
[2026-01-21T11:34:11.179Z] [INFO] [Putaway Completion] ========================================
[2026-01-21T11:34:11.180Z] [INFO] [Putaway Completion] 🔵 EXECUTING TRANSACTION HISTORY INSERT
[2026-01-21T11:34:11.181Z] [INFO] [Putaway Completion] Item: SKU-HAT-301-BLU-OS
[2026-01-21T11:34:11.181Z] [INFO] [Putaway Completion] Location: A1-R02-L1-B2
[2026-01-21T11:34:11.182Z] [INFO] [Putaway Completion] Qty Change: 2
[2026-01-21T11:34:11.183Z] [INFO] [Putaway Completion] Fields (15):
[
  "transaction_id",
  "transaction_number",
  "transaction_date",
  "transaction_type",
  "reference_doc",
  "item_code",
  "item_name",
  "warehouse",
  "location_id",
  "bin_location",
  "carton_id",
  "qty_change",
  "qty_before",
  "qty_after",
  "performed_by"
]
[2026-01-21T11:34:11.183Z] [INFO] [Putaway Completion] SQL: INSERT INTO tabTransactionHistory (transaction_id, transaction_number, transaction_date, transaction_type, reference_doc, item_code, item_name, warehouse, location_id, bin_location, carton_id, qty_change, qty_before, qty_after, performed_by) VALUES (?, ?, NOW(), ?, ?, ?, ?, ?, ?, ?, ?, ?, ?, ?, ?)
[2026-01-21T11:34:11.184Z] [INFO] [Putaway Completion] Values: [
  176899525117783,
  "TRX-PUT-1768995251173-870",
  "Putaway",
  "PUT-20260121-0001",
  "SKU-HAT-301-BLU-OS",
  "Baseball Cap Blue One Size",
  "WH-MAIN",
  "A1-R02-L1-B2",
  "A1-R02-L1-B2",
  "CTN-TI-123457-20260121-143334-608",
  2,
  0,
  2,
  "USER-402498"
]
[2026-01-21T11:34:11.185Z] [INFO] [Putaway Completion] ========================================
[2026-01-21T11:34:11.188Z] [INFO] [Putaway Completion] ✅ TRANSACTION HISTORY INSERT RESULT:
{
  "item_code": "SKU-HAT-301-BLU-OS",
  "bin_location": "A1-R02-L1-B2",
  "qty_change": 2,
  "affectedRows": 1,
  "insertId": 24
}
[2026-01-21T11:34:11.188Z] [INFO] [Putaway Completion] ========================================
[2026-01-21T11:34:11.189Z] [INFO] [Putaway Completion] Processing line 2/2
[2026-01-21T11:34:11.189Z] [INFO] [Putaway Completion] Line data: {
  "item_code": "SKU-HAT-301-GRN-OS",
  "qty": "2.00",
  "carton_id": "CTN-TI-123457-20260121-143334-608",
  "location_id": "A1-R02-L1-B2",
  "rack": "Rack 02",
  "bin": "B2"
}
[2026-01-21T11:34:11.190Z] [INFO] [Putaway Completion] Location determination for line 2:
{
  "event_location_id": "A1-R02-L1-B2",
  "line_location_id": "A1-R02-L1-B2",
  "line_rack": "Rack 02",
  "line_bin": "B2",
  "event_rack": "Rack 02",
  "event_bin": "B2",
  "resolved_binLocation": "A1-R02-L1-B2"
}
[2026-01-21T11:34:11.192Z] [INFO] [Putaway Completion] Line 2 validation:
{
  "itemCode": "SKU-HAT-301-GRN-OS",
  "lineQty": 2,
  "binLocation": "A1-R02-L1-B2",
  "hasItemCode": true,
  "hasValidQty": true,
  "hasValidLocation": true
}
[2026-01-21T11:34:11.193Z] [INFO] [Putaway Completion] ✅ Line 2 passed validation - processing stock update
[2026-01-21T11:34:11.194Z] [INFO] [Putaway Completion] Stock update details:
{
  "item_code": "SKU-HAT-301-GRN-OS",
  "qty": 2,
  "fromLocation": "NULL",
  "toLocation": "A1-R02-L1-B2",
  "cartonId": "CTN-TI-123457-20260121-143334-608",
  "warehouse": "WH-MAIN"
}
[2026-01-21T11:34:11.200Z] [INFO] [Putaway Completion] ========================================
[2026-01-21T11:34:11.201Z] [INFO] [Putaway Completion] 🔵 EXECUTING STOCK LEDGER INSERT/UPDATE
[2026-01-21T11:34:11.202Z] [INFO] [Putaway Completion] Item: SKU-HAT-301-GRN-OS
[2026-01-21T11:34:11.202Z] [INFO] [Putaway Completion] Location: A1-R02-L1-B2
[2026-01-21T11:34:11.203Z] [INFO] [Putaway Completion] Warehouse: WH-MAIN
[2026-01-21T11:34:11.203Z] [INFO] [Putaway Completion] New Qty: 2
[2026-01-21T11:34:11.204Z] [INFO] [Putaway Completion] Current Qty: 0
[2026-01-21T11:34:11.205Z] [INFO] [Putaway Completion] SQL: INSERT INTO tabStockLedger (item_code, warehouse, bin_location, qty, reserved_qty, qty_before, qty_reduced, last_transaction_date, last_transaction_type, last_transaction_ref, updated_at, created_at) VALUES (?, ?, ?, ?, ?, ?, ?, NOW(), 'Putaway', ?, NOW(), NOW()) ON DUPLICATE KEY UPDATE qty = ?, qty_before = ?, qty_reduced = ?, last_transaction_date = NOW(), last_transaction_type = 'Putaway', last_transaction_ref = ?, updated_at = NOW()
[2026-01-21T11:34:11.206Z] [INFO] [Putaway Completion] Insert Params: [
  "SKU-HAT-301-GRN-OS",
  "WH-MAIN",
  "A1-R02-L1-B2",
  2,
  0,
  0,
  2,
  "PUT-20260121-0001"
]
[2026-01-21T11:34:11.207Z] [INFO] [Putaway Completion] Update Params: [
  2,
  0,
  2,
  "PUT-20260121-0001"
]
[2026-01-21T11:34:11.207Z] [INFO] [Putaway Completion] ========================================
[2026-01-21T11:34:11.209Z] [INFO] [Putaway Completion] ✅ STOCK LEDGER UPDATE RESULT:
{
  "item_code": "SKU-HAT-301-GRN-OS",
  "bin_location": "A1-R02-L1-B2",
  "warehouse": "WH-MAIN",
  "new_qty": 2,
  "affectedRows": 1,
  "insertId": 34,
  "changedRows": 0
}
[2026-01-21T11:34:11.226Z] [INFO] [Putaway Completion] 🔍 Adding qty_before: 0 (needsQtyBefore: true, currentQty: 0)
[2026-01-21T11:34:11.227Z] [INFO] [Putaway Completion] 🔍 Adding qty_after: 2 (needsQtyAfter: true, newQty: 2)
[2026-01-21T11:34:11.227Z] [INFO] [Putaway Completion] ========================================
[2026-01-21T11:34:11.228Z] [INFO] [Putaway Completion] 🔵 EXECUTING TRANSACTION HISTORY INSERT
[2026-01-21T11:34:11.229Z] [INFO] [Putaway Completion] Item: SKU-HAT-301-GRN-OS
[2026-01-21T11:34:11.230Z] [INFO] [Putaway Completion] Location: A1-R02-L1-B2
[2026-01-21T11:34:11.230Z] [INFO] [Putaway Completion] Qty Change: 2
[2026-01-21T11:34:11.231Z] [INFO] [Putaway Completion] Fields (15):
[
  "transaction_id",
  "transaction_number",
  "transaction_date",
  "transaction_type",
  "reference_doc",
  "item_code",
  "item_name",
  "warehouse",
  "location_id",
  "bin_location",
  "carton_id",
  "qty_change",
  "qty_before",
  "qty_after",
  "performed_by"
]
[2026-01-21T11:34:11.232Z] [INFO] [Putaway Completion] SQL: INSERT INTO tabTransactionHistory (transaction_id, transaction_number, transaction_date, transaction_type, reference_doc, item_code, item_name, warehouse, location_id, bin_location, carton_id, qty_change, qty_before, qty_after, performed_by) VALUES (?, ?, NOW(), ?, ?, ?, ?, ?, ?, ?, ?, ?, ?, ?, ?)
[2026-01-21T11:34:11.232Z] [INFO] [Putaway Completion] Values: [
  176899525122539,
  "TRX-PUT-1768995251218-640",
  "Putaway",
  "PUT-20260121-0001",
  "SKU-HAT-301-GRN-OS",
  "Baseball Cap Green One Size",
  "WH-MAIN",
  "A1-R02-L1-B2",
  "A1-R02-L1-B2",
  "CTN-TI-123457-20260121-143334-608",
  2,
  0,
  2,
  "USER-402498"
]
[2026-01-21T11:34:11.233Z] [INFO] [Putaway Completion] ========================================
[2026-01-21T11:34:11.234Z] [INFO] [Putaway Completion] ✅ TRANSACTION HISTORY INSERT RESULT:
{
  "item_code": "SKU-HAT-301-GRN-OS",
  "bin_location": "A1-R02-L1-B2",
  "qty_change": 2,
  "affectedRows": 1,
  "insertId": 26
}
[2026-01-21T11:34:11.252Z] [INFO] [Putaway Completion] ========================================
[2026-01-21T11:34:11.253Z] [INFO] [Putaway Completion] Step 6: Stock update loop completed
[2026-01-21T11:34:11.253Z] [INFO] [Putaway Completion] Summary:
{
  "processed": 2,
  "skipped": 0,
  "total_lines": 2,
  "success_rate": "100.0%"
}
[2026-01-21T11:34:11.254Z] [INFO] [Putaway Completion] ========================================
[2026-01-21T11:34:11.254Z] [INFO] [Putaway Completion] Step 7: Marking putaway task as Completed...
[2026-01-21T11:34:11.256Z] [INFO] [Putaway Completion] Status update result:
{
  "affectedRows": 1
}
[2026-01-21T11:34:11.256Z] [INFO] [Putaway Completion] ========================================
[2026-01-21T11:34:11.257Z] [INFO] [Putaway Completion] Step 8: COMMITTING TRANSACTION
[2026-01-21T11:34:11.257Z] [INFO] [Putaway Completion] Task: PUT-20260121-0001
[2026-01-21T11:34:11.258Z] [INFO] [Putaway Completion] Processed: 2, Skipped: 0
[2026-01-21T11:34:11.258Z] [INFO] [Putaway Completion] ========================================
[2026-01-21T11:34:11.263Z] [INFO] [Putaway Completion] ✅✅✅ TRANSACTION COMMITTED SUCCESSFULLY ✅✅✅
[2026-01-21T11:34:11.264Z] [INFO] [Putaway Completion] Task: PUT-20260121-0001
[2026-01-21T11:34:11.265Z] [INFO] [Putaway Completion] ========================================
[2026-01-21T11:34:11.266Z] [DEBUG] Requesting database connection from pool
[2026-01-21T11:34:11.268Z] [DEBUG] Database connection obtained from pool
[2026-01-21T11:34:11.272Z] [INFO] [Putaway Completion] ✅ Successfully completed putaway task PUT-20260121-0001 - stock updated, task marked as Completed
{
  "stock_ledger_entries": 2,
  "transaction_history_entries": 4,
  "processed_lines": 2,
  "skipped_lines": 0,
  "putaway_task": "PUT-20260121-0001"
}
[2026-01-21T11:34:11.273Z] [INFO] [Putaway] ✅ Stock updates completed for putaway task PUT-20260121-0001
{
  "result": "undefined (function may not return value)"
}
[2026-01-21T11:34:11.274Z] [INFO] [Putaway] Updated location for putaway task PUT-20260121-0001: A1-R02-L1-B2 (2 lines updated)
{
  "putaway_task": "PUT-20260121-0001",
  "location_id": "A1-R02-L1-B2",
  "rack": "Rack 02",
  "bin": "B2",
  "lines_updated": 2,
  "hasLineLocationIdColumn": true,
  "hasLineRack": true,
  "hasLineBin": true
}
[2026-01-21T11:34:11.576Z] [INFO] 📥 GET /api/putaway/tasks?source_type=ASN&status=Draft%2CIn+Progress
{
  "IP": "192.168.103.205",
  "UserAgent": "okhttp/4.12.0"
}
[2026-01-21T11:34:11.579Z] [INFO] [Putaway Tasks API] Request received:
{
  "status": "Draft,In Progress",
  "source_type": "ASN",
  "advance_shipping_notice": "NOT_PROVIDED",
  "transfer_in": "NOT_PROVIDED"
}
[2026-01-21T11:34:11.581Z] [DEBUG] Requesting database connection from pool
[2026-01-21T11:34:11.582Z] [DEBUG] Database connection obtained from pool
[2026-01-21T11:34:11.585Z] [INFO] [Putaway Tasks API] Status filter applied:
[
  "Draft",
  "In Progress"
]
[2026-01-21T11:34:11.592Z] [INFO] [Putaway Tasks API] Query executed:
{
  "whereClause": "WHERE pt.status IN (?,?) AND COALESCE(pt.source_type, \"ASN\") = ?",
  "params": [
    "Draft",
    "In Progress",
    "ASN"
  ],
  "tasks_found": 0
}
[2026-01-21T11:34:11.595Z] [WARN] [Putaway Tasks API] No tasks found with filters:
{
  "status": "Draft,In Progress",
  "source_type": "ASN",
  "advance_shipping_notice": "ALL",
  "transfer_in": "ALL"
}
[2026-01-21T11:34:11.807Z] [INFO] 📥 GET /api/putaway/tasks?source_type=TransferIn&status=Draft%2COpen%2CIn+Progress
{
  "IP": "192.168.103.205",
  "UserAgent": "okhttp/4.12.0"
}
[2026-01-21T11:34:11.809Z] [INFO] [Putaway Tasks API] Request received:
{
  "status": "Draft,Open,In Progress",
  "source_type": "TransferIn",
  "advance_shipping_notice": "NOT_PROVIDED",
  "transfer_in": "NOT_PROVIDED"
}
[2026-01-21T11:34:11.811Z] [DEBUG] Requesting database connection from pool
[2026-01-21T11:34:11.814Z] [DEBUG] Database connection obtained from pool
[2026-01-21T11:34:11.820Z] [INFO] [Putaway Tasks API] Status filter applied:
[
  "Draft",
  "Open",
  "In Progress"
]
[2026-01-21T11:34:11.825Z] [INFO] [Putaway Tasks API] Query executed:
{
  "whereClause": "WHERE pt.status IN (?,?,?) AND COALESCE(pt.source_type, \"ASN\") = ?",
  "params": [
    "Draft",
    "Open",
    "In Progress",
    "TransferIn"
  ],
  "tasks_found": 0
}
[2026-01-21T11:34:11.827Z] [WARN] [Putaway Tasks API] No tasks found with filters:
{
  "status": "Draft,Open,In Progress",
  "source_type": "TransferIn",
  "advance_shipping_notice": "ALL",
  "transfer_in": "ALL"
}
[2026-01-21T11:34:13.465Z] [INFO] 📥 GET /api/putaway/tasks?source_type=ASN&status=Draft%2CIn+Progress
{
  "IP": "192.168.103.205",
  "UserAgent": "okhttp/4.12.0"
}
[2026-01-21T11:34:13.466Z] [INFO] [Putaway Tasks API] Request received:
{
  "status": "Draft,In Progress",
  "source_type": "ASN",
  "advance_shipping_notice": "NOT_PROVIDED",
  "transfer_in": "NOT_PROVIDED"
}
[2026-01-21T11:34:13.467Z] [DEBUG] Requesting database connection from pool
[2026-01-21T11:34:13.468Z] [DEBUG] Database connection obtained from pool
[2026-01-21T11:34:13.470Z] [INFO] 📥 GET /api/putaway/tasks?source_type=ASN&status=Draft%2CIn+Progress
{
  "IP": "192.168.103.205",
  "UserAgent": "okhttp/4.12.0"
}
[2026-01-21T11:34:13.471Z] [INFO] [Putaway Tasks API] Request received:
{
  "status": "Draft,In Progress",
  "source_type": "ASN",
  "advance_shipping_notice": "NOT_PROVIDED",
  "transfer_in": "NOT_PROVIDED"
}
[2026-01-21T11:34:13.473Z] [DEBUG] Requesting database connection from pool
[2026-01-21T11:34:13.475Z] [DEBUG] Database connection obtained from pool
[2026-01-21T11:34:13.477Z] [INFO] [Putaway Tasks API] Status filter applied:
[
  "Draft",
  "In Progress"
]
[2026-01-21T11:34:13.481Z] [INFO] [Putaway Tasks API] Status filter applied:
[
  "Draft",
  "In Progress"
]
[2026-01-21T11:34:13.487Z] [INFO] [Putaway Tasks API] Query executed:
{
  "whereClause": "WHERE pt.status IN (?,?) AND COALESCE(pt.source_type, \"ASN\") = ?",
  "params": [
    "Draft",
    "In Progress",
    "ASN"
  ],
  "tasks_found": 0
}
[2026-01-21T11:34:13.490Z] [WARN] [Putaway Tasks API] No tasks found with filters:
{
  "status": "Draft,In Progress",
  "source_type": "ASN",
  "advance_shipping_notice": "ALL",
  "transfer_in": "ALL"
}
[2026-01-21T11:34:13.497Z] [INFO] [Putaway Tasks API] Query executed:
{
  "whereClause": "WHERE pt.status IN (?,?) AND COALESCE(pt.source_type, \"ASN\") = ?",
  "params": [
    "Draft",
    "In Progress",
    "ASN"
  ],
  "tasks_found": 0
}
[2026-01-21T11:34:13.502Z] [WARN] [Putaway Tasks API] No tasks found with filters:
{
  "status": "Draft,In Progress",
  "source_type": "ASN",
  "advance_shipping_notice": "ALL",
  "transfer_in": "ALL"
}
[2026-01-21T11:34:13.732Z] [INFO] 📥 GET /api/putaway/tasks?source_type=TransferIn&status=Draft%2COpen%2CIn+Progress
{
  "IP": "192.168.103.205",
  "UserAgent": "okhttp/4.12.0"
}
[2026-01-21T11:34:13.733Z] [INFO] [Putaway Tasks API] Request received:
{
  "status": "Draft,Open,In Progress",
  "source_type": "TransferIn",
  "advance_shipping_notice": "NOT_PROVIDED",
  "transfer_in": "NOT_PROVIDED"
}
[2026-01-21T11:34:13.735Z] [DEBUG] Requesting database connection from pool
[2026-01-21T11:34:13.739Z] [DEBUG] Database connection obtained from pool
[2026-01-21T11:34:13.743Z] [INFO] 📥 GET /api/putaway/tasks?source_type=TransferIn&status=Draft%2COpen%2CIn+Progress
{
  "IP": "192.168.103.205",
  "UserAgent": "okhttp/4.12.0"
}
[2026-01-21T11:34:13.746Z] [INFO] [Putaway Tasks API] Request received:
{
  "status": "Draft,Open,In Progress",
  "source_type": "TransferIn",
  "advance_shipping_notice": "NOT_PROVIDED",
  "transfer_in": "NOT_PROVIDED"
}
[2026-01-21T11:34:13.748Z] [DEBUG] Requesting database connection from pool
[2026-01-21T11:34:13.750Z] [DEBUG] Database connection obtained from pool
[2026-01-21T11:34:13.753Z] [INFO] [Putaway Tasks API] Status filter applied:
[
  "Draft",
  "Open",
  "In Progress"
]
[2026-01-21T11:34:13.757Z] [INFO] [Putaway Tasks API] Status filter applied:
[
  "Draft",
  "Open",
  "In Progress"
]
[2026-01-21T11:34:13.766Z] [INFO] [Putaway Tasks API] Query executed:
{
  "whereClause": "WHERE pt.status IN (?,?,?) AND COALESCE(pt.source_type, \"ASN\") = ?",
  "params": [
    "Draft",
    "Open",
    "In Progress",
    "TransferIn"
  ],
  "tasks_found": 0
}
[2026-01-21T11:34:13.769Z] [WARN] [Putaway Tasks API] No tasks found with filters:
{
  "status": "Draft,Open,In Progress",
  "source_type": "TransferIn",
  "advance_shipping_notice": "ALL",
  "transfer_in": "ALL"
}
[2026-01-21T11:34:13.774Z] [INFO] [Putaway Tasks API] Query executed:
{
  "whereClause": "WHERE pt.status IN (?,?,?) AND COALESCE(pt.source_type, \"ASN\") = ?",
  "params": [
    "Draft",
    "Open",
    "In Progress",
    "TransferIn"
  ],
  "tasks_found": 0
}
[2026-01-21T11:34:13.778Z] [WARN] [Putaway Tasks API] No tasks found with filters:
{
  "status": "Draft,Open,In Progress",
  "source_type": "TransferIn",
  "advance_shipping_notice": "ALL",
  "transfer_in": "ALL"
}
[2026-01-21T11:34:21.517Z] [INFO] 📥 GET /api/health
{
  "IP": "192.168.103.205",
  "UserAgent": "okhttp/4.12.0"
}
[2026-01-21T11:34:28.509Z] [INFO] 📥 GET /api/health
{
  "IP": "192.168.103.205",
  "UserAgent": "okhttp/4.12.0"
}
[2026-01-21T11:34:29.599Z] [INFO] 📥 GET /api/health
{
  "IP": "192.168.103.205",
  "UserAgent": "okhttp/4.12.0"
}
[2026-01-21T11:34:31.206Z] [INFO] 📥 GET /api/health
{
  "IP": "192.168.103.205",
  "UserAgent": "okhttp/4.12.0"
}
[2026-01-21T11:34:34.713Z] [INFO] 📥 GET /api/transaction-history?from_date=2025-10-23&to_date=2026-01-22&limit=1000
{
  "IP": "127.0.0.1",
  "UserAgent": "unknown"
}
[2026-01-21T11:34:34.716Z] [DEBUG] Requesting database connection from pool
[2026-01-21T11:34:34.717Z] [DEBUG] Database connection obtained from pool
[2026-01-21T11:34:34.721Z] [INFO] [Transaction History] Executing query
{
  "query": "\n      SELECT \n        id,\n        transaction_id,\n        COALESCE(transaction_number, '') as transaction_number,\n        transaction_date,\n        transaction_type,\n        reference_doc_type,\n        reference_doc,\n        wms_transaction_title,\n        item_code,\n        item_name,\n        warehouse,\n        warehouse_name,\n        bin_location,\n        location_id,\n        carton_id,\n        batch_no,\n        serial_no,\n        qty_change,\n        qty_before,\n        qty_after,\n        stoc",
  "params": [
    "2025-10-23",
    "2026-01-22",
    1000
  ],
  "paramsCount": 3,
  "hasTransactionNoColumn": true,
  "transactionNoColumnName": "transaction_number",
  "filters": {
    "from_date": "2025-10-23",
    "to_date": "2026-01-22",
    "limit": 1000
  }
}
[2026-01-21T11:34:34.737Z] [INFO] [Transaction History] Query executed successfully
{
  "rowsReturned": 4,
  "sampleRow": {
    "id": 26,
    "item_code": "SKU-HAT-301-GRN-OS",
    "transaction_date": "2026-01-21T11:34:11.000Z",
    "transaction_type": "Putaway",
    "transaction_number": "TRX-PUT-1768995251218-640"
  }
}
[2026-01-21T11:34:34.744Z] [INFO] [Transaction History] Returning response
{
  "totalRecords": 4,
  "sampleRecord": {
    "id": 26,
    "item_code": "SKU-HAT-301-GRN-OS",
    "transaction_date": "2026-01-21T11:34:11.000Z",
    "transaction_type": "Putaway",
    "transaction_number": "TRX-PUT-1768995251218-640"
  },
  "responseFormat": {
    "ok": true,
    "hasData": true,
    "dataLength": 4
  }
}
[2026-01-21T11:34:34.747Z] [INFO] [Transaction History] Sending response
{
  "responseOk": true,
  "dataArrayLength": 4,
  "count": 4
}
[2026-01-21T11:34:34.805Z] [INFO] 📥 GET /api/health
{
  "IP": "192.168.103.205",
  "UserAgent": "okhttp/4.12.0"
}
[2026-01-21T11:34:40.753Z] [INFO] 📥 GET /api/health
{
  "IP": "192.168.103.205",
  "UserAgent": "okhttp/4.12.0"
}
[2026-01-21T11:34:51.528Z] [INFO] 📥 GET /api/health
{
  "IP": "192.168.103.205",
  "UserAgent": "okhttp/4.12.0"
}
[2026-01-21T11:34:58.510Z] [INFO] 📥 GET /api/health
{
  "IP": "192.168.103.205",
  "UserAgent": "okhttp/4.12.0"
}
[2026-01-21T11:34:59.597Z] [INFO] 📥 GET /api/health
{
  "IP": "192.168.103.205",
  "UserAgent": "okhttp/4.12.0"
}
[2026-01-21T11:35:01.279Z] [INFO] 📥 GET /api/health
{
  "IP": "192.168.103.205",
  "UserAgent": "okhttp/4.12.0"
}
[2026-01-21T11:35:04.808Z] [INFO] 📥 GET /api/health
{
  "IP": "192.168.103.205",
  "UserAgent": "okhttp/4.12.0"
}
[2026-01-21T11:35:10.785Z] [INFO] 📥 GET /api/health
{
  "IP": "192.168.103.205",
  "UserAgent": "okhttp/4.12.0"
}
[2026-01-21T11:35:21.532Z] [INFO] 📥 GET /api/health
{
  "IP": "192.168.103.205",
  "UserAgent": "okhttp/4.12.0"
}
[2026-01-21T11:35:28.518Z] [INFO] 📥 GET /api/health
{
  "IP": "192.168.103.205",
  "UserAgent": "okhttp/4.12.0"
}
[2026-01-21T11:35:29.603Z] [INFO] 📥 GET /api/health
{
  "IP": "192.168.103.205",
  "UserAgent": "okhttp/4.12.0"
}
[2026-01-21T11:35:31.241Z] [INFO] 📥 GET /api/health
{
  "IP": "192.168.103.205",
  "UserAgent": "okhttp/4.12.0"
}
[2026-01-21T11:35:34.816Z] [INFO] 📥 GET /api/health
{
  "IP": "192.168.103.205",
  "UserAgent": "okhttp/4.12.0"
}
[2026-01-21T11:35:40.769Z] [INFO] 📥 GET /api/health
{
  "IP": "192.168.103.205",
  "UserAgent": "okhttp/4.12.0"
}
[2026-01-21T11:35:51.561Z] [INFO] 📥 GET /api/health
{
  "IP": "192.168.103.205",
  "UserAgent": "okhttp/4.12.0"
}
[2026-01-21T11:35:58.528Z] [INFO] 📥 GET /api/health
{
  "IP": "192.168.103.205",
  "UserAgent": "okhttp/4.12.0"
}
[2026-01-21T11:35:59.618Z] [INFO] 📥 GET /api/health
{
  "IP": "192.168.103.205",
  "UserAgent": "okhttp/4.12.0"
}
[2026-01-21T11:36:01.255Z] [INFO] 📥 GET /api/health
{
  "IP": "192.168.103.205",
  "UserAgent": "okhttp/4.12.0"
}
[2026-01-21T11:36:04.900Z] [INFO] 📥 GET /api/health
{
  "IP": "192.168.103.205",
  "UserAgent": "okhttp/4.12.0"
}
[2026-01-21T11:36:10.808Z] [INFO] 📥 GET /api/health
{
  "IP": "192.168.103.205",
  "UserAgent": "okhttp/4.12.0"
}
[2026-01-21T11:36:21.554Z] [INFO] 📥 GET /api/health
{
  "IP": "192.168.103.205",
  "UserAgent": "okhttp/4.12.0"
}
[2026-01-21T11:36:28.562Z] [INFO] 📥 GET /api/health
{
  "IP": "192.168.103.205",
  "UserAgent": "okhttp/4.12.0"
}
[2026-01-21T11:36:29.643Z] [INFO] 📥 GET /api/health
{
  "IP": "192.168.103.205",
  "UserAgent": "okhttp/4.12.0"
}
[2026-01-21T11:36:31.243Z] [INFO] 📥 GET /api/health
{
  "IP": "192.168.103.205",
  "UserAgent": "okhttp/4.12.0"
}
[2026-01-21T11:36:34.848Z] [INFO] 📥 GET /api/health
{
  "IP": "192.168.103.205",
  "UserAgent": "okhttp/4.12.0"
}
[2026-01-21T11:36:40.807Z] [INFO] 📥 GET /api/health
{
  "IP": "192.168.103.205",
  "UserAgent": "okhttp/4.12.0"
}
[2026-01-21T11:36:51.571Z] [INFO] 📥 GET /api/health
{
  "IP": "192.168.103.205",
  "UserAgent": "okhttp/4.12.0"
}
[2026-01-21T11:36:58.776Z] [INFO] 📊 Database Configuration
{
  "Host": "localhost",
  "Port": "3306",
  "User": "erppadmin",
  "Password": "***",
  "Database": "wms_desktop"
}
[2026-01-21T11:36:58.825Z] [INFO] ======================================================================
[2026-01-21T11:36:58.826Z] [INFO] 🚀 WMS API Server Started
[2026-01-21T11:36:58.826Z] [INFO] ======================================================================
[2026-01-21T11:36:58.827Z] [INFO] 🔍 Server Configuration
{
  "HOST": "0.0.0.0",
  "PORT": "3000",
  "API_BASE_URL": "http://localhost:3000",
  "NetworkIPs": [
    "192.168.103.219"
  ]
}
[2026-01-21T11:36:58.827Z] [SUCCESS] Server running on all interfaces (0.0.0.0:3000)
[2026-01-21T11:36:58.828Z] [INFO] 📍 Access URLs
{
  "Health": "http://192.168.103.219:3000/health",
  "API": "http://localhost:3000/api",
  "LocalHealth": "http://localhost:3000/health",
  "LocalAPI": "http://localhost:3000/api"
}
[2026-01-21T11:36:58.828Z] [INFO] ======================================================================
[2026-01-21T11:36:59.647Z] [INFO] 📥 GET /api/health
{
  "IP": "192.168.103.205",
  "UserAgent": "okhttp/4.12.0"
}
[2026-01-21T11:37:01.250Z] [INFO] 📥 GET /api/health
{
  "IP": "192.168.103.205",
  "UserAgent": "okhttp/4.12.0"
}
[2026-01-21T11:37:01.280Z] [INFO] 📥 GET /api/transfer-in/INSLIP-123457
{
  "IP": "192.168.103.205",
  "UserAgent": "okhttp/4.12.0"
}
[2026-01-21T11:37:01.283Z] [DEBUG] Requesting database connection from pool
[2026-01-21T11:37:01.298Z] [SUCCESS] New database connection established
[2026-01-21T11:37:01.298Z] [DEBUG] Database connection obtained from pool
[2026-01-21T11:37:03.688Z] [INFO] 📥 GET /api/transfer-in
{
  "IP": "192.168.103.205",
  "UserAgent": "okhttp/4.12.0"
}
[2026-01-21T11:37:03.692Z] [DEBUG] Requesting database connection from pool
[2026-01-21T11:37:03.693Z] [DEBUG] Database connection obtained from pool
[2026-01-21T11:37:06.586Z] [INFO] 📥 POST /api/auth/login
{
  "IP": "192.168.103.205",
  "UserAgent": "okhttp/4.12.0"
}
[2026-01-21T11:37:06.598Z] [DEBUG] Requesting database connection from pool
[2026-01-21T11:37:06.599Z] [DEBUG] Database connection obtained from pool
[2026-01-21T11:37:07.064Z] [INFO] 📥 GET /api/health
{
  "IP": "192.168.103.205",
  "UserAgent": "okhttp/4.12.0"
}
[2026-01-21T11:37:27.910Z] [INFO] 📥 GET /api/health
{
  "IP": "192.168.103.205",
  "UserAgent": "okhttp/4.12.0"
}
[2026-01-21T11:37:27.961Z] [INFO] 📥 GET /api/transfer-in
{
  "IP": "192.168.103.205",
  "UserAgent": "okhttp/4.12.0"
}
[2026-01-21T11:37:27.964Z] [DEBUG] Requesting database connection from pool
[2026-01-21T11:37:27.965Z] [DEBUG] Database connection obtained from pool
[2026-01-21T11:37:27.969Z] [INFO] 📥 GET /api/transfer-in
{
  "IP": "192.168.103.205",
  "UserAgent": "okhttp/4.12.0"
}
[2026-01-21T11:37:27.973Z] [DEBUG] Requesting database connection from pool
[2026-01-21T11:37:27.988Z] [SUCCESS] New database connection established
[2026-01-21T11:37:27.992Z] [DEBUG] Database connection obtained from pool
[2026-01-21T11:37:28.798Z] [INFO] 📥 GET /api/health
{
  "IP": "192.168.103.205",
  "UserAgent": "okhttp/4.12.0"
}
[2026-01-21T11:37:28.855Z] [INFO] 📥 GET /api/transfer-in/INSLIP-123457
{
  "IP": "192.168.103.205",
  "UserAgent": "okhttp/4.12.0"
}
[2026-01-21T11:37:28.863Z] [DEBUG] Requesting database connection from pool
[2026-01-21T11:37:28.864Z] [DEBUG] Database connection obtained from pool
[2026-01-21T11:37:30.330Z] [INFO] 📥 GET /api/health
{
  "IP": "192.168.103.205",
  "UserAgent": "okhttp/4.12.0"
}
[2026-01-21T11:37:32.276Z] [INFO] 📥 POST /api/boxes/create
{
  "IP": "192.168.103.205",
  "UserAgent": "okhttp/4.12.0"
}
[2026-01-21T11:37:32.279Z] [DEBUG] Request body
{
  "box_id": "CTN-TI-123457-20260121-143733-370",
  "asn_no": "INSLIP-123457",
  "store": "WH-MAIN",
  "purpose": "PUTAWAY",
  "user_id": "USER-402498",
  "carton_id": "CTN-TI-123457-20260121-143733-370",
  "to_no": "Putaway"
}
[2026-01-21T11:37:32.282Z] [DEBUG] Requesting database connection from pool
[2026-01-21T11:37:32.283Z] [DEBUG] Database connection obtained from pool
[2026-01-21T11:37:33.835Z] [INFO] 📥 POST /api/transfer-in/INSLIP-123457/validate-carton
{
  "IP": "192.168.103.205",
  "UserAgent": "okhttp/4.12.0"
}
[2026-01-21T11:37:33.837Z] [DEBUG] Request body
{
  "carton_id": "CTN-TI-123457-20260121-143733-370"
}
[2026-01-21T11:37:33.840Z] [DEBUG] Requesting database connection from pool
[2026-01-21T11:37:33.845Z] [DEBUG] Database connection obtained from pool
[2026-01-21T11:37:34.085Z] [INFO] 📥 GET /api/health
{
  "IP": "192.168.103.205",
  "UserAgent": "okhttp/4.12.0"
}
[2026-01-21T11:37:34.142Z] [INFO] 📥 GET /api/transfer-in/INSLIP-123457
{
  "IP": "192.168.103.205",
  "UserAgent": "okhttp/4.12.0"
}
[2026-01-21T11:37:34.143Z] [DEBUG] Requesting database connection from pool
[2026-01-21T11:37:34.144Z] [DEBUG] Database connection obtained from pool
[2026-01-21T11:37:34.146Z] [INFO] 📥 GET /api/transfer-in/INSLIP-123457
{
  "IP": "192.168.103.205",
  "UserAgent": "okhttp/4.12.0"
}
[2026-01-21T11:37:34.147Z] [DEBUG] Requesting database connection from pool
[2026-01-21T11:37:34.147Z] [DEBUG] Database connection obtained from pool
[2026-01-21T11:37:37.057Z] [INFO] 📥 GET /api/health
{
  "IP": "192.168.103.205",
  "UserAgent": "okhttp/4.12.0"
}
[2026-01-21T11:37:37.646Z] [INFO] 📥 POST /api/events/batch
{
  "IP": "192.168.103.205",
  "UserAgent": "okhttp/4.12.0"
}
[2026-01-21T11:37:37.650Z] [DEBUG] Request body
{
  "events": [
    {
      "offline_uuid": "ffcf107d-1544-4893-ab47-c689ba00ffe7",
      "event_type": "TRANSFER_IN_RECEIVE",
      "asn_no": null,
      "to_no": null,
      "inbound_session": null,
      "carton_id": "CTN-TI-123457-20260121-143733-370",
      "item_code": "SKU-HAT-301-BLU-OS",
      "qty": 2,
      "store": "WH-MAIN",
      "box_id": "CTN-TI-123457-20260121-143733-370",
      "tc_id": null,
      "rack": null,
      "bin": null,
      "device_id": "DEV-O280-402498",
      "user_id": "USER-402498",
      "event_time": "2026-01-21T11:37:39.167Z",
      "synced": 0,
      "error_msg": null,
      "material_request": null,
      "transfer_in": "INSLIP-123457",
      "cycle_count_title": null,
      "source_bin": null,
      "location_id": null
    }
  ]
}
[2026-01-21T11:37:37.658Z] [DEBUG] Requesting database connection from pool
[2026-01-21T11:37:37.659Z] [DEBUG] Database connection obtained from pool
[2026-01-21T11:37:37.907Z] [INFO] 📥 GET /api/health
{
  "IP": "192.168.103.205",
  "UserAgent": "okhttp/4.12.0"
}
[2026-01-21T11:37:40.067Z] [INFO] 📥 GET /api/transfer-in/INSLIP-123457
{
  "IP": "192.168.103.205",
  "UserAgent": "okhttp/4.12.0"
}
[2026-01-21T11:37:40.070Z] [DEBUG] Requesting database connection from pool
[2026-01-21T11:37:40.071Z] [DEBUG] Database connection obtained from pool
[2026-01-21T11:37:43.342Z] [INFO] 📥 POST /api/events/batch
{
  "IP": "192.168.103.205",
  "UserAgent": "okhttp/4.12.0"
}
[2026-01-21T11:37:43.345Z] [DEBUG] Request body
{
  "events": [
    {
      "offline_uuid": "f39538c7-04ca-46e9-b40a-68aae43a8699",
      "event_type": "TRANSFER_IN_RECEIVE",
      "asn_no": null,
      "to_no": null,
      "inbound_session": null,
      "carton_id": "CTN-TI-123457-20260121-143733-370",
      "item_code": "SKU-HAT-301-GRN-OS",
      "qty": 2,
      "store": "WH-MAIN",
      "box_id": "CTN-TI-123457-20260121-143733-370",
      "tc_id": null,
      "rack": null,
      "bin": null,
      "device_id": "DEV-O280-402498",
      "user_id": "USER-402498",
      "event_time": "2026-01-21T11:37:44.858Z",
      "synced": 0,
      "error_msg": null,
      "material_request": null,
      "transfer_in": "INSLIP-123457",
      "cycle_count_title": null,
      "source_bin": null,
      "location_id": null
    }
  ]
}
[2026-01-21T11:37:43.351Z] [DEBUG] Requesting database connection from pool
[2026-01-21T11:37:43.353Z] [DEBUG] Database connection obtained from pool
[2026-01-21T11:37:43.554Z] [INFO] 📥 GET /api/health
{
  "IP": "192.168.103.205",
  "UserAgent": "okhttp/4.12.0"
}
[2026-01-21T11:37:45.739Z] [INFO] 📥 GET /api/transfer-in/INSLIP-123457
{
  "IP": "192.168.103.205",
  "UserAgent": "okhttp/4.12.0"
}
[2026-01-21T11:37:45.740Z] [DEBUG] Requesting database connection from pool
[2026-01-21T11:37:45.743Z] [DEBUG] Database connection obtained from pool
[2026-01-21T11:37:46.898Z] [INFO] 📥 POST /api/transfer-in/INSLIP-123457/complete-receiving
{
  "IP": "192.168.103.205",
  "UserAgent": "okhttp/4.12.0"
}
[2026-01-21T11:37:46.902Z] [DEBUG] Request body
{
  "transfer_in": "INSLIP-123457"
}
[2026-01-21T11:37:46.905Z] [DEBUG] Requesting database connection from pool
[2026-01-21T11:37:46.907Z] [DEBUG] Database connection obtained from pool
[2026-01-21T11:37:47.205Z] [INFO] 📥 GET /api/transfer-in/INSLIP-123457
{
  "IP": "192.168.103.205",
  "UserAgent": "okhttp/4.12.0"
}
[2026-01-21T11:37:47.207Z] [DEBUG] Requesting database connection from pool
[2026-01-21T11:37:47.207Z] [DEBUG] Database connection obtained from pool
[2026-01-21T11:37:51.873Z] [INFO] 📥 GET /api/health
{
  "IP": "192.168.103.205",
  "UserAgent": "okhttp/4.12.0"
}
[2026-01-21T11:37:52.001Z] [INFO] 📥 GET /api/putaway/tasks?source_type=ASN&status=Draft%2CIn+Progress
{
  "IP": "192.168.103.205",
  "UserAgent": "okhttp/4.12.0"
}
[2026-01-21T11:37:52.005Z] [INFO] [Putaway Tasks API] Request received:
{
  "status": "Draft,In Progress",
  "source_type": "ASN",
  "advance_shipping_notice": "NOT_PROVIDED",
  "transfer_in": "NOT_PROVIDED"
}
[2026-01-21T11:37:52.006Z] [DEBUG] Requesting database connection from pool
[2026-01-21T11:37:52.007Z] [DEBUG] Database connection obtained from pool
[2026-01-21T11:37:52.011Z] [INFO] 📥 GET /api/putaway/tasks?source_type=ASN&status=Draft%2CIn+Progress
{
  "IP": "192.168.103.205",
  "UserAgent": "okhttp/4.12.0"
}
[2026-01-21T11:37:52.013Z] [INFO] [Putaway Tasks API] Request received:
{
  "status": "Draft,In Progress",
  "source_type": "ASN",
  "advance_shipping_notice": "NOT_PROVIDED",
  "transfer_in": "NOT_PROVIDED"
}
[2026-01-21T11:37:52.014Z] [DEBUG] Requesting database connection from pool
[2026-01-21T11:37:52.018Z] [DEBUG] Database connection obtained from pool
[2026-01-21T11:37:52.025Z] [INFO] [Putaway Tasks API] Status filter applied:
[
  "Draft",
  "In Progress"
]
[2026-01-21T11:37:52.030Z] [INFO] [Putaway Tasks API] Status filter applied:
[
  "Draft",
  "In Progress"
]
[2026-01-21T11:37:52.038Z] [INFO] [Putaway Tasks API] Query executed:
{
  "whereClause": "WHERE pt.status IN (?,?) AND COALESCE(pt.source_type, \"ASN\") = ?",
  "params": [
    "Draft",
    "In Progress",
    "ASN"
  ],
  "tasks_found": 0
}
[2026-01-21T11:37:52.043Z] [WARN] [Putaway Tasks API] No tasks found with filters:
{
  "status": "Draft,In Progress",
  "source_type": "ASN",
  "advance_shipping_notice": "ALL",
  "transfer_in": "ALL"
}
[2026-01-21T11:37:52.049Z] [INFO] [Putaway Tasks API] Query executed:
{
  "whereClause": "WHERE pt.status IN (?,?) AND COALESCE(pt.source_type, \"ASN\") = ?",
  "params": [
    "Draft",
    "In Progress",
    "ASN"
  ],
  "tasks_found": 0
}
[2026-01-21T11:37:52.051Z] [WARN] [Putaway Tasks API] No tasks found with filters:
{
  "status": "Draft,In Progress",
  "source_type": "ASN",
  "advance_shipping_notice": "ALL",
  "transfer_in": "ALL"
}
[2026-01-21T11:37:52.263Z] [INFO] 📥 GET /api/putaway/tasks?source_type=TransferIn&status=Draft%2COpen%2CIn+Progress
{
  "IP": "192.168.103.205",
  "UserAgent": "okhttp/4.12.0"
}
[2026-01-21T11:37:52.265Z] [INFO] [Putaway Tasks API] Request received:
{
  "status": "Draft,Open,In Progress",
  "source_type": "TransferIn",
  "advance_shipping_notice": "NOT_PROVIDED",
  "transfer_in": "NOT_PROVIDED"
}
[2026-01-21T11:37:52.266Z] [DEBUG] Requesting database connection from pool
[2026-01-21T11:37:52.267Z] [DEBUG] Database connection obtained from pool
[2026-01-21T11:37:52.269Z] [INFO] 📥 GET /api/putaway/tasks?source_type=TransferIn&status=Draft%2COpen%2CIn+Progress
{
  "IP": "192.168.103.205",
  "UserAgent": "okhttp/4.12.0"
}
[2026-01-21T11:37:52.270Z] [INFO] [Putaway Tasks API] Request received:
{
  "status": "Draft,Open,In Progress",
  "source_type": "TransferIn",
  "advance_shipping_notice": "NOT_PROVIDED",
  "transfer_in": "NOT_PROVIDED"
}
[2026-01-21T11:37:52.271Z] [DEBUG] Requesting database connection from pool
[2026-01-21T11:37:52.272Z] [DEBUG] Database connection obtained from pool
[2026-01-21T11:37:52.273Z] [INFO] [Putaway Tasks API] Status filter applied:
[
  "Draft",
  "Open",
  "In Progress"
]
[2026-01-21T11:37:52.275Z] [INFO] [Putaway Tasks API] Status filter applied:
[
  "Draft",
  "Open",
  "In Progress"
]
[2026-01-21T11:37:52.280Z] [INFO] [Putaway Tasks API] Query executed:
{
  "whereClause": "WHERE pt.status IN (?,?,?) AND COALESCE(pt.source_type, \"ASN\") = ?",
  "params": [
    "Draft",
    "Open",
    "In Progress",
    "TransferIn"
  ],
  "tasks_found": 1
}
[2026-01-21T11:37:52.284Z] [INFO] [Putaway Tasks API] Tasks found:
[
  {
    "title": "PUT-20260121-0001",
    "status": "Open",
    "source_type": "TransferIn",
    "transfer_in": "INSLIP-123457"
  }
]
[2026-01-21T11:37:52.292Z] [INFO] [Putaway Tasks API] Query executed:
{
  "whereClause": "WHERE pt.status IN (?,?,?) AND COALESCE(pt.source_type, \"ASN\") = ?",
  "params": [
    "Draft",
    "Open",
    "In Progress",
    "TransferIn"
  ],
  "tasks_found": 1
}
[2026-01-21T11:37:52.293Z] [INFO] [Putaway Tasks API] Tasks found:
[
  {
    "title": "PUT-20260121-0001",
    "status": "Open",
    "source_type": "TransferIn",
    "transfer_in": "INSLIP-123457"
  }
]
[2026-01-21T11:37:52.300Z] [INFO] [Putaway Tasks API] Returning 1 task(s) to client
[2026-01-21T11:37:52.306Z] [INFO] [Putaway Tasks API] Returning 1 task(s) to client
[2026-01-21T11:37:57.914Z] [INFO] 📥 GET /api/health
{
  "IP": "192.168.103.205",
  "UserAgent": "okhttp/4.12.0"
}
[2026-01-21T11:37:58.813Z] [INFO] 📥 GET /api/health
{
  "IP": "192.168.103.205",
  "UserAgent": "okhttp/4.12.0"
}
[2026-01-21T11:38:00.320Z] [INFO] 📥 GET /api/health
{
  "IP": "192.168.103.205",
  "UserAgent": "okhttp/4.12.0"
}
[2026-01-21T11:38:03.640Z] [INFO] 📥 GET /api/master/items
{
  "IP": "192.168.103.205",
  "UserAgent": "okhttp/4.12.0"
}
[2026-01-21T11:38:03.643Z] [DEBUG] Requesting database connection from pool
[2026-01-21T11:38:03.644Z] [DEBUG] Database connection obtained from pool
[2026-01-21T11:38:03.983Z] [INFO] 📥 GET /api/master/asns
{
  "IP": "192.168.103.205",
  "UserAgent": "okhttp/4.12.0"
}
[2026-01-21T11:38:03.986Z] [DEBUG] Requesting database connection from pool
[2026-01-21T11:38:03.988Z] [DEBUG] Database connection obtained from pool
[2026-01-21T11:38:04.097Z] [INFO] 📥 GET /api/health
{
  "IP": "192.168.103.205",
  "UserAgent": "okhttp/4.12.0"
}
[2026-01-21T11:38:04.255Z] [INFO] 📥 GET /api/master/transfer-orders
{
  "IP": "192.168.103.205",
  "UserAgent": "okhttp/4.12.0"
}
[2026-01-21T11:38:04.258Z] [DEBUG] Requesting database connection from pool
[2026-01-21T11:38:04.259Z] [DEBUG] Database connection obtained from pool
[2026-01-21T11:38:04.534Z] [INFO] 📥 GET /api/master/boxes
{
  "IP": "192.168.103.205",
  "UserAgent": "okhttp/4.12.0"
}
[2026-01-21T11:38:04.535Z] [DEBUG] Requesting database connection from pool
[2026-01-21T11:38:04.537Z] [DEBUG] Database connection obtained from pool
[2026-01-21T11:38:04.754Z] [INFO] 📥 GET /api/master/items
{
  "IP": "192.168.103.205",
  "UserAgent": "okhttp/4.12.0"
}
[2026-01-21T11:38:04.755Z] [DEBUG] Requesting database connection from pool
[2026-01-21T11:38:04.755Z] [DEBUG] Database connection obtained from pool
[2026-01-21T11:38:04.793Z] [INFO] 📥 GET /api/master/transfer-cartons
{
  "IP": "192.168.103.205",
  "UserAgent": "okhttp/4.12.0"
}
[2026-01-21T11:38:04.795Z] [DEBUG] Requesting database connection from pool
[2026-01-21T11:38:04.798Z] [DEBUG] Database connection obtained from pool
[2026-01-21T11:38:05.064Z] [INFO] 📥 GET /api/master/warehouse-racks
{
  "IP": "192.168.103.205",
  "UserAgent": "okhttp/4.12.0"
}
[2026-01-21T11:38:05.065Z] [DEBUG] Requesting database connection from pool
[2026-01-21T11:38:05.066Z] [DEBUG] Database connection obtained from pool
[2026-01-21T11:38:05.068Z] [INFO] 📥 GET /api/master/asns
{
  "IP": "192.168.103.205",
  "UserAgent": "okhttp/4.12.0"
}
[2026-01-21T11:38:05.072Z] [DEBUG] Requesting database connection from pool
[2026-01-21T11:38:05.074Z] [DEBUG] Database connection obtained from pool
[2026-01-21T11:38:05.325Z] [INFO] 📥 GET /api/master/transfer-orders
{
  "IP": "192.168.103.205",
  "UserAgent": "okhttp/4.12.0"
}
[2026-01-21T11:38:05.327Z] [DEBUG] Requesting database connection from pool
[2026-01-21T11:38:05.330Z] [DEBUG] Database connection obtained from pool
[2026-01-21T11:38:05.339Z] [INFO] 📥 GET /api/master/warehouses
{
  "IP": "192.168.103.205",
  "UserAgent": "okhttp/4.12.0"
}
[2026-01-21T11:38:05.341Z] [DEBUG] Requesting database connection from pool
[2026-01-21T11:38:05.345Z] [DEBUG] Database connection obtained from pool
[2026-01-21T11:38:05.592Z] [INFO] 📥 GET /api/master/boxes
{
  "IP": "192.168.103.205",
  "UserAgent": "okhttp/4.12.0"
}
[2026-01-21T11:38:05.594Z] [DEBUG] Requesting database connection from pool
[2026-01-21T11:38:05.595Z] [DEBUG] Database connection obtained from pool
[2026-01-21T11:38:05.628Z] [INFO] 📥 GET /api/warehouses/stores
{
  "IP": "192.168.103.205",
  "UserAgent": "okhttp/4.12.0"
}
[2026-01-21T11:38:05.633Z] [DEBUG] Requesting database connection from pool
[2026-01-21T11:38:05.638Z] [DEBUG] Database connection obtained from pool
[2026-01-21T11:38:05.869Z] [INFO] 📥 GET /api/master/transfer-cartons
{
  "IP": "192.168.103.205",
  "UserAgent": "okhttp/4.12.0"
}
[2026-01-21T11:38:05.871Z] [DEBUG] Requesting database connection from pool
[2026-01-21T11:38:05.872Z] [DEBUG] Database connection obtained from pool
[2026-01-21T11:38:05.916Z] [INFO] 📥 GET /api/master/locations
{
  "IP": "192.168.103.205",
  "UserAgent": "okhttp/4.12.0"
}
[2026-01-21T11:38:05.919Z] [DEBUG] Requesting database connection from pool
[2026-01-21T11:38:05.923Z] [DEBUG] Database connection obtained from pool
[2026-01-21T11:38:06.143Z] [INFO] 📥 GET /api/master/warehouse-racks
{
  "IP": "192.168.103.205",
  "UserAgent": "okhttp/4.12.0"
}
[2026-01-21T11:38:06.145Z] [DEBUG] Requesting database connection from pool
[2026-01-21T11:38:06.146Z] [DEBUG] Database connection obtained from pool
[2026-01-21T11:38:06.270Z] [INFO] 📥 GET /api/master/bin-master
{
  "IP": "192.168.103.205",
  "UserAgent": "okhttp/4.12.0"
}
[2026-01-21T11:38:06.273Z] [DEBUG] Requesting database connection from pool
[2026-01-21T11:38:06.274Z] [DEBUG] Database connection obtained from pool
[2026-01-21T11:38:06.418Z] [INFO] 📥 GET /api/master/warehouses
{
  "IP": "192.168.103.205",
  "UserAgent": "okhttp/4.12.0"
}
[2026-01-21T11:38:06.419Z] [DEBUG] Requesting database connection from pool
[2026-01-21T11:38:06.421Z] [DEBUG] Database connection obtained from pool
[2026-01-21T11:38:06.699Z] [INFO] 📥 GET /api/warehouses/stores
{
  "IP": "192.168.103.205",
  "UserAgent": "okhttp/4.12.0"
}
[2026-01-21T11:38:06.701Z] [DEBUG] Requesting database connection from pool
[2026-01-21T11:38:06.702Z] [DEBUG] Database connection obtained from pool
[2026-01-21T11:38:06.703Z] [INFO] 📥 GET /api/master/stock-ledger
{
  "IP": "192.168.103.205",
  "UserAgent": "okhttp/4.12.0"
}
[2026-01-21T11:38:06.706Z] [DEBUG] Requesting database connection from pool
[2026-01-21T11:38:06.709Z] [DEBUG] Database connection obtained from pool
[2026-01-21T11:38:06.976Z] [INFO] 📥 GET /api/master/item-barcode-map
{
  "IP": "192.168.103.205",
  "UserAgent": "okhttp/4.12.0"
}
[2026-01-21T11:38:06.979Z] [DEBUG] Requesting database connection from pool
[2026-01-21T11:38:06.984Z] [DEBUG] Database connection obtained from pool
[2026-01-21T11:38:06.986Z] [INFO] 📥 GET /api/master/locations
{
  "IP": "192.168.103.205",
  "UserAgent": "okhttp/4.12.0"
}
[2026-01-21T11:38:06.988Z] [DEBUG] Requesting database connection from pool
[2026-01-21T11:38:06.990Z] [DEBUG] Database connection obtained from pool
[2026-01-21T11:38:07.070Z] [INFO] 📥 GET /api/health
{
  "IP": "192.168.103.205",
  "UserAgent": "okhttp/4.12.0"
}
[2026-01-21T11:38:07.222Z] [INFO] 📥 POST /api/putaway/scan-transfer-carton
{
  "IP": "192.168.103.205",
  "UserAgent": "okhttp/4.12.0"
}
[2026-01-21T11:38:07.224Z] [DEBUG] Request body
{
  "location_id": "A1-R01-L4-B1",
  "user_id": "USER-402498",
  "warehouse_id": "WH-MAIN",
  "putaway_task": "PUT-20260121-0001",
  "box_id": "CTN-TI-123457-20260121-143733-370",
  "carton_id": "CTN-TI-123457-20260121-143733-370",
  "tc_id": null
}
[2026-01-21T11:38:07.233Z] [INFO] [Putaway Scan] Entry: location_id=A1-R01-L4-B1, box_id=CTN-TI-123457-20260121-143733-370, tc_id=NULL, putaway_task=PUT-20260121-0001, carton_id=CTN-TI-123457-20260121-143733-370
[2026-01-21T11:38:07.235Z] [DEBUG] Requesting database connection from pool
[2026-01-21T11:38:07.236Z] [DEBUG] Database connection obtained from pool
[2026-01-21T11:38:07.258Z] [INFO] [Putaway Validation] Validated ASN putaway box CTN-TI-123457-20260121-143733-370
[2026-01-21T11:38:07.260Z] [INFO] [Putaway Scan] Checking location update path: taskTitleToCheck=PUT-20260121-0001, location_id=A1-R01-L4-B1, actualPutawayTask=PUT-20260121-0001
[2026-01-21T11:38:07.263Z] [INFO] [Putaway Scan] ✅ Location update path triggered: task=PUT-20260121-0001, location=A1-R01-L4-B1
[2026-01-21T11:38:07.275Z] [INFO] [Putaway] Updating 2 line(s) with location: location_id=A1-R01-L4-B1, rack=Rack 01, bin=B1
{
  "hasLineLocationIdColumn": true,
  "hasLineRack": true,
  "hasLineBin": true
}
[2026-01-21T11:38:07.276Z] [INFO] [Putaway] Including location_id=A1-R01-L4-B1 in UPDATE for line ID 431
[2026-01-21T11:38:07.278Z] [INFO] [Putaway] Executing UPDATE query: UPDATE tabPutawayLine SET rack = ?, bin = ?, location_id = ?, updated_at = CURRENT_TIMESTAMP WHERE id = ? with params: [Rack 01, B1, A1-R01-L4-B1, 431]
[2026-01-21T11:38:07.284Z] [INFO] [Putaway] Updated line ID 431: 1 row(s) affected
[2026-01-21T11:38:07.286Z] [INFO] [Putaway] Including location_id=A1-R01-L4-B1 in UPDATE for line ID 432
[2026-01-21T11:38:07.287Z] [INFO] [Putaway] Executing UPDATE query: UPDATE tabPutawayLine SET rack = ?, bin = ?, location_id = ?, updated_at = CURRENT_TIMESTAMP WHERE id = ? with params: [Rack 01, B1, A1-R01-L4-B1, 432]
[2026-01-21T11:38:07.292Z] [INFO] [Putaway] Updated line ID 432: 1 row(s) affected
[2026-01-21T11:38:07.307Z] [INFO] [Putaway] Triggering stock updates for putaway task PUT-20260121-0001 after location assignment
[2026-01-21T11:38:07.308Z] [DEBUG] Requesting database connection from pool
[2026-01-21T11:38:07.311Z] [DEBUG] Database connection obtained from pool
[2026-01-21T11:38:07.317Z] [INFO] [Putaway] 🔵 About to call processPutawayCompletionEvent with params:
{
  "event_type": "PUTAWAY_TO_RACK",
  "putaway_task": "PUT-20260121-0001",
  "box_id": "CTN-TI-123457-20260121-143733-370",
  "carton_id": "CTN-TI-123457-20260121-143733-370",
  "location_id": "A1-R01-L4-B1",
  "rack": "Rack 01",
  "bin": "B1",
  "warehouse": "WH-MAIN",
  "user_id": "USER-402498"
}
[2026-01-21T11:38:07.323Z] [INFO] [Putaway Completion] ========================================
[2026-01-21T11:38:07.324Z] [INFO] [Putaway Completion] 🔵 ENTRY: processPutawayCompletionEvent called
[2026-01-21T11:38:07.325Z] [INFO] [Putaway Completion] Connection validation:
{
  "hasConnection": true,
  "connectionType": "object",
  "hasExecute": true
}
[2026-01-21T11:38:07.325Z] [INFO] [Putaway Completion] Event object: {
  "putaway_task": "PUT-20260121-0001",
  "tc_id": "NULL",
  "box_id": "CTN-TI-123457-20260121-143733-370",
  "carton_id": "CTN-TI-123457-20260121-143733-370",
  "location_id": "A1-R01-L4-B1",
  "rack": "Rack 01",
  "bin": "B1",
  "item_code": "NULL",
  "qty": "NULL",
  "user_id": "USER-402498",
  "store": "WH-MAIN",
  "event_type": "PUTAWAY_TO_RACK"
}
[2026-01-21T11:38:07.326Z] [INFO] [Putaway Completion] ========================================
[2026-01-21T11:38:07.327Z] [INFO] [Putaway Completion] 🔍 DEBUG: About to extract event parameters...
[2026-01-21T11:38:07.328Z] [INFO] [Putaway Completion] 🔍 DEBUG: Event parameters extracted successfully
[2026-01-21T11:38:07.334Z] [INFO] [Putaway Completion] Step 0: Extracted event parameters:
{
  "putaway_task": "PUT-20260121-0001",
  "tc_id": "NULL",
  "box_id": "CTN-TI-123457-20260121-143733-370",
  "carton_id": "CTN-TI-123457-20260121-143733-370",
  "location_id": "A1-R01-L4-B1",
  "item_code": "NULL",
  "qty": "NULL"
}
[2026-01-21T11:38:07.336Z] [INFO] [Putaway Completion] Step 0a: Initial putawayTaskTitle: PUT-20260121-0001
[2026-01-21T11:38:07.338Z] [INFO] 📥 GET /api/master/bin-master
{
  "IP": "192.168.103.205",
  "UserAgent": "okhttp/4.12.0"
}
[2026-01-21T11:38:07.340Z] [DEBUG] Requesting database connection from pool
[2026-01-21T11:38:07.342Z] [DEBUG] Database connection obtained from pool
[2026-01-21T11:38:07.346Z] [INFO] [Putaway Completion] Step 0b: ✅ putawayTaskTitle resolved: PUT-20260121-0001
[2026-01-21T11:38:07.347Z] [INFO] [Putaway Completion] Processing putaway task: PUT-20260121-0001, carton_id from event: CTN-TI-123457-20260121-143733-370, item_code: NULL, qty: NULL, location_id: A1-R01-L4-B1, rack: Rack 01, bin: B1
[2026-01-21T11:38:07.348Z] [INFO] [Putaway Completion] Step 1: Starting transaction...
[2026-01-21T11:38:07.353Z] [INFO] [Putaway Completion] ✅ Transaction started
[2026-01-21T11:38:07.355Z] [INFO] [Putaway Completion] Step 2: Locking putaway task row: PUT-20260121-0001
[2026-01-21T11:38:07.359Z] [INFO] [Putaway Completion] Task status query result:
{
  "found": true,
  "status": "In Progress"
}
[2026-01-21T11:38:07.361Z] [INFO] [Putaway Completion] ✅ Task status check passed: In Progress
[2026-01-21T11:38:07.365Z] [INFO] [Putaway Completion] Manual trigger detected (item_code=null) - processing all lines for task, not filtering by carton_id
[2026-01-21T11:38:07.366Z] [INFO] [Putaway Completion] Step 4: Querying putaway lines...
[2026-01-21T11:38:07.366Z] [INFO] [Putaway Completion] Query: SELECT item_code, qty, rack, bin, carton_id, location_id FROM tabPutawayLine WHERE parent_title = ? AND item_code IS NOT NULL AND qty > 0
[2026-01-21T11:38:07.367Z] [INFO] [Putaway Completion] Params: [
  "PUT-20260121-0001"
]
[2026-01-21T11:38:07.370Z] [INFO] [Putaway Completion] Putaway lines query result:
{
  "lines_count": 2,
  "lines": [
    {
      "item_code": "SKU-HAT-301-BLU-OS",
      "qty": "2.00",
      "carton_id": "CTN-TI-123457-20260121-143733-370",
      "location_id": "A1-R01-L4-B1",
      "rack": "Rack 01",
      "bin": "B1"
    },
    {
      "item_code": "SKU-HAT-301-GRN-OS",
      "qty": "2.00",
      "carton_id": "CTN-TI-123457-20260121-143733-370",
      "location_id": "A1-R01-L4-B1",
      "rack": "Rack 01",
      "bin": "B1"
    }
  ]
}
[2026-01-21T11:38:07.370Z] [INFO] [Putaway Completion] ✅ Found 2 putaway line(s) for task PUT-20260121-0001
[2026-01-21T11:38:07.373Z] [INFO] [Putaway Completion] Transfer In putaway detected: transfer_in=INSLIP-123457, task.warehouse=WH-MAIN
[2026-01-21T11:38:07.374Z] [INFO] [Putaway Completion] Using warehouse from putaway task: WH-MAIN
[2026-01-21T11:38:07.376Z] [INFO] [Putaway Completion] Step 5: Warehouse resolved: WH-MAIN
[2026-01-21T11:38:07.377Z] [INFO] [Putaway Completion] Step 5: Starting stock update loop...
[2026-01-21T11:38:07.378Z] [INFO] [Putaway Completion] Stock update loop parameters:
{
  "warehouse": "WH-MAIN",
  "total_lines": 2,
  "event_location_id": "A1-R01-L4-B1",
  "event_rack": "Rack 01",
  "event_bin": "B1",
  "event_carton_id": "CTN-TI-123457-20260121-143733-370",
  "event_box_id": "CTN-TI-123457-20260121-143733-370"
}
[2026-01-21T11:38:07.379Z] [INFO] [Putaway Completion] ========================================
[2026-01-21T11:38:07.379Z] [INFO] [Putaway Completion] Processing line 1/2
[2026-01-21T11:38:07.380Z] [INFO] [Putaway Completion] Line data: {
  "item_code": "SKU-HAT-301-BLU-OS",
  "qty": "2.00",
  "carton_id": "CTN-TI-123457-20260121-143733-370",
  "location_id": "A1-R01-L4-B1",
  "rack": "Rack 01",
  "bin": "B1"
}
[2026-01-21T11:38:07.381Z] [INFO] [Putaway Completion] Location determination for line 1:
{
  "event_location_id": "A1-R01-L4-B1",
  "line_location_id": "A1-R01-L4-B1",
  "line_rack": "Rack 01",
  "line_bin": "B1",
  "event_rack": "Rack 01",
  "event_bin": "B1",
  "resolved_binLocation": "A1-R01-L4-B1"
}
[2026-01-21T11:38:07.382Z] [INFO] [Putaway Completion] Line 1 validation:
{
  "itemCode": "SKU-HAT-301-BLU-OS",
  "lineQty": 2,
  "binLocation": "A1-R01-L4-B1",
  "hasItemCode": true,
  "hasValidQty": true,
  "hasValidLocation": true
}
[2026-01-21T11:38:07.382Z] [INFO] [Putaway Completion] ✅ Line 1 passed validation - processing stock update
[2026-01-21T11:38:07.383Z] [INFO] [Putaway Completion] Stock update details:
{
  "item_code": "SKU-HAT-301-BLU-OS",
  "qty": 2,
  "fromLocation": "NULL",
  "toLocation": "A1-R01-L4-B1",
  "cartonId": "CTN-TI-123457-20260121-143733-370",
  "warehouse": "WH-MAIN"
}
[2026-01-21T11:38:07.397Z] [INFO] [Putaway Completion] ========================================
[2026-01-21T11:38:07.399Z] [INFO] [Putaway Completion] 🔵 EXECUTING STOCK LEDGER INSERT/UPDATE
[2026-01-21T11:38:07.400Z] [INFO] [Putaway Completion] Item: SKU-HAT-301-BLU-OS
[2026-01-21T11:38:07.401Z] [INFO] [Putaway Completion] Location: A1-R01-L4-B1
[2026-01-21T11:38:07.402Z] [INFO] [Putaway Completion] Warehouse: WH-MAIN
[2026-01-21T11:38:07.402Z] [INFO] [Putaway Completion] New Qty: 2
[2026-01-21T11:38:07.404Z] [INFO] [Putaway Completion] Current Qty: 0
[2026-01-21T11:38:07.404Z] [INFO] [Putaway Completion] SQL: INSERT INTO tabStockLedger (item_code, warehouse, bin_location, qty, reserved_qty, qty_before, qty_reduced, last_transaction_date, last_transaction_type, last_transaction_ref, updated_at, created_at) VALUES (?, ?, ?, ?, ?, ?, ?, NOW(), 'Putaway', ?, NOW(), NOW()) ON DUPLICATE KEY UPDATE qty = ?, qty_before = ?, qty_reduced = ?, last_transaction_date = NOW(), last_transaction_type = 'Putaway', last_transaction_ref = ?, updated_at = NOW()
[2026-01-21T11:38:07.406Z] [INFO] [Putaway Completion] Insert Params: [
  "SKU-HAT-301-BLU-OS",
  "WH-MAIN",
  "A1-R01-L4-B1",
  2,
  0,
  0,
  2,
  "PUT-20260121-0001"
]
[2026-01-21T11:38:07.407Z] [INFO] [Putaway Completion] Update Params: [
  2,
  0,
  2,
  "PUT-20260121-0001"
]
[2026-01-21T11:38:07.418Z] [INFO] [Putaway Completion] ========================================
[2026-01-21T11:38:07.423Z] [INFO] [Putaway Completion] ✅ STOCK LEDGER UPDATE RESULT:
{
  "item_code": "SKU-HAT-301-BLU-OS",
  "bin_location": "A1-R01-L4-B1",
  "warehouse": "WH-MAIN",
  "new_qty": 2,
  "affectedRows": 1,
  "insertId": 37,
  "changedRows": 0
}
[2026-01-21T11:38:07.442Z] [INFO] [Putaway Completion] 🔍 Adding qty_before: 0 (needsQtyBefore: true, currentQty: 0)
[2026-01-21T11:38:07.447Z] [INFO] [Putaway Completion] 🔍 Adding qty_after: 2 (needsQtyAfter: true, newQty: 2)
[2026-01-21T11:38:07.453Z] [INFO] [Putaway Completion] ⚠️ SKIPPING duplicate transaction history insert (idempotency check)
{
  "item_code": "SKU-HAT-301-BLU-OS",
  "location": "A1-R01-L4-B1",
  "reference_doc": "PUT-20260121-0001",
  "existing_id": 27
}
[2026-01-21T11:38:07.455Z] [INFO] [Putaway Completion] ========================================
[2026-01-21T11:38:07.457Z] [INFO] [Putaway Completion] Processing line 2/2
[2026-01-21T11:38:07.458Z] [INFO] [Putaway Completion] Line data: {
  "item_code": "SKU-HAT-301-GRN-OS",
  "qty": "2.00",
  "carton_id": "CTN-TI-123457-20260121-143733-370",
  "location_id": "A1-R01-L4-B1",
  "rack": "Rack 01",
  "bin": "B1"
}
[2026-01-21T11:38:07.461Z] [INFO] [Putaway Completion] Location determination for line 2:
{
  "event_location_id": "A1-R01-L4-B1",
  "line_location_id": "A1-R01-L4-B1",
  "line_rack": "Rack 01",
  "line_bin": "B1",
  "event_rack": "Rack 01",
  "event_bin": "B1",
  "resolved_binLocation": "A1-R01-L4-B1"
}
[2026-01-21T11:38:07.464Z] [INFO] [Putaway Completion] Line 2 validation:
{
  "itemCode": "SKU-HAT-301-GRN-OS",
  "lineQty": 2,
  "binLocation": "A1-R01-L4-B1",
  "hasItemCode": true,
  "hasValidQty": true,
  "hasValidLocation": true
}
[2026-01-21T11:38:07.467Z] [INFO] [Putaway Completion] ✅ Line 2 passed validation - processing stock update
[2026-01-21T11:38:07.470Z] [INFO] [Putaway Completion] Stock update details:
{
  "item_code": "SKU-HAT-301-GRN-OS",
  "qty": 2,
  "fromLocation": "NULL",
  "toLocation": "A1-R01-L4-B1",
  "cartonId": "CTN-TI-123457-20260121-143733-370",
  "warehouse": "WH-MAIN"
}
[2026-01-21T11:38:07.487Z] [INFO] [Putaway Completion] ========================================
[2026-01-21T11:38:07.488Z] [INFO] [Putaway Completion] 🔵 EXECUTING STOCK LEDGER INSERT/UPDATE
[2026-01-21T11:38:07.489Z] [INFO] [Putaway Completion] Item: SKU-HAT-301-GRN-OS
[2026-01-21T11:38:07.490Z] [INFO] [Putaway Completion] Location: A1-R01-L4-B1
[2026-01-21T11:38:07.491Z] [INFO] [Putaway Completion] Warehouse: WH-MAIN
[2026-01-21T11:38:07.492Z] [INFO] [Putaway Completion] New Qty: 2
[2026-01-21T11:38:07.495Z] [INFO] [Putaway Completion] Current Qty: 0
[2026-01-21T11:38:07.495Z] [INFO] [Putaway Completion] SQL: INSERT INTO tabStockLedger (item_code, warehouse, bin_location, qty, reserved_qty, qty_before, qty_reduced, last_transaction_date, last_transaction_type, last_transaction_ref, updated_at, created_at) VALUES (?, ?, ?, ?, ?, ?, ?, NOW(), 'Putaway', ?, NOW(), NOW()) ON DUPLICATE KEY UPDATE qty = ?, qty_before = ?, qty_reduced = ?, last_transaction_date = NOW(), last_transaction_type = 'Putaway', last_transaction_ref = ?, updated_at = NOW()
[2026-01-21T11:38:07.496Z] [INFO] [Putaway Completion] Insert Params: [
  "SKU-HAT-301-GRN-OS",
  "WH-MAIN",
  "A1-R01-L4-B1",
  2,
  0,
  0,
  2,
  "PUT-20260121-0001"
]
[2026-01-21T11:38:07.497Z] [INFO] [Putaway Completion] Update Params: [
  2,
  0,
  2,
  "PUT-20260121-0001"
]
[2026-01-21T11:38:07.499Z] [INFO] [Putaway Completion] ========================================
[2026-01-21T11:38:07.503Z] [INFO] [Putaway Completion] ✅ STOCK LEDGER UPDATE RESULT:
{
  "item_code": "SKU-HAT-301-GRN-OS",
  "bin_location": "A1-R01-L4-B1",
  "warehouse": "WH-MAIN",
  "new_qty": 2,
  "affectedRows": 1,
  "insertId": 38,
  "changedRows": 0
}
[2026-01-21T11:38:07.521Z] [INFO] [Putaway Completion] 🔍 Adding qty_before: 0 (needsQtyBefore: true, currentQty: 0)
[2026-01-21T11:38:07.521Z] [INFO] [Putaway Completion] 🔍 Adding qty_after: 2 (needsQtyAfter: true, newQty: 2)
[2026-01-21T11:38:07.523Z] [INFO] [Putaway Completion] ⚠️ SKIPPING duplicate transaction history insert (idempotency check)
{
  "item_code": "SKU-HAT-301-GRN-OS",
  "location": "A1-R01-L4-B1",
  "reference_doc": "PUT-20260121-0001",
  "existing_id": 28
}
[2026-01-21T11:38:07.591Z] [INFO] [Putaway Completion] ========================================
[2026-01-21T11:38:07.593Z] [INFO] [Putaway Completion] Step 6: Stock update loop completed
[2026-01-21T11:38:07.594Z] [INFO] [Putaway Completion] Summary:
{
  "processed": 2,
  "skipped": 0,
  "total_lines": 2,
  "success_rate": "100.0%"
}
[2026-01-21T11:38:07.595Z] [INFO] [Putaway Completion] ========================================
[2026-01-21T11:38:07.597Z] [INFO] [Putaway Completion] Step 7: Marking putaway task as Completed...
[2026-01-21T11:38:07.601Z] [INFO] [Putaway Completion] Status update result:
{
  "affectedRows": 1
}
[2026-01-21T11:38:07.602Z] [INFO] [Putaway Completion] ========================================
[2026-01-21T11:38:07.603Z] [INFO] [Putaway Completion] Step 8: COMMITTING TRANSACTION
[2026-01-21T11:38:07.604Z] [INFO] [Putaway Completion] Task: PUT-20260121-0001
[2026-01-21T11:38:07.605Z] [INFO] [Putaway Completion] Processed: 2, Skipped: 0
[2026-01-21T11:38:07.606Z] [INFO] [Putaway Completion] ========================================
[2026-01-21T11:38:07.611Z] [INFO] [Putaway Completion] ✅✅✅ TRANSACTION COMMITTED SUCCESSFULLY ✅✅✅
[2026-01-21T11:38:07.612Z] [INFO] [Putaway Completion] Task: PUT-20260121-0001
[2026-01-21T11:38:07.613Z] [INFO] [Putaway Completion] ========================================
[2026-01-21T11:38:07.615Z] [DEBUG] Requesting database connection from pool
[2026-01-21T11:38:07.618Z] [DEBUG] Database connection obtained from pool
[2026-01-21T11:38:07.626Z] [INFO] [Putaway Completion] ✅ Successfully completed putaway task PUT-20260121-0001 - stock updated, task marked as Completed
{
  "stock_ledger_entries": 2,
  "transaction_history_entries": 2,
  "processed_lines": 2,
  "skipped_lines": 0,
  "putaway_task": "PUT-20260121-0001"
}
[2026-01-21T11:38:07.627Z] [INFO] [Putaway] ✅ Stock updates completed for putaway task PUT-20260121-0001
{
  "result": "undefined (function may not return value)"
}
[2026-01-21T11:38:07.628Z] [INFO] [Putaway] Updated location for putaway task PUT-20260121-0001: A1-R01-L4-B1 (2 lines updated)
{
  "putaway_task": "PUT-20260121-0001",
  "location_id": "A1-R01-L4-B1",
  "rack": "Rack 01",
  "bin": "B1",
  "lines_updated": 2,
  "hasLineLocationIdColumn": true,
  "hasLineRack": true,
  "hasLineBin": true
}
[2026-01-21T11:38:07.777Z] [INFO] 📥 GET /api/master/stock-ledger
{
  "IP": "192.168.103.205",
  "UserAgent": "okhttp/4.12.0"
}
[2026-01-21T11:38:07.780Z] [DEBUG] Requesting database connection from pool
[2026-01-21T11:38:07.784Z] [DEBUG] Database connection obtained from pool
[2026-01-21T11:38:07.872Z] [INFO] 📥 GET /api/putaway/tasks?source_type=ASN&status=Draft%2CIn+Progress
{
  "IP": "192.168.103.205",
  "UserAgent": "okhttp/4.12.0"
}
[2026-01-21T11:38:07.874Z] [INFO] [Putaway Tasks API] Request received:
{
  "status": "Draft,In Progress",
  "source_type": "ASN",
  "advance_shipping_notice": "NOT_PROVIDED",
  "transfer_in": "NOT_PROVIDED"
}
[2026-01-21T11:38:07.875Z] [DEBUG] Requesting database connection from pool
[2026-01-21T11:38:07.877Z] [DEBUG] Database connection obtained from pool
[2026-01-21T11:38:07.880Z] [INFO] [Putaway Tasks API] Status filter applied:
[
  "Draft",
  "In Progress"
]
[2026-01-21T11:38:07.886Z] [INFO] [Putaway Tasks API] Query executed:
{
  "whereClause": "WHERE pt.status IN (?,?) AND COALESCE(pt.source_type, \"ASN\") = ?",
  "params": [
    "Draft",
    "In Progress",
    "ASN"
  ],
  "tasks_found": 0
}
[2026-01-21T11:38:07.889Z] [WARN] [Putaway Tasks API] No tasks found with filters:
{
  "status": "Draft,In Progress",
  "source_type": "ASN",
  "advance_shipping_notice": "ALL",
  "transfer_in": "ALL"
}
[2026-01-21T11:38:08.061Z] [INFO] 📥 GET /api/master/item-barcode-map
{
  "IP": "192.168.103.205",
  "UserAgent": "okhttp/4.12.0"
}
[2026-01-21T11:38:08.067Z] [DEBUG] Requesting database connection from pool
[2026-01-21T11:38:08.075Z] [DEBUG] Database connection obtained from pool
[2026-01-21T11:38:08.111Z] [INFO] 📥 GET /api/putaway/tasks?source_type=TransferIn&status=Draft%2COpen%2CIn+Progress
{
  "IP": "192.168.103.205",
  "UserAgent": "okhttp/4.12.0"
}
[2026-01-21T11:38:08.113Z] [INFO] [Putaway Tasks API] Request received:
{
  "status": "Draft,Open,In Progress",
  "source_type": "TransferIn",
  "advance_shipping_notice": "NOT_PROVIDED",
  "transfer_in": "NOT_PROVIDED"
}
[2026-01-21T11:38:08.114Z] [DEBUG] Requesting database connection from pool
[2026-01-21T11:38:08.115Z] [DEBUG] Database connection obtained from pool
[2026-01-21T11:38:08.119Z] [INFO] [Putaway Tasks API] Status filter applied:
[
  "Draft",
  "Open",
  "In Progress"
]
[2026-01-21T11:38:08.122Z] [INFO] [Putaway Tasks API] Query executed:
{
  "whereClause": "WHERE pt.status IN (?,?,?) AND COALESCE(pt.source_type, \"ASN\") = ?",
  "params": [
    "Draft",
    "Open",
    "In Progress",
    "TransferIn"
  ],
  "tasks_found": 0
}
[2026-01-21T11:38:08.124Z] [WARN] [Putaway Tasks API] No tasks found with filters:
{
  "status": "Draft,Open,In Progress",
  "source_type": "TransferIn",
  "advance_shipping_notice": "ALL",
  "transfer_in": "ALL"
}
[2026-01-21T11:38:08.321Z] [INFO] 📥 POST /api/putaway/scan-transfer-carton
{
  "IP": "192.168.103.205",
  "UserAgent": "okhttp/4.12.0"
}
[2026-01-21T11:38:08.325Z] [DEBUG] Request body
{
  "location_id": "A1-R01-L4-B1",
  "user_id": "USER-402498",
  "warehouse_id": "WH-MAIN",
  "putaway_task": "PUT-20260121-0001",
  "box_id": "CTN-TI-123457-20260121-143733-370",
  "carton_id": "CTN-TI-123457-20260121-143733-370",
  "tc_id": null
}
[2026-01-21T11:38:08.328Z] [INFO] [Putaway Scan] Entry: location_id=A1-R01-L4-B1, box_id=CTN-TI-123457-20260121-143733-370, tc_id=NULL, putaway_task=PUT-20260121-0001, carton_id=CTN-TI-123457-20260121-143733-370
[2026-01-21T11:38:08.330Z] [DEBUG] Requesting database connection from pool
[2026-01-21T11:38:08.332Z] [DEBUG] Database connection obtained from pool
[2026-01-21T11:38:08.344Z] [INFO] [Putaway Validation] Validated ASN putaway box CTN-TI-123457-20260121-143733-370
[2026-01-21T11:38:08.345Z] [INFO] [Putaway Scan] Checking location update path: taskTitleToCheck=PUT-20260121-0001, location_id=A1-R01-L4-B1, actualPutawayTask=PUT-20260121-0001
[2026-01-21T11:38:08.346Z] [INFO] [Putaway Scan] ✅ Location update path triggered: task=PUT-20260121-0001, location=A1-R01-L4-B1
[2026-01-21T11:38:08.351Z] [INFO] [Putaway] Updating 2 line(s) with location: location_id=A1-R01-L4-B1, rack=Rack 01, bin=B1
{
  "hasLineLocationIdColumn": true,
  "hasLineRack": true,
  "hasLineBin": true
}
[2026-01-21T11:38:08.352Z] [INFO] [Putaway] Including location_id=A1-R01-L4-B1 in UPDATE for line ID 431
[2026-01-21T11:38:08.352Z] [INFO] [Putaway] Executing UPDATE query: UPDATE tabPutawayLine SET rack = ?, bin = ?, location_id = ?, updated_at = CURRENT_TIMESTAMP WHERE id = ? with params: [Rack 01, B1, A1-R01-L4-B1, 431]
[2026-01-21T11:38:08.356Z] [INFO] [Putaway] Updated line ID 431: 1 row(s) affected
[2026-01-21T11:38:08.357Z] [INFO] [Putaway] Including location_id=A1-R01-L4-B1 in UPDATE for line ID 432
[2026-01-21T11:38:08.358Z] [INFO] [Putaway] Executing UPDATE query: UPDATE tabPutawayLine SET rack = ?, bin = ?, location_id = ?, updated_at = CURRENT_TIMESTAMP WHERE id = ? with params: [Rack 01, B1, A1-R01-L4-B1, 432]
[2026-01-21T11:38:08.361Z] [INFO] [Putaway] Updated line ID 432: 1 row(s) affected
[2026-01-21T11:38:08.369Z] [INFO] [Putaway] Triggering stock updates for putaway task PUT-20260121-0001 after location assignment
[2026-01-21T11:38:08.370Z] [DEBUG] Requesting database connection from pool
[2026-01-21T11:38:08.372Z] [DEBUG] Database connection obtained from pool
[2026-01-21T11:38:08.375Z] [INFO] [Putaway] 🔵 About to call processPutawayCompletionEvent with params:
{
  "event_type": "PUTAWAY_TO_RACK",
  "putaway_task": "PUT-20260121-0001",
  "box_id": "CTN-TI-123457-20260121-143733-370",
  "carton_id": "CTN-TI-123457-20260121-143733-370",
  "location_id": "A1-R01-L4-B1",
  "rack": "Rack 01",
  "bin": "B1",
  "warehouse": "WH-MAIN",
  "user_id": "USER-402498"
}
[2026-01-21T11:38:08.377Z] [INFO] [Putaway Completion] ========================================
[2026-01-21T11:38:08.378Z] [INFO] [Putaway Completion] 🔵 ENTRY: processPutawayCompletionEvent called
[2026-01-21T11:38:08.379Z] [INFO] [Putaway Completion] Connection validation:
{
  "hasConnection": true,
  "connectionType": "object",
  "hasExecute": true
}
[2026-01-21T11:38:08.380Z] [INFO] [Putaway Completion] Event object: {
  "putaway_task": "PUT-20260121-0001",
  "tc_id": "NULL",
  "box_id": "CTN-TI-123457-20260121-143733-370",
  "carton_id": "CTN-TI-123457-20260121-143733-370",
  "location_id": "A1-R01-L4-B1",
  "rack": "Rack 01",
  "bin": "B1",
  "item_code": "NULL",
  "qty": "NULL",
  "user_id": "USER-402498",
  "store": "WH-MAIN",
  "event_type": "PUTAWAY_TO_RACK"
}
[2026-01-21T11:38:08.381Z] [INFO] [Putaway Completion] ========================================
[2026-01-21T11:38:08.382Z] [INFO] [Putaway Completion] 🔍 DEBUG: About to extract event parameters...
[2026-01-21T11:38:08.383Z] [INFO] [Putaway Completion] 🔍 DEBUG: Event parameters extracted successfully
[2026-01-21T11:38:08.386Z] [INFO] [Putaway Completion] Step 0: Extracted event parameters:
{
  "putaway_task": "PUT-20260121-0001",
  "tc_id": "NULL",
  "box_id": "CTN-TI-123457-20260121-143733-370",
  "carton_id": "CTN-TI-123457-20260121-143733-370",
  "location_id": "A1-R01-L4-B1",
  "item_code": "NULL",
  "qty": "NULL"
}
[2026-01-21T11:38:08.387Z] [INFO] [Putaway Completion] Step 0a: Initial putawayTaskTitle: PUT-20260121-0001
[2026-01-21T11:38:08.392Z] [INFO] [Putaway Completion] Step 0b: ✅ putawayTaskTitle resolved: PUT-20260121-0001
[2026-01-21T11:38:08.393Z] [INFO] [Putaway Completion] Processing putaway task: PUT-20260121-0001, carton_id from event: CTN-TI-123457-20260121-143733-370, item_code: NULL, qty: NULL, location_id: A1-R01-L4-B1, rack: Rack 01, bin: B1
[2026-01-21T11:38:08.394Z] [INFO] [Putaway Completion] Step 1: Starting transaction...
[2026-01-21T11:38:08.396Z] [INFO] [Putaway Completion] ✅ Transaction started
[2026-01-21T11:38:08.399Z] [INFO] [Putaway Completion] Step 2: Locking putaway task row: PUT-20260121-0001
[2026-01-21T11:38:08.401Z] [INFO] [Putaway Completion] Task status query result:
{
  "found": true,
  "status": "Completed"
}
[2026-01-21T11:38:08.402Z] [WARN] [Putaway Completion] ⚠️ Task PUT-20260121-0001 is already Completed - skipping stock update (idempotency check)
[2026-01-21T11:38:08.405Z] [INFO] [Putaway Completion] Transaction rolled back (task already completed)
[2026-01-21T11:38:08.406Z] [INFO] [Putaway] ✅ Stock updates completed for putaway task PUT-20260121-0001
{
  "result": "undefined (function may not return value)"
}
[2026-01-21T11:38:08.407Z] [INFO] [Putaway] Updated location for putaway task PUT-20260121-0001: A1-R01-L4-B1 (2 lines updated)
{
  "putaway_task": "PUT-20260121-0001",
  "location_id": "A1-R01-L4-B1",
  "rack": "Rack 01",
  "bin": "B1",
  "lines_updated": 2,
  "hasLineLocationIdColumn": true,
  "hasLineRack": true,
  "hasLineBin": true
}
[2026-01-21T11:38:08.633Z] [INFO] 📥 GET /api/putaway/tasks?source_type=ASN&status=Draft%2CIn+Progress
{
  "IP": "192.168.103.205",
  "UserAgent": "okhttp/4.12.0"
}
[2026-01-21T11:38:08.640Z] [INFO] [Putaway Tasks API] Request received:
{
  "status": "Draft,In Progress",
  "source_type": "ASN",
  "advance_shipping_notice": "NOT_PROVIDED",
  "transfer_in": "NOT_PROVIDED"
}
[2026-01-21T11:38:08.643Z] [DEBUG] Requesting database connection from pool
[2026-01-21T11:38:08.649Z] [DEBUG] Database connection obtained from pool
[2026-01-21T11:38:08.653Z] [INFO] [Putaway Tasks API] Status filter applied:
[
  "Draft",
  "In Progress"
]
[2026-01-21T11:38:08.658Z] [INFO] [Putaway Tasks API] Query executed:
{
  "whereClause": "WHERE pt.status IN (?,?) AND COALESCE(pt.source_type, \"ASN\") = ?",
  "params": [
    "Draft",
    "In Progress",
    "ASN"
  ],
  "tasks_found": 0
}
[2026-01-21T11:38:08.660Z] [WARN] [Putaway Tasks API] No tasks found with filters:
{
  "status": "Draft,In Progress",
  "source_type": "ASN",
  "advance_shipping_notice": "ALL",
  "transfer_in": "ALL"
}
[2026-01-21T11:38:08.879Z] [INFO] 📥 GET /api/putaway/tasks?source_type=TransferIn&status=Draft%2COpen%2CIn+Progress
{
  "IP": "192.168.103.205",
  "UserAgent": "okhttp/4.12.0"
}
[2026-01-21T11:38:08.882Z] [INFO] [Putaway Tasks API] Request received:
{
  "status": "Draft,Open,In Progress",
  "source_type": "TransferIn",
  "advance_shipping_notice": "NOT_PROVIDED",
  "transfer_in": "NOT_PROVIDED"
}
[2026-01-21T11:38:08.883Z] [DEBUG] Requesting database connection from pool
[2026-01-21T11:38:08.885Z] [DEBUG] Database connection obtained from pool
[2026-01-21T11:38:08.888Z] [INFO] [Putaway Tasks API] Status filter applied:
[
  "Draft",
  "Open",
  "In Progress"
]
[2026-01-21T11:38:08.891Z] [INFO] [Putaway Tasks API] Query executed:
{
  "whereClause": "WHERE pt.status IN (?,?,?) AND COALESCE(pt.source_type, \"ASN\") = ?",
  "params": [
    "Draft",
    "Open",
    "In Progress",
    "TransferIn"
  ],
  "tasks_found": 0
}
[2026-01-21T11:38:08.894Z] [WARN] [Putaway Tasks API] No tasks found with filters:
{
  "status": "Draft,Open,In Progress",
  "source_type": "TransferIn",
  "advance_shipping_notice": "ALL",
  "transfer_in": "ALL"
}
[2026-01-21T11:38:14.974Z] [INFO] 📥 GET /api/putaway/tasks?source_type=ASN&status=Draft%2CIn+Progress
{
  "IP": "192.168.103.205",
  "UserAgent": "okhttp/4.12.0"
}
[2026-01-21T11:38:14.975Z] [INFO] [Putaway Tasks API] Request received:
{
  "status": "Draft,In Progress",
  "source_type": "ASN",
  "advance_shipping_notice": "NOT_PROVIDED",
  "transfer_in": "NOT_PROVIDED"
}
[2026-01-21T11:38:14.977Z] [DEBUG] Requesting database connection from pool
[2026-01-21T11:38:14.978Z] [DEBUG] Database connection obtained from pool
[2026-01-21T11:38:14.981Z] [INFO] 📥 GET /api/putaway/tasks?source_type=ASN&status=Draft%2CIn+Progress
{
  "IP": "192.168.103.205",
  "UserAgent": "okhttp/4.12.0"
}
[2026-01-21T11:38:14.983Z] [INFO] [Putaway Tasks API] Request received:
{
  "status": "Draft,In Progress",
  "source_type": "ASN",
  "advance_shipping_notice": "NOT_PROVIDED",
  "transfer_in": "NOT_PROVIDED"
}
[2026-01-21T11:38:14.985Z] [DEBUG] Requesting database connection from pool
[2026-01-21T11:38:14.987Z] [DEBUG] Database connection obtained from pool
[2026-01-21T11:38:14.989Z] [INFO] [Putaway Tasks API] Status filter applied:
[
  "Draft",
  "In Progress"
]
[2026-01-21T11:38:14.992Z] [INFO] [Putaway Tasks API] Status filter applied:
[
  "Draft",
  "In Progress"
]
[2026-01-21T11:38:15.001Z] [INFO] [Putaway Tasks API] Query executed:
{
  "whereClause": "WHERE pt.status IN (?,?) AND COALESCE(pt.source_type, \"ASN\") = ?",
  "params": [
    "Draft",
    "In Progress",
    "ASN"
  ],
  "tasks_found": 0
}
[2026-01-21T11:38:15.003Z] [WARN] [Putaway Tasks API] No tasks found with filters:
{
  "status": "Draft,In Progress",
  "source_type": "ASN",
  "advance_shipping_notice": "ALL",
  "transfer_in": "ALL"
}
[2026-01-21T11:38:15.005Z] [INFO] [Putaway Tasks API] Query executed:
{
  "whereClause": "WHERE pt.status IN (?,?) AND COALESCE(pt.source_type, \"ASN\") = ?",
  "params": [
    "Draft",
    "In Progress",
    "ASN"
  ],
  "tasks_found": 0
}
[2026-01-21T11:38:15.007Z] [WARN] [Putaway Tasks API] No tasks found with filters:
{
  "status": "Draft,In Progress",
  "source_type": "ASN",
  "advance_shipping_notice": "ALL",
  "transfer_in": "ALL"
}
[2026-01-21T11:38:15.213Z] [INFO] 📥 GET /api/putaway/tasks?source_type=TransferIn&status=Draft%2COpen%2CIn+Progress
{
  "IP": "192.168.103.205",
  "UserAgent": "okhttp/4.12.0"
}
[2026-01-21T11:38:15.216Z] [INFO] [Putaway Tasks API] Request received:
{
  "status": "Draft,Open,In Progress",
  "source_type": "TransferIn",
  "advance_shipping_notice": "NOT_PROVIDED",
  "transfer_in": "NOT_PROVIDED"
}
[2026-01-21T11:38:15.217Z] [DEBUG] Requesting database connection from pool
[2026-01-21T11:38:15.219Z] [DEBUG] Database connection obtained from pool
[2026-01-21T11:38:15.221Z] [INFO] 📥 GET /api/putaway/tasks?source_type=TransferIn&status=Draft%2COpen%2CIn+Progress
{
  "IP": "192.168.103.205",
  "UserAgent": "okhttp/4.12.0"
}
[2026-01-21T11:38:15.222Z] [INFO] [Putaway Tasks API] Request received:
{
  "status": "Draft,Open,In Progress",
  "source_type": "TransferIn",
  "advance_shipping_notice": "NOT_PROVIDED",
  "transfer_in": "NOT_PROVIDED"
}
[2026-01-21T11:38:15.224Z] [DEBUG] Requesting database connection from pool
[2026-01-21T11:38:15.225Z] [DEBUG] Database connection obtained from pool
[2026-01-21T11:38:15.228Z] [INFO] [Putaway Tasks API] Status filter applied:
[
  "Draft",
  "Open",
  "In Progress"
]
[2026-01-21T11:38:15.232Z] [INFO] [Putaway Tasks API] Status filter applied:
[
  "Draft",
  "Open",
  "In Progress"
]
[2026-01-21T11:38:15.235Z] [INFO] [Putaway Tasks API] Query executed:
{
  "whereClause": "WHERE pt.status IN (?,?,?) AND COALESCE(pt.source_type, \"ASN\") = ?",
  "params": [
    "Draft",
    "Open",
    "In Progress",
    "TransferIn"
  ],
  "tasks_found": 0
}
[2026-01-21T11:38:15.236Z] [WARN] [Putaway Tasks API] No tasks found with filters:
{
  "status": "Draft,Open,In Progress",
  "source_type": "TransferIn",
  "advance_shipping_notice": "ALL",
  "transfer_in": "ALL"
}
[2026-01-21T11:38:15.239Z] [INFO] [Putaway Tasks API] Query executed:
{
  "whereClause": "WHERE pt.status IN (?,?,?) AND COALESCE(pt.source_type, \"ASN\") = ?",
  "params": [
    "Draft",
    "Open",
    "In Progress",
    "TransferIn"
  ],
  "tasks_found": 0
}
[2026-01-21T11:38:15.240Z] [WARN] [Putaway Tasks API] No tasks found with filters:
{
  "status": "Draft,Open,In Progress",
  "source_type": "TransferIn",
  "advance_shipping_notice": "ALL",
  "transfer_in": "ALL"
}
[2026-01-21T11:38:21.884Z] [INFO] 📥 GET /api/health
{
  "IP": "192.168.103.205",
  "UserAgent": "okhttp/4.12.0"
}
[2026-01-21T11:38:25.325Z] [INFO] 📥 GET /api/transaction-history?from_date=2025-10-23&to_date=2026-01-22&limit=1000
{
  "IP": "127.0.0.1",
  "UserAgent": "unknown"
}
[2026-01-21T11:38:25.329Z] [DEBUG] Requesting database connection from pool
[2026-01-21T11:38:25.333Z] [DEBUG] Database connection obtained from pool
[2026-01-21T11:38:25.345Z] [INFO] [Transaction History] Executing query
{
  "query": "\n      SELECT \n        id,\n        transaction_id,\n        COALESCE(transaction_number, '') as transaction_number,\n        transaction_date,\n        transaction_type,\n        reference_doc_type,\n        reference_doc,\n        wms_transaction_title,\n        item_code,\n        item_name,\n        warehouse,\n        warehouse_name,\n        bin_location,\n        location_id,\n        carton_id,\n        batch_no,\n        serial_no,\n        qty_change,\n        qty_before,\n        qty_after,\n        stoc",
  "params": [
    "2025-10-23",
    "2026-01-22",
    1000
  ],
  "paramsCount": 3,
  "hasTransactionNoColumn": true,
  "transactionNoColumnName": "transaction_number",
  "filters": {
    "from_date": "2025-10-23",
    "to_date": "2026-01-22",
    "limit": 1000
  }
}
[2026-01-21T11:38:25.358Z] [INFO] [Transaction History] Query executed successfully
{
  "rowsReturned": 2,
  "sampleRow": {
    "id": 28,
    "item_code": "SKU-HAT-301-GRN-OS",
    "transaction_date": "2026-01-21T11:38:07.000Z",
    "transaction_type": "Putaway",
    "transaction_number": "TXN-20260121-00020"
  }
}
[2026-01-21T11:38:25.362Z] [INFO] [Transaction History] Returning response
{
  "totalRecords": 2,
  "sampleRecord": {
    "id": 28,
    "item_code": "SKU-HAT-301-GRN-OS",
    "transaction_date": "2026-01-21T11:38:07.000Z",
    "transaction_type": "Putaway",
    "transaction_number": "TXN-20260121-00020"
  },
  "responseFormat": {
    "ok": true,
    "hasData": true,
    "dataLength": 2
  }
}
[2026-01-21T11:38:25.364Z] [INFO] [Transaction History] Sending response
{
  "responseOk": true,
  "dataArrayLength": 2,
  "count": 2
}
[2026-01-21T11:38:27.952Z] [INFO] 📥 GET /api/health
{
  "IP": "192.168.103.205",
  "UserAgent": "okhttp/4.12.0"
}
[2026-01-21T11:38:28.831Z] [INFO] 📥 GET /api/health
{
  "IP": "192.168.103.205",
  "UserAgent": "okhttp/4.12.0"
}
[2026-01-21T11:38:30.327Z] [INFO] 📥 GET /api/health
{
  "IP": "192.168.103.205",
  "UserAgent": "okhttp/4.12.0"
}
[2026-01-21T11:38:34.122Z] [INFO] 📥 GET /api/health
{
  "IP": "192.168.103.205",
  "UserAgent": "okhttp/4.12.0"
}
[2026-01-21T11:38:37.099Z] [INFO] 📥 GET /api/health
{
  "IP": "192.168.103.205",
  "UserAgent": "okhttp/4.12.0"
}
[2026-01-21T11:38:38.803Z] [INFO] 📥 GET /api/transfer-in/INSLIP-123457
{
  "IP": "192.168.103.205",
  "UserAgent": "okhttp/4.12.0"
}
[2026-01-21T11:38:38.805Z] [DEBUG] Requesting database connection from pool
[2026-01-21T11:38:38.807Z] [DEBUG] Database connection obtained from pool
[2026-01-21T11:38:44.383Z] [INFO] 📥 GET /api/transfer-in
{
  "IP": "192.168.103.205",
  "UserAgent": "okhttp/4.12.0"
}
[2026-01-21T11:38:44.384Z] [DEBUG] Requesting database connection from pool
[2026-01-21T11:38:44.386Z] [DEBUG] Database connection obtained from pool
[2026-01-21T11:38:54.810Z] [INFO] 📥 GET /api/health
{
  "IP": "192.168.103.205",
  "UserAgent": "okhttp/4.12.0"
}
[2026-01-21T11:38:56.711Z] [INFO] 📥 GET /api/health
{
  "IP": "192.168.103.205",
  "UserAgent": "okhttp/4.12.0"
}
[2026-01-21T11:39:07.113Z] [INFO] 📥 GET /api/health
{
  "IP": "192.168.103.205",
  "UserAgent": "okhttp/4.12.0"
}
[2026-01-21T11:39:10.233Z] [INFO] 📥 GET /api/health
{
  "IP": "192.168.103.205",
  "UserAgent": "okhttp/4.12.0"
}
[2026-01-21T11:39:10.373Z] [INFO] 📥 GET /api/stock/ledger?bin_location=A1-R02-L2-B2&warehouse=WH-MAIN
{
  "IP": "192.168.103.205",
  "UserAgent": "okhttp/4.12.0"
}
[2026-01-21T11:39:10.376Z] [DEBUG] Requesting database connection from pool
[2026-01-21T11:39:10.377Z] [DEBUG] Database connection obtained from pool
[2026-01-21T11:39:10.594Z] [INFO] 📥 POST /api/cycle-count
{
  "IP": "192.168.103.205",
  "UserAgent": "okhttp/4.12.0"
}
[2026-01-21T11:39:10.597Z] [DEBUG] Request body
{
  "title": "CC-A1-R02-L2-B2-MKNY9ZJY",
  "bin_code": "A1-R02-L2-B2",
  "bin_id": "A1-R02-L2-B2",
  "warehouse": "WH-MAIN",
  "warehouse_id": "WH-MAIN",
  "count_type": "Adhoc",
  "count_date": "2026-01-21",
  "is_blind_count": false,
  "opening_stock": false,
  "is_opening_stock": false,
  "created_by": "USER-402498",
  "lines": [
    {
      "item_code": "",
      "bin_location": "A1-R02-L2-B2",
      "expected_qty": 0,
      "actual_qty": 0,
      "counted_qty": 0
    }
  ]
}
[2026-01-21T11:39:10.600Z] [DEBUG] Requesting database connection from pool
[2026-01-21T11:39:10.602Z] [DEBUG] Database connection obtained from pool
[2026-01-21T11:39:11.868Z] [INFO] 📥 GET /api/health
{
  "IP": "192.168.103.205",
  "UserAgent": "okhttp/4.12.0"
}
[2026-01-21T11:39:13.487Z] [INFO] 📥 GET /api/health
{
  "IP": "192.168.103.205",
  "UserAgent": "okhttp/4.12.0"
}
[2026-01-21T11:39:13.625Z] [INFO] 📥 POST /api/cycle-count/CC-A1-R02-L2-B2-MKNY9ZJY/start
{
  "IP": "192.168.103.205",
  "UserAgent": "okhttp/4.12.0"
}
[2026-01-21T11:39:13.627Z] [DEBUG] Request body
{
  "started_by": "USER-402498"
}
[2026-01-21T11:39:13.629Z] [DEBUG] Requesting database connection from pool
[2026-01-21T11:39:13.631Z] [DEBUG] Database connection obtained from pool
[2026-01-21T11:39:13.878Z] [INFO] 📥 GET /api/health
{
  "IP": "192.168.103.205",
  "UserAgent": "okhttp/4.12.0"
}
[2026-01-21T11:39:21.303Z] [INFO] 📥 GET /api/health
{
  "IP": "192.168.103.205",
  "UserAgent": "okhttp/4.12.0"
}
[2026-01-21T11:39:21.325Z] [INFO] 📥 GET /api/health
{
  "IP": "192.168.103.205",
  "UserAgent": "okhttp/4.12.0"
}
[2026-01-21T11:39:21.464Z] [INFO] 📥 GET /api/cycle-count/CC-A1-R02-L2-B2-MKNY9ZJY
{
  "IP": "192.168.103.205",
  "UserAgent": "okhttp/4.12.0"
}
[2026-01-21T11:39:21.466Z] [DEBUG] Requesting database connection from pool
[2026-01-21T11:39:21.467Z] [DEBUG] Database connection obtained from pool
[2026-01-21T11:39:21.493Z] [INFO] 📥 GET /api/cycle-count/CC-A1-R02-L2-B2-MKNY9ZJY
{
  "IP": "192.168.103.205",
  "UserAgent": "okhttp/4.12.0"
}
[2026-01-21T11:39:21.496Z] [DEBUG] Requesting database connection from pool
[2026-01-21T11:39:21.497Z] [DEBUG] Database connection obtained from pool
[2026-01-21T11:39:21.676Z] [INFO] 📥 GET /api/cycle-count/CC-A1-R02-L2-B2-MKNY9ZJY
{
  "IP": "192.168.103.205",
  "UserAgent": "okhttp/4.12.0"
}
[2026-01-21T11:39:21.677Z] [DEBUG] Requesting database connection from pool
[2026-01-21T11:39:21.678Z] [DEBUG] Database connection obtained from pool
[2026-01-21T11:39:21.770Z] [INFO] 📥 GET /api/health
{
  "IP": "192.168.103.205",
  "UserAgent": "okhttp/4.12.0"
}
[2026-01-21T11:39:21.944Z] [INFO] 📥 GET /api/cycle-count?status=Draft%2CIn+Progress%2CReview%2CCompleted%2CSubmitted
{
  "IP": "192.168.103.205",
  "UserAgent": "okhttp/4.12.0"
}
[2026-01-21T11:39:21.946Z] [DEBUG] Requesting database connection from pool
[2026-01-21T11:39:21.947Z] [DEBUG] Database connection obtained from pool
[2026-01-21T11:39:26.704Z] [INFO] 📥 GET /api/health
{
  "IP": "192.168.103.205",
  "UserAgent": "okhttp/4.12.0"
}
[2026-01-21T11:39:26.951Z] [INFO] 📥 GET /api/health
{
  "IP": "192.168.103.205",
  "UserAgent": "okhttp/4.12.0"
}
[2026-01-21T11:39:27.171Z] [INFO] 📥 GET /api/cycle-count/CC-A1-R02-L2-B2-MKNY9ZJY
{
  "IP": "192.168.103.205",
  "UserAgent": "okhttp/4.12.0"
}
[2026-01-21T11:39:27.174Z] [DEBUG] Requesting database connection from pool
[2026-01-21T11:39:27.176Z] [DEBUG] Database connection obtained from pool
[2026-01-21T11:39:27.344Z] [INFO] 📥 POST /api/cycle-count/CC-A1-R02-L2-B2-MKNY9ZJY/count
{
  "IP": "192.168.103.205",
  "UserAgent": "okhttp/4.12.0"
}
[2026-01-21T11:39:27.347Z] [DEBUG] Request body
{
  "counted_by": "USER-402498",
  "lines": [
    {
      "id": 1,
      "lineId": 1,
      "item_code": "SKU-HAT-301-RED-OS",
      "actual_qty": 1,
      "counted_qty": 1,
      "line_id": "LINE-1",
      "barcode": "SKU-HAT-301-RED-OS",
      "carton_id": "CTN-555444",
      "bin_location": "A1-R02-L2-B2",
      "expected_qty": 0
    }
  ]
}
[2026-01-21T11:39:27.355Z] [DEBUG] Requesting database connection from pool
[2026-01-21T11:39:27.357Z] [DEBUG] Database connection obtained from pool
[2026-01-21T11:39:29.853Z] [INFO] 📥 GET /api/master/items
{
  "IP": "192.168.103.205",
  "UserAgent": "okhttp/4.12.0"
}
[2026-01-21T11:39:29.855Z] [DEBUG] Requesting database connection from pool
[2026-01-21T11:39:29.856Z] [DEBUG] Database connection obtained from pool
[2026-01-21T11:39:29.976Z] [INFO] 📥 GET /api/health
{
  "IP": "192.168.103.205",
  "UserAgent": "okhttp/4.12.0"
}
[2026-01-21T11:39:30.207Z] [INFO] 📥 GET /api/cycle-count/CC-A1-R02-L2-B2-MKNY9ZJY
{
  "IP": "192.168.103.205",
  "UserAgent": "okhttp/4.12.0"
}
[2026-01-21T11:39:30.210Z] [DEBUG] Requesting database connection from pool
[2026-01-21T11:39:30.216Z] [DEBUG] Database connection obtained from pool
[2026-01-21T11:39:30.379Z] [INFO] 📥 POST /api/cycle-count/CC-A1-R02-L2-B2-MKNY9ZJY/count
{
  "IP": "192.168.103.205",
  "UserAgent": "okhttp/4.12.0"
}
[2026-01-21T11:39:30.382Z] [DEBUG] Request body
{
  "counted_by": "USER-402498",
  "lines": [
    {
      "id": 1,
      "lineId": 1,
      "item_code": "SKU-JEANS-001-BLU-32",
      "actual_qty": 1,
      "counted_qty": 1,
      "line_id": "LINE-1",
      "barcode": "SKU-SHIRT-001-WHT-MSKU-JEANS-001-BLU-32",
      "carton_id": "CTN-555444",
      "bin_location": "A1-R02-L2-B2",
      "expected_qty": 0
    }
  ]
}
[2026-01-21T11:39:30.385Z] [DEBUG] Requesting database connection from pool
[2026-01-21T11:39:30.387Z] [DEBUG] Database connection obtained from pool
[2026-01-21T11:39:37.117Z] [INFO] 📥 GET /api/health
{
  "IP": "192.168.103.205",
  "UserAgent": "okhttp/4.12.0"
}
[2026-01-21T11:39:39.657Z] [INFO] 📥 GET /api/health
{
  "IP": "192.168.103.205",
  "UserAgent": "okhttp/4.12.0"
}
[2026-01-21T11:39:39.864Z] [INFO] 📥 GET /api/cycle-count/CC-A1-R02-L2-B2-MKNY9ZJY
{
  "IP": "192.168.103.205",
  "UserAgent": "okhttp/4.12.0"
}
[2026-01-21T11:39:39.865Z] [DEBUG] Requesting database connection from pool
[2026-01-21T11:39:39.866Z] [DEBUG] Database connection obtained from pool
[2026-01-21T11:39:40.032Z] [INFO] 📥 POST /api/cycle-count/CC-A1-R02-L2-B2-MKNY9ZJY/count
{
  "IP": "192.168.103.205",
  "UserAgent": "okhttp/4.12.0"
}
[2026-01-21T11:39:40.034Z] [DEBUG] Request body
{
  "counted_by": "USER-402498",
  "lines": [
    {
      "id": 3,
      "lineId": 3,
      "item_code": "SKU-JEANS-001-BLU-32",
      "actual_qty": 2,
      "counted_qty": 2,
      "line_id": "LINE-3",
      "barcode": "SKU-SHIRT-001-WHT-MSKU-JEANS-001-BLU-32",
      "carton_id": "CTN-555444",
      "bin_location": "A1-R02-L2-B2",
      "expected_qty": 0
    }
  ]
}
[2026-01-21T11:39:40.035Z] [DEBUG] Requesting database connection from pool
[2026-01-21T11:39:40.035Z] [DEBUG] Database connection obtained from pool
[2026-01-21T11:39:41.876Z] [INFO] 📥 GET /api/health
{
  "IP": "192.168.103.205",
  "UserAgent": "okhttp/4.12.0"
}
[2026-01-21T11:39:43.873Z] [INFO] 📥 GET /api/health
{
  "IP": "192.168.103.205",
  "UserAgent": "okhttp/4.12.0"
}
[2026-01-21T11:39:46.901Z] [INFO] 📥 GET /api/health
{
  "IP": "192.168.103.205",
  "UserAgent": "okhttp/4.12.0"
}
[2026-01-21T11:39:47.115Z] [INFO] 📥 GET /api/cycle-count/CC-A1-R02-L2-B2-MKNY9ZJY
{
  "IP": "192.168.103.205",
  "UserAgent": "okhttp/4.12.0"
}
[2026-01-21T11:39:47.117Z] [DEBUG] Requesting database connection from pool
[2026-01-21T11:39:47.118Z] [DEBUG] Database connection obtained from pool
[2026-01-21T11:39:47.284Z] [INFO] 📥 POST /api/cycle-count/CC-A1-R02-L2-B2-MKNY9ZJY/count
{
  "IP": "192.168.103.205",
  "UserAgent": "okhttp/4.12.0"
}
[2026-01-21T11:39:47.286Z] [DEBUG] Request body
{
  "counted_by": "USER-402498",
  "lines": [
    {
      "id": 3,
      "lineId": 3,
      "item_code": "SKU-JEANS-001-BLU-32",
      "actual_qty": 250,
      "counted_qty": 250,
      "line_id": "LINE-3",
      "barcode": "SKU-SHIRT-001-WHT-MSKU-JEANS-001-BLU-32",
      "carton_id": "CTN-555444",
      "bin_location": "A1-R02-L2-B2",
      "expected_qty": 0
    }
  ]
}
[2026-01-21T11:39:47.290Z] [DEBUG] Requesting database connection from pool
[2026-01-21T11:39:47.292Z] [DEBUG] Database connection obtained from pool
[2026-01-21T11:39:53.260Z] [INFO] 📥 GET /api/health
{
  "IP": "192.168.103.205",
  "UserAgent": "okhttp/4.12.0"
}
[2026-01-21T11:39:53.499Z] [INFO] 📥 GET /api/cycle-count/CC-A1-R02-L2-B2-MKNY9ZJY
{
  "IP": "192.168.103.205",
  "UserAgent": "okhttp/4.12.0"
}
[2026-01-21T11:39:53.501Z] [DEBUG] Requesting database connection from pool
[2026-01-21T11:39:53.502Z] [DEBUG] Database connection obtained from pool
[2026-01-21T11:39:53.668Z] [INFO] 📥 POST /api/cycle-count/CC-A1-R02-L2-B2-MKNY9ZJY/count
{
  "IP": "192.168.103.205",
  "UserAgent": "okhttp/4.12.0"
}
[2026-01-21T11:39:53.670Z] [DEBUG] Request body
{
  "counted_by": "USER-402498",
  "lines": [
    {
      "id": 2,
      "lineId": 2,
      "item_code": "SKU-HAT-301-RED-OS",
      "actual_qty": 110,
      "counted_qty": 110,
      "line_id": "LINE-2",
      "barcode": "SKU-HAT-301-RED-OS",
      "carton_id": "CTN-555444",
      "bin_location": "A1-R02-L2-B2",
      "expected_qty": 0
    }
  ]
}
[2026-01-21T11:39:53.674Z] [DEBUG] Requesting database connection from pool
[2026-01-21T11:39:53.676Z] [DEBUG] Database connection obtained from pool
[2026-01-21T11:39:56.719Z] [INFO] 📥 GET /api/health
{
  "IP": "192.168.103.205",
  "UserAgent": "okhttp/4.12.0"
}
[2026-01-21T11:40:07.120Z] [INFO] 📥 GET /api/health
{
  "IP": "192.168.103.205",
  "UserAgent": "okhttp/4.12.0"
}
[2026-01-21T11:40:11.878Z] [INFO] 📥 GET /api/health
{
  "IP": "192.168.103.205",
  "UserAgent": "okhttp/4.12.0"
}
[2026-01-21T11:40:13.899Z] [INFO] 📥 GET /api/health
{
  "IP": "192.168.103.205",
  "UserAgent": "okhttp/4.12.0"
}
[2026-01-21T11:40:17.005Z] [INFO] 📥 GET /api/health
{
  "IP": "192.168.103.205",
  "UserAgent": "okhttp/4.12.0"
}
[2026-01-21T11:40:17.211Z] [INFO] 📥 GET /api/cycle-count/CC-A1-R02-L2-B2-MKNY9ZJY
{
  "IP": "192.168.103.205",
  "UserAgent": "okhttp/4.12.0"
}
[2026-01-21T11:40:17.213Z] [DEBUG] Requesting database connection from pool
[2026-01-21T11:40:17.215Z] [DEBUG] Database connection obtained from pool
[2026-01-21T11:40:17.396Z] [INFO] 📥 POST /api/cycle-count/CC-A1-R02-L2-B2-MKNY9ZJY/count
{
  "IP": "192.168.103.205",
  "UserAgent": "okhttp/4.12.0"
}
[2026-01-21T11:40:17.398Z] [DEBUG] Request body
{
  "counted_by": "USER-402498",
  "lines": [
    {
      "id": 1,
      "lineId": 1,
      "item_code": "SKU-JACKET-201-BLK-M",
      "actual_qty": 1,
      "counted_qty": 1,
      "line_id": "LINE-1",
      "barcode": "SKU-JACKET-201-BLK-M",
      "carton_id": "CTN-555444",
      "bin_location": "A1-R02-L2-B2",
      "expected_qty": 0
    }
  ]
}
[2026-01-21T11:40:17.399Z] [DEBUG] Requesting database connection from pool
[2026-01-21T11:40:17.400Z] [DEBUG] Database connection obtained from pool
[2026-01-21T11:40:20.324Z] [INFO] 📥 GET /api/health
{
  "IP": "192.168.103.205",
  "UserAgent": "okhttp/4.12.0"
}
[2026-01-21T11:40:20.525Z] [INFO] 📥 GET /api/cycle-count/CC-A1-R02-L2-B2-MKNY9ZJY
{
  "IP": "192.168.103.205",
  "UserAgent": "okhttp/4.12.0"
}
[2026-01-21T11:40:20.530Z] [DEBUG] Requesting database connection from pool
[2026-01-21T11:40:20.531Z] [DEBUG] Database connection obtained from pool
[2026-01-21T11:40:20.704Z] [INFO] 📥 POST /api/cycle-count/CC-A1-R02-L2-B2-MKNY9ZJY/count
{
  "IP": "192.168.103.205",
  "UserAgent": "okhttp/4.12.0"
}
[2026-01-21T11:40:20.706Z] [DEBUG] Request body
{
  "counted_by": "USER-402498",
  "lines": [
    {
      "id": 3,
      "lineId": 3,
      "item_code": "SKU-JEANS-001-BLU-32",
      "actual_qty": 251,
      "counted_qty": 251,
      "line_id": "LINE-3",
      "barcode": "SKU-SHIRT-001-WHT-MSKU-JEANS-001-BLU-32",
      "carton_id": "CTN-555444",
      "bin_location": "A1-R02-L2-B2",
      "expected_qty": 0
    }
  ]
}
[2026-01-21T11:40:20.707Z] [DEBUG] Requesting database connection from pool
[2026-01-21T11:40:20.708Z] [DEBUG] Database connection obtained from pool
[2026-01-21T11:40:26.710Z] [INFO] 📥 GET /api/health
{
  "IP": "192.168.103.205",
  "UserAgent": "okhttp/4.12.0"
}
[2026-01-21T11:40:26.908Z] [INFO] 📥 GET /api/health
{
  "IP": "192.168.103.205",
  "UserAgent": "okhttp/4.12.0"
}
[2026-01-21T11:40:27.108Z] [INFO] 📥 GET /api/cycle-count/CC-A1-R02-L2-B2-MKNY9ZJY
{
  "IP": "192.168.103.205",
  "UserAgent": "okhttp/4.12.0"
}
[2026-01-21T11:40:27.110Z] [DEBUG] Requesting database connection from pool
[2026-01-21T11:40:27.111Z] [DEBUG] Database connection obtained from pool
[2026-01-21T11:40:27.265Z] [INFO] 📥 POST /api/cycle-count/CC-A1-R02-L2-B2-MKNY9ZJY/count
{
  "IP": "192.168.103.205",
  "UserAgent": "okhttp/4.12.0"
}
[2026-01-21T11:40:27.267Z] [DEBUG] Request body
{
  "counted_by": "USER-402498",
  "lines": [
    {
      "id": 4,
      "lineId": 4,
      "item_code": "SKU-JACKET-201-BLK-M",
      "actual_qty": 100,
      "counted_qty": 100,
      "line_id": "LINE-4",
      "barcode": "SKU-JACKET-201-BLK-M",
      "carton_id": "CTN-555444",
      "bin_location": "A1-R02-L2-B2",
      "expected_qty": 0
    }
  ]
}
[2026-01-21T11:40:27.268Z] [DEBUG] Requesting database connection from pool
[2026-01-21T11:40:27.268Z] [DEBUG] Database connection obtained from pool
[2026-01-21T11:40:34.718Z] [INFO] 📥 GET /api/health
{
  "IP": "192.168.103.205",
  "UserAgent": "okhttp/4.12.0"
}
[2026-01-21T11:40:34.964Z] [INFO] 📥 GET /api/cycle-count/CC-A1-R02-L2-B2-MKNY9ZJY
{
  "IP": "192.168.103.205",
  "UserAgent": "okhttp/4.12.0"
}
[2026-01-21T11:40:34.965Z] [DEBUG] Requesting database connection from pool
[2026-01-21T11:40:34.966Z] [DEBUG] Database connection obtained from pool
[2026-01-21T11:40:35.113Z] [INFO] 📥 POST /api/cycle-count/CC-A1-R02-L2-B2-MKNY9ZJY/count
{
  "IP": "192.168.103.205",
  "UserAgent": "okhttp/4.12.0"
}
[2026-01-21T11:40:35.116Z] [DEBUG] Request body
{
  "counted_by": "USER-402498",
  "lines": [
    {
      "id": 1,
      "lineId": 1,
      "item_code": "SKU-JACKET-201-BLK-L",
      "actual_qty": 1,
      "counted_qty": 1,
      "line_id": "LINE-1",
      "barcode": "SKU-JACKET-201-BLK-L",
      "carton_id": "CTN-555444",
      "bin_location": "A1-R02-L2-B2",
      "expected_qty": 0
    }
  ]
}
[2026-01-21T11:40:35.117Z] [DEBUG] Requesting database connection from pool
[2026-01-21T11:40:35.118Z] [DEBUG] Database connection obtained from pool
[2026-01-21T11:40:37.141Z] [INFO] 📥 GET /api/health
{
  "IP": "192.168.103.205",
  "UserAgent": "okhttp/4.12.0"
}
[2026-01-21T11:40:40.299Z] [INFO] 📥 GET /api/health
{
  "IP": "192.168.103.205",
  "UserAgent": "okhttp/4.12.0"
}
[2026-01-21T11:40:40.516Z] [INFO] 📥 GET /api/cycle-count/CC-A1-R02-L2-B2-MKNY9ZJY
{
  "IP": "192.168.103.205",
  "UserAgent": "okhttp/4.12.0"
}
[2026-01-21T11:40:40.520Z] [DEBUG] Requesting database connection from pool
[2026-01-21T11:40:40.522Z] [DEBUG] Database connection obtained from pool
[2026-01-21T11:40:40.683Z] [INFO] 📥 POST /api/cycle-count/CC-A1-R02-L2-B2-MKNY9ZJY/count
{
  "IP": "192.168.103.205",
  "UserAgent": "okhttp/4.12.0"
}
[2026-01-21T11:40:40.687Z] [DEBUG] Request body
{
  "counted_by": "USER-402498",
  "lines": [
    {
      "id": 5,
      "lineId": 5,
      "item_code": "SKU-JACKET-201-BLK-L",
      "actual_qty": 100,
      "counted_qty": 100,
      "line_id": "LINE-5",
      "barcode": "SKU-JACKET-201-BLK-L",
      "carton_id": "CTN-555444",
      "bin_location": "A1-R02-L2-B2",
      "expected_qty": 0
    }
  ]
}
[2026-01-21T11:40:40.690Z] [DEBUG] Requesting database connection from pool
[2026-01-21T11:40:40.691Z] [DEBUG] Database connection obtained from pool
[2026-01-21T11:40:41.868Z] [INFO] 📥 GET /api/health
{
  "IP": "192.168.103.205",
  "UserAgent": "okhttp/4.12.0"
}
[2026-01-21T11:40:43.890Z] [INFO] 📥 GET /api/health
{
  "IP": "192.168.103.205",
  "UserAgent": "okhttp/4.12.0"
}
[2026-01-21T11:40:44.671Z] [INFO] 📥 GET /api/cycle-count/CC-A1-R02-L2-B2-MKNY9ZJY
{
  "IP": "192.168.103.205",
  "UserAgent": "okhttp/4.12.0"
}
[2026-01-21T11:40:44.672Z] [DEBUG] Requesting database connection from pool
[2026-01-21T11:40:44.672Z] [DEBUG] Database connection obtained from pool
[2026-01-21T11:40:44.812Z] [INFO] 📥 POST /api/cycle-count/CC-A1-R02-L2-B2-MKNY9ZJY/count
{
  "IP": "192.168.103.205",
  "UserAgent": "okhttp/4.12.0"
}
[2026-01-21T11:40:44.813Z] [DEBUG] Request body
{
  "counted_by": "USER-402498",
  "lines": [
    {
      "id": 2,
      "lineId": 2,
      "item_code": "SKU-HAT-301-RED-OS",
      "actual_qty": 110,
      "counted_qty": 110,
      "line_id": "LINE-2",
      "barcode": "SKU-HAT-301-RED-OS",
      "carton_id": "CTN-555444",
      "bin_location": "A1-R02-L2-B2",
      "expected_qty": 0
    },
    {
      "id": 3,
      "lineId": 3,
      "item_code": "SKU-JEANS-001-BLU-32",
      "actual_qty": 251,
      "counted_qty": 251,
      "line_id": "LINE-3",
      "barcode": "SKU-SHIRT-001-WHT-MSKU-JEANS-001-BLU-32",
      "carton_id": "CTN-555444",
      "bin_location": "A1-R02-L2-B2",
      "expected_qty": 0
    },
    {
      "id": 4,
      "lineId": 4,
      "item_code": "SKU-JACKET-201-BLK-M",
      "actual_qty": 100,
      "counted_qty": 100,
      "line_id": "LINE-4",
      "barcode": "SKU-JACKET-201-BLK-M",
      "carton_id": "CTN-555444",
      "bin_location": "A1-R02-L2-B2",
      "expected_qty": 0
    },
    {
      "id": 5,
      "lineId": 5,
      "item_code": "SKU-JACKET-201-BLK-L",
      "actual_qty": 100,
      "counted_qty": 100,
      "line_id": "LINE-5",
      "barcode": "SKU-JACKET-201-BLK-L",
      "carton_id": "CTN-555444",
      "bin_location": "A1-R02-L2-B2",
      "expected_qty": 0
    }
  ]
}
[2026-01-21T11:40:44.814Z] [DEBUG] Requesting database connection from pool
[2026-01-21T11:40:44.814Z] [DEBUG] Database connection obtained from pool
[2026-01-21T11:40:45.061Z] [INFO] 📥 POST /api/cycle-count/CC-A1-R02-L2-B2-MKNY9ZJY/submit
{
  "IP": "192.168.103.205",
  "UserAgent": "okhttp/4.12.0"
}
[2026-01-21T11:40:45.063Z] [DEBUG] Requesting database connection from pool
[2026-01-21T11:40:45.063Z] [DEBUG] Database connection obtained from pool
[2026-01-21T11:40:45.245Z] [INFO] 📥 POST /api/cycle-count/CC-A1-R02-L2-B2-MKNY9ZJY/complete
{
  "IP": "192.168.103.205",
  "UserAgent": "okhttp/4.12.0"
}
[2026-01-21T11:40:45.248Z] [DEBUG] Requesting database connection from pool
[2026-01-21T11:40:45.249Z] [DEBUG] Database connection obtained from pool
[2026-01-21T11:40:46.779Z] [INFO] 📥 GET /api/cycle-count/CC-A1-R02-L2-B2-MKNY9ZJY
{
  "IP": "192.168.103.205",
  "UserAgent": "okhttp/4.12.0"
}
[2026-01-21T11:40:46.780Z] [DEBUG] Requesting database connection from pool
[2026-01-21T11:40:46.780Z] [DEBUG] Database connection obtained from pool
[2026-01-21T11:40:46.928Z] [INFO] 📥 POST /api/cycle-count/CC-A1-R02-L2-B2-MKNY9ZJY/count
{
  "IP": "192.168.103.205",
  "UserAgent": "okhttp/4.12.0"
}
[2026-01-21T11:40:46.933Z] [DEBUG] Request body
{
  "counted_by": "USER-402498",
  "lines": [
    {
      "id": 2,
      "lineId": 2,
      "item_code": "SKU-HAT-301-RED-OS",
      "actual_qty": 110,
      "counted_qty": 110,
      "line_id": "LINE-2",
      "barcode": "SKU-HAT-301-RED-OS",
      "carton_id": "CTN-555444",
      "bin_location": "A1-R02-L2-B2",
      "expected_qty": 0
    },
    {
      "id": 3,
      "lineId": 3,
      "item_code": "SKU-JEANS-001-BLU-32",
      "actual_qty": 251,
      "counted_qty": 251,
      "line_id": "LINE-3",
      "barcode": "SKU-SHIRT-001-WHT-MSKU-JEANS-001-BLU-32",
      "carton_id": "CTN-555444",
      "bin_location": "A1-R02-L2-B2",
      "expected_qty": 0
    },
    {
      "id": 4,
      "lineId": 4,
      "item_code": "SKU-JACKET-201-BLK-M",
      "actual_qty": 100,
      "counted_qty": 100,
      "line_id": "LINE-4",
      "barcode": "SKU-JACKET-201-BLK-M",
      "carton_id": "CTN-555444",
      "bin_location": "A1-R02-L2-B2",
      "expected_qty": 0
    },
    {
      "id": 5,
      "lineId": 5,
      "item_code": "SKU-JACKET-201-BLK-L",
      "actual_qty": 100,
      "counted_qty": 100,
      "line_id": "LINE-5",
      "barcode": "SKU-JACKET-201-BLK-L",
      "carton_id": "CTN-555444",
      "bin_location": "A1-R02-L2-B2",
      "expected_qty": 0
    }
  ]
}
[2026-01-21T11:40:46.934Z] [DEBUG] Requesting database connection from pool
[2026-01-21T11:40:46.938Z] [DEBUG] Database connection obtained from pool
[2026-01-21T11:40:56.756Z] [INFO] 📥 GET /api/health
{
  "IP": "192.168.103.205",
  "UserAgent": "okhttp/4.12.0"
}
[2026-01-21T11:41:00.770Z] [INFO] 📥 GET /api/transaction-history?from_date=2025-10-23&to_date=2026-01-22&limit=1000
{
  "IP": "127.0.0.1",
  "UserAgent": "unknown"
}
[2026-01-21T11:41:00.772Z] [DEBUG] Requesting database connection from pool
[2026-01-21T11:41:00.773Z] [DEBUG] Database connection obtained from pool
[2026-01-21T11:41:00.776Z] [INFO] [Transaction History] Executing query
{
  "query": "\n      SELECT \n        id,\n        transaction_id,\n        COALESCE(transaction_number, '') as transaction_number,\n        transaction_date,\n        transaction_type,\n        reference_doc_type,\n        reference_doc,\n        wms_transaction_title,\n        item_code,\n        item_name,\n        warehouse,\n        warehouse_name,\n        bin_location,\n        location_id,\n        carton_id,\n        batch_no,\n        serial_no,\n        qty_change,\n        qty_before,\n        qty_after,\n        stoc",
  "params": [
    "2025-10-23",
    "2026-01-22",
    1000
  ],
  "paramsCount": 3,
  "hasTransactionNoColumn": true,
  "transactionNoColumnName": "transaction_number",
  "filters": {
    "from_date": "2025-10-23",
    "to_date": "2026-01-22",
    "limit": 1000
  }
}
[2026-01-21T11:41:00.780Z] [INFO] [Transaction History] Query executed successfully
{
  "rowsReturned": 6,
  "sampleRow": {
    "id": 32,
    "item_code": "SKU-JACKET-201-BLK-L",
    "transaction_date": "2026-01-21T11:40:45.000Z",
    "transaction_type": "CycleCount",
    "transaction_number": "TXN-20260121-00024"
  }
}
[2026-01-21T11:41:00.782Z] [INFO] [Transaction History] Returning response
{
  "totalRecords": 6,
  "sampleRecord": {
    "id": 32,
    "item_code": "SKU-JACKET-201-BLK-L",
    "transaction_date": "2026-01-21T11:40:45.000Z",
    "transaction_type": "CycleCount",
    "transaction_number": "TXN-20260121-00024"
  },
  "responseFormat": {
    "ok": true,
    "hasData": true,
    "dataLength": 6
  }
}
[2026-01-21T11:41:00.783Z] [INFO] [Transaction History] Sending response
{
  "responseOk": true,
  "dataArrayLength": 6,
  "count": 6
}
[2026-01-21T11:41:07.141Z] [INFO] 📥 GET /api/health
{
  "IP": "192.168.103.205",
  "UserAgent": "okhttp/4.12.0"
}
[2026-01-21T11:41:26.761Z] [INFO] 📥 GET /api/health
{
  "IP": "192.168.103.205",
  "UserAgent": "okhttp/4.12.0"
}
[2026-01-21T11:41:37.199Z] [INFO] 📥 GET /api/health
{
  "IP": "192.168.103.205",
  "UserAgent": "okhttp/4.12.0"
}
[2026-01-21T11:41:56.767Z] [INFO] 📥 GET /api/health
{
  "IP": "192.168.103.205",
  "UserAgent": "okhttp/4.12.0"
}
[2026-01-21T11:42:07.160Z] [INFO] 📥 GET /api/health
{
  "IP": "192.168.103.205",
  "UserAgent": "okhttp/4.12.0"
}
[2026-01-21T11:42:26.759Z] [INFO] 📥 GET /api/health
{
  "IP": "192.168.103.205",
  "UserAgent": "okhttp/4.12.0"
}
[2026-01-21T11:42:37.176Z] [INFO] 📥 GET /api/health
{
  "IP": "192.168.103.205",
  "UserAgent": "okhttp/4.12.0"
}
[2026-01-21T11:42:56.801Z] [INFO] 📥 GET /api/health
{
  "IP": "192.168.103.205",
  "UserAgent": "okhttp/4.12.0"
}
[2026-01-21T11:43:07.192Z] [INFO] 📥 GET /api/health
{
  "IP": "192.168.103.205",
  "UserAgent": "okhttp/4.12.0"
}
[2026-01-21T11:43:23.967Z] [INFO] 📥 GET /api/health
{
  "IP": "192.168.103.205",
  "UserAgent": "okhttp/4.12.0"
}
[2026-01-21T11:43:26.267Z] [INFO] 📥 GET /api/asn/ASN-365425479
{
  "IP": "192.168.103.205",
  "UserAgent": "okhttp/4.12.0"
}
[2026-01-21T11:43:26.270Z] [DEBUG] Requesting database connection from pool
[2026-01-21T11:43:26.272Z] [DEBUG] Database connection obtained from pool
[2026-01-21T11:43:26.535Z] [INFO] 📥 GET /api/transfer-order/by-asn/ASN-365425479
{
  "IP": "192.168.103.205",
  "UserAgent": "okhttp/4.12.0"
}
[2026-01-21T11:43:26.539Z] [DEBUG] Requesting database connection from pool
[2026-01-21T11:43:26.541Z] [DEBUG] Database connection obtained from pool
[2026-01-21T11:43:26.580Z] [INFO] 📥 GET /api/transfer-order/by-asn/ASN-365425479
{
  "IP": "192.168.103.205",
  "UserAgent": "okhttp/4.12.0"
}
[2026-01-21T11:43:26.583Z] [DEBUG] Requesting database connection from pool
[2026-01-21T11:43:26.588Z] [DEBUG] Database connection obtained from pool
[2026-01-21T11:43:28.567Z] [INFO] 📥 GET /api/asn/ASN-365425479
{
  "IP": "192.168.103.205",
  "UserAgent": "okhttp/4.12.0"
}
[2026-01-21T11:43:28.568Z] [DEBUG] Requesting database connection from pool
[2026-01-21T11:43:28.569Z] [DEBUG] Database connection obtained from pool
[2026-01-21T11:43:28.813Z] [INFO] 📥 GET /api/asn/ASN-365425479
{
  "IP": "192.168.103.205",
  "UserAgent": "okhttp/4.12.0"
}
[2026-01-21T11:43:28.815Z] [DEBUG] Requesting database connection from pool
[2026-01-21T11:43:28.816Z] [DEBUG] Database connection obtained from pool
[2026-01-21T11:43:28.986Z] [INFO] 📥 POST /api/inbound/update
{
  "IP": "192.168.103.205",
  "UserAgent": "okhttp/4.12.0"
}
[2026-01-21T11:43:28.996Z] [DEBUG] Request body
{
  "inbound_session": "SESSION-ASN365425479-DEVO280402498-USER402498",
  "status": "Receiving",
  "dock": "DOCK-01",
  "total_cartons": 1,
  "completed_cartons": 0,
  "user_id": "USER-402498",
  "device_id": "DEV-O280-402498",
  "asn_no": "ASN-365425479"
}
[2026-01-21T11:43:29.000Z] [DEBUG] Requesting database connection from pool
[2026-01-21T11:43:29.004Z] [DEBUG] Database connection obtained from pool
[2026-01-21T11:43:29.495Z] [INFO] 📥 GET /api/health
{
  "IP": "192.168.103.205",
  "UserAgent": "okhttp/4.12.0"
}
[2026-01-21T11:43:29.559Z] [INFO] 📥 GET /api/inbound/unload-lines?parent_title=SESSION-ASN365425479-DEVO280402498-USER402498
{
  "IP": "192.168.103.205",
  "UserAgent": "okhttp/4.12.0"
}
[2026-01-21T11:43:29.564Z] [INFO] 📥 GET /api/inbound/unload-lines?parent_title=SESSION-ASN365425479-DEVO280402498-USER402498
{
  "IP": "192.168.103.205",
  "UserAgent": "okhttp/4.12.0"
}
[2026-01-21T11:43:34.022Z] [INFO] 📥 POST /api/inbound/unload-line
{
  "IP": "192.168.103.205",
  "UserAgent": "okhttp/4.12.0"
}
[2026-01-21T11:43:34.024Z] [DEBUG] Request body
{
  "parent_title": "SESSION-ASN365425479-DEVO280402498-USER402498",
  "unit_type": "Carton",
  "unit_id": "ASN-365425479",
  "scanned_by": "USER-402498",
  "scanned_on": "2026-01-21T11:43:35.539Z"
}
[2026-01-21T11:43:34.026Z] [DEBUG] Requesting database connection from pool
[2026-01-21T11:43:34.026Z] [DEBUG] Database connection obtained from pool
[2026-01-21T11:43:34.189Z] [INFO] 📥 POST /api/cartons/update-status
{
  "IP": "192.168.103.205",
  "UserAgent": "okhttp/4.12.0"
}
[2026-01-21T11:43:34.191Z] [DEBUG] Request body
{
  "asn_no": "ASN-365425479",
  "inbound_session": "SESSION-ASN365425479-DEVO280402498-USER402498",
  "carton_id": "ASN-365425479",
  "status": "Unloaded",
  "user_id": "USER-402498",
  "device_id": "DEV-O280-402498"
}
[2026-01-21T11:43:34.194Z] [DEBUG] Requesting database connection from pool
[2026-01-21T11:43:34.195Z] [DEBUG] Database connection obtained from pool
[2026-01-21T11:43:34.391Z] [INFO] 📥 GET /api/inbound/unload-lines?parent_title=SESSION-ASN365425479-DEVO280402498-USER402498
{
  "IP": "192.168.103.205",
  "UserAgent": "okhttp/4.12.0"
}
[2026-01-21T11:43:36.253Z] [INFO] 📥 GET /api/health
{
  "IP": "192.168.103.205",
  "UserAgent": "okhttp/4.12.0"
}
[2026-01-21T11:43:36.261Z] [INFO] 📥 POST /api/events/batch
{
  "IP": "192.168.103.205",
  "UserAgent": "okhttp/4.12.0"
}
[2026-01-21T11:43:36.263Z] [DEBUG] Request body
{
  "events": [
    {
      "offline_uuid": "16023725-edb7-4537-b8eb-6fc6356ee772",
      "event_type": "UNLOAD_SCAN",
      "asn_no": "ASN-365425479",
      "to_no": null,
      "inbound_session": "SESSION-ASN365425479-DEVO280402498-USER402498",
      "carton_id": "ASN-365425479",
      "item_code": null,
      "store": null,
      "box_id": null,
      "tc_id": null,
      "rack": null,
      "bin": null,
      "device_id": "DEV-O280-402498",
      "user_id": "USER-402498",
      "event_time": "2026-01-21T11:43:35.531Z",
      "synced": 0,
      "error_msg": null,
      "material_request": null,
      "transfer_in": null,
      "cycle_count_title": null,
      "source_bin": null,
      "location_id": null
    }
  ]
}
[2026-01-21T11:43:36.270Z] [DEBUG] Requesting database connection from pool
[2026-01-21T11:43:36.272Z] [DEBUG] Database connection obtained from pool
[2026-01-21T11:43:36.275Z] [INFO] [Event] Final check: Set box_id = carton_id before INSERT: ASN-365425479
[2026-01-21T11:43:36.276Z] [WARN] [Event] Final check: Store still NULL after all attempts, using default: WH-MAIN
[2026-01-21T11:43:36.296Z] [INFO] 📥 GET /api/warehouses/stores
{
  "IP": "192.168.103.205",
  "UserAgent": "okhttp/4.12.0"
}
[2026-01-21T11:43:36.297Z] [DEBUG] Requesting database connection from pool
[2026-01-21T11:43:36.303Z] [DEBUG] Database connection obtained from pool
[2026-01-21T11:43:36.315Z] [INFO] 📥 GET /api/transfer-order/by-asn/ASN-365425479
{
  "IP": "192.168.103.205",
  "UserAgent": "okhttp/4.12.0"
}
[2026-01-21T11:43:36.319Z] [DEBUG] Requesting database connection from pool
[2026-01-21T11:43:36.320Z] [DEBUG] Database connection obtained from pool
[2026-01-21T11:43:36.585Z] [INFO] 📥 POST /api/carton/lock
{
  "IP": "192.168.103.205",
  "UserAgent": "okhttp/4.12.0"
}
[2026-01-21T11:43:36.587Z] [DEBUG] Request body
{
  "inbound_session": "SESSION-ASN365425479-DEVO280402498-USER402498",
  "asn_no": "ASN-365425479",
  "carton_id": "ASN-365425479",
  "user_id": "USER-402498",
  "device_id": "DEV-O280-402498"
}
[2026-01-21T11:43:36.589Z] [DEBUG] Requesting database connection from pool
[2026-01-21T11:43:36.590Z] [DEBUG] Database connection obtained from pool
[2026-01-21T11:43:36.746Z] [INFO] 📥 POST /api/cartons/update-status
{
  "IP": "192.168.103.205",
  "UserAgent": "okhttp/4.12.0"
}
[2026-01-21T11:43:36.748Z] [DEBUG] Request body
{
  "asn_no": "ASN-365425479",
  "inbound_session": "SESSION-ASN365425479-DEVO280402498-USER402498",
  "carton_id": "ASN-365425479",
  "status": "Receiving",
  "locked_by": "USER-402498",
  "locked_on": "2026-01-21T11:43:38.279Z",
  "user_id": "USER-402498",
  "device_id": "DEV-O280-402498"
}
[2026-01-21T11:43:36.750Z] [DEBUG] Requesting database connection from pool
[2026-01-21T11:43:36.751Z] [DEBUG] Database connection obtained from pool
[2026-01-21T11:43:37.188Z] [INFO] 📥 GET /api/health
{
  "IP": "192.168.103.205",
  "UserAgent": "okhttp/4.12.0"
}
[2026-01-21T11:43:38.393Z] [INFO] 📥 GET /api/health
{
  "IP": "192.168.103.205",
  "UserAgent": "okhttp/4.12.0"
}
[2026-01-21T11:43:38.399Z] [INFO] 📥 GET /api/health
{
  "IP": "192.168.103.205",
  "UserAgent": "okhttp/4.12.0"
}
[2026-01-21T11:43:38.401Z] [INFO] 📥 GET /api/health
{
  "IP": "192.168.103.205",
  "UserAgent": "okhttp/4.12.0"
}
[2026-01-21T11:43:38.405Z] [INFO] 📥 GET /api/health
{
  "IP": "192.168.103.205",
  "UserAgent": "okhttp/4.12.0"
}
[2026-01-21T11:43:38.453Z] [INFO] 📥 GET /api/warehouses/stores
{
  "IP": "192.168.103.205",
  "UserAgent": "okhttp/4.12.0"
}
[2026-01-21T11:43:38.455Z] [DEBUG] Requesting database connection from pool
[2026-01-21T11:43:38.457Z] [DEBUG] Database connection obtained from pool
[2026-01-21T11:43:38.545Z] [INFO] 📥 GET /api/transfer-order/by-asn/ASN-365425479
{
  "IP": "192.168.103.205",
  "UserAgent": "okhttp/4.12.0"
}
[2026-01-21T11:43:38.546Z] [DEBUG] Requesting database connection from pool
[2026-01-21T11:43:38.547Z] [DEBUG] Database connection obtained from pool
[2026-01-21T11:43:38.549Z] [INFO] 📥 GET /api/transfer-order/by-asn/ASN-365425479
{
  "IP": "192.168.103.205",
  "UserAgent": "okhttp/4.12.0"
}
[2026-01-21T11:43:38.552Z] [DEBUG] Requesting database connection from pool
[2026-01-21T11:43:38.554Z] [DEBUG] Database connection obtained from pool
[2026-01-21T11:43:38.556Z] [INFO] 📥 GET /api/transfer-order/by-asn/ASN-365425479
{
  "IP": "192.168.103.205",
  "UserAgent": "okhttp/4.12.0"
}
[2026-01-21T11:43:38.558Z] [DEBUG] Requesting database connection from pool
[2026-01-21T11:43:38.562Z] [INFO] 📥 GET /api/transfer-order/by-asn/ASN-365425479
{
  "IP": "192.168.103.205",
  "UserAgent": "okhttp/4.12.0"
}
[2026-01-21T11:43:38.571Z] [DEBUG] Requesting database connection from pool
[2026-01-21T11:43:38.591Z] [SUCCESS] New database connection established
[2026-01-21T11:43:38.592Z] [DEBUG] Database connection obtained from pool
[2026-01-21T11:43:38.594Z] [SUCCESS] New database connection established
[2026-01-21T11:43:38.597Z] [DEBUG] Database connection obtained from pool
[2026-01-21T11:43:38.682Z] [INFO] 📥 GET /api/health
{
  "IP": "192.168.103.205",
  "UserAgent": "okhttp/4.12.0"
}
[2026-01-21T11:43:38.732Z] [INFO] 📥 GET /api/warehouses/stores
{
  "IP": "192.168.103.205",
  "UserAgent": "okhttp/4.12.0"
}
[2026-01-21T11:43:38.733Z] [DEBUG] Requesting database connection from pool
[2026-01-21T11:43:38.734Z] [DEBUG] Database connection obtained from pool
[2026-01-21T11:43:38.774Z] [INFO] 📥 GET /api/health
{
  "IP": "192.168.103.205",
  "UserAgent": "okhttp/4.12.0"
}
[2026-01-21T11:43:38.860Z] [INFO] 📥 GET /api/health
{
  "IP": "192.168.103.205",
  "UserAgent": "okhttp/4.12.0"
}
[2026-01-21T11:43:38.945Z] [INFO] 📥 GET /api/transfer-order/by-asn/ASN-365425479
{
  "IP": "192.168.103.205",
  "UserAgent": "okhttp/4.12.0"
}
[2026-01-21T11:43:38.946Z] [DEBUG] Requesting database connection from pool
[2026-01-21T11:43:38.947Z] [DEBUG] Database connection obtained from pool
[2026-01-21T11:43:38.949Z] [INFO] 📥 GET /api/health
{
  "IP": "192.168.103.205",
  "UserAgent": "okhttp/4.12.0"
}
[2026-01-21T11:43:39.103Z] [INFO] 📥 GET /api/transfer-order/by-asn/ASN-365425479
{
  "IP": "192.168.103.205",
  "UserAgent": "okhttp/4.12.0"
}
[2026-01-21T11:43:39.106Z] [DEBUG] Requesting database connection from pool
[2026-01-21T11:43:39.108Z] [DEBUG] Database connection obtained from pool
[2026-01-21T11:43:39.120Z] [INFO] 📥 GET /api/health
{
  "IP": "192.168.103.205",
  "UserAgent": "okhttp/4.12.0"
}
[2026-01-21T11:43:39.136Z] [INFO] 📥 GET /api/health
{
  "IP": "192.168.103.205",
  "UserAgent": "okhttp/4.12.0"
}
[2026-01-21T11:43:39.213Z] [INFO] 📥 GET /api/health
{
  "IP": "192.168.103.205",
  "UserAgent": "okhttp/4.12.0"
}
[2026-01-21T11:43:39.236Z] [INFO] 📥 GET /api/health
{
  "IP": "192.168.103.205",
  "UserAgent": "okhttp/4.12.0"
}
[2026-01-21T11:43:39.238Z] [INFO] 📥 GET /api/health
{
  "IP": "192.168.103.205",
  "UserAgent": "okhttp/4.12.0"
}
[2026-01-21T11:43:39.274Z] [INFO] 📥 GET /api/transfer-order/by-asn/ASN-365425479
{
  "IP": "192.168.103.205",
  "UserAgent": "okhttp/4.12.0"
}
[2026-01-21T11:43:39.277Z] [DEBUG] Requesting database connection from pool
[2026-01-21T11:43:39.279Z] [DEBUG] Database connection obtained from pool
[2026-01-21T11:43:39.292Z] [INFO] 📥 GET /api/transfer-order/by-asn/ASN-365425479
{
  "IP": "192.168.103.205",
  "UserAgent": "okhttp/4.12.0"
}
[2026-01-21T11:43:39.294Z] [DEBUG] Requesting database connection from pool
[2026-01-21T11:43:39.295Z] [DEBUG] Database connection obtained from pool
[2026-01-21T11:43:39.386Z] [INFO] 📥 GET /api/transfer-order/by-asn/ASN-365425479
{
  "IP": "192.168.103.205",
  "UserAgent": "okhttp/4.12.0"
}
[2026-01-21T11:43:39.386Z] [DEBUG] Requesting database connection from pool
[2026-01-21T11:43:39.386Z] [DEBUG] Database connection obtained from pool
[2026-01-21T11:43:39.387Z] [INFO] 📥 GET /api/transfer-order/by-asn/ASN-365425479
{
  "IP": "192.168.103.205",
  "UserAgent": "okhttp/4.12.0"
}
[2026-01-21T11:43:39.388Z] [DEBUG] Requesting database connection from pool
[2026-01-21T11:43:39.388Z] [DEBUG] Database connection obtained from pool
[2026-01-21T11:43:39.389Z] [INFO] 📥 GET /api/transfer-order/by-asn/ASN-365425479
{
  "IP": "192.168.103.205",
  "UserAgent": "okhttp/4.12.0"
}
[2026-01-21T11:43:39.390Z] [DEBUG] Requesting database connection from pool
[2026-01-21T11:43:39.390Z] [DEBUG] Database connection obtained from pool
[2026-01-21T11:43:39.506Z] [INFO] 📥 GET /api/health
{
  "IP": "192.168.103.205",
  "UserAgent": "okhttp/4.12.0"
}
[2026-01-21T11:43:39.626Z] [INFO] 📥 POST /api/boxes/create
{
  "IP": "192.168.103.205",
  "UserAgent": "okhttp/4.12.0"
}
[2026-01-21T11:43:39.629Z] [DEBUG] Request body
{
  "store": "WH-MAIN",
  "purpose": "PUTAWAY",
  "user_id": "USER-402498",
  "to_no": "Putaway",
  "transfer_order": "Putaway",
  "box_id": "PAW-ASN365425479-1768995821165",
  "asn_no": "ASN-365425479"
}
[2026-01-21T11:43:39.631Z] [DEBUG] Requesting database connection from pool
[2026-01-21T11:43:39.633Z] [DEBUG] Database connection obtained from pool
[2026-01-21T11:43:39.657Z] [INFO] 📥 GET /api/transfer-order/by-asn/ASN-365425479
{
  "IP": "192.168.103.205",
  "UserAgent": "okhttp/4.12.0"
}
[2026-01-21T11:43:39.662Z] [DEBUG] Requesting database connection from pool
[2026-01-21T11:43:39.664Z] [DEBUG] Database connection obtained from pool
[2026-01-21T11:43:39.734Z] [INFO] 📥 GET /api/health
{
  "IP": "192.168.103.205",
  "UserAgent": "okhttp/4.12.0"
}
[2026-01-21T11:43:39.846Z] [INFO] 📥 GET /api/health
{
  "IP": "192.168.103.205",
  "UserAgent": "okhttp/4.12.0"
}
[2026-01-21T11:43:40.017Z] [INFO] 📥 GET /api/transfer-order/by-asn/ASN-365425479
{
  "IP": "192.168.103.205",
  "UserAgent": "okhttp/4.12.0"
}
[2026-01-21T11:43:40.018Z] [DEBUG] Requesting database connection from pool
[2026-01-21T11:43:40.021Z] [DEBUG] Database connection obtained from pool
[2026-01-21T11:43:40.152Z] [INFO] 📥 GET /api/health
{
  "IP": "192.168.103.205",
  "UserAgent": "okhttp/4.12.0"
}
[2026-01-21T11:43:40.155Z] [INFO] 📥 GET /api/health
{
  "IP": "192.168.103.205",
  "UserAgent": "okhttp/4.12.0"
}
[2026-01-21T11:43:40.180Z] [INFO] 📥 GET /api/health
{
  "IP": "192.168.103.205",
  "UserAgent": "okhttp/4.12.0"
}
[2026-01-21T11:43:40.320Z] [INFO] 📥 GET /api/transfer-order/by-asn/ASN-365425479
{
  "IP": "192.168.103.205",
  "UserAgent": "okhttp/4.12.0"
}
[2026-01-21T11:43:40.325Z] [DEBUG] Requesting database connection from pool
[2026-01-21T11:43:40.327Z] [DEBUG] Database connection obtained from pool
[2026-01-21T11:43:40.332Z] [INFO] 📥 GET /api/transfer-order/by-asn/ASN-365425479
{
  "IP": "192.168.103.205",
  "UserAgent": "okhttp/4.12.0"
}
[2026-01-21T11:43:40.334Z] [DEBUG] Requesting database connection from pool
[2026-01-21T11:43:40.336Z] [DEBUG] Database connection obtained from pool
[2026-01-21T11:43:40.364Z] [INFO] 📥 GET /api/transfer-order/by-asn/ASN-365425479
{
  "IP": "192.168.103.205",
  "UserAgent": "okhttp/4.12.0"
}
[2026-01-21T11:43:40.369Z] [DEBUG] Requesting database connection from pool
[2026-01-21T11:43:40.374Z] [DEBUG] Database connection obtained from pool
[2026-01-21T11:43:52.318Z] [INFO] 📥 POST /api/events/batch
{
  "IP": "192.168.103.205",
  "UserAgent": "okhttp/4.12.0"
}
[2026-01-21T11:43:52.320Z] [DEBUG] Request body
{
  "events": [
    {
      "offline_uuid": "98c03553-3297-426b-a3e5-ad384105cc0a",
      "event_type": "RECEIVE_ITEM_SCAN",
      "asn_no": "ASN-365425479",
      "to_no": null,
      "inbound_session": "SESSION-ASN365425479-DEVO280402498-USER402498",
      "carton_id": "ASN-365425479",
      "item_code": "SKU-HAT-301-BLU-OS",
      "qty": 25,
      "store": null,
      "box_id": null,
      "tc_id": null,
      "rack": null,
      "bin": null,
      "device_id": "DEV-O280-402498",
      "user_id": "USER-402498",
      "event_time": "2026-01-21T11:43:51.737Z",
      "synced": 0,
      "error_msg": null,
      "material_request": null,
      "transfer_in": null,
      "cycle_count_title": null,
      "source_bin": null,
      "location_id": null
    },
    {
      "offline_uuid": "6d9a3ba4-4abe-42eb-8674-6fba4685a63d",
      "event_type": "SORT_TO_BOX",
      "asn_no": "ASN-365425479",
      "to_no": null,
      "inbound_session": "SESSION-ASN365425479-DEVO280402498-USER402498",
      "carton_id": "ASN-365425479",
      "item_code": "SKU-HAT-301-BLU-OS",
      "qty": 25,
      "store": "WH-MAIN",
      "box_id": "PAW-ASN365425479-1768995821165",
      "tc_id": null,
      "rack": null,
      "bin": null,
      "device_id": "DEV-O280-402498",
      "user_id": "USER-402498",
      "event_time": "2026-01-21T11:43:51.799Z",
      "synced": 0,
      "error_msg": null,
      "material_request": null,
      "transfer_in": null,
      "cycle_count_title": null,
      "source_bin": null,
      "location_id": null
    }
  ]
}
[2026-01-21T11:43:52.324Z] [DEBUG] Requesting database connection from pool
[2026-01-21T11:43:52.328Z] [DEBUG] Database connection obtained from pool
[2026-01-21T11:43:52.332Z] [INFO] [Event] Final check: Set box_id = carton_id before INSERT: ASN-365425479
[2026-01-21T11:43:52.333Z] [WARN] [Event] Final check: Store still NULL after all attempts, using default: WH-MAIN
[2026-01-21T11:43:57.910Z] [INFO] 📥 POST /api/events/batch
{
  "IP": "192.168.103.205",
  "UserAgent": "okhttp/4.12.0"
}
[2026-01-21T11:43:57.913Z] [DEBUG] Request body
{
  "events": [
    {
      "offline_uuid": "e2cb2420-b98a-4fce-b64a-e7d2b010c336",
      "event_type": "RECEIVE_ITEM_SCAN",
      "asn_no": "ASN-365425479",
      "to_no": null,
      "inbound_session": "SESSION-ASN365425479-DEVO280402498-USER402498",
      "carton_id": "ASN-365425479",
      "item_code": "SKU-HAT-301-GRN-OS",
      "qty": 25,
      "store": null,
      "box_id": null,
      "tc_id": null,
      "rack": null,
      "bin": null,
      "device_id": "DEV-O280-402498",
      "user_id": "USER-402498",
      "event_time": "2026-01-21T11:43:57.336Z",
      "synced": 0,
      "error_msg": null,
      "material_request": null,
      "transfer_in": null,
      "cycle_count_title": null,
      "source_bin": null,
      "location_id": null
    },
    {
      "offline_uuid": "3a98bf5c-133f-4777-87e9-36f8b0fa9a75",
      "event_type": "SORT_TO_BOX",
      "asn_no": "ASN-365425479",
      "to_no": null,
      "inbound_session": "SESSION-ASN365425479-DEVO280402498-USER402498",
      "carton_id": "ASN-365425479",
      "item_code": "SKU-HAT-301-GRN-OS",
      "qty": 25,
      "store": "WH-MAIN",
      "box_id": "PAW-ASN365425479-1768995821165",
      "tc_id": null,
      "rack": null,
      "bin": null,
      "device_id": "DEV-O280-402498",
      "user_id": "USER-402498",
      "event_time": "2026-01-21T11:43:57.397Z",
      "synced": 0,
      "error_msg": null,
      "material_request": null,
      "transfer_in": null,
      "cycle_count_title": null,
      "source_bin": null,
      "location_id": null
    }
  ]
}
[2026-01-21T11:43:57.917Z] [DEBUG] Requesting database connection from pool
[2026-01-21T11:43:57.919Z] [DEBUG] Database connection obtained from pool
[2026-01-21T11:43:57.922Z] [INFO] [Event] Final check: Set box_id = carton_id before INSERT: ASN-365425479
[2026-01-21T11:43:57.923Z] [WARN] [Event] Final check: Store still NULL after all attempts, using default: WH-MAIN
[2026-01-21T11:43:59.289Z] [INFO] 📥 POST /api/inbound/receive-lines
{
  "IP": "192.168.103.205",
  "UserAgent": "okhttp/4.12.0"
}
[2026-01-21T11:43:59.291Z] [DEBUG] Request body
{
  "receive_lines": [
    {
      "parent_title": "SESSION-ASN365425479-DEVO280402498-USER402498",
      "carton_id": "ASN-365425479",
      "item_code": "SKU-HAT-301-GRN-OS",
      "expected_qty": 25,
      "received_qty": 25,
      "condition": "Good",
      "remarks": null
    },
    {
      "parent_title": "SESSION-ASN365425479-DEVO280402498-USER402498",
      "carton_id": "ASN-365425479",
      "item_code": "SKU-HAT-301-BLU-OS",
      "expected_qty": 25,
      "received_qty": 25,
      "condition": "Good",
      "remarks": null
    }
  ]
}
[2026-01-21T11:43:59.293Z] [DEBUG] Requesting database connection from pool
[2026-01-21T11:43:59.297Z] [DEBUG] Database connection obtained from pool
[2026-01-21T11:43:59.461Z] [INFO] 📥 POST /api/carton/complete
{
  "IP": "192.168.103.205",
  "UserAgent": "okhttp/4.12.0"
}
[2026-01-21T11:43:59.464Z] [DEBUG] Request body
{
  "inbound_session": "SESSION-ASN365425479-DEVO280402498-USER402498",
  "asn_no": "ASN-365425479",
  "carton_id": "ASN-365425479",
  "user_id": "USER-402498",
  "device_id": "DEV-O280-402498"
}
[2026-01-21T11:43:59.468Z] [DEBUG] Requesting database connection from pool
[2026-01-21T11:43:59.470Z] [DEBUG] Database connection obtained from pool
[2026-01-21T11:43:59.486Z] [INFO] 📥 GET /api/health
{
  "IP": "192.168.103.205",
  "UserAgent": "okhttp/4.12.0"
}
[2026-01-21T11:43:59.637Z] [INFO] 📥 POST /api/cartons/update-status
{
  "IP": "192.168.103.205",
  "UserAgent": "okhttp/4.12.0"
}
[2026-01-21T11:43:59.644Z] [DEBUG] Request body
{
  "asn_no": "ASN-365425479",
  "inbound_session": "SESSION-ASN365425479-DEVO280402498-USER402498",
  "carton_id": "ASN-365425479",
  "status": "Received",
  "user_id": "USER-402498",
  "device_id": "DEV-O280-402498"
}
[2026-01-21T11:43:59.647Z] [DEBUG] Requesting database connection from pool
[2026-01-21T11:43:59.649Z] [DEBUG] Database connection obtained from pool
[2026-01-21T11:44:01.977Z] [INFO] 📥 POST /api/inbound/update
{
  "IP": "192.168.103.205",
  "UserAgent": "okhttp/4.12.0"
}
[2026-01-21T11:44:01.981Z] [DEBUG] Request body
{
  "inbound_session": "SESSION-ASN365425479-DEVO280402498-USER402498",
  "asn_no": "ASN-365425479",
  "status": "Completed",
  "completed_cartons": 1,
  "total_cartons": 1,
  "dock": "DOCK-01",
  "user_id": "USER-402498",
  "device_id": "DEV-O280-402498"
}
[2026-01-21T11:44:01.985Z] [DEBUG] Requesting database connection from pool
[2026-01-21T11:44:01.989Z] [DEBUG] Database connection obtained from pool
[2026-01-21T11:44:04.994Z] [INFO] 📥 GET /api/health
{
  "IP": "192.168.103.205",
  "UserAgent": "okhttp/4.12.0"
}
[2026-01-21T11:44:04.995Z] [INFO] 📥 GET /api/health
{
  "IP": "192.168.103.205",
  "UserAgent": "okhttp/4.12.0"
}
[2026-01-21T11:44:05.000Z] [INFO] 📥 GET /api/health
{
  "IP": "192.168.103.205",
  "UserAgent": "okhttp/4.12.0"
}
[2026-01-21T11:44:05.018Z] [INFO] 📥 GET /api/health
{
  "IP": "192.168.103.205",
  "UserAgent": "okhttp/4.12.0"
}
[2026-01-21T11:44:05.056Z] [INFO] 📥 GET /api/warehouses/stores
{
  "IP": "192.168.103.205",
  "UserAgent": "okhttp/4.12.0"
}
[2026-01-21T11:44:05.059Z] [DEBUG] Requesting database connection from pool
[2026-01-21T11:44:05.060Z] [DEBUG] Database connection obtained from pool
[2026-01-21T11:44:05.137Z] [INFO] 📥 GET /api/transfer-order/by-asn/ASN-365425479
{
  "IP": "192.168.103.205",
  "UserAgent": "okhttp/4.12.0"
}
[2026-01-21T11:44:05.139Z] [DEBUG] Requesting database connection from pool
[2026-01-21T11:44:05.140Z] [DEBUG] Database connection obtained from pool
[2026-01-21T11:44:05.141Z] [INFO] 📥 GET /api/transfer-order/by-asn/ASN-365425479
{
  "IP": "192.168.103.205",
  "UserAgent": "okhttp/4.12.0"
}
[2026-01-21T11:44:05.143Z] [DEBUG] Requesting database connection from pool
[2026-01-21T11:44:05.146Z] [DEBUG] Database connection obtained from pool
[2026-01-21T11:44:05.194Z] [INFO] 📥 GET /api/transfer-order/by-asn/ASN-365425479
{
  "IP": "192.168.103.205",
  "UserAgent": "okhttp/4.12.0"
}
[2026-01-21T11:44:05.196Z] [DEBUG] Requesting database connection from pool
[2026-01-21T11:44:05.197Z] [DEBUG] Database connection obtained from pool
[2026-01-21T11:44:05.203Z] [INFO] 📥 GET /api/transfer-order/by-asn/ASN-365425479
{
  "IP": "192.168.103.205",
  "UserAgent": "okhttp/4.12.0"
}
[2026-01-21T11:44:05.205Z] [DEBUG] Requesting database connection from pool
[2026-01-21T11:44:05.207Z] [DEBUG] Database connection obtained from pool
[2026-01-21T11:44:05.236Z] [INFO] 📥 GET /api/health
{
  "IP": "192.168.103.205",
  "UserAgent": "okhttp/4.12.0"
}
[2026-01-21T11:44:05.303Z] [INFO] 📥 GET /api/warehouses/stores
{
  "IP": "192.168.103.205",
  "UserAgent": "okhttp/4.12.0"
}
[2026-01-21T11:44:05.304Z] [DEBUG] Requesting database connection from pool
[2026-01-21T11:44:05.305Z] [DEBUG] Database connection obtained from pool
[2026-01-21T11:44:05.321Z] [INFO] 📥 GET /api/health
{
  "IP": "192.168.103.205",
  "UserAgent": "okhttp/4.12.0"
}
[2026-01-21T11:44:05.393Z] [INFO] 📥 GET /api/health
{
  "IP": "192.168.103.205",
  "UserAgent": "okhttp/4.12.0"
}
[2026-01-21T11:44:05.482Z] [INFO] 📥 GET /api/health
{
  "IP": "192.168.103.205",
  "UserAgent": "okhttp/4.12.0"
}
[2026-01-21T11:44:05.485Z] [INFO] 📥 GET /api/transfer-order/by-asn/ASN-365425479
{
  "IP": "192.168.103.205",
  "UserAgent": "okhttp/4.12.0"
}
[2026-01-21T11:44:05.486Z] [DEBUG] Requesting database connection from pool
[2026-01-21T11:44:05.492Z] [DEBUG] Database connection obtained from pool
[2026-01-21T11:44:05.645Z] [INFO] 📥 GET /api/health
{
  "IP": "192.168.103.205",
  "UserAgent": "okhttp/4.12.0"
}
[2026-01-21T11:44:05.648Z] [INFO] 📥 GET /api/health
{
  "IP": "192.168.103.205",
  "UserAgent": "okhttp/4.12.0"
}
[2026-01-21T11:44:05.652Z] [INFO] 📥 GET /api/transfer-order/by-asn/ASN-365425479
{
  "IP": "192.168.103.205",
  "UserAgent": "okhttp/4.12.0"
}
[2026-01-21T11:44:05.655Z] [DEBUG] Requesting database connection from pool
[2026-01-21T11:44:05.660Z] [DEBUG] Database connection obtained from pool
[2026-01-21T11:44:05.801Z] [INFO] 📥 GET /api/health
{
  "IP": "192.168.103.205",
  "UserAgent": "okhttp/4.12.0"
}
[2026-01-21T11:44:05.804Z] [INFO] 📥 GET /api/health
{
  "IP": "192.168.103.205",
  "UserAgent": "okhttp/4.12.0"
}
[2026-01-21T11:44:05.809Z] [INFO] 📥 GET /api/health
{
  "IP": "192.168.103.205",
  "UserAgent": "okhttp/4.12.0"
}
[2026-01-21T11:44:05.812Z] [INFO] 📥 GET /api/transfer-order/by-asn/ASN-365425479
{
  "IP": "192.168.103.205",
  "UserAgent": "okhttp/4.12.0"
}
[2026-01-21T11:44:05.813Z] [DEBUG] Requesting database connection from pool
[2026-01-21T11:44:05.816Z] [DEBUG] Database connection obtained from pool
[2026-01-21T11:44:05.820Z] [INFO] 📥 GET /api/transfer-order/by-asn/ASN-365425479
{
  "IP": "192.168.103.205",
  "UserAgent": "okhttp/4.12.0"
}
[2026-01-21T11:44:05.822Z] [DEBUG] Requesting database connection from pool
[2026-01-21T11:44:05.825Z] [DEBUG] Database connection obtained from pool
[2026-01-21T11:44:05.955Z] [INFO] 📥 GET /api/transfer-order/by-asn/ASN-365425479
{
  "IP": "192.168.103.205",
  "UserAgent": "okhttp/4.12.0"
}
[2026-01-21T11:44:05.958Z] [DEBUG] Requesting database connection from pool
[2026-01-21T11:44:05.961Z] [DEBUG] Database connection obtained from pool
[2026-01-21T11:44:05.967Z] [INFO] 📥 GET /api/transfer-order/by-asn/ASN-365425479
{
  "IP": "192.168.103.205",
  "UserAgent": "okhttp/4.12.0"
}
[2026-01-21T11:44:05.969Z] [DEBUG] Requesting database connection from pool
[2026-01-21T11:44:05.971Z] [DEBUG] Database connection obtained from pool
[2026-01-21T11:44:05.975Z] [INFO] 📥 GET /api/transfer-order/by-asn/ASN-365425479
{
  "IP": "192.168.103.205",
  "UserAgent": "okhttp/4.12.0"
}
[2026-01-21T11:44:05.978Z] [DEBUG] Requesting database connection from pool
[2026-01-21T11:44:05.981Z] [DEBUG] Database connection obtained from pool
[2026-01-21T11:44:06.093Z] [INFO] 📥 GET /api/health
{
  "IP": "192.168.103.205",
  "UserAgent": "okhttp/4.12.0"
}
[2026-01-21T11:44:06.224Z] [INFO] 📥 GET /api/health
{
  "IP": "192.168.103.205",
  "UserAgent": "okhttp/4.12.0"
}
[2026-01-21T11:44:06.250Z] [INFO] 📥 GET /api/transfer-order/by-asn/ASN-365425479
{
  "IP": "192.168.103.205",
  "UserAgent": "okhttp/4.12.0"
}
[2026-01-21T11:44:06.258Z] [DEBUG] Requesting database connection from pool
[2026-01-21T11:44:06.260Z] [DEBUG] Database connection obtained from pool
[2026-01-21T11:44:07.207Z] [INFO] 📥 GET /api/health
{
  "IP": "192.168.103.205",
  "UserAgent": "okhttp/4.12.0"
}
[2026-01-21T11:44:07.759Z] [INFO] 📥 POST /api/boxes/close
{
  "IP": "192.168.103.205",
  "UserAgent": "okhttp/4.12.0"
}
[2026-01-21T11:44:07.760Z] [DEBUG] Request body
{
  "box_id": "PAW-ASN365425479-1768995821165",
  "closed_by": "USER-402498"
}
[2026-01-21T11:44:07.763Z] [DEBUG] Requesting database connection from pool
[2026-01-21T11:44:07.764Z] [DEBUG] Database connection obtained from pool
[2026-01-21T11:44:07.924Z] [INFO] 📥 GET /api/health
{
  "IP": "192.168.103.205",
  "UserAgent": "okhttp/4.12.0"
}
[2026-01-21T11:44:08.019Z] [INFO] 📥 GET /api/health
{
  "IP": "192.168.103.205",
  "UserAgent": "okhttp/4.12.0"
}
[2026-01-21T11:44:08.178Z] [INFO] 📥 GET /api/transfer-order/by-asn/ASN-365425479
{
  "IP": "192.168.103.205",
  "UserAgent": "okhttp/4.12.0"
}
[2026-01-21T11:44:08.181Z] [DEBUG] Requesting database connection from pool
[2026-01-21T11:44:08.182Z] [DEBUG] Database connection obtained from pool
[2026-01-21T11:44:08.359Z] [INFO] 📥 GET /api/health
{
  "IP": "192.168.103.205",
  "UserAgent": "okhttp/4.12.0"
}
[2026-01-21T11:44:08.362Z] [INFO] 📥 GET /api/health
{
  "IP": "192.168.103.205",
  "UserAgent": "okhttp/4.12.0"
}
[2026-01-21T11:44:08.517Z] [INFO] 📥 GET /api/transfer-order/by-asn/ASN-365425479
{
  "IP": "192.168.103.205",
  "UserAgent": "okhttp/4.12.0"
}
[2026-01-21T11:44:08.519Z] [DEBUG] Requesting database connection from pool
[2026-01-21T11:44:08.521Z] [DEBUG] Database connection obtained from pool
[2026-01-21T11:44:08.524Z] [INFO] 📥 GET /api/transfer-order/by-asn/ASN-365425479
{
  "IP": "192.168.103.205",
  "UserAgent": "okhttp/4.12.0"
}
[2026-01-21T11:44:08.533Z] [DEBUG] Requesting database connection from pool
[2026-01-21T11:44:08.534Z] [DEBUG] Database connection obtained from pool
[2026-01-21T11:44:11.430Z] [INFO] 📥 GET /api/health
{
  "IP": "192.168.103.205",
  "UserAgent": "okhttp/4.12.0"
}
[2026-01-21T11:44:11.485Z] [INFO] 📥 GET /api/transfer-order/by-asn/ASN-365425479
{
  "IP": "192.168.103.205",
  "UserAgent": "okhttp/4.12.0"
}
[2026-01-21T11:44:11.486Z] [DEBUG] Requesting database connection from pool
[2026-01-21T11:44:11.487Z] [DEBUG] Database connection obtained from pool
[2026-01-21T11:44:13.090Z] [INFO] 📥 GET /api/health
{
  "IP": "192.168.103.205",
  "UserAgent": "okhttp/4.12.0"
}
[2026-01-21T11:44:13.145Z] [INFO] 📥 GET /api/warehouses/stores
{
  "IP": "192.168.103.205",
  "UserAgent": "okhttp/4.12.0"
}
[2026-01-21T11:44:13.147Z] [DEBUG] Requesting database connection from pool
[2026-01-21T11:44:13.149Z] [DEBUG] Database connection obtained from pool
[2026-01-21T11:44:13.246Z] [INFO] 📥 GET /api/transfer-order/by-asn/ASN-365425479
{
  "IP": "192.168.103.205",
  "UserAgent": "okhttp/4.12.0"
}
[2026-01-21T11:44:13.248Z] [DEBUG] Requesting database connection from pool
[2026-01-21T11:44:13.249Z] [DEBUG] Database connection obtained from pool
[2026-01-21T11:44:13.337Z] [INFO] 📥 GET /api/health
{
  "IP": "192.168.103.205",
  "UserAgent": "okhttp/4.12.0"
}
[2026-01-21T11:44:13.433Z] [INFO] 📥 GET /api/health
{
  "IP": "192.168.103.205",
  "UserAgent": "okhttp/4.12.0"
}
[2026-01-21T11:44:13.593Z] [INFO] 📥 GET /api/transfer-order/by-asn/ASN-365425479
{
  "IP": "192.168.103.205",
  "UserAgent": "okhttp/4.12.0"
}
[2026-01-21T11:44:13.595Z] [DEBUG] Requesting database connection from pool
[2026-01-21T11:44:13.597Z] [DEBUG] Database connection obtained from pool
[2026-01-21T11:44:13.742Z] [INFO] 📥 GET /api/health
{
  "IP": "192.168.103.205",
  "UserAgent": "okhttp/4.12.0"
}
[2026-01-21T11:44:13.744Z] [INFO] 📥 GET /api/health
{
  "IP": "192.168.103.205",
  "UserAgent": "okhttp/4.12.0"
}
[2026-01-21T11:44:13.897Z] [INFO] 📥 GET /api/transfer-order/by-asn/ASN-365425479
{
  "IP": "192.168.103.205",
  "UserAgent": "okhttp/4.12.0"
}
[2026-01-21T11:44:13.903Z] [DEBUG] Requesting database connection from pool
[2026-01-21T11:44:13.904Z] [DEBUG] Database connection obtained from pool
[2026-01-21T11:44:13.906Z] [INFO] 📥 GET /api/transfer-order/by-asn/ASN-365425479
{
  "IP": "192.168.103.205",
  "UserAgent": "okhttp/4.12.0"
}
[2026-01-21T11:44:13.908Z] [DEBUG] Requesting database connection from pool
[2026-01-21T11:44:13.910Z] [DEBUG] Database connection obtained from pool
[2026-01-21T11:44:19.426Z] [INFO] 📥 GET /api/inbound/unload-lines?parent_title=SESSION-ASN365425479-DEVO280402498-USER402498
{
  "IP": "192.168.103.205",
  "UserAgent": "okhttp/4.12.0"
}
[2026-01-21T11:44:22.640Z] [INFO] 📥 GET /api/health
{
  "IP": "192.168.103.205",
  "UserAgent": "okhttp/4.12.0"
}
[2026-01-21T11:44:22.731Z] [INFO] 📥 GET /api/putaway/tasks?asn_no=ASN-365425479&source_type=ASN&status=Draft%2CIn+Progress
{
  "IP": "192.168.103.205",
  "UserAgent": "okhttp/4.12.0"
}
[2026-01-21T11:44:22.733Z] [INFO] [Putaway Tasks API] Request received:
{
  "status": "Draft,In Progress",
  "source_type": "ASN",
  "advance_shipping_notice": "NOT_PROVIDED",
  "transfer_in": "NOT_PROVIDED"
}
[2026-01-21T11:44:22.734Z] [DEBUG] Requesting database connection from pool
[2026-01-21T11:44:22.735Z] [DEBUG] Database connection obtained from pool
[2026-01-21T11:44:22.739Z] [INFO] 📥 GET /api/putaway/tasks?asn_no=ASN-365425479&source_type=ASN&status=Draft%2CIn+Progress
{
  "IP": "192.168.103.205",
  "UserAgent": "okhttp/4.12.0"
}
[2026-01-21T11:44:22.740Z] [INFO] [Putaway Tasks API] Request received:
{
  "status": "Draft,In Progress",
  "source_type": "ASN",
  "advance_shipping_notice": "NOT_PROVIDED",
  "transfer_in": "NOT_PROVIDED"
}
[2026-01-21T11:44:22.741Z] [DEBUG] Requesting database connection from pool
[2026-01-21T11:44:22.747Z] [DEBUG] Database connection obtained from pool
[2026-01-21T11:44:22.749Z] [INFO] [Putaway Tasks API] Status filter applied:
[
  "Draft",
  "In Progress"
]
[2026-01-21T11:44:22.751Z] [INFO] [Putaway Tasks API] Status filter applied:
[
  "Draft",
  "In Progress"
]
[2026-01-21T11:44:22.755Z] [INFO] [Putaway Tasks API] Query executed:
{
  "whereClause": "WHERE pt.status IN (?,?) AND COALESCE(pt.source_type, \"ASN\") = ?",
  "params": [
    "Draft",
    "In Progress",
    "ASN"
  ],
  "tasks_found": 0
}
[2026-01-21T11:44:22.756Z] [WARN] [Putaway Tasks API] No tasks found with filters:
{
  "status": "Draft,In Progress",
  "source_type": "ASN",
  "advance_shipping_notice": "ALL",
  "transfer_in": "ALL"
}
[2026-01-21T11:44:22.758Z] [INFO] [Putaway Tasks API] Query executed:
{
  "whereClause": "WHERE pt.status IN (?,?) AND COALESCE(pt.source_type, \"ASN\") = ?",
  "params": [
    "Draft",
    "In Progress",
    "ASN"
  ],
  "tasks_found": 0
}
[2026-01-21T11:44:22.759Z] [WARN] [Putaway Tasks API] No tasks found with filters:
{
  "status": "Draft,In Progress",
  "source_type": "ASN",
  "advance_shipping_notice": "ALL",
  "transfer_in": "ALL"
}
[2026-01-21T11:44:22.960Z] [INFO] 📥 GET /api/putaway/tasks?source_type=TransferIn&status=Draft%2COpen%2CIn+Progress
{
  "IP": "192.168.103.205",
  "UserAgent": "okhttp/4.12.0"
}
[2026-01-21T11:44:22.962Z] [INFO] [Putaway Tasks API] Request received:
{
  "status": "Draft,Open,In Progress",
  "source_type": "TransferIn",
  "advance_shipping_notice": "NOT_PROVIDED",
  "transfer_in": "NOT_PROVIDED"
}
[2026-01-21T11:44:22.963Z] [DEBUG] Requesting database connection from pool
[2026-01-21T11:44:22.968Z] [DEBUG] Database connection obtained from pool
[2026-01-21T11:44:22.973Z] [INFO] 📥 GET /api/putaway/tasks?source_type=TransferIn&status=Draft%2COpen%2CIn+Progress
{
  "IP": "192.168.103.205",
  "UserAgent": "okhttp/4.12.0"
}
[2026-01-21T11:44:22.975Z] [INFO] [Putaway Tasks API] Request received:
{
  "status": "Draft,Open,In Progress",
  "source_type": "TransferIn",
  "advance_shipping_notice": "NOT_PROVIDED",
  "transfer_in": "NOT_PROVIDED"
}
[2026-01-21T11:44:22.977Z] [DEBUG] Requesting database connection from pool
[2026-01-21T11:44:22.980Z] [DEBUG] Database connection obtained from pool
[2026-01-21T11:44:22.982Z] [INFO] [Putaway Tasks API] Status filter applied:
[
  "Draft",
  "Open",
  "In Progress"
]
[2026-01-21T11:44:22.986Z] [INFO] [Putaway Tasks API] Status filter applied:
[
  "Draft",
  "Open",
  "In Progress"
]
[2026-01-21T11:44:22.991Z] [INFO] [Putaway Tasks API] Query executed:
{
  "whereClause": "WHERE pt.status IN (?,?,?) AND COALESCE(pt.source_type, \"ASN\") = ?",
  "params": [
    "Draft",
    "Open",
    "In Progress",
    "TransferIn"
  ],
  "tasks_found": 0
}
[2026-01-21T11:44:22.994Z] [WARN] [Putaway Tasks API] No tasks found with filters:
{
  "status": "Draft,Open,In Progress",
  "source_type": "TransferIn",
  "advance_shipping_notice": "ALL",
  "transfer_in": "ALL"
}
[2026-01-21T11:44:23.001Z] [INFO] [Putaway Tasks API] Query executed:
{
  "whereClause": "WHERE pt.status IN (?,?,?) AND COALESCE(pt.source_type, \"ASN\") = ?",
  "params": [
    "Draft",
    "Open",
    "In Progress",
    "TransferIn"
  ],
  "tasks_found": 0
}
[2026-01-21T11:44:23.005Z] [WARN] [Putaway Tasks API] No tasks found with filters:
{
  "status": "Draft,Open,In Progress",
  "source_type": "TransferIn",
  "advance_shipping_notice": "ALL",
  "transfer_in": "ALL"
}
[2026-01-21T11:44:23.146Z] [INFO] 📥 GET /api/putaway/tasks?status=Open
{
  "IP": "192.168.103.205",
  "UserAgent": "okhttp/4.12.0"
}
[2026-01-21T11:44:23.150Z] [INFO] [Putaway Tasks API] Request received:
{
  "status": "Open",
  "source_type": "NOT_PROVIDED",
  "advance_shipping_notice": "NOT_PROVIDED",
  "transfer_in": "NOT_PROVIDED"
}
[2026-01-21T11:44:23.155Z] [DEBUG] Requesting database connection from pool
[2026-01-21T11:44:23.157Z] [DEBUG] Database connection obtained from pool
[2026-01-21T11:44:23.163Z] [INFO] 📥 GET /api/putaway/tasks?status=Open
{
  "IP": "192.168.103.205",
  "UserAgent": "okhttp/4.12.0"
}
[2026-01-21T11:44:23.166Z] [INFO] [Putaway Tasks API] Request received:
{
  "status": "Open",
  "source_type": "NOT_PROVIDED",
  "advance_shipping_notice": "NOT_PROVIDED",
  "transfer_in": "NOT_PROVIDED"
}
[2026-01-21T11:44:23.167Z] [DEBUG] Requesting database connection from pool
[2026-01-21T11:44:23.168Z] [DEBUG] Database connection obtained from pool
[2026-01-21T11:44:23.170Z] [INFO] [Putaway Tasks API] Status filter applied:
[
  "Open"
]
[2026-01-21T11:44:23.172Z] [INFO] [Putaway Tasks API] Status filter applied:
[
  "Open"
]
[2026-01-21T11:44:23.180Z] [INFO] [Putaway Tasks API] Query executed:
{
  "whereClause": "WHERE pt.status IN (?)",
  "params": [
    "Open"
  ],
  "tasks_found": 1
}
[2026-01-21T11:44:23.182Z] [INFO] [Putaway Tasks API] Tasks found:
[
  {
    "title": "PUT-20260121-0002",
    "status": "Open",
    "source_type": "Box",
    "transfer_in": "NULL"
  }
]
[2026-01-21T11:44:23.185Z] [INFO] [Putaway Tasks API] Query executed:
{
  "whereClause": "WHERE pt.status IN (?)",
  "params": [
    "Open"
  ],
  "tasks_found": 1
}
[2026-01-21T11:44:23.187Z] [INFO] [Putaway Tasks API] Tasks found:
[
  {
    "title": "PUT-20260121-0002",
    "status": "Open",
    "source_type": "Box",
    "transfer_in": "NULL"
  }
]
[2026-01-21T11:44:23.194Z] [INFO] [Putaway Tasks API] Returning 1 task(s) to client
[2026-01-21T11:44:23.199Z] [INFO] [Putaway Tasks API] Returning 1 task(s) to client
[2026-01-21T11:44:36.059Z] [INFO] 📥 POST /api/putaway/scan-transfer-carton
{
  "IP": "192.168.103.205",
  "UserAgent": "okhttp/4.12.0"
}
[2026-01-21T11:44:36.060Z] [DEBUG] Request body
{
  "location_id": "A1-R01-L2-B1",
  "user_id": "USER-402498",
  "warehouse_id": "WH-MAIN",
  "box_id": "PAW-ASN365425479-1768995821165"
}
[2026-01-21T11:44:36.063Z] [INFO] [Putaway Scan] Entry: location_id=A1-R01-L2-B1, box_id=PAW-ASN365425479-1768995821165, tc_id=NULL, putaway_task=NULL, carton_id=NULL
[2026-01-21T11:44:36.292Z] [INFO] 📥 GET /api/putaway/tasks?asn_no=ASN-365425479&source_type=ASN&status=Draft%2CIn+Progress
{
  "IP": "192.168.103.205",
  "UserAgent": "okhttp/4.12.0"
}
[2026-01-21T11:44:36.294Z] [INFO] [Putaway Tasks API] Request received:
{
  "status": "Draft,In Progress",
  "source_type": "ASN",
  "advance_shipping_notice": "NOT_PROVIDED",
  "transfer_in": "NOT_PROVIDED"
}
[2026-01-21T11:44:36.296Z] [DEBUG] Requesting database connection from pool
[2026-01-21T11:44:36.297Z] [DEBUG] Database connection obtained from pool
[2026-01-21T11:44:36.300Z] [INFO] [Putaway Tasks API] Status filter applied:
[
  "Draft",
  "In Progress"
]
[2026-01-21T11:44:36.303Z] [INFO] [Putaway Tasks API] Query executed:
{
  "whereClause": "WHERE pt.status IN (?,?) AND COALESCE(pt.source_type, \"ASN\") = ?",
  "params": [
    "Draft",
    "In Progress",
    "ASN"
  ],
  "tasks_found": 0
}
[2026-01-21T11:44:36.304Z] [WARN] [Putaway Tasks API] No tasks found with filters:
{
  "status": "Draft,In Progress",
  "source_type": "ASN",
  "advance_shipping_notice": "ALL",
  "transfer_in": "ALL"
}
[2026-01-21T11:44:36.569Z] [INFO] 📥 GET /api/putaway/tasks?source_type=TransferIn&status=Draft%2COpen%2CIn+Progress
{
  "IP": "192.168.103.205",
  "UserAgent": "okhttp/4.12.0"
}
[2026-01-21T11:44:36.572Z] [INFO] [Putaway Tasks API] Request received:
{
  "status": "Draft,Open,In Progress",
  "source_type": "TransferIn",
  "advance_shipping_notice": "NOT_PROVIDED",
  "transfer_in": "NOT_PROVIDED"
}
[2026-01-21T11:44:36.579Z] [DEBUG] Requesting database connection from pool
[2026-01-21T11:44:36.581Z] [DEBUG] Database connection obtained from pool
[2026-01-21T11:44:36.584Z] [INFO] [Putaway Tasks API] Status filter applied:
[
  "Draft",
  "Open",
  "In Progress"
]
[2026-01-21T11:44:36.591Z] [INFO] [Putaway Tasks API] Query executed:
{
  "whereClause": "WHERE pt.status IN (?,?,?) AND COALESCE(pt.source_type, \"ASN\") = ?",
  "params": [
    "Draft",
    "Open",
    "In Progress",
    "TransferIn"
  ],
  "tasks_found": 0
}
[2026-01-21T11:44:36.594Z] [WARN] [Putaway Tasks API] No tasks found with filters:
{
  "status": "Draft,Open,In Progress",
  "source_type": "TransferIn",
  "advance_shipping_notice": "ALL",
  "transfer_in": "ALL"
}
[2026-01-21T11:44:36.755Z] [INFO] 📥 GET /api/putaway/tasks?status=Open
{
  "IP": "192.168.103.205",
  "UserAgent": "okhttp/4.12.0"
}
[2026-01-21T11:44:36.757Z] [INFO] [Putaway Tasks API] Request received:
{
  "status": "Open",
  "source_type": "NOT_PROVIDED",
  "advance_shipping_notice": "NOT_PROVIDED",
  "transfer_in": "NOT_PROVIDED"
}
[2026-01-21T11:44:36.759Z] [DEBUG] Requesting database connection from pool
[2026-01-21T11:44:36.760Z] [DEBUG] Database connection obtained from pool
[2026-01-21T11:44:36.763Z] [INFO] [Putaway Tasks API] Status filter applied:
[
  "Open"
]
[2026-01-21T11:44:36.770Z] [INFO] [Putaway Tasks API] Query executed:
{
  "whereClause": "WHERE pt.status IN (?)",
  "params": [
    "Open"
  ],
  "tasks_found": 1
}
[2026-01-21T11:44:36.772Z] [INFO] [Putaway Tasks API] Tasks found:
[
  {
    "title": "PUT-20260121-0002",
    "status": "Open",
    "source_type": "Box",
    "transfer_in": "NULL"
  }
]
[2026-01-21T11:44:36.776Z] [INFO] [Putaway Tasks API] Returning 1 task(s) to client
[2026-01-21T11:44:36.982Z] [INFO] 📥 POST /api/putaway/scan-transfer-carton
{
  "IP": "192.168.103.205",
  "UserAgent": "okhttp/4.12.0"
}
[2026-01-21T11:44:36.984Z] [DEBUG] Request body
{
  "location_id": "A1-R01-L2-B1",
  "user_id": "USER-402498",
  "warehouse_id": "WH-MAIN",
  "box_id": "PAW-ASN365425479-1768995821165"
}
[2026-01-21T11:44:36.986Z] [INFO] [Putaway Scan] Entry: location_id=A1-R01-L2-B1, box_id=PAW-ASN365425479-1768995821165, tc_id=NULL, putaway_task=NULL, carton_id=NULL
[2026-01-21T11:44:37.214Z] [INFO] 📥 GET /api/health
{
  "IP": "192.168.103.205",
  "UserAgent": "okhttp/4.12.0"
}
[2026-01-21T11:44:37.220Z] [INFO] 📥 GET /api/putaway/tasks?asn_no=ASN-365425479&source_type=ASN&status=Draft%2CIn+Progress
{
  "IP": "192.168.103.205",
  "UserAgent": "okhttp/4.12.0"
}
[2026-01-21T11:44:37.222Z] [INFO] [Putaway Tasks API] Request received:
{
  "status": "Draft,In Progress",
  "source_type": "ASN",
  "advance_shipping_notice": "NOT_PROVIDED",
  "transfer_in": "NOT_PROVIDED"
}
[2026-01-21T11:44:37.224Z] [DEBUG] Requesting database connection from pool
[2026-01-21T11:44:37.226Z] [DEBUG] Database connection obtained from pool
[2026-01-21T11:44:37.229Z] [INFO] [Putaway Tasks API] Status filter applied:
[
  "Draft",
  "In Progress"
]
[2026-01-21T11:44:37.232Z] [INFO] [Putaway Tasks API] Query executed:
{
  "whereClause": "WHERE pt.status IN (?,?) AND COALESCE(pt.source_type, \"ASN\") = ?",
  "params": [
    "Draft",
    "In Progress",
    "ASN"
  ],
  "tasks_found": 0
}
[2026-01-21T11:44:37.235Z] [WARN] [Putaway Tasks API] No tasks found with filters:
{
  "status": "Draft,In Progress",
  "source_type": "ASN",
  "advance_shipping_notice": "ALL",
  "transfer_in": "ALL"
}
[2026-01-21T11:44:37.477Z] [INFO] 📥 GET /api/putaway/tasks?source_type=TransferIn&status=Draft%2COpen%2CIn+Progress
{
  "IP": "192.168.103.205",
  "UserAgent": "okhttp/4.12.0"
}
[2026-01-21T11:44:37.478Z] [INFO] [Putaway Tasks API] Request received:
{
  "status": "Draft,Open,In Progress",
  "source_type": "TransferIn",
  "advance_shipping_notice": "NOT_PROVIDED",
  "transfer_in": "NOT_PROVIDED"
}
[2026-01-21T11:44:37.480Z] [DEBUG] Requesting database connection from pool
[2026-01-21T11:44:37.484Z] [DEBUG] Database connection obtained from pool
[2026-01-21T11:44:37.489Z] [INFO] [Putaway Tasks API] Status filter applied:
[
  "Draft",
  "Open",
  "In Progress"
]
[2026-01-21T11:44:37.498Z] [INFO] [Putaway Tasks API] Query executed:
{
  "whereClause": "WHERE pt.status IN (?,?,?) AND COALESCE(pt.source_type, \"ASN\") = ?",
  "params": [
    "Draft",
    "Open",
    "In Progress",
    "TransferIn"
  ],
  "tasks_found": 0
}
[2026-01-21T11:44:37.502Z] [WARN] [Putaway Tasks API] No tasks found with filters:
{
  "status": "Draft,Open,In Progress",
  "source_type": "TransferIn",
  "advance_shipping_notice": "ALL",
  "transfer_in": "ALL"
}
[2026-01-21T11:44:37.665Z] [INFO] 📥 GET /api/putaway/tasks?status=Open
{
  "IP": "192.168.103.205",
  "UserAgent": "okhttp/4.12.0"
}
[2026-01-21T11:44:37.667Z] [INFO] [Putaway Tasks API] Request received:
{
  "status": "Open",
  "source_type": "NOT_PROVIDED",
  "advance_shipping_notice": "NOT_PROVIDED",
  "transfer_in": "NOT_PROVIDED"
}
[2026-01-21T11:44:37.668Z] [DEBUG] Requesting database connection from pool
[2026-01-21T11:44:37.669Z] [DEBUG] Database connection obtained from pool
[2026-01-21T11:44:37.674Z] [INFO] [Putaway Tasks API] Status filter applied:
[
  "Open"
]
[2026-01-21T11:44:37.682Z] [INFO] [Putaway Tasks API] Query executed:
{
  "whereClause": "WHERE pt.status IN (?)",
  "params": [
    "Open"
  ],
  "tasks_found": 1
}
[2026-01-21T11:44:37.687Z] [INFO] [Putaway Tasks API] Tasks found:
[
  {
    "title": "PUT-20260121-0002",
    "status": "Open",
    "source_type": "Box",
    "transfer_in": "NULL"
  }
]
[2026-01-21T11:44:37.693Z] [INFO] [Putaway Tasks API] Returning 1 task(s) to client
[2026-01-21T11:44:52.627Z] [INFO] 📥 GET /api/health
{
  "IP": "192.168.103.205",
  "UserAgent": "okhttp/4.12.0"
}
[2026-01-21T11:45:07.238Z] [INFO] 📥 GET /api/health
{
  "IP": "192.168.103.205",
  "UserAgent": "okhttp/4.12.0"
}
[2026-01-21T11:45:22.625Z] [INFO] 📥 GET /api/health
{
  "IP": "192.168.103.205",
  "UserAgent": "okhttp/4.12.0"
}
[2026-01-21T11:45:37.229Z] [INFO] 📥 GET /api/health
{
  "IP": "192.168.103.205",
  "UserAgent": "okhttp/4.12.0"
}
[2026-01-21T11:45:52.738Z] [INFO] 📥 GET /api/health
{
  "IP": "192.168.103.205",
  "UserAgent": "okhttp/4.12.0"
}
[2026-01-21T11:46:07.260Z] [INFO] 📥 GET /api/health
{
  "IP": "192.168.103.205",
  "UserAgent": "okhttp/4.12.0"
}
[2026-01-21T11:46:22.662Z] [INFO] 📥 GET /api/health
{
  "IP": "192.168.103.205",
  "UserAgent": "okhttp/4.12.0"
}
[2026-01-21T11:46:37.245Z] [INFO] 📥 GET /api/health
{
  "IP": "192.168.103.205",
  "UserAgent": "okhttp/4.12.0"
}
[2026-01-21T11:46:52.651Z] [INFO] 📥 GET /api/health
{
  "IP": "192.168.103.205",
  "UserAgent": "okhttp/4.12.0"
}
[2026-01-21T11:47:07.267Z] [INFO] 📥 GET /api/health
{
  "IP": "192.168.103.205",
  "UserAgent": "okhttp/4.12.0"
}
[2026-01-21T11:47:22.662Z] [INFO] 📥 GET /api/health
{
  "IP": "192.168.103.205",
  "UserAgent": "okhttp/4.12.0"
}
[2026-01-21T11:47:37.281Z] [INFO] 📥 GET /api/health
{
  "IP": "192.168.103.205",
  "UserAgent": "okhttp/4.12.0"
}
[2026-01-21T11:47:52.701Z] [INFO] 📥 GET /api/health
{
  "IP": "192.168.103.205",
  "UserAgent": "okhttp/4.12.0"
}
[2026-01-21T11:48:07.287Z] [INFO] 📥 GET /api/health
{
  "IP": "192.168.103.205",
  "UserAgent": "okhttp/4.12.0"
}
[2026-01-21T11:48:22.708Z] [INFO] 📥 GET /api/health
{
  "IP": "192.168.103.205",
  "UserAgent": "okhttp/4.12.0"
}
[2026-01-21T11:48:37.287Z] [INFO] 📥 GET /api/health
{
  "IP": "192.168.103.205",
  "UserAgent": "okhttp/4.12.0"
}
[2026-01-21T11:48:52.696Z] [INFO] 📥 GET /api/health
{
  "IP": "192.168.103.205",
  "UserAgent": "okhttp/4.12.0"
}
[2026-01-21T11:49:07.308Z] [INFO] 📥 GET /api/health
{
  "IP": "192.168.103.205",
  "UserAgent": "okhttp/4.12.0"
}
[2026-01-21T11:49:22.714Z] [INFO] 📥 GET /api/health
{
  "IP": "192.168.103.205",
  "UserAgent": "okhttp/4.12.0"
}
[2026-01-21T11:49:37.323Z] [INFO] 📥 GET /api/health
{
  "IP": "192.168.103.205",
  "UserAgent": "okhttp/4.12.0"
}
[2026-01-21T11:49:52.723Z] [INFO] 📥 GET /api/health
{
  "IP": "192.168.103.205",
  "UserAgent": "okhttp/4.12.0"
}
[2026-01-21T11:50:07.319Z] [INFO] 📥 GET /api/health
{
  "IP": "192.168.103.205",
  "UserAgent": "okhttp/4.12.0"
}
[2026-01-21T11:50:22.720Z] [INFO] 📥 GET /api/health
{
  "IP": "192.168.103.205",
  "UserAgent": "okhttp/4.12.0"
}
[2026-01-21T11:50:37.325Z] [INFO] 📥 GET /api/health
{
  "IP": "192.168.103.205",
  "UserAgent": "okhttp/4.12.0"
}
[2026-01-21T11:50:52.730Z] [INFO] 📥 GET /api/health
{
  "IP": "192.168.103.205",
  "UserAgent": "okhttp/4.12.0"
}
[2026-01-21T11:51:07.338Z] [INFO] 📥 GET /api/health
{
  "IP": "192.168.103.205",
  "UserAgent": "okhttp/4.12.0"
}
[2026-01-21T11:51:22.744Z] [INFO] 📥 GET /api/health
{
  "IP": "192.168.103.205",
  "UserAgent": "okhttp/4.12.0"
}
[2026-01-21T11:51:37.349Z] [INFO] 📥 GET /api/health
{
  "IP": "192.168.103.205",
  "UserAgent": "okhttp/4.12.0"
}
[2026-01-21T11:51:52.778Z] [INFO] 📥 GET /api/health
{
  "IP": "192.168.103.205",
  "UserAgent": "okhttp/4.12.0"
}
[2026-01-21T11:52:09.761Z] [INFO] 📊 Database Configuration
{
  "Host": "localhost",
  "Port": "3306",
  "User": "erppadmin",
  "Password": "***",
  "Database": "wms_desktop"
}
[2026-01-21T11:52:09.815Z] [INFO] ======================================================================
[2026-01-21T11:52:09.815Z] [INFO] 🚀 WMS API Server Started
[2026-01-21T11:52:09.815Z] [INFO] ======================================================================
[2026-01-21T11:52:09.816Z] [INFO] 🔍 Server Configuration
{
  "HOST": "0.0.0.0",
  "PORT": "3000",
  "API_BASE_URL": "http://localhost:3000",
  "NetworkIPs": [
    "192.168.103.219"
  ]
}
[2026-01-21T11:52:09.817Z] [SUCCESS] Server running on all interfaces (0.0.0.0:3000)
[2026-01-21T11:52:09.817Z] [INFO] 📍 Access URLs
{
  "Health": "http://192.168.103.219:3000/health",
  "API": "http://localhost:3000/api",
  "LocalHealth": "http://localhost:3000/health",
  "LocalAPI": "http://localhost:3000/api"
}
[2026-01-21T11:52:09.817Z] [INFO] ======================================================================
[2026-01-21T11:52:19.680Z] [INFO] 📥 POST /api/putaway/scan-transfer-carton
{
  "IP": "192.168.103.205",
  "UserAgent": "okhttp/4.12.0"
}
[2026-01-21T11:52:19.741Z] [DEBUG] Request body
{
  "location_id": "A1-R01-L2-B1",
  "user_id": "USER-402498",
  "warehouse_id": "WH-MAIN",
  "box_id": "PAW-ASN365425479-1768995821165"
}
[2026-01-21T11:52:19.770Z] [INFO] [Putaway Scan] Entry: location_id=A1-R01-L2-B1, box_id=PAW-ASN365425479-1768995821165, tc_id=NULL, putaway_task=NULL, carton_id=NULL
[2026-01-21T11:52:19.776Z] [DEBUG] Requesting database connection from pool
[2026-01-21T11:52:19.826Z] [SUCCESS] New database connection established
[2026-01-21T11:52:19.827Z] [DEBUG] Database connection obtained from pool
[2026-01-21T11:52:20.125Z] [INFO] 📥 GET /api/putaway/tasks?asn_no=ASN-365425479&source_type=ASN&status=Draft%2CIn+Progress
{
  "IP": "192.168.103.205",
  "UserAgent": "okhttp/4.12.0"
}
[2026-01-21T11:52:20.129Z] [INFO] [Putaway Tasks API] Request received:
{
  "status": "Draft,In Progress",
  "source_type": "ASN",
  "advance_shipping_notice": "NOT_PROVIDED",
  "transfer_in": "NOT_PROVIDED"
}
[2026-01-21T11:52:20.131Z] [DEBUG] Requesting database connection from pool
[2026-01-21T11:52:20.133Z] [DEBUG] Database connection obtained from pool
[2026-01-21T11:52:20.138Z] [INFO] [Putaway Tasks API] Status filter applied:
[
  "Draft",
  "In Progress"
]
[2026-01-21T11:52:20.146Z] [INFO] [Putaway Tasks API] Query executed:
{
  "whereClause": "WHERE pt.status IN (?,?) AND COALESCE(pt.source_type, \"ASN\") = ?",
  "params": [
    "Draft",
    "In Progress",
    "ASN"
  ],
  "tasks_found": 0
}
[2026-01-21T11:52:20.150Z] [WARN] [Putaway Tasks API] No tasks found with filters:
{
  "status": "Draft,In Progress",
  "source_type": "ASN",
  "advance_shipping_notice": "ALL",
  "transfer_in": "ALL"
}
[2026-01-21T11:52:20.380Z] [INFO] 📥 GET /api/putaway/tasks?source_type=TransferIn&status=Draft%2COpen%2CIn+Progress
{
  "IP": "192.168.103.205",
  "UserAgent": "okhttp/4.12.0"
}
[2026-01-21T11:52:20.383Z] [INFO] [Putaway Tasks API] Request received:
{
  "status": "Draft,Open,In Progress",
  "source_type": "TransferIn",
  "advance_shipping_notice": "NOT_PROVIDED",
  "transfer_in": "NOT_PROVIDED"
}
[2026-01-21T11:52:20.386Z] [DEBUG] Requesting database connection from pool
[2026-01-21T11:52:20.388Z] [DEBUG] Database connection obtained from pool
[2026-01-21T11:52:20.392Z] [INFO] [Putaway Tasks API] Status filter applied:
[
  "Draft",
  "Open",
  "In Progress"
]
[2026-01-21T11:52:20.405Z] [INFO] [Putaway Tasks API] Query executed:
{
  "whereClause": "WHERE pt.status IN (?,?,?) AND COALESCE(pt.source_type, \"ASN\") = ?",
  "params": [
    "Draft",
    "Open",
    "In Progress",
    "TransferIn"
  ],
  "tasks_found": 0
}
[2026-01-21T11:52:20.408Z] [WARN] [Putaway Tasks API] No tasks found with filters:
{
  "status": "Draft,Open,In Progress",
  "source_type": "TransferIn",
  "advance_shipping_notice": "ALL",
  "transfer_in": "ALL"
}
[2026-01-21T11:52:20.560Z] [INFO] 📥 GET /api/putaway/tasks?status=Open
{
  "IP": "192.168.103.205",
  "UserAgent": "okhttp/4.12.0"
}
[2026-01-21T11:52:20.562Z] [INFO] [Putaway Tasks API] Request received:
{
  "status": "Open",
  "source_type": "NOT_PROVIDED",
  "advance_shipping_notice": "NOT_PROVIDED",
  "transfer_in": "NOT_PROVIDED"
}
[2026-01-21T11:52:20.568Z] [DEBUG] Requesting database connection from pool
[2026-01-21T11:52:20.569Z] [DEBUG] Database connection obtained from pool
[2026-01-21T11:52:20.572Z] [INFO] [Putaway Tasks API] Status filter applied:
[
  "Open"
]
[2026-01-21T11:52:20.580Z] [INFO] [Putaway Tasks API] Query executed:
{
  "whereClause": "WHERE pt.status IN (?)",
  "params": [
    "Open"
  ],
  "tasks_found": 1
}
[2026-01-21T11:52:20.582Z] [INFO] [Putaway Tasks API] Tasks found:
[
  {
    "title": "PUT-20260121-0002",
    "status": "Open",
    "source_type": "Box",
    "transfer_in": "NULL"
  }
]
[2026-01-21T11:52:20.592Z] [INFO] [Putaway Tasks API] Returning 1 task(s) to client
[2026-01-21T11:52:20.597Z] [INFO] 📥 POST /api/putaway/scan-transfer-carton
{
  "IP": "192.168.103.205",
  "UserAgent": "okhttp/4.12.0"
}
[2026-01-21T11:52:20.599Z] [DEBUG] Request body
{
  "location_id": "A1-R01-L2-B1",
  "user_id": "USER-402498",
  "warehouse_id": "WH-MAIN",
  "box_id": "PAW-ASN365425479-1768995821165"
}
[2026-01-21T11:52:20.601Z] [INFO] [Putaway Scan] Entry: location_id=A1-R01-L2-B1, box_id=PAW-ASN365425479-1768995821165, tc_id=NULL, putaway_task=NULL, carton_id=NULL
[2026-01-21T11:52:20.602Z] [DEBUG] Requesting database connection from pool
[2026-01-21T11:52:20.603Z] [DEBUG] Database connection obtained from pool
[2026-01-21T11:52:20.825Z] [INFO] 📥 GET /api/putaway/tasks?asn_no=ASN-365425479&source_type=ASN&status=Draft%2CIn+Progress
{
  "IP": "192.168.103.205",
  "UserAgent": "okhttp/4.12.0"
}
[2026-01-21T11:52:20.826Z] [INFO] [Putaway Tasks API] Request received:
{
  "status": "Draft,In Progress",
  "source_type": "ASN",
  "advance_shipping_notice": "NOT_PROVIDED",
  "transfer_in": "NOT_PROVIDED"
}
[2026-01-21T11:52:20.827Z] [DEBUG] Requesting database connection from pool
[2026-01-21T11:52:20.827Z] [DEBUG] Database connection obtained from pool
[2026-01-21T11:52:20.829Z] [INFO] [Putaway Tasks API] Status filter applied:
[
  "Draft",
  "In Progress"
]
[2026-01-21T11:52:20.836Z] [INFO] [Putaway Tasks API] Query executed:
{
  "whereClause": "WHERE pt.status IN (?,?) AND COALESCE(pt.source_type, \"ASN\") = ?",
  "params": [
    "Draft",
    "In Progress",
    "ASN"
  ],
  "tasks_found": 0
}
[2026-01-21T11:52:20.837Z] [WARN] [Putaway Tasks API] No tasks found with filters:
{
  "status": "Draft,In Progress",
  "source_type": "ASN",
  "advance_shipping_notice": "ALL",
  "transfer_in": "ALL"
}
[2026-01-21T11:52:21.041Z] [INFO] 📥 GET /api/putaway/tasks?source_type=TransferIn&status=Draft%2COpen%2CIn+Progress
{
  "IP": "192.168.103.205",
  "UserAgent": "okhttp/4.12.0"
}
[2026-01-21T11:52:21.043Z] [INFO] [Putaway Tasks API] Request received:
{
  "status": "Draft,Open,In Progress",
  "source_type": "TransferIn",
  "advance_shipping_notice": "NOT_PROVIDED",
  "transfer_in": "NOT_PROVIDED"
}
[2026-01-21T11:52:21.044Z] [DEBUG] Requesting database connection from pool
[2026-01-21T11:52:21.045Z] [DEBUG] Database connection obtained from pool
[2026-01-21T11:52:21.049Z] [INFO] [Putaway Tasks API] Status filter applied:
[
  "Draft",
  "Open",
  "In Progress"
]
[2026-01-21T11:52:21.052Z] [INFO] [Putaway Tasks API] Query executed:
{
  "whereClause": "WHERE pt.status IN (?,?,?) AND COALESCE(pt.source_type, \"ASN\") = ?",
  "params": [
    "Draft",
    "Open",
    "In Progress",
    "TransferIn"
  ],
  "tasks_found": 0
}
[2026-01-21T11:52:21.053Z] [WARN] [Putaway Tasks API] No tasks found with filters:
{
  "status": "Draft,Open,In Progress",
  "source_type": "TransferIn",
  "advance_shipping_notice": "ALL",
  "transfer_in": "ALL"
}
[2026-01-21T11:52:21.210Z] [INFO] 📥 GET /api/putaway/tasks?status=Open
{
  "IP": "192.168.103.205",
  "UserAgent": "okhttp/4.12.0"
}
[2026-01-21T11:52:21.211Z] [INFO] [Putaway Tasks API] Request received:
{
  "status": "Open",
  "source_type": "NOT_PROVIDED",
  "advance_shipping_notice": "NOT_PROVIDED",
  "transfer_in": "NOT_PROVIDED"
}
[2026-01-21T11:52:21.211Z] [DEBUG] Requesting database connection from pool
[2026-01-21T11:52:21.211Z] [DEBUG] Database connection obtained from pool
[2026-01-21T11:52:21.212Z] [INFO] [Putaway Tasks API] Status filter applied:
[
  "Open"
]
[2026-01-21T11:52:21.214Z] [INFO] [Putaway Tasks API] Query executed:
{
  "whereClause": "WHERE pt.status IN (?)",
  "params": [
    "Open"
  ],
  "tasks_found": 1
}
[2026-01-21T11:52:21.214Z] [INFO] [Putaway Tasks API] Tasks found:
[
  {
    "title": "PUT-20260121-0002",
    "status": "Open",
    "source_type": "Box",
    "transfer_in": "NULL"
  }
]
[2026-01-21T11:52:21.216Z] [INFO] [Putaway Tasks API] Returning 1 task(s) to client
[2026-01-21T11:52:22.758Z] [INFO] 📥 GET /api/health
{
  "IP": "192.168.103.205",
  "UserAgent": "okhttp/4.12.0"
}
[2026-01-21T11:52:37.381Z] [INFO] 📥 GET /api/health
{
  "IP": "192.168.103.205",
  "UserAgent": "okhttp/4.12.0"
}
[2026-01-21T11:52:47.565Z] [INFO] 📥 GET /api/stock/item/SKU-HAT-301-RED-OS/warehouse/WH-MAIN?format=grouped
{
  "IP": "127.0.0.1",
  "UserAgent": "unknown"
}
[2026-01-21T11:52:47.573Z] [DEBUG] Requesting database connection from pool
[2026-01-21T11:52:47.575Z] [DEBUG] Database connection obtained from pool
[2026-01-21T11:52:47.577Z] [INFO] [Stock Ledger] Item Location Breakdown API called
{
  "original_warehouse": "WH-MAIN",
  "normalized_warehouse": "WH-MAIN",
  "whUpper": "WH-MAIN",
  "item_code": "SKU-HAT-301-RED-OS"
}
[2026-01-21T11:52:47.626Z] [INFO] [Stock Ledger] Item Location Breakdown response
{
  "item_code": "SKU-HAT-301-RED-OS",
  "warehouse": "WH-MAIN",
  "normalized_warehouse": "WH-MAIN",
  "format": "grouped",
  "grouped_count": 1,
  "flat_count": 1,
  "sample_bin": "A1-R02-L2-B2"
}
[2026-01-21T11:52:52.769Z] [INFO] 📥 GET /api/health
{
  "IP": "192.168.103.205",
  "UserAgent": "okhttp/4.12.0"
}
[2026-01-21T11:52:55.549Z] [INFO] 📥 GET /api/transaction-history?from_date=2025-10-23&to_date=2026-01-22&limit=1000
{
  "IP": "127.0.0.1",
  "UserAgent": "unknown"
}
[2026-01-21T11:52:55.553Z] [DEBUG] Requesting database connection from pool
[2026-01-21T11:52:55.555Z] [DEBUG] Database connection obtained from pool
[2026-01-21T11:52:55.564Z] [INFO] [Transaction History] Executing query
{
  "query": "\n      SELECT \n        id,\n        transaction_id,\n        COALESCE(transaction_number, '') as transaction_number,\n        transaction_date,\n        transaction_type,\n        reference_doc_type,\n        reference_doc,\n        wms_transaction_title,\n        item_code,\n        item_name,\n        warehouse,\n        warehouse_name,\n        bin_location,\n        location_id,\n        carton_id,\n        batch_no,\n        serial_no,\n        qty_change,\n        qty_before,\n        qty_after,\n        stoc",
  "params": [
    "2025-10-23",
    "2026-01-22",
    1000
  ],
  "paramsCount": 3,
  "hasTransactionNoColumn": true,
  "transactionNoColumnName": "transaction_number",
  "filters": {
    "from_date": "2025-10-23",
    "to_date": "2026-01-22",
    "limit": 1000
  }
}
[2026-01-21T11:52:55.574Z] [INFO] [Transaction History] Query executed successfully
{
  "rowsReturned": 6,
  "sampleRow": {
    "id": 32,
    "item_code": "SKU-JACKET-201-BLK-L",
    "transaction_date": "2026-01-21T11:40:45.000Z",
    "transaction_type": "CycleCount",
    "transaction_number": "TXN-20260121-00024"
  }
}
[2026-01-21T11:52:55.583Z] [INFO] [Transaction History] Returning response
{
  "totalRecords": 6,
  "sampleRecord": {
    "id": 32,
    "item_code": "SKU-JACKET-201-BLK-L",
    "transaction_date": "2026-01-21T11:40:45.000Z",
    "transaction_type": "CycleCount",
    "transaction_number": "TXN-20260121-00024"
  },
  "responseFormat": {
    "ok": true,
    "hasData": true,
    "dataLength": 6
  }
}
[2026-01-21T11:52:55.586Z] [INFO] [Transaction History] Sending response
{
  "responseOk": true,
  "dataArrayLength": 6,
  "count": 6
}
[2026-01-21T11:53:07.377Z] [INFO] 📥 GET /api/health
{
  "IP": "192.168.103.205",
  "UserAgent": "okhttp/4.12.0"
}
[2026-01-21T11:53:22.783Z] [INFO] 📥 GET /api/health
{
  "IP": "192.168.103.205",
  "UserAgent": "okhttp/4.12.0"
}
[2026-01-21T11:53:37.389Z] [INFO] 📥 GET /api/health
{
  "IP": "192.168.103.205",
  "UserAgent": "okhttp/4.12.0"
}
[2026-01-21T11:53:52.791Z] [INFO] 📥 GET /api/health
{
  "IP": "192.168.103.205",
  "UserAgent": "okhttp/4.12.0"
}
[2026-01-21T11:54:07.399Z] [INFO] 📥 GET /api/health
{
  "IP": "192.168.103.205",
  "UserAgent": "okhttp/4.12.0"
}
[2026-01-21T11:54:22.810Z] [INFO] 📥 GET /api/health
{
  "IP": "192.168.103.205",
  "UserAgent": "okhttp/4.12.0"
}
[2026-01-21T11:54:37.420Z] [INFO] 📥 GET /api/health
{
  "IP": "192.168.103.205",
  "UserAgent": "okhttp/4.12.0"
}
[2026-01-21T11:54:52.827Z] [INFO] 📥 GET /api/health
{
  "IP": "192.168.103.205",
  "UserAgent": "okhttp/4.12.0"
}
[2026-01-21T11:55:07.416Z] [INFO] 📥 GET /api/health
{
  "IP": "192.168.103.205",
  "UserAgent": "okhttp/4.12.0"
}
[2026-01-21T11:55:22.849Z] [INFO] 📥 GET /api/health
{
  "IP": "192.168.103.205",
  "UserAgent": "okhttp/4.12.0"
}
[2026-01-21T11:55:37.425Z] [INFO] 📥 GET /api/health
{
  "IP": "192.168.103.205",
  "UserAgent": "okhttp/4.12.0"
}
[2026-01-21T11:55:52.849Z] [INFO] 📥 GET /api/health
{
  "IP": "192.168.103.205",
  "UserAgent": "okhttp/4.12.0"
}
[2026-01-21T11:56:07.425Z] [INFO] 📥 GET /api/health
{
  "IP": "192.168.103.205",
  "UserAgent": "okhttp/4.12.0"
}
[2026-01-21T11:56:17.975Z] [INFO] 📥 GET /api/putaway/tasks?asn_no=ASN-365425479&source_type=ASN&status=Draft%2CIn+Progress
{
  "IP": "192.168.103.205",
  "UserAgent": "okhttp/4.12.0"
}
[2026-01-21T11:56:17.977Z] [INFO] [Putaway Tasks API] Request received:
{
  "status": "Draft,In Progress",
  "source_type": "ASN",
  "advance_shipping_notice": "NOT_PROVIDED",
  "transfer_in": "NOT_PROVIDED"
}
[2026-01-21T11:56:17.977Z] [DEBUG] Requesting database connection from pool
[2026-01-21T11:56:17.978Z] [DEBUG] Database connection obtained from pool
[2026-01-21T11:56:17.980Z] [INFO] 📥 GET /api/putaway/tasks?asn_no=ASN-365425479&source_type=ASN&status=Draft%2CIn+Progress
{
  "IP": "192.168.103.205",
  "UserAgent": "okhttp/4.12.0"
}
[2026-01-21T11:56:17.981Z] [INFO] [Putaway Tasks API] Request received:
{
  "status": "Draft,In Progress",
  "source_type": "ASN",
  "advance_shipping_notice": "NOT_PROVIDED",
  "transfer_in": "NOT_PROVIDED"
}
[2026-01-21T11:56:17.982Z] [DEBUG] Requesting database connection from pool
[2026-01-21T11:56:17.983Z] [INFO] [Putaway Tasks API] Status filter applied:
[
  "Draft",
  "In Progress"
]
[2026-01-21T11:56:17.986Z] [INFO] [Putaway Tasks API] Query executed:
{
  "whereClause": "WHERE pt.status IN (?,?) AND COALESCE(pt.source_type, \"ASN\") = ?",
  "params": [
    "Draft",
    "In Progress",
    "ASN"
  ],
  "tasks_found": 0
}
[2026-01-21T11:56:17.986Z] [WARN] [Putaway Tasks API] No tasks found with filters:
{
  "status": "Draft,In Progress",
  "source_type": "ASN",
  "advance_shipping_notice": "ALL",
  "transfer_in": "ALL"
}
[2026-01-21T11:56:17.999Z] [SUCCESS] New database connection established
[2026-01-21T11:56:17.999Z] [DEBUG] Database connection obtained from pool
[2026-01-21T11:56:18.005Z] [INFO] [Putaway Tasks API] Status filter applied:
[
  "Draft",
  "In Progress"
]
[2026-01-21T11:56:18.011Z] [INFO] [Putaway Tasks API] Query executed:
{
  "whereClause": "WHERE pt.status IN (?,?) AND COALESCE(pt.source_type, \"ASN\") = ?",
  "params": [
    "Draft",
    "In Progress",
    "ASN"
  ],
  "tasks_found": 0
}
[2026-01-21T11:56:18.012Z] [WARN] [Putaway Tasks API] No tasks found with filters:
{
  "status": "Draft,In Progress",
  "source_type": "ASN",
  "advance_shipping_notice": "ALL",
  "transfer_in": "ALL"
}
[2026-01-21T11:56:18.186Z] [INFO] 📥 GET /api/putaway/tasks?source_type=TransferIn&status=Draft%2COpen%2CIn+Progress
{
  "IP": "192.168.103.205",
  "UserAgent": "okhttp/4.12.0"
}
[2026-01-21T11:56:18.188Z] [INFO] [Putaway Tasks API] Request received:
{
  "status": "Draft,Open,In Progress",
  "source_type": "TransferIn",
  "advance_shipping_notice": "NOT_PROVIDED",
  "transfer_in": "NOT_PROVIDED"
}
[2026-01-21T11:56:18.188Z] [DEBUG] Requesting database connection from pool
[2026-01-21T11:56:18.189Z] [DEBUG] Database connection obtained from pool
[2026-01-21T11:56:18.191Z] [INFO] [Putaway Tasks API] Status filter applied:
[
  "Draft",
  "Open",
  "In Progress"
]
[2026-01-21T11:56:18.193Z] [INFO] [Putaway Tasks API] Query executed:
{
  "whereClause": "WHERE pt.status IN (?,?,?) AND COALESCE(pt.source_type, \"ASN\") = ?",
  "params": [
    "Draft",
    "Open",
    "In Progress",
    "TransferIn"
  ],
  "tasks_found": 0
}
[2026-01-21T11:56:18.193Z] [WARN] [Putaway Tasks API] No tasks found with filters:
{
  "status": "Draft,Open,In Progress",
  "source_type": "TransferIn",
  "advance_shipping_notice": "ALL",
  "transfer_in": "ALL"
}
[2026-01-21T11:56:18.250Z] [INFO] 📥 GET /api/putaway/tasks?source_type=TransferIn&status=Draft%2COpen%2CIn+Progress
{
  "IP": "192.168.103.205",
  "UserAgent": "okhttp/4.12.0"
}
[2026-01-21T11:56:18.251Z] [INFO] [Putaway Tasks API] Request received:
{
  "status": "Draft,Open,In Progress",
  "source_type": "TransferIn",
  "advance_shipping_notice": "NOT_PROVIDED",
  "transfer_in": "NOT_PROVIDED"
}
[2026-01-21T11:56:18.252Z] [DEBUG] Requesting database connection from pool
[2026-01-21T11:56:18.253Z] [DEBUG] Database connection obtained from pool
[2026-01-21T11:56:18.255Z] [INFO] [Putaway Tasks API] Status filter applied:
[
  "Draft",
  "Open",
  "In Progress"
]
[2026-01-21T11:56:18.260Z] [INFO] [Putaway Tasks API] Query executed:
{
  "whereClause": "WHERE pt.status IN (?,?,?) AND COALESCE(pt.source_type, \"ASN\") = ?",
  "params": [
    "Draft",
    "Open",
    "In Progress",
    "TransferIn"
  ],
  "tasks_found": 0
}
[2026-01-21T11:56:18.261Z] [WARN] [Putaway Tasks API] No tasks found with filters:
{
  "status": "Draft,Open,In Progress",
  "source_type": "TransferIn",
  "advance_shipping_notice": "ALL",
  "transfer_in": "ALL"
}
[2026-01-21T11:56:18.342Z] [INFO] 📥 GET /api/putaway/tasks?status=Open
{
  "IP": "192.168.103.205",
  "UserAgent": "okhttp/4.12.0"
}
[2026-01-21T11:56:18.343Z] [INFO] [Putaway Tasks API] Request received:
{
  "status": "Open",
  "source_type": "NOT_PROVIDED",
  "advance_shipping_notice": "NOT_PROVIDED",
  "transfer_in": "NOT_PROVIDED"
}
[2026-01-21T11:56:18.344Z] [DEBUG] Requesting database connection from pool
[2026-01-21T11:56:18.344Z] [DEBUG] Database connection obtained from pool
[2026-01-21T11:56:18.346Z] [INFO] [Putaway Tasks API] Status filter applied:
[
  "Open"
]
[2026-01-21T11:56:18.349Z] [INFO] [Putaway Tasks API] Query executed:
{
  "whereClause": "WHERE pt.status IN (?)",
  "params": [
    "Open"
  ],
  "tasks_found": 1
}
[2026-01-21T11:56:18.350Z] [INFO] [Putaway Tasks API] Tasks found:
[
  {
    "title": "PUT-20260121-0002",
    "status": "Open",
    "source_type": "Box",
    "transfer_in": "NULL"
  }
]
[2026-01-21T11:56:18.355Z] [INFO] [Putaway Tasks API] Returning 1 task(s) to client
[2026-01-21T11:56:18.412Z] [INFO] 📥 GET /api/putaway/tasks?status=Open
{
  "IP": "192.168.103.205",
  "UserAgent": "okhttp/4.12.0"
}
[2026-01-21T11:56:18.414Z] [INFO] [Putaway Tasks API] Request received:
{
  "status": "Open",
  "source_type": "NOT_PROVIDED",
  "advance_shipping_notice": "NOT_PROVIDED",
  "transfer_in": "NOT_PROVIDED"
}
[2026-01-21T11:56:18.415Z] [DEBUG] Requesting database connection from pool
[2026-01-21T11:56:18.415Z] [DEBUG] Database connection obtained from pool
[2026-01-21T11:56:18.417Z] [INFO] [Putaway Tasks API] Status filter applied:
[
  "Open"
]
[2026-01-21T11:56:18.419Z] [INFO] [Putaway Tasks API] Query executed:
{
  "whereClause": "WHERE pt.status IN (?)",
  "params": [
    "Open"
  ],
  "tasks_found": 1
}
[2026-01-21T11:56:18.420Z] [INFO] [Putaway Tasks API] Tasks found:
[
  {
    "title": "PUT-20260121-0002",
    "status": "Open",
    "source_type": "Box",
    "transfer_in": "NULL"
  }
]
[2026-01-21T11:56:18.422Z] [INFO] [Putaway Tasks API] Returning 1 task(s) to client
[2026-01-21T11:56:22.832Z] [INFO] 📥 GET /api/health
{
  "IP": "192.168.103.205",
  "UserAgent": "okhttp/4.12.0"
}
[2026-01-21T11:56:37.451Z] [INFO] 📥 GET /api/health
{
  "IP": "192.168.103.205",
  "UserAgent": "okhttp/4.12.0"
}
[2026-01-21T11:56:52.857Z] [INFO] 📥 GET /api/health
{
  "IP": "192.168.103.205",
  "UserAgent": "okhttp/4.12.0"
}
[2026-01-21T11:57:07.455Z] [INFO] 📥 GET /api/health
{
  "IP": "192.168.103.205",
  "UserAgent": "okhttp/4.12.0"
}
[2026-01-21T11:57:22.861Z] [INFO] 📥 GET /api/health
{
  "IP": "192.168.103.205",
  "UserAgent": "okhttp/4.12.0"
}
[2026-01-21T11:57:28.020Z] [INFO] 📊 Database Configuration
{
  "Host": "localhost",
  "Port": "3306",
  "User": "erppadmin",
  "Password": "***",
  "Database": "wms_desktop"
}
[2026-01-21T11:57:28.066Z] [INFO] ======================================================================
[2026-01-21T11:57:28.066Z] [INFO] 🚀 WMS API Server Started
[2026-01-21T11:57:28.067Z] [INFO] ======================================================================
[2026-01-21T11:57:28.067Z] [INFO] 🔍 Server Configuration
{
  "HOST": "0.0.0.0",
  "PORT": "3000",
  "API_BASE_URL": "http://localhost:3000",
  "NetworkIPs": [
    "192.168.103.219"
  ]
}
[2026-01-21T11:57:28.068Z] [SUCCESS] Server running on all interfaces (0.0.0.0:3000)
[2026-01-21T11:57:28.069Z] [INFO] 📍 Access URLs
{
  "Health": "http://192.168.103.219:3000/health",
  "API": "http://localhost:3000/api",
  "LocalHealth": "http://localhost:3000/health",
  "LocalAPI": "http://localhost:3000/api"
}
[2026-01-21T11:57:28.069Z] [INFO] ======================================================================
[2026-01-21T11:57:36.542Z] [INFO] 📥 POST /api/putaway/scan-transfer-carton
{
  "IP": "192.168.103.205",
  "UserAgent": "okhttp/4.12.0"
}
[2026-01-21T11:57:36.579Z] [DEBUG] Request body
{
  "location_id": "A1-R01-L3-B1",
  "user_id": "USER-402498",
  "warehouse_id": "WH-MAIN",
  "box_id": "PAW-ASN365425479-1768995821165"
}
[2026-01-21T11:57:36.589Z] [INFO] [Putaway Scan] Entry: location_id=A1-R01-L3-B1, box_id=PAW-ASN365425479-1768995821165, tc_id=NULL, putaway_task=NULL, carton_id=NULL
[2026-01-21T11:57:36.592Z] [DEBUG] Requesting database connection from pool
[2026-01-21T11:57:36.645Z] [SUCCESS] New database connection established
[2026-01-21T11:57:36.647Z] [DEBUG] Database connection obtained from pool
[2026-01-21T11:57:36.917Z] [INFO] 📥 GET /api/putaway/tasks?asn_no=ASN-365425479&source_type=ASN&status=Draft%2CIn+Progress
{
  "IP": "192.168.103.205",
  "UserAgent": "okhttp/4.12.0"
}
[2026-01-21T11:57:36.922Z] [INFO] [Putaway Tasks API] Request received:
{
  "status": "Draft,In Progress",
  "source_type": "ASN",
  "advance_shipping_notice": "NOT_PROVIDED",
  "transfer_in": "NOT_PROVIDED"
}
[2026-01-21T11:57:36.924Z] [DEBUG] Requesting database connection from pool
[2026-01-21T11:57:36.925Z] [DEBUG] Database connection obtained from pool
[2026-01-21T11:57:36.930Z] [INFO] [Putaway Tasks API] Status filter applied:
[
  "Draft",
  "In Progress"
]
[2026-01-21T11:57:36.939Z] [INFO] [Putaway Tasks API] Query executed:
{
  "whereClause": "WHERE pt.status IN (?,?) AND COALESCE(pt.source_type, \"ASN\") = ?",
  "params": [
    "Draft",
    "In Progress",
    "ASN"
  ],
  "tasks_found": 0
}
[2026-01-21T11:57:36.943Z] [WARN] [Putaway Tasks API] No tasks found with filters:
{
  "status": "Draft,In Progress",
  "source_type": "ASN",
  "advance_shipping_notice": "ALL",
  "transfer_in": "ALL"
}
[2026-01-21T11:57:37.189Z] [INFO] 📥 GET /api/putaway/tasks?source_type=TransferIn&status=Draft%2COpen%2CIn+Progress
{
  "IP": "192.168.103.205",
  "UserAgent": "okhttp/4.12.0"
}
[2026-01-21T11:57:37.190Z] [INFO] [Putaway Tasks API] Request received:
{
  "status": "Draft,Open,In Progress",
  "source_type": "TransferIn",
  "advance_shipping_notice": "NOT_PROVIDED",
  "transfer_in": "NOT_PROVIDED"
}
[2026-01-21T11:57:37.190Z] [DEBUG] Requesting database connection from pool
[2026-01-21T11:57:37.192Z] [DEBUG] Database connection obtained from pool
[2026-01-21T11:57:37.198Z] [INFO] [Putaway Tasks API] Status filter applied:
[
  "Draft",
  "Open",
  "In Progress"
]
[2026-01-21T11:57:37.206Z] [INFO] [Putaway Tasks API] Query executed:
{
  "whereClause": "WHERE pt.status IN (?,?,?) AND COALESCE(pt.source_type, \"ASN\") = ?",
  "params": [
    "Draft",
    "Open",
    "In Progress",
    "TransferIn"
  ],
  "tasks_found": 0
}
[2026-01-21T11:57:37.208Z] [WARN] [Putaway Tasks API] No tasks found with filters:
{
  "status": "Draft,Open,In Progress",
  "source_type": "TransferIn",
  "advance_shipping_notice": "ALL",
  "transfer_in": "ALL"
}
[2026-01-21T11:57:37.366Z] [INFO] 📥 GET /api/putaway/tasks?status=Open
{
  "IP": "192.168.103.205",
  "UserAgent": "okhttp/4.12.0"
}
[2026-01-21T11:57:37.369Z] [INFO] [Putaway Tasks API] Request received:
{
  "status": "Open",
  "source_type": "NOT_PROVIDED",
  "advance_shipping_notice": "NOT_PROVIDED",
  "transfer_in": "NOT_PROVIDED"
}
[2026-01-21T11:57:37.372Z] [DEBUG] Requesting database connection from pool
[2026-01-21T11:57:37.373Z] [DEBUG] Database connection obtained from pool
[2026-01-21T11:57:37.377Z] [INFO] [Putaway Tasks API] Status filter applied:
[
  "Open"
]
[2026-01-21T11:57:37.387Z] [INFO] [Putaway Tasks API] Query executed:
{
  "whereClause": "WHERE pt.status IN (?)",
  "params": [
    "Open"
  ],
  "tasks_found": 1
}
[2026-01-21T11:57:37.388Z] [INFO] [Putaway Tasks API] Tasks found:
[
  {
    "title": "PUT-20260121-0002",
    "status": "Open",
    "source_type": "Box",
    "transfer_in": "NULL"
  }
]
[2026-01-21T11:57:37.395Z] [INFO] [Putaway Tasks API] Returning 1 task(s) to client
[2026-01-21T11:57:37.440Z] [INFO] 📥 POST /api/putaway/scan-transfer-carton
{
  "IP": "192.168.103.205",
  "UserAgent": "okhttp/4.12.0"
}
[2026-01-21T11:57:37.442Z] [DEBUG] Request body
{
  "location_id": "A1-R01-L3-B1",
  "user_id": "USER-402498",
  "warehouse_id": "WH-MAIN",
  "box_id": "PAW-ASN365425479-1768995821165"
}
[2026-01-21T11:57:37.446Z] [INFO] [Putaway Scan] Entry: location_id=A1-R01-L3-B1, box_id=PAW-ASN365425479-1768995821165, tc_id=NULL, putaway_task=NULL, carton_id=NULL
[2026-01-21T11:57:37.451Z] [DEBUG] Requesting database connection from pool
[2026-01-21T11:57:37.453Z] [DEBUG] Database connection obtained from pool
[2026-01-21T11:57:37.458Z] [INFO] 📥 GET /api/health
{
  "IP": "192.168.103.205",
  "UserAgent": "okhttp/4.12.0"
}
[2026-01-21T11:57:37.671Z] [INFO] 📥 GET /api/putaway/tasks?asn_no=ASN-365425479&source_type=ASN&status=Draft%2CIn+Progress
{
  "IP": "192.168.103.205",
  "UserAgent": "okhttp/4.12.0"
}
[2026-01-21T11:57:37.674Z] [INFO] [Putaway Tasks API] Request received:
{
  "status": "Draft,In Progress",
  "source_type": "ASN",
  "advance_shipping_notice": "NOT_PROVIDED",
  "transfer_in": "NOT_PROVIDED"
}
[2026-01-21T11:57:37.678Z] [DEBUG] Requesting database connection from pool
[2026-01-21T11:57:37.681Z] [DEBUG] Database connection obtained from pool
[2026-01-21T11:57:37.682Z] [INFO] [Putaway Tasks API] Status filter applied:
[
  "Draft",
  "In Progress"
]
[2026-01-21T11:57:37.684Z] [INFO] [Putaway Tasks API] Query executed:
{
  "whereClause": "WHERE pt.status IN (?,?) AND COALESCE(pt.source_type, \"ASN\") = ?",
  "params": [
    "Draft",
    "In Progress",
    "ASN"
  ],
  "tasks_found": 0
}
[2026-01-21T11:57:37.686Z] [WARN] [Putaway Tasks API] No tasks found with filters:
{
  "status": "Draft,In Progress",
  "source_type": "ASN",
  "advance_shipping_notice": "ALL",
  "transfer_in": "ALL"
}
[2026-01-21T11:57:37.906Z] [INFO] 📥 GET /api/putaway/tasks?source_type=TransferIn&status=Draft%2COpen%2CIn+Progress
{
  "IP": "192.168.103.205",
  "UserAgent": "okhttp/4.12.0"
}
[2026-01-21T11:57:37.909Z] [INFO] [Putaway Tasks API] Request received:
{
  "status": "Draft,Open,In Progress",
  "source_type": "TransferIn",
  "advance_shipping_notice": "NOT_PROVIDED",
  "transfer_in": "NOT_PROVIDED"
}
[2026-01-21T11:57:37.910Z] [DEBUG] Requesting database connection from pool
[2026-01-21T11:57:37.912Z] [DEBUG] Database connection obtained from pool
[2026-01-21T11:57:37.917Z] [INFO] [Putaway Tasks API] Status filter applied:
[
  "Draft",
  "Open",
  "In Progress"
]
[2026-01-21T11:57:37.920Z] [INFO] [Putaway Tasks API] Query executed:
{
  "whereClause": "WHERE pt.status IN (?,?,?) AND COALESCE(pt.source_type, \"ASN\") = ?",
  "params": [
    "Draft",
    "Open",
    "In Progress",
    "TransferIn"
  ],
  "tasks_found": 0
}
[2026-01-21T11:57:37.922Z] [WARN] [Putaway Tasks API] No tasks found with filters:
{
  "status": "Draft,Open,In Progress",
  "source_type": "TransferIn",
  "advance_shipping_notice": "ALL",
  "transfer_in": "ALL"
}
[2026-01-21T11:57:38.076Z] [INFO] 📥 GET /api/putaway/tasks?status=Open
{
  "IP": "192.168.103.205",
  "UserAgent": "okhttp/4.12.0"
}
[2026-01-21T11:57:38.079Z] [INFO] [Putaway Tasks API] Request received:
{
  "status": "Open",
  "source_type": "NOT_PROVIDED",
  "advance_shipping_notice": "NOT_PROVIDED",
  "transfer_in": "NOT_PROVIDED"
}
[2026-01-21T11:57:38.081Z] [DEBUG] Requesting database connection from pool
[2026-01-21T11:57:38.085Z] [DEBUG] Database connection obtained from pool
[2026-01-21T11:57:38.090Z] [INFO] [Putaway Tasks API] Status filter applied:
[
  "Open"
]
[2026-01-21T11:57:38.094Z] [INFO] [Putaway Tasks API] Query executed:
{
  "whereClause": "WHERE pt.status IN (?)",
  "params": [
    "Open"
  ],
  "tasks_found": 1
}
[2026-01-21T11:57:38.095Z] [INFO] [Putaway Tasks API] Tasks found:
[
  {
    "title": "PUT-20260121-0002",
    "status": "Open",
    "source_type": "Box",
    "transfer_in": "NULL"
  }
]
[2026-01-21T11:57:38.098Z] [INFO] [Putaway Tasks API] Returning 1 task(s) to client
[2026-01-21T11:57:52.884Z] [INFO] 📥 GET /api/health
{
  "IP": "192.168.103.205",
  "UserAgent": "okhttp/4.12.0"
}
[2026-01-21T11:58:07.472Z] [INFO] 📥 GET /api/health
{
  "IP": "192.168.103.205",
  "UserAgent": "okhttp/4.12.0"
}
[2026-01-21T11:58:22.877Z] [INFO] 📥 GET /api/health
{
  "IP": "192.168.103.205",
  "UserAgent": "okhttp/4.12.0"
}
[2026-01-21T11:58:37.486Z] [INFO] 📥 GET /api/health
{
  "IP": "192.168.103.205",
  "UserAgent": "okhttp/4.12.0"
}
[2026-01-21T11:58:52.904Z] [INFO] 📥 GET /api/health
{
  "IP": "192.168.103.205",
  "UserAgent": "okhttp/4.12.0"
}
[2026-01-21T11:59:07.494Z] [INFO] 📥 GET /api/health
{
  "IP": "192.168.103.205",
  "UserAgent": "okhttp/4.12.0"
}
[2026-01-21T11:59:22.917Z] [INFO] 📥 GET /api/health
{
  "IP": "192.168.103.205",
  "UserAgent": "okhttp/4.12.0"
}
[2026-01-21T11:59:37.496Z] [INFO] 📥 GET /api/health
{
  "IP": "192.168.103.205",
  "UserAgent": "okhttp/4.12.0"
}
[2026-01-21T11:59:52.909Z] [INFO] 📥 GET /api/health
{
  "IP": "192.168.103.205",
  "UserAgent": "okhttp/4.12.0"
}
[2026-01-21T12:00:07.509Z] [INFO] 📥 GET /api/health
{
  "IP": "192.168.103.205",
  "UserAgent": "okhttp/4.12.0"
}
[2026-01-21T12:00:22.938Z] [INFO] 📥 GET /api/health
{
  "IP": "192.168.103.205",
  "UserAgent": "okhttp/4.12.0"
}
[2026-01-21T12:00:37.524Z] [INFO] 📥 GET /api/health
{
  "IP": "192.168.103.205",
  "UserAgent": "okhttp/4.12.0"
}
[2026-01-21T12:00:50.408Z] [INFO] 📊 Database Configuration
{
  "Host": "localhost",
  "Port": "3306",
  "User": "erppadmin",
  "Password": "***",
  "Database": "wms_desktop"
}
[2026-01-21T12:00:50.459Z] [INFO] ======================================================================
[2026-01-21T12:00:50.459Z] [INFO] 🚀 WMS API Server Started
[2026-01-21T12:00:50.459Z] [INFO] ======================================================================
[2026-01-21T12:00:50.460Z] [INFO] 🔍 Server Configuration
{
  "HOST": "0.0.0.0",
  "PORT": "3000",
  "API_BASE_URL": "http://localhost:3000",
  "NetworkIPs": [
    "192.168.103.219"
  ]
}
[2026-01-21T12:00:50.460Z] [SUCCESS] Server running on all interfaces (0.0.0.0:3000)
[2026-01-21T12:00:50.461Z] [INFO] 📍 Access URLs
{
  "Health": "http://192.168.103.219:3000/health",
  "API": "http://localhost:3000/api",
  "LocalHealth": "http://localhost:3000/health",
  "LocalAPI": "http://localhost:3000/api"
}
[2026-01-21T12:00:50.461Z] [INFO] ======================================================================
[2026-01-21T12:00:52.930Z] [INFO] 📥 GET /api/health
{
  "IP": "192.168.103.205",
  "UserAgent": "okhttp/4.12.0"
}
[2026-01-21T12:00:58.041Z] [INFO] 📥 POST /api/putaway/scan-transfer-carton
{
  "IP": "192.168.103.205",
  "UserAgent": "okhttp/4.12.0"
}
[2026-01-21T12:00:58.068Z] [DEBUG] Request body
{
  "location_id": "A1-R01-L2-B1",
  "user_id": "USER-402498",
  "warehouse_id": "WH-MAIN",
  "box_id": "PAW-ASN365425479-1768995821165"
}
[2026-01-21T12:00:58.080Z] [INFO] [Putaway Scan] Entry: location_id=A1-R01-L2-B1, box_id=PAW-ASN365425479-1768995821165, tc_id=NULL, putaway_task=NULL, carton_id=NULL
[2026-01-21T12:00:58.088Z] [DEBUG] Requesting database connection from pool
[2026-01-21T12:00:58.134Z] [SUCCESS] New database connection established
[2026-01-21T12:00:58.135Z] [DEBUG] Database connection obtained from pool
[2026-01-21T12:00:58.424Z] [INFO] 📥 GET /api/putaway/tasks?asn_no=ASN-365425479&source_type=ASN&status=Draft%2CIn+Progress
{
  "IP": "192.168.103.205",
  "UserAgent": "okhttp/4.12.0"
}
[2026-01-21T12:00:58.432Z] [INFO] [Putaway Tasks API] Request received:
{
  "status": "Draft,In Progress",
  "source_type": "ASN",
  "advance_shipping_notice": "NOT_PROVIDED",
  "transfer_in": "NOT_PROVIDED"
}
[2026-01-21T12:00:58.435Z] [DEBUG] Requesting database connection from pool
[2026-01-21T12:00:58.437Z] [DEBUG] Database connection obtained from pool
[2026-01-21T12:00:58.444Z] [INFO] [Putaway Tasks API] Status filter applied:
[
  "Draft",
  "In Progress"
]
[2026-01-21T12:00:58.454Z] [INFO] [Putaway Tasks API] Query executed:
{
  "whereClause": "WHERE pt.status IN (?,?) AND COALESCE(pt.source_type, \"ASN\") = ?",
  "params": [
    "Draft",
    "In Progress",
    "ASN"
  ],
  "tasks_found": 0
}
[2026-01-21T12:00:58.458Z] [WARN] [Putaway Tasks API] No tasks found with filters:
{
  "status": "Draft,In Progress",
  "source_type": "ASN",
  "advance_shipping_notice": "ALL",
  "transfer_in": "ALL"
}
[2026-01-21T12:00:58.700Z] [INFO] 📥 GET /api/putaway/tasks?source_type=TransferIn&status=Draft%2COpen%2CIn+Progress
{
  "IP": "192.168.103.205",
  "UserAgent": "okhttp/4.12.0"
}
[2026-01-21T12:00:58.703Z] [INFO] [Putaway Tasks API] Request received:
{
  "status": "Draft,Open,In Progress",
  "source_type": "TransferIn",
  "advance_shipping_notice": "NOT_PROVIDED",
  "transfer_in": "NOT_PROVIDED"
}
[2026-01-21T12:00:58.705Z] [DEBUG] Requesting database connection from pool
[2026-01-21T12:00:58.707Z] [DEBUG] Database connection obtained from pool
[2026-01-21T12:00:58.711Z] [INFO] [Putaway Tasks API] Status filter applied:
[
  "Draft",
  "Open",
  "In Progress"
]
[2026-01-21T12:00:58.725Z] [INFO] [Putaway Tasks API] Query executed:
{
  "whereClause": "WHERE pt.status IN (?,?,?) AND COALESCE(pt.source_type, \"ASN\") = ?",
  "params": [
    "Draft",
    "Open",
    "In Progress",
    "TransferIn"
  ],
  "tasks_found": 0
}
[2026-01-21T12:00:58.728Z] [WARN] [Putaway Tasks API] No tasks found with filters:
{
  "status": "Draft,Open,In Progress",
  "source_type": "TransferIn",
  "advance_shipping_notice": "ALL",
  "transfer_in": "ALL"
}
[2026-01-21T12:00:58.876Z] [INFO] 📥 GET /api/putaway/tasks?status=Open
{
  "IP": "192.168.103.205",
  "UserAgent": "okhttp/4.12.0"
}
[2026-01-21T12:00:58.878Z] [INFO] [Putaway Tasks API] Request received:
{
  "status": "Open",
  "source_type": "NOT_PROVIDED",
  "advance_shipping_notice": "NOT_PROVIDED",
  "transfer_in": "NOT_PROVIDED"
}
[2026-01-21T12:00:58.880Z] [DEBUG] Requesting database connection from pool
[2026-01-21T12:00:58.881Z] [DEBUG] Database connection obtained from pool
[2026-01-21T12:00:58.884Z] [INFO] [Putaway Tasks API] Status filter applied:
[
  "Open"
]
[2026-01-21T12:00:58.890Z] [INFO] [Putaway Tasks API] Query executed:
{
  "whereClause": "WHERE pt.status IN (?)",
  "params": [
    "Open"
  ],
  "tasks_found": 1
}
[2026-01-21T12:00:58.893Z] [INFO] [Putaway Tasks API] Tasks found:
[
  {
    "title": "PUT-20260121-0002",
    "status": "Open",
    "source_type": "Box",
    "transfer_in": "NULL"
  }
]
[2026-01-21T12:00:58.900Z] [INFO] [Putaway Tasks API] Returning 1 task(s) to client
[2026-01-21T12:01:07.534Z] [INFO] 📥 GET /api/health
{
  "IP": "192.168.103.205",
  "UserAgent": "okhttp/4.12.0"
}
[2026-01-21T12:01:22.955Z] [INFO] 📥 GET /api/health
{
  "IP": "192.168.103.205",
  "UserAgent": "okhttp/4.12.0"
}
[2026-01-21T12:01:37.556Z] [INFO] 📥 GET /api/health
{
  "IP": "192.168.103.205",
  "UserAgent": "okhttp/4.12.0"
}
[2026-01-21T12:01:52.948Z] [INFO] 📥 GET /api/health
{
  "IP": "192.168.103.205",
  "UserAgent": "okhttp/4.12.0"
}
[2026-01-21T12:02:07.554Z] [INFO] 📥 GET /api/health
{
  "IP": "192.168.103.205",
  "UserAgent": "okhttp/4.12.0"
}
[2026-01-21T12:02:22.973Z] [INFO] 📥 GET /api/health
{
  "IP": "192.168.103.205",
  "UserAgent": "okhttp/4.12.0"
}
[2026-01-21T12:02:37.564Z] [INFO] 📥 GET /api/health
{
  "IP": "192.168.103.205",
  "UserAgent": "okhttp/4.12.0"
}
[2026-01-21T12:04:00.691Z] [INFO] 📊 Database Configuration
{
  "Host": "localhost",
  "Port": "3306",
  "User": "erppadmin",
  "Password": "***",
  "Database": "wms_desktop"
}
[2026-01-21T12:04:00.736Z] [INFO] ======================================================================
[2026-01-21T12:04:00.736Z] [INFO] 🚀 WMS API Server Started
[2026-01-21T12:04:00.736Z] [INFO] ======================================================================
[2026-01-21T12:04:00.737Z] [INFO] 🔍 Server Configuration
{
  "HOST": "0.0.0.0",
  "PORT": "3000",
  "API_BASE_URL": "http://localhost:3000",
  "NetworkIPs": [
    "192.168.103.219"
  ]
}
[2026-01-21T12:04:00.738Z] [SUCCESS] Server running on all interfaces (0.0.0.0:3000)
[2026-01-21T12:04:00.738Z] [INFO] 📍 Access URLs
{
  "Health": "http://192.168.103.219:3000/health",
  "API": "http://localhost:3000/api",
  "LocalHealth": "http://localhost:3000/health",
  "LocalAPI": "http://localhost:3000/api"
}
[2026-01-21T12:04:00.738Z] [INFO] ======================================================================
[2026-01-21T12:04:08.258Z] [INFO] 📥 GET /api/health
{
  "IP": "192.168.103.205",
  "UserAgent": "okhttp/4.12.0"
}
[2026-01-21T12:04:08.269Z] [INFO] 📥 GET /api/health
{
  "IP": "192.168.103.205",
  "UserAgent": "okhttp/4.12.0"
}
[2026-01-21T12:04:15.064Z] [INFO] 📥 POST /api/putaway/scan-transfer-carton
{
  "IP": "192.168.103.205",
  "UserAgent": "okhttp/4.12.0"
}
[2026-01-21T12:04:15.082Z] [DEBUG] Request body
{
  "location_id": "A1-R01-L3-B1",
  "user_id": "USER-402498",
  "warehouse_id": "WH-MAIN",
  "box_id": "PAW-ASN365425479-1768995821165"
}
[2026-01-21T12:04:15.095Z] [INFO] [Putaway Scan] Entry: location_id=A1-R01-L3-B1, box_id=PAW-ASN365425479-1768995821165, tc_id=NULL, putaway_task=NULL, carton_id=NULL
[2026-01-21T12:04:15.101Z] [DEBUG] Requesting database connection from pool
[2026-01-21T12:04:15.147Z] [SUCCESS] New database connection established
[2026-01-21T12:04:15.148Z] [DEBUG] Database connection obtained from pool
[2026-01-21T12:04:15.388Z] [INFO] 📥 GET /api/putaway/tasks?asn_no=ASN-365425479&source_type=ASN&status=Draft%2CIn+Progress
{
  "IP": "192.168.103.205",
  "UserAgent": "okhttp/4.12.0"
}
[2026-01-21T12:04:15.390Z] [INFO] [Putaway Tasks API] Request received:
{
  "status": "Draft,In Progress",
  "source_type": "ASN",
  "advance_shipping_notice": "NOT_PROVIDED",
  "transfer_in": "NOT_PROVIDED"
}
[2026-01-21T12:04:15.390Z] [DEBUG] Requesting database connection from pool
[2026-01-21T12:04:15.391Z] [DEBUG] Database connection obtained from pool
[2026-01-21T12:04:15.395Z] [INFO] [Putaway Tasks API] Status filter applied:
[
  "Draft",
  "In Progress"
]
[2026-01-21T12:04:15.405Z] [INFO] [Putaway Tasks API] Query executed:
{
  "whereClause": "WHERE pt.status IN (?,?) AND COALESCE(pt.source_type, \"ASN\") = ?",
  "params": [
    "Draft",
    "In Progress",
    "ASN"
  ],
  "tasks_found": 0
}
[2026-01-21T12:04:15.406Z] [WARN] [Putaway Tasks API] No tasks found with filters:
{
  "status": "Draft,In Progress",
  "source_type": "ASN",
  "advance_shipping_notice": "ALL",
  "transfer_in": "ALL"
}
[2026-01-21T12:04:15.625Z] [INFO] 📥 GET /api/putaway/tasks?source_type=TransferIn&status=Draft%2COpen%2CIn+Progress
{
  "IP": "192.168.103.205",
  "UserAgent": "okhttp/4.12.0"
}
[2026-01-21T12:04:15.629Z] [INFO] [Putaway Tasks API] Request received:
{
  "status": "Draft,Open,In Progress",
  "source_type": "TransferIn",
  "advance_shipping_notice": "NOT_PROVIDED",
  "transfer_in": "NOT_PROVIDED"
}
[2026-01-21T12:04:15.631Z] [DEBUG] Requesting database connection from pool
[2026-01-21T12:04:15.632Z] [DEBUG] Database connection obtained from pool
[2026-01-21T12:04:15.637Z] [INFO] [Putaway Tasks API] Status filter applied:
[
  "Draft",
  "Open",
  "In Progress"
]
[2026-01-21T12:04:15.643Z] [INFO] [Putaway Tasks API] Query executed:
{
  "whereClause": "WHERE pt.status IN (?,?,?) AND COALESCE(pt.source_type, \"ASN\") = ?",
  "params": [
    "Draft",
    "Open",
    "In Progress",
    "TransferIn"
  ],
  "tasks_found": 0
}
[2026-01-21T12:04:15.644Z] [WARN] [Putaway Tasks API] No tasks found with filters:
{
  "status": "Draft,Open,In Progress",
  "source_type": "TransferIn",
  "advance_shipping_notice": "ALL",
  "transfer_in": "ALL"
}
[2026-01-21T12:04:15.801Z] [INFO] 📥 GET /api/putaway/tasks?status=Open
{
  "IP": "192.168.103.205",
  "UserAgent": "okhttp/4.12.0"
}
[2026-01-21T12:04:15.808Z] [INFO] [Putaway Tasks API] Request received:
{
  "status": "Open",
  "source_type": "NOT_PROVIDED",
  "advance_shipping_notice": "NOT_PROVIDED",
  "transfer_in": "NOT_PROVIDED"
}
[2026-01-21T12:04:15.812Z] [DEBUG] Requesting database connection from pool
[2026-01-21T12:04:15.816Z] [DEBUG] Database connection obtained from pool
[2026-01-21T12:04:15.827Z] [INFO] [Putaway Tasks API] Status filter applied:
[
  "Open"
]
[2026-01-21T12:04:15.838Z] [INFO] [Putaway Tasks API] Query executed:
{
  "whereClause": "WHERE pt.status IN (?)",
  "params": [
    "Open"
  ],
  "tasks_found": 1
}
[2026-01-21T12:04:15.842Z] [INFO] [Putaway Tasks API] Tasks found:
[
  {
    "title": "PUT-20260121-0002",
    "status": "Open",
    "source_type": "Box",
    "transfer_in": "NULL"
  }
]
[2026-01-21T12:04:15.851Z] [INFO] [Putaway Tasks API] Returning 1 task(s) to client
[2026-01-21T12:04:38.267Z] [INFO] 📥 GET /api/health
{
  "IP": "192.168.103.205",
  "UserAgent": "okhttp/4.12.0"
}
[2026-01-21T12:04:38.270Z] [INFO] 📥 GET /api/health
{
  "IP": "192.168.103.205",
  "UserAgent": "okhttp/4.12.0"
}
[2026-01-21T12:05:08.280Z] [INFO] 📥 GET /api/health
{
  "IP": "192.168.103.205",
  "UserAgent": "okhttp/4.12.0"
}
[2026-01-21T12:05:08.282Z] [INFO] 📥 GET /api/health
{
  "IP": "192.168.103.205",
  "UserAgent": "okhttp/4.12.0"
}
[2026-01-21T12:05:39.883Z] [INFO] 📊 Database Configuration
{
  "Host": "localhost",
  "Port": "3306",
  "User": "erppadmin",
  "Password": "***",
  "Database": "wms_desktop"
}
[2026-01-21T12:05:39.944Z] [INFO] ======================================================================
[2026-01-21T12:05:39.945Z] [INFO] 🚀 WMS API Server Started
[2026-01-21T12:05:39.945Z] [INFO] ======================================================================
[2026-01-21T12:05:39.946Z] [INFO] 🔍 Server Configuration
{
  "HOST": "0.0.0.0",
  "PORT": "3000",
  "API_BASE_URL": "http://localhost:3000",
  "NetworkIPs": [
    "192.168.103.219"
  ]
}
[2026-01-21T12:05:39.947Z] [SUCCESS] Server running on all interfaces (0.0.0.0:3000)
[2026-01-21T12:05:39.947Z] [INFO] 📍 Access URLs
{
  "Health": "http://192.168.103.219:3000/health",
  "API": "http://localhost:3000/api",
  "LocalHealth": "http://localhost:3000/health",
  "LocalAPI": "http://localhost:3000/api"
}
[2026-01-21T12:05:39.948Z] [INFO] ======================================================================
[2026-01-21T12:06:08.319Z] [INFO] 📥 GET /api/health
{
  "IP": "192.168.103.205",
  "UserAgent": "okhttp/4.12.0"
}
[2026-01-21T12:06:08.323Z] [INFO] 📥 GET /api/health
{
  "IP": "192.168.103.205",
  "UserAgent": "okhttp/4.12.0"
}
[2026-01-21T12:06:38.320Z] [INFO] 📥 GET /api/health
{
  "IP": "192.168.103.205",
  "UserAgent": "okhttp/4.12.0"
}
[2026-01-21T12:06:38.323Z] [INFO] 📥 GET /api/health
{
  "IP": "192.168.103.205",
  "UserAgent": "okhttp/4.12.0"
}
[2026-01-21T12:07:06.986Z] [INFO] 📊 Database Configuration
{
  "Host": "localhost",
  "Port": "3306",
  "User": "erppadmin",
  "Password": "***",
  "Database": "wms_desktop"
}
[2026-01-21T12:07:07.037Z] [INFO] ======================================================================
[2026-01-21T12:07:07.037Z] [INFO] 🚀 WMS API Server Started
[2026-01-21T12:07:07.038Z] [INFO] ======================================================================
[2026-01-21T12:07:07.038Z] [INFO] 🔍 Server Configuration
{
  "HOST": "0.0.0.0",
  "PORT": "3000",
  "API_BASE_URL": "http://localhost:3000",
  "NetworkIPs": [
    "192.168.103.219"
  ]
}
[2026-01-21T12:07:07.039Z] [SUCCESS] Server running on all interfaces (0.0.0.0:3000)
[2026-01-21T12:07:07.039Z] [INFO] 📍 Access URLs
{
  "Health": "http://192.168.103.219:3000/health",
  "API": "http://localhost:3000/api",
  "LocalHealth": "http://localhost:3000/health",
  "LocalAPI": "http://localhost:3000/api"
}
[2026-01-21T12:07:07.040Z] [INFO] ======================================================================
[2026-01-21T12:07:08.313Z] [INFO] 📥 GET /api/health
{
  "IP": "192.168.103.205",
  "UserAgent": "okhttp/4.12.0"
}
[2026-01-21T12:07:08.318Z] [INFO] 📥 GET /api/health
{
  "IP": "192.168.103.205",
  "UserAgent": "okhttp/4.12.0"
}
[2026-01-21T12:07:16.880Z] [INFO] 📥 POST /api/putaway/scan-transfer-carton
{
  "IP": "192.168.103.205",
  "UserAgent": "okhttp/4.12.0"
}
[2026-01-21T12:07:16.910Z] [DEBUG] Request body
{
  "location_id": "A1-R01-L3-B1",
  "user_id": "USER-402498",
  "warehouse_id": "WH-MAIN",
  "box_id": "PAW-ASN365425479-1768995821165"
}
[2026-01-21T12:07:16.923Z] [INFO] [Putaway Scan] Entry: location_id=A1-R01-L3-B1, box_id=PAW-ASN365425479-1768995821165, tc_id=NULL, putaway_task=NULL, carton_id=NULL
[2026-01-21T12:07:16.929Z] [DEBUG] Requesting database connection from pool
[2026-01-21T12:07:16.971Z] [SUCCESS] New database connection established
[2026-01-21T12:07:16.974Z] [DEBUG] Database connection obtained from pool
[2026-01-21T12:07:17.001Z] [WARN] [Putaway] Box PAW-ASN365425479-1768995821165 is Closed but task PUT-20260121-0002 is Open - allowing retry by reopening box
[2026-01-21T12:07:17.012Z] [INFO] [Putaway] ✅ Reopened box PAW-ASN365425479-1768995821165 for putaway retry (task PUT-20260121-0002 is Open)
[2026-01-21T12:07:17.023Z] [INFO] [Putaway Validation] Validated ASN putaway box PAW-ASN365425479-1768995821165
[2026-01-21T12:07:17.025Z] [INFO] [Putaway Scan] Checking location update path: taskTitleToCheck=PUT-20260121-0002, location_id=A1-R01-L3-B1, actualPutawayTask=NULL
[2026-01-21T12:07:17.026Z] [INFO] [Putaway Scan] ✅ Location update path triggered: task=PUT-20260121-0002, location=A1-R01-L3-B1
[2026-01-21T12:07:17.034Z] [INFO] [Putaway] Updating 2 line(s) with location: location_id=A1-R01-L3-B1, rack=Rack 01, bin=B1
{
  "hasLineLocationIdColumn": true,
  "hasLineRack": true,
  "hasLineBin": true
}
[2026-01-21T12:07:17.035Z] [INFO] [Putaway] Including location_id=A1-R01-L3-B1 in UPDATE for line ID 433
[2026-01-21T12:07:17.037Z] [INFO] [Putaway] Executing UPDATE query: UPDATE tabPutawayLine SET rack = ?, bin = ?, location_id = ?, updated_at = CURRENT_TIMESTAMP WHERE id = ? with params: [Rack 01, B1, A1-R01-L3-B1, 433]
[2026-01-21T12:07:17.046Z] [INFO] [Putaway] Updated line ID 433: 1 row(s) affected
[2026-01-21T12:07:17.047Z] [INFO] [Putaway] Including location_id=A1-R01-L3-B1 in UPDATE for line ID 434
[2026-01-21T12:07:17.048Z] [INFO] [Putaway] Executing UPDATE query: UPDATE tabPutawayLine SET rack = ?, bin = ?, location_id = ?, updated_at = CURRENT_TIMESTAMP WHERE id = ? with params: [Rack 01, B1, A1-R01-L3-B1, 434]
[2026-01-21T12:07:17.054Z] [INFO] [Putaway] Updated line ID 434: 1 row(s) affected
[2026-01-21T12:07:17.071Z] [INFO] [Putaway] Triggering stock updates for putaway task PUT-20260121-0002 after location assignment
[2026-01-21T12:07:17.074Z] [DEBUG] Requesting database connection from pool
[2026-01-21T12:07:17.075Z] [DEBUG] Database connection obtained from pool
[2026-01-21T12:07:17.081Z] [INFO] [Putaway] 🔵 About to call processPutawayCompletionEvent with params:
{
  "event_type": "PUTAWAY_TO_RACK",
  "putaway_task": "PUT-20260121-0002",
  "box_id": "PAW-ASN365425479-1768995821165",
  "carton_id": "PAW-ASN365425479-1768995821165",
  "location_id": "A1-R01-L3-B1",
  "rack": "Rack 01",
  "bin": "B1",
  "warehouse": "NULL",
  "user_id": "USER-402498"
}
[2026-01-21T12:07:17.085Z] [INFO] [Putaway Completion] ========================================
[2026-01-21T12:07:17.086Z] [INFO] [Putaway Completion] 🔵 ENTRY: processPutawayCompletionEvent called
[2026-01-21T12:07:17.087Z] [INFO] [Putaway Completion] Connection validation:
{
  "hasConnection": true,
  "connectionType": "object",
  "hasExecute": true
}
[2026-01-21T12:07:17.088Z] [INFO] [Putaway Completion] Event object: {
  "putaway_task": "PUT-20260121-0002",
  "tc_id": "NULL",
  "box_id": "PAW-ASN365425479-1768995821165",
  "carton_id": "PAW-ASN365425479-1768995821165",
  "location_id": "A1-R01-L3-B1",
  "rack": "Rack 01",
  "bin": "B1",
  "item_code": "NULL",
  "qty": "NULL",
  "user_id": "USER-402498",
  "store": "NULL",
  "event_type": "PUTAWAY_TO_RACK"
}
[2026-01-21T12:07:17.089Z] [INFO] [Putaway Completion] ========================================
[2026-01-21T12:07:17.090Z] [INFO] [Putaway Completion] 🔍 DEBUG: About to extract event parameters...
[2026-01-21T12:07:17.090Z] [INFO] [Putaway Completion] 🔍 DEBUG: Event parameters extracted successfully
[2026-01-21T12:07:17.091Z] [INFO] [Putaway Completion] Step 0: Extracted event parameters:
{
  "putaway_task": "PUT-20260121-0002",
  "tc_id": "NULL",
  "box_id": "PAW-ASN365425479-1768995821165",
  "carton_id": "PAW-ASN365425479-1768995821165",
  "location_id": "A1-R01-L3-B1",
  "item_code": "NULL",
  "qty": "NULL"
}
[2026-01-21T12:07:17.092Z] [INFO] [Putaway Completion] Step 0a: Initial putawayTaskTitle: PUT-20260121-0002
[2026-01-21T12:07:17.096Z] [INFO] [Putaway Completion] Step 0b: ✅ putawayTaskTitle resolved: PUT-20260121-0002
[2026-01-21T12:07:17.096Z] [INFO] [Putaway Completion] Processing putaway task: PUT-20260121-0002, carton_id from event: PAW-ASN365425479-1768995821165, item_code: NULL, qty: NULL, location_id: A1-R01-L3-B1, rack: Rack 01, bin: B1
[2026-01-21T12:07:17.097Z] [INFO] [Putaway Completion] Step 1: Starting transaction...
[2026-01-21T12:07:17.098Z] [INFO] [Putaway Completion] ✅ Transaction started
[2026-01-21T12:07:17.099Z] [INFO] [Putaway Completion] Step 2: Locking putaway task row: PUT-20260121-0002
[2026-01-21T12:07:17.100Z] [INFO] [Putaway Completion] Task status query result:
{
  "found": true,
  "status": "In Progress"
}
[2026-01-21T12:07:17.101Z] [INFO] [Putaway Completion] ✅ Task status check passed: In Progress
[2026-01-21T12:07:17.104Z] [INFO] [Putaway Completion] Manual trigger detected (item_code=null) - processing all lines for task, not filtering by carton_id
[2026-01-21T12:07:17.105Z] [INFO] [Putaway Completion] Step 4: Querying putaway lines...
[2026-01-21T12:07:17.106Z] [INFO] [Putaway Completion] Query: SELECT item_code, qty, rack, bin, carton_id, location_id FROM tabPutawayLine WHERE parent_title = ? AND item_code IS NOT NULL AND qty > 0
[2026-01-21T12:07:17.107Z] [INFO] [Putaway Completion] Params: [
  "PUT-20260121-0002"
]
[2026-01-21T12:07:17.111Z] [INFO] [Putaway Completion] Putaway lines query result:
{
  "lines_count": 2,
  "lines": [
    {
      "item_code": "SKU-HAT-301-BLU-OS",
      "qty": "25.00",
      "carton_id": "PAW-ASN365425479-1768995821165",
      "location_id": "A1-R01-L3-B1",
      "rack": "Rack 01",
      "bin": "B1"
    },
    {
      "item_code": "SKU-HAT-301-GRN-OS",
      "qty": "25.00",
      "carton_id": "PAW-ASN365425479-1768995821165",
      "location_id": "A1-R01-L3-B1",
      "rack": "Rack 01",
      "bin": "B1"
    }
  ]
}
[2026-01-21T12:07:17.112Z] [INFO] [Putaway Completion] ✅ Found 2 putaway line(s) for task PUT-20260121-0002
[2026-01-21T12:07:17.116Z] [WARN] [Putaway Completion] Failed to get warehouse from ASN:
{
  "message": "Unknown column 'warehouse' in 'field list'",
  "code": "ER_BAD_FIELD_ERROR",
  "errno": 1054,
  "sql": "SELECT warehouse FROM tabAdvanceShippingNotice WHERE title = ? LIMIT 1",
  "sqlState": "42S22",
  "sqlMessage": "Unknown column 'warehouse' in 'field list'"
}
[2026-01-21T12:07:17.120Z] [INFO] [Putaway Completion] Step 5: Warehouse resolved: WH-MAIN
[2026-01-21T12:07:17.120Z] [INFO] [Putaway Completion] Step 5: Starting stock update loop...
[2026-01-21T12:07:17.121Z] [INFO] [Putaway Completion] Stock update loop parameters:
{
  "warehouse": "WH-MAIN",
  "total_lines": 2,
  "event_location_id": "A1-R01-L3-B1",
  "event_rack": "Rack 01",
  "event_bin": "B1",
  "event_carton_id": "PAW-ASN365425479-1768995821165",
  "event_box_id": "PAW-ASN365425479-1768995821165"
}
[2026-01-21T12:07:17.122Z] [INFO] [Putaway Completion] ========================================
[2026-01-21T12:07:17.123Z] [INFO] [Putaway Completion] Processing line 1/2
[2026-01-21T12:07:17.123Z] [INFO] [Putaway Completion] Line data: {
  "item_code": "SKU-HAT-301-BLU-OS",
  "qty": "25.00",
  "carton_id": "PAW-ASN365425479-1768995821165",
  "location_id": "A1-R01-L3-B1",
  "rack": "Rack 01",
  "bin": "B1"
}
[2026-01-21T12:07:17.124Z] [INFO] [Putaway Completion] Location determination for line 1:
{
  "event_location_id": "A1-R01-L3-B1",
  "line_location_id": "A1-R01-L3-B1",
  "line_rack": "Rack 01",
  "line_bin": "B1",
  "event_rack": "Rack 01",
  "event_bin": "B1",
  "resolved_binLocation": "A1-R01-L3-B1"
}
[2026-01-21T12:07:17.126Z] [INFO] [Putaway Completion] Line 1 validation:
{
  "itemCode": "SKU-HAT-301-BLU-OS",
  "lineQty": 25,
  "binLocation": "A1-R01-L3-B1",
  "hasItemCode": true,
  "hasValidQty": true,
  "hasValidLocation": true
}
[2026-01-21T12:07:17.127Z] [INFO] [Putaway Completion] ✅ Line 1 passed validation - processing stock update
[2026-01-21T12:07:17.128Z] [INFO] [Putaway Completion] Stock update details:
{
  "item_code": "SKU-HAT-301-BLU-OS",
  "qty": 25,
  "fromLocation": "NULL",
  "toLocation": "A1-R01-L3-B1",
  "cartonId": "PAW-ASN365425479-1768995821165",
  "warehouse": "WH-MAIN"
}
[2026-01-21T12:07:17.139Z] [INFO] [Putaway Completion] ========================================
[2026-01-21T12:07:17.140Z] [INFO] [Putaway Completion] 🔵 EXECUTING STOCK LEDGER INSERT/UPDATE
[2026-01-21T12:07:17.141Z] [INFO] [Putaway Completion] Item: SKU-HAT-301-BLU-OS
[2026-01-21T12:07:17.142Z] [INFO] [Putaway Completion] Location: A1-R01-L3-B1
[2026-01-21T12:07:17.142Z] [INFO] [Putaway Completion] Warehouse: WH-MAIN
[2026-01-21T12:07:17.143Z] [INFO] [Putaway Completion] New Qty: 25
[2026-01-21T12:07:17.144Z] [INFO] [Putaway Completion] Current Qty: 0
[2026-01-21T12:07:17.144Z] [INFO] [Putaway Completion] SQL: INSERT INTO tabStockLedger (item_code, warehouse, bin_location, qty, reserved_qty, qty_before, qty_reduced, last_transaction_date, last_transaction_type, last_transaction_ref, updated_at, created_at) VALUES (?, ?, ?, ?, ?, ?, ?, NOW(), 'Putaway', ?, NOW(), NOW()) ON DUPLICATE KEY UPDATE qty = ?, qty_before = ?, qty_reduced = ?, last_transaction_date = NOW(), last_transaction_type = 'Putaway', last_transaction_ref = ?, updated_at = NOW()
[2026-01-21T12:07:17.145Z] [INFO] [Putaway Completion] Insert Params: [
  "SKU-HAT-301-BLU-OS",
  "WH-MAIN",
  "A1-R01-L3-B1",
  25,
  0,
  0,
  25,
  "PUT-20260121-0002"
]
[2026-01-21T12:07:17.145Z] [INFO] [Putaway Completion] Update Params: [
  25,
  0,
  25,
  "PUT-20260121-0002"
]
[2026-01-21T12:07:17.148Z] [INFO] [Putaway Completion] ========================================
[2026-01-21T12:07:17.152Z] [INFO] [Putaway Completion] ✅ STOCK LEDGER UPDATE RESULT:
{
  "item_code": "SKU-HAT-301-BLU-OS",
  "bin_location": "A1-R01-L3-B1",
  "warehouse": "WH-MAIN",
  "new_qty": 25,
  "affectedRows": 1,
  "insertId": 49,
  "changedRows": 0
}
[2026-01-21T12:07:17.173Z] [INFO] [Putaway Completion] 🔍 Adding qty_before: 0 (needsQtyBefore: true, currentQty: 0)
[2026-01-21T12:07:17.174Z] [INFO] [Putaway Completion] 🔍 Adding qty_after: 25 (needsQtyAfter: true, newQty: 25)
[2026-01-21T12:07:17.177Z] [INFO] [Putaway Completion] ⚠️ SKIPPING duplicate transaction history insert (idempotency check)
{
  "item_code": "SKU-HAT-301-BLU-OS",
  "location": "A1-R01-L3-B1",
  "reference_doc": "PUT-20260121-0002",
  "existing_id": 33
}
[2026-01-21T12:07:17.177Z] [INFO] [Putaway Completion] ========================================
[2026-01-21T12:07:17.178Z] [INFO] [Putaway Completion] Processing line 2/2
[2026-01-21T12:07:17.179Z] [INFO] [Putaway Completion] Line data: {
  "item_code": "SKU-HAT-301-GRN-OS",
  "qty": "25.00",
  "carton_id": "PAW-ASN365425479-1768995821165",
  "location_id": "A1-R01-L3-B1",
  "rack": "Rack 01",
  "bin": "B1"
}
[2026-01-21T12:07:17.179Z] [INFO] [Putaway Completion] Location determination for line 2:
{
  "event_location_id": "A1-R01-L3-B1",
  "line_location_id": "A1-R01-L3-B1",
  "line_rack": "Rack 01",
  "line_bin": "B1",
  "event_rack": "Rack 01",
  "event_bin": "B1",
  "resolved_binLocation": "A1-R01-L3-B1"
}
[2026-01-21T12:07:17.180Z] [INFO] [Putaway Completion] Line 2 validation:
{
  "itemCode": "SKU-HAT-301-GRN-OS",
  "lineQty": 25,
  "binLocation": "A1-R01-L3-B1",
  "hasItemCode": true,
  "hasValidQty": true,
  "hasValidLocation": true
}
[2026-01-21T12:07:17.180Z] [INFO] [Putaway Completion] ✅ Line 2 passed validation - processing stock update
[2026-01-21T12:07:17.181Z] [INFO] [Putaway Completion] Stock update details:
{
  "item_code": "SKU-HAT-301-GRN-OS",
  "qty": 25,
  "fromLocation": "NULL",
  "toLocation": "A1-R01-L3-B1",
  "cartonId": "PAW-ASN365425479-1768995821165",
  "warehouse": "WH-MAIN"
}
[2026-01-21T12:07:17.184Z] [INFO] [Putaway Completion] ========================================
[2026-01-21T12:07:17.184Z] [INFO] [Putaway Completion] 🔵 EXECUTING STOCK LEDGER INSERT/UPDATE
[2026-01-21T12:07:17.185Z] [INFO] [Putaway Completion] Item: SKU-HAT-301-GRN-OS
[2026-01-21T12:07:17.185Z] [INFO] [Putaway Completion] Location: A1-R01-L3-B1
[2026-01-21T12:07:17.185Z] [INFO] [Putaway Completion] Warehouse: WH-MAIN
[2026-01-21T12:07:17.186Z] [INFO] [Putaway Completion] New Qty: 25
[2026-01-21T12:07:17.186Z] [INFO] [Putaway Completion] Current Qty: 0
[2026-01-21T12:07:17.186Z] [INFO] [Putaway Completion] SQL: INSERT INTO tabStockLedger (item_code, warehouse, bin_location, qty, reserved_qty, qty_before, qty_reduced, last_transaction_date, last_transaction_type, last_transaction_ref, updated_at, created_at) VALUES (?, ?, ?, ?, ?, ?, ?, NOW(), 'Putaway', ?, NOW(), NOW()) ON DUPLICATE KEY UPDATE qty = ?, qty_before = ?, qty_reduced = ?, last_transaction_date = NOW(), last_transaction_type = 'Putaway', last_transaction_ref = ?, updated_at = NOW()
[2026-01-21T12:07:17.188Z] [INFO] [Putaway Completion] Insert Params: [
  "SKU-HAT-301-GRN-OS",
  "WH-MAIN",
  "A1-R01-L3-B1",
  25,
  0,
  0,
  25,
  "PUT-20260121-0002"
]
[2026-01-21T12:07:17.192Z] [INFO] [Putaway Completion] Update Params: [
  25,
  0,
  25,
  "PUT-20260121-0002"
]
[2026-01-21T12:07:17.193Z] [INFO] [Putaway Completion] ========================================
[2026-01-21T12:07:17.195Z] [INFO] [Putaway Completion] ✅ STOCK LEDGER UPDATE RESULT:
{
  "item_code": "SKU-HAT-301-GRN-OS",
  "bin_location": "A1-R01-L3-B1",
  "warehouse": "WH-MAIN",
  "new_qty": 25,
  "affectedRows": 1,
  "insertId": 50,
  "changedRows": 0
}
[2026-01-21T12:07:17.206Z] [INFO] [Putaway Completion] 🔍 Adding qty_before: 0 (needsQtyBefore: true, currentQty: 0)
[2026-01-21T12:07:17.210Z] [INFO] [Putaway Completion] 🔍 Adding qty_after: 25 (needsQtyAfter: true, newQty: 25)
[2026-01-21T12:07:17.215Z] [INFO] [Putaway Completion] ⚠️ SKIPPING duplicate transaction history insert (idempotency check)
{
  "item_code": "SKU-HAT-301-GRN-OS",
  "location": "A1-R01-L3-B1",
  "reference_doc": "PUT-20260121-0002",
  "existing_id": 34
}
[2026-01-21T12:07:17.255Z] [INFO] [Putaway Completion] ========================================
[2026-01-21T12:07:17.256Z] [INFO] [Putaway Completion] Step 6: Stock update loop completed
[2026-01-21T12:07:17.257Z] [INFO] [Putaway Completion] Summary:
{
  "processed": 2,
  "skipped": 0,
  "total_lines": 2,
  "success_rate": "100.0%"
}
[2026-01-21T12:07:17.257Z] [INFO] [Putaway Completion] ========================================
[2026-01-21T12:07:17.258Z] [INFO] [Putaway Completion] Step 7: Marking putaway task as Completed...
[2026-01-21T12:07:17.259Z] [INFO] [Putaway Completion] Status update result:
{
  "affectedRows": 1
}
[2026-01-21T12:07:17.261Z] [INFO] [Putaway Completion] ========================================
[2026-01-21T12:07:17.265Z] [INFO] [Putaway Completion] Step 8: COMMITTING TRANSACTION
[2026-01-21T12:07:17.266Z] [INFO] [Putaway Completion] Task: PUT-20260121-0002
[2026-01-21T12:07:17.268Z] [INFO] [Putaway Completion] Processed: 2, Skipped: 0
[2026-01-21T12:07:17.269Z] [INFO] [Putaway Completion] ========================================
[2026-01-21T12:07:17.273Z] [INFO] [Putaway Completion] ✅✅✅ TRANSACTION COMMITTED SUCCESSFULLY ✅✅✅
[2026-01-21T12:07:17.274Z] [INFO] [Putaway Completion] Task: PUT-20260121-0002
[2026-01-21T12:07:17.274Z] [INFO] [Putaway Completion] ========================================
[2026-01-21T12:07:17.276Z] [DEBUG] Requesting database connection from pool
[2026-01-21T12:07:17.283Z] [SUCCESS] New database connection established
[2026-01-21T12:07:17.284Z] [DEBUG] Database connection obtained from pool
[2026-01-21T12:07:17.294Z] [INFO] [Putaway Completion] ✅ Successfully completed putaway task PUT-20260121-0002 - stock updated, task marked as Completed
{
  "stock_ledger_entries": 2,
  "transaction_history_entries": 2,
  "processed_lines": 2,
  "skipped_lines": 0,
  "putaway_task": "PUT-20260121-0002"
}
[2026-01-21T12:07:17.296Z] [INFO] [Putaway] ✅ Stock updates completed for putaway task PUT-20260121-0002
{
  "result": "undefined (function may not return value)"
}
[2026-01-21T12:07:17.297Z] [INFO] [Putaway] Updated location for putaway task PUT-20260121-0002: A1-R01-L3-B1 (2 lines updated)
{
  "putaway_task": "PUT-20260121-0002",
  "location_id": "A1-R01-L3-B1",
  "rack": "Rack 01",
  "bin": "B1",
  "lines_updated": 2,
  "hasLineLocationIdColumn": true,
  "hasLineRack": true,
  "hasLineBin": true
}
[2026-01-21T12:07:17.626Z] [INFO] 📥 GET /api/putaway/tasks?asn_no=ASN-365425479&source_type=ASN&status=Draft%2CIn+Progress
{
  "IP": "192.168.103.205",
  "UserAgent": "okhttp/4.12.0"
}
[2026-01-21T12:07:17.633Z] [INFO] [Putaway Tasks API] Request received:
{
  "status": "Draft,In Progress",
  "source_type": "ASN",
  "advance_shipping_notice": "NOT_PROVIDED",
  "transfer_in": "NOT_PROVIDED"
}
[2026-01-21T12:07:17.635Z] [DEBUG] Requesting database connection from pool
[2026-01-21T12:07:17.639Z] [DEBUG] Database connection obtained from pool
[2026-01-21T12:07:17.647Z] [INFO] [Putaway Tasks API] Status filter applied:
[
  "Draft",
  "In Progress"
]
[2026-01-21T12:07:17.659Z] [INFO] [Putaway Tasks API] Query executed:
{
  "whereClause": "WHERE pt.status IN (?,?) AND COALESCE(pt.source_type, \"ASN\") = ?",
  "params": [
    "Draft",
    "In Progress",
    "ASN"
  ],
  "tasks_found": 0
}
[2026-01-21T12:07:17.663Z] [WARN] [Putaway Tasks API] No tasks found with filters:
{
  "status": "Draft,In Progress",
  "source_type": "ASN",
  "advance_shipping_notice": "ALL",
  "transfer_in": "ALL"
}
[2026-01-21T12:07:17.781Z] [INFO] 📥 POST /api/putaway/scan-transfer-carton
{
  "IP": "192.168.103.205",
  "UserAgent": "okhttp/4.12.0"
}
[2026-01-21T12:07:17.782Z] [DEBUG] Request body
{
  "location_id": "A1-R01-L3-B1",
  "user_id": "USER-402498",
  "warehouse_id": "WH-MAIN",
  "box_id": "PAW-ASN365425479-1768995821165"
}
[2026-01-21T12:07:17.783Z] [INFO] [Putaway Scan] Entry: location_id=A1-R01-L3-B1, box_id=PAW-ASN365425479-1768995821165, tc_id=NULL, putaway_task=NULL, carton_id=NULL
[2026-01-21T12:07:17.783Z] [DEBUG] Requesting database connection from pool
[2026-01-21T12:07:17.783Z] [DEBUG] Database connection obtained from pool
[2026-01-21T12:07:17.785Z] [INFO] [Putaway Validation] Validated ASN putaway box PAW-ASN365425479-1768995821165
[2026-01-21T12:07:17.785Z] [INFO] [Putaway Scan] Checking location update path: taskTitleToCheck=PUT-20260121-0002, location_id=A1-R01-L3-B1, actualPutawayTask=NULL
[2026-01-21T12:07:17.786Z] [INFO] [Putaway Scan] ✅ Location update path triggered: task=PUT-20260121-0002, location=A1-R01-L3-B1
[2026-01-21T12:07:17.786Z] [INFO] [Putaway] Updating 2 line(s) with location: location_id=A1-R01-L3-B1, rack=Rack 01, bin=B1
{
  "hasLineLocationIdColumn": true,
  "hasLineRack": true,
  "hasLineBin": true
}
[2026-01-21T12:07:17.787Z] [INFO] [Putaway] Including location_id=A1-R01-L3-B1 in UPDATE for line ID 433
[2026-01-21T12:07:17.787Z] [INFO] [Putaway] Executing UPDATE query: UPDATE tabPutawayLine SET rack = ?, bin = ?, location_id = ?, updated_at = CURRENT_TIMESTAMP WHERE id = ? with params: [Rack 01, B1, A1-R01-L3-B1, 433]
[2026-01-21T12:07:17.788Z] [INFO] [Putaway] Updated line ID 433: 1 row(s) affected
[2026-01-21T12:07:17.788Z] [INFO] [Putaway] Including location_id=A1-R01-L3-B1 in UPDATE for line ID 434
[2026-01-21T12:07:17.788Z] [INFO] [Putaway] Executing UPDATE query: UPDATE tabPutawayLine SET rack = ?, bin = ?, location_id = ?, updated_at = CURRENT_TIMESTAMP WHERE id = ? with params: [Rack 01, B1, A1-R01-L3-B1, 434]
[2026-01-21T12:07:17.789Z] [INFO] [Putaway] Updated line ID 434: 1 row(s) affected
[2026-01-21T12:07:17.793Z] [INFO] [Putaway] Triggering stock updates for putaway task PUT-20260121-0002 after location assignment
[2026-01-21T12:07:17.794Z] [DEBUG] Requesting database connection from pool
[2026-01-21T12:07:17.794Z] [DEBUG] Database connection obtained from pool
[2026-01-21T12:07:17.796Z] [INFO] [Putaway] 🔵 About to call processPutawayCompletionEvent with params:
{
  "event_type": "PUTAWAY_TO_RACK",
  "putaway_task": "PUT-20260121-0002",
  "box_id": "PAW-ASN365425479-1768995821165",
  "carton_id": "PAW-ASN365425479-1768995821165",
  "location_id": "A1-R01-L3-B1",
  "rack": "Rack 01",
  "bin": "B1",
  "warehouse": "NULL",
  "user_id": "USER-402498"
}
[2026-01-21T12:07:17.798Z] [INFO] [Putaway Completion] ========================================
[2026-01-21T12:07:17.799Z] [INFO] [Putaway Completion] 🔵 ENTRY: processPutawayCompletionEvent called
[2026-01-21T12:07:17.800Z] [INFO] [Putaway Completion] Connection validation:
{
  "hasConnection": true,
  "connectionType": "object",
  "hasExecute": true
}
[2026-01-21T12:07:17.801Z] [INFO] [Putaway Completion] Event object: {
  "putaway_task": "PUT-20260121-0002",
  "tc_id": "NULL",
  "box_id": "PAW-ASN365425479-1768995821165",
  "carton_id": "PAW-ASN365425479-1768995821165",
  "location_id": "A1-R01-L3-B1",
  "rack": "Rack 01",
  "bin": "B1",
  "item_code": "NULL",
  "qty": "NULL",
  "user_id": "USER-402498",
  "store": "NULL",
  "event_type": "PUTAWAY_TO_RACK"
}
[2026-01-21T12:07:17.804Z] [INFO] [Putaway Completion] ========================================
[2026-01-21T12:07:17.810Z] [INFO] [Putaway Completion] 🔍 DEBUG: About to extract event parameters...
[2026-01-21T12:07:17.818Z] [INFO] [Putaway Completion] 🔍 DEBUG: Event parameters extracted successfully
[2026-01-21T12:07:17.821Z] [INFO] [Putaway Completion] Step 0: Extracted event parameters:
{
  "putaway_task": "PUT-20260121-0002",
  "tc_id": "NULL",
  "box_id": "PAW-ASN365425479-1768995821165",
  "carton_id": "PAW-ASN365425479-1768995821165",
  "location_id": "A1-R01-L3-B1",
  "item_code": "NULL",
  "qty": "NULL"
}
[2026-01-21T12:07:17.823Z] [INFO] [Putaway Completion] Step 0a: Initial putawayTaskTitle: PUT-20260121-0002
[2026-01-21T12:07:17.826Z] [INFO] [Putaway Completion] Step 0b: ✅ putawayTaskTitle resolved: PUT-20260121-0002
[2026-01-21T12:07:17.828Z] [INFO] [Putaway Completion] Processing putaway task: PUT-20260121-0002, carton_id from event: PAW-ASN365425479-1768995821165, item_code: NULL, qty: NULL, location_id: A1-R01-L3-B1, rack: Rack 01, bin: B1
[2026-01-21T12:07:17.829Z] [INFO] [Putaway Completion] Step 1: Starting transaction...
[2026-01-21T12:07:17.831Z] [INFO] [Putaway Completion] ✅ Transaction started
[2026-01-21T12:07:17.831Z] [INFO] [Putaway Completion] Step 2: Locking putaway task row: PUT-20260121-0002
[2026-01-21T12:07:17.834Z] [INFO] [Putaway Completion] Task status query result:
{
  "found": true,
  "status": "Completed"
}
[2026-01-21T12:07:17.836Z] [WARN] [Putaway Completion] ⚠️ Task PUT-20260121-0002 is already Completed - skipping stock update (idempotency check)
[2026-01-21T12:07:17.841Z] [INFO] [Putaway Completion] Transaction rolled back (task already completed)
[2026-01-21T12:07:17.843Z] [INFO] [Putaway] ✅ Stock updates completed for putaway task PUT-20260121-0002
{
  "result": "undefined (function may not return value)"
}
[2026-01-21T12:07:17.844Z] [INFO] [Putaway] Updated location for putaway task PUT-20260121-0002: A1-R01-L3-B1 (2 lines updated)
{
  "putaway_task": "PUT-20260121-0002",
  "location_id": "A1-R01-L3-B1",
  "rack": "Rack 01",
  "bin": "B1",
  "lines_updated": 2,
  "hasLineLocationIdColumn": true,
  "hasLineRack": true,
  "hasLineBin": true
}
[2026-01-21T12:07:17.875Z] [INFO] 📥 GET /api/putaway/tasks?source_type=TransferIn&status=Draft%2COpen%2CIn+Progress
{
  "IP": "192.168.103.205",
  "UserAgent": "okhttp/4.12.0"
}
[2026-01-21T12:07:17.878Z] [INFO] [Putaway Tasks API] Request received:
{
  "status": "Draft,Open,In Progress",
  "source_type": "TransferIn",
  "advance_shipping_notice": "NOT_PROVIDED",
  "transfer_in": "NOT_PROVIDED"
}
[2026-01-21T12:07:17.880Z] [DEBUG] Requesting database connection from pool
[2026-01-21T12:07:17.883Z] [DEBUG] Database connection obtained from pool
[2026-01-21T12:07:17.890Z] [INFO] [Putaway Tasks API] Status filter applied:
[
  "Draft",
  "Open",
  "In Progress"
]
[2026-01-21T12:07:17.896Z] [INFO] [Putaway Tasks API] Query executed:
{
  "whereClause": "WHERE pt.status IN (?,?,?) AND COALESCE(pt.source_type, \"ASN\") = ?",
  "params": [
    "Draft",
    "Open",
    "In Progress",
    "TransferIn"
  ],
  "tasks_found": 0
}
[2026-01-21T12:07:17.898Z] [WARN] [Putaway Tasks API] No tasks found with filters:
{
  "status": "Draft,Open,In Progress",
  "source_type": "TransferIn",
  "advance_shipping_notice": "ALL",
  "transfer_in": "ALL"
}
[2026-01-21T12:07:18.047Z] [INFO] 📥 GET /api/putaway/tasks?status=Open
{
  "IP": "192.168.103.205",
  "UserAgent": "okhttp/4.12.0"
}
[2026-01-21T12:07:18.049Z] [INFO] [Putaway Tasks API] Request received:
{
  "status": "Open",
  "source_type": "NOT_PROVIDED",
  "advance_shipping_notice": "NOT_PROVIDED",
  "transfer_in": "NOT_PROVIDED"
}
[2026-01-21T12:07:18.050Z] [DEBUG] Requesting database connection from pool
[2026-01-21T12:07:18.051Z] [DEBUG] Database connection obtained from pool
[2026-01-21T12:07:18.053Z] [INFO] [Putaway Tasks API] Status filter applied:
[
  "Open"
]
[2026-01-21T12:07:18.056Z] [INFO] [Putaway Tasks API] Query executed:
{
  "whereClause": "WHERE pt.status IN (?)",
  "params": [
    "Open"
  ],
  "tasks_found": 0
}
[2026-01-21T12:07:18.056Z] [WARN] [Putaway Tasks API] No tasks found with filters:
{
  "status": "Open",
  "source_type": "ALL",
  "advance_shipping_notice": "ALL",
  "transfer_in": "ALL"
}
[2026-01-21T12:07:18.111Z] [INFO] 📥 GET /api/putaway/tasks?asn_no=ASN-365425479&source_type=ASN&status=Draft%2CIn+Progress
{
  "IP": "192.168.103.205",
  "UserAgent": "okhttp/4.12.0"
}
[2026-01-21T12:07:18.112Z] [INFO] [Putaway Tasks API] Request received:
{
  "status": "Draft,In Progress",
  "source_type": "ASN",
  "advance_shipping_notice": "NOT_PROVIDED",
  "transfer_in": "NOT_PROVIDED"
}
[2026-01-21T12:07:18.112Z] [DEBUG] Requesting database connection from pool
[2026-01-21T12:07:18.115Z] [DEBUG] Database connection obtained from pool
[2026-01-21T12:07:18.119Z] [INFO] [Putaway Tasks API] Status filter applied:
[
  "Draft",
  "In Progress"
]
[2026-01-21T12:07:18.122Z] [INFO] [Putaway Tasks API] Query executed:
{
  "whereClause": "WHERE pt.status IN (?,?) AND COALESCE(pt.source_type, \"ASN\") = ?",
  "params": [
    "Draft",
    "In Progress",
    "ASN"
  ],
  "tasks_found": 0
}
[2026-01-21T12:07:18.124Z] [WARN] [Putaway Tasks API] No tasks found with filters:
{
  "status": "Draft,In Progress",
  "source_type": "ASN",
  "advance_shipping_notice": "ALL",
  "transfer_in": "ALL"
}
[2026-01-21T12:07:18.358Z] [INFO] 📥 GET /api/putaway/tasks?source_type=TransferIn&status=Draft%2COpen%2CIn+Progress
{
  "IP": "192.168.103.205",
  "UserAgent": "okhttp/4.12.0"
}
[2026-01-21T12:07:18.362Z] [INFO] [Putaway Tasks API] Request received:
{
  "status": "Draft,Open,In Progress",
  "source_type": "TransferIn",
  "advance_shipping_notice": "NOT_PROVIDED",
  "transfer_in": "NOT_PROVIDED"
}
[2026-01-21T12:07:18.364Z] [DEBUG] Requesting database connection from pool
[2026-01-21T12:07:18.367Z] [DEBUG] Database connection obtained from pool
[2026-01-21T12:07:18.371Z] [INFO] [Putaway Tasks API] Status filter applied:
[
  "Draft",
  "Open",
  "In Progress"
]
[2026-01-21T12:07:18.374Z] [INFO] [Putaway Tasks API] Query executed:
{
  "whereClause": "WHERE pt.status IN (?,?,?) AND COALESCE(pt.source_type, \"ASN\") = ?",
  "params": [
    "Draft",
    "Open",
    "In Progress",
    "TransferIn"
  ],
  "tasks_found": 0
}
[2026-01-21T12:07:18.376Z] [WARN] [Putaway Tasks API] No tasks found with filters:
{
  "status": "Draft,Open,In Progress",
  "source_type": "TransferIn",
  "advance_shipping_notice": "ALL",
  "transfer_in": "ALL"
}
[2026-01-21T12:07:18.523Z] [INFO] 📥 GET /api/putaway/tasks?status=Open
{
  "IP": "192.168.103.205",
  "UserAgent": "okhttp/4.12.0"
}
[2026-01-21T12:07:18.526Z] [INFO] [Putaway Tasks API] Request received:
{
  "status": "Open",
  "source_type": "NOT_PROVIDED",
  "advance_shipping_notice": "NOT_PROVIDED",
  "transfer_in": "NOT_PROVIDED"
}
[2026-01-21T12:07:18.528Z] [DEBUG] Requesting database connection from pool
[2026-01-21T12:07:18.529Z] [DEBUG] Database connection obtained from pool
[2026-01-21T12:07:18.532Z] [INFO] [Putaway Tasks API] Status filter applied:
[
  "Open"
]
[2026-01-21T12:07:18.535Z] [INFO] [Putaway Tasks API] Query executed:
{
  "whereClause": "WHERE pt.status IN (?)",
  "params": [
    "Open"
  ],
  "tasks_found": 0
}
[2026-01-21T12:07:18.537Z] [WARN] [Putaway Tasks API] No tasks found with filters:
{
  "status": "Open",
  "source_type": "ALL",
  "advance_shipping_notice": "ALL",
  "transfer_in": "ALL"
}
[2026-01-21T12:07:19.825Z] [INFO] 📥 GET /api/putaway/tasks?asn_no=ASN-365425479&source_type=ASN&status=Draft%2CIn+Progress
{
  "IP": "192.168.103.205",
  "UserAgent": "okhttp/4.12.0"
}
[2026-01-21T12:07:19.829Z] [INFO] [Putaway Tasks API] Request received:
{
  "status": "Draft,In Progress",
  "source_type": "ASN",
  "advance_shipping_notice": "NOT_PROVIDED",
  "transfer_in": "NOT_PROVIDED"
}
[2026-01-21T12:07:19.832Z] [DEBUG] Requesting database connection from pool
[2026-01-21T12:07:19.834Z] [DEBUG] Database connection obtained from pool
[2026-01-21T12:07:19.836Z] [INFO] 📥 GET /api/putaway/tasks?asn_no=ASN-365425479&source_type=ASN&status=Draft%2CIn+Progress
{
  "IP": "192.168.103.205",
  "UserAgent": "okhttp/4.12.0"
}
[2026-01-21T12:07:19.839Z] [INFO] [Putaway Tasks API] Request received:
{
  "status": "Draft,In Progress",
  "source_type": "ASN",
  "advance_shipping_notice": "NOT_PROVIDED",
  "transfer_in": "NOT_PROVIDED"
}
[2026-01-21T12:07:19.841Z] [DEBUG] Requesting database connection from pool
[2026-01-21T12:07:19.842Z] [DEBUG] Database connection obtained from pool
[2026-01-21T12:07:19.844Z] [INFO] [Putaway Tasks API] Status filter applied:
[
  "Draft",
  "In Progress"
]
[2026-01-21T12:07:19.849Z] [INFO] [Putaway Tasks API] Status filter applied:
[
  "Draft",
  "In Progress"
]
[2026-01-21T12:07:19.853Z] [INFO] [Putaway Tasks API] Query executed:
{
  "whereClause": "WHERE pt.status IN (?,?) AND COALESCE(pt.source_type, \"ASN\") = ?",
  "params": [
    "Draft",
    "In Progress",
    "ASN"
  ],
  "tasks_found": 0
}
[2026-01-21T12:07:19.855Z] [WARN] [Putaway Tasks API] No tasks found with filters:
{
  "status": "Draft,In Progress",
  "source_type": "ASN",
  "advance_shipping_notice": "ALL",
  "transfer_in": "ALL"
}
[2026-01-21T12:07:19.864Z] [INFO] [Putaway Tasks API] Query executed:
{
  "whereClause": "WHERE pt.status IN (?,?) AND COALESCE(pt.source_type, \"ASN\") = ?",
  "params": [
    "Draft",
    "In Progress",
    "ASN"
  ],
  "tasks_found": 0
}
[2026-01-21T12:07:19.866Z] [WARN] [Putaway Tasks API] No tasks found with filters:
{
  "status": "Draft,In Progress",
  "source_type": "ASN",
  "advance_shipping_notice": "ALL",
  "transfer_in": "ALL"
}
[2026-01-21T12:07:20.073Z] [INFO] 📥 GET /api/putaway/tasks?source_type=TransferIn&status=Draft%2COpen%2CIn+Progress
{
  "IP": "192.168.103.205",
  "UserAgent": "okhttp/4.12.0"
}
[2026-01-21T12:07:20.075Z] [INFO] [Putaway Tasks API] Request received:
{
  "status": "Draft,Open,In Progress",
  "source_type": "TransferIn",
  "advance_shipping_notice": "NOT_PROVIDED",
  "transfer_in": "NOT_PROVIDED"
}
[2026-01-21T12:07:20.076Z] [DEBUG] Requesting database connection from pool
[2026-01-21T12:07:20.079Z] [DEBUG] Database connection obtained from pool
[2026-01-21T12:07:20.083Z] [INFO] 📥 GET /api/putaway/tasks?source_type=TransferIn&status=Draft%2COpen%2CIn+Progress
{
  "IP": "192.168.103.205",
  "UserAgent": "okhttp/4.12.0"
}
[2026-01-21T12:07:20.085Z] [INFO] [Putaway Tasks API] Request received:
{
  "status": "Draft,Open,In Progress",
  "source_type": "TransferIn",
  "advance_shipping_notice": "NOT_PROVIDED",
  "transfer_in": "NOT_PROVIDED"
}
[2026-01-21T12:07:20.087Z] [DEBUG] Requesting database connection from pool
[2026-01-21T12:07:20.090Z] [DEBUG] Database connection obtained from pool
[2026-01-21T12:07:20.093Z] [INFO] [Putaway Tasks API] Status filter applied:
[
  "Draft",
  "Open",
  "In Progress"
]
[2026-01-21T12:07:20.098Z] [INFO] [Putaway Tasks API] Status filter applied:
[
  "Draft",
  "Open",
  "In Progress"
]
[2026-01-21T12:07:20.104Z] [INFO] [Putaway Tasks API] Query executed:
{
  "whereClause": "WHERE pt.status IN (?,?,?) AND COALESCE(pt.source_type, \"ASN\") = ?",
  "params": [
    "Draft",
    "Open",
    "In Progress",
    "TransferIn"
  ],
  "tasks_found": 0
}
[2026-01-21T12:07:20.106Z] [WARN] [Putaway Tasks API] No tasks found with filters:
{
  "status": "Draft,Open,In Progress",
  "source_type": "TransferIn",
  "advance_shipping_notice": "ALL",
  "transfer_in": "ALL"
}
[2026-01-21T12:07:20.114Z] [INFO] [Putaway Tasks API] Query executed:
{
  "whereClause": "WHERE pt.status IN (?,?,?) AND COALESCE(pt.source_type, \"ASN\") = ?",
  "params": [
    "Draft",
    "Open",
    "In Progress",
    "TransferIn"
  ],
  "tasks_found": 0
}
[2026-01-21T12:07:20.116Z] [WARN] [Putaway Tasks API] No tasks found with filters:
{
  "status": "Draft,Open,In Progress",
  "source_type": "TransferIn",
  "advance_shipping_notice": "ALL",
  "transfer_in": "ALL"
}
[2026-01-21T12:07:20.265Z] [INFO] 📥 GET /api/putaway/tasks?status=Open
{
  "IP": "192.168.103.205",
  "UserAgent": "okhttp/4.12.0"
}
[2026-01-21T12:07:20.268Z] [INFO] [Putaway Tasks API] Request received:
{
  "status": "Open",
  "source_type": "NOT_PROVIDED",
  "advance_shipping_notice": "NOT_PROVIDED",
  "transfer_in": "NOT_PROVIDED"
}
[2026-01-21T12:07:20.271Z] [DEBUG] Requesting database connection from pool
[2026-01-21T12:07:20.272Z] [DEBUG] Database connection obtained from pool
[2026-01-21T12:07:20.275Z] [INFO] 📥 GET /api/putaway/tasks?status=Open
{
  "IP": "192.168.103.205",
  "UserAgent": "okhttp/4.12.0"
}
[2026-01-21T12:07:20.279Z] [INFO] [Putaway Tasks API] Request received:
{
  "status": "Open",
  "source_type": "NOT_PROVIDED",
  "advance_shipping_notice": "NOT_PROVIDED",
  "transfer_in": "NOT_PROVIDED"
}
[2026-01-21T12:07:20.281Z] [DEBUG] Requesting database connection from pool
[2026-01-21T12:07:20.284Z] [DEBUG] Database connection obtained from pool
[2026-01-21T12:07:20.288Z] [INFO] [Putaway Tasks API] Status filter applied:
[
  "Open"
]
[2026-01-21T12:07:20.298Z] [INFO] [Putaway Tasks API] Status filter applied:
[
  "Open"
]
[2026-01-21T12:07:20.303Z] [INFO] [Putaway Tasks API] Query executed:
{
  "whereClause": "WHERE pt.status IN (?)",
  "params": [
    "Open"
  ],
  "tasks_found": 0
}
[2026-01-21T12:07:20.305Z] [WARN] [Putaway Tasks API] No tasks found with filters:
{
  "status": "Open",
  "source_type": "ALL",
  "advance_shipping_notice": "ALL",
  "transfer_in": "ALL"
}
[2026-01-21T12:07:20.315Z] [INFO] [Putaway Tasks API] Query executed:
{
  "whereClause": "WHERE pt.status IN (?)",
  "params": [
    "Open"
  ],
  "tasks_found": 0
}
[2026-01-21T12:07:20.317Z] [WARN] [Putaway Tasks API] No tasks found with filters:
{
  "status": "Open",
  "source_type": "ALL",
  "advance_shipping_notice": "ALL",
  "transfer_in": "ALL"
}
[2026-01-21T12:07:38.323Z] [INFO] 📥 GET /api/health
{
  "IP": "192.168.103.205",
  "UserAgent": "okhttp/4.12.0"
}
[2026-01-21T12:07:38.325Z] [INFO] 📥 GET /api/health
{
  "IP": "192.168.103.205",
  "UserAgent": "okhttp/4.12.0"
}
[2026-01-21T12:08:08.335Z] [INFO] 📥 GET /api/health
{
  "IP": "192.168.103.205",
  "UserAgent": "okhttp/4.12.0"
}
[2026-01-21T12:08:08.336Z] [INFO] 📥 GET /api/health
{
  "IP": "192.168.103.205",
  "UserAgent": "okhttp/4.12.0"
}
[2026-01-21T12:08:38.348Z] [INFO] 📥 GET /api/health
{
  "IP": "192.168.103.205",
  "UserAgent": "okhttp/4.12.0"
}
[2026-01-21T12:08:38.352Z] [INFO] 📥 GET /api/health
{
  "IP": "192.168.103.205",
  "UserAgent": "okhttp/4.12.0"
}
[2026-01-21T12:08:43.376Z] [INFO] 📥 GET /api/transaction-history?from_date=2025-10-23&to_date=2026-01-22&limit=1000
{
  "IP": "127.0.0.1",
  "UserAgent": "unknown"
}
[2026-01-21T12:08:43.378Z] [DEBUG] Requesting database connection from pool
[2026-01-21T12:08:43.379Z] [DEBUG] Database connection obtained from pool
[2026-01-21T12:08:43.386Z] [INFO] [Transaction History] Executing query
{
  "query": "\n      SELECT \n        id,\n        transaction_id,\n        COALESCE(transaction_number, '') as transaction_number,\n        transaction_date,\n        transaction_type,\n        reference_doc_type,\n        reference_doc,\n        wms_transaction_title,\n        item_code,\n        item_name,\n        warehouse,\n        warehouse_name,\n        bin_location,\n        location_id,\n        carton_id,\n        batch_no,\n        serial_no,\n        qty_change,\n        qty_before,\n        qty_after,\n        stoc",
  "params": [
    "2025-10-23",
    "2026-01-22",
    1000
  ],
  "paramsCount": 3,
  "hasTransactionNoColumn": true,
  "transactionNoColumnName": "transaction_number",
  "filters": {
    "from_date": "2025-10-23",
    "to_date": "2026-01-22",
    "limit": 1000
  }
}
[2026-01-21T12:08:43.392Z] [INFO] [Transaction History] Query executed successfully
{
  "rowsReturned": 8,
  "sampleRow": {
    "id": 34,
    "item_code": "SKU-HAT-301-GRN-OS",
    "transaction_date": "2026-01-21T12:07:17.000Z",
    "transaction_type": "Putaway",
    "transaction_number": "TXN-20260121-00026"
  }
}
[2026-01-21T12:08:43.399Z] [INFO] [Transaction History] Returning response
{
  "totalRecords": 8,
  "sampleRecord": {
    "id": 34,
    "item_code": "SKU-HAT-301-GRN-OS",
    "transaction_date": "2026-01-21T12:07:17.000Z",
    "transaction_type": "Putaway",
    "transaction_number": "TXN-20260121-00026"
  },
  "responseFormat": {
    "ok": true,
    "hasData": true,
    "dataLength": 8
  }
}
[2026-01-21T12:08:43.400Z] [INFO] [Transaction History] Sending response
{
  "responseOk": true,
  "dataArrayLength": 8,
  "count": 8
}
[2026-01-21T12:09:08.370Z] [INFO] 📥 GET /api/health
{
  "IP": "192.168.103.205",
  "UserAgent": "okhttp/4.12.0"
}
[2026-01-21T12:09:08.373Z] [INFO] 📥 GET /api/health
{
  "IP": "192.168.103.205",
  "UserAgent": "okhttp/4.12.0"
}
[2026-01-21T12:09:34.112Z] [INFO] 📥 GET /api/putaway/tasks?asn_no=ASN-365425479&source_type=ASN&status=Draft%2CIn+Progress
{
  "IP": "192.168.103.205",
  "UserAgent": "okhttp/4.12.0"
}
[2026-01-21T12:09:34.115Z] [INFO] [Putaway Tasks API] Request received:
{
  "status": "Draft,In Progress",
  "source_type": "ASN",
  "advance_shipping_notice": "NOT_PROVIDED",
  "transfer_in": "NOT_PROVIDED"
}
[2026-01-21T12:09:34.116Z] [DEBUG] Requesting database connection from pool
[2026-01-21T12:09:34.121Z] [DEBUG] Database connection obtained from pool
[2026-01-21T12:09:34.127Z] [INFO] 📥 GET /api/putaway/tasks?asn_no=ASN-365425479&source_type=ASN&status=Draft%2CIn+Progress
{
  "IP": "192.168.103.205",
  "UserAgent": "okhttp/4.12.0"
}
[2026-01-21T12:09:34.129Z] [INFO] [Putaway Tasks API] Request received:
{
  "status": "Draft,In Progress",
  "source_type": "ASN",
  "advance_shipping_notice": "NOT_PROVIDED",
  "transfer_in": "NOT_PROVIDED"
}
[2026-01-21T12:09:34.130Z] [DEBUG] Requesting database connection from pool
[2026-01-21T12:09:34.134Z] [DEBUG] Database connection obtained from pool
[2026-01-21T12:09:34.136Z] [INFO] [Putaway Tasks API] Status filter applied:
[
  "Draft",
  "In Progress"
]
[2026-01-21T12:09:34.138Z] [INFO] [Putaway Tasks API] Status filter applied:
[
  "Draft",
  "In Progress"
]
[2026-01-21T12:09:34.141Z] [INFO] [Putaway Tasks API] Query executed:
{
  "whereClause": "WHERE pt.status IN (?,?) AND COALESCE(pt.source_type, \"ASN\") = ?",
  "params": [
    "Draft",
    "In Progress",
    "ASN"
  ],
  "tasks_found": 0
}
[2026-01-21T12:09:34.143Z] [WARN] [Putaway Tasks API] No tasks found with filters:
{
  "status": "Draft,In Progress",
  "source_type": "ASN",
  "advance_shipping_notice": "ALL",
  "transfer_in": "ALL"
}
[2026-01-21T12:09:34.147Z] [INFO] [Putaway Tasks API] Query executed:
{
  "whereClause": "WHERE pt.status IN (?,?) AND COALESCE(pt.source_type, \"ASN\") = ?",
  "params": [
    "Draft",
    "In Progress",
    "ASN"
  ],
  "tasks_found": 0
}
[2026-01-21T12:09:34.151Z] [WARN] [Putaway Tasks API] No tasks found with filters:
{
  "status": "Draft,In Progress",
  "source_type": "ASN",
  "advance_shipping_notice": "ALL",
  "transfer_in": "ALL"
}
[2026-01-21T12:09:34.354Z] [INFO] 📥 GET /api/putaway/tasks?source_type=TransferIn&status=Draft%2COpen%2CIn+Progress
{
  "IP": "192.168.103.205",
  "UserAgent": "okhttp/4.12.0"
}
[2026-01-21T12:09:34.358Z] [INFO] [Putaway Tasks API] Request received:
{
  "status": "Draft,Open,In Progress",
  "source_type": "TransferIn",
  "advance_shipping_notice": "NOT_PROVIDED",
  "transfer_in": "NOT_PROVIDED"
}
[2026-01-21T12:09:34.359Z] [DEBUG] Requesting database connection from pool
[2026-01-21T12:09:34.362Z] [DEBUG] Database connection obtained from pool
[2026-01-21T12:09:34.366Z] [INFO] 📥 GET /api/putaway/tasks?source_type=TransferIn&status=Draft%2COpen%2CIn+Progress
{
  "IP": "192.168.103.205",
  "UserAgent": "okhttp/4.12.0"
}
[2026-01-21T12:09:34.369Z] [INFO] [Putaway Tasks API] Request received:
{
  "status": "Draft,Open,In Progress",
  "source_type": "TransferIn",
  "advance_shipping_notice": "NOT_PROVIDED",
  "transfer_in": "NOT_PROVIDED"
}
[2026-01-21T12:09:34.370Z] [DEBUG] Requesting database connection from pool
[2026-01-21T12:09:34.371Z] [DEBUG] Database connection obtained from pool
[2026-01-21T12:09:34.374Z] [INFO] [Putaway Tasks API] Status filter applied:
[
  "Draft",
  "Open",
  "In Progress"
]
[2026-01-21T12:09:34.379Z] [INFO] [Putaway Tasks API] Status filter applied:
[
  "Draft",
  "Open",
  "In Progress"
]
[2026-01-21T12:09:34.381Z] [INFO] [Putaway Tasks API] Query executed:
{
  "whereClause": "WHERE pt.status IN (?,?,?) AND COALESCE(pt.source_type, \"ASN\") = ?",
  "params": [
    "Draft",
    "Open",
    "In Progress",
    "TransferIn"
  ],
  "tasks_found": 0
}
[2026-01-21T12:09:34.382Z] [WARN] [Putaway Tasks API] No tasks found with filters:
{
  "status": "Draft,Open,In Progress",
  "source_type": "TransferIn",
  "advance_shipping_notice": "ALL",
  "transfer_in": "ALL"
}
[2026-01-21T12:09:34.386Z] [INFO] [Putaway Tasks API] Query executed:
{
  "whereClause": "WHERE pt.status IN (?,?,?) AND COALESCE(pt.source_type, \"ASN\") = ?",
  "params": [
    "Draft",
    "Open",
    "In Progress",
    "TransferIn"
  ],
  "tasks_found": 0
}
[2026-01-21T12:09:34.387Z] [WARN] [Putaway Tasks API] No tasks found with filters:
{
  "status": "Draft,Open,In Progress",
  "source_type": "TransferIn",
  "advance_shipping_notice": "ALL",
  "transfer_in": "ALL"
}
[2026-01-21T12:09:34.523Z] [INFO] 📥 GET /api/putaway/tasks?status=Open
{
  "IP": "192.168.103.205",
  "UserAgent": "okhttp/4.12.0"
}
[2026-01-21T12:09:34.524Z] [INFO] [Putaway Tasks API] Request received:
{
  "status": "Open",
  "source_type": "NOT_PROVIDED",
  "advance_shipping_notice": "NOT_PROVIDED",
  "transfer_in": "NOT_PROVIDED"
}
[2026-01-21T12:09:34.525Z] [DEBUG] Requesting database connection from pool
[2026-01-21T12:09:34.526Z] [DEBUG] Database connection obtained from pool
[2026-01-21T12:09:34.529Z] [INFO] [Putaway Tasks API] Status filter applied:
[
  "Open"
]
[2026-01-21T12:09:34.535Z] [INFO] [Putaway Tasks API] Query executed:
{
  "whereClause": "WHERE pt.status IN (?)",
  "params": [
    "Open"
  ],
  "tasks_found": 0
}
[2026-01-21T12:09:34.536Z] [WARN] [Putaway Tasks API] No tasks found with filters:
{
  "status": "Open",
  "source_type": "ALL",
  "advance_shipping_notice": "ALL",
  "transfer_in": "ALL"
}
[2026-01-21T12:09:34.539Z] [INFO] 📥 GET /api/putaway/tasks?status=Open
{
  "IP": "192.168.103.205",
  "UserAgent": "okhttp/4.12.0"
}
[2026-01-21T12:09:34.541Z] [INFO] [Putaway Tasks API] Request received:
{
  "status": "Open",
  "source_type": "NOT_PROVIDED",
  "advance_shipping_notice": "NOT_PROVIDED",
  "transfer_in": "NOT_PROVIDED"
}
[2026-01-21T12:09:34.542Z] [DEBUG] Requesting database connection from pool
[2026-01-21T12:09:34.543Z] [DEBUG] Database connection obtained from pool
[2026-01-21T12:09:34.545Z] [INFO] [Putaway Tasks API] Status filter applied:
[
  "Open"
]
[2026-01-21T12:09:34.549Z] [INFO] [Putaway Tasks API] Query executed:
{
  "whereClause": "WHERE pt.status IN (?)",
  "params": [
    "Open"
  ],
  "tasks_found": 0
}
[2026-01-21T12:09:34.550Z] [WARN] [Putaway Tasks API] No tasks found with filters:
{
  "status": "Open",
  "source_type": "ALL",
  "advance_shipping_notice": "ALL",
  "transfer_in": "ALL"
}
[2026-01-21T12:09:38.358Z] [INFO] 📥 GET /api/health
{
  "IP": "192.168.103.205",
  "UserAgent": "okhttp/4.12.0"
}
[2026-01-21T12:09:38.360Z] [INFO] 📥 GET /api/health
{
  "IP": "192.168.103.205",
  "UserAgent": "okhttp/4.12.0"
}
[2026-01-21T12:09:43.884Z] [INFO] 📥 GET /api/putaway/tasks?asn_no=ASN-365425479&source_type=ASN&status=Draft%2CIn+Progress
{
  "IP": "192.168.103.205",
  "UserAgent": "okhttp/4.12.0"
}
[2026-01-21T12:09:43.886Z] [INFO] [Putaway Tasks API] Request received:
{
  "status": "Draft,In Progress",
  "source_type": "ASN",
  "advance_shipping_notice": "NOT_PROVIDED",
  "transfer_in": "NOT_PROVIDED"
}
[2026-01-21T12:09:43.886Z] [DEBUG] Requesting database connection from pool
[2026-01-21T12:09:43.887Z] [DEBUG] Database connection obtained from pool
[2026-01-21T12:09:43.888Z] [INFO] 📥 GET /api/putaway/tasks?asn_no=ASN-365425479&source_type=ASN&status=Draft%2CIn+Progress
{
  "IP": "192.168.103.205",
  "UserAgent": "okhttp/4.12.0"
}
[2026-01-21T12:09:43.889Z] [INFO] [Putaway Tasks API] Request received:
{
  "status": "Draft,In Progress",
  "source_type": "ASN",
  "advance_shipping_notice": "NOT_PROVIDED",
  "transfer_in": "NOT_PROVIDED"
}
[2026-01-21T12:09:43.889Z] [DEBUG] Requesting database connection from pool
[2026-01-21T12:09:43.889Z] [DEBUG] Database connection obtained from pool
[2026-01-21T12:09:43.891Z] [INFO] [Putaway Tasks API] Status filter applied:
[
  "Draft",
  "In Progress"
]
[2026-01-21T12:09:43.892Z] [INFO] [Putaway Tasks API] Status filter applied:
[
  "Draft",
  "In Progress"
]
[2026-01-21T12:09:43.894Z] [INFO] [Putaway Tasks API] Query executed:
{
  "whereClause": "WHERE pt.status IN (?,?) AND COALESCE(pt.source_type, \"ASN\") = ?",
  "params": [
    "Draft",
    "In Progress",
    "ASN"
  ],
  "tasks_found": 0
}
[2026-01-21T12:09:43.894Z] [WARN] [Putaway Tasks API] No tasks found with filters:
{
  "status": "Draft,In Progress",
  "source_type": "ASN",
  "advance_shipping_notice": "ALL",
  "transfer_in": "ALL"
}
[2026-01-21T12:09:43.896Z] [INFO] [Putaway Tasks API] Query executed:
{
  "whereClause": "WHERE pt.status IN (?,?) AND COALESCE(pt.source_type, \"ASN\") = ?",
  "params": [
    "Draft",
    "In Progress",
    "ASN"
  ],
  "tasks_found": 0
}
[2026-01-21T12:09:43.896Z] [WARN] [Putaway Tasks API] No tasks found with filters:
{
  "status": "Draft,In Progress",
  "source_type": "ASN",
  "advance_shipping_notice": "ALL",
  "transfer_in": "ALL"
}
[2026-01-21T12:09:44.101Z] [INFO] 📥 GET /api/putaway/tasks?source_type=TransferIn&status=Draft%2COpen%2CIn+Progress
{
  "IP": "192.168.103.205",
  "UserAgent": "okhttp/4.12.0"
}
[2026-01-21T12:09:44.103Z] [INFO] [Putaway Tasks API] Request received:
{
  "status": "Draft,Open,In Progress",
  "source_type": "TransferIn",
  "advance_shipping_notice": "NOT_PROVIDED",
  "transfer_in": "NOT_PROVIDED"
}
[2026-01-21T12:09:44.103Z] [DEBUG] Requesting database connection from pool
[2026-01-21T12:09:44.104Z] [DEBUG] Database connection obtained from pool
[2026-01-21T12:09:44.105Z] [INFO] 📥 GET /api/putaway/tasks?source_type=TransferIn&status=Draft%2COpen%2CIn+Progress
{
  "IP": "192.168.103.205",
  "UserAgent": "okhttp/4.12.0"
}
[2026-01-21T12:09:44.107Z] [INFO] [Putaway Tasks API] Request received:
{
  "status": "Draft,Open,In Progress",
  "source_type": "TransferIn",
  "advance_shipping_notice": "NOT_PROVIDED",
  "transfer_in": "NOT_PROVIDED"
}
[2026-01-21T12:09:44.107Z] [DEBUG] Requesting database connection from pool
[2026-01-21T12:09:44.108Z] [DEBUG] Database connection obtained from pool
[2026-01-21T12:09:44.109Z] [INFO] [Putaway Tasks API] Status filter applied:
[
  "Draft",
  "Open",
  "In Progress"
]
[2026-01-21T12:09:44.110Z] [INFO] [Putaway Tasks API] Status filter applied:
[
  "Draft",
  "Open",
  "In Progress"
]
[2026-01-21T12:09:44.113Z] [INFO] [Putaway Tasks API] Query executed:
{
  "whereClause": "WHERE pt.status IN (?,?,?) AND COALESCE(pt.source_type, \"ASN\") = ?",
  "params": [
    "Draft",
    "Open",
    "In Progress",
    "TransferIn"
  ],
  "tasks_found": 0
}
[2026-01-21T12:09:44.113Z] [WARN] [Putaway Tasks API] No tasks found with filters:
{
  "status": "Draft,Open,In Progress",
  "source_type": "TransferIn",
  "advance_shipping_notice": "ALL",
  "transfer_in": "ALL"
}
[2026-01-21T12:09:44.116Z] [INFO] [Putaway Tasks API] Query executed:
{
  "whereClause": "WHERE pt.status IN (?,?,?) AND COALESCE(pt.source_type, \"ASN\") = ?",
  "params": [
    "Draft",
    "Open",
    "In Progress",
    "TransferIn"
  ],
  "tasks_found": 0
}
[2026-01-21T12:09:44.116Z] [WARN] [Putaway Tasks API] No tasks found with filters:
{
  "status": "Draft,Open,In Progress",
  "source_type": "TransferIn",
  "advance_shipping_notice": "ALL",
  "transfer_in": "ALL"
}
[2026-01-21T12:09:44.254Z] [INFO] 📥 GET /api/putaway/tasks?status=Open
{
  "IP": "192.168.103.205",
  "UserAgent": "okhttp/4.12.0"
}
[2026-01-21T12:09:44.255Z] [INFO] [Putaway Tasks API] Request received:
{
  "status": "Open",
  "source_type": "NOT_PROVIDED",
  "advance_shipping_notice": "NOT_PROVIDED",
  "transfer_in": "NOT_PROVIDED"
}
[2026-01-21T12:09:44.256Z] [DEBUG] Requesting database connection from pool
[2026-01-21T12:09:44.257Z] [DEBUG] Database connection obtained from pool
[2026-01-21T12:09:44.258Z] [INFO] 📥 GET /api/putaway/tasks?status=Open
{
  "IP": "192.168.103.205",
  "UserAgent": "okhttp/4.12.0"
}
[2026-01-21T12:09:44.259Z] [INFO] [Putaway Tasks API] Request received:
{
  "status": "Open",
  "source_type": "NOT_PROVIDED",
  "advance_shipping_notice": "NOT_PROVIDED",
  "transfer_in": "NOT_PROVIDED"
}
[2026-01-21T12:09:44.260Z] [DEBUG] Requesting database connection from pool
[2026-01-21T12:09:44.260Z] [DEBUG] Database connection obtained from pool
[2026-01-21T12:09:44.261Z] [INFO] [Putaway Tasks API] Status filter applied:
[
  "Open"
]
[2026-01-21T12:09:44.262Z] [INFO] [Putaway Tasks API] Status filter applied:
[
  "Open"
]
[2026-01-21T12:09:44.264Z] [INFO] [Putaway Tasks API] Query executed:
{
  "whereClause": "WHERE pt.status IN (?)",
  "params": [
    "Open"
  ],
  "tasks_found": 0
}
[2026-01-21T12:09:44.265Z] [WARN] [Putaway Tasks API] No tasks found with filters:
{
  "status": "Open",
  "source_type": "ALL",
  "advance_shipping_notice": "ALL",
  "transfer_in": "ALL"
}
[2026-01-21T12:09:44.266Z] [INFO] [Putaway Tasks API] Query executed:
{
  "whereClause": "WHERE pt.status IN (?)",
  "params": [
    "Open"
  ],
  "tasks_found": 0
}
[2026-01-21T12:09:44.267Z] [WARN] [Putaway Tasks API] No tasks found with filters:
{
  "status": "Open",
  "source_type": "ALL",
  "advance_shipping_notice": "ALL",
  "transfer_in": "ALL"
}
[2026-01-21T12:09:49.891Z] [INFO] 📥 GET /api/putaway/tasks?asn_no=ASN-365425479&source_type=ASN&status=Draft%2CIn+Progress
{
  "IP": "192.168.103.205",
  "UserAgent": "okhttp/4.12.0"
}
[2026-01-21T12:09:49.892Z] [INFO] [Putaway Tasks API] Request received:
{
  "status": "Draft,In Progress",
  "source_type": "ASN",
  "advance_shipping_notice": "NOT_PROVIDED",
  "transfer_in": "NOT_PROVIDED"
}
[2026-01-21T12:09:49.893Z] [DEBUG] Requesting database connection from pool
[2026-01-21T12:09:49.894Z] [DEBUG] Database connection obtained from pool
[2026-01-21T12:09:49.895Z] [INFO] 📥 GET /api/putaway/tasks?asn_no=ASN-365425479&source_type=ASN&status=Draft%2CIn+Progress
{
  "IP": "192.168.103.205",
  "UserAgent": "okhttp/4.12.0"
}
[2026-01-21T12:09:49.896Z] [INFO] [Putaway Tasks API] Request received:
{
  "status": "Draft,In Progress",
  "source_type": "ASN",
  "advance_shipping_notice": "NOT_PROVIDED",
  "transfer_in": "NOT_PROVIDED"
}
[2026-01-21T12:09:49.896Z] [DEBUG] Requesting database connection from pool
[2026-01-21T12:09:49.897Z] [DEBUG] Database connection obtained from pool
[2026-01-21T12:09:49.899Z] [INFO] [Putaway Tasks API] Status filter applied:
[
  "Draft",
  "In Progress"
]
[2026-01-21T12:09:49.900Z] [INFO] [Putaway Tasks API] Status filter applied:
[
  "Draft",
  "In Progress"
]
[2026-01-21T12:09:49.901Z] [INFO] [Putaway Tasks API] Query executed:
{
  "whereClause": "WHERE pt.status IN (?,?) AND COALESCE(pt.source_type, \"ASN\") = ?",
  "params": [
    "Draft",
    "In Progress",
    "ASN"
  ],
  "tasks_found": 0
}
[2026-01-21T12:09:49.901Z] [WARN] [Putaway Tasks API] No tasks found with filters:
{
  "status": "Draft,In Progress",
  "source_type": "ASN",
  "advance_shipping_notice": "ALL",
  "transfer_in": "ALL"
}
[2026-01-21T12:09:49.903Z] [INFO] [Putaway Tasks API] Query executed:
{
  "whereClause": "WHERE pt.status IN (?,?) AND COALESCE(pt.source_type, \"ASN\") = ?",
  "params": [
    "Draft",
    "In Progress",
    "ASN"
  ],
  "tasks_found": 0
}
[2026-01-21T12:09:49.904Z] [WARN] [Putaway Tasks API] No tasks found with filters:
{
  "status": "Draft,In Progress",
  "source_type": "ASN",
  "advance_shipping_notice": "ALL",
  "transfer_in": "ALL"
}
[2026-01-21T12:09:50.115Z] [INFO] 📥 GET /api/putaway/tasks?source_type=TransferIn&status=Draft%2COpen%2CIn+Progress
{
  "IP": "192.168.103.205",
  "UserAgent": "okhttp/4.12.0"
}
[2026-01-21T12:09:50.117Z] [INFO] [Putaway Tasks API] Request received:
{
  "status": "Draft,Open,In Progress",
  "source_type": "TransferIn",
  "advance_shipping_notice": "NOT_PROVIDED",
  "transfer_in": "NOT_PROVIDED"
}
[2026-01-21T12:09:50.118Z] [DEBUG] Requesting database connection from pool
[2026-01-21T12:09:50.118Z] [DEBUG] Database connection obtained from pool
[2026-01-21T12:09:50.120Z] [INFO] 📥 GET /api/putaway/tasks?source_type=TransferIn&status=Draft%2COpen%2CIn+Progress
{
  "IP": "192.168.103.205",
  "UserAgent": "okhttp/4.12.0"
}
[2026-01-21T12:09:50.122Z] [INFO] [Putaway Tasks API] Request received:
{
  "status": "Draft,Open,In Progress",
  "source_type": "TransferIn",
  "advance_shipping_notice": "NOT_PROVIDED",
  "transfer_in": "NOT_PROVIDED"
}
[2026-01-21T12:09:50.122Z] [DEBUG] Requesting database connection from pool
[2026-01-21T12:09:50.123Z] [DEBUG] Database connection obtained from pool
[2026-01-21T12:09:50.124Z] [INFO] [Putaway Tasks API] Status filter applied:
[
  "Draft",
  "Open",
  "In Progress"
]
[2026-01-21T12:09:50.126Z] [INFO] [Putaway Tasks API] Status filter applied:
[
  "Draft",
  "Open",
  "In Progress"
]
[2026-01-21T12:09:50.128Z] [INFO] [Putaway Tasks API] Query executed:
{
  "whereClause": "WHERE pt.status IN (?,?,?) AND COALESCE(pt.source_type, \"ASN\") = ?",
  "params": [
    "Draft",
    "Open",
    "In Progress",
    "TransferIn"
  ],
  "tasks_found": 0
}
[2026-01-21T12:09:50.129Z] [WARN] [Putaway Tasks API] No tasks found with filters:
{
  "status": "Draft,Open,In Progress",
  "source_type": "TransferIn",
  "advance_shipping_notice": "ALL",
  "transfer_in": "ALL"
}
[2026-01-21T12:09:50.133Z] [INFO] [Putaway Tasks API] Query executed:
{
  "whereClause": "WHERE pt.status IN (?,?,?) AND COALESCE(pt.source_type, \"ASN\") = ?",
  "params": [
    "Draft",
    "Open",
    "In Progress",
    "TransferIn"
  ],
  "tasks_found": 0
}
[2026-01-21T12:09:50.140Z] [WARN] [Putaway Tasks API] No tasks found with filters:
{
  "status": "Draft,Open,In Progress",
  "source_type": "TransferIn",
  "advance_shipping_notice": "ALL",
  "transfer_in": "ALL"
}
[2026-01-21T12:09:50.298Z] [INFO] 📥 GET /api/putaway/tasks?status=Open
{
  "IP": "192.168.103.205",
  "UserAgent": "okhttp/4.12.0"
}
[2026-01-21T12:09:50.300Z] [INFO] [Putaway Tasks API] Request received:
{
  "status": "Open",
  "source_type": "NOT_PROVIDED",
  "advance_shipping_notice": "NOT_PROVIDED",
  "transfer_in": "NOT_PROVIDED"
}
[2026-01-21T12:09:50.301Z] [DEBUG] Requesting database connection from pool
[2026-01-21T12:09:50.302Z] [DEBUG] Database connection obtained from pool
[2026-01-21T12:09:50.303Z] [INFO] 📥 GET /api/putaway/tasks?status=Open
{
  "IP": "192.168.103.205",
  "UserAgent": "okhttp/4.12.0"
}
[2026-01-21T12:09:50.305Z] [INFO] [Putaway Tasks API] Request received:
{
  "status": "Open",
  "source_type": "NOT_PROVIDED",
  "advance_shipping_notice": "NOT_PROVIDED",
  "transfer_in": "NOT_PROVIDED"
}
[2026-01-21T12:09:50.306Z] [DEBUG] Requesting database connection from pool
[2026-01-21T12:09:50.307Z] [DEBUG] Database connection obtained from pool
[2026-01-21T12:09:50.309Z] [INFO] [Putaway Tasks API] Status filter applied:
[
  "Open"
]
[2026-01-21T12:09:50.311Z] [INFO] [Putaway Tasks API] Status filter applied:
[
  "Open"
]
[2026-01-21T12:09:50.314Z] [INFO] [Putaway Tasks API] Query executed:
{
  "whereClause": "WHERE pt.status IN (?)",
  "params": [
    "Open"
  ],
  "tasks_found": 0
}
[2026-01-21T12:09:50.314Z] [WARN] [Putaway Tasks API] No tasks found with filters:
{
  "status": "Open",
  "source_type": "ALL",
  "advance_shipping_notice": "ALL",
  "transfer_in": "ALL"
}
[2026-01-21T12:09:50.317Z] [INFO] [Putaway Tasks API] Query executed:
{
  "whereClause": "WHERE pt.status IN (?)",
  "params": [
    "Open"
  ],
  "tasks_found": 0
}
[2026-01-21T12:09:50.318Z] [WARN] [Putaway Tasks API] No tasks found with filters:
{
  "status": "Open",
  "source_type": "ALL",
  "advance_shipping_notice": "ALL",
  "transfer_in": "ALL"
}
[2026-01-21T12:09:51.471Z] [INFO] 📥 GET /api/putaway/tasks?asn_no=ASN-365425479&source_type=ASN&status=Draft%2CIn+Progress
{
  "IP": "192.168.103.205",
  "UserAgent": "okhttp/4.12.0"
}
[2026-01-21T12:09:51.472Z] [INFO] [Putaway Tasks API] Request received:
{
  "status": "Draft,In Progress",
  "source_type": "ASN",
  "advance_shipping_notice": "NOT_PROVIDED",
  "transfer_in": "NOT_PROVIDED"
}
[2026-01-21T12:09:51.473Z] [DEBUG] Requesting database connection from pool
[2026-01-21T12:09:51.473Z] [DEBUG] Database connection obtained from pool
[2026-01-21T12:09:51.475Z] [INFO] 📥 GET /api/putaway/tasks?asn_no=ASN-365425479&source_type=ASN&status=Draft%2CIn+Progress
{
  "IP": "192.168.103.205",
  "UserAgent": "okhttp/4.12.0"
}
[2026-01-21T12:09:51.476Z] [INFO] [Putaway Tasks API] Request received:
{
  "status": "Draft,In Progress",
  "source_type": "ASN",
  "advance_shipping_notice": "NOT_PROVIDED",
  "transfer_in": "NOT_PROVIDED"
}
[2026-01-21T12:09:51.477Z] [DEBUG] Requesting database connection from pool
[2026-01-21T12:09:51.477Z] [DEBUG] Database connection obtained from pool
[2026-01-21T12:09:51.478Z] [INFO] [Putaway Tasks API] Status filter applied:
[
  "Draft",
  "In Progress"
]
[2026-01-21T12:09:51.480Z] [INFO] [Putaway Tasks API] Status filter applied:
[
  "Draft",
  "In Progress"
]
[2026-01-21T12:09:51.481Z] [INFO] [Putaway Tasks API] Query executed:
{
  "whereClause": "WHERE pt.status IN (?,?) AND COALESCE(pt.source_type, \"ASN\") = ?",
  "params": [
    "Draft",
    "In Progress",
    "ASN"
  ],
  "tasks_found": 0
}
[2026-01-21T12:09:51.481Z] [WARN] [Putaway Tasks API] No tasks found with filters:
{
  "status": "Draft,In Progress",
  "source_type": "ASN",
  "advance_shipping_notice": "ALL",
  "transfer_in": "ALL"
}
[2026-01-21T12:09:51.483Z] [INFO] [Putaway Tasks API] Query executed:
{
  "whereClause": "WHERE pt.status IN (?,?) AND COALESCE(pt.source_type, \"ASN\") = ?",
  "params": [
    "Draft",
    "In Progress",
    "ASN"
  ],
  "tasks_found": 0
}
[2026-01-21T12:09:51.483Z] [WARN] [Putaway Tasks API] No tasks found with filters:
{
  "status": "Draft,In Progress",
  "source_type": "ASN",
  "advance_shipping_notice": "ALL",
  "transfer_in": "ALL"
}
[2026-01-21T12:09:51.696Z] [INFO] 📥 GET /api/putaway/tasks?source_type=TransferIn&status=Draft%2COpen%2CIn+Progress
{
  "IP": "192.168.103.205",
  "UserAgent": "okhttp/4.12.0"
}
[2026-01-21T12:09:51.697Z] [INFO] [Putaway Tasks API] Request received:
{
  "status": "Draft,Open,In Progress",
  "source_type": "TransferIn",
  "advance_shipping_notice": "NOT_PROVIDED",
  "transfer_in": "NOT_PROVIDED"
}
[2026-01-21T12:09:51.697Z] [DEBUG] Requesting database connection from pool
[2026-01-21T12:09:51.698Z] [DEBUG] Database connection obtained from pool
[2026-01-21T12:09:51.699Z] [INFO] 📥 GET /api/putaway/tasks?source_type=TransferIn&status=Draft%2COpen%2CIn+Progress
{
  "IP": "192.168.103.205",
  "UserAgent": "okhttp/4.12.0"
}
[2026-01-21T12:09:51.700Z] [INFO] [Putaway Tasks API] Request received:
{
  "status": "Draft,Open,In Progress",
  "source_type": "TransferIn",
  "advance_shipping_notice": "NOT_PROVIDED",
  "transfer_in": "NOT_PROVIDED"
}
[2026-01-21T12:09:51.701Z] [DEBUG] Requesting database connection from pool
[2026-01-21T12:09:51.701Z] [DEBUG] Database connection obtained from pool
[2026-01-21T12:09:51.703Z] [INFO] [Putaway Tasks API] Status filter applied:
[
  "Draft",
  "Open",
  "In Progress"
]
[2026-01-21T12:09:51.703Z] [INFO] [Putaway Tasks API] Status filter applied:
[
  "Draft",
  "Open",
  "In Progress"
]
[2026-01-21T12:09:51.705Z] [INFO] [Putaway Tasks API] Query executed:
{
  "whereClause": "WHERE pt.status IN (?,?,?) AND COALESCE(pt.source_type, \"ASN\") = ?",
  "params": [
    "Draft",
    "Open",
    "In Progress",
    "TransferIn"
  ],
  "tasks_found": 0
}
[2026-01-21T12:09:51.705Z] [WARN] [Putaway Tasks API] No tasks found with filters:
{
  "status": "Draft,Open,In Progress",
  "source_type": "TransferIn",
  "advance_shipping_notice": "ALL",
  "transfer_in": "ALL"
}
[2026-01-21T12:09:51.706Z] [INFO] [Putaway Tasks API] Query executed:
{
  "whereClause": "WHERE pt.status IN (?,?,?) AND COALESCE(pt.source_type, \"ASN\") = ?",
  "params": [
    "Draft",
    "Open",
    "In Progress",
    "TransferIn"
  ],
  "tasks_found": 0
}
[2026-01-21T12:09:51.707Z] [WARN] [Putaway Tasks API] No tasks found with filters:
{
  "status": "Draft,Open,In Progress",
  "source_type": "TransferIn",
  "advance_shipping_notice": "ALL",
  "transfer_in": "ALL"
}
[2026-01-21T12:09:51.858Z] [INFO] 📥 GET /api/putaway/tasks?status=Open
{
  "IP": "192.168.103.205",
  "UserAgent": "okhttp/4.12.0"
}
[2026-01-21T12:09:51.859Z] [INFO] [Putaway Tasks API] Request received:
{
  "status": "Open",
  "source_type": "NOT_PROVIDED",
  "advance_shipping_notice": "NOT_PROVIDED",
  "transfer_in": "NOT_PROVIDED"
}
[2026-01-21T12:09:51.860Z] [DEBUG] Requesting database connection from pool
[2026-01-21T12:09:51.860Z] [DEBUG] Database connection obtained from pool
[2026-01-21T12:09:51.862Z] [INFO] 📥 GET /api/putaway/tasks?status=Open
{
  "IP": "192.168.103.205",
  "UserAgent": "okhttp/4.12.0"
}
[2026-01-21T12:09:51.864Z] [INFO] [Putaway Tasks API] Request received:
{
  "status": "Open",
  "source_type": "NOT_PROVIDED",
  "advance_shipping_notice": "NOT_PROVIDED",
  "transfer_in": "NOT_PROVIDED"
}
[2026-01-21T12:09:51.864Z] [DEBUG] Requesting database connection from pool
[2026-01-21T12:09:51.865Z] [DEBUG] Database connection obtained from pool
[2026-01-21T12:09:51.866Z] [INFO] [Putaway Tasks API] Status filter applied:
[
  "Open"
]
[2026-01-21T12:09:51.867Z] [INFO] [Putaway Tasks API] Status filter applied:
[
  "Open"
]
[2026-01-21T12:09:51.869Z] [INFO] [Putaway Tasks API] Query executed:
{
  "whereClause": "WHERE pt.status IN (?)",
  "params": [
    "Open"
  ],
  "tasks_found": 0
}
[2026-01-21T12:09:51.870Z] [WARN] [Putaway Tasks API] No tasks found with filters:
{
  "status": "Open",
  "source_type": "ALL",
  "advance_shipping_notice": "ALL",
  "transfer_in": "ALL"
}
[2026-01-21T12:09:51.872Z] [INFO] [Putaway Tasks API] Query executed:
{
  "whereClause": "WHERE pt.status IN (?)",
  "params": [
    "Open"
  ],
  "tasks_found": 0
}
[2026-01-21T12:09:51.873Z] [WARN] [Putaway Tasks API] No tasks found with filters:
{
  "status": "Open",
  "source_type": "ALL",
  "advance_shipping_notice": "ALL",
  "transfer_in": "ALL"
}
[2026-01-21T12:10:01.038Z] [INFO] 📥 GET /api/putaway/tasks?asn_no=ASN-365425479&source_type=ASN&status=Draft%2CIn+Progress
{
  "IP": "192.168.103.205",
  "UserAgent": "okhttp/4.12.0"
}
[2026-01-21T12:10:01.040Z] [INFO] [Putaway Tasks API] Request received:
{
  "status": "Draft,In Progress",
  "source_type": "ASN",
  "advance_shipping_notice": "NOT_PROVIDED",
  "transfer_in": "NOT_PROVIDED"
}
[2026-01-21T12:10:01.041Z] [DEBUG] Requesting database connection from pool
[2026-01-21T12:10:01.043Z] [DEBUG] Database connection obtained from pool
[2026-01-21T12:10:01.045Z] [INFO] 📥 GET /api/putaway/tasks?asn_no=ASN-365425479&source_type=ASN&status=Draft%2CIn+Progress
{
  "IP": "192.168.103.205",
  "UserAgent": "okhttp/4.12.0"
}
[2026-01-21T12:10:01.047Z] [INFO] [Putaway Tasks API] Request received:
{
  "status": "Draft,In Progress",
  "source_type": "ASN",
  "advance_shipping_notice": "NOT_PROVIDED",
  "transfer_in": "NOT_PROVIDED"
}
[2026-01-21T12:10:01.047Z] [DEBUG] Requesting database connection from pool
[2026-01-21T12:10:01.048Z] [DEBUG] Database connection obtained from pool
[2026-01-21T12:10:01.049Z] [INFO] [Putaway Tasks API] Status filter applied:
[
  "Draft",
  "In Progress"
]
[2026-01-21T12:10:01.050Z] [INFO] [Putaway Tasks API] Status filter applied:
[
  "Draft",
  "In Progress"
]
[2026-01-21T12:10:01.051Z] [INFO] [Putaway Tasks API] Query executed:
{
  "whereClause": "WHERE pt.status IN (?,?) AND COALESCE(pt.source_type, \"ASN\") = ?",
  "params": [
    "Draft",
    "In Progress",
    "ASN"
  ],
  "tasks_found": 0
}
[2026-01-21T12:10:01.052Z] [WARN] [Putaway Tasks API] No tasks found with filters:
{
  "status": "Draft,In Progress",
  "source_type": "ASN",
  "advance_shipping_notice": "ALL",
  "transfer_in": "ALL"
}
[2026-01-21T12:10:01.056Z] [INFO] [Putaway Tasks API] Query executed:
{
  "whereClause": "WHERE pt.status IN (?,?) AND COALESCE(pt.source_type, \"ASN\") = ?",
  "params": [
    "Draft",
    "In Progress",
    "ASN"
  ],
  "tasks_found": 0
}
[2026-01-21T12:10:01.058Z] [WARN] [Putaway Tasks API] No tasks found with filters:
{
  "status": "Draft,In Progress",
  "source_type": "ASN",
  "advance_shipping_notice": "ALL",
  "transfer_in": "ALL"
}
[2026-01-21T12:10:01.287Z] [INFO] 📥 GET /api/putaway/tasks?source_type=TransferIn&status=Draft%2COpen%2CIn+Progress
{
  "IP": "192.168.103.205",
  "UserAgent": "okhttp/4.12.0"
}
[2026-01-21T12:10:01.289Z] [INFO] [Putaway Tasks API] Request received:
{
  "status": "Draft,Open,In Progress",
  "source_type": "TransferIn",
  "advance_shipping_notice": "NOT_PROVIDED",
  "transfer_in": "NOT_PROVIDED"
}
[2026-01-21T12:10:01.290Z] [DEBUG] Requesting database connection from pool
[2026-01-21T12:10:01.291Z] [DEBUG] Database connection obtained from pool
[2026-01-21T12:10:01.293Z] [INFO] 📥 GET /api/putaway/tasks?source_type=TransferIn&status=Draft%2COpen%2CIn+Progress
{
  "IP": "192.168.103.205",
  "UserAgent": "okhttp/4.12.0"
}
[2026-01-21T12:10:01.294Z] [INFO] [Putaway Tasks API] Request received:
{
  "status": "Draft,Open,In Progress",
  "source_type": "TransferIn",
  "advance_shipping_notice": "NOT_PROVIDED",
  "transfer_in": "NOT_PROVIDED"
}
[2026-01-21T12:10:01.295Z] [DEBUG] Requesting database connection from pool
[2026-01-21T12:10:01.296Z] [DEBUG] Database connection obtained from pool
[2026-01-21T12:10:01.299Z] [INFO] [Putaway Tasks API] Status filter applied:
[
  "Draft",
  "Open",
  "In Progress"
]
[2026-01-21T12:10:01.302Z] [INFO] [Putaway Tasks API] Status filter applied:
[
  "Draft",
  "Open",
  "In Progress"
]
[2026-01-21T12:10:01.306Z] [INFO] [Putaway Tasks API] Query executed:
{
  "whereClause": "WHERE pt.status IN (?,?,?) AND COALESCE(pt.source_type, \"ASN\") = ?",
  "params": [
    "Draft",
    "Open",
    "In Progress",
    "TransferIn"
  ],
  "tasks_found": 0
}
[2026-01-21T12:10:01.308Z] [WARN] [Putaway Tasks API] No tasks found with filters:
{
  "status": "Draft,Open,In Progress",
  "source_type": "TransferIn",
  "advance_shipping_notice": "ALL",
  "transfer_in": "ALL"
}
[2026-01-21T12:10:01.312Z] [INFO] [Putaway Tasks API] Query executed:
{
  "whereClause": "WHERE pt.status IN (?,?,?) AND COALESCE(pt.source_type, \"ASN\") = ?",
  "params": [
    "Draft",
    "Open",
    "In Progress",
    "TransferIn"
  ],
  "tasks_found": 0
}
[2026-01-21T12:10:01.314Z] [WARN] [Putaway Tasks API] No tasks found with filters:
{
  "status": "Draft,Open,In Progress",
  "source_type": "TransferIn",
  "advance_shipping_notice": "ALL",
  "transfer_in": "ALL"
}
[2026-01-21T12:10:01.482Z] [INFO] 📥 GET /api/putaway/tasks?status=Open
{
  "IP": "192.168.103.205",
  "UserAgent": "okhttp/4.12.0"
}
[2026-01-21T12:10:01.484Z] [INFO] [Putaway Tasks API] Request received:
{
  "status": "Open",
  "source_type": "NOT_PROVIDED",
  "advance_shipping_notice": "NOT_PROVIDED",
  "transfer_in": "NOT_PROVIDED"
}
[2026-01-21T12:10:01.485Z] [DEBUG] Requesting database connection from pool
[2026-01-21T12:10:01.486Z] [DEBUG] Database connection obtained from pool
[2026-01-21T12:10:01.488Z] [INFO] 📥 GET /api/putaway/tasks?status=Open
{
  "IP": "192.168.103.205",
  "UserAgent": "okhttp/4.12.0"
}
[2026-01-21T12:10:01.491Z] [INFO] [Putaway Tasks API] Request received:
{
  "status": "Open",
  "source_type": "NOT_PROVIDED",
  "advance_shipping_notice": "NOT_PROVIDED",
  "transfer_in": "NOT_PROVIDED"
}
[2026-01-21T12:10:01.492Z] [DEBUG] Requesting database connection from pool
[2026-01-21T12:10:01.493Z] [DEBUG] Database connection obtained from pool
[2026-01-21T12:10:01.495Z] [INFO] [Putaway Tasks API] Status filter applied:
[
  "Open"
]
[2026-01-21T12:10:01.496Z] [INFO] [Putaway Tasks API] Status filter applied:
[
  "Open"
]
[2026-01-21T12:10:01.499Z] [INFO] [Putaway Tasks API] Query executed:
{
  "whereClause": "WHERE pt.status IN (?)",
  "params": [
    "Open"
  ],
  "tasks_found": 0
}
[2026-01-21T12:10:01.500Z] [WARN] [Putaway Tasks API] No tasks found with filters:
{
  "status": "Open",
  "source_type": "ALL",
  "advance_shipping_notice": "ALL",
  "transfer_in": "ALL"
}
[2026-01-21T12:10:01.502Z] [INFO] [Putaway Tasks API] Query executed:
{
  "whereClause": "WHERE pt.status IN (?)",
  "params": [
    "Open"
  ],
  "tasks_found": 0
}
[2026-01-21T12:10:01.502Z] [WARN] [Putaway Tasks API] No tasks found with filters:
{
  "status": "Open",
  "source_type": "ALL",
  "advance_shipping_notice": "ALL",
  "transfer_in": "ALL"
}
[2026-01-21T12:10:08.384Z] [INFO] 📥 GET /api/health
{
  "IP": "192.168.103.205",
  "UserAgent": "okhttp/4.12.0"
}
[2026-01-21T12:10:08.385Z] [INFO] 📥 GET /api/health
{
  "IP": "192.168.103.205",
  "UserAgent": "okhttp/4.12.0"
}
[2026-01-21T12:10:30.695Z] [INFO] 📥 POST /api/auth/login
{
  "IP": "192.168.103.205",
  "UserAgent": "okhttp/4.12.0"
}
[2026-01-21T12:10:30.699Z] [DEBUG] Requesting database connection from pool
[2026-01-21T12:10:30.700Z] [DEBUG] Database connection obtained from pool
[2026-01-21T12:10:31.551Z] [INFO] 📥 GET /api/health
{
  "IP": "192.168.103.205",
  "UserAgent": "okhttp/4.12.0"
}
[2026-01-21T12:10:32.757Z] [INFO] 📥 GET /api/health
{
  "IP": "192.168.103.205",
  "UserAgent": "okhttp/4.12.0"
}
[2026-01-21T12:10:32.922Z] [INFO] 📥 GET /api/putaway/tasks?asn_no=ASN-365425479&source_type=ASN&status=Draft%2CIn+Progress
{
  "IP": "192.168.103.205",
  "UserAgent": "okhttp/4.12.0"
}
[2026-01-21T12:10:32.923Z] [INFO] [Putaway Tasks API] Request received:
{
  "status": "Draft,In Progress",
  "source_type": "ASN",
  "advance_shipping_notice": "NOT_PROVIDED",
  "transfer_in": "NOT_PROVIDED"
}
[2026-01-21T12:10:32.924Z] [DEBUG] Requesting database connection from pool
[2026-01-21T12:10:32.924Z] [DEBUG] Database connection obtained from pool
[2026-01-21T12:10:32.925Z] [INFO] 📥 GET /api/putaway/tasks?asn_no=ASN-365425479&source_type=ASN&status=Draft%2CIn+Progress
{
  "IP": "192.168.103.205",
  "UserAgent": "okhttp/4.12.0"
}
[2026-01-21T12:10:32.925Z] [INFO] [Putaway Tasks API] Request received:
{
  "status": "Draft,In Progress",
  "source_type": "ASN",
  "advance_shipping_notice": "NOT_PROVIDED",
  "transfer_in": "NOT_PROVIDED"
}
[2026-01-21T12:10:32.925Z] [DEBUG] Requesting database connection from pool
[2026-01-21T12:10:32.926Z] [DEBUG] Database connection obtained from pool
[2026-01-21T12:10:32.926Z] [INFO] [Putaway Tasks API] Status filter applied:
[
  "Draft",
  "In Progress"
]
[2026-01-21T12:10:32.927Z] [INFO] [Putaway Tasks API] Status filter applied:
[
  "Draft",
  "In Progress"
]
[2026-01-21T12:10:32.928Z] [INFO] [Putaway Tasks API] Query executed:
{
  "whereClause": "WHERE pt.status IN (?,?) AND COALESCE(pt.source_type, \"ASN\") = ?",
  "params": [
    "Draft",
    "In Progress",
    "ASN"
  ],
  "tasks_found": 0
}
[2026-01-21T12:10:32.928Z] [WARN] [Putaway Tasks API] No tasks found with filters:
{
  "status": "Draft,In Progress",
  "source_type": "ASN",
  "advance_shipping_notice": "ALL",
  "transfer_in": "ALL"
}
[2026-01-21T12:10:32.929Z] [INFO] [Putaway Tasks API] Query executed:
{
  "whereClause": "WHERE pt.status IN (?,?) AND COALESCE(pt.source_type, \"ASN\") = ?",
  "params": [
    "Draft",
    "In Progress",
    "ASN"
  ],
  "tasks_found": 0
}
[2026-01-21T12:10:32.929Z] [WARN] [Putaway Tasks API] No tasks found with filters:
{
  "status": "Draft,In Progress",
  "source_type": "ASN",
  "advance_shipping_notice": "ALL",
  "transfer_in": "ALL"
}
[2026-01-21T12:10:33.138Z] [INFO] 📥 GET /api/putaway/tasks?source_type=TransferIn&status=Draft%2COpen%2CIn+Progress
{
  "IP": "192.168.103.205",
  "UserAgent": "okhttp/4.12.0"
}
[2026-01-21T12:10:33.139Z] [INFO] [Putaway Tasks API] Request received:
{
  "status": "Draft,Open,In Progress",
  "source_type": "TransferIn",
  "advance_shipping_notice": "NOT_PROVIDED",
  "transfer_in": "NOT_PROVIDED"
}
[2026-01-21T12:10:33.140Z] [DEBUG] Requesting database connection from pool
[2026-01-21T12:10:33.140Z] [DEBUG] Database connection obtained from pool
[2026-01-21T12:10:33.140Z] [INFO] 📥 GET /api/putaway/tasks?source_type=TransferIn&status=Draft%2COpen%2CIn+Progress
{
  "IP": "192.168.103.205",
  "UserAgent": "okhttp/4.12.0"
}
[2026-01-21T12:10:33.141Z] [INFO] [Putaway Tasks API] Request received:
{
  "status": "Draft,Open,In Progress",
  "source_type": "TransferIn",
  "advance_shipping_notice": "NOT_PROVIDED",
  "transfer_in": "NOT_PROVIDED"
}
[2026-01-21T12:10:33.141Z] [DEBUG] Requesting database connection from pool
[2026-01-21T12:10:33.141Z] [DEBUG] Database connection obtained from pool
[2026-01-21T12:10:33.142Z] [INFO] [Putaway Tasks API] Status filter applied:
[
  "Draft",
  "Open",
  "In Progress"
]
[2026-01-21T12:10:33.143Z] [INFO] [Putaway Tasks API] Status filter applied:
[
  "Draft",
  "Open",
  "In Progress"
]
[2026-01-21T12:10:33.144Z] [INFO] [Putaway Tasks API] Query executed:
{
  "whereClause": "WHERE pt.status IN (?,?,?) AND COALESCE(pt.source_type, \"ASN\") = ?",
  "params": [
    "Draft",
    "Open",
    "In Progress",
    "TransferIn"
  ],
  "tasks_found": 0
}
[2026-01-21T12:10:33.144Z] [WARN] [Putaway Tasks API] No tasks found with filters:
{
  "status": "Draft,Open,In Progress",
  "source_type": "TransferIn",
  "advance_shipping_notice": "ALL",
  "transfer_in": "ALL"
}
[2026-01-21T12:10:33.145Z] [INFO] [Putaway Tasks API] Query executed:
{
  "whereClause": "WHERE pt.status IN (?,?,?) AND COALESCE(pt.source_type, \"ASN\") = ?",
  "params": [
    "Draft",
    "Open",
    "In Progress",
    "TransferIn"
  ],
  "tasks_found": 0
}
[2026-01-21T12:10:33.145Z] [WARN] [Putaway Tasks API] No tasks found with filters:
{
  "status": "Draft,Open,In Progress",
  "source_type": "TransferIn",
  "advance_shipping_notice": "ALL",
  "transfer_in": "ALL"
}
[2026-01-21T12:10:33.292Z] [INFO] 📥 GET /api/putaway/tasks?status=Open
{
  "IP": "192.168.103.205",
  "UserAgent": "okhttp/4.12.0"
}
[2026-01-21T12:10:33.293Z] [INFO] [Putaway Tasks API] Request received:
{
  "status": "Open",
  "source_type": "NOT_PROVIDED",
  "advance_shipping_notice": "NOT_PROVIDED",
  "transfer_in": "NOT_PROVIDED"
}
[2026-01-21T12:10:33.293Z] [DEBUG] Requesting database connection from pool
[2026-01-21T12:10:33.293Z] [DEBUG] Database connection obtained from pool
[2026-01-21T12:10:33.294Z] [INFO] 📥 GET /api/putaway/tasks?status=Open
{
  "IP": "192.168.103.205",
  "UserAgent": "okhttp/4.12.0"
}
[2026-01-21T12:10:33.294Z] [INFO] [Putaway Tasks API] Request received:
{
  "status": "Open",
  "source_type": "NOT_PROVIDED",
  "advance_shipping_notice": "NOT_PROVIDED",
  "transfer_in": "NOT_PROVIDED"
}
[2026-01-21T12:10:33.295Z] [DEBUG] Requesting database connection from pool
[2026-01-21T12:10:33.295Z] [DEBUG] Database connection obtained from pool
[2026-01-21T12:10:33.296Z] [INFO] [Putaway Tasks API] Status filter applied:
[
  "Open"
]
[2026-01-21T12:10:33.296Z] [INFO] [Putaway Tasks API] Status filter applied:
[
  "Open"
]
[2026-01-21T12:10:33.297Z] [INFO] [Putaway Tasks API] Query executed:
{
  "whereClause": "WHERE pt.status IN (?)",
  "params": [
    "Open"
  ],
  "tasks_found": 0
}
[2026-01-21T12:10:33.297Z] [WARN] [Putaway Tasks API] No tasks found with filters:
{
  "status": "Open",
  "source_type": "ALL",
  "advance_shipping_notice": "ALL",
  "transfer_in": "ALL"
}
[2026-01-21T12:10:33.298Z] [INFO] [Putaway Tasks API] Query executed:
{
  "whereClause": "WHERE pt.status IN (?)",
  "params": [
    "Open"
  ],
  "tasks_found": 0
}
[2026-01-21T12:10:33.299Z] [WARN] [Putaway Tasks API] No tasks found with filters:
{
  "status": "Open",
  "source_type": "ALL",
  "advance_shipping_notice": "ALL",
  "transfer_in": "ALL"
}
[2026-01-21T12:10:36.983Z] [INFO] 📥 GET /api/putaway/tasks?asn_no=ASN-365425479&source_type=ASN&status=Draft%2CIn+Progress
{
  "IP": "192.168.103.205",
  "UserAgent": "okhttp/4.12.0"
}
[2026-01-21T12:10:36.983Z] [INFO] [Putaway Tasks API] Request received:
{
  "status": "Draft,In Progress",
  "source_type": "ASN",
  "advance_shipping_notice": "NOT_PROVIDED",
  "transfer_in": "NOT_PROVIDED"
}
[2026-01-21T12:10:36.984Z] [DEBUG] Requesting database connection from pool
[2026-01-21T12:10:36.984Z] [DEBUG] Database connection obtained from pool
[2026-01-21T12:10:36.985Z] [INFO] [Putaway Tasks API] Status filter applied:
[
  "Draft",
  "In Progress"
]
[2026-01-21T12:10:36.987Z] [INFO] [Putaway Tasks API] Query executed:
{
  "whereClause": "WHERE pt.status IN (?,?) AND COALESCE(pt.source_type, \"ASN\") = ?",
  "params": [
    "Draft",
    "In Progress",
    "ASN"
  ],
  "tasks_found": 0
}
[2026-01-21T12:10:36.987Z] [WARN] [Putaway Tasks API] No tasks found with filters:
{
  "status": "Draft,In Progress",
  "source_type": "ASN",
  "advance_shipping_notice": "ALL",
  "transfer_in": "ALL"
}
[2026-01-21T12:10:37.040Z] [INFO] 📥 GET /api/putaway/tasks?source_type=TransferIn&status=Draft%2COpen%2CIn+Progress
{
  "IP": "192.168.103.205",
  "UserAgent": "okhttp/4.12.0"
}
[2026-01-21T12:10:37.041Z] [INFO] [Putaway Tasks API] Request received:
{
  "status": "Draft,Open,In Progress",
  "source_type": "TransferIn",
  "advance_shipping_notice": "NOT_PROVIDED",
  "transfer_in": "NOT_PROVIDED"
}
[2026-01-21T12:10:37.041Z] [DEBUG] Requesting database connection from pool
[2026-01-21T12:10:37.041Z] [DEBUG] Database connection obtained from pool
[2026-01-21T12:10:37.042Z] [INFO] 📥 GET /api/putaway/tasks?source_type=TransferIn&status=Draft%2COpen%2CIn+Progress
{
  "IP": "192.168.103.205",
  "UserAgent": "okhttp/4.12.0"
}
[2026-01-21T12:10:37.043Z] [INFO] [Putaway Tasks API] Request received:
{
  "status": "Draft,Open,In Progress",
  "source_type": "TransferIn",
  "advance_shipping_notice": "NOT_PROVIDED",
  "transfer_in": "NOT_PROVIDED"
}
[2026-01-21T12:10:37.043Z] [DEBUG] Requesting database connection from pool
[2026-01-21T12:10:37.044Z] [DEBUG] Database connection obtained from pool
[2026-01-21T12:10:37.045Z] [INFO] [Putaway Tasks API] Status filter applied:
[
  "Draft",
  "Open",
  "In Progress"
]
[2026-01-21T12:10:37.045Z] [INFO] [Putaway Tasks API] Status filter applied:
[
  "Draft",
  "Open",
  "In Progress"
]
[2026-01-21T12:10:37.047Z] [INFO] [Putaway Tasks API] Query executed:
{
  "whereClause": "WHERE pt.status IN (?,?,?) AND COALESCE(pt.source_type, \"ASN\") = ?",
  "params": [
    "Draft",
    "Open",
    "In Progress",
    "TransferIn"
  ],
  "tasks_found": 0
}
[2026-01-21T12:10:37.047Z] [WARN] [Putaway Tasks API] No tasks found with filters:
{
  "status": "Draft,Open,In Progress",
  "source_type": "TransferIn",
  "advance_shipping_notice": "ALL",
  "transfer_in": "ALL"
}
[2026-01-21T12:10:37.048Z] [INFO] [Putaway Tasks API] Query executed:
{
  "whereClause": "WHERE pt.status IN (?,?,?) AND COALESCE(pt.source_type, \"ASN\") = ?",
  "params": [
    "Draft",
    "Open",
    "In Progress",
    "TransferIn"
  ],
  "tasks_found": 0
}
[2026-01-21T12:10:37.049Z] [WARN] [Putaway Tasks API] No tasks found with filters:
{
  "status": "Draft,Open,In Progress",
  "source_type": "TransferIn",
  "advance_shipping_notice": "ALL",
  "transfer_in": "ALL"
}
[2026-01-21T12:10:37.196Z] [INFO] 📥 GET /api/putaway/tasks?status=Open
{
  "IP": "192.168.103.205",
  "UserAgent": "okhttp/4.12.0"
}
[2026-01-21T12:10:37.197Z] [INFO] [Putaway Tasks API] Request received:
{
  "status": "Open",
  "source_type": "NOT_PROVIDED",
  "advance_shipping_notice": "NOT_PROVIDED",
  "transfer_in": "NOT_PROVIDED"
}
[2026-01-21T12:10:37.197Z] [DEBUG] Requesting database connection from pool
[2026-01-21T12:10:37.198Z] [DEBUG] Database connection obtained from pool
[2026-01-21T12:10:37.198Z] [INFO] 📥 GET /api/putaway/tasks?source_type=TransferIn&status=Draft%2COpen%2CIn+Progress
{
  "IP": "192.168.103.205",
  "UserAgent": "okhttp/4.12.0"
}
[2026-01-21T12:10:37.199Z] [INFO] [Putaway Tasks API] Request received:
{
  "status": "Draft,Open,In Progress",
  "source_type": "TransferIn",
  "advance_shipping_notice": "NOT_PROVIDED",
  "transfer_in": "NOT_PROVIDED"
}
[2026-01-21T12:10:37.199Z] [DEBUG] Requesting database connection from pool
[2026-01-21T12:10:37.200Z] [DEBUG] Database connection obtained from pool
[2026-01-21T12:10:37.201Z] [INFO] [Putaway Tasks API] Status filter applied:
[
  "Open"
]
[2026-01-21T12:10:37.202Z] [INFO] 📥 GET /api/putaway/tasks?status=Open
{
  "IP": "192.168.103.205",
  "UserAgent": "okhttp/4.12.0"
}
[2026-01-21T12:10:37.202Z] [INFO] [Putaway Tasks API] Request received:
{
  "status": "Open",
  "source_type": "NOT_PROVIDED",
  "advance_shipping_notice": "NOT_PROVIDED",
  "transfer_in": "NOT_PROVIDED"
}
[2026-01-21T12:10:37.203Z] [DEBUG] Requesting database connection from pool
[2026-01-21T12:10:37.204Z] [INFO] [Putaway Tasks API] Status filter applied:
[
  "Draft",
  "Open",
  "In Progress"
]
[2026-01-21T12:10:37.205Z] [INFO] [Putaway Tasks API] Query executed:
{
  "whereClause": "WHERE pt.status IN (?)",
  "params": [
    "Open"
  ],
  "tasks_found": 0
}
[2026-01-21T12:10:37.205Z] [WARN] [Putaway Tasks API] No tasks found with filters:
{
  "status": "Open",
  "source_type": "ALL",
  "advance_shipping_notice": "ALL",
  "transfer_in": "ALL"
}
[2026-01-21T12:10:37.206Z] [INFO] [Putaway Tasks API] Query executed:
{
  "whereClause": "WHERE pt.status IN (?,?,?) AND COALESCE(pt.source_type, \"ASN\") = ?",
  "params": [
    "Draft",
    "Open",
    "In Progress",
    "TransferIn"
  ],
  "tasks_found": 0
}
[2026-01-21T12:10:37.207Z] [WARN] [Putaway Tasks API] No tasks found with filters:
{
  "status": "Draft,Open,In Progress",
  "source_type": "TransferIn",
  "advance_shipping_notice": "ALL",
  "transfer_in": "ALL"
}
[2026-01-21T12:10:37.211Z] [SUCCESS] New database connection established
[2026-01-21T12:10:37.211Z] [DEBUG] Database connection obtained from pool
[2026-01-21T12:10:37.216Z] [INFO] [Putaway Tasks API] Status filter applied:
[
  "Open"
]
[2026-01-21T12:10:37.226Z] [INFO] [Putaway Tasks API] Query executed:
{
  "whereClause": "WHERE pt.status IN (?)",
  "params": [
    "Open"
  ],
  "tasks_found": 0
}
[2026-01-21T12:10:37.227Z] [WARN] [Putaway Tasks API] No tasks found with filters:
{
  "status": "Open",
  "source_type": "ALL",
  "advance_shipping_notice": "ALL",
  "transfer_in": "ALL"
}
[2026-01-21T12:10:37.349Z] [INFO] 📥 GET /api/putaway/tasks?status=Open
{
  "IP": "192.168.103.205",
  "UserAgent": "okhttp/4.12.0"
}
[2026-01-21T12:10:37.352Z] [INFO] [Putaway Tasks API] Request received:
{
  "status": "Open",
  "source_type": "NOT_PROVIDED",
  "advance_shipping_notice": "NOT_PROVIDED",
  "transfer_in": "NOT_PROVIDED"
}
[2026-01-21T12:10:37.353Z] [DEBUG] Requesting database connection from pool
[2026-01-21T12:10:37.354Z] [DEBUG] Database connection obtained from pool
[2026-01-21T12:10:37.356Z] [INFO] [Putaway Tasks API] Status filter applied:
[
  "Open"
]
[2026-01-21T12:10:37.359Z] [INFO] [Putaway Tasks API] Query executed:
{
  "whereClause": "WHERE pt.status IN (?)",
  "params": [
    "Open"
  ],
  "tasks_found": 0
}
[2026-01-21T12:10:37.360Z] [WARN] [Putaway Tasks API] No tasks found with filters:
{
  "status": "Open",
  "source_type": "ALL",
  "advance_shipping_notice": "ALL",
  "transfer_in": "ALL"
}
[2026-01-21T12:10:38.305Z] [INFO] 📥 GET /api/putaway/tasks?asn_no=ASN-365425479&source_type=ASN&status=Draft%2CIn+Progress
{
  "IP": "192.168.103.205",
  "UserAgent": "okhttp/4.12.0"
}
[2026-01-21T12:10:38.306Z] [INFO] [Putaway Tasks API] Request received:
{
  "status": "Draft,In Progress",
  "source_type": "ASN",
  "advance_shipping_notice": "NOT_PROVIDED",
  "transfer_in": "NOT_PROVIDED"
}
[2026-01-21T12:10:38.306Z] [DEBUG] Requesting database connection from pool
[2026-01-21T12:10:38.306Z] [DEBUG] Database connection obtained from pool
[2026-01-21T12:10:38.308Z] [INFO] 📥 GET /api/putaway/tasks?asn_no=ASN-365425479&source_type=ASN&status=Draft%2CIn+Progress
{
  "IP": "192.168.103.205",
  "UserAgent": "okhttp/4.12.0"
}
[2026-01-21T12:10:38.309Z] [INFO] [Putaway Tasks API] Request received:
{
  "status": "Draft,In Progress",
  "source_type": "ASN",
  "advance_shipping_notice": "NOT_PROVIDED",
  "transfer_in": "NOT_PROVIDED"
}
[2026-01-21T12:10:38.309Z] [DEBUG] Requesting database connection from pool
[2026-01-21T12:10:38.309Z] [DEBUG] Database connection obtained from pool
[2026-01-21T12:10:38.311Z] [INFO] [Putaway Tasks API] Status filter applied:
[
  "Draft",
  "In Progress"
]
[2026-01-21T12:10:38.312Z] [INFO] [Putaway Tasks API] Status filter applied:
[
  "Draft",
  "In Progress"
]
[2026-01-21T12:10:38.313Z] [INFO] [Putaway Tasks API] Query executed:
{
  "whereClause": "WHERE pt.status IN (?,?) AND COALESCE(pt.source_type, \"ASN\") = ?",
  "params": [
    "Draft",
    "In Progress",
    "ASN"
  ],
  "tasks_found": 0
}
[2026-01-21T12:10:38.314Z] [WARN] [Putaway Tasks API] No tasks found with filters:
{
  "status": "Draft,In Progress",
  "source_type": "ASN",
  "advance_shipping_notice": "ALL",
  "transfer_in": "ALL"
}
[2026-01-21T12:10:38.315Z] [INFO] [Putaway Tasks API] Query executed:
{
  "whereClause": "WHERE pt.status IN (?,?) AND COALESCE(pt.source_type, \"ASN\") = ?",
  "params": [
    "Draft",
    "In Progress",
    "ASN"
  ],
  "tasks_found": 0
}
[2026-01-21T12:10:38.316Z] [WARN] [Putaway Tasks API] No tasks found with filters:
{
  "status": "Draft,In Progress",
  "source_type": "ASN",
  "advance_shipping_notice": "ALL",
  "transfer_in": "ALL"
}
[2026-01-21T12:10:38.367Z] [INFO] 📥 GET /api/putaway/tasks?source_type=TransferIn&status=Draft%2COpen%2CIn+Progress
{
  "IP": "192.168.103.205",
  "UserAgent": "okhttp/4.12.0"
}
[2026-01-21T12:10:38.368Z] [INFO] [Putaway Tasks API] Request received:
{
  "status": "Draft,Open,In Progress",
  "source_type": "TransferIn",
  "advance_shipping_notice": "NOT_PROVIDED",
  "transfer_in": "NOT_PROVIDED"
}
[2026-01-21T12:10:38.369Z] [DEBUG] Requesting database connection from pool
[2026-01-21T12:10:38.369Z] [DEBUG] Database connection obtained from pool
[2026-01-21T12:10:38.371Z] [INFO] [Putaway Tasks API] Status filter applied:
[
  "Draft",
  "Open",
  "In Progress"
]
[2026-01-21T12:10:38.373Z] [INFO] [Putaway Tasks API] Query executed:
{
  "whereClause": "WHERE pt.status IN (?,?,?) AND COALESCE(pt.source_type, \"ASN\") = ?",
  "params": [
    "Draft",
    "Open",
    "In Progress",
    "TransferIn"
  ],
  "tasks_found": 0
}
[2026-01-21T12:10:38.374Z] [WARN] [Putaway Tasks API] No tasks found with filters:
{
  "status": "Draft,Open,In Progress",
  "source_type": "TransferIn",
  "advance_shipping_notice": "ALL",
  "transfer_in": "ALL"
}
[2026-01-21T12:10:38.522Z] [INFO] 📥 GET /api/putaway/tasks?status=Open
{
  "IP": "192.168.103.205",
  "UserAgent": "okhttp/4.12.0"
}
[2026-01-21T12:10:38.523Z] [INFO] [Putaway Tasks API] Request received:
{
  "status": "Open",
  "source_type": "NOT_PROVIDED",
  "advance_shipping_notice": "NOT_PROVIDED",
  "transfer_in": "NOT_PROVIDED"
}
[2026-01-21T12:10:38.523Z] [DEBUG] Requesting database connection from pool
[2026-01-21T12:10:38.524Z] [DEBUG] Database connection obtained from pool
[2026-01-21T12:10:38.525Z] [INFO] 📥 GET /api/putaway/tasks?status=Open
{
  "IP": "192.168.103.205",
  "UserAgent": "okhttp/4.12.0"
}
[2026-01-21T12:10:38.526Z] [INFO] [Putaway Tasks API] Request received:
{
  "status": "Open",
  "source_type": "NOT_PROVIDED",
  "advance_shipping_notice": "NOT_PROVIDED",
  "transfer_in": "NOT_PROVIDED"
}
[2026-01-21T12:10:38.526Z] [DEBUG] Requesting database connection from pool
[2026-01-21T12:10:38.527Z] [DEBUG] Database connection obtained from pool
[2026-01-21T12:10:38.528Z] [INFO] 📥 GET /api/putaway/tasks?status=Open
{
  "IP": "192.168.103.205",
  "UserAgent": "okhttp/4.12.0"
}
[2026-01-21T12:10:38.528Z] [INFO] [Putaway Tasks API] Request received:
{
  "status": "Open",
  "source_type": "NOT_PROVIDED",
  "advance_shipping_notice": "NOT_PROVIDED",
  "transfer_in": "NOT_PROVIDED"
}
[2026-01-21T12:10:38.528Z] [DEBUG] Requesting database connection from pool
[2026-01-21T12:10:38.529Z] [DEBUG] Database connection obtained from pool
[2026-01-21T12:10:38.530Z] [INFO] [Putaway Tasks API] Status filter applied:
[
  "Open"
]
[2026-01-21T12:10:38.531Z] [INFO] [Putaway Tasks API] Status filter applied:
[
  "Open"
]
[2026-01-21T12:10:38.531Z] [INFO] [Putaway Tasks API] Status filter applied:
[
  "Open"
]
[2026-01-21T12:10:38.534Z] [INFO] [Putaway Tasks API] Query executed:
{
  "whereClause": "WHERE pt.status IN (?)",
  "params": [
    "Open"
  ],
  "tasks_found": 0
}
[2026-01-21T12:10:38.534Z] [WARN] [Putaway Tasks API] No tasks found with filters:
{
  "status": "Open",
  "source_type": "ALL",
  "advance_shipping_notice": "ALL",
  "transfer_in": "ALL"
}
[2026-01-21T12:10:38.536Z] [INFO] [Putaway Tasks API] Query executed:
{
  "whereClause": "WHERE pt.status IN (?)",
  "params": [
    "Open"
  ],
  "tasks_found": 0
}
[2026-01-21T12:10:38.537Z] [WARN] [Putaway Tasks API] No tasks found with filters:
{
  "status": "Open",
  "source_type": "ALL",
  "advance_shipping_notice": "ALL",
  "transfer_in": "ALL"
}
[2026-01-21T12:10:38.538Z] [INFO] [Putaway Tasks API] Query executed:
{
  "whereClause": "WHERE pt.status IN (?)",
  "params": [
    "Open"
  ],
  "tasks_found": 0
}
[2026-01-21T12:10:38.538Z] [WARN] [Putaway Tasks API] No tasks found with filters:
{
  "status": "Open",
  "source_type": "ALL",
  "advance_shipping_notice": "ALL",
  "transfer_in": "ALL"
}
[2026-01-21T12:10:40.360Z] [INFO] 📥 GET /api/putaway/tasks?asn_no=ASN-365425479&source_type=ASN&status=Draft%2CIn+Progress
{
  "IP": "192.168.103.205",
  "UserAgent": "okhttp/4.12.0"
}
[2026-01-21T12:10:40.361Z] [INFO] [Putaway Tasks API] Request received:
{
  "status": "Draft,In Progress",
  "source_type": "ASN",
  "advance_shipping_notice": "NOT_PROVIDED",
  "transfer_in": "NOT_PROVIDED"
}
[2026-01-21T12:10:40.362Z] [DEBUG] Requesting database connection from pool
[2026-01-21T12:10:40.363Z] [DEBUG] Database connection obtained from pool
[2026-01-21T12:10:40.365Z] [INFO] [Putaway Tasks API] Status filter applied:
[
  "Draft",
  "In Progress"
]
[2026-01-21T12:10:40.368Z] [INFO] [Putaway Tasks API] Query executed:
{
  "whereClause": "WHERE pt.status IN (?,?) AND COALESCE(pt.source_type, \"ASN\") = ?",
  "params": [
    "Draft",
    "In Progress",
    "ASN"
  ],
  "tasks_found": 0
}
[2026-01-21T12:10:40.368Z] [WARN] [Putaway Tasks API] No tasks found with filters:
{
  "status": "Draft,In Progress",
  "source_type": "ASN",
  "advance_shipping_notice": "ALL",
  "transfer_in": "ALL"
}
[2026-01-21T12:10:40.447Z] [INFO] 📥 GET /api/putaway/tasks?source_type=TransferIn&status=Draft%2COpen%2CIn+Progress
{
  "IP": "192.168.103.205",
  "UserAgent": "okhttp/4.12.0"
}
[2026-01-21T12:10:40.448Z] [INFO] [Putaway Tasks API] Request received:
{
  "status": "Draft,Open,In Progress",
  "source_type": "TransferIn",
  "advance_shipping_notice": "NOT_PROVIDED",
  "transfer_in": "NOT_PROVIDED"
}
[2026-01-21T12:10:40.448Z] [DEBUG] Requesting database connection from pool
[2026-01-21T12:10:40.449Z] [DEBUG] Database connection obtained from pool
[2026-01-21T12:10:40.450Z] [INFO] 📥 GET /api/putaway/tasks?source_type=TransferIn&status=Draft%2COpen%2CIn+Progress
{
  "IP": "192.168.103.205",
  "UserAgent": "okhttp/4.12.0"
}
[2026-01-21T12:10:40.451Z] [INFO] [Putaway Tasks API] Request received:
{
  "status": "Draft,Open,In Progress",
  "source_type": "TransferIn",
  "advance_shipping_notice": "NOT_PROVIDED",
  "transfer_in": "NOT_PROVIDED"
}
[2026-01-21T12:10:40.452Z] [DEBUG] Requesting database connection from pool
[2026-01-21T12:10:40.452Z] [DEBUG] Database connection obtained from pool
[2026-01-21T12:10:40.453Z] [INFO] [Putaway Tasks API] Status filter applied:
[
  "Draft",
  "Open",
  "In Progress"
]
[2026-01-21T12:10:40.454Z] [INFO] [Putaway Tasks API] Status filter applied:
[
  "Draft",
  "Open",
  "In Progress"
]
[2026-01-21T12:10:40.455Z] [INFO] [Putaway Tasks API] Query executed:
{
  "whereClause": "WHERE pt.status IN (?,?,?) AND COALESCE(pt.source_type, \"ASN\") = ?",
  "params": [
    "Draft",
    "Open",
    "In Progress",
    "TransferIn"
  ],
  "tasks_found": 0
}
[2026-01-21T12:10:40.456Z] [WARN] [Putaway Tasks API] No tasks found with filters:
{
  "status": "Draft,Open,In Progress",
  "source_type": "TransferIn",
  "advance_shipping_notice": "ALL",
  "transfer_in": "ALL"
}
[2026-01-21T12:10:40.458Z] [INFO] [Putaway Tasks API] Query executed:
{
  "whereClause": "WHERE pt.status IN (?,?,?) AND COALESCE(pt.source_type, \"ASN\") = ?",
  "params": [
    "Draft",
    "Open",
    "In Progress",
    "TransferIn"
  ],
  "tasks_found": 0
}
[2026-01-21T12:10:40.459Z] [WARN] [Putaway Tasks API] No tasks found with filters:
{
  "status": "Draft,Open,In Progress",
  "source_type": "TransferIn",
  "advance_shipping_notice": "ALL",
  "transfer_in": "ALL"
}
[2026-01-21T12:10:40.572Z] [INFO] 📥 GET /api/putaway/tasks?status=Open
{
  "IP": "192.168.103.205",
  "UserAgent": "okhttp/4.12.0"
}
[2026-01-21T12:10:40.573Z] [INFO] [Putaway Tasks API] Request received:
{
  "status": "Open",
  "source_type": "NOT_PROVIDED",
  "advance_shipping_notice": "NOT_PROVIDED",
  "transfer_in": "NOT_PROVIDED"
}
[2026-01-21T12:10:40.573Z] [DEBUG] Requesting database connection from pool
[2026-01-21T12:10:40.574Z] [DEBUG] Database connection obtained from pool
[2026-01-21T12:10:40.575Z] [INFO] [Putaway Tasks API] Status filter applied:
[
  "Open"
]
[2026-01-21T12:10:40.576Z] [INFO] [Putaway Tasks API] Query executed:
{
  "whereClause": "WHERE pt.status IN (?)",
  "params": [
    "Open"
  ],
  "tasks_found": 0
}
[2026-01-21T12:10:40.577Z] [WARN] [Putaway Tasks API] No tasks found with filters:
{
  "status": "Open",
  "source_type": "ALL",
  "advance_shipping_notice": "ALL",
  "transfer_in": "ALL"
}
[2026-01-21T12:10:40.609Z] [INFO] 📥 GET /api/putaway/tasks?status=Open
{
  "IP": "192.168.103.205",
  "UserAgent": "okhttp/4.12.0"
}
[2026-01-21T12:10:40.610Z] [INFO] [Putaway Tasks API] Request received:
{
  "status": "Open",
  "source_type": "NOT_PROVIDED",
  "advance_shipping_notice": "NOT_PROVIDED",
  "transfer_in": "NOT_PROVIDED"
}
[2026-01-21T12:10:40.611Z] [DEBUG] Requesting database connection from pool
[2026-01-21T12:10:40.611Z] [DEBUG] Database connection obtained from pool
[2026-01-21T12:10:40.612Z] [INFO] 📥 GET /api/putaway/tasks?status=Open
{
  "IP": "192.168.103.205",
  "UserAgent": "okhttp/4.12.0"
}
[2026-01-21T12:10:40.613Z] [INFO] [Putaway Tasks API] Request received:
{
  "status": "Open",
  "source_type": "NOT_PROVIDED",
  "advance_shipping_notice": "NOT_PROVIDED",
  "transfer_in": "NOT_PROVIDED"
}
[2026-01-21T12:10:40.614Z] [DEBUG] Requesting database connection from pool
[2026-01-21T12:10:40.614Z] [DEBUG] Database connection obtained from pool
[2026-01-21T12:10:40.615Z] [INFO] [Putaway Tasks API] Status filter applied:
[
  "Open"
]
[2026-01-21T12:10:40.615Z] [INFO] [Putaway Tasks API] Status filter applied:
[
  "Open"
]
[2026-01-21T12:10:40.616Z] [INFO] [Putaway Tasks API] Query executed:
{
  "whereClause": "WHERE pt.status IN (?)",
  "params": [
    "Open"
  ],
  "tasks_found": 0
}
[2026-01-21T12:10:40.616Z] [WARN] [Putaway Tasks API] No tasks found with filters:
{
  "status": "Open",
  "source_type": "ALL",
  "advance_shipping_notice": "ALL",
  "transfer_in": "ALL"
}
[2026-01-21T12:10:40.617Z] [INFO] [Putaway Tasks API] Query executed:
{
  "whereClause": "WHERE pt.status IN (?)",
  "params": [
    "Open"
  ],
  "tasks_found": 0
}
[2026-01-21T12:10:40.617Z] [WARN] [Putaway Tasks API] No tasks found with filters:
{
  "status": "Open",
  "source_type": "ALL",
  "advance_shipping_notice": "ALL",
  "transfer_in": "ALL"
}
[2026-01-21T12:10:42.812Z] [INFO] 📥 GET /api/putaway/tasks?asn_no=ASN-365425479&source_type=ASN&status=Draft%2CIn+Progress
{
  "IP": "192.168.103.205",
  "UserAgent": "okhttp/4.12.0"
}
[2026-01-21T12:10:42.814Z] [INFO] [Putaway Tasks API] Request received:
{
  "status": "Draft,In Progress",
  "source_type": "ASN",
  "advance_shipping_notice": "NOT_PROVIDED",
  "transfer_in": "NOT_PROVIDED"
}
[2026-01-21T12:10:42.816Z] [DEBUG] Requesting database connection from pool
[2026-01-21T12:10:42.817Z] [DEBUG] Database connection obtained from pool
[2026-01-21T12:10:42.818Z] [INFO] 📥 GET /api/putaway/tasks?asn_no=ASN-365425479&source_type=ASN&status=Draft%2CIn+Progress
{
  "IP": "192.168.103.205",
  "UserAgent": "okhttp/4.12.0"
}
[2026-01-21T12:10:42.820Z] [INFO] [Putaway Tasks API] Request received:
{
  "status": "Draft,In Progress",
  "source_type": "ASN",
  "advance_shipping_notice": "NOT_PROVIDED",
  "transfer_in": "NOT_PROVIDED"
}
[2026-01-21T12:10:42.820Z] [DEBUG] Requesting database connection from pool
[2026-01-21T12:10:42.821Z] [DEBUG] Database connection obtained from pool
[2026-01-21T12:10:42.822Z] [INFO] [Putaway Tasks API] Status filter applied:
[
  "Draft",
  "In Progress"
]
[2026-01-21T12:10:42.823Z] [INFO] [Putaway Tasks API] Status filter applied:
[
  "Draft",
  "In Progress"
]
[2026-01-21T12:10:42.824Z] [INFO] [Putaway Tasks API] Query executed:
{
  "whereClause": "WHERE pt.status IN (?,?) AND COALESCE(pt.source_type, \"ASN\") = ?",
  "params": [
    "Draft",
    "In Progress",
    "ASN"
  ],
  "tasks_found": 0
}
[2026-01-21T12:10:42.824Z] [WARN] [Putaway Tasks API] No tasks found with filters:
{
  "status": "Draft,In Progress",
  "source_type": "ASN",
  "advance_shipping_notice": "ALL",
  "transfer_in": "ALL"
}
[2026-01-21T12:10:42.825Z] [INFO] [Putaway Tasks API] Query executed:
{
  "whereClause": "WHERE pt.status IN (?,?) AND COALESCE(pt.source_type, \"ASN\") = ?",
  "params": [
    "Draft",
    "In Progress",
    "ASN"
  ],
  "tasks_found": 0
}
[2026-01-21T12:10:42.826Z] [WARN] [Putaway Tasks API] No tasks found with filters:
{
  "status": "Draft,In Progress",
  "source_type": "ASN",
  "advance_shipping_notice": "ALL",
  "transfer_in": "ALL"
}
[2026-01-21T12:10:42.870Z] [INFO] 📥 GET /api/putaway/tasks?source_type=TransferIn&status=Draft%2COpen%2CIn+Progress
{
  "IP": "192.168.103.205",
  "UserAgent": "okhttp/4.12.0"
}
[2026-01-21T12:10:42.871Z] [INFO] [Putaway Tasks API] Request received:
{
  "status": "Draft,Open,In Progress",
  "source_type": "TransferIn",
  "advance_shipping_notice": "NOT_PROVIDED",
  "transfer_in": "NOT_PROVIDED"
}
[2026-01-21T12:10:42.872Z] [DEBUG] Requesting database connection from pool
[2026-01-21T12:10:42.872Z] [DEBUG] Database connection obtained from pool
[2026-01-21T12:10:42.874Z] [INFO] [Putaway Tasks API] Status filter applied:
[
  "Draft",
  "Open",
  "In Progress"
]
[2026-01-21T12:10:42.875Z] [INFO] [Putaway Tasks API] Query executed:
{
  "whereClause": "WHERE pt.status IN (?,?,?) AND COALESCE(pt.source_type, \"ASN\") = ?",
  "params": [
    "Draft",
    "Open",
    "In Progress",
    "TransferIn"
  ],
  "tasks_found": 0
}
[2026-01-21T12:10:42.875Z] [WARN] [Putaway Tasks API] No tasks found with filters:
{
  "status": "Draft,Open,In Progress",
  "source_type": "TransferIn",
  "advance_shipping_notice": "ALL",
  "transfer_in": "ALL"
}
[2026-01-21T12:10:43.024Z] [INFO] 📥 GET /api/putaway/tasks?status=Open
{
  "IP": "192.168.103.205",
  "UserAgent": "okhttp/4.12.0"
}
[2026-01-21T12:10:43.025Z] [INFO] [Putaway Tasks API] Request received:
{
  "status": "Open",
  "source_type": "NOT_PROVIDED",
  "advance_shipping_notice": "NOT_PROVIDED",
  "transfer_in": "NOT_PROVIDED"
}
[2026-01-21T12:10:43.025Z] [DEBUG] Requesting database connection from pool
[2026-01-21T12:10:43.026Z] [DEBUG] Database connection obtained from pool
[2026-01-21T12:10:43.027Z] [INFO] 📥 GET /api/putaway/tasks?source_type=TransferIn&status=Draft%2COpen%2CIn+Progress
{
  "IP": "192.168.103.205",
  "UserAgent": "okhttp/4.12.0"
}
[2026-01-21T12:10:43.027Z] [INFO] [Putaway Tasks API] Request received:
{
  "status": "Draft,Open,In Progress",
  "source_type": "TransferIn",
  "advance_shipping_notice": "NOT_PROVIDED",
  "transfer_in": "NOT_PROVIDED"
}
[2026-01-21T12:10:43.028Z] [DEBUG] Requesting database connection from pool
[2026-01-21T12:10:43.028Z] [DEBUG] Database connection obtained from pool
[2026-01-21T12:10:43.028Z] [INFO] 📥 GET /api/putaway/tasks?source_type=TransferIn&status=Draft%2COpen%2CIn+Progress
{
  "IP": "192.168.103.205",
  "UserAgent": "okhttp/4.12.0"
}
[2026-01-21T12:10:43.029Z] [INFO] [Putaway Tasks API] Request received:
{
  "status": "Draft,Open,In Progress",
  "source_type": "TransferIn",
  "advance_shipping_notice": "NOT_PROVIDED",
  "transfer_in": "NOT_PROVIDED"
}
[2026-01-21T12:10:43.029Z] [DEBUG] Requesting database connection from pool
[2026-01-21T12:10:43.029Z] [DEBUG] Database connection obtained from pool
[2026-01-21T12:10:43.030Z] [INFO] [Putaway Tasks API] Status filter applied:
[
  "Open"
]
[2026-01-21T12:10:43.030Z] [INFO] [Putaway Tasks API] Status filter applied:
[
  "Draft",
  "Open",
  "In Progress"
]
[2026-01-21T12:10:43.031Z] [INFO] [Putaway Tasks API] Status filter applied:
[
  "Draft",
  "Open",
  "In Progress"
]
[2026-01-21T12:10:43.032Z] [INFO] [Putaway Tasks API] Query executed:
{
  "whereClause": "WHERE pt.status IN (?)",
  "params": [
    "Open"
  ],
  "tasks_found": 0
}
[2026-01-21T12:10:43.032Z] [WARN] [Putaway Tasks API] No tasks found with filters:
{
  "status": "Open",
  "source_type": "ALL",
  "advance_shipping_notice": "ALL",
  "transfer_in": "ALL"
}
[2026-01-21T12:10:43.033Z] [INFO] [Putaway Tasks API] Query executed:
{
  "whereClause": "WHERE pt.status IN (?,?,?) AND COALESCE(pt.source_type, \"ASN\") = ?",
  "params": [
    "Draft",
    "Open",
    "In Progress",
    "TransferIn"
  ],
  "tasks_found": 0
}
[2026-01-21T12:10:43.033Z] [WARN] [Putaway Tasks API] No tasks found with filters:
{
  "status": "Draft,Open,In Progress",
  "source_type": "TransferIn",
  "advance_shipping_notice": "ALL",
  "transfer_in": "ALL"
}
[2026-01-21T12:10:43.034Z] [INFO] [Putaway Tasks API] Query executed:
{
  "whereClause": "WHERE pt.status IN (?,?,?) AND COALESCE(pt.source_type, \"ASN\") = ?",
  "params": [
    "Draft",
    "Open",
    "In Progress",
    "TransferIn"
  ],
  "tasks_found": 0
}
[2026-01-21T12:10:43.034Z] [WARN] [Putaway Tasks API] No tasks found with filters:
{
  "status": "Draft,Open,In Progress",
  "source_type": "TransferIn",
  "advance_shipping_notice": "ALL",
  "transfer_in": "ALL"
}
[2026-01-21T12:10:43.178Z] [INFO] 📥 GET /api/putaway/tasks?status=Open
{
  "IP": "192.168.103.205",
  "UserAgent": "okhttp/4.12.0"
}
[2026-01-21T12:10:43.178Z] [INFO] [Putaway Tasks API] Request received:
{
  "status": "Open",
  "source_type": "NOT_PROVIDED",
  "advance_shipping_notice": "NOT_PROVIDED",
  "transfer_in": "NOT_PROVIDED"
}
[2026-01-21T12:10:43.179Z] [DEBUG] Requesting database connection from pool
[2026-01-21T12:10:43.179Z] [DEBUG] Database connection obtained from pool
[2026-01-21T12:10:43.180Z] [INFO] 📥 GET /api/putaway/tasks?status=Open
{
  "IP": "192.168.103.205",
  "UserAgent": "okhttp/4.12.0"
}
[2026-01-21T12:10:43.180Z] [INFO] [Putaway Tasks API] Request received:
{
  "status": "Open",
  "source_type": "NOT_PROVIDED",
  "advance_shipping_notice": "NOT_PROVIDED",
  "transfer_in": "NOT_PROVIDED"
}
[2026-01-21T12:10:43.181Z] [DEBUG] Requesting database connection from pool
[2026-01-21T12:10:43.181Z] [DEBUG] Database connection obtained from pool
[2026-01-21T12:10:43.181Z] [INFO] [Putaway Tasks API] Status filter applied:
[
  "Open"
]
[2026-01-21T12:10:43.182Z] [INFO] [Putaway Tasks API] Status filter applied:
[
  "Open"
]
[2026-01-21T12:10:43.183Z] [INFO] [Putaway Tasks API] Query executed:
{
  "whereClause": "WHERE pt.status IN (?)",
  "params": [
    "Open"
  ],
  "tasks_found": 0
}
[2026-01-21T12:10:43.183Z] [WARN] [Putaway Tasks API] No tasks found with filters:
{
  "status": "Open",
  "source_type": "ALL",
  "advance_shipping_notice": "ALL",
  "transfer_in": "ALL"
}
[2026-01-21T12:10:43.184Z] [INFO] [Putaway Tasks API] Query executed:
{
  "whereClause": "WHERE pt.status IN (?)",
  "params": [
    "Open"
  ],
  "tasks_found": 0
}
[2026-01-21T12:10:43.184Z] [WARN] [Putaway Tasks API] No tasks found with filters:
{
  "status": "Open",
  "source_type": "ALL",
  "advance_shipping_notice": "ALL",
  "transfer_in": "ALL"
}
[2026-01-21T12:11:01.221Z] [INFO] 📥 GET /api/health
{
  "IP": "192.168.103.205",
  "UserAgent": "okhttp/4.12.0"
}
[2026-01-21T12:11:02.753Z] [INFO] 📥 GET /api/health
{
  "IP": "192.168.103.205",
  "UserAgent": "okhttp/4.12.0"
}
[2026-01-21T12:11:08.066Z] [INFO] 📥 POST /api/putaway/scan-transfer-carton
{
  "IP": "192.168.103.205",
  "UserAgent": "okhttp/4.12.0"
}
[2026-01-21T12:11:08.067Z] [DEBUG] Request body
{
  "location_id": "A1-R02-L4-B2",
  "user_id": "USER-402498",
  "warehouse_id": "WH-MAIN",
  "box_id": "PAW-ASN365425479-1768995821165"
}
[2026-01-21T12:11:08.068Z] [INFO] [Putaway Scan] Entry: location_id=A1-R02-L4-B2, box_id=PAW-ASN365425479-1768995821165, tc_id=NULL, putaway_task=NULL, carton_id=NULL
[2026-01-21T12:11:08.068Z] [DEBUG] Requesting database connection from pool
[2026-01-21T12:11:08.069Z] [DEBUG] Database connection obtained from pool
[2026-01-21T12:11:08.089Z] [INFO] [Putaway Validation] Validated ASN putaway box PAW-ASN365425479-1768995821165
[2026-01-21T12:11:08.091Z] [INFO] [Putaway Scan] Checking location update path: taskTitleToCheck=PUT-20260121-0002, location_id=A1-R02-L4-B2, actualPutawayTask=NULL
[2026-01-21T12:11:08.092Z] [INFO] [Putaway Scan] ✅ Location update path triggered: task=PUT-20260121-0002, location=A1-R02-L4-B2
[2026-01-21T12:11:08.104Z] [INFO] [Putaway] Updating 2 line(s) with location: location_id=A1-R02-L4-B2, rack=Rack 02, bin=B2
{
  "hasLineLocationIdColumn": true,
  "hasLineRack": true,
  "hasLineBin": true
}
[2026-01-21T12:11:08.105Z] [INFO] [Putaway] Including location_id=A1-R02-L4-B2 in UPDATE for line ID 433
[2026-01-21T12:11:08.106Z] [INFO] [Putaway] Executing UPDATE query: UPDATE tabPutawayLine SET rack = ?, bin = ?, location_id = ?, updated_at = CURRENT_TIMESTAMP WHERE id = ? with params: [Rack 02, B2, A1-R02-L4-B2, 433]
[2026-01-21T12:11:08.109Z] [INFO] [Putaway] Updated line ID 433: 1 row(s) affected
[2026-01-21T12:11:08.110Z] [INFO] [Putaway] Including location_id=A1-R02-L4-B2 in UPDATE for line ID 434
[2026-01-21T12:11:08.111Z] [INFO] [Putaway] Executing UPDATE query: UPDATE tabPutawayLine SET rack = ?, bin = ?, location_id = ?, updated_at = CURRENT_TIMESTAMP WHERE id = ? with params: [Rack 02, B2, A1-R02-L4-B2, 434]
[2026-01-21T12:11:08.120Z] [INFO] [Putaway] Updated line ID 434: 1 row(s) affected
[2026-01-21T12:11:08.129Z] [INFO] [Putaway] Triggering stock updates for putaway task PUT-20260121-0002 after location assignment
[2026-01-21T12:11:08.131Z] [DEBUG] Requesting database connection from pool
[2026-01-21T12:11:08.134Z] [DEBUG] Database connection obtained from pool
[2026-01-21T12:11:08.139Z] [INFO] [Putaway] 🔵 About to call processPutawayCompletionEvent with params:
{
  "event_type": "PUTAWAY_TO_RACK",
  "putaway_task": "PUT-20260121-0002",
  "box_id": "PAW-ASN365425479-1768995821165",
  "carton_id": "PAW-ASN365425479-1768995821165",
  "location_id": "A1-R02-L4-B2",
  "rack": "Rack 02",
  "bin": "B2",
  "warehouse": "NULL",
  "user_id": "USER-402498"
}
[2026-01-21T12:11:08.140Z] [INFO] [Putaway Completion] ========================================
[2026-01-21T12:11:08.141Z] [INFO] [Putaway Completion] 🔵 ENTRY: processPutawayCompletionEvent called
[2026-01-21T12:11:08.141Z] [INFO] [Putaway Completion] Connection validation:
{
  "hasConnection": true,
  "connectionType": "object",
  "hasExecute": true
}
[2026-01-21T12:11:08.142Z] [INFO] [Putaway Completion] Event object: {
  "putaway_task": "PUT-20260121-0002",
  "tc_id": "NULL",
  "box_id": "PAW-ASN365425479-1768995821165",
  "carton_id": "PAW-ASN365425479-1768995821165",
  "location_id": "A1-R02-L4-B2",
  "rack": "Rack 02",
  "bin": "B2",
  "item_code": "NULL",
  "qty": "NULL",
  "user_id": "USER-402498",
  "store": "NULL",
  "event_type": "PUTAWAY_TO_RACK"
}
[2026-01-21T12:11:08.144Z] [INFO] [Putaway Completion] ========================================
[2026-01-21T12:11:08.146Z] [INFO] [Putaway Completion] 🔍 DEBUG: About to extract event parameters...
[2026-01-21T12:11:08.148Z] [INFO] [Putaway Completion] 🔍 DEBUG: Event parameters extracted successfully
[2026-01-21T12:11:08.149Z] [INFO] [Putaway Completion] Step 0: Extracted event parameters:
{
  "putaway_task": "PUT-20260121-0002",
  "tc_id": "NULL",
  "box_id": "PAW-ASN365425479-1768995821165",
  "carton_id": "PAW-ASN365425479-1768995821165",
  "location_id": "A1-R02-L4-B2",
  "item_code": "NULL",
  "qty": "NULL"
}
[2026-01-21T12:11:08.150Z] [INFO] [Putaway Completion] Step 0a: Initial putawayTaskTitle: PUT-20260121-0002
[2026-01-21T12:11:08.155Z] [INFO] [Putaway Completion] Step 0b: ✅ putawayTaskTitle resolved: PUT-20260121-0002
[2026-01-21T12:11:08.158Z] [INFO] [Putaway Completion] Processing putaway task: PUT-20260121-0002, carton_id from event: PAW-ASN365425479-1768995821165, item_code: NULL, qty: NULL, location_id: A1-R02-L4-B2, rack: Rack 02, bin: B2
[2026-01-21T12:11:08.162Z] [INFO] [Putaway Completion] Step 1: Starting transaction...
[2026-01-21T12:11:08.165Z] [INFO] [Putaway Completion] ✅ Transaction started
[2026-01-21T12:11:08.168Z] [INFO] [Putaway Completion] Step 2: Locking putaway task row: PUT-20260121-0002
[2026-01-21T12:11:08.170Z] [INFO] [Putaway Completion] Task status query result:
{
  "found": true,
  "status": "Completed"
}
[2026-01-21T12:11:08.171Z] [WARN] [Putaway Completion] ⚠️ Task PUT-20260121-0002 is already Completed - skipping stock update (idempotency check)
[2026-01-21T12:11:08.174Z] [INFO] [Putaway Completion] Transaction rolled back (task already completed)
[2026-01-21T12:11:08.175Z] [INFO] [Putaway] ✅ Stock updates completed for putaway task PUT-20260121-0002
{
  "result": "undefined (function may not return value)"
}
[2026-01-21T12:11:08.176Z] [INFO] [Putaway] Updated location for putaway task PUT-20260121-0002: A1-R02-L4-B2 (2 lines updated)
{
  "putaway_task": "PUT-20260121-0002",
  "location_id": "A1-R02-L4-B2",
  "rack": "Rack 02",
  "bin": "B2",
  "lines_updated": 2,
  "hasLineLocationIdColumn": true,
  "hasLineRack": true,
  "hasLineBin": true
}
[2026-01-21T12:11:08.396Z] [INFO] 📥 GET /api/putaway/tasks?asn_no=ASN-365425479&source_type=ASN&status=Draft%2CIn+Progress
{
  "IP": "192.168.103.205",
  "UserAgent": "okhttp/4.12.0"
}
[2026-01-21T12:11:08.398Z] [INFO] [Putaway Tasks API] Request received:
{
  "status": "Draft,In Progress",
  "source_type": "ASN",
  "advance_shipping_notice": "NOT_PROVIDED",
  "transfer_in": "NOT_PROVIDED"
}
[2026-01-21T12:11:08.399Z] [DEBUG] Requesting database connection from pool
[2026-01-21T12:11:08.400Z] [DEBUG] Database connection obtained from pool
[2026-01-21T12:11:08.403Z] [INFO] [Putaway Tasks API] Status filter applied:
[
  "Draft",
  "In Progress"
]
[2026-01-21T12:11:08.406Z] [INFO] [Putaway Tasks API] Query executed:
{
  "whereClause": "WHERE pt.status IN (?,?) AND COALESCE(pt.source_type, \"ASN\") = ?",
  "params": [
    "Draft",
    "In Progress",
    "ASN"
  ],
  "tasks_found": 0
}
[2026-01-21T12:11:08.407Z] [WARN] [Putaway Tasks API] No tasks found with filters:
{
  "status": "Draft,In Progress",
  "source_type": "ASN",
  "advance_shipping_notice": "ALL",
  "transfer_in": "ALL"
}
[2026-01-21T12:11:08.642Z] [INFO] 📥 GET /api/putaway/tasks?source_type=TransferIn&status=Draft%2COpen%2CIn+Progress
{
  "IP": "192.168.103.205",
  "UserAgent": "okhttp/4.12.0"
}
[2026-01-21T12:11:08.644Z] [INFO] [Putaway Tasks API] Request received:
{
  "status": "Draft,Open,In Progress",
  "source_type": "TransferIn",
  "advance_shipping_notice": "NOT_PROVIDED",
  "transfer_in": "NOT_PROVIDED"
}
[2026-01-21T12:11:08.644Z] [DEBUG] Requesting database connection from pool
[2026-01-21T12:11:08.645Z] [DEBUG] Database connection obtained from pool
[2026-01-21T12:11:08.648Z] [INFO] [Putaway Tasks API] Status filter applied:
[
  "Draft",
  "Open",
  "In Progress"
]
[2026-01-21T12:11:08.651Z] [INFO] [Putaway Tasks API] Query executed:
{
  "whereClause": "WHERE pt.status IN (?,?,?) AND COALESCE(pt.source_type, \"ASN\") = ?",
  "params": [
    "Draft",
    "Open",
    "In Progress",
    "TransferIn"
  ],
  "tasks_found": 0
}
[2026-01-21T12:11:08.653Z] [WARN] [Putaway Tasks API] No tasks found with filters:
{
  "status": "Draft,Open,In Progress",
  "source_type": "TransferIn",
  "advance_shipping_notice": "ALL",
  "transfer_in": "ALL"
}
[2026-01-21T12:11:08.811Z] [INFO] 📥 GET /api/putaway/tasks?status=Open
{
  "IP": "192.168.103.205",
  "UserAgent": "okhttp/4.12.0"
}
[2026-01-21T12:11:08.815Z] [INFO] [Putaway Tasks API] Request received:
{
  "status": "Open",
  "source_type": "NOT_PROVIDED",
  "advance_shipping_notice": "NOT_PROVIDED",
  "transfer_in": "NOT_PROVIDED"
}
[2026-01-21T12:11:08.817Z] [DEBUG] Requesting database connection from pool
[2026-01-21T12:11:08.818Z] [DEBUG] Database connection obtained from pool
[2026-01-21T12:11:08.823Z] [INFO] [Putaway Tasks API] Status filter applied:
[
  "Open"
]
[2026-01-21T12:11:08.826Z] [INFO] [Putaway Tasks API] Query executed:
{
  "whereClause": "WHERE pt.status IN (?)",
  "params": [
    "Open"
  ],
  "tasks_found": 0
}
[2026-01-21T12:11:08.828Z] [WARN] [Putaway Tasks API] No tasks found with filters:
{
  "status": "Open",
  "source_type": "ALL",
  "advance_shipping_notice": "ALL",
  "transfer_in": "ALL"
}
[2026-01-21T12:11:10.954Z] [INFO] 📥 GET /api/putaway/tasks?asn_no=ASN-365425479&source_type=ASN&status=Draft%2CIn+Progress
{
  "IP": "192.168.103.205",
  "UserAgent": "okhttp/4.12.0"
}
[2026-01-21T12:11:10.957Z] [INFO] [Putaway Tasks API] Request received:
{
  "status": "Draft,In Progress",
  "source_type": "ASN",
  "advance_shipping_notice": "NOT_PROVIDED",
  "transfer_in": "NOT_PROVIDED"
}
[2026-01-21T12:11:10.961Z] [DEBUG] Requesting database connection from pool
[2026-01-21T12:11:10.962Z] [DEBUG] Database connection obtained from pool
[2026-01-21T12:11:10.966Z] [INFO] 📥 GET /api/putaway/tasks?asn_no=ASN-365425479&source_type=ASN&status=Draft%2CIn+Progress
{
  "IP": "192.168.103.205",
  "UserAgent": "okhttp/4.12.0"
}
[2026-01-21T12:11:10.967Z] [INFO] [Putaway Tasks API] Request received:
{
  "status": "Draft,In Progress",
  "source_type": "ASN",
  "advance_shipping_notice": "NOT_PROVIDED",
  "transfer_in": "NOT_PROVIDED"
}
[2026-01-21T12:11:10.970Z] [DEBUG] Requesting database connection from pool
[2026-01-21T12:11:10.971Z] [DEBUG] Database connection obtained from pool
[2026-01-21T12:11:10.973Z] [INFO] [Putaway Tasks API] Status filter applied:
[
  "Draft",
  "In Progress"
]
[2026-01-21T12:11:10.974Z] [INFO] [Putaway Tasks API] Status filter applied:
[
  "Draft",
  "In Progress"
]
[2026-01-21T12:11:10.976Z] [INFO] [Putaway Tasks API] Query executed:
{
  "whereClause": "WHERE pt.status IN (?,?) AND COALESCE(pt.source_type, \"ASN\") = ?",
  "params": [
    "Draft",
    "In Progress",
    "ASN"
  ],
  "tasks_found": 0
}
[2026-01-21T12:11:10.977Z] [WARN] [Putaway Tasks API] No tasks found with filters:
{
  "status": "Draft,In Progress",
  "source_type": "ASN",
  "advance_shipping_notice": "ALL",
  "transfer_in": "ALL"
}
[2026-01-21T12:11:10.980Z] [INFO] [Putaway Tasks API] Query executed:
{
  "whereClause": "WHERE pt.status IN (?,?) AND COALESCE(pt.source_type, \"ASN\") = ?",
  "params": [
    "Draft",
    "In Progress",
    "ASN"
  ],
  "tasks_found": 0
}
[2026-01-21T12:11:10.981Z] [WARN] [Putaway Tasks API] No tasks found with filters:
{
  "status": "Draft,In Progress",
  "source_type": "ASN",
  "advance_shipping_notice": "ALL",
  "transfer_in": "ALL"
}
[2026-01-21T12:11:11.195Z] [INFO] 📥 GET /api/putaway/tasks?source_type=TransferIn&status=Draft%2COpen%2CIn+Progress
{
  "IP": "192.168.103.205",
  "UserAgent": "okhttp/4.12.0"
}
[2026-01-21T12:11:11.197Z] [INFO] [Putaway Tasks API] Request received:
{
  "status": "Draft,Open,In Progress",
  "source_type": "TransferIn",
  "advance_shipping_notice": "NOT_PROVIDED",
  "transfer_in": "NOT_PROVIDED"
}
[2026-01-21T12:11:11.198Z] [DEBUG] Requesting database connection from pool
[2026-01-21T12:11:11.200Z] [DEBUG] Database connection obtained from pool
[2026-01-21T12:11:11.202Z] [INFO] 📥 GET /api/putaway/tasks?source_type=TransferIn&status=Draft%2COpen%2CIn+Progress
{
  "IP": "192.168.103.205",
  "UserAgent": "okhttp/4.12.0"
}
[2026-01-21T12:11:11.205Z] [INFO] [Putaway Tasks API] Request received:
{
  "status": "Draft,Open,In Progress",
  "source_type": "TransferIn",
  "advance_shipping_notice": "NOT_PROVIDED",
  "transfer_in": "NOT_PROVIDED"
}
[2026-01-21T12:11:11.207Z] [DEBUG] Requesting database connection from pool
[2026-01-21T12:11:11.208Z] [DEBUG] Database connection obtained from pool
[2026-01-21T12:11:11.211Z] [INFO] [Putaway Tasks API] Status filter applied:
[
  "Draft",
  "Open",
  "In Progress"
]
[2026-01-21T12:11:11.212Z] [INFO] [Putaway Tasks API] Status filter applied:
[
  "Draft",
  "Open",
  "In Progress"
]
[2026-01-21T12:11:11.222Z] [INFO] [Putaway Tasks API] Query executed:
{
  "whereClause": "WHERE pt.status IN (?,?,?) AND COALESCE(pt.source_type, \"ASN\") = ?",
  "params": [
    "Draft",
    "Open",
    "In Progress",
    "TransferIn"
  ],
  "tasks_found": 0
}
[2026-01-21T12:11:11.224Z] [WARN] [Putaway Tasks API] No tasks found with filters:
{
  "status": "Draft,Open,In Progress",
  "source_type": "TransferIn",
  "advance_shipping_notice": "ALL",
  "transfer_in": "ALL"
}
[2026-01-21T12:11:11.229Z] [INFO] [Putaway Tasks API] Query executed:
{
  "whereClause": "WHERE pt.status IN (?,?,?) AND COALESCE(pt.source_type, \"ASN\") = ?",
  "params": [
    "Draft",
    "Open",
    "In Progress",
    "TransferIn"
  ],
  "tasks_found": 0
}
[2026-01-21T12:11:11.229Z] [WARN] [Putaway Tasks API] No tasks found with filters:
{
  "status": "Draft,Open,In Progress",
  "source_type": "TransferIn",
  "advance_shipping_notice": "ALL",
  "transfer_in": "ALL"
}
[2026-01-21T12:11:11.371Z] [INFO] 📥 GET /api/putaway/tasks?status=Open
{
  "IP": "192.168.103.205",
  "UserAgent": "okhttp/4.12.0"
}
[2026-01-21T12:11:11.373Z] [INFO] [Putaway Tasks API] Request received:
{
  "status": "Open",
  "source_type": "NOT_PROVIDED",
  "advance_shipping_notice": "NOT_PROVIDED",
  "transfer_in": "NOT_PROVIDED"
}
[2026-01-21T12:11:11.373Z] [DEBUG] Requesting database connection from pool
[2026-01-21T12:11:11.379Z] [DEBUG] Database connection obtained from pool
[2026-01-21T12:11:11.381Z] [INFO] 📥 GET /api/putaway/tasks?status=Open
{
  "IP": "192.168.103.205",
  "UserAgent": "okhttp/4.12.0"
}
[2026-01-21T12:11:11.384Z] [INFO] [Putaway Tasks API] Request received:
{
  "status": "Open",
  "source_type": "NOT_PROVIDED",
  "advance_shipping_notice": "NOT_PROVIDED",
  "transfer_in": "NOT_PROVIDED"
}
[2026-01-21T12:11:11.385Z] [DEBUG] Requesting database connection from pool
[2026-01-21T12:11:11.390Z] [DEBUG] Database connection obtained from pool
[2026-01-21T12:11:11.393Z] [INFO] [Putaway Tasks API] Status filter applied:
[
  "Open"
]
[2026-01-21T12:11:11.396Z] [INFO] [Putaway Tasks API] Status filter applied:
[
  "Open"
]
[2026-01-21T12:11:11.402Z] [INFO] [Putaway Tasks API] Query executed:
{
  "whereClause": "WHERE pt.status IN (?)",
  "params": [
    "Open"
  ],
  "tasks_found": 0
}
[2026-01-21T12:11:11.404Z] [WARN] [Putaway Tasks API] No tasks found with filters:
{
  "status": "Open",
  "source_type": "ALL",
  "advance_shipping_notice": "ALL",
  "transfer_in": "ALL"
}
[2026-01-21T12:11:11.411Z] [INFO] [Putaway Tasks API] Query executed:
{
  "whereClause": "WHERE pt.status IN (?)",
  "params": [
    "Open"
  ],
  "tasks_found": 0
}
[2026-01-21T12:11:11.415Z] [WARN] [Putaway Tasks API] No tasks found with filters:
{
  "status": "Open",
  "source_type": "ALL",
  "advance_shipping_notice": "ALL",
  "transfer_in": "ALL"
}
[2026-01-21T12:11:20.584Z] [INFO] 📥 GET /api/transaction-history?from_date=2025-10-23&to_date=2026-01-22&limit=1000
{
  "IP": "127.0.0.1",
  "UserAgent": "unknown"
}
[2026-01-21T12:11:20.590Z] [DEBUG] Requesting database connection from pool
[2026-01-21T12:11:20.593Z] [DEBUG] Database connection obtained from pool
[2026-01-21T12:11:20.601Z] [INFO] [Transaction History] Executing query
{
  "query": "\n      SELECT \n        id,\n        transaction_id,\n        COALESCE(transaction_number, '') as transaction_number,\n        transaction_date,\n        transaction_type,\n        reference_doc_type,\n        reference_doc,\n        wms_transaction_title,\n        item_code,\n        item_name,\n        warehouse,\n        warehouse_name,\n        bin_location,\n        location_id,\n        carton_id,\n        batch_no,\n        serial_no,\n        qty_change,\n        qty_before,\n        qty_after,\n        stoc",
  "params": [
    "2025-10-23",
    "2026-01-22",
    1000
  ],
  "paramsCount": 3,
  "hasTransactionNoColumn": true,
  "transactionNoColumnName": "transaction_number",
  "filters": {
    "from_date": "2025-10-23",
    "to_date": "2026-01-22",
    "limit": 1000
  }
}
[2026-01-21T12:11:20.607Z] [INFO] [Transaction History] Query executed successfully
{
  "rowsReturned": 8,
  "sampleRow": {
    "id": 34,
    "item_code": "SKU-HAT-301-GRN-OS",
    "transaction_date": "2026-01-21T12:07:17.000Z",
    "transaction_type": "Putaway",
    "transaction_number": "TXN-20260121-00026"
  }
}
[2026-01-21T12:11:20.617Z] [INFO] [Transaction History] Returning response
{
  "totalRecords": 8,
  "sampleRecord": {
    "id": 34,
    "item_code": "SKU-HAT-301-GRN-OS",
    "transaction_date": "2026-01-21T12:07:17.000Z",
    "transaction_type": "Putaway",
    "transaction_number": "TXN-20260121-00026"
  },
  "responseFormat": {
    "ok": true,
    "hasData": true,
    "dataLength": 8
  }
}
[2026-01-21T12:11:20.618Z] [INFO] [Transaction History] Sending response
{
  "responseOk": true,
  "dataArrayLength": 8,
  "count": 8
}
[2026-01-21T12:11:31.268Z] [INFO] 📥 GET /api/health
{
  "IP": "192.168.103.205",
  "UserAgent": "okhttp/4.12.0"
}
[2026-01-21T12:11:32.761Z] [INFO] 📥 GET /api/health
{
  "IP": "192.168.103.205",
  "UserAgent": "okhttp/4.12.0"
}
[2026-01-21T12:12:01.257Z] [INFO] 📥 GET /api/health
{
  "IP": "192.168.103.205",
  "UserAgent": "okhttp/4.12.0"
}
[2026-01-21T12:12:02.786Z] [INFO] 📥 GET /api/health
{
  "IP": "192.168.103.205",
  "UserAgent": "okhttp/4.12.0"
}
[2026-01-21T12:12:31.256Z] [INFO] 📥 GET /api/health
{
  "IP": "192.168.103.205",
  "UserAgent": "okhttp/4.12.0"
}
[2026-01-21T12:12:32.780Z] [INFO] 📥 GET /api/health
{
  "IP": "192.168.103.205",
  "UserAgent": "okhttp/4.12.0"
}
[2026-01-21T12:12:50.508Z] [INFO] 📥 GET /api/putaway/tasks?asn_no=ASN-365425479&source_type=ASN&status=Draft%2CIn+Progress
{
  "IP": "192.168.103.205",
  "UserAgent": "okhttp/4.12.0"
}
[2026-01-21T12:12:50.510Z] [INFO] [Putaway Tasks API] Request received:
{
  "status": "Draft,In Progress",
  "source_type": "ASN",
  "advance_shipping_notice": "NOT_PROVIDED",
  "transfer_in": "NOT_PROVIDED"
}
[2026-01-21T12:12:50.510Z] [DEBUG] Requesting database connection from pool
[2026-01-21T12:12:50.511Z] [DEBUG] Database connection obtained from pool
[2026-01-21T12:12:50.512Z] [INFO] 📥 GET /api/putaway/tasks?asn_no=ASN-365425479&source_type=ASN&status=Draft%2CIn+Progress
{
  "IP": "192.168.103.205",
  "UserAgent": "okhttp/4.12.0"
}
[2026-01-21T12:12:50.513Z] [INFO] [Putaway Tasks API] Request received:
{
  "status": "Draft,In Progress",
  "source_type": "ASN",
  "advance_shipping_notice": "NOT_PROVIDED",
  "transfer_in": "NOT_PROVIDED"
}
[2026-01-21T12:12:50.514Z] [DEBUG] Requesting database connection from pool
[2026-01-21T12:12:50.515Z] [DEBUG] Database connection obtained from pool
[2026-01-21T12:12:50.516Z] [INFO] [Putaway Tasks API] Status filter applied:
[
  "Draft",
  "In Progress"
]
[2026-01-21T12:12:50.517Z] [INFO] [Putaway Tasks API] Status filter applied:
[
  "Draft",
  "In Progress"
]
[2026-01-21T12:12:50.518Z] [INFO] [Putaway Tasks API] Query executed:
{
  "whereClause": "WHERE pt.status IN (?,?) AND COALESCE(pt.source_type, \"ASN\") = ?",
  "params": [
    "Draft",
    "In Progress",
    "ASN"
  ],
  "tasks_found": 0
}
[2026-01-21T12:12:50.519Z] [WARN] [Putaway Tasks API] No tasks found with filters:
{
  "status": "Draft,In Progress",
  "source_type": "ASN",
  "advance_shipping_notice": "ALL",
  "transfer_in": "ALL"
}
[2026-01-21T12:12:50.520Z] [INFO] [Putaway Tasks API] Query executed:
{
  "whereClause": "WHERE pt.status IN (?,?) AND COALESCE(pt.source_type, \"ASN\") = ?",
  "params": [
    "Draft",
    "In Progress",
    "ASN"
  ],
  "tasks_found": 0
}
[2026-01-21T12:12:50.521Z] [WARN] [Putaway Tasks API] No tasks found with filters:
{
  "status": "Draft,In Progress",
  "source_type": "ASN",
  "advance_shipping_notice": "ALL",
  "transfer_in": "ALL"
}
[2026-01-21T12:12:50.741Z] [INFO] 📥 GET /api/putaway/tasks?source_type=TransferIn&status=Draft%2COpen%2CIn+Progress
{
  "IP": "192.168.103.205",
  "UserAgent": "okhttp/4.12.0"
}
[2026-01-21T12:12:50.742Z] [INFO] [Putaway Tasks API] Request received:
{
  "status": "Draft,Open,In Progress",
  "source_type": "TransferIn",
  "advance_shipping_notice": "NOT_PROVIDED",
  "transfer_in": "NOT_PROVIDED"
}
[2026-01-21T12:12:50.743Z] [DEBUG] Requesting database connection from pool
[2026-01-21T12:12:50.743Z] [DEBUG] Database connection obtained from pool
[2026-01-21T12:12:50.745Z] [INFO] 📥 GET /api/putaway/tasks?source_type=TransferIn&status=Draft%2COpen%2CIn+Progress
{
  "IP": "192.168.103.205",
  "UserAgent": "okhttp/4.12.0"
}
[2026-01-21T12:12:50.746Z] [INFO] [Putaway Tasks API] Request received:
{
  "status": "Draft,Open,In Progress",
  "source_type": "TransferIn",
  "advance_shipping_notice": "NOT_PROVIDED",
  "transfer_in": "NOT_PROVIDED"
}
[2026-01-21T12:12:50.746Z] [DEBUG] Requesting database connection from pool
[2026-01-21T12:12:50.747Z] [DEBUG] Database connection obtained from pool
[2026-01-21T12:12:50.749Z] [INFO] [Putaway Tasks API] Status filter applied:
[
  "Draft",
  "Open",
  "In Progress"
]
[2026-01-21T12:12:50.750Z] [INFO] [Putaway Tasks API] Status filter applied:
[
  "Draft",
  "Open",
  "In Progress"
]
[2026-01-21T12:12:50.753Z] [INFO] [Putaway Tasks API] Query executed:
{
  "whereClause": "WHERE pt.status IN (?,?,?) AND COALESCE(pt.source_type, \"ASN\") = ?",
  "params": [
    "Draft",
    "Open",
    "In Progress",
    "TransferIn"
  ],
  "tasks_found": 0
}
[2026-01-21T12:12:50.754Z] [WARN] [Putaway Tasks API] No tasks found with filters:
{
  "status": "Draft,Open,In Progress",
  "source_type": "TransferIn",
  "advance_shipping_notice": "ALL",
  "transfer_in": "ALL"
}
[2026-01-21T12:12:50.759Z] [INFO] [Putaway Tasks API] Query executed:
{
  "whereClause": "WHERE pt.status IN (?,?,?) AND COALESCE(pt.source_type, \"ASN\") = ?",
  "params": [
    "Draft",
    "Open",
    "In Progress",
    "TransferIn"
  ],
  "tasks_found": 0
}
[2026-01-21T12:12:50.760Z] [WARN] [Putaway Tasks API] No tasks found with filters:
{
  "status": "Draft,Open,In Progress",
  "source_type": "TransferIn",
  "advance_shipping_notice": "ALL",
  "transfer_in": "ALL"
}
[2026-01-21T12:12:50.965Z] [INFO] 📥 GET /api/putaway/tasks?status=Open
{
  "IP": "192.168.103.205",
  "UserAgent": "okhttp/4.12.0"
}
[2026-01-21T12:12:50.966Z] [INFO] [Putaway Tasks API] Request received:
{
  "status": "Open",
  "source_type": "NOT_PROVIDED",
  "advance_shipping_notice": "NOT_PROVIDED",
  "transfer_in": "NOT_PROVIDED"
}
[2026-01-21T12:12:50.967Z] [DEBUG] Requesting database connection from pool
[2026-01-21T12:12:50.967Z] [DEBUG] Database connection obtained from pool
[2026-01-21T12:12:50.969Z] [INFO] 📥 GET /api/putaway/tasks?status=Open
{
  "IP": "192.168.103.205",
  "UserAgent": "okhttp/4.12.0"
}
[2026-01-21T12:12:50.970Z] [INFO] [Putaway Tasks API] Request received:
{
  "status": "Open",
  "source_type": "NOT_PROVIDED",
  "advance_shipping_notice": "NOT_PROVIDED",
  "transfer_in": "NOT_PROVIDED"
}
[2026-01-21T12:12:50.970Z] [DEBUG] Requesting database connection from pool
[2026-01-21T12:12:50.971Z] [DEBUG] Database connection obtained from pool
[2026-01-21T12:12:50.972Z] [INFO] [Putaway Tasks API] Status filter applied:
[
  "Open"
]
[2026-01-21T12:12:50.972Z] [INFO] [Putaway Tasks API] Status filter applied:
[
  "Open"
]
[2026-01-21T12:12:50.974Z] [INFO] [Putaway Tasks API] Query executed:
{
  "whereClause": "WHERE pt.status IN (?)",
  "params": [
    "Open"
  ],
  "tasks_found": 0
}
[2026-01-21T12:12:50.974Z] [WARN] [Putaway Tasks API] No tasks found with filters:
{
  "status": "Open",
  "source_type": "ALL",
  "advance_shipping_notice": "ALL",
  "transfer_in": "ALL"
}
[2026-01-21T12:12:50.975Z] [INFO] [Putaway Tasks API] Query executed:
{
  "whereClause": "WHERE pt.status IN (?)",
  "params": [
    "Open"
  ],
  "tasks_found": 0
}
[2026-01-21T12:12:50.976Z] [WARN] [Putaway Tasks API] No tasks found with filters:
{
  "status": "Open",
  "source_type": "ALL",
  "advance_shipping_notice": "ALL",
  "transfer_in": "ALL"
}
[2026-01-21T12:13:01.262Z] [INFO] 📥 GET /api/health
{
  "IP": "192.168.103.205",
  "UserAgent": "okhttp/4.12.0"
}
[2026-01-21T12:13:02.790Z] [INFO] 📥 GET /api/health
{
  "IP": "192.168.103.205",
  "UserAgent": "okhttp/4.12.0"
}
[2026-01-21T12:13:24.736Z] [INFO] 📥 GET /api/transaction-history?from_date=2025-10-23&to_date=2026-01-22&limit=1000
{
  "IP": "127.0.0.1",
  "UserAgent": "unknown"
}
[2026-01-21T12:13:24.737Z] [DEBUG] Requesting database connection from pool
[2026-01-21T12:13:24.737Z] [DEBUG] Database connection obtained from pool
[2026-01-21T12:13:24.740Z] [INFO] [Transaction History] Executing query
{
  "query": "\n      SELECT \n        id,\n        transaction_id,\n        COALESCE(transaction_number, '') as transaction_number,\n        transaction_date,\n        transaction_type,\n        reference_doc_type,\n        reference_doc,\n        wms_transaction_title,\n        item_code,\n        item_name,\n        warehouse,\n        warehouse_name,\n        bin_location,\n        location_id,\n        carton_id,\n        batch_no,\n        serial_no,\n        qty_change,\n        qty_before,\n        qty_after,\n        stoc",
  "params": [
    "2025-10-23",
    "2026-01-22",
    1000
  ],
  "paramsCount": 3,
  "hasTransactionNoColumn": true,
  "transactionNoColumnName": "transaction_number",
  "filters": {
    "from_date": "2025-10-23",
    "to_date": "2026-01-22",
    "limit": 1000
  }
}
[2026-01-21T12:13:24.742Z] [INFO] [Transaction History] Query executed successfully
{
  "rowsReturned": 8,
  "sampleRow": {
    "id": 34,
    "item_code": "SKU-HAT-301-GRN-OS",
    "transaction_date": "2026-01-21T12:07:17.000Z",
    "transaction_type": "Putaway",
    "transaction_number": "TXN-20260121-00026"
  }
}
[2026-01-21T12:13:24.744Z] [INFO] [Transaction History] Returning response
{
  "totalRecords": 8,
  "sampleRecord": {
    "id": 34,
    "item_code": "SKU-HAT-301-GRN-OS",
    "transaction_date": "2026-01-21T12:07:17.000Z",
    "transaction_type": "Putaway",
    "transaction_number": "TXN-20260121-00026"
  },
  "responseFormat": {
    "ok": true,
    "hasData": true,
    "dataLength": 8
  }
}
[2026-01-21T12:13:24.745Z] [INFO] [Transaction History] Sending response
{
  "responseOk": true,
  "dataArrayLength": 8,
  "count": 8
}
[2026-01-21T12:13:31.265Z] [INFO] 📥 GET /api/health
{
  "IP": "192.168.103.205",
  "UserAgent": "okhttp/4.12.0"
}
[2026-01-21T12:13:32.818Z] [INFO] 📥 GET /api/health
{
  "IP": "192.168.103.205",
  "UserAgent": "okhttp/4.12.0"
}
[2026-01-21T12:14:01.276Z] [INFO] 📥 GET /api/health
{
  "IP": "192.168.103.205",
  "UserAgent": "okhttp/4.12.0"
}
[2026-01-21T12:14:02.816Z] [INFO] 📥 GET /api/health
{
  "IP": "192.168.103.205",
  "UserAgent": "okhttp/4.12.0"
}
[2026-01-21T12:14:31.309Z] [INFO] 📥 GET /api/health
{
  "IP": "192.168.103.205",
  "UserAgent": "okhttp/4.12.0"
}
[2026-01-21T12:14:32.840Z] [INFO] 📥 GET /api/health
{
  "IP": "192.168.103.205",
  "UserAgent": "okhttp/4.12.0"
}
[2026-01-21T12:15:01.312Z] [INFO] 📥 GET /api/health
{
  "IP": "192.168.103.205",
  "UserAgent": "okhttp/4.12.0"
}
[2026-01-21T12:15:02.838Z] [INFO] 📥 GET /api/health
{
  "IP": "192.168.103.205",
  "UserAgent": "okhttp/4.12.0"
}
[2026-01-21T12:15:31.312Z] [INFO] 📥 GET /api/health
{
  "IP": "192.168.103.205",
  "UserAgent": "okhttp/4.12.0"
}
[2026-01-21T12:15:32.858Z] [INFO] 📥 GET /api/health
{
  "IP": "192.168.103.205",
  "UserAgent": "okhttp/4.12.0"
}
[2026-01-21T12:16:01.320Z] [INFO] 📥 GET /api/health
{
  "IP": "192.168.103.205",
  "UserAgent": "okhttp/4.12.0"
}
[2026-01-21T12:16:02.853Z] [INFO] 📥 GET /api/health
{
  "IP": "192.168.103.205",
  "UserAgent": "okhttp/4.12.0"
}
[2026-01-21T12:16:31.345Z] [INFO] 📥 GET /api/health
{
  "IP": "192.168.103.205",
  "UserAgent": "okhttp/4.12.0"
}
[2026-01-21T12:16:32.864Z] [INFO] 📥 GET /api/health
{
  "IP": "192.168.103.205",
  "UserAgent": "okhttp/4.12.0"
}
[2026-01-21T12:16:45.321Z] [INFO] 📥 GET /api/health
{
  "IP": "192.168.103.205",
  "UserAgent": "okhttp/4.12.0"
}
[2026-01-21T12:16:45.383Z] [INFO] 📥 GET /api/material-requests
{
  "IP": "192.168.103.205",
  "UserAgent": "okhttp/4.12.0"
}
[2026-01-21T12:16:45.388Z] [DEBUG] Requesting database connection from pool
[2026-01-21T12:16:45.392Z] [DEBUG] Database connection obtained from pool
[2026-01-21T12:16:45.395Z] [INFO] 📥 GET /api/material-requests
{
  "IP": "192.168.103.205",
  "UserAgent": "okhttp/4.12.0"
}
[2026-01-21T12:16:45.400Z] [DEBUG] Requesting database connection from pool
[2026-01-21T12:16:45.403Z] [DEBUG] Database connection obtained from pool
[2026-01-21T12:16:46.494Z] [INFO] 📥 GET /api/health
{
  "IP": "192.168.103.205",
  "UserAgent": "okhttp/4.12.0"
}
[2026-01-21T12:16:46.554Z] [INFO] 📥 GET /api/material-requests/MR-0001
{
  "IP": "192.168.103.205",
  "UserAgent": "okhttp/4.12.0"
}
[2026-01-21T12:16:46.558Z] [DEBUG] Requesting database connection from pool
[2026-01-21T12:16:46.560Z] [DEBUG] Database connection obtained from pool
[2026-01-21T12:16:46.564Z] [INFO] 📥 GET /api/material-requests/MR-0001
{
  "IP": "192.168.103.205",
  "UserAgent": "okhttp/4.12.0"
}
[2026-01-21T12:16:46.568Z] [DEBUG] Requesting database connection from pool
[2026-01-21T12:16:46.572Z] [DEBUG] Database connection obtained from pool
[2026-01-21T12:16:46.720Z] [INFO] 📥 GET /api/transfer-cartons?material_request=MR-0001
{
  "IP": "192.168.103.205",
  "UserAgent": "okhttp/4.12.0"
}
[2026-01-21T12:16:46.722Z] [DEBUG] Requesting database connection from pool
[2026-01-21T12:16:46.722Z] [DEBUG] Database connection obtained from pool
[2026-01-21T12:16:46.725Z] [INFO] 📥 GET /api/transfer-cartons?material_request=MR-0001
{
  "IP": "192.168.103.205",
  "UserAgent": "okhttp/4.12.0"
}
[2026-01-21T12:16:46.731Z] [DEBUG] Requesting database connection from pool
[2026-01-21T12:16:46.734Z] [DEBUG] Database connection obtained from pool
[2026-01-21T12:16:50.221Z] [INFO] 📥 POST /api/material-requests/MR-0001/update-status
{
  "IP": "192.168.103.205",
  "UserAgent": "okhttp/4.12.0"
}
[2026-01-21T12:16:50.224Z] [DEBUG] Request body
{
  "status": "In Progress"
}
[2026-01-21T12:16:50.227Z] [DEBUG] Requesting database connection from pool
[2026-01-21T12:16:50.232Z] [DEBUG] Database connection obtained from pool
[2026-01-21T12:16:50.391Z] [INFO] 📥 GET /api/material-requests/MR-0001
{
  "IP": "192.168.103.205",
  "UserAgent": "okhttp/4.12.0"
}
[2026-01-21T12:16:50.392Z] [DEBUG] Requesting database connection from pool
[2026-01-21T12:16:50.393Z] [DEBUG] Database connection obtained from pool
[2026-01-21T12:16:50.565Z] [INFO] 📥 GET /api/transfer-cartons?material_request=MR-0001
{
  "IP": "192.168.103.205",
  "UserAgent": "okhttp/4.12.0"
}
[2026-01-21T12:16:50.566Z] [DEBUG] Requesting database connection from pool
[2026-01-21T12:16:50.567Z] [DEBUG] Database connection obtained from pool
[2026-01-21T12:16:50.873Z] [INFO] 📥 GET /api/health
{
  "IP": "192.168.103.205",
  "UserAgent": "okhttp/4.12.0"
}
[2026-01-21T12:16:56.312Z] [INFO] 📥 GET /api/material-requests/MR-0001
{
  "IP": "192.168.103.205",
  "UserAgent": "okhttp/4.12.0"
}
[2026-01-21T12:16:56.313Z] [DEBUG] Requesting database connection from pool
[2026-01-21T12:16:56.314Z] [DEBUG] Database connection obtained from pool
[2026-01-21T12:16:56.466Z] [INFO] 📥 GET /api/transfer-cartons?material_request=MR-0001
{
  "IP": "192.168.103.205",
  "UserAgent": "okhttp/4.12.0"
}
[2026-01-21T12:16:56.468Z] [DEBUG] Requesting database connection from pool
[2026-01-21T12:16:56.469Z] [DEBUG] Database connection obtained from pool
[2026-01-21T12:16:59.596Z] [INFO] 📥 GET /api/stock/item/SKU-HAT-301-BLU-OS/warehouse/STORE-001
{
  "IP": "192.168.103.205",
  "UserAgent": "okhttp/4.12.0"
}
[2026-01-21T12:16:59.604Z] [DEBUG] Requesting database connection from pool
[2026-01-21T12:16:59.605Z] [DEBUG] Database connection obtained from pool
[2026-01-21T12:16:59.607Z] [INFO] [Stock Ledger] Item Location Breakdown API called
{
  "original_warehouse": "STORE-001",
  "normalized_warehouse": "STORE-001",
  "whUpper": "STORE-001",
  "item_code": "SKU-HAT-301-BLU-OS"
}
[2026-01-21T12:16:59.628Z] [INFO] [Stock Ledger] Item Location Breakdown response
{
  "item_code": "SKU-HAT-301-BLU-OS",
  "warehouse": "STORE-001",
  "normalized_warehouse": "STORE-001",
  "format": "grouped",
  "grouped_count": 0,
  "flat_count": 0,
  "sample_bin": null
}
[2026-01-21T12:17:01.345Z] [INFO] 📥 GET /api/health
{
  "IP": "192.168.103.205",
  "UserAgent": "okhttp/4.12.0"
}
[2026-01-21T12:17:15.327Z] [INFO] 📥 GET /api/health
{
  "IP": "192.168.103.205",
  "UserAgent": "okhttp/4.12.0"
}
[2026-01-21T12:17:16.517Z] [INFO] 📥 GET /api/health
{
  "IP": "192.168.103.205",
  "UserAgent": "okhttp/4.12.0"
}
[2026-01-21T12:17:16.701Z] [INFO] 📥 GET /api/stock/item/SKU-HAT-301-BLU-OS/warehouse/WH-MAIN?format=grouped
{
  "IP": "127.0.0.1",
  "UserAgent": "unknown"
}
[2026-01-21T12:17:16.703Z] [DEBUG] Requesting database connection from pool
[2026-01-21T12:17:16.706Z] [DEBUG] Database connection obtained from pool
[2026-01-21T12:17:16.709Z] [INFO] [Stock Ledger] Item Location Breakdown API called
{
  "original_warehouse": "WH-MAIN",
  "normalized_warehouse": "WH-MAIN",
  "whUpper": "WH-MAIN",
  "item_code": "SKU-HAT-301-BLU-OS"
}
[2026-01-21T12:17:16.760Z] [INFO] [Stock Ledger] Item Location Breakdown response
{
  "item_code": "SKU-HAT-301-BLU-OS",
  "warehouse": "WH-MAIN",
  "normalized_warehouse": "WH-MAIN",
  "format": "grouped",
  "grouped_count": 2,
  "flat_count": 2,
  "sample_bin": "A1-R01-L3-B1"
}
[2026-01-21T12:17:21.527Z] [INFO] 📥 GET /api/stock/item/SKU-HAT-301-BLU-OS/warehouse/STORE-001
{
  "IP": "192.168.103.205",
  "UserAgent": "okhttp/4.12.0"
}
[2026-01-21T12:17:21.531Z] [DEBUG] Requesting database connection from pool
[2026-01-21T12:17:21.533Z] [DEBUG] Database connection obtained from pool
[2026-01-21T12:17:21.535Z] [INFO] [Stock Ledger] Item Location Breakdown API called
{
  "original_warehouse": "STORE-001",
  "normalized_warehouse": "STORE-001",
  "whUpper": "STORE-001",
  "item_code": "SKU-HAT-301-BLU-OS"
}
[2026-01-21T12:17:21.549Z] [INFO] [Stock Ledger] Item Location Breakdown response
{
  "item_code": "SKU-HAT-301-BLU-OS",
  "warehouse": "STORE-001",
  "normalized_warehouse": "STORE-001",
  "format": "grouped",
  "grouped_count": 0,
  "flat_count": 0,
  "sample_bin": null
}
[2026-01-21T12:17:25.828Z] [INFO] 📥 GET /api/stock/item/SKU-HAT-301-GRN-OS/warehouse/STORE-001
{
  "IP": "192.168.103.205",
  "UserAgent": "okhttp/4.12.0"
}
[2026-01-21T12:17:25.830Z] [DEBUG] Requesting database connection from pool
[2026-01-21T12:17:25.830Z] [DEBUG] Database connection obtained from pool
[2026-01-21T12:17:25.831Z] [INFO] [Stock Ledger] Item Location Breakdown API called
{
  "original_warehouse": "STORE-001",
  "normalized_warehouse": "STORE-001",
  "whUpper": "STORE-001",
  "item_code": "SKU-HAT-301-GRN-OS"
}
[2026-01-21T12:17:25.834Z] [INFO] [Stock Ledger] Item Location Breakdown response
{
  "item_code": "SKU-HAT-301-GRN-OS",
  "warehouse": "STORE-001",
  "normalized_warehouse": "STORE-001",
  "format": "grouped",
  "grouped_count": 0,
  "flat_count": 0,
  "sample_bin": null
}
[2026-01-21T12:17:28.384Z] [INFO] 📥 GET /api/stock/item/SKU-HAT-301-BLU-OS/warehouse/STORE-001
{
  "IP": "192.168.103.205",
  "UserAgent": "okhttp/4.12.0"
}
[2026-01-21T12:17:28.385Z] [DEBUG] Requesting database connection from pool
[2026-01-21T12:17:28.386Z] [DEBUG] Database connection obtained from pool
[2026-01-21T12:17:28.387Z] [INFO] [Stock Ledger] Item Location Breakdown API called
{
  "original_warehouse": "STORE-001",
  "normalized_warehouse": "STORE-001",
  "whUpper": "STORE-001",
  "item_code": "SKU-HAT-301-BLU-OS"
}
[2026-01-21T12:17:28.394Z] [INFO] [Stock Ledger] Item Location Breakdown response
{
  "item_code": "SKU-HAT-301-BLU-OS",
  "warehouse": "STORE-001",
  "normalized_warehouse": "STORE-001",
  "format": "grouped",
  "grouped_count": 0,
  "flat_count": 0,
  "sample_bin": null
}
[2026-01-21T12:17:31.333Z] [INFO] 📥 GET /api/health
{
  "IP": "192.168.103.205",
  "UserAgent": "okhttp/4.12.0"
}
[2026-01-21T12:17:45.333Z] [INFO] 📥 GET /api/health
{
  "IP": "192.168.103.205",
  "UserAgent": "okhttp/4.12.0"
}
[2026-01-21T12:17:46.515Z] [INFO] 📥 GET /api/health
{
  "IP": "192.168.103.205",
  "UserAgent": "okhttp/4.12.0"
}
[2026-01-21T12:18:00.890Z] [INFO] 📥 POST /api/auth/login
{
  "IP": "192.168.103.205",
  "UserAgent": "okhttp/4.12.0"
}
[2026-01-21T12:18:00.893Z] [DEBUG] Requesting database connection from pool
[2026-01-21T12:18:00.894Z] [DEBUG] Database connection obtained from pool
[2026-01-21T12:18:01.975Z] [INFO] 📥 GET /api/health
{
  "IP": "192.168.103.205",
  "UserAgent": "okhttp/4.12.0"
}
[2026-01-21T12:18:04.864Z] [INFO] 📥 GET /api/health
{
  "IP": "192.168.103.205",
  "UserAgent": "okhttp/4.12.0"
}
[2026-01-21T12:18:04.910Z] [INFO] 📥 GET /api/stock/ledger
{
  "IP": "192.168.103.205",
  "UserAgent": "okhttp/4.12.0"
}
[2026-01-21T12:18:04.912Z] [DEBUG] Requesting database connection from pool
[2026-01-21T12:18:04.912Z] [DEBUG] Database connection obtained from pool
[2026-01-21T12:18:04.915Z] [INFO] 📥 GET /api/stock/ledger
{
  "IP": "192.168.103.205",
  "UserAgent": "okhttp/4.12.0"
}
[2026-01-21T12:18:04.916Z] [DEBUG] Requesting database connection from pool
[2026-01-21T12:18:04.916Z] [DEBUG] Database connection obtained from pool
[2026-01-21T12:18:08.392Z] [INFO] 📥 GET /api/health
{
  "IP": "192.168.103.205",
  "UserAgent": "okhttp/4.12.0"
}
[2026-01-21T12:18:08.452Z] [INFO] 📥 GET /api/material-requests
{
  "IP": "192.168.103.205",
  "UserAgent": "okhttp/4.12.0"
}
[2026-01-21T12:18:08.454Z] [DEBUG] Requesting database connection from pool
[2026-01-21T12:18:08.454Z] [DEBUG] Database connection obtained from pool
[2026-01-21T12:18:08.456Z] [INFO] 📥 GET /api/material-requests
{
  "IP": "192.168.103.205",
  "UserAgent": "okhttp/4.12.0"
}
[2026-01-21T12:18:08.457Z] [DEBUG] Requesting database connection from pool
[2026-01-21T12:18:08.458Z] [DEBUG] Database connection obtained from pool
[2026-01-21T12:18:09.732Z] [INFO] 📥 GET /api/health
{
  "IP": "192.168.103.205",
  "UserAgent": "okhttp/4.12.0"
}
[2026-01-21T12:18:09.795Z] [INFO] 📥 GET /api/material-requests/MR-0001
{
  "IP": "192.168.103.205",
  "UserAgent": "okhttp/4.12.0"
}
[2026-01-21T12:18:09.796Z] [DEBUG] Requesting database connection from pool
[2026-01-21T12:18:09.797Z] [DEBUG] Database connection obtained from pool
[2026-01-21T12:18:09.798Z] [INFO] 📥 GET /api/material-requests/MR-0001
{
  "IP": "192.168.103.205",
  "UserAgent": "okhttp/4.12.0"
}
[2026-01-21T12:18:09.799Z] [DEBUG] Requesting database connection from pool
[2026-01-21T12:18:09.800Z] [DEBUG] Database connection obtained from pool
[2026-01-21T12:18:09.964Z] [INFO] 📥 GET /api/transfer-cartons?material_request=MR-0001
{
  "IP": "192.168.103.205",
  "UserAgent": "okhttp/4.12.0"
}
[2026-01-21T12:18:09.965Z] [DEBUG] Requesting database connection from pool
[2026-01-21T12:18:09.965Z] [DEBUG] Database connection obtained from pool
[2026-01-21T12:18:09.967Z] [INFO] 📥 GET /api/transfer-cartons?material_request=MR-0001
{
  "IP": "192.168.103.205",
  "UserAgent": "okhttp/4.12.0"
}
[2026-01-21T12:18:09.967Z] [DEBUG] Requesting database connection from pool
[2026-01-21T12:18:09.968Z] [DEBUG] Database connection obtained from pool
[2026-01-21T12:18:09.969Z] [INFO] 📥 GET /api/material-requests/MR-0001/picking-status
{
  "IP": "192.168.103.205",
  "UserAgent": "okhttp/4.12.0"
}
[2026-01-21T12:18:09.970Z] [DEBUG] Requesting database connection from pool
[2026-01-21T12:18:09.971Z] [DEBUG] Database connection obtained from pool
[2026-01-21T12:18:14.175Z] [INFO] 📥 GET /api/stock/item/SKU-HAT-301-BLU-OS/warehouse/STORE-001
{
  "IP": "192.168.103.205",
  "UserAgent": "okhttp/4.12.0"
}
[2026-01-21T12:18:14.176Z] [DEBUG] Requesting database connection from pool
[2026-01-21T12:18:14.177Z] [DEBUG] Database connection obtained from pool
[2026-01-21T12:18:14.178Z] [INFO] [Stock Ledger] Item Location Breakdown API called
{
  "original_warehouse": "STORE-001",
  "normalized_warehouse": "STORE-001",
  "whUpper": "STORE-001",
  "item_code": "SKU-HAT-301-BLU-OS"
}
[2026-01-21T12:18:14.191Z] [INFO] [Stock Ledger] Item Location Breakdown response
{
  "item_code": "SKU-HAT-301-BLU-OS",
  "warehouse": "STORE-001",
  "normalized_warehouse": "STORE-001",
  "format": "grouped",
  "grouped_count": 0,
  "flat_count": 0,
  "sample_bin": null
}
[2026-01-21T12:18:14.978Z] [INFO] 📥 GET /api/material-requests/MR-0001/picking-status
{
  "IP": "192.168.103.205",
  "UserAgent": "okhttp/4.12.0"
}
[2026-01-21T12:18:14.980Z] [DEBUG] Requesting database connection from pool
[2026-01-21T12:18:14.980Z] [DEBUG] Database connection obtained from pool
[2026-01-21T12:18:20.004Z] [INFO] 📥 GET /api/material-requests/MR-0001/picking-status
{
  "IP": "192.168.103.205",
  "UserAgent": "okhttp/4.12.0"
}
[2026-01-21T12:18:20.006Z] [DEBUG] Requesting database connection from pool
[2026-01-21T12:18:20.007Z] [DEBUG] Database connection obtained from pool
[2026-01-21T12:18:25.006Z] [INFO] 📥 GET /api/material-requests/MR-0001/picking-status
{
  "IP": "192.168.103.205",
  "UserAgent": "okhttp/4.12.0"
}
[2026-01-21T12:18:25.007Z] [DEBUG] Requesting database connection from pool
[2026-01-21T12:18:25.008Z] [DEBUG] Database connection obtained from pool
[2026-01-21T12:18:30.012Z] [INFO] 📥 GET /api/material-requests/MR-0001/picking-status
{
  "IP": "192.168.103.205",
  "UserAgent": "okhttp/4.12.0"
}
[2026-01-21T12:18:30.013Z] [DEBUG] Requesting database connection from pool
[2026-01-21T12:18:30.013Z] [DEBUG] Database connection obtained from pool
[2026-01-21T12:18:31.403Z] [INFO] 📥 GET /api/health
{
  "IP": "192.168.103.205",
  "UserAgent": "okhttp/4.12.0"
}
[2026-01-21T12:18:35.050Z] [INFO] 📥 GET /api/material-requests/MR-0001/picking-status
{
  "IP": "192.168.103.205",
  "UserAgent": "okhttp/4.12.0"
}
[2026-01-21T12:18:35.051Z] [DEBUG] Requesting database connection from pool
[2026-01-21T12:18:35.051Z] [DEBUG] Database connection obtained from pool
[2026-01-21T12:18:38.386Z] [INFO] 📥 GET /api/health
{
  "IP": "192.168.103.205",
  "UserAgent": "okhttp/4.12.0"
}
[2026-01-21T12:18:39.747Z] [INFO] 📥 GET /api/health
{
  "IP": "192.168.103.205",
  "UserAgent": "okhttp/4.12.0"
}
[2026-01-21T12:18:40.036Z] [INFO] 📥 GET /api/material-requests/MR-0001/picking-status
{
  "IP": "192.168.103.205",
  "UserAgent": "okhttp/4.12.0"
}
[2026-01-21T12:18:40.037Z] [DEBUG] Requesting database connection from pool
[2026-01-21T12:18:40.038Z] [DEBUG] Database connection obtained from pool
[2026-01-21T12:18:45.053Z] [INFO] 📥 GET /api/material-requests/MR-0001/picking-status
{
  "IP": "192.168.103.205",
  "UserAgent": "okhttp/4.12.0"
}
[2026-01-21T12:18:45.054Z] [DEBUG] Requesting database connection from pool
[2026-01-21T12:18:45.055Z] [DEBUG] Database connection obtained from pool
[2026-01-21T12:18:50.061Z] [INFO] 📥 GET /api/material-requests/MR-0001/picking-status
{
  "IP": "192.168.103.205",
  "UserAgent": "okhttp/4.12.0"
}
[2026-01-21T12:18:50.062Z] [DEBUG] Requesting database connection from pool
[2026-01-21T12:18:50.063Z] [DEBUG] Database connection obtained from pool
[2026-01-21T12:18:55.073Z] [INFO] 📥 GET /api/material-requests/MR-0001/picking-status
{
  "IP": "192.168.103.205",
  "UserAgent": "okhttp/4.12.0"
}
[2026-01-21T12:18:55.075Z] [DEBUG] Requesting database connection from pool
[2026-01-21T12:18:55.076Z] [DEBUG] Database connection obtained from pool
[2026-01-21T12:19:00.103Z] [INFO] 📥 GET /api/material-requests/MR-0001/picking-status
{
  "IP": "192.168.103.205",
  "UserAgent": "okhttp/4.12.0"
}
[2026-01-21T12:19:00.104Z] [DEBUG] Requesting database connection from pool
[2026-01-21T12:19:00.104Z] [DEBUG] Database connection obtained from pool
[2026-01-21T12:19:01.433Z] [INFO] 📥 GET /api/health
{
  "IP": "192.168.103.205",
  "UserAgent": "okhttp/4.12.0"
}
[2026-01-21T12:19:05.099Z] [INFO] 📥 GET /api/material-requests/MR-0001/picking-status
{
  "IP": "192.168.103.205",
  "UserAgent": "okhttp/4.12.0"
}
[2026-01-21T12:19:05.100Z] [DEBUG] Requesting database connection from pool
[2026-01-21T12:19:05.101Z] [DEBUG] Database connection obtained from pool
[2026-01-21T12:19:20.909Z] [INFO] 📥 POST /api/auth/login
{
  "IP": "192.168.103.205",
  "UserAgent": "okhttp/4.12.0"
}
[2026-01-21T12:19:20.911Z] [DEBUG] Requesting database connection from pool
[2026-01-21T12:19:20.913Z] [DEBUG] Database connection obtained from pool
[2026-01-21T12:19:21.872Z] [INFO] 📥 GET /api/health
{
  "IP": "192.168.103.205",
  "UserAgent": "okhttp/4.12.0"
}
[2026-01-21T12:19:31.101Z] [INFO] 📥 GET /api/health
{
  "IP": "192.168.103.205",
  "UserAgent": "okhttp/4.12.0"
}
[2026-01-21T12:19:31.158Z] [INFO] 📥 GET /api/material-requests
{
  "IP": "192.168.103.205",
  "UserAgent": "okhttp/4.12.0"
}
[2026-01-21T12:19:31.159Z] [DEBUG] Requesting database connection from pool
[2026-01-21T12:19:31.159Z] [DEBUG] Database connection obtained from pool
[2026-01-21T12:19:31.166Z] [INFO] 📥 GET /api/material-requests
{
  "IP": "192.168.103.205",
  "UserAgent": "okhttp/4.12.0"
}
[2026-01-21T12:19:31.167Z] [DEBUG] Requesting database connection from pool
[2026-01-21T12:19:31.168Z] [DEBUG] Database connection obtained from pool
[2026-01-21T12:19:40.803Z] [INFO] 📥 GET /api/health
{
  "IP": "192.168.103.205",
  "UserAgent": "okhttp/4.12.0"
}
[2026-01-21T12:19:40.858Z] [INFO] 📥 GET /api/material-requests/MR-0001
{
  "IP": "192.168.103.205",
  "UserAgent": "okhttp/4.12.0"
}
[2026-01-21T12:19:40.859Z] [DEBUG] Requesting database connection from pool
[2026-01-21T12:19:40.859Z] [DEBUG] Database connection obtained from pool
[2026-01-21T12:19:40.863Z] [INFO] 📥 GET /api/material-requests/MR-0001
{
  "IP": "192.168.103.205",
  "UserAgent": "okhttp/4.12.0"
}
[2026-01-21T12:19:40.863Z] [DEBUG] Requesting database connection from pool
[2026-01-21T12:19:40.864Z] [DEBUG] Database connection obtained from pool
[2026-01-21T12:19:41.017Z] [INFO] 📥 GET /api/transfer-cartons?material_request=MR-0001
{
  "IP": "192.168.103.205",
  "UserAgent": "okhttp/4.12.0"
}
[2026-01-21T12:19:41.018Z] [DEBUG] Requesting database connection from pool
[2026-01-21T12:19:41.018Z] [DEBUG] Database connection obtained from pool
[2026-01-21T12:19:41.026Z] [INFO] 📥 GET /api/material-requests/MR-0001/picking-status
{
  "IP": "192.168.103.205",
  "UserAgent": "okhttp/4.12.0"
}
[2026-01-21T12:19:41.027Z] [DEBUG] Requesting database connection from pool
[2026-01-21T12:19:41.028Z] [DEBUG] Database connection obtained from pool
[2026-01-21T12:19:41.029Z] [INFO] 📥 GET /api/transfer-cartons?material_request=MR-0001
{
  "IP": "192.168.103.205",
  "UserAgent": "okhttp/4.12.0"
}
[2026-01-21T12:19:41.029Z] [DEBUG] Requesting database connection from pool
[2026-01-21T12:19:41.030Z] [DEBUG] Database connection obtained from pool
[2026-01-21T12:19:45.262Z] [INFO] 📥 GET /api/stock/item/SKU-HAT-301-BLU-OS/warehouse/STORE-001
{
  "IP": "192.168.103.205",
  "UserAgent": "okhttp/4.12.0"
}
[2026-01-21T12:19:45.263Z] [DEBUG] Requesting database connection from pool
[2026-01-21T12:19:45.263Z] [DEBUG] Database connection obtained from pool
[2026-01-21T12:19:45.264Z] [INFO] [Stock Ledger] Item Location Breakdown API called
{
  "original_warehouse": "STORE-001",
  "normalized_warehouse": "STORE-001",
  "whUpper": "STORE-001",
  "item_code": "SKU-HAT-301-BLU-OS"
}
[2026-01-21T12:19:45.266Z] [INFO] [Stock Ledger] Item Location Breakdown response
{
  "item_code": "SKU-HAT-301-BLU-OS",
  "warehouse": "STORE-001",
  "normalized_warehouse": "STORE-001",
  "format": "grouped",
  "grouped_count": 0,
  "flat_count": 0,
  "sample_bin": null
}
[2026-01-21T12:19:46.056Z] [INFO] 📥 GET /api/material-requests/MR-0001/picking-status
{
  "IP": "192.168.103.205",
  "UserAgent": "okhttp/4.12.0"
}
[2026-01-21T12:19:46.057Z] [DEBUG] Requesting database connection from pool
[2026-01-21T12:19:46.057Z] [DEBUG] Database connection obtained from pool
[2026-01-21T12:19:51.058Z] [INFO] 📥 GET /api/material-requests/MR-0001/picking-status
{
  "IP": "192.168.103.205",
  "UserAgent": "okhttp/4.12.0"
}
[2026-01-21T12:19:51.060Z] [DEBUG] Requesting database connection from pool
[2026-01-21T12:19:51.062Z] [DEBUG] Database connection obtained from pool
[2026-01-21T12:19:51.395Z] [INFO] 📥 GET /api/health
{
  "IP": "192.168.103.205",
  "UserAgent": "okhttp/4.12.0"
}
[2026-01-21T12:19:56.063Z] [INFO] 📥 GET /api/material-requests/MR-0001/picking-status
{
  "IP": "192.168.103.205",
  "UserAgent": "okhttp/4.12.0"
}
[2026-01-21T12:19:56.064Z] [DEBUG] Requesting database connection from pool
[2026-01-21T12:19:56.065Z] [DEBUG] Database connection obtained from pool
[2026-01-21T12:20:01.078Z] [INFO] 📥 GET /api/material-requests/MR-0001/picking-status
{
  "IP": "192.168.103.205",
  "UserAgent": "okhttp/4.12.0"
}
[2026-01-21T12:20:01.079Z] [DEBUG] Requesting database connection from pool
[2026-01-21T12:20:01.079Z] [DEBUG] Database connection obtained from pool
[2026-01-21T12:20:01.088Z] [INFO] 📥 GET /api/health
{
  "IP": "192.168.103.205",
  "UserAgent": "okhttp/4.12.0"
}
[2026-01-21T12:20:06.089Z] [INFO] 📥 GET /api/material-requests/MR-0001/picking-status
{
  "IP": "192.168.103.205",
  "UserAgent": "okhttp/4.12.0"
}
[2026-01-21T12:20:06.090Z] [DEBUG] Requesting database connection from pool
[2026-01-21T12:20:06.091Z] [DEBUG] Database connection obtained from pool
[2026-01-21T12:20:10.812Z] [INFO] 📥 GET /api/health
{
  "IP": "192.168.103.205",
  "UserAgent": "okhttp/4.12.0"
}
[2026-01-21T12:20:11.119Z] [INFO] 📥 GET /api/material-requests/MR-0001/picking-status
{
  "IP": "192.168.103.205",
  "UserAgent": "okhttp/4.12.0"
}
[2026-01-21T12:20:11.119Z] [DEBUG] Requesting database connection from pool
[2026-01-21T12:20:11.120Z] [DEBUG] Database connection obtained from pool
[2026-01-21T12:20:16.112Z] [INFO] 📥 GET /api/material-requests/MR-0001/picking-status
{
  "IP": "192.168.103.205",
  "UserAgent": "okhttp/4.12.0"
}
[2026-01-21T12:20:16.113Z] [DEBUG] Requesting database connection from pool
[2026-01-21T12:20:16.113Z] [DEBUG] Database connection obtained from pool
[2026-01-21T12:20:21.152Z] [INFO] 📥 GET /api/material-requests/MR-0001/picking-status
{
  "IP": "192.168.103.205",
  "UserAgent": "okhttp/4.12.0"
}
[2026-01-21T12:20:21.152Z] [DEBUG] Requesting database connection from pool
[2026-01-21T12:20:21.153Z] [DEBUG] Database connection obtained from pool
[2026-01-21T12:20:21.401Z] [INFO] 📥 GET /api/health
{
  "IP": "192.168.103.205",
  "UserAgent": "okhttp/4.12.0"
}
[2026-01-21T12:20:26.138Z] [INFO] 📥 GET /api/material-requests/MR-0001/picking-status
{
  "IP": "192.168.103.205",
  "UserAgent": "okhttp/4.12.0"
}
[2026-01-21T12:20:26.139Z] [DEBUG] Requesting database connection from pool
[2026-01-21T12:20:26.139Z] [DEBUG] Database connection obtained from pool
[2026-01-21T12:20:29.955Z] [INFO] 📥 GET /api/stock/item/SKU-HAT-301-GRN-OS/warehouse/STORE-001
{
  "IP": "192.168.103.205",
  "UserAgent": "okhttp/4.12.0"
}
[2026-01-21T12:20:29.956Z] [DEBUG] Requesting database connection from pool
[2026-01-21T12:20:29.957Z] [DEBUG] Database connection obtained from pool
[2026-01-21T12:20:29.957Z] [INFO] [Stock Ledger] Item Location Breakdown API called
{
  "original_warehouse": "STORE-001",
  "normalized_warehouse": "STORE-001",
  "whUpper": "STORE-001",
  "item_code": "SKU-HAT-301-GRN-OS"
}
[2026-01-21T12:20:29.971Z] [INFO] [Stock Ledger] Item Location Breakdown response
{
  "item_code": "SKU-HAT-301-GRN-OS",
  "warehouse": "STORE-001",
  "normalized_warehouse": "STORE-001",
  "format": "grouped",
  "grouped_count": 0,
  "flat_count": 0,
  "sample_bin": null
}
[2026-01-21T12:20:31.121Z] [INFO] 📥 GET /api/health
{
  "IP": "192.168.103.205",
  "UserAgent": "okhttp/4.12.0"
}
[2026-01-21T12:20:31.145Z] [INFO] 📥 GET /api/material-requests/MR-0001/picking-status
{
  "IP": "192.168.103.205",
  "UserAgent": "okhttp/4.12.0"
}
[2026-01-21T12:20:31.147Z] [DEBUG] Requesting database connection from pool
[2026-01-21T12:20:31.147Z] [DEBUG] Database connection obtained from pool
[2026-01-21T12:20:35.322Z] [INFO] 📥 GET /api/stock/item/SKU-HAT-301-BLU-OS/warehouse/STORE-001
{
  "IP": "192.168.103.205",
  "UserAgent": "okhttp/4.12.0"
}
[2026-01-21T12:20:35.323Z] [DEBUG] Requesting database connection from pool
[2026-01-21T12:20:35.323Z] [DEBUG] Database connection obtained from pool
[2026-01-21T12:20:35.324Z] [INFO] [Stock Ledger] Item Location Breakdown API called
{
  "original_warehouse": "STORE-001",
  "normalized_warehouse": "STORE-001",
  "whUpper": "STORE-001",
  "item_code": "SKU-HAT-301-BLU-OS"
}
[2026-01-21T12:20:35.329Z] [INFO] [Stock Ledger] Item Location Breakdown response
{
  "item_code": "SKU-HAT-301-BLU-OS",
  "warehouse": "STORE-001",
  "normalized_warehouse": "STORE-001",
  "format": "grouped",
  "grouped_count": 0,
  "flat_count": 0,
  "sample_bin": null
}
[2026-01-21T12:20:36.177Z] [INFO] 📥 GET /api/material-requests/MR-0001/picking-status
{
  "IP": "192.168.103.205",
  "UserAgent": "okhttp/4.12.0"
}
[2026-01-21T12:20:36.179Z] [DEBUG] Requesting database connection from pool
[2026-01-21T12:20:36.179Z] [DEBUG] Database connection obtained from pool
[2026-01-21T12:20:40.820Z] [INFO] 📥 GET /api/health
{
  "IP": "192.168.103.205",
  "UserAgent": "okhttp/4.12.0"
}
[2026-01-21T12:20:41.190Z] [INFO] 📥 GET /api/material-requests/MR-0001/picking-status
{
  "IP": "192.168.103.205",
  "UserAgent": "okhttp/4.12.0"
}
[2026-01-21T12:20:41.191Z] [DEBUG] Requesting database connection from pool
[2026-01-21T12:20:41.192Z] [DEBUG] Database connection obtained from pool
[2026-01-21T12:20:46.187Z] [INFO] 📥 GET /api/material-requests/MR-0001/picking-status
{
  "IP": "192.168.103.205",
  "UserAgent": "okhttp/4.12.0"
}
[2026-01-21T12:20:46.189Z] [DEBUG] Requesting database connection from pool
[2026-01-21T12:20:46.189Z] [DEBUG] Database connection obtained from pool
[2026-01-21T12:20:51.215Z] [INFO] 📥 GET /api/material-requests/MR-0001/picking-status
{
  "IP": "192.168.103.205",
  "UserAgent": "okhttp/4.12.0"
}
[2026-01-21T12:20:51.217Z] [DEBUG] Requesting database connection from pool
[2026-01-21T12:20:51.217Z] [DEBUG] Database connection obtained from pool
[2026-01-21T12:20:51.414Z] [INFO] 📥 GET /api/health
{
  "IP": "192.168.103.205",
  "UserAgent": "okhttp/4.12.0"
}
[2026-01-21T12:20:56.212Z] [INFO] 📥 GET /api/material-requests/MR-0001/picking-status
{
  "IP": "192.168.103.205",
  "UserAgent": "okhttp/4.12.0"
}
[2026-01-21T12:20:56.213Z] [DEBUG] Requesting database connection from pool
[2026-01-21T12:20:56.214Z] [DEBUG] Database connection obtained from pool
[2026-01-21T12:21:01.117Z] [INFO] 📥 GET /api/health
{
  "IP": "192.168.103.205",
  "UserAgent": "okhttp/4.12.0"
}
[2026-01-21T12:21:01.218Z] [INFO] 📥 GET /api/material-requests/MR-0001/picking-status
{
  "IP": "192.168.103.205",
  "UserAgent": "okhttp/4.12.0"
}
[2026-01-21T12:21:01.220Z] [DEBUG] Requesting database connection from pool
[2026-01-21T12:21:01.220Z] [DEBUG] Database connection obtained from pool
[2026-01-21T12:21:06.248Z] [INFO] 📥 GET /api/material-requests/MR-0001/picking-status
{
  "IP": "192.168.103.205",
  "UserAgent": "okhttp/4.12.0"
}
[2026-01-21T12:21:06.249Z] [DEBUG] Requesting database connection from pool
[2026-01-21T12:21:06.249Z] [DEBUG] Database connection obtained from pool
[2026-01-21T12:21:10.844Z] [INFO] 📥 GET /api/health
{
  "IP": "192.168.103.205",
  "UserAgent": "okhttp/4.12.0"
}
[2026-01-21T12:21:11.270Z] [INFO] 📥 GET /api/material-requests/MR-0001/picking-status
{
  "IP": "192.168.103.205",
  "UserAgent": "okhttp/4.12.0"
}
[2026-01-21T12:21:11.272Z] [DEBUG] Requesting database connection from pool
[2026-01-21T12:21:11.272Z] [DEBUG] Database connection obtained from pool
[2026-01-21T12:21:16.275Z] [INFO] 📥 GET /api/material-requests/MR-0001/picking-status
{
  "IP": "192.168.103.205",
  "UserAgent": "okhttp/4.12.0"
}
[2026-01-21T12:21:16.276Z] [DEBUG] Requesting database connection from pool
[2026-01-21T12:21:16.277Z] [DEBUG] Database connection obtained from pool
[2026-01-21T12:21:21.269Z] [INFO] 📥 GET /api/material-requests/MR-0001/picking-status
{
  "IP": "192.168.103.205",
  "UserAgent": "okhttp/4.12.0"
}
[2026-01-21T12:21:21.270Z] [DEBUG] Requesting database connection from pool
[2026-01-21T12:21:21.271Z] [DEBUG] Database connection obtained from pool
[2026-01-21T12:21:21.425Z] [INFO] 📥 GET /api/health
{
  "IP": "192.168.103.205",
  "UserAgent": "okhttp/4.12.0"
}
[2026-01-21T12:21:26.284Z] [INFO] 📥 GET /api/material-requests/MR-0001/picking-status
{
  "IP": "192.168.103.205",
  "UserAgent": "okhttp/4.12.0"
}
[2026-01-21T12:21:26.286Z] [DEBUG] Requesting database connection from pool
[2026-01-21T12:21:26.286Z] [DEBUG] Database connection obtained from pool
[2026-01-21T12:21:31.123Z] [INFO] 📥 GET /api/health
{
  "IP": "192.168.103.205",
  "UserAgent": "okhttp/4.12.0"
}
[2026-01-21T12:21:31.295Z] [INFO] 📥 GET /api/material-requests/MR-0001/picking-status
{
  "IP": "192.168.103.205",
  "UserAgent": "okhttp/4.12.0"
}
[2026-01-21T12:21:31.296Z] [DEBUG] Requesting database connection from pool
[2026-01-21T12:21:31.297Z] [DEBUG] Database connection obtained from pool
[2026-01-21T12:21:35.055Z] [INFO] 📥 GET /api/material-requests/MR-0001
{
  "IP": "192.168.103.205",
  "UserAgent": "okhttp/4.12.0"
}
[2026-01-21T12:21:35.059Z] [DEBUG] Requesting database connection from pool
[2026-01-21T12:21:35.060Z] [DEBUG] Database connection obtained from pool
[2026-01-21T12:21:35.062Z] [INFO] 📥 GET /api/material-requests/MR-0001/picking-status
{
  "IP": "192.168.103.205",
  "UserAgent": "okhttp/4.12.0"
}
[2026-01-21T12:21:35.064Z] [DEBUG] Requesting database connection from pool
[2026-01-21T12:21:35.066Z] [DEBUG] Database connection obtained from pool
[2026-01-21T12:21:35.069Z] [INFO] 📥 GET /api/material-requests/MR-0001
{
  "IP": "192.168.103.205",
  "UserAgent": "okhttp/4.12.0"
}
[2026-01-21T12:21:35.072Z] [DEBUG] Requesting database connection from pool
[2026-01-21T12:21:35.073Z] [DEBUG] Database connection obtained from pool
[2026-01-21T12:21:35.253Z] [INFO] 📥 GET /api/transfer-cartons?material_request=MR-0001
{
  "IP": "192.168.103.205",
  "UserAgent": "okhttp/4.12.0"
}
[2026-01-21T12:21:35.254Z] [DEBUG] Requesting database connection from pool
[2026-01-21T12:21:35.255Z] [DEBUG] Database connection obtained from pool
[2026-01-21T12:21:35.257Z] [INFO] 📥 GET /api/transfer-cartons?material_request=MR-0001
{
  "IP": "192.168.103.205",
  "UserAgent": "okhttp/4.12.0"
}
[2026-01-21T12:21:35.259Z] [DEBUG] Requesting database connection from pool
[2026-01-21T12:21:35.260Z] [DEBUG] Database connection obtained from pool
[2026-01-21T12:21:35.261Z] [INFO] 📥 GET /api/material-requests/MR-0001/picking-status
{
  "IP": "192.168.103.205",
  "UserAgent": "okhttp/4.12.0"
}
[2026-01-21T12:21:35.263Z] [DEBUG] Requesting database connection from pool
[2026-01-21T12:21:35.264Z] [DEBUG] Database connection obtained from pool
[2026-01-21T12:21:40.268Z] [INFO] 📥 GET /api/material-requests/MR-0001/picking-status
{
  "IP": "192.168.103.205",
  "UserAgent": "okhttp/4.12.0"
}
[2026-01-21T12:21:40.271Z] [DEBUG] Requesting database connection from pool
[2026-01-21T12:21:40.272Z] [DEBUG] Database connection obtained from pool
[2026-01-21T12:21:40.857Z] [INFO] 📥 GET /api/health
{
  "IP": "192.168.103.205",
  "UserAgent": "okhttp/4.12.0"
}
[2026-01-21T12:21:45.278Z] [INFO] 📥 GET /api/material-requests/MR-0001/picking-status
{
  "IP": "192.168.103.205",
  "UserAgent": "okhttp/4.12.0"
}
[2026-01-21T12:21:45.282Z] [DEBUG] Requesting database connection from pool
[2026-01-21T12:21:45.284Z] [DEBUG] Database connection obtained from pool
[2026-01-21T12:21:50.292Z] [INFO] 📥 GET /api/material-requests/MR-0001/picking-status
{
  "IP": "192.168.103.205",
  "UserAgent": "okhttp/4.12.0"
}
[2026-01-21T12:21:50.293Z] [DEBUG] Requesting database connection from pool
[2026-01-21T12:21:50.294Z] [DEBUG] Database connection obtained from pool
[2026-01-21T12:21:51.435Z] [INFO] 📥 GET /api/health
{
  "IP": "192.168.103.205",
  "UserAgent": "okhttp/4.12.0"
}
[2026-01-21T12:21:55.303Z] [INFO] 📥 GET /api/material-requests/MR-0001/picking-status
{
  "IP": "192.168.103.205",
  "UserAgent": "okhttp/4.12.0"
}
[2026-01-21T12:21:55.304Z] [DEBUG] Requesting database connection from pool
[2026-01-21T12:21:55.305Z] [DEBUG] Database connection obtained from pool
[2026-01-21T12:22:00.334Z] [INFO] 📥 GET /api/material-requests/MR-0001/picking-status
{
  "IP": "192.168.103.205",
  "UserAgent": "okhttp/4.12.0"
}
[2026-01-21T12:22:00.335Z] [DEBUG] Requesting database connection from pool
[2026-01-21T12:22:00.337Z] [DEBUG] Database connection obtained from pool
[2026-01-21T12:22:01.165Z] [INFO] 📥 GET /api/health
{
  "IP": "192.168.103.205",
  "UserAgent": "okhttp/4.12.0"
}
[2026-01-21T12:22:05.346Z] [INFO] 📥 GET /api/material-requests/MR-0001/picking-status
{
  "IP": "192.168.103.205",
  "UserAgent": "okhttp/4.12.0"
}
[2026-01-21T12:22:05.348Z] [DEBUG] Requesting database connection from pool
[2026-01-21T12:22:05.349Z] [DEBUG] Database connection obtained from pool
[2026-01-21T12:22:06.222Z] [INFO] 📥 GET /api/material-requests/MR-0001
{
  "IP": "192.168.103.205",
  "UserAgent": "okhttp/4.12.0"
}
[2026-01-21T12:22:06.226Z] [DEBUG] Requesting database connection from pool
[2026-01-21T12:22:06.230Z] [DEBUG] Database connection obtained from pool
[2026-01-21T12:22:06.236Z] [INFO] 📥 GET /api/material-requests/MR-0001
{
  "IP": "192.168.103.205",
  "UserAgent": "okhttp/4.12.0"
}
[2026-01-21T12:22:06.239Z] [DEBUG] Requesting database connection from pool
[2026-01-21T12:22:06.240Z] [DEBUG] Database connection obtained from pool
[2026-01-21T12:22:06.249Z] [INFO] 📥 GET /api/material-requests/MR-0001/picking-status
{
  "IP": "192.168.103.205",
  "UserAgent": "okhttp/4.12.0"
}
[2026-01-21T12:22:06.270Z] [DEBUG] Requesting database connection from pool
[2026-01-21T12:22:06.286Z] [DEBUG] Database connection obtained from pool
[2026-01-21T12:22:06.451Z] [INFO] 📥 GET /api/transfer-cartons?material_request=MR-0001
{
  "IP": "192.168.103.205",
  "UserAgent": "okhttp/4.12.0"
}
[2026-01-21T12:22:06.455Z] [DEBUG] Requesting database connection from pool
[2026-01-21T12:22:06.456Z] [DEBUG] Database connection obtained from pool
[2026-01-21T12:22:06.461Z] [INFO] 📥 GET /api/transfer-cartons?material_request=MR-0001
{
  "IP": "192.168.103.205",
  "UserAgent": "okhttp/4.12.0"
}
[2026-01-21T12:22:06.469Z] [DEBUG] Requesting database connection from pool
[2026-01-21T12:22:06.476Z] [DEBUG] Database connection obtained from pool
[2026-01-21T12:22:06.482Z] [INFO] 📥 GET /api/material-requests/MR-0001/picking-status
{
  "IP": "192.168.103.205",
  "UserAgent": "okhttp/4.12.0"
}
[2026-01-21T12:22:06.485Z] [DEBUG] Requesting database connection from pool
[2026-01-21T12:22:06.489Z] [DEBUG] Database connection obtained from pool
[2026-01-21T12:22:10.865Z] [INFO] 📥 GET /api/health
{
  "IP": "192.168.103.205",
  "UserAgent": "okhttp/4.12.0"
}
[2026-01-21T12:22:11.479Z] [INFO] 📥 GET /api/material-requests/MR-0001/picking-status
{
  "IP": "192.168.103.205",
  "UserAgent": "okhttp/4.12.0"
}
[2026-01-21T12:22:11.481Z] [DEBUG] Requesting database connection from pool
[2026-01-21T12:22:11.482Z] [DEBUG] Database connection obtained from pool
[2026-01-21T12:22:16.497Z] [INFO] 📥 GET /api/material-requests/MR-0001/picking-status
{
  "IP": "192.168.103.205",
  "UserAgent": "okhttp/4.12.0"
}
[2026-01-21T12:22:16.498Z] [DEBUG] Requesting database connection from pool
[2026-01-21T12:22:16.499Z] [DEBUG] Database connection obtained from pool
[2026-01-21T12:22:21.443Z] [INFO] 📥 GET /api/health
{
  "IP": "192.168.103.205",
  "UserAgent": "okhttp/4.12.0"
}
[2026-01-21T12:22:21.501Z] [INFO] 📥 GET /api/material-requests/MR-0001/picking-status
{
  "IP": "192.168.103.205",
  "UserAgent": "okhttp/4.12.0"
}
[2026-01-21T12:22:21.502Z] [DEBUG] Requesting database connection from pool
[2026-01-21T12:22:21.502Z] [DEBUG] Database connection obtained from pool
[2026-01-21T12:22:26.512Z] [INFO] 📥 GET /api/material-requests/MR-0001/picking-status
{
  "IP": "192.168.103.205",
  "UserAgent": "okhttp/4.12.0"
}
[2026-01-21T12:22:26.513Z] [DEBUG] Requesting database connection from pool
[2026-01-21T12:22:26.514Z] [DEBUG] Database connection obtained from pool
[2026-01-21T12:22:31.145Z] [INFO] 📥 GET /api/health
{
  "IP": "192.168.103.205",
  "UserAgent": "okhttp/4.12.0"
}
[2026-01-21T12:22:31.530Z] [INFO] 📥 GET /api/material-requests/MR-0001/picking-status
{
  "IP": "192.168.103.205",
  "UserAgent": "okhttp/4.12.0"
}
[2026-01-21T12:22:31.532Z] [DEBUG] Requesting database connection from pool
[2026-01-21T12:22:31.532Z] [DEBUG] Database connection obtained from pool
[2026-01-21T12:22:36.536Z] [INFO] 📥 GET /api/material-requests/MR-0001/picking-status
{
  "IP": "192.168.103.205",
  "UserAgent": "okhttp/4.12.0"
}
[2026-01-21T12:22:36.540Z] [DEBUG] Requesting database connection from pool
[2026-01-21T12:22:36.541Z] [DEBUG] Database connection obtained from pool
[2026-01-21T12:22:40.859Z] [INFO] 📥 GET /api/health
{
  "IP": "192.168.103.205",
  "UserAgent": "okhttp/4.12.0"
}
[2026-01-21T12:22:41.554Z] [INFO] 📥 GET /api/material-requests/MR-0001/picking-status
{
  "IP": "192.168.103.205",
  "UserAgent": "okhttp/4.12.0"
}
[2026-01-21T12:22:41.555Z] [DEBUG] Requesting database connection from pool
[2026-01-21T12:22:41.556Z] [DEBUG] Database connection obtained from pool
[2026-01-21T12:22:44.266Z] [INFO] 📥 GET /api/material-requests/MR-0001
{
  "IP": "192.168.103.205",
  "UserAgent": "okhttp/4.12.0"
}
[2026-01-21T12:22:44.269Z] [DEBUG] Requesting database connection from pool
[2026-01-21T12:22:44.270Z] [DEBUG] Database connection obtained from pool
[2026-01-21T12:22:44.275Z] [INFO] 📥 GET /api/material-requests/MR-0001/picking-status
{
  "IP": "192.168.103.205",
  "UserAgent": "okhttp/4.12.0"
}
[2026-01-21T12:22:44.277Z] [DEBUG] Requesting database connection from pool
[2026-01-21T12:22:44.277Z] [DEBUG] Database connection obtained from pool
[2026-01-21T12:22:44.281Z] [INFO] 📥 GET /api/material-requests/MR-0001
{
  "IP": "192.168.103.205",
  "UserAgent": "okhttp/4.12.0"
}
[2026-01-21T12:22:44.284Z] [DEBUG] Requesting database connection from pool
[2026-01-21T12:22:44.286Z] [DEBUG] Database connection obtained from pool
[2026-01-21T12:22:44.449Z] [INFO] 📥 GET /api/transfer-cartons?material_request=MR-0001
{
  "IP": "192.168.103.205",
  "UserAgent": "okhttp/4.12.0"
}
[2026-01-21T12:22:44.450Z] [DEBUG] Requesting database connection from pool
[2026-01-21T12:22:44.451Z] [DEBUG] Database connection obtained from pool
[2026-01-21T12:22:44.454Z] [INFO] 📥 GET /api/transfer-cartons?material_request=MR-0001
{
  "IP": "192.168.103.205",
  "UserAgent": "okhttp/4.12.0"
}
[2026-01-21T12:22:44.456Z] [DEBUG] Requesting database connection from pool
[2026-01-21T12:22:44.457Z] [DEBUG] Database connection obtained from pool
[2026-01-21T12:22:48.147Z] [INFO] 📥 GET /api/material-requests/MR-0001
{
  "IP": "192.168.103.205",
  "UserAgent": "okhttp/4.12.0"
}
[2026-01-21T12:22:48.150Z] [DEBUG] Requesting database connection from pool
[2026-01-21T12:22:48.152Z] [DEBUG] Database connection obtained from pool
[2026-01-21T12:22:48.157Z] [INFO] 📥 GET /api/material-requests/MR-0001
{
  "IP": "192.168.103.205",
  "UserAgent": "okhttp/4.12.0"
}
[2026-01-21T12:22:48.160Z] [DEBUG] Requesting database connection from pool
[2026-01-21T12:22:48.161Z] [DEBUG] Database connection obtained from pool
[2026-01-21T12:22:48.319Z] [INFO] 📥 GET /api/transfer-cartons?material_request=MR-0001
{
  "IP": "192.168.103.205",
  "UserAgent": "okhttp/4.12.0"
}
[2026-01-21T12:22:48.321Z] [DEBUG] Requesting database connection from pool
[2026-01-21T12:22:48.322Z] [DEBUG] Database connection obtained from pool
[2026-01-21T12:22:48.324Z] [INFO] 📥 GET /api/transfer-cartons?material_request=MR-0001
{
  "IP": "192.168.103.205",
  "UserAgent": "okhttp/4.12.0"
}
[2026-01-21T12:22:48.327Z] [DEBUG] Requesting database connection from pool
[2026-01-21T12:22:48.331Z] [DEBUG] Database connection obtained from pool
[2026-01-21T12:22:51.463Z] [INFO] 📥 GET /api/health
{
  "IP": "192.168.103.205",
  "UserAgent": "okhttp/4.12.0"
}
[2026-01-21T12:23:01.169Z] [INFO] 📥 GET /api/health
{
  "IP": "192.168.103.205",
  "UserAgent": "okhttp/4.12.0"
}
[2026-01-21T12:23:03.016Z] [INFO] 📥 GET /api/health
{
  "IP": "192.168.103.205",
  "UserAgent": "okhttp/4.12.0"
}
[2026-01-21T12:23:03.293Z] [INFO] 📥 GET /api/master/items
{
  "IP": "192.168.103.205",
  "UserAgent": "okhttp/4.12.0"
}
[2026-01-21T12:23:03.297Z] [DEBUG] Requesting database connection from pool
[2026-01-21T12:23:03.300Z] [DEBUG] Database connection obtained from pool
[2026-01-21T12:23:03.632Z] [INFO] 📥 GET /api/master/asns
{
  "IP": "192.168.103.205",
  "UserAgent": "okhttp/4.12.0"
}
[2026-01-21T12:23:03.637Z] [DEBUG] Requesting database connection from pool
[2026-01-21T12:23:03.638Z] [DEBUG] Database connection obtained from pool
[2026-01-21T12:23:03.909Z] [INFO] 📥 GET /api/master/transfer-orders
{
  "IP": "192.168.103.205",
  "UserAgent": "okhttp/4.12.0"
}
[2026-01-21T12:23:03.910Z] [DEBUG] Requesting database connection from pool
[2026-01-21T12:23:03.910Z] [DEBUG] Database connection obtained from pool
[2026-01-21T12:23:04.175Z] [INFO] 📥 GET /api/master/boxes
{
  "IP": "192.168.103.205",
  "UserAgent": "okhttp/4.12.0"
}
[2026-01-21T12:23:04.177Z] [DEBUG] Requesting database connection from pool
[2026-01-21T12:23:04.178Z] [DEBUG] Database connection obtained from pool
[2026-01-21T12:23:04.466Z] [INFO] 📥 GET /api/master/transfer-cartons
{
  "IP": "192.168.103.205",
  "UserAgent": "okhttp/4.12.0"
}
[2026-01-21T12:23:04.469Z] [DEBUG] Requesting database connection from pool
[2026-01-21T12:23:04.471Z] [DEBUG] Database connection obtained from pool
[2026-01-21T12:23:04.748Z] [INFO] 📥 GET /api/master/warehouse-racks
{
  "IP": "192.168.103.205",
  "UserAgent": "okhttp/4.12.0"
}
[2026-01-21T12:23:04.750Z] [DEBUG] Requesting database connection from pool
[2026-01-21T12:23:04.751Z] [DEBUG] Database connection obtained from pool
[2026-01-21T12:23:05.035Z] [INFO] 📥 GET /api/master/warehouses
{
  "IP": "192.168.103.205",
  "UserAgent": "okhttp/4.12.0"
}
[2026-01-21T12:23:05.036Z] [DEBUG] Requesting database connection from pool
[2026-01-21T12:23:05.037Z] [DEBUG] Database connection obtained from pool
[2026-01-21T12:23:05.331Z] [INFO] 📥 GET /api/warehouses/stores
{
  "IP": "192.168.103.205",
  "UserAgent": "okhttp/4.12.0"
}
[2026-01-21T12:23:05.334Z] [DEBUG] Requesting database connection from pool
[2026-01-21T12:23:05.335Z] [DEBUG] Database connection obtained from pool
[2026-01-21T12:23:05.611Z] [INFO] 📥 GET /api/master/locations
{
  "IP": "192.168.103.205",
  "UserAgent": "okhttp/4.12.0"
}
[2026-01-21T12:23:05.612Z] [DEBUG] Requesting database connection from pool
[2026-01-21T12:23:05.613Z] [DEBUG] Database connection obtained from pool
[2026-01-21T12:23:05.914Z] [INFO] 📥 GET /api/master/bin-master
{
  "IP": "192.168.103.205",
  "UserAgent": "okhttp/4.12.0"
}
[2026-01-21T12:23:05.915Z] [DEBUG] Requesting database connection from pool
[2026-01-21T12:23:05.916Z] [DEBUG] Database connection obtained from pool
[2026-01-21T12:23:06.317Z] [INFO] 📥 GET /api/master/stock-ledger
{
  "IP": "192.168.103.205",
  "UserAgent": "okhttp/4.12.0"
}
[2026-01-21T12:23:06.319Z] [DEBUG] Requesting database connection from pool
[2026-01-21T12:23:06.320Z] [DEBUG] Database connection obtained from pool
[2026-01-21T12:23:06.608Z] [INFO] 📥 GET /api/master/item-barcode-map
{
  "IP": "192.168.103.205",
  "UserAgent": "okhttp/4.12.0"
}
[2026-01-21T12:23:06.610Z] [DEBUG] Requesting database connection from pool
[2026-01-21T12:23:06.611Z] [DEBUG] Database connection obtained from pool
[2026-01-21T12:23:09.030Z] [INFO] 📥 GET /api/stock/item/SKU-HAT-301-BLU-OS/warehouse/WH-MAIN
{
  "IP": "192.168.103.205",
  "UserAgent": "okhttp/4.12.0"
}
[2026-01-21T12:23:09.031Z] [DEBUG] Requesting database connection from pool
[2026-01-21T12:23:09.032Z] [DEBUG] Database connection obtained from pool
[2026-01-21T12:23:09.033Z] [INFO] [Stock Ledger] Item Location Breakdown API called
{
  "original_warehouse": "WH-MAIN",
  "normalized_warehouse": "WH-MAIN",
  "whUpper": "WH-MAIN",
  "item_code": "SKU-HAT-301-BLU-OS"
}
[2026-01-21T12:23:09.044Z] [INFO] [Stock Ledger] Item Location Breakdown response
{
  "item_code": "SKU-HAT-301-BLU-OS",
  "warehouse": "WH-MAIN",
  "normalized_warehouse": "WH-MAIN",
  "format": "grouped",
  "grouped_count": 2,
  "flat_count": 2,
  "sample_bin": "A1-R01-L3-B1"
}
[2026-01-21T12:23:10.880Z] [INFO] 📥 GET /api/health
{
  "IP": "192.168.103.205",
  "UserAgent": "okhttp/4.12.0"
}
[2026-01-21T12:23:21.471Z] [INFO] 📥 GET /api/health
{
  "IP": "192.168.103.205",
  "UserAgent": "okhttp/4.12.0"
}
[2026-01-21T12:23:31.174Z] [INFO] 📥 GET /api/health
{
  "IP": "192.168.103.205",
  "UserAgent": "okhttp/4.12.0"
}
[2026-01-21T12:23:40.905Z] [INFO] 📥 GET /api/health
{
  "IP": "192.168.103.205",
  "UserAgent": "okhttp/4.12.0"
}
[2026-01-21T12:23:51.485Z] [INFO] 📥 GET /api/health
{
  "IP": "192.168.103.205",
  "UserAgent": "okhttp/4.12.0"
}
[2026-01-21T12:23:51.597Z] [INFO] 📥 GET /api/stock/item/SKU-HAT-301-GRN-OS/warehouse/WH-MAIN
{
  "IP": "192.168.103.205",
  "UserAgent": "okhttp/4.12.0"
}
[2026-01-21T12:23:51.599Z] [DEBUG] Requesting database connection from pool
[2026-01-21T12:23:51.600Z] [DEBUG] Database connection obtained from pool
[2026-01-21T12:23:51.601Z] [INFO] [Stock Ledger] Item Location Breakdown API called
{
  "original_warehouse": "WH-MAIN",
  "normalized_warehouse": "WH-MAIN",
  "whUpper": "WH-MAIN",
  "item_code": "SKU-HAT-301-GRN-OS"
}
[2026-01-21T12:23:51.615Z] [INFO] [Stock Ledger] Item Location Breakdown response
{
  "item_code": "SKU-HAT-301-GRN-OS",
  "warehouse": "WH-MAIN",
  "normalized_warehouse": "WH-MAIN",
  "format": "grouped",
  "grouped_count": 2,
  "flat_count": 2,
  "sample_bin": "A1-R01-L3-B1"
}
[2026-01-21T12:24:01.213Z] [INFO] 📥 GET /api/health
{
  "IP": "192.168.103.205",
  "UserAgent": "okhttp/4.12.0"
}
[2026-01-21T12:24:03.794Z] [INFO] 📥 GET /api/stock/item/SKU-JACKET-201-BLK-L/warehouse/WH-MAIN
{
  "IP": "192.168.103.205",
  "UserAgent": "okhttp/4.12.0"
}
[2026-01-21T12:24:03.800Z] [DEBUG] Requesting database connection from pool
[2026-01-21T12:24:03.802Z] [DEBUG] Database connection obtained from pool
[2026-01-21T12:24:03.805Z] [INFO] [Stock Ledger] Item Location Breakdown API called
{
  "original_warehouse": "WH-MAIN",
  "normalized_warehouse": "WH-MAIN",
  "whUpper": "WH-MAIN",
  "item_code": "SKU-JACKET-201-BLK-L"
}
[2026-01-21T12:24:03.827Z] [INFO] [Stock Ledger] Item Location Breakdown response
{
  "item_code": "SKU-JACKET-201-BLK-L",
  "warehouse": "WH-MAIN",
  "normalized_warehouse": "WH-MAIN",
  "format": "grouped",
  "grouped_count": 1,
  "flat_count": 1,
  "sample_bin": "A1-R02-L2-B2"
}
[2026-01-21T12:24:10.898Z] [INFO] 📥 GET /api/health
{
  "IP": "192.168.103.205",
  "UserAgent": "okhttp/4.12.0"
}
[2026-01-21T12:24:18.496Z] [INFO] 📥 POST /api/material-requests/MR-0001/update-status
{
  "IP": "192.168.103.205",
  "UserAgent": "okhttp/4.12.0"
}
[2026-01-21T12:24:18.499Z] [DEBUG] Request body
{
  "status": "In Progress"
}
[2026-01-21T12:24:18.501Z] [DEBUG] Requesting database connection from pool
[2026-01-21T12:24:18.505Z] [DEBUG] Database connection obtained from pool
[2026-01-21T12:24:18.657Z] [INFO] 📥 GET /api/material-requests/MR-0001
{
  "IP": "192.168.103.205",
  "UserAgent": "okhttp/4.12.0"
}
[2026-01-21T12:24:18.660Z] [DEBUG] Requesting database connection from pool
[2026-01-21T12:24:18.660Z] [DEBUG] Database connection obtained from pool
[2026-01-21T12:24:18.814Z] [INFO] 📥 GET /api/transfer-cartons?material_request=MR-0001
{
  "IP": "192.168.103.205",
  "UserAgent": "okhttp/4.12.0"
}
[2026-01-21T12:24:18.817Z] [DEBUG] Requesting database connection from pool
[2026-01-21T12:24:18.819Z] [DEBUG] Database connection obtained from pool
[2026-01-21T12:24:19.122Z] [INFO] 📥 GET /api/health
{
  "IP": "192.168.103.205",
  "UserAgent": "okhttp/4.12.0"
}
[2026-01-21T12:24:21.505Z] [INFO] 📥 GET /api/health
{
  "IP": "192.168.103.205",
  "UserAgent": "okhttp/4.12.0"
}
[2026-01-21T12:24:25.060Z] [INFO] 📥 POST /api/wms/picking/start
{
  "IP": "192.168.103.205",
  "UserAgent": "okhttp/4.12.0"
}
[2026-01-21T12:24:25.061Z] [DEBUG] Request body
{
  "material_request_title": "MR-0001",
  "user_id": "USER-402498"
}
[2026-01-21T12:24:25.216Z] [INFO] 📥 POST /api/wms/picking/scan-bin
{
  "IP": "192.168.103.205",
  "UserAgent": "okhttp/4.12.0"
}
[2026-01-21T12:24:25.217Z] [DEBUG] Request body
{
  "session_id": "PK-MR-0001-1768998266802",
  "bin_code": "A1-R01-L3-B1"
}
[2026-01-21T12:24:25.475Z] [INFO] 📥 GET /api/health
{
  "IP": "192.168.103.205",
  "UserAgent": "okhttp/4.12.0"
}
[2026-01-21T12:24:31.196Z] [INFO] 📥 GET /api/health
{
  "IP": "192.168.103.205",
  "UserAgent": "okhttp/4.12.0"
}
[2026-01-21T12:24:40.908Z] [INFO] 📥 GET /api/health
{
  "IP": "192.168.103.205",
  "UserAgent": "okhttp/4.12.0"
}
[2026-01-21T12:24:49.144Z] [INFO] 📥 GET /api/health
{
  "IP": "192.168.103.205",
  "UserAgent": "okhttp/4.12.0"
}
[2026-01-21T12:24:51.508Z] [INFO] 📥 GET /api/health
{
  "IP": "192.168.103.205",
  "UserAgent": "okhttp/4.12.0"
}
[2026-01-21T12:24:53.339Z] [INFO] 📥 GET /api/stock/item/SKU-HAT-301-BLU-OS/warehouse/WH-MAIN?format=grouped
{
  "IP": "127.0.0.1",
  "UserAgent": "unknown"
}
[2026-01-21T12:24:53.341Z] [DEBUG] Requesting database connection from pool
[2026-01-21T12:24:53.345Z] [DEBUG] Database connection obtained from pool
[2026-01-21T12:24:53.347Z] [INFO] [Stock Ledger] Item Location Breakdown API called
{
  "original_warehouse": "WH-MAIN",
  "normalized_warehouse": "WH-MAIN",
  "whUpper": "WH-MAIN",
  "item_code": "SKU-HAT-301-BLU-OS"
}
[2026-01-21T12:24:53.367Z] [INFO] [Stock Ledger] Item Location Breakdown response
{
  "item_code": "SKU-HAT-301-BLU-OS",
  "warehouse": "WH-MAIN",
  "normalized_warehouse": "WH-MAIN",
  "format": "grouped",
  "grouped_count": 2,
  "flat_count": 2,
  "sample_bin": "A1-R01-L3-B1"
}
[2026-01-21T12:24:55.488Z] [INFO] 📥 GET /api/health
{
  "IP": "192.168.103.205",
  "UserAgent": "okhttp/4.12.0"
}
[2026-01-21T12:25:01.196Z] [INFO] 📥 GET /api/health
{
  "IP": "192.168.103.205",
  "UserAgent": "okhttp/4.12.0"
}
[2026-01-21T12:25:10.942Z] [INFO] 📥 GET /api/health
{
  "IP": "192.168.103.205",
  "UserAgent": "okhttp/4.12.0"
}
[2026-01-21T12:25:19.177Z] [INFO] 📥 GET /api/health
{
  "IP": "192.168.103.205",
  "UserAgent": "okhttp/4.12.0"
}
[2026-01-21T12:25:21.502Z] [INFO] 📥 GET /api/health
{
  "IP": "192.168.103.205",
  "UserAgent": "okhttp/4.12.0"
}
[2026-01-21T12:25:25.491Z] [INFO] 📥 GET /api/health
{
  "IP": "192.168.103.205",
  "UserAgent": "okhttp/4.12.0"
}
[2026-01-21T12:25:26.774Z] [INFO] 📥 POST /api/wms/picking/scan-carton
{
  "IP": "192.168.103.205",
  "UserAgent": "okhttp/4.12.0"
}
[2026-01-21T12:25:26.776Z] [DEBUG] Request body
{
  "session_id": "PK-MR-0001-1768998266802",
  "carton_id": "PAW-ASN365425479-1768995821165"
}
[2026-01-21T12:25:27.114Z] [INFO] 📥 GET /api/health
{
  "IP": "192.168.103.205",
  "UserAgent": "okhttp/4.12.0"
}
[2026-01-21T12:25:27.176Z] [INFO] 📥 GET /api/material-requests/MR-0001
{
  "IP": "192.168.103.205",
  "UserAgent": "okhttp/4.12.0"
}
[2026-01-21T12:25:27.177Z] [DEBUG] Requesting database connection from pool
[2026-01-21T12:25:27.178Z] [DEBUG] Database connection obtained from pool
[2026-01-21T12:25:31.217Z] [INFO] 📥 GET /api/health
{
  "IP": "192.168.103.205",
  "UserAgent": "okhttp/4.12.0"
}
[2026-01-21T12:25:39.639Z] [INFO] 📥 GET /api/health
{
  "IP": "192.168.103.205",
  "UserAgent": "okhttp/4.12.0"
}
[2026-01-21T12:25:39.851Z] [INFO] 📥 POST /api/material-requests/MR-0001/pick-items
{
  "IP": "192.168.103.205",
  "UserAgent": "okhttp/4.12.0"
}
[2026-01-21T12:25:39.853Z] [DEBUG] Request body
{
  "items": [
    {
      "item_code": "SKU-HAT-301-BLU-OS",
      "picked_qty": 5,
      "source_bin": "A1-R01-L3-B1",
      "carton_id": "PAW-ASN365425479-1768995821165"
    }
  ],
  "warehouse": "WH-MAIN",
  "user_id": "USER-402498",
  "created_by": "USER-402498"
}
[2026-01-21T12:25:39.859Z] [DEBUG] Requesting database connection from pool
[2026-01-21T12:25:39.861Z] [DEBUG] Database connection obtained from pool
[2026-01-21T12:25:40.117Z] [INFO] 📥 GET /api/material-requests/MR-0001
{
  "IP": "192.168.103.205",
  "UserAgent": "okhttp/4.12.0"
}
[2026-01-21T12:25:40.120Z] [DEBUG] Requesting database connection from pool
[2026-01-21T12:25:40.121Z] [DEBUG] Database connection obtained from pool
[2026-01-21T12:25:40.918Z] [INFO] 📥 GET /api/health
{
  "IP": "192.168.103.205",
  "UserAgent": "okhttp/4.12.0"
}
[2026-01-21T12:25:45.695Z] [INFO] 📥 GET /api/health
{
  "IP": "192.168.103.205",
  "UserAgent": "okhttp/4.12.0"
}
[2026-01-21T12:25:45.902Z] [INFO] 📥 POST /api/material-requests/MR-0001/pick-items
{
  "IP": "192.168.103.205",
  "UserAgent": "okhttp/4.12.0"
}
[2026-01-21T12:25:45.904Z] [DEBUG] Request body
{
  "items": [
    {
      "item_code": "SKU-HAT-301-GRN-OS",
      "picked_qty": 5,
      "source_bin": "A1-R01-L3-B1",
      "carton_id": "PAW-ASN365425479-1768995821165"
    }
  ],
  "warehouse": "WH-MAIN",
  "user_id": "USER-402498",
  "created_by": "USER-402498"
}
[2026-01-21T12:25:45.905Z] [DEBUG] Requesting database connection from pool
[2026-01-21T12:25:45.906Z] [DEBUG] Database connection obtained from pool
[2026-01-21T12:25:46.100Z] [INFO] 📥 GET /api/material-requests/MR-0001
{
  "IP": "192.168.103.205",
  "UserAgent": "okhttp/4.12.0"
}
[2026-01-21T12:25:46.102Z] [DEBUG] Requesting database connection from pool
[2026-01-21T12:25:46.103Z] [DEBUG] Database connection obtained from pool
[2026-01-21T12:25:49.171Z] [INFO] 📥 GET /api/health
{
  "IP": "192.168.103.205",
  "UserAgent": "okhttp/4.12.0"
}
[2026-01-21T12:25:51.513Z] [INFO] 📥 GET /api/health
{
  "IP": "192.168.103.205",
  "UserAgent": "okhttp/4.12.0"
}
[2026-01-21T12:25:55.514Z] [INFO] 📥 GET /api/health
{
  "IP": "192.168.103.205",
  "UserAgent": "okhttp/4.12.0"
}
[2026-01-21T12:26:01.226Z] [INFO] 📥 GET /api/health
{
  "IP": "192.168.103.205",
  "UserAgent": "okhttp/4.12.0"
}
[2026-01-21T12:26:10.937Z] [INFO] 📥 GET /api/health
{
  "IP": "192.168.103.205",
  "UserAgent": "okhttp/4.12.0"
}
[2026-01-21T12:26:17.304Z] [INFO] 📥 POST /api/wms/picking/start
{
  "IP": "192.168.103.205",
  "UserAgent": "okhttp/4.12.0"
}
[2026-01-21T12:26:17.307Z] [DEBUG] Request body
{
  "material_request_title": "MR-0001",
  "user_id": "USER-402498"
}
[2026-01-21T12:26:17.451Z] [INFO] 📥 POST /api/wms/picking/scan-bin
{
  "IP": "192.168.103.205",
  "UserAgent": "okhttp/4.12.0"
}
[2026-01-21T12:26:17.453Z] [DEBUG] Request body
{
  "session_id": "PK-MR-0001-1768998379042",
  "bin_code": "A1-R02-L2-B2"
}
[2026-01-21T12:26:17.707Z] [INFO] 📥 GET /api/health
{
  "IP": "192.168.103.205",
  "UserAgent": "okhttp/4.12.0"
}
[2026-01-21T12:26:19.178Z] [INFO] 📥 GET /api/health
{
  "IP": "192.168.103.205",
  "UserAgent": "okhttp/4.12.0"
}
[2026-01-21T12:26:21.525Z] [INFO] 📥 GET /api/health
{
  "IP": "192.168.103.205",
  "UserAgent": "okhttp/4.12.0"
}
[2026-01-21T12:26:31.235Z] [INFO] 📥 GET /api/health
{
  "IP": "192.168.103.205",
  "UserAgent": "okhttp/4.12.0"
}
[2026-01-21T12:26:40.966Z] [INFO] 📥 GET /api/health
{
  "IP": "192.168.103.205",
  "UserAgent": "okhttp/4.12.0"
}
[2026-01-21T12:26:47.721Z] [INFO] 📥 GET /api/health
{
  "IP": "192.168.103.205",
  "UserAgent": "okhttp/4.12.0"
}
[2026-01-21T12:26:49.185Z] [INFO] 📥 GET /api/health
{
  "IP": "192.168.103.205",
  "UserAgent": "okhttp/4.12.0"
}
[2026-01-21T12:26:50.136Z] [INFO] 📥 GET /api/stock/item/SKU-JACKET-201-BLK-L/warehouse/WH-MAIN?format=grouped
{
  "IP": "127.0.0.1",
  "UserAgent": "unknown"
}
[2026-01-21T12:26:50.139Z] [DEBUG] Requesting database connection from pool
[2026-01-21T12:26:50.141Z] [DEBUG] Database connection obtained from pool
[2026-01-21T12:26:50.144Z] [INFO] [Stock Ledger] Item Location Breakdown API called
{
  "original_warehouse": "WH-MAIN",
  "normalized_warehouse": "WH-MAIN",
  "whUpper": "WH-MAIN",
  "item_code": "SKU-JACKET-201-BLK-L"
}
[2026-01-21T12:26:50.159Z] [INFO] [Stock Ledger] Item Location Breakdown response
{
  "item_code": "SKU-JACKET-201-BLK-L",
  "warehouse": "WH-MAIN",
  "normalized_warehouse": "WH-MAIN",
  "format": "grouped",
  "grouped_count": 1,
  "flat_count": 1,
  "sample_bin": "A1-R02-L2-B2"
}
[2026-01-21T12:26:51.539Z] [INFO] 📥 GET /api/health
{
  "IP": "192.168.103.205",
  "UserAgent": "okhttp/4.12.0"
}
[2026-01-21T12:27:01.242Z] [INFO] 📥 GET /api/health
{
  "IP": "192.168.103.205",
  "UserAgent": "okhttp/4.12.0"
}
[2026-01-21T12:27:10.955Z] [INFO] 📥 GET /api/health
{
  "IP": "192.168.103.205",
  "UserAgent": "okhttp/4.12.0"
}
[2026-01-21T12:27:17.733Z] [INFO] 📥 GET /api/health
{
  "IP": "192.168.103.205",
  "UserAgent": "okhttp/4.12.0"
}
[2026-01-21T12:27:19.197Z] [INFO] 📥 GET /api/health
{
  "IP": "192.168.103.205",
  "UserAgent": "okhttp/4.12.0"
}
[2026-01-21T12:27:19.473Z] [INFO] 📥 POST /api/wms/picking/scan-carton
{
  "IP": "192.168.103.205",
  "UserAgent": "okhttp/4.12.0"
}
[2026-01-21T12:27:19.475Z] [DEBUG] Request body
{
  "session_id": "PK-MR-0001-1768998379042",
  "carton_id": "CTN-555444"
}
[2026-01-21T12:27:19.732Z] [INFO] 📥 GET /api/health
{
  "IP": "192.168.103.205",
  "UserAgent": "okhttp/4.12.0"
}
[2026-01-21T12:27:19.779Z] [INFO] 📥 GET /api/material-requests/MR-0001
{
  "IP": "192.168.103.205",
  "UserAgent": "okhttp/4.12.0"
}
[2026-01-21T12:27:19.780Z] [DEBUG] Requesting database connection from pool
[2026-01-21T12:27:19.781Z] [DEBUG] Database connection obtained from pool
[2026-01-21T12:27:21.553Z] [INFO] 📥 GET /api/health
{
  "IP": "192.168.103.205",
  "UserAgent": "okhttp/4.12.0"
}
[2026-01-21T12:27:24.101Z] [INFO] 📥 GET /api/health
{
  "IP": "192.168.103.205",
  "UserAgent": "okhttp/4.12.0"
}
[2026-01-21T12:27:24.313Z] [INFO] 📥 POST /api/material-requests/MR-0001/pick-items
{
  "IP": "192.168.103.205",
  "UserAgent": "okhttp/4.12.0"
}
[2026-01-21T12:27:24.315Z] [DEBUG] Request body
{
  "items": [
    {
      "item_code": "SKU-JACKET-201-BLK-L",
      "picked_qty": 5,
      "source_bin": "A1-R02-L2-B2",
      "carton_id": "CTN-555444"
    }
  ],
  "warehouse": "WH-MAIN",
  "user_id": "USER-402498",
  "created_by": "USER-402498"
}
[2026-01-21T12:27:24.316Z] [DEBUG] Requesting database connection from pool
[2026-01-21T12:27:24.318Z] [DEBUG] Database connection obtained from pool
[2026-01-21T12:27:24.519Z] [INFO] 📥 GET /api/material-requests/MR-0001
{
  "IP": "192.168.103.205",
  "UserAgent": "okhttp/4.12.0"
}
[2026-01-21T12:27:24.521Z] [DEBUG] Requesting database connection from pool
[2026-01-21T12:27:24.523Z] [DEBUG] Database connection obtained from pool
[2026-01-21T12:27:29.942Z] [INFO] 📥 POST /api/wms/picking/complete
{
  "IP": "192.168.103.205",
  "UserAgent": "okhttp/4.12.0"
}
[2026-01-21T12:27:29.944Z] [DEBUG] Request body
{
  "session_id": "PK-MR-0001-1768998379042"
}
[2026-01-21T12:27:30.098Z] [INFO] 📥 POST /api/material-requests/MR-0001/update-status
{
  "IP": "192.168.103.205",
  "UserAgent": "okhttp/4.12.0"
}
[2026-01-21T12:27:30.101Z] [DEBUG] Request body
{
  "status": "Picked"
}
[2026-01-21T12:27:30.103Z] [DEBUG] Requesting database connection from pool
[2026-01-21T12:27:30.105Z] [DEBUG] Database connection obtained from pool
[2026-01-21T12:27:38.754Z] [INFO] 📥 GET /api/health
{
  "IP": "192.168.103.205",
  "UserAgent": "okhttp/4.12.0"
}
[2026-01-21T12:27:38.816Z] [INFO] 📥 GET /api/material-requests
{
  "IP": "192.168.103.205",
  "UserAgent": "okhttp/4.12.0"
}
[2026-01-21T12:27:38.817Z] [DEBUG] Requesting database connection from pool
[2026-01-21T12:27:38.818Z] [DEBUG] Database connection obtained from pool
[2026-01-21T12:27:38.828Z] [INFO] 📥 GET /api/material-requests
{
  "IP": "192.168.103.205",
  "UserAgent": "okhttp/4.12.0"
}
[2026-01-21T12:27:38.834Z] [DEBUG] Requesting database connection from pool
[2026-01-21T12:27:38.835Z] [DEBUG] Database connection obtained from pool
[2026-01-21T12:27:51.575Z] [INFO] 📥 GET /api/health
{
  "IP": "192.168.103.205",
  "UserAgent": "okhttp/4.12.0"
}
[2026-01-21T12:28:21.597Z] [INFO] 📥 GET /api/health
{
  "IP": "192.168.103.205",
  "UserAgent": "okhttp/4.12.0"
}
[2026-01-21T12:28:51.583Z] [INFO] 📥 GET /api/health
{
  "IP": "192.168.103.205",
  "UserAgent": "okhttp/4.12.0"
}
[2026-01-21T12:29:21.600Z] [INFO] 📥 GET /api/health
{
  "IP": "192.168.103.205",
  "UserAgent": "okhttp/4.12.0"
}
[2026-01-21T12:29:51.615Z] [INFO] 📥 GET /api/health
{
  "IP": "192.168.103.205",
  "UserAgent": "okhttp/4.12.0"
}
[2026-01-21T12:30:21.620Z] [INFO] 📥 GET /api/health
{
  "IP": "192.168.103.205",
  "UserAgent": "okhttp/4.12.0"
}
[2026-01-21T12:30:51.638Z] [INFO] 📥 GET /api/health
{
  "IP": "192.168.103.205",
  "UserAgent": "okhttp/4.12.0"
}
[2026-01-21T12:31:21.643Z] [INFO] 📥 GET /api/health
{
  "IP": "192.168.103.205",
  "UserAgent": "okhttp/4.12.0"
}
[2026-01-21T12:31:51.649Z] [INFO] 📥 GET /api/health
{
  "IP": "192.168.103.205",
  "UserAgent": "okhttp/4.12.0"
}
[2026-01-21T12:32:21.661Z] [INFO] 📥 GET /api/health
{
  "IP": "192.168.103.205",
  "UserAgent": "okhttp/4.12.0"
}
[2026-01-21T12:32:51.677Z] [INFO] 📥 GET /api/health
{
  "IP": "192.168.103.205",
  "UserAgent": "okhttp/4.12.0"
}
[2026-01-21T12:33:21.684Z] [INFO] 📥 GET /api/health
{
  "IP": "192.168.103.205",
  "UserAgent": "okhttp/4.12.0"
}
[2026-01-21T12:33:51.676Z] [INFO] 📥 GET /api/health
{
  "IP": "192.168.103.205",
  "UserAgent": "okhttp/4.12.0"
}
[2026-01-21T12:34:21.694Z] [INFO] 📥 GET /api/health
{
  "IP": "192.168.103.205",
  "UserAgent": "okhttp/4.12.0"
}
[2026-01-21T12:34:51.711Z] [INFO] 📥 GET /api/health
{
  "IP": "192.168.103.205",
  "UserAgent": "okhttp/4.12.0"
}
[2026-01-21T12:35:21.724Z] [INFO] 📥 GET /api/health
{
  "IP": "192.168.103.205",
  "UserAgent": "okhttp/4.12.0"
}
[2026-01-21T12:35:51.716Z] [INFO] 📥 GET /api/health
{
  "IP": "192.168.103.205",
  "UserAgent": "okhttp/4.12.0"
}
[2026-01-21T12:36:21.746Z] [INFO] 📥 GET /api/health
{
  "IP": "192.168.103.205",
  "UserAgent": "okhttp/4.12.0"
}
[2026-01-21T12:36:51.762Z] [INFO] 📥 GET /api/health
{
  "IP": "192.168.103.205",
  "UserAgent": "okhttp/4.12.0"
}
[2026-01-21T12:37:21.767Z] [INFO] 📥 GET /api/health
{
  "IP": "192.168.103.205",
  "UserAgent": "okhttp/4.12.0"
}
[2026-01-21T12:37:51.760Z] [INFO] 📥 GET /api/health
{
  "IP": "192.168.103.205",
  "UserAgent": "okhttp/4.12.0"
}
[2026-01-21T12:38:21.778Z] [INFO] 📥 GET /api/health
{
  "IP": "192.168.103.205",
  "UserAgent": "okhttp/4.12.0"
}
[2026-01-21T12:38:51.778Z] [INFO] 📥 GET /api/health
{
  "IP": "192.168.103.205",
  "UserAgent": "okhttp/4.12.0"
}
[2026-01-21T12:39:21.791Z] [INFO] 📥 GET /api/health
{
  "IP": "192.168.103.205",
  "UserAgent": "okhttp/4.12.0"
}
[2026-01-21T12:39:51.827Z] [INFO] 📥 GET /api/health
{
  "IP": "192.168.103.205",
  "UserAgent": "okhttp/4.12.0"
}
[2026-01-21T12:40:21.807Z] [INFO] 📥 GET /api/health
{
  "IP": "192.168.103.205",
  "UserAgent": "okhttp/4.12.0"
}
[2026-01-21T12:40:51.818Z] [INFO] 📥 GET /api/health
{
  "IP": "192.168.103.205",
  "UserAgent": "okhttp/4.12.0"
}
[2026-01-21T12:41:21.848Z] [INFO] 📥 GET /api/health
{
  "IP": "192.168.103.205",
  "UserAgent": "okhttp/4.12.0"
}
[2026-01-21T12:41:51.862Z] [INFO] 📥 GET /api/health
{
  "IP": "192.168.103.205",
  "UserAgent": "okhttp/4.12.0"
}
[2026-01-21T12:42:21.856Z] [INFO] 📥 GET /api/health
{
  "IP": "192.168.103.205",
  "UserAgent": "okhttp/4.12.0"
}
[2026-01-21T12:42:51.858Z] [INFO] 📥 GET /api/health
{
  "IP": "192.168.103.205",
  "UserAgent": "okhttp/4.12.0"
}
[2026-01-21T12:43:21.865Z] [INFO] 📥 GET /api/health
{
  "IP": "192.168.103.205",
  "UserAgent": "okhttp/4.12.0"
}
[2026-01-21T12:43:51.875Z] [INFO] 📥 GET /api/health
{
  "IP": "192.168.103.205",
  "UserAgent": "okhttp/4.12.0"
}
[2026-01-21T12:44:21.884Z] [INFO] 📥 GET /api/health
{
  "IP": "192.168.103.205",
  "UserAgent": "okhttp/4.12.0"
}
[2026-01-21T12:44:51.912Z] [INFO] 📥 GET /api/health
{
  "IP": "192.168.103.205",
  "UserAgent": "okhttp/4.12.0"
}
[2026-01-21T12:45:21.908Z] [INFO] 📥 GET /api/health
{
  "IP": "192.168.103.205",
  "UserAgent": "okhttp/4.12.0"
}
[2026-01-21T12:45:51.934Z] [INFO] 📥 GET /api/health
{
  "IP": "192.168.103.205",
  "UserAgent": "okhttp/4.12.0"
}
[2026-01-21T12:46:21.925Z] [INFO] 📥 GET /api/health
{
  "IP": "192.168.103.205",
  "UserAgent": "okhttp/4.12.0"
}
[2026-01-21T12:46:51.935Z] [INFO] 📥 GET /api/health
{
  "IP": "192.168.103.205",
  "UserAgent": "okhttp/4.12.0"
}
[2026-01-21T12:47:21.949Z] [INFO] 📥 GET /api/health
{
  "IP": "192.168.103.205",
  "UserAgent": "okhttp/4.12.0"
}
[2026-01-21T12:47:51.970Z] [INFO] 📥 GET /api/health
{
  "IP": "192.168.103.205",
  "UserAgent": "okhttp/4.12.0"
}
[2026-01-21T12:48:21.967Z] [INFO] 📥 GET /api/health
{
  "IP": "192.168.103.205",
  "UserAgent": "okhttp/4.12.0"
}
[2026-01-21T12:48:51.992Z] [INFO] 📥 GET /api/health
{
  "IP": "192.168.103.205",
  "UserAgent": "okhttp/4.12.0"
}
[2026-01-21T12:49:21.992Z] [INFO] 📥 GET /api/health
{
  "IP": "192.168.103.205",
  "UserAgent": "okhttp/4.12.0"
}
[2026-01-21T12:49:52.001Z] [INFO] 📥 GET /api/health
{
  "IP": "192.168.103.205",
  "UserAgent": "okhttp/4.12.0"
}
[2026-01-21T12:50:22.006Z] [INFO] 📥 GET /api/health
{
  "IP": "192.168.103.205",
  "UserAgent": "okhttp/4.12.0"
}
[2026-01-21T12:50:52.023Z] [INFO] 📥 GET /api/health
{
  "IP": "192.168.103.205",
  "UserAgent": "okhttp/4.12.0"
}
[2026-01-21T12:51:22.025Z] [INFO] 📥 GET /api/health
{
  "IP": "192.168.103.205",
  "UserAgent": "okhttp/4.12.0"
}
[2026-01-21T12:51:52.034Z] [INFO] 📥 GET /api/health
{
  "IP": "192.168.103.205",
  "UserAgent": "okhttp/4.12.0"
}
[2026-01-21T12:52:22.060Z] [INFO] 📥 GET /api/health
{
  "IP": "192.168.103.205",
  "UserAgent": "okhttp/4.12.0"
}
[2026-01-21T12:52:52.055Z] [INFO] 📥 GET /api/health
{
  "IP": "192.168.103.205",
  "UserAgent": "okhttp/4.12.0"
}
[2026-01-21T12:53:22.077Z] [INFO] 📥 GET /api/health
{
  "IP": "192.168.103.205",
  "UserAgent": "okhttp/4.12.0"
}
[2026-01-21T12:53:52.085Z] [INFO] 📥 GET /api/health
{
  "IP": "192.168.103.205",
  "UserAgent": "okhttp/4.12.0"
}
[2026-01-21T12:54:22.082Z] [INFO] 📥 GET /api/health
{
  "IP": "192.168.103.205",
  "UserAgent": "okhttp/4.12.0"
}
[2026-01-21T12:54:52.097Z] [INFO] 📥 GET /api/health
{
  "IP": "192.168.103.205",
  "UserAgent": "okhttp/4.12.0"
}
[2026-01-21T12:55:22.112Z] [INFO] 📥 GET /api/health
{
  "IP": "192.168.103.205",
  "UserAgent": "okhttp/4.12.0"
}
[2026-01-21T12:55:52.113Z] [INFO] 📥 GET /api/health
{
  "IP": "192.168.103.205",
  "UserAgent": "okhttp/4.12.0"
}
[2026-01-21T12:56:22.124Z] [INFO] 📥 GET /api/health
{
  "IP": "192.168.103.205",
  "UserAgent": "okhttp/4.12.0"
}
[2026-01-21T12:56:52.138Z] [INFO] 📥 GET /api/health
{
  "IP": "192.168.103.205",
  "UserAgent": "okhttp/4.12.0"
}
[2026-01-21T12:57:22.145Z] [INFO] 📥 GET /api/health
{
  "IP": "192.168.103.205",
  "UserAgent": "okhttp/4.12.0"
}
[2026-01-21T12:57:52.156Z] [INFO] 📥 GET /api/health
{
  "IP": "192.168.103.205",
  "UserAgent": "okhttp/4.12.0"
}
[2026-01-21T12:58:22.164Z] [INFO] 📥 GET /api/health
{
  "IP": "192.168.103.205",
  "UserAgent": "okhttp/4.12.0"
}
[2026-01-21T12:58:52.207Z] [INFO] 📥 GET /api/health
{
  "IP": "192.168.103.205",
  "UserAgent": "okhttp/4.12.0"
}
[2026-01-21T12:59:22.182Z] [INFO] 📥 GET /api/health
{
  "IP": "192.168.103.205",
  "UserAgent": "okhttp/4.12.0"
}
[2026-01-21T12:59:52.207Z] [INFO] 📥 GET /api/health
{
  "IP": "192.168.103.205",
  "UserAgent": "okhttp/4.12.0"
}
[2026-01-21T13:00:22.198Z] [INFO] 📥 GET /api/health
{
  "IP": "192.168.103.205",
  "UserAgent": "okhttp/4.12.0"
}
[2026-01-21T13:00:52.199Z] [INFO] 📥 GET /api/health
{
  "IP": "192.168.103.205",
  "UserAgent": "okhttp/4.12.0"
}
[2026-01-21T13:01:22.227Z] [INFO] 📥 GET /api/health
{
  "IP": "192.168.103.205",
  "UserAgent": "okhttp/4.12.0"
}
[2026-01-21T13:01:52.221Z] [INFO] 📥 GET /api/health
{
  "IP": "192.168.103.205",
  "UserAgent": "okhttp/4.12.0"
}
